timestamp,open,high,low,close,volume,quote_volume,count
2026-07-08T22:00:00+00:00,10114142.0,10138946.0,10110692.0,10132458.0,6.18312,62619704.61349,18136
2026-07-08T23:00:00+00:00,10132459.0,10132459.0,10111939.0,10125041.0,2.642299045093077,26757888.344767164,7944
2026-07-09T00:00:00+00:00,10124911.0,10125306.0,10083116.0,10096466.0,3.098879359829506,31298807.04381,9293
2026-07-09T01:00:00+00:00,10096466.0,10175000.0,10058381.0,10060401.0,4.171002548807507,42206449.8393054,11824
2026-07-09T02:00:00+00:00,10060618.0,10091822.0,9970814.0,10042845.0,4.138136164002229,41574752.19391,7985
2026-07-09T03:00:00+00:00,10042845.0,10078754.0,10035713.0,10075338.0,3.955742853675637,39802879.90395,8955
2026-07-09T04:00:00+00:00,10075346.0,10150000.0,10073539.0,10146858.0,11.483146442169904,115973723.4105,10523
2026-07-09T05:00:00+00:00,10146320.0,10178958.0,10105923.0,10175774.0,21.34842,216620941.54416,8239
2026-07-09T06:00:00+00:00,10178897.0,10224498.0,10160867.0,10224497.0,12.358435915604854,126005569.59827,17984
2026-07-09T07:00:00+00:00,10225000.0,10260000.0,10200600.0,10237413.0,6.31828,64607534.56291,7433
2026-07-09T08:00:00+00:00,10225549.0,10240301.0,10210425.0,10215699.0,3.30038,33748014.67134,9999
2026-07-09T09:00:00+00:00,10215699.0,10233013.0,10192364.0,10217454.0,4.342209190473737,44345797.4027,12145
2026-07-09T10:00:00+00:00,10217454.0,10231301.0,10184742.0,10199434.0,5.86181,59876346.17129,17266
2026-07-09T11:00:00+00:00,10202918.0,10219886.0,10170849.0,10202500.0,5.553383885275237,56600241.56356,15150
2026-07-09T12:00:00+00:00,10202500.0,10222490.0,10117357.0,10177011.0,6.86576,69949484.43639,19124
2026-07-09T13:00:00+00:00,10177011.0,10265321.0,10153235.0,10233846.0,6.27536,64017749.99148,18527
2026-07-09T14:00:00+00:00,10234808.0,10252404.0,10174829.0,10229942.0,5.8715,59963753.77678,17333
2026-07-09T15:00:00+00:00,10228698.0,10273220.0,10196457.0,10200222.0,4.54212,46484846.47209,13422
2026-07-09T16:00:00+00:00,10201886.0,10217581.0,10155525.0,10179668.0,5.41283,55142332.21179,15928
2026-07-09T17:00:00+00:00,10179668.0,10248472.0,10173756.0,10244794.0,4.99991,50993918.71178,14793
2026-07-09T18:00:00+00:00,10244794.0,10295982.0,10240770.0,10257100.0,3.36642,34569351.47897,9922
2026-07-09T19:00:00+00:00,10257100.0,10287293.0,10249682.0,10266046.0,5.01757,51506060.05455,14743
2026-07-09T20:00:00+00:00,10266046.0,10282392.0,10255414.0,10277148.0,7.814844648376467,80266785.01958,22725
2026-07-09T21:00:00+00:00,10277148.0,10294768.0,10264855.0,10274568.0,8.77843755158537,90223088.59872,25530
2026-07-09T22:00:00+00:00,10274568.0,10296008.0,10263253.0,10264872.0,5.3204626540748645,54692448.20633,15559
2026-07-09T23:00:00+00:00,10264872.0,10281167.0,10238723.0,10265243.0,7.142438680377203,73317366.9638,20807
2026-07-10T00:00:00+00:00,10265243.0,10269631.0,10210371.0,10232697.0,3.2783856363287804,33583734.49084,9884
2026-07-10T01:00:00+00:00,10232697.0,10334039.0,10202936.0,10307150.0,2.3595796918639396,24188108.2319,5236
2026-07-10T02:00:00+00:00,10313220.0,10340000.0,10287327.0,10330272.0,6.135661386909069,63321272.99834,7082
2026-07-10T03:00:00+00:00,10330056.0,10336003.0,10301563.0,10327045.0,4.987013873875488,51439411.52616,13798
2026-07-10T04:00:00+00:00,10327067.0,10382642.0,10324939.0,10368409.0,25.10365,259866906.20117,8891
2026-07-10T05:00:00+00:00,10364725.0,10395893.0,10241182.0,10384999.0,16.225369273494355,168161950.77377,12458
2026-07-10T06:00:00+00:00,10383880.0,10390912.0,10341171.0,10341171.0,13.685164449803843,141851570.10054,8899
2026-07-10T07:00:00+00:00,10341171.0,10383652.0,10331076.0,10364615.0,8.36715,86716054.015,7393
2026-07-10T08:00:00+00:00,10364615.0,10430000.0,10357665.0,10398632.0,8.516284771782773,88644859.54118,4320
2026-07-10T09:00:00+00:00,10398632.0,10443119.0,10384759.0,10427727.0,0.6436424264480801,6704600.23563,1757
2026-07-10T10:00:00+00:00,10426627.0,10443423.0,10411837.0,10431384.0,0.7101716610923449,7408666.75384,1341
2026-07-10T11:00:00+00:00,10431384.0,10445696.0,10423177.0,10438150.0,1.5110854252096693,15763623.30958,4331
2026-07-10T12:00:00+00:00,10438150.0,10450000.0,10417615.0,10418091.0,1.15686,12074216.26148,3034
2026-07-10T13:00:00+00:00,10418003.0,10467844.0,10396623.0,10439172.0,0.43997,4588222.88339,1200
2026-07-10T14:00:00+00:00,10434151.0,10444167.0,10341752.0,10353238.0,1.20074,12476239.90943,3486
2026-07-10T15:00:00+00:00,10352993.0,10378854.0,10328536.0,10338174.0,1.86808,19344380.08896,5746
2026-07-10T16:00:00+00:00,10338019.0,10357535.0,10310369.0,10354337.0,1.1204698375433533,11580425.42064,3582
2026-07-10T17:00:00+00:00,10357917.0,10368958.0,10323203.0,10332175.0,0.63169,6529981.51188,2068
2026-07-10T18:00:00+00:00,10340404.0,10362236.0,10312197.0,10321613.0,0.8002581463570615,8272601.91361,2698
2026-07-10T19:00:00+00:00,10321615.0,10364515.0,10320094.0,10343507.0,2.35324,24331968.14338,7183
2026-07-10T20:00:00+00:00,10344611.0,10345636.0,10300000.0,10331239.0,1.03804,10721666.26382,3294
2026-07-10T21:00:00+00:00,10330879.0,10365553.0,10330231.0,10358540.0,0.5187835093947017,5369090.44521,1800
2026-07-10T22:00:00+00:00,10358540.0,10380592.0,10353035.0,10376324.0,0.7285945074175657,7555137.95618,2490
2026-07-10T23:00:00+00:00,10376325.0,10387782.0,10361098.0,10380102.0,0.5611971155327525,5824286.83467,1905
2026-07-11T00:00:00+00:00,10380102.0,10389621.0,10359403.0,10375793.0,1.7581577198818945,18235306.69481,4946
2026-07-11T01:00:00+00:00,10375792.0,10391000.0,10357152.0,10360914.0,1.26657,13140783.01829,3876
2026-07-11T02:00:00+00:00,10359447.0,10399309.0,10355031.0,10381507.0,0.7808903885989814,8098103.2294,2188
2026-07-11T03:00:00+00:00,10376939.0,10386729.0,10375000.0,10380181.0,2.6649,27664086.53236,7950
2026-07-11T04:00:00+00:00,10377158.0,10405691.0,10370765.0,10382370.0,2.8332519881817744,29411497.995757498,8092
2026-07-11T05:00:00+00:00,10382370.0,10393102.0,10377302.0,10385682.0,2.91756,30298472.06192,8564
2026-07-11T06:00:00+00:00,10385682.0,10399467.0,10375119.0,10391634.0,3.18512,33090959.55924,9423
2026-07-11T07:00:00+00:00,10391634.0,10400000.0,10382798.0,10384855.0,3.333,34630927.20697,9846
2026-07-11T08:00:00+00:00,10384855.0,10395000.0,10383704.0,10395000.0,2.03756,21170714.23208,5766
2026-07-11T09:00:00+00:00,10395000.0,10398117.0,10390000.0,10390000.0,0.75192,7815743.50495,2334
2026-07-11T10:00:00+00:00,10390000.0,10390395.0,10379519.0,10385092.0,2.2067028583319694,22915937.05739,6449
2026-07-11T11:00:00+00:00,10385092.0,10394432.0,10383778.0,10390396.0,2.9537,30680670.28711,8670
2026-07-11T12:00:00+00:00,10390396.0,10394629.0,10381881.0,10387167.0,1.75791,18261800.0047,5203
2026-07-11T13:00:00+00:00,10389066.0,10399419.0,10386794.0,10398174.0,1.60393,16668805.09849,4747
2026-07-11T14:00:00+00:00,10397850.0,10433200.0,10397261.0,10421001.0,2.16186,22498405.26707,6308
2026-07-11T15:00:00+00:00,10421001.0,10428300.0,10358611.0,10388151.0,0.98527455687007,10251024.02335,2594
2026-07-11T16:00:00+00:00,10388151.0,10390975.0,10371866.0,10376933.0,1.86812,19400094.9493,5736
2026-07-11T17:00:00+00:00,10381286.0,10413633.0,10380474.0,10407808.0,0.80257,8344733.15899,2188
2026-07-11T18:00:00+00:00,10405751.0,10415255.0,10403312.0,10408713.0,3.02652,31505731.90964,9089
2026-07-11T19:00:00+00:00,10408713.0,10410661.0,10395275.0,10399714.0,3.13445,32611577.21376,9126
2026-07-11T20:00:00+00:00,10399714.0,10422680.0,10398506.0,10418486.0,3.16065,32893063.30872,9239
2026-07-11T21:00:00+00:00,10417302.0,10425222.0,10408857.0,10412466.0,3.01307,31386669.97065,8876
2026-07-11T22:00:00+00:00,10413620.0,10419657.0,10377837.0,10389208.0,3.71283,38614090.28694,10868
2026-07-11T23:00:00+00:00,10389208.0,10399358.0,10329039.0,10336984.0,2.4837900868020766,25749441.268769998,7450
2026-07-12T00:00:00+00:00,10335834.0,10342216.0,10307789.0,10333964.0,1.2869730153850076,13294076.61219,3703
2026-07-12T01:00:00+00:00,10333957.0,10386053.0,10333950.0,10376946.0,3.3418251994849624,34638751.0304,9930
2026-07-12T02:00:00+00:00,10376946.0,10381766.0,10359927.0,10363049.0,1.9751377092793685,20485388.81159,5848
2026-07-12T03:00:00+00:00,10363667.0,10396006.0,10356902.0,10387794.0,3.59876,37339924.51338,10621
2026-07-12T04:00:00+00:00,10387794.0,10392045.0,10342917.0,10353338.0,3.281533992159723,34005137.49942,9607
2026-07-12T05:00:00+00:00,10353313.0,10355843.0,10339145.0,10352514.0,2.4792805795575625,25654118.11348,7225
2026-07-12T06:00:00+00:00,10349651.0,10349651.0,10310000.0,10323049.0,0.7179,7407386.67496,2235
2026-07-12T07:00:00+00:00,10320381.0,10340060.0,10319838.0,10333521.0,4.21532,43550211.78118,12242
2026-07-12T08:00:00+00:00,10342407.0,10368382.0,10340938.0,10349976.0,2.2728793183444873,23532045.15931,6804
2026-07-12T09:00:00+00:00,10349976.0,10360217.0,10324835.0,10352897.0,3.38961,35066245.33771,10023
2026-07-12T10:00:00+00:00,10351512.0,10351512.0,10329311.0,10330625.0,3.59778,37196203.85724,10648
2026-07-12T11:00:00+00:00,10331671.0,10363128.0,10324592.0,10358548.0,3.86644,39989363.07917,11480
2026-07-12T12:00:00+00:00,10356735.0,10375683.0,10350100.0,10358654.0,6.2041310710203375,64273439.07458,18091
2026-07-12T13:00:00+00:00,10358654.0,10369671.0,10355325.0,10357816.0,6.33617,65640740.64297,18350
2026-07-12T14:00:00+00:00,10357679.0,10394503.0,10351244.0,10387664.0,6.3713,66058504.27571,18525
2026-07-12T15:00:00+00:00,10387664.0,10398958.0,10373068.0,10380226.0,6.26292,65023237.22762,18277
2026-07-12T16:00:00+00:00,10380226.0,10385413.0,10354329.0,10378927.0,6.26445824574142,64981415.13324,18170
2026-07-12T17:00:00+00:00,10378927.0,10382952.0,10355455.0,10365655.0,7.87316,81688218.78139,22935
2026-07-12T18:00:00+00:00,10365655.0,10379582.0,10356172.0,10374780.0,7.33678,76072754.71364,21250
2026-07-12T19:00:00+00:00,10374780.0,10388412.0,10374015.0,10386730.0,7.83297,81322885.86883,22878
2026-07-12T20:00:00+00:00,10386730.0,10390863.0,10378698.0,10387466.0,5.008926213594215,52017742.66714,14598
2026-07-12T21:00:00+00:00,10384812.0,10396192.0,10339330.0,10345963.0,6.26427,64982048.03901,18031
2026-07-12T22:00:00+00:00,10340945.0,10362265.0,10313949.0,10357065.0,3.6572026709804435,37803282.82729,10701
2026-07-12T23:00:00+00:00,10357065.0,10369053.0,10321748.0,10328171.0,4.945505032535111,51137401.30753,14095
2026-07-13T00:00:00+00:00,10328171.0,10419443.0,10318926.0,10374282.0,1.1645718072808275,12071335.73762,3498
2026-07-13T01:00:00+00:00,10370750.0,10377988.0,10267655.0,10270888.0,3.8505,39760916.9271,10569
2026-07-13T02:00:00+00:00,10269986.0,10293520.0,10261468.0,10282580.0,3.1816293635715422,32713877.31512,7640
2026-07-13T03:00:00+00:00,10281661.0,10284547.0,10182643.0,10187761.0,9.83928,100657495.10997,5571
2026-07-13T04:00:00+00:00,10187761.0,10246338.0,10160000.0,10160000.0,15.411182340880464,157264131.26188,6537
2026-07-13T05:00:00+00:00,10160000.0,10229213.0,10140000.0,10229213.0,17.366175050237764,177098705.43771,5409
2026-07-13T06:00:00+00:00,10214392.0,10227941.0,10190071.0,10207212.0,8.659351462568031,88460655.25081,2982
2026-07-13T07:00:00+00:00,10204907.0,10230909.0,10185252.0,10216787.0,4.311088865781525,44024072.96536,6394
2026-07-13T08:00:00+00:00,10216787.0,10250000.0,10202589.0,10245358.0,2.8479,29132791.62225,8454
2026-07-13T09:00:00+00:00,10245358.0,10247518.0,10225553.0,10228225.0,6.45233,66027578.59932,18616
2026-07-13T10:00:00+00:00,10227118.0,10228485.0,10193398.0,10196872.0,4.977553868614904,50885986.01705,13814
2026-07-13T11:00:00+00:00,10196872.0,10228485.0,10194013.0,10199171.0,4.323097026389547,44169576.73672,12710
2026-07-13T12:00:00+00:00,10199780.0,10214760.0,10149304.0,10160145.0,4.959939167817058,50473115.40072,14453
2026-07-13T13:00:00+00:00,10158630.0,10183656.0,10088037.0,10112768.0,3.8377183229751024,38915376.69061,11510
2026-07-13T14:00:00+00:00,10112768.0,10195210.0,10100000.0,10195210.0,2.081656556956144,21096367.69574,6136
2026-07-13T15:00:00+00:00,10195211.0,10214000.0,10161810.0,10169755.0,1.32117,13473329.5829,3990
2026-07-13T16:00:00+00:00,10165779.0,10171887.0,10102851.0,10115184.0,1.5371436092351167,15559071.12766,4698
2026-07-13T17:00:00+00:00,10115184.0,10132168.0,10060000.0,10060000.0,3.71854,37552148.76368,11002
2026-07-13T18:00:00+00:00,10060000.0,10087954.0,10045587.0,10072421.0,3.627679295173073,36534187.91239,10721
2026-07-13T19:00:00+00:00,10071651.0,10110304.0,10067963.0,10109683.0,2.1275,21454750.54126,6286
2026-07-13T20:00:00+00:00,10111677.0,10114418.0,10089361.0,10107495.0,1.721346817690488,17396913.6307,5053
2026-07-13T21:00:00+00:00,10107468.0,10110287.0,10053708.0,10087500.0,5.134408865177941,51777449.12554,15013
2026-07-13T22:00:00+00:00,10087500.0,10111131.0,10054314.0,10059154.0,5.990815053224937,60443730.59919,17472
2026-07-13T23:00:00+00:00,10056617.0,10129553.0,10056617.0,10119435.0,2.123919257218183,21439858.40581,6382
2026-07-14T00:00:00+00:00,10121374.0,10166425.0,10113015.0,10155246.0,3.924540931459252,39763988.24042,11659
2026-07-14T01:00:00+00:00,10155246.0,10168986.0,10137642.0,10154582.0,7.06993,71765677.88442,20511
2026-07-14T02:00:00+00:00,10153924.0,10175371.0,10120980.0,10158694.0,10.013190196813278,101708085.62677,13365
2026-07-14T03:00:00+00:00,10158694.0,10164714.0,10116965.0,10158857.0,7.319847391091878,74254768.38346,9833
2026-07-14T04:00:00+00:00,10157207.0,10195000.0,10154234.0,10190000.0,11.144779008124779,113439970.01385,5547
2026-07-14T05:00:00+00:00,10182465.0,10213893.0,10173070.0,10183082.0,10.194849296417296,103949323.80899,10924
2026-07-14T06:00:00+00:00,10182984.0,10216236.0,10070910.0,10180407.0,22.10733,225231363.81103,5772
2026-07-14T07:00:00+00:00,10180407.0,10180882.0,10149592.0,10158562.0,4.89569,49766663.18547,14465
2026-07-14T08:00:00+00:00,10158023.0,10209819.0,10156371.0,10181921.0,11.66764669200977,118781920.81691,8033
2026-07-14T09:00:00+00:00,10179053.0,10181271.0,10147208.0,10161452.0,3.38489,34418917.35202,10024
2026-07-14T10:00:00+00:00,10161452.0,10205358.0,10161048.0,10192638.0,3.404116829586209,34672514.6641,10036
2026-07-14T11:00:00+00:00,10192546.0,10207852.0,10175982.0,10194975.0,4.32898,44131758.08325,12889
2026-07-14T12:00:00+00:00,10194975.0,10355175.0,10187009.0,10350046.0,3.664155903654634,37533570.40534,10020
2026-07-14T13:00:00+00:00,10353977.0,10376766.0,10226570.0,10328565.0,4.7809,49341956.04732,10127
2026-07-14T14:00:00+00:00,10328379.0,10400000.0,10285260.0,10400000.0,2.14335118968124,22172872.19729,6161
2026-07-14T15:00:00+00:00,10400000.0,10500000.0,10388453.0,10475353.0,3.9152485971810873,40875637.36126,10582
2026-07-14T16:00:00+00:00,10493736.0,10515255.0,10484302.0,10494111.0,2.7673191442665144,29060590.09047,8090
2026-07-14T17:00:00+00:00,10491518.0,10491518.0,10440604.0,10468799.0,2.96679,31037049.15558,8456
2026-07-14T18:00:00+00:00,10469728.0,10477718.0,10457262.0,10469982.0,3.17952,33281618.57217,9446
2026-07-14T19:00:00+00:00,10470051.0,10480006.0,10460474.0,10473268.0,3.99482,41830318.80487,11884
2026-07-14T20:00:00+00:00,10468382.0,10468382.0,10445455.0,10463558.0,5.18119,54156385.74436,15237
2026-07-14T21:00:00+00:00,10473559.0,10514429.0,10457536.0,10484441.0,4.345777345022183,45532897.6429,12803
2026-07-14T22:00:00+00:00,10484525.0,10543362.0,10467844.0,10523233.0,1.0399251327222796,10943998.01122,2844
2026-07-14T23:00:00+00:00,10520135.0,10542643.0,10508147.0,10541822.0,2.7824274638048143,29306108.79901,8251
2026-07-15T00:00:00+00:00,10541946.0,10543362.0,10506444.0,10507998.0,1.9328410735432835,20347584.09655,5925
2026-07-15T01:00:00+00:00,10507998.0,10512404.0,10478618.0,10481169.0,2.47,25915416.42353,7376
2026-07-15T02:00:00+00:00,10480064.0,10505445.0,10447979.0,10461795.0,2.8379068331041664,29714964.41905,8109
2026-07-15T03:00:00+00:00,10464227.0,10507181.0,10464226.0,10505470.0,7.77329,81589717.56665,5982
2026-07-15T04:00:00+00:00,10505620.0,10526521.0,10500289.0,10518839.0,6.423768926456717,67570442.12352,3888
2026-07-15T05:00:00+00:00,10517874.0,10549685.0,10491970.0,10546549.0,12.33972,129765026.6948,2787
2026-07-15T06:00:00+00:00,10546446.0,10575000.0,10517256.0,10522196.0,2.54572,26856820.27465,1970
2026-07-15T07:00:00+00:00,10513948.0,10540994.0,10479145.0,10484858.0,1.2857252983698477,13488804.59092,4011
2026-07-15T08:00:00+00:00,10486645.0,10530000.0,10486460.0,10525000.0,3.39922,35770335.55612,733
2026-07-15T09:00:00+00:00,10525000.0,10530192.0,10502765.0,10504900.0,2.174133989361702,22875029.95632,6578
2026-07-15T10:00:00+00:00,10504345.0,10530192.0,10500235.0,10505396.0,2.035493288170602,21387814.38089,5998
2026-07-15T11:00:00+00:00,10505396.0,10515255.0,10502316.0,10513457.0,2.92772,30774086.43503,8560
2026-07-15T12:00:00+00:00,10513457.0,10567784.0,10500338.0,10567783.0,1.24175,13071166.69426,3754
2026-07-15T13:00:00+00:00,10566520.0,10625000.0,10531438.0,10564890.0,1.36205,14415158.405,4238
2026-07-15T14:00:00+00:00,10564890.0,10620000.0,10555163.0,10605995.0,2.2818,24185730.68382,6997
2026-07-15T15:00:00+00:00,10605995.0,10620000.0,10583691.0,10601570.0,1.2975012269622297,13757942.636766393,4007
2026-07-15T16:00:00+00:00,10603644.0,10603644.0,10505682.0,10547206.0,2.242484613219676,23633211.23719,6558
2026-07-15T17:00:00+00:00,10558776.0,10561360.0,10530135.0,10533167.0,1.74306,18387238.88835,5298
2026-07-15T18:00:00+00:00,10533162.0,10548665.0,10515834.0,10515836.0,3.53437,37238925.15299,10434
2026-07-15T19:00:00+00:00,10515841.0,10547271.0,10505588.0,10546788.0,3.04389,32030126.3218,8901
2026-07-15T20:00:00+00:00,10544462.0,10547270.0,10537823.0,10541772.0,2.3845600730718246,25138380.54011084,7028
2026-07-15T21:00:00+00:00,10541772.0,10545984.0,10510135.0,10515391.0,4.9013551213518545,51588530.18579,14378
2026-07-15T22:00:00+00:00,10515391.0,10523330.0,10505669.0,10518339.0,4.140920578859558,43545904.72382,11771
2026-07-15T23:00:00+00:00,10518339.0,10529113.0,10492988.0,10498461.0,2.772006709796596,29155526.66657,8193
2026-07-16T00:00:00+00:00,10497651.0,10519061.0,10458671.0,10472990.0,1.7501136094239775,18354506.62505,5024
2026-07-16T01:00:00+00:00,10472990.0,10508714.0,10440141.0,10493152.0,6.476833861527159,67853886.92058,18903
2026-07-16T02:00:00+00:00,10494775.0,10511858.0,10474186.0,10487261.0,7.3739746337857,77310624.615,21337
2026-07-16T03:00:00+00:00,10484663.0,10499677.0,10467139.0,10478080.0,6.127195850199764,64235882.48657,17645
2026-07-16T04:00:00+00:00,10478080.0,10502235.0,10466421.0,10482838.0,12.787093044315316,134086695.49809,10365
2026-07-16T05:00:00+00:00,10482910.0,10555334.0,10480970.0,10548239.0,19.31273,203505892.91919,10307
2026-07-16T06:00:00+00:00,10548239.0,10553828.0,10500000.0,10515000.0,7.57143,79655572.29825,4256
2026-07-16T07:00:00+00:00,10515000.0,10528423.0,10398048.0,10417063.0,2.88562364784859,30188394.77093,8236
2026-07-16T08:00:00+00:00,10417660.0,10449149.0,10364382.0,10403309.0,7.13534,74357779.77158,8706
2026-07-16T09:00:00+00:00,10403309.0,10421456.0,10383432.0,10397088.0,5.572135112701143,57954038.86768,15913
2026-07-16T10:00:00+00:00,10398284.0,10428434.0,10396756.0,10420052.0,4.4499239791794585,46334234.79056,13020
2026-07-16T11:00:00+00:00,10420052.0,10428126.0,10400360.0,10423756.0,7.030118416177821,73214310.2804898,20558
2026-07-16T12:00:00+00:00,10423756.0,10424299.0,10365969.0,10387240.0,3.73944,38886471.62623,11110
2026-07-16T13:00:00+00:00,10385770.0,10461808.0,10385770.0,10452858.0,6.245969117986457,65077247.63949,18333
2026-07-16T14:00:00+00:00,10454044.0,10529761.0,10444390.0,10483110.0,5.026366683069545,52773978.58347,14724
2026-07-16T15:00:00+00:00,10483110.0,10543125.0,10450000.0,10507694.0,4.11633,43219731.43643,12251
2026-07-16T16:00:00+00:00,10504675.0,10528990.0,10461297.0,10480548.0,3.715749829160216,38965348.9286,10708
2026-07-16T17:00:00+00:00,10480548.0,10482440.0,10400000.0,10411650.0,5.32617,55580327.97921,15561
2026-07-16T18:00:00+00:00,10411650.0,10453065.0,10407564.0,10440739.0,6.70237,69917087.28173,19671
2026-07-16T19:00:00+00:00,10442247.0,10448547.0,10422130.0,10430000.0,4.02652,42016498.93167,11767
2026-07-16T20:00:00+00:00,10430000.0,10430000.0,10413619.0,10417343.0,6.456778400076185,67305921.22771,18893
2026-07-16T21:00:00+00:00,10417343.0,10430000.0,10415365.0,10420317.0,6.8835583509108345,71764675.84226,20255
2026-07-16T22:00:00+00:00,10420230.0,10430000.0,10385369.0,10389982.0,5.03998436936382,52482596.43012,14756
2026-07-16T23:00:00+00:00,10389982.0,10396434.0,10347832.0,10368376.0,6.223387068202048,64536253.71928,17624
2026-07-17T00:00:00+00:00,10368376.0,10375000.0,10330766.0,10374245.0,4.7874076813408095,49601423.34083,14021
2026-07-17T01:00:00+00:00,10374245.0,10400000.0,10312650.0,10325438.0,5.785365304586056,60014394.12068,15911
2026-07-17T02:00:00+00:00,10325385.0,10350720.0,10295150.0,10311856.0,2.677275121955013,27620975.14602,7574
2026-07-17T03:00:00+00:00,10311983.0,10351163.0,10311137.0,10330800.0,11.937031686103278,123414085.93732,15860
2026-07-17T04:00:00+00:00,10330911.0,10335000.0,10293191.0,10324792.0,11.420346780104268,117864740.02481,4697
2026-07-17T05:00:00+00:00,10324597.0,10324597.0,10210189.0,10213057.0,11.583595313560748,119127699.06368,8895
2026-07-17T06:00:00+00:00,10213057.0,10249096.0,10200892.0,10238464.0,14.32600338975291,146511726.10475,11273
2026-07-17T07:00:00+00:00,10238464.0,10239524.0,10200001.0,10204673.0,5.422670087156509,55401973.81125,10089
2026-07-17T08:00:00+00:00,10204673.0,10226210.0,10185568.0,10224372.0,3.5834736987201348,36591532.38946,10110
2026-07-17T09:00:00+00:00,10222550.0,10251961.0,10219224.0,10237657.0,2.8875,29555474.06325,8660
2026-07-17T10:00:00+00:00,10237657.0,10273949.0,10237184.0,10270329.0,3.65962,37547632.13309,10920
2026-07-17T11:00:00+00:00,10270330.0,10294986.0,10249228.0,10284675.0,2.344903670072008,24078249.93714,7179
2026-07-17T12:00:00+00:00,10286989.0,10295705.0,10249079.0,10264373.0,7.473906684032851,76789796.16729,9522
2026-07-17T13:00:00+00:00,10264563.0,10264564.0,10167080.0,10256365.0,1.79784,18372995.56264,5524
2026-07-17T14:00:00+00:00,10256285.0,10317347.0,10250401.0,10271377.0,1.85064,19024999.89129,5723
2026-07-17T15:00:00+00:00,10253182.0,10313806.0,10211365.0,10310748.0,2.6883890673223725,27592871.40927,8095
2026-07-17T16:00:00+00:00,10315236.0,10340632.0,10291207.0,10335986.0,2.23602,23067029.40953,6799
2026-07-17T17:00:00+00:00,10334856.0,10435215.0,10334010.0,10407371.0,2.28188,23713040.89915,6605
2026-07-17T18:00:00+00:00,10407371.0,10450000.0,10379864.0,10439774.0,2.56804,26731259.88699,7800
2026-07-17T19:00:00+00:00,10439007.0,10439807.0,10396594.0,10419931.0,2.64676,27583507.30556,7888
2026-07-17T20:00:00+00:00,10419589.0,10427909.0,10389106.0,10413508.0,2.93278,30512729.09094,8731
2026-07-17T21:00:00+00:00,10413508.0,10430366.0,10406462.0,10411515.0,4.20835,43837180.16334,12515
2026-07-17T22:00:00+00:00,10411515.0,10414255.0,10380989.0,10391833.0,3.4426557425045923,35783759.4014,10226
2026-07-17T23:00:00+00:00,10391833.0,10398353.0,10375124.0,10386454.0,5.098931416313773,52961564.43326,14652
2026-07-18T00:00:00+00:00,10385094.0,10399372.0,10376372.0,10384947.0,3.4756968466858327,36106989.40486,10338
2026-07-18T01:00:00+00:00,10384946.0,10398338.0,10379635.0,10390562.0,5.27839,54835126.64334,15340
2026-07-18T02:00:00+00:00,10390562.0,10400829.0,10384289.0,10391096.0,5.693882946500636,59175647.64511,16529
2026-07-18T03:00:00+00:00,10391096.0,10402918.0,10387843.0,10402914.0,5.09678,52970933.39278,14810
2026-07-18T04:00:00+00:00,10402914.0,10413465.0,10389763.0,10397288.0,5.220391903328047,54270306.95663,14843
2026-07-18T05:00:00+00:00,10397288.0,10401111.0,10386583.0,10393656.0,4.630867324794438,48132510.1242,13397
2026-07-18T06:00:00+00:00,10394919.0,10399660.0,10389266.0,10394602.0,4.73956,49266020.87678,13825
2026-07-18T07:00:00+00:00,10394602.0,10422144.0,10393161.0,10400228.0,4.816161931282085,50087135.99086,13560
2026-07-18T08:00:00+00:00,10397213.0,10402274.0,10392478.0,10399864.0,4.1992,43659262.53945,12168
2026-07-18T09:00:00+00:00,10400566.0,10401190.0,10391508.0,10398821.0,5.40037,56142201.02574,15571
2026-07-18T10:00:00+00:00,10396608.0,10403570.0,10394619.0,10398222.0,2.85481,29689281.26285,8429
2026-07-18T11:00:00+00:00,10398408.0,10409544.0,10396926.0,10405967.0,4.263054224514879,44332743.00116,12360
2026-07-18T12:00:00+00:00,10406490.0,10443103.0,10403059.0,10431325.0,4.016544939175348,41855925.28946,11776
2026-07-18T13:00:00+00:00,10431325.0,10442750.0,10393467.0,10413937.0,3.923139364581864,40846016.31043,11519
2026-07-18T14:00:00+00:00,10413937.0,10431294.0,10412483.0,10417074.0,2.95078,30753009.40472,8776
2026-07-18T15:00:00+00:00,10417074.0,10418409.0,10408992.0,10413872.0,2.19294,22839766.40645,6372
2026-07-18T16:00:00+00:00,10420497.0,10446638.0,10420487.0,10445724.0,1.83948,19184717.621,5298
2026-07-18T17:00:00+00:00,10443614.0,10472768.0,10441422.0,10470788.0,1.36766,14301047.80964,4278
2026-07-18T18:00:00+00:00,10470788.0,10492629.0,10469340.0,10475422.0,2.92735,30657077.78572,8567
2026-07-18T19:00:00+00:00,10475421.0,10489458.0,10472447.0,10481279.0,1.3189,13818561.42503,4149
2026-07-18T20:00:00+00:00,10481279.0,10513392.0,10481279.0,10508891.0,0.81075,8510365.8416,2648
2026-07-18T21:00:00+00:00,10508891.0,10531579.0,10497919.0,10514364.0,2.722018091603068,28611038.1464,8235
2026-07-18T22:00:00+00:00,10514363.0,10536288.0,10512375.0,10526434.0,3.401898030853671,35791534.70997484,10170
2026-07-18T23:00:00+00:00,10525335.0,10529999.0,10514080.0,10528584.0,1.6821174903577951,17705418.53254,5119
2026-07-19T00:00:00+00:00,10528584.0,10534801.0,10512045.0,10512968.0,4.165198595879742,43820294.37422,11777
2026-07-19T01:00:00+00:00,10512968.0,10515000.0,10512655.0,10514636.0,6.27126,65936668.69402,18090
2026-07-19T02:00:00+00:00,10514636.0,10540311.0,10514488.0,10527734.0,2.564456508665581,26993745.85776,7521
2026-07-19T03:00:00+00:00,10527734.0,10528530.0,10492290.0,10512500.0,4.0960280776534725,43035877.43584067,11971
2026-07-19T04:00:00+00:00,10512752.0,10518812.0,10496658.0,10510022.0,2.8634806777001054,30096690.6421,8294
2026-07-19T05:00:00+00:00,10510022.0,10524617.0,10499928.0,10506824.0,3.80168,39957306.73747,11104
2026-07-19T06:00:00+00:00,10504845.0,10513051.0,10500697.0,10504370.0,5.1368,53964236.67886,14822
2026-07-19T07:00:00+00:00,10504370.0,10515255.0,10501211.0,10506114.0,2.03505,21380117.34938,6008
2026-07-19T08:00:00+00:00,10499886.0,10509188.0,10491812.0,10503342.0,3.70148,38859505.7409,10947
2026-07-19T09:00:00+00:00,10503342.0,10507467.0,10467336.0,10471860.0,5.387485584447605,56480565.40824149,15721
2026-07-19T10:00:00+00:00,10470790.0,10495562.0,10465217.0,10484764.0,4.036742918307552,42334942.56117,11849
2026-07-19T11:00:00+00:00,10477653.0,10495395.0,10461871.0,10466928.0,3.4616,36278290.0201,10205
2026-07-19T12:00:00+00:00,10466678.0,10466678.0,10435935.0,10453457.0,1.23261,12890809.33774,3442
2026-07-19T13:00:00+00:00,10451068.0,10475234.0,10439081.0,10470350.0,3.1630917786295196,33081798.32073,9376
2026-07-19T14:00:00+00:00,10470350.0,10498344.0,10465891.0,10495756.0,2.28498,23938111.16439,6794
2026-07-19T15:00:00+00:00,10491440.0,10493225.0,10478201.0,10484613.0,1.05234,11033532.98996,3236
2026-07-19T16:00:00+00:00,10482120.0,10495245.0,10473523.0,10478186.0,3.281083599392297,34391050.86648,9924
2026-07-19T17:00:00+00:00,10478808.0,10506191.0,10461040.0,10481820.0,2.84659,29864179.84211,8589
2026-07-19T18:00:00+00:00,10481820.0,10484438.0,10442272.0,10451138.0,4.28196,44794206.93603,12781
2026-07-19T19:00:00+00:00,10451138.0,10462842.0,10444225.0,10452096.0,2.99651,31329063.04577,9043
2026-07-19T20:00:00+00:00,10453929.0,10470965.0,10453929.0,10467848.0,0.60186,6300044.10079,1766
2026-07-19T21:00:00+00:00,10467642.0,10476731.0,10467642.0,10472698.0,0.17604,1843907.39239,581
2026-07-19T22:00:00+00:00,10453759.0,10540268.0,10453759.0,10522687.0,0.40004,4205553.67696,1241
2026-07-19T23:00:00+00:00,10514389.0,10514389.0,10500075.0,10503958.0,0.042257574752739877,443868.62627,168
2026-07-20T00:00:00+00:00,10507514.0,10563643.0,10483000.0,10487794.0,0.1253584582822079,1318848.6212,289
2026-07-20T01:00:00+00:00,10523226.0,10531390.0,10480607.0,10480607.0,0.019268165728378136,202676.43576999998,59
2026-07-20T02:00:00+00:00,10481250.0,10534968.0,10481249.0,10525675.0,0.01625,170746.80742,92
2026-07-20T03:00:00+00:00,10527321.0,10527321.0,10527321.0,10527321.0,0.0013299818576825,14001.145939999993,4
2026-07-20T04:00:00+00:00,10526998.0,10526999.0,10483285.0,10483705.0,0.24257422380949883,2550771.63312,89
2026-07-20T05:00:00+00:00,10461648.0,10461648.0,10409571.0,10419555.0,0.08841,921112.78165,183
2026-07-20T06:00:00+00:00,10406877.0,10406877.0,10352160.0,10373260.0,0.18517,1922871.97678,134
2026-07-20T07:00:00+00:00,10376351.0,10439150.0,10376346.0,10433129.0,1.9324950826318075,20129216.56996,5500
2026-07-20T08:00:00+00:00,10433129.0,10447902.0,10371295.0,10394971.0,3.015575863009313,31413395.45104,9108
2026-07-20T09:00:00+00:00,10394971.0,10439269.0,10394971.0,10426910.0,4.38183,45689787.48068,12847
2026-07-20T10:00:00+00:00,10426910.0,10453284.0,10419389.0,10440764.0,5.778624456935133,60310831.21899,16908
2026-07-20T11:00:00+00:00,10441352.0,10545280.0,10435669.0,10544585.0,3.0150206151401093,31580300.55757,8879
2026-07-20T12:00:00+00:00,10543913.0,10543913.0,10483333.0,10495738.0,2.590259863469356,27216165.14809,6657
2026-07-20T13:00:00+00:00,10498532.0,10511880.0,10419570.0,10450688.0,1.8251170011965099,19145020.80575,5435
2026-07-20T14:00:00+00:00,10450848.0,10484514.0,10405349.0,10465232.0,3.033463345406389,31712216.74507,9180
2026-07-20T15:00:00+00:00,10473555.0,10649551.0,10466380.0,10648522.0,1.5514279663621828,16348072.47981,4757
2026-07-20T16:00:00+00:00,10648264.0,10649551.0,10610871.0,10638460.0,2.53745,26969304.79579,7639
2026-07-20T17:00:00+00:00,10638460.0,10645469.0,10609902.0,10645469.0,3.31442,35229297.6394,9818
2026-07-20T18:00:00+00:00,10649550.0,10674219.0,10588514.0,10595785.0,1.44348,15357061.24606,4485
2026-07-20T19:00:00+00:00,10598281.0,10599898.0,10561732.0,10575830.0,3.283131337320611,34722345.50421,9921
2026-07-20T20:00:00+00:00,10573562.0,10621988.0,10572911.0,10615470.0,2.65593,28161212.56618,8118
2026-07-20T21:00:00+00:00,10615470.0,10625028.0,10602711.0,10604865.0,3.94689,41890546.6595,11522
2026-07-20T22:00:00+00:00,10604732.0,10605130.0,10568241.0,10579470.0,5.029289082418947,53214113.4072,14870
2026-07-20T23:00:00+00:00,10579000.0,10597917.0,10577836.0,10591101.0,5.700488004573763,60365023.49096684,16803
2026-07-21T00:00:00+00:00,10591102.0,10651195.0,10578977.0,10647823.0,3.232895639269505,34303285.86831,9794
2026-07-21T01:00:00+00:00,10647823.0,10652174.0,10591021.0,10593936.0,3.0233568527341905,32091097.08424,9066
2026-07-21T02:00:00+00:00,10593936.0,10631433.0,10590617.0,10627297.0,3.40952,36173720.36609,10033
2026-07-21T03:00:00+00:00,10627297.0,10655817.0,10623632.0,10646789.0,7.416715534628343,78909954.0083,9328
2026-07-21T04:00:00+00:00,10646789.0,10674220.0,10643547.0,10645861.0,9.020603751219308,96169044.16015,8143
2026-07-21T05:00:00+00:00,10645920.0,10695225.0,10645344.0,10680667.0,12.376553169920973,131940837.18675,5788
2026-07-21T06:00:00+00:00,10680667.0,10723286.0,10663495.0,10710800.0,7.69942,82410793.40596,9865
2026-07-21T07:00:00+00:00,10710800.0,10763228.0,10704830.0,10761278.0,2.9714327633106374,31868203.22832,8442
2026-07-21T08:00:00+00:00,10759455.0,10785016.0,10754772.0,10776717.0,0.796527272078372,8581269.551139567,2497
2026-07-21T09:00:00+00:00,10776735.0,10788148.0,10759378.0,10788081.0,2.41622,26039688.15655,7027
2026-07-21T10:00:00+00:00,10788416.0,10806686.0,10771446.0,10773384.0,2.826667458694239,30514171.65932,8319
2026-07-21T11:00:00+00:00,10773384.0,10790000.0,10769190.0,10789999.0,2.32602,25068780.18454,7045
2026-07-21T12:00:00+00:00,10790000.0,10835000.0,10779501.0,10833125.0,2.5618174763001855,27698351.50534,6801
2026-07-21T13:00:00+00:00,10833125.0,10875000.0,10801873.0,10873338.0,1.9159611910602337,20751035.25907,5254
2026-07-21T14:00:00+00:00,10873338.0,10900000.0,10858012.0,10897007.0,1.57313,17131599.28954,4132
2026-07-21T15:00:00+00:00,10897114.0,10897382.0,10835272.0,10870344.0,2.825789195373138,30702659.34547,8342
2026-07-21T16:00:00+00:00,10870344.0,10879717.0,10830990.0,10842353.0,2.2895011442456092,24857248.47495,6977
2026-07-21T17:00:00+00:00,10843526.0,10845130.0,10787735.0,10799260.0,3.44326,37294515.994,9901
2026-07-21T18:00:00+00:00,10799260.0,10827084.0,10777678.0,10825100.0,1.66756,18030545.73507,5171
2026-07-21T19:00:00+00:00,10825100.0,10844674.0,10810204.0,10841955.0,3.1668469396019963,34289224.89891,9558
2026-07-21T20:00:00+00:00,10842371.0,10846505.0,10837962.0,10838392.0,3.99698,43332586.62376,11920
2026-07-21T21:00:00+00:00,10838392.0,10839738.0,10822370.0,10833487.0,6.19315,67071552.61875,18017
2026-07-21T22:00:00+00:00,10833487.0,10834916.0,10805223.0,10816614.0,3.2693149265790624,35363534.43914,9665
2026-07-21T23:00:00+00:00,10816614.0,10853818.0,10805597.0,10853173.0,2.79282,30222152.72757,8082
2026-07-22T00:00:00+00:00,10853508.0,10879000.0,10853310.0,10875277.0,2.279119579748347,24778280.90237,7098
2026-07-22T01:00:00+00:00,10875277.0,10877941.0,10817559.0,10837166.0,3.7028513623397794,40227923.8812,2455
2026-07-22T02:00:00+00:00,10837550.0,10847056.0,10723173.0,10821715.0,2.84827,30759990.95815,4707
2026-07-22T03:00:00+00:00,10815378.0,10827581.0,10792812.0,10816324.0,4.57332,49462222.57781,5034
2026-07-22T04:00:00+00:00,10816324.0,10859123.0,10814514.0,10854024.0,12.806410266644596,138863439.64657,4675
2026-07-22T05:00:00+00:00,10854024.0,10855638.0,10766865.0,10772154.0,14.108860214287208,152757058.36881,7560
2026-07-22T06:00:00+00:00,10772154.0,10790338.0,10750662.0,10772817.0,14.96360809788126,161215297.76005,7908
2026-07-22T07:00:00+00:00,10773865.0,10779043.0,10725000.0,10737277.0,2.6563241647805302,28565873.38636,7895
2026-07-22T08:00:00+00:00,10736856.0,10798498.0,10736721.0,10777853.0,11.04408,119091020.35057,7939
2026-07-22T09:00:00+00:00,10777853.0,10781481.0,10748201.0,10754557.0,3.56984,38433620.87624,10180
2026-07-22T10:00:00+00:00,10754552.0,10801415.0,10750957.0,10782051.0,4.67083988026083,50298540.43648217,12924
2026-07-22T11:00:00+00:00,10782534.0,10786593.0,10762947.0,10777166.0,1.9441460817967713,20954052.466218233,5816
2026-07-22T12:00:00+00:00,10772730.0,10773799.0,10707897.0,10721574.0,2.38919,25666279.93964,7243
2026-07-22T13:00:00+00:00,10720734.0,10760827.0,10700381.0,10760661.0,4.6890694967305535,50266306.77636,13851
2026-07-22T14:00:00+00:00,10760827.0,10794084.0,10710000.0,10732200.0,0.8067899278793053,8656177.668385101,2402
2026-07-22T15:00:00+00:00,10733314.0,10779862.0,10733314.0,10772072.0,1.447416473496626,15573966.18394,4639
2026-07-22T16:00:00+00:00,10772072.0,10824314.0,10770920.0,10810075.0,0.46895,5060314.30138,1513
2026-07-22T17:00:00+00:00,10808514.0,10814625.0,10762465.0,10779039.0,4.000717014273259,43174399.3111,11884
2026-07-22T18:00:00+00:00,10778587.0,10785189.0,10728911.0,10757414.0,4.50365,48422593.26382,13315
2026-07-22T19:00:00+00:00,10757414.0,10762683.0,10728748.0,10754886.0,3.46914,37303692.14666,10243
2026-07-22T20:00:00+00:00,10755108.0,10774698.0,10738610.0,10762052.0,6.323114581778795,68035627.07514,18582
2026-07-22T21:00:00+00:00,10762052.0,10793286.0,10755285.0,10783642.0,5.60113,60314037.13322,16382
2026-07-22T22:00:00+00:00,10784248.0,10785759.0,10756738.0,10776230.0,5.033455788878622,54204131.79421,14703
2026-07-22T23:00:00+00:00,10771444.0,10783977.0,10745157.0,10781870.0,1.8112970334854512,19503964.42712628,5439
2026-07-23T00:00:00+00:00,10783346.0,10814618.0,10778514.0,10779654.0,2.07887789324286,22445574.74183,5838
2026-07-23T01:00:00+00:00,10779654.0,10783271.0,10732950.0,10742227.0,1.69520894391324,18249653.8498,3984
2026-07-23T02:00:00+00:00,10738537.0,10741097.0,10715374.0,10737958.0,1.859279823638972,19959260.62762,5455
2026-07-23T03:00:00+00:00,10737946.0,10737971.0,10703339.0,10718121.0,17.19724292660666,184380687.27798,7185
2026-07-23T04:00:00+00:00,10718121.0,10733936.0,10705196.0,10716005.0,5.65342016011362,60586612.993,10681
2026-07-23T05:00:00+00:00,10716005.0,10744023.0,10706869.0,10732955.0,10.891750837988827,116871330.10124,9421
2026-07-23T06:00:00+00:00,10732955.0,10745703.0,10725000.0,10745061.0,7.050447289274812,75681346.10449,5012
2026-07-23T07:00:00+00:00,10745039.0,10745039.0,10680450.0,10695052.0,3.96004,42342399.20026,11825
2026-07-23T08:00:00+00:00,10696035.0,10736804.0,10693651.0,10727613.0,5.770829826073144,61839742.84611,16899
2026-07-23T09:00:00+00:00,10727613.0,10745424.0,10721216.0,10732901.0,4.860960914420478,52197760.779005185,14057
2026-07-23T10:00:00+00:00,10732351.0,10759328.0,10732351.0,10751350.0,6.174327982355404,66341991.0202,17710
2026-07-23T11:00:00+00:00,10750118.0,10752296.0,10722500.0,10728002.0,6.34546,68118969.5804,18663
2026-07-23T12:00:00+00:00,10728002.0,10731495.0,10659465.0,10672774.0,4.844345057524984,51835270.00246,14314
2026-07-23T13:00:00+00:00,10673334.0,10684020.0,10633370.0,10638413.0,3.10224296908493,33081252.9817,9349
2026-07-23T14:00:00+00:00,10638413.0,10694624.0,10631888.0,10643034.0,3.345303963220165,35671143.30607,10202
2026-07-23T15:00:00+00:00,10643034.0,10655325.0,10610207.0,10644364.0,4.81302691987281,51202939.64767,14342
2026-07-23T16:00:00+00:00,10644364.0,10645840.0,10601499.0,10607708.0,5.2995627145230735,56254006.79032,15591
2026-07-23T17:00:00+00:00,10604655.0,10629633.0,10600000.0,10600000.0,6.64258,70519953.86711,19512
2026-07-23T18:00:00+00:00,10600000.0,10641488.0,10600000.0,10625296.0,4.079647668468695,43313949.25112,12158
2026-07-23T19:00:00+00:00,10625296.0,10636558.0,10602388.0,10629628.0,6.22989,66169818.74716,18337
2026-07-23T20:00:00+00:00,10627311.0,10680957.0,10625166.0,10674562.0,6.707967010499859,71547026.75691,19720
2026-07-23T21:00:00+00:00,10674650.0,10685246.0,10653715.0,10674257.0,6.95952,74248869.67433,20433
2026-07-23T22:00:00+00:00,10676038.0,10684582.0,10659956.0,10680763.0,4.562393320738801,48706986.15822,13424
2026-07-23T23:00:00+00:00,10680386.0,10686934.0,10661010.0,10666932.0,5.622098082054641,60031308.03676,16403
2026-07-24T00:00:00+00:00,10666003.0,10669514.0,10614920.0,10645860.0,5.580746783793325,59402066.86112,10995
2026-07-24T01:00:00+00:00,10645860.0,10694710.0,10641235.0,10661154.0,5.883878342428678,62789163.88233,10811
2026-07-24T02:00:00+00:00,10662033.0,10683655.0,10638524.0,10650475.0,6.001525004263865,64014268.05422,5510
2026-07-24T03:00:00+00:00,10673000.0,10726104.0,10669037.0,10722482.0,9.374923061572597,100390065.72771,11833
2026-07-24T04:00:00+00:00,10722482.0,10727800.0,10698989.0,10703439.0,10.39620571095571,111451443.19252,10453
2026-07-24T05:00:00+00:00,10707681.0,10839655.0,10694884.0,10721891.0,14.837702251171653,158955710.5847,3489
2026-07-24T06:00:00+00:00,10720765.0,10749721.0,10708536.0,10742033.0,6.3490063814863165,68129258.09624,2237
2026-07-24T07:00:00+00:00,10741826.0,10795229.0,10738610.0,10738610.0,5.967424966205026,64285886.08426,906
2026-07-24T08:00:00+00:00,10739557.0,10739557.0,10711820.0,10711839.0,0.10138,1086934.70926,305
2026-07-24T09:00:00+00:00,10711718.0,10711788.0,10659644.0,10670433.0,0.39047748706227764,4168434.39637,1353
2026-07-24T10:00:00+00:00,10670846.0,10675299.0,10650000.0,10650837.0,1.1963,12750405.34099,3693
2026-07-24T11:00:00+00:00,10650837.0,10676779.0,10633978.0,10671797.0,2.350739509862075,25058774.79815,6762
2026-07-24T12:00:00+00:00,10669247.0,10679251.0,10625959.0,10629910.0,0.8049,8570165.70362,2558
2026-07-24T13:00:00+00:00,10623190.0,10624344.0,10480531.0,10510988.0,0.5409865953454766,5707575.54379,1703
2026-07-24T14:00:00+00:00,10515818.0,10521095.0,10450000.0,10500840.0,0.7657006489091609,8024894.46926,2466
2026-07-24T15:00:00+00:00,10486359.0,10526541.0,10462926.0,10512243.0,0.95718,10044753.41168,3035
2026-07-24T16:00:00+00:00,10496264.0,10514434.0,10468282.0,10487777.0,2.262836142619249,23742968.20675,6706
2026-07-24T17:00:00+00:00,10483497.0,10523668.0,10477533.0,10514816.0,1.7692,18596991.49615,5294
2026-07-24T18:00:00+00:00,10516178.0,10538499.0,10511401.0,10535810.0,3.05281,32121110.83759,9019
2026-07-24T19:00:00+00:00,10535810.0,10537409.0,10512657.0,10531412.0,2.47936,26101054.63233,7411
2026-07-24T20:00:00+00:00,10531412.0,10540088.0,10515871.0,10523684.0,2.3513542487869685,24759001.12437,7068
2026-07-24T21:00:00+00:00,10523684.0,10530914.0,10513007.0,10518007.0,3.53045,37142215.71187,10582
2026-07-24T22:00:00+00:00,10518633.0,10527720.0,10513729.0,10524314.0,2.6956711584588993,28358632.08087,7939
2026-07-24T23:00:00+00:00,10524314.0,10526431.0,10518000.0,10519245.0,1.3158260318801074,13844083.7353,3871
2026-07-25T00:00:00+00:00,10518928.0,10524696.0,10501833.0,10506054.0,2.8534908952890348,30016681.25038,8452
2026-07-25T01:00:00+00:00,10506054.0,10517767.0,10493188.0,10502140.0,3.9384608372047554,41373926.77068,11389
2026-07-25T02:00:00+00:00,10502140.0,10507364.0,10495371.0,10503397.0,4.3477,45652292.43591,12726
2026-07-25T03:00:00+00:00,10499722.0,10508726.0,10494570.0,10503170.0,4.48723,47126157.29515,13093
2026-07-25T04:00:00+00:00,10503170.0,10518000.0,10503170.0,10517675.0,3.2635,34292660.05406,9426
2026-07-25T05:00:00+00:00,10516888.0,10516888.0,10489576.0,10496772.0,1.46182,15347752.38639,4375
2026-07-25T06:00:00+00:00,10496772.0,10501375.0,10482168.0,10488805.0,1.00638,10556201.27846,3007
2026-07-25T07:00:00+00:00,10491519.0,10497246.0,10487730.0,10492090.0,3.7994035352281923,39869023.86737,11055
2026-07-25T08:00:00+00:00,10489003.0,10489003.0,10463306.0,10463460.0,0.001830191141362417,19184.848839999995,23
2026-07-25T09:00:00+00:00,10470488.0,10485000.0,10470488.0,10485000.0,0.0016,16760.30526,5
2026-07-25T10:00:00+00:00,10485000.0,10485000.0,10485000.0,10485000.0,0.0,0.0,0
2026-07-25T11:00:00+00:00,10485000.0,10485000.0,10485000.0,10485000.0,0.0,0.0,0
2026-07-25T12:00:00+00:00,10507328.0,10507328.0,10500686.0,10500686.0,0.08985,943861.32527,292
2026-07-25T13:00:00+00:00,10512837.0,10518000.0,10510842.0,10518000.0,1.62912,17130668.9578,4723
2026-07-25T14:00:00+00:00,10518000.0,10518000.0,10518000.0,10518000.0,0.0,0.0,0
2026-07-25T15:00:00+00:00,10528331.0,10528331.0,10528255.0,10528255.0,0.009546975030525,100513.71111999999,4
2026-07-25T16:00:00+00:00,10528255.0,10528255.0,10528255.0,10528255.0,0.0,0.0,0
2026-07-25T17:00:00+00:00,10528332.0,10530989.0,10528332.0,10530989.0,0.00211,22219.88214,5
2026-07-25T18:00:00+00:00,10544040.0,10560403.0,10544040.0,10555882.0,0.63485,6701497.24383,1894
2026-07-25T19:00:00+00:00,10555566.0,10564278.0,10553360.0,10554924.0,6.08257,64223009.77177,17648
2026-07-25T20:00:00+00:00,10554924.0,10558730.0,10539568.0,10543250.0,5.791551481067284,61083762.73054,16906
2026-07-25T21:00:00+00:00,10543250.0,10561990.0,10532269.0,10545262.0,5.22866,55120500.9575,15300
2026-07-25T22:00:00+00:00,10545266.0,10558187.0,10543528.0,10555404.0,5.5445779118099265,58509558.77656,16150
2026-07-25T23:00:00+00:00,10555404.0,10561136.0,10549176.0,10551906.0,6.023327370262398,63576628.34907,17456
2026-07-26T00:00:00+00:00,10551906.0,10570283.0,10549198.0,10570283.0,5.446836295371384,57522864.3906,15929
2026-07-26T01:00:00+00:00,10570283.0,10577285.0,10562941.0,10566070.0,5.2928857959606,55942109.77883,15342
2026-07-26T02:00:00+00:00,10566070.0,10576342.0,10558918.0,10574707.0,5.64189,59605803.02397,16336
2026-07-26T03:00:00+00:00,10574707.0,10582218.0,10566873.0,10578064.0,5.197065070903654,54964820.24573,15174
2026-07-26T04:00:00+00:00,10576505.0,10584908.0,10568346.0,10574750.0,5.98555,63295280.99662,17304
2026-07-26T05:00:00+00:00,10574750.0,10575477.0,10552984.0,10554137.0,4.50404,47598637.53187,13288
2026-07-26T06:00:00+00:00,10555556.0,10564031.0,10534537.0,10561232.0,4.36213,46015263.60739,12827
2026-07-26T07:00:00+00:00,10561232.0,10565761.0,10541456.0,10544584.0,5.17583,54611263.19126,15076
2026-07-26T08:00:00+00:00,10544584.0,10567403.0,10541546.0,10563731.0,5.38679,56838381.76723,15640
2026-07-26T09:00:00+00:00,10563716.0,10567403.0,10561613.0,10567403.0,2.78089,29381257.46128,8018
2026-07-26T10:00:00+00:00,10567403.0,10573678.0,10564124.0,10569207.0,5.20051,54952426.70504,15310
2026-07-26T11:00:00+00:00,10569207.0,10574536.0,10566532.0,10570272.0,7.718066117269979,81578376.33115,22294
2026-07-26T12:00:00+00:00,10570408.0,10591743.0,10570000.0,10570000.0,5.27609,55804433.99656,15510
2026-07-26T13:00:00+00:00,10570000.0,10578714.0,10559979.0,10568754.0,4.24431,44858142.09441,12467
2026-07-26T14:00:00+00:00,10568754.0,10611061.0,10568006.0,10597832.0,5.1734816424576096,54799495.61429,15155
2026-07-26T15:00:00+00:00,10597714.0,10617990.0,10592331.0,10609482.0,4.578226465876599,48557338.54351,13463
2026-07-26T16:00:00+00:00,10608908.0,10635944.0,10596087.0,10615726.0,5.836238076268699,61934670.69479,17126
2026-07-26T17:00:00+00:00,10615725.0,10615725.0,10594258.0,10597631.0,4.07068,43152969.20651,11867
2026-07-26T18:00:00+00:00,10596056.0,10612852.0,10591445.0,10606968.0,8.13638,86246945.91207,23598
2026-07-26T19:00:00+00:00,10606044.0,10610696.0,10594198.0,10600604.0,7.61913,80783469.87552,22127
2026-07-26T20:00:00+00:00,10600604.0,10603208.0,10587942.0,10589613.0,8.505708748743995,90117362.59286,24565
2026-07-26T21:00:00+00:00,10588632.0,10622614.0,10587874.0,10612735.0,3.6744121650055543,38970352.91895,10907
2026-07-26T22:00:00+00:00,10615088.0,10712219.0,10615088.0,10699500.0,2.91677,31146305.20893,8676
2026-07-26T23:00:00+00:00,10699660.0,10728209.0,10683850.0,10695365.0,1.55115,16587799.47129,4746
2026-07-27T00:00:00+00:00,10684039.0,10684039.0,10642293.0,10651926.0,4.122485479617868,43950458.04346,9405
2026-07-27T01:00:00+00:00,10652282.0,10664601.0,10613700.0,10653643.0,3.4715712025142156,36953944.50851,10286
2026-07-27T02:00:00+00:00,10653644.0,10675602.0,10647914.0,10664036.0,4.98036,53098699.02872,14747
2026-07-27T03:00:00+00:00,10664036.0,10697710.0,10662012.0,10683068.0,8.029277473816219,85822299.65923592,11366
2026-07-27T04:00:00+00:00,10683068.0,10704292.0,10680395.0,10681572.0,2.866457612736181,30657114.95629,3115
2026-07-27T05:00:00+00:00,10681572.0,10718785.0,10680481.0,10713107.0,8.426580816059142,90188792.81477,6492
2026-07-27T06:00:00+00:00,10713501.0,10743632.0,10696666.0,10696666.0,1.11618,11950187.88897,3276
2026-07-27T07:00:00+00:00,10696666.0,10696801.0,10660166.0,10668796.0,1.8881305622391211,20167666.81672,5626
2026-07-27T08:00:00+00:00,10668704.0,10675201.0,10658013.0,10658031.0,2.1848362034085924,23304979.85682,6456
2026-07-27T09:00:00+00:00,10659887.0,10691754.0,10653012.0,10678880.0,3.29222,35164160.82716,9676
2026-07-27T10:00:00+00:00,10678883.0,10698853.0,10673564.0,10692127.0,4.37718,46772508.63095,12784
2026-07-27T11:00:00+00:00,10691060.0,10692854.0,10655703.0,10657976.0,3.84666,41066452.55963,11341
2026-07-27T12:00:00+00:00,10657822.0,10682040.0,10617695.0,10654978.0,3.177452182001427,33867369.95635,9535
2026-07-27T13:00:00+00:00,10654978.0,10738609.0,10626660.0,10679684.0,1.6342479982793305,17415936.1883,4928
2026-07-27T14:00:00+00:00,10678898.0,10711205.0,10554720.0,10587926.0,2.17538,23109084.76714,6695
2026-07-27T15:00:00+00:00,10587926.0,10599250.0,10550000.0,10568548.0,0.96161,10164777.53822,3148
2026-07-27T16:00:00+00:00,10568548.0,10621796.0,10568548.0,10617076.0,1.1303978163086046,11989927.20132,3540
2026-07-27T17:00:00+00:00,10617134.0,10650212.0,10604221.0,10647459.0,2.47948,26348943.71664,7375
2026-07-27T18:00:00+00:00,10646250.0,10650162.0,10605367.0,10605367.0,0.52799,5615627.68379,1666
2026-07-27T19:00:00+00:00,10605368.0,10645686.0,10605368.0,10636019.0,3.3589975799066254,35723782.58955,9898
2026-07-27T20:00:00+00:00,10636365.0,10645686.0,10634447.0,10634732.0,0.73062,7772436.34341,2256
2026-07-27T21:00:00+00:00,10634572.0,10634572.0,10608539.0,10609669.0,3.0459,32343939.22781,9039
2026-07-27T22:00:00+00:00,10609745.0,10609745.0,10449772.0,10454202.0,4.350712226777242,46029473.63666,11433
2026-07-27T23:00:00+00:00,10454202.0,10470396.0,10416015.0,10442172.0,2.5965,27134551.57995,7897
2026-07-28T00:00:00+00:00,10442117.0,10458117.0,10396880.0,10396880.0,3.2308453820044853,33699012.80403,9759
2026-07-28T01:00:00+00:00,10396881.0,10400136.0,10330789.0,10354939.0,3.688423474019144,38206010.52578,10439
2026-07-28T02:00:00+00:00,10354467.0,10368662.0,10332990.0,10345122.0,5.054155129928198,52313406.03708,14601
2026-07-28T03:00:00+00:00,10344894.0,10383775.0,10340018.0,10369433.0,5.4538695276173685,56539797.53474,10070
2026-07-28T04:00:00+00:00,10369849.0,10387939.0,10356649.0,10387177.0,15.427028723131876,160090801.42003,10758
2026-07-28T05:00:00+00:00,10388934.0,10422983.0,10385594.0,10406934.0,12.68747394389675,132052500.18073,5880
2026-07-28T06:00:00+00:00,10406934.0,10428801.0,10394770.0,10428581.0,5.989031235961508,62323467.12775,3170
2026-07-28T07:00:00+00:00,10429198.0,10434056.0,10404227.0,10415000.0,7.943613101997596,82801647.12649,3072
2026-07-28T08:00:00+00:00,10415000.0,10432019.0,10392635.0,10395408.0,9.65249,100576013.12918,8227
2026-07-28T09:00:00+00:00,10395503.0,10420858.0,10388243.0,10400001.0,1.68156,17489841.71609,4903
2026-07-28T10:00:00+00:00,10400000.0,10415156.0,10299570.0,10405018.0,5.531628492947226,57429318.19502,11045
2026-07-28T11:00:00+00:00,10405018.0,10421009.0,10385681.0,10403592.0,2.7408309537967885,28507186.46873,8324
2026-07-28T12:00:00+00:00,10403288.0,10417846.0,10390136.0,10414814.0,4.45515,46349987.70305,13188
2026-07-28T13:00:00+00:00,10414814.0,10421836.0,10292342.0,10338927.0,2.7844722802719213,28912029.92802,8130
2026-07-28T14:00:00+00:00,10355656.0,10410271.0,10321081.0,10388719.0,3.7533785297512074,38916391.30489,11294
2026-07-28T15:00:00+00:00,10388719.0,10470085.0,10365501.0,10463900.0,2.544558172848171,26496760.759276953,7554
2026-07-28T16:00:00+00:00,10463814.0,10482291.0,10438584.0,10477761.0,3.98006,41593388.4626,11785
2026-07-28T17:00:00+00:00,10473914.0,10475841.0,10398729.0,10416411.0,2.81563,29399992.86406,8404
2026-07-28T18:00:00+00:00,10416412.0,10450680.0,10416412.0,10440446.0,4.45394,46486940.08289,13252
2026-07-28T19:00:00+00:00,10440446.0,10466716.0,10428970.0,10464222.0,5.38922,56296295.64866,15823
2026-07-28T20:00:00+00:00,10465406.0,10486313.0,10462145.0,10467349.0,3.8251414810281434,40057257.74156677,11230
2026-07-28T21:00:00+00:00,10467349.0,10486764.0,10462017.0,10473164.0,4.5051468850446055,47176975.71437,13292
2026-07-28T22:00:00+00:00,10473164.0,10481842.0,10445583.0,10447342.0,3.604968163874916,37724890.81377,10704
2026-07-28T23:00:00+00:00,10446620.0,10471601.0,10406557.0,10464806.0,3.5035087940366396,36564828.95366,10369
2026-07-29T00:00:00+00:00,10467692.0,10507362.0,10453518.0,10462036.0,3.0352441867779554,31803480.87599,9146
2026-07-29T01:00:00+00:00,10461834.0,10471975.0,10426232.0,10428738.0,2.651667882911317,27717708.57614,8051
2026-07-29T02:00:00+00:00,10429427.0,10488315.0,10429427.0,10465179.0,3.39496,35530954.68425,10075
2026-07-29T03:00:00+00:00,10464997.0,10476427.0,10421964.0,10426108.0,10.016678913621918,104629415.59148,2697
2026-07-29T04:00:00+00:00,10426108.0,10453945.0,10407842.0,10450264.0,7.70382,80392094.07698,3285
2026-07-29T05:00:00+00:00,10450264.0,10473141.0,10442330.0,10470742.0,0.80443,8417354.25109,2555
2026-07-29T06:00:00+00:00,10470742.0,10538687.0,10463403.0,10532157.0,4.449772423816634,46766194.92705,7239
2026-07-29T07:00:00+00:00,10532157.0,10559970.0,10532156.0,10558894.0,4.39841,46374645.25169,4102
2026-07-29T08:00:00+00:00,10558894.0,10562678.0,10509555.0,10528904.0,3.5165425185127006,37016153.07844,10383
2026-07-29T09:00:00+00:00,10529024.0,10580132.0,10523866.0,10580132.0,2.8778,30352681.31035,8596
2026-07-29T10:00:00+00:00,10574409.0,10595186.0,10541903.0,10544365.0,4.053222918783481,42850050.41268,11470
2026-07-29T11:00:00+00:00,10544365.0,10558192.0,10540187.0,10550509.0,2.623891137279814,27678563.75122,7789
2026-07-29T12:00:00+00:00,10550508.0,10550574.0,10522929.0,10531345.0,1.2402922360724333,13062509.94724,3753
2026-07-29T13:00:00+00:00,10531302.0,10580280.0,10492759.0,10580280.0,1.54916,16293948.71748,4737
2026-07-29T14:00:00+00:00,10583491.0,10584491.0,10488771.0,10501758.0,2.94214,30950782.4628,8996
2026-07-29T15:00:00+00:00,10501205.0,10514215.0,10479000.0,10479350.0,1.59367,16732597.37113,4278
2026-07-29T16:00:00+00:00,10479350.0,10501655.0,10431252.0,10449118.0,1.12917,11829655.1858,2431
2026-07-29T17:00:00+00:00,10447850.0,10514719.0,10431694.0,10514718.0,2.14289,22424598.61335,6471
2026-07-29T18:00:00+00:00,10519345.0,10564269.0,10436836.0,10524588.0,2.599421434122174,27327548.79613,7588
2026-07-29T19:00:00+00:00,10524034.0,10538308.0,10396716.0,10401046.0,1.5485497287190286,16219960.46213,4715
2026-07-29T20:00:00+00:00,10397909.0,10411844.0,10359122.0,10378188.0,1.1404452364076911,11844800.24003,3297
2026-07-29T21:00:00+00:00,10378188.0,10415156.0,10337331.0,10415156.0,1.9220535719605447,19949452.49884,5435
2026-07-29T22:00:00+00:00,10433971.0,10475279.0,10433971.0,10440240.0,5.532869756919687,57826571.96324,16375
2026-07-29T23:00:00+00:00,10440750.0,10455225.0,10425289.0,10442865.0,4.317928742614106,45090643.65503,12749
2026-07-30T00:00:00+00:00,10442865.0,10458791.0,10400000.0,10406609.0,4.333296501195148,45216513.8661,12968
2026-07-30T01:00:00+00:00,10410636.0,10511586.0,10406849.0,10498089.0,3.394380849423615,35455532.32962,9593
2026-07-30T02:00:00+00:00,10497306.0,10527315.0,10477828.0,10484264.0,5.38403,56537101.12362,15952
2026-07-30T03:00:00+00:00,10484264.0,10507386.0,10477057.0,10491625.0,8.656162345851634,90838885.9513,10985
2026-07-30T04:00:00+00:00,10491625.0,10498212.0,10467736.0,10470774.0,18.11339,189987055.8339,4685
2026-07-30T05:00:00+00:00,10472132.0,10491901.0,10451487.0,10482933.0,13.775173796555661,144337671.54684,4578
2026-07-30T06:00:00+00:00,10482710.0,10485000.0,10463993.0,10474006.0,5.150445197525397,53954914.71077,7304
2026-07-30T07:00:00+00:00,10474306.0,10496191.0,10462866.0,10479063.0,4.36588,45749773.86755,12998
2026-07-30T08:00:00+00:00,10479623.0,10523156.0,10467612.0,10517152.0,5.82108,61114589.63387,16979
2026-07-30T09:00:00+00:00,10517152.0,10562434.0,10509790.0,10539940.0,4.188378594242187,44110364.28185,11542
2026-07-30T10:00:00+00:00,10539968.0,10547074.0,10490416.0,10508508.0,4.514402813506051,47490335.88756,13310
2026-07-30T11:00:00+00:00,10509442.0,10562043.0,10498487.0,10544765.0,6.0095156892811135,63238444.8717,17139
2026-07-30T12:00:00+00:00,10544765.0,10584491.0,10544237.0,10569698.0,2.93177078018064,30974575.47568,8450
2026-07-30T13:00:00+00:00,10568567.0,10569098.0,10409430.0,10410674.0,3.429358284426463,36144753.54876,9903
2026-07-30T14:00:00+00:00,10400000.0,10400001.0,10222223.0,10307658.0,1.702281527518445,17581558.24273,4110
2026-07-30T15:00:00+00:00,10307658.0,10345170.0,10300000.0,10322067.0,2.3950805107026776,24714664.90052,7307
2026-07-30T16:00:00+00:00,10322067.0,10355175.0,10322067.0,10346957.0,4.27724,44245350.81358,12683
2026-07-30T17:00:00+00:00,10346957.0,10381284.0,10300189.0,10317494.0,3.63433,37589801.78229,10693
2026-07-30T18:00:00+00:00,10315978.0,10316576.0,10294080.0,10294080.0,0.13343883494768594,1375343.79313,523
2026-07-30T19:00:00+00:00,10294080.0,10341164.0,10294080.0,10326884.0,5.17057,53408545.71242,15289
2026-07-30T20:00:00+00:00,10326884.0,10350505.0,10325637.0,10332197.0,3.8124486532623596,39409674.64704,11175
2026-07-30T21:00:00+00:00,10333447.0,10350000.0,10327392.0,10341104.0,3.290367117894863,34001878.25218,9308
2026-07-30T22:00:00+00:00,10337317.0,10386522.0,10328063.0,10354682.0,2.7638659094805655,28636850.94441,8380
2026-07-30T23:00:00+00:00,10354682.0,10420448.0,10344236.0,10377748.0,4.104368965424552,42608895.50429,12263
2026-07-31T00:00:00+00:00,10377748.0,10425706.0,10371337.0,10390160.0,2.6769626381490137,27801705.76393,7855
2026-07-31T01:00:00+00:00,10391547.0,10490416.0,10371337.0,10376069.0,0.9094738362340696,9487057.8684,2603
2026-07-31T02:00:00+00:00,10376069.0,10388423.0,10308822.0,10319864.0,1.1195319791336922,11589050.034072082,3290
2026-07-31T03:00:00+00:00,10319863.0,10359584.0,10314732.0,10347845.0,12.053981176184786,124631637.48088,3277
2026-07-31T04:00:00+00:00,10346379.0,10368914.0,10336505.0,10343389.0,11.666748084479204,120736553.61429,4377
2026-07-31T05:00:00+00:00,10343390.0,10371742.0,10339931.0,10343669.0,10.552584004292035,109251058.07739,2717
2026-07-31T06:00:00+00:00,10342748.0,10357911.0,10290000.0,10298561.0,4.254284129369373,43979839.67229,3165
2026-07-31T07:00:00+00:00,10298638.0,10303764.0,10256403.0,10256403.0,1.7117246289195096,17600193.75291,4752
2026-07-31T08:00:00+00:00,10251160.0,10269727.0,10145669.0,10145669.0,3.374596050228696,34575444.50236,1477
2026-07-31T09:00:00+00:00,10145669.0,10212339.0,10129649.0,10202318.0,1.6474205197399956,16776365.49527,4788
2026-07-31T10:00:00+00:00,10202318.0,10241895.0,10187876.0,10234907.0,1.728384799341907,17670075.37298,5144
2026-07-31T11:00:00+00:00,10234403.0,10252167.0,10230000.0,10230000.0,2.260455312290192,23140164.85667,6968
2026-07-31T12:00:00+00:00,10230000.0,10232878.0,10207261.0,10228733.0,1.0946667129118806,11191762.229800737,3497
2026-07-31T13:00:00+00:00,10230172.0,10247188.0,10091204.0,10096099.0,1.26714,12931591.99842,3879
2026-07-31T14:00:00+00:00,10096099.0,10098526.0,9960328.0,9991964.0,0.8705013469672268,8714286.1156,2034
2026-07-31T15:00:00+00:00,9990086.0,9998351.0,9953498.0,9992735.0,1.6892007772426616,16866243.90137,5293
2026-07-31T16:00:00+00:00,9986672.0,10028410.0,9986672.0,10025534.0,0.9804493962008499,9818885.77446,3058
2026-07-31T17:00:00+00:00,10024851.0,10044371.0,9979985.0,10026546.0,0.9649001371086118,9660513.13331,2977
2026-07-31T18:00:00+00:00,10026546.0,10052704.0,10002877.0,10033626.0,1.14175,11451249.01519,3728
2026-07-31T19:00:00+00:00,10033652.0,10043246.0,10016875.0,10023915.0,1.41196,14161208.49744,4483
2026-07-31T20:00:00+00:00,10027032.0,10033400.0,9923198.0,9929828.0,0.8348609950176705,8338088.55027,2095
2026-07-31T21:00:00+00:00,9929901.0,9945451.0,9912381.0,9930000.0,2.4469159256002446,24307768.77016762,7185
2026-07-31T22:00:00+00:00,9930000.0,9941612.0,9920533.0,9931841.0,2.12351,21091797.5868,6257
2026-07-31T23:00:00+00:00,9931841.0,9942276.0,9923178.0,9927000.0,4.002797664464751,39771944.98576,11622
2026-08-01T00:00:00+00:00,9927001.0,9956465.0,9927001.0,9931196.0,2.4708770076922324,24551463.63298,7123
2026-08-01T01:00:00+00:00,9931196.0,9953667.0,9926558.0,9932504.0,2.6916724012805613,26738388.92177,7854
2026-08-01T02:00:00+00:00,9932504.0,9983730.0,9929641.0,9947007.0,2.986941316215821,29693265.84238,8295
2026-08-01T03:00:00+00:00,9947007.0,9950001.0,9931933.0,9935902.0,0.8047718954505865,7997747.29685,2418
2026-08-01T04:00:00+00:00,9935902.0,9952338.0,9929185.0,9948220.0,1.0624006169806532,10557956.09423,3381
2026-08-01T05:00:00+00:00,9948220.0,9956775.0,9933897.0,9939498.0,1.2498881239518624,12431854.3898,3922
2026-08-01T06:00:00+00:00,9939618.0,9958179.0,9933194.0,9949242.0,2.2159074586623193,22043898.89805,6004
2026-08-01T07:00:00+00:00,9949224.0,9956451.0,9944960.0,9949046.0,1.92555,19158266.83189,5801
2026-08-01T08:00:00+00:00,9950708.0,9959272.0,9949019.0,9959272.0,1.6026730004602745,15950443.38249,4641
2026-08-01T09:00:00+00:00,9954461.0,9960116.0,9949000.0,9950911.0,1.7368708150278722,17290832.12037,5187
2026-08-01T10:00:00+00:00,9949001.0,9954633.0,9937983.0,9948346.0,1.7167353495053872,17074391.78244,5073
2026-08-01T11:00:00+00:00,9948346.0,9955976.0,9945299.0,9947640.0,3.8701222678902045,38510054.15295,11295
2026-08-01T12:00:00+00:00,9950599.0,9961055.0,9948396.0,9951508.0,2.734435454447831,27213635.64157,8132
2026-08-01T13:00:00+00:00,9951956.0,9954336.0,9942687.0,9944306.0,3.511542679994495,34940068.01465,10387
2026-08-01T14:00:00+00:00,9944299.0,9957038.0,9937112.0,9943556.0,1.22603,12195418.87449,3794
2026-08-01T15:00:00+00:00,9943556.0,9944770.0,9923789.0,9923790.0,0.08488686277181084,843528.5022699999,706
2026-08-01T16:00:00+00:00,9923820.0,9925429.0,9904882.0,9910312.0,0.16786,1663776.68755,894
2026-08-01T17:00:00+00:00,9910312.0,9918870.0,9869380.0,9876922.0,0.6907610751566564,6835906.3787,2426
2026-08-01T18:00:00+00:00,9876924.0,9881254.0,9811800.0,9851204.0,0.62349,6146898.53186,1720
2026-08-01T19:00:00+00:00,9859708.0,9866049.0,9838582.0,9847477.0,0.24900264417106202,2452286.16296,1132
2026-08-01T20:00:00+00:00,9847477.0,9870289.0,9842503.0,9870289.0,0.042150525662419815,415314.77666,233
2026-08-01T21:00:00+00:00,9869252.0,9898907.0,9869252.0,9894036.0,0.92083,9105567.59059,2972
2026-08-01T22:00:00+00:00,9894941.0,9906239.0,9892149.0,9900426.0,2.625030048875255,25990078.82582,7815
2026-08-01T23:00:00+00:00,9900426.0,9906356.0,9888848.0,9895157.0,0.6808115211539129,6740356.78636,2321
2026-08-02T00:00:00+00:00,9900312.0,9920504.0,9892885.0,9895318.0,0.6389507973940889,6329195.89869,2309
2026-08-02T01:00:00+00:00,9895318.0,9930359.0,9895318.0,9919580.0,0.46102,4571963.08962,1233
2026-08-02T02:00:00+00:00,9919580.0,10010638.0,9912805.0,9986127.0,0.91448,9104126.08845,2799
2026-08-02T03:00:00+00:00,9985456.0,10007761.0,9979673.0,9990127.0,1.17488,11736671.67023,3726
2026-08-02T04:00:00+00:00,9990127.0,10012131.0,9990127.0,10009160.0,0.53257,5328399.18451,1744
2026-08-02T05:00:00+00:00,10009160.0,10017760.0,9985756.0,9989465.0,1.49561,14948842.25968,4489
2026-08-02T06:00:00+00:00,9990111.0,9995894.0,9987739.0,9992712.0,2.06427,20625616.26537,6193
2026-08-02T07:00:00+00:00,9992445.0,10001134.0,9990460.0,9993585.0,3.44235,34402623.26002,10183
2026-08-02T08:00:00+00:00,9993585.0,9997311.0,9947604.0,9951624.0,1.92528,19201613.61817,5843
2026-08-02T09:00:00+00:00,9951624.0,9967841.0,9938476.0,9958039.0,2.860300585158869,28485937.39675,8507
2026-08-02T10:00:00+00:00,9958362.0,9961578.0,9948620.0,9948620.0,1.04602,10413640.42207,2947
2026-08-02T11:00:00+00:00,9948761.0,9952129.0,9914699.0,9920333.0,0.6527025356114668,6485961.86757,1905
2026-08-02T12:00:00+00:00,9919677.0,9957243.0,9918897.0,9948241.0,0.34471,3427042.19955,963
2026-08-02T13:00:00+00:00,9935506.0,9935506.0,9930082.0,9930082.0,0.00061,6057.67546,2
2026-08-02T14:00:00+00:00,9930082.0,9930082.0,9930082.0,9930082.0,0.0,0.0,0
2026-08-02T15:00:00+00:00,9930082.0,9930082.0,9930082.0,9930082.0,0.0,0.0,0
2026-08-02T16:00:00+00:00,9924554.0,9941309.0,9924460.0,9941309.0,0.17866068716979644,1773754.86006,578
2026-08-02T17:00:00+00:00,9942872.0,9942872.0,9942872.0,9942872.0,4e-05,397.71488,1
2026-08-02T18:00:00+00:00,9955652.0,9970813.0,9955652.0,9970813.0,0.000210178182202431,2095.0382099999965,2
2026-08-02T19:00:00+00:00,9969581.0,9974946.0,9958130.0,9972156.0,0.04765,474902.97826,87
2026-08-02T20:00:00+00:00,9970646.0,9984310.0,9966895.0,9981352.0,3.3328,33241963.16311,9760
2026-08-02T21:00:00+00:00,9981352.0,10041359.0,9977279.0,10015544.0,3.1734103257204693,31721674.596166678,9551
2026-08-02T22:00:00+00:00,10007890.0,10013162.0,9956579.0,9969748.0,2.493334966159164,24905855.14894,7508
2026-08-02T23:00:00+00:00,9969742.0,10025643.0,9955702.0,10010978.0,3.4783496689402216,34790688.23528,8973
2026-08-03T00:00:00+00:00,10010978.0,10018426.0,9830176.0,9878766.0,2.19825,21813453.69032,5862
2026-08-03T01:00:00+00:00,9873971.0,9899390.0,9847928.0,9877638.0,3.5733885127996277,35291623.24798,10001
2026-08-03T02:00:00+00:00,9877638.0,9894708.0,9868171.0,9875079.0,3.7674211678308556,37217486.13592,11303
2026-08-03T03:00:00+00:00,9872988.0,9884725.0,9831667.0,9835953.0,10.20246101079118,100651307.46584,10311
2026-08-03T04:00:00+00:00,9835953.0,9860000.0,9832935.0,9841448.0,11.34839,111760463.79058,3506
2026-08-03T05:00:00+00:00,9835849.0,9847664.0,9818956.0,9830800.0,8.364832758425809,82259297.1518,9935
2026-08-03T06:00:00+00:00,9835505.0,9859707.0,9815875.0,9816183.0,4.712334899831767,46353718.22838,7560
2026-08-03T07:00:00+00:00,9816183.0,9824624.0,9794867.0,9817376.0,4.728851908107014,46404839.45541,13655
2026-08-03T08:00:00+00:00,9817720.0,9821650.0,9766158.0,9813977.0,4.71278,46177024.02255,14014
2026-08-03T09:00:00+00:00,9815939.0,9871748.0,9811526.0,9869172.0,6.263116806556841,61618973.91602,17959
2026-08-03T10:00:00+00:00,9869172.0,9871155.0,9826228.0,9838789.0,5.630813423826803,55451988.31627,16415
2026-08-03T11:00:00+00:00,9838789.0,9853696.0,9797059.0,9798492.0,4.85407,47737491.20415,14248
2026-08-03T12:00:00+00:00,9798315.0,9847482.0,9781589.0,9831027.0,5.01611731747551,49258564.11279,14828
2026-08-03T13:00:00+00:00,9831027.0,9913839.0,9787514.0,9910141.0,4.3835483185827755,43131343.44645,12819
2026-08-03T14:00:00+00:00,9885552.0,10009618.0,9882693.0,10005478.0,1.6404394942732903,16320492.06821,5172
2026-08-03T15:00:00+00:00,10005478.0,10013533.0,9974618.0,9989226.0,4.354023319040251,43520220.92945,12351
2026-08-03T16:00:00+00:00,9989226.0,10022624.0,9984009.0,9996331.0,4.245963217541812,42484259.00257,12652
2026-08-03T17:00:00+00:00,9991315.0,10040999.0,9991315.0,10026994.0,5.258352082045934,52691305.01818393,15514
2026-08-03T18:00:00+00:00,10026994.0,10036518.0,9995000.0,10007289.0,7.0719799612482905,70840624.46206,20774
2026-08-03T19:00:00+00:00,10012822.0,10041000.0,10003432.0,10018604.0,5.23541,52475475.59356,15334
2026-08-03T20:00:00+00:00,10018604.0,10046115.0,10009400.0,10020784.0,4.9225,49358353.24593,14410
2026-08-03T21:00:00+00:00,10020784.0,10024296.0,9982823.0,9991755.0,6.027359903167893,60329856.57595,17003
2026-08-03T22:00:00+00:00,9991472.0,10014758.0,9970399.0,10007999.0,5.641980235604389,56382914.23223,16603
2026-08-03T23:00:00+00:00,10007998.0,10007998.0,9988202.0,10004909.0,6.619369984245884,66180533.3431,19460
2026-08-04T00:00:00+00:00,10004486.0,10010763.0,9964779.0,9972730.0,4.532156036903865,45220186.35332,13556
2026-08-04T01:00:00+00:00,9973507.0,10061439.0,9972390.0,10052938.0,4.5347,45415583.45299,13373
2026-08-04T02:00:00+00:00,10052976.0,10077824.0,10035746.0,10063517.0,6.919448118914312,69570597.75601,18640
2026-08-04T03:00:00+00:00,10063421.0,10065228.0,10029655.0,10063981.0,10.66566,107281224.01063,5790
2026-08-04T04:00:00+00:00,10062194.0,10120001.0,10049386.0,10096714.0,20.737748130758447,209364422.5466,3399
2026-08-04T05:00:00+00:00,10095641.0,10101246.0,10055240.0,10068504.0,6.509684674267749,65572551.95584,4837
2026-08-04T06:00:00+00:00,10061132.0,10084786.0,10043512.0,10052966.0,10.742089590104001,108123143.70465,8605
2026-08-04T07:00:00+00:00,10052970.0,10076425.0,10023631.0,10058145.0,10.433365484021605,104819880.8748,8951
2026-08-04T08:00:00+00:00,10058145.0,10068271.0,10034208.0,10037636.0,7.678677331611396,77185022.49026,13349
2026-08-04T09:00:00+00:00,10037642.0,10043451.0,10025187.0,10041202.0,5.516307751462437,55366430.68664,16262
2026-08-04T10:00:00+00:00,10041202.0,10079104.0,10023126.0,10064178.0,4.87709,48969326.6414,14568
2026-08-04T11:00:00+00:00,10064178.0,10076496.0,10044714.0,10061412.0,4.353481115136453,43808801.16872,11468
2026-08-04T12:00:00+00:00,10054663.0,10074523.0,9949018.0,10063114.0,3.28046,32948614.72692,5414
2026-08-04T13:00:00+00:00,10063114.0,10080535.0,10018656.0,10023466.0,3.9179,39419139.78164,11829
2026-08-04T14:00:00+00:00,10022906.0,10107296.0,10009448.0,10098052.0,1.8374558179546692,18468761.60418,5580
2026-08-04T15:00:00+00:00,10098052.0,10113661.0,10048044.0,10096356.0,2.85848,28821089.56461,8610
2026-08-04T16:00:00+00:00,10096356.0,10096722.0,10069880.0,10072942.0,3.74668,37780641.22301,11031
2026-08-04T17:00:00+00:00,10073944.0,10113161.0,10066045.0,10081607.0,3.98908535049168,40261810.72516,11922
2026-08-04T18:00:00+00:00,10081623.0,10146189.0,10080638.0,10137718.0,2.51223,25435139.45783,7375
2026-08-04T19:00:00+00:00,10138752.0,10160257.0,10134398.0,10140450.0,2.47547,25116258.9106,7542
2026-08-04T20:00:00+00:00,10115616.0,10155538.0,10091330.0,10149242.0,3.19358,32363883.07747,9428
2026-08-04T21:00:00+00:00,10149242.0,10151188.0,10120267.0,10126250.0,5.686979482888659,57642576.46868451,16634
2026-08-04T22:00:00+00:00,10127263.0,10142877.0,10117676.0,10139340.0,5.880688032280906,59579266.67661,17148
2026-08-04T23:00:00+00:00,10138550.0,10183919.0,10119908.0,10126552.0,2.0115332642730577,20408200.00425942,5897
2026-08-05T00:00:00+00:00,10114422.0,10114422.0,10091300.0,10091300.0,4.34361,43863855.93578,12783
2026-08-05T01:00:00+00:00,10091300.0,10142763.0,10086122.0,10139238.0,3.8573777943751435,39016161.48759,11203
2026-08-05T02:00:00+00:00,10139238.0,10166843.0,10130177.0,10134371.0,3.298889011922268,33466234.5147,9561
2026-08-05T03:00:00+00:00,10134575.0,10136850.0,10083876.0,10102596.0,1.89579,19151743.95119,5541
2026-08-05T04:00:00+00:00,10101542.0,10124655.0,10090114.0,10120953.0,9.237433327393592,93370550.13301,5147
2026-08-05T05:00:00+00:00,10133044.0,10167000.0,10132674.0,10144366.0,1.2445904094599354,12627464.24867,1499
2026-08-05T06:00:00+00:00,10144362.0,10153165.0,10127978.0,10131883.0,4.403174889976743,44681585.58843,2365
2026-08-05T07:00:00+00:00,10129377.0,10132839.0,10094810.0,10122236.0,3.3604743362150877,33983727.20412,9695
2026-08-05T08:00:00+00:00,10122796.0,10142830.0,10118638.0,10122640.0,4.12832,41821095.8125,12011
2026-08-05T09:00:00+00:00,10123140.0,10132857.0,10119850.0,10122446.0,6.01733,60928130.925,17476
2026-08-05T10:00:00+00:00,10121001.0,10136163.0,10100247.0,10103586.0,6.78239,68647742.80673,19769
2026-08-05T11:00:00+00:00,10103586.0,10104445.0,10094096.0,10102204.0,1.1352095879762607,11465264.6514,3328
2026-08-05T12:00:00+00:00,10101539.0,10167024.0,10100279.0,10141980.0,2.2615200886204154,22931946.90367,6544
2026-08-05T13:00:00+00:00,10141980.0,10147953.0,10070000.0,10147953.0,2.4709521103822083,25015713.7698,7385
2026-08-05T14:00:00+00:00,10146321.0,10160301.0,10121645.0,10153257.0,2.00568,20343373.84271,6190
2026-08-05T15:00:00+00:00,10153257.0,10193436.0,10148012.0,10149423.0,1.57294,15982618.71501,4902
2026-08-05T16:00:00+00:00,10150580.0,10200000.0,10147760.0,10195307.0,0.74582,7598212.87479,2275
2026-08-05T17:00:00+00:00,10195858.0,10208108.0,10176599.0,10204510.0,2.61892,26693518.26818,7853
2026-08-05T18:00:00+00:00,10204511.0,10216047.0,10190199.0,10207217.0,4.14818,42326831.79848,12322
2026-08-05T19:00:00+00:00,10209244.0,10235468.0,10209244.0,10221309.0,4.53974,46447031.90105,13121
2026-08-05T20:00:00+00:00,10221309.0,10252742.0,10219203.0,10225575.0,2.010258176500127,20580917.85915,5989
2026-08-05T21:00:00+00:00,10226130.0,10226196.0,10197722.0,10210387.0,2.88517,29455356.25205,8451
2026-08-05T22:00:00+00:00,10204702.0,10215544.0,10202670.0,10203161.0,2.916459159089872,29763996.28933,8563
2026-08-05T23:00:00+00:00,10203160.0,10205605.0,10186995.0,10190178.0,2.9732856910643792,30317129.44713,8668
2026-08-06T00:00:00+00:00,10187664.0,10206484.0,10182308.0,10197180.0,1.785095155368188,18198423.02032,5008
2026-08-06T01:00:00+00:00,10197180.0,10197658.0,10167204.0,10182902.0,6.886296478119394,70127147.31769,19967
2026-08-06T02:00:00+00:00,10182902.0,10190160.0,10160301.0,10179766.0,5.20971,53017271.15246,15337
2026-08-06T03:00:00+00:00,10179766.0,10205202.0,10170577.0,10184964.0,18.125709561072746,184657190.06852,9411
2026-08-06T04:00:00+00:00,10184964.0,10225000.0,10175805.0,10223125.0,16.408304370586475,167595274.97172,5929
2026-08-06T05:00:00+00:00,10224074.0,10263443.0,10223128.0,10247124.0,6.5385904944017295,66986138.82933,5850
2026-08-06T06:00:00+00:00,10247124.0,10250638.0,10226842.0,10243493.0,2.8456829137504354,29133363.75256,2295
2026-08-06T07:00:00+00:00,10243493.0,10259881.0,10233358.0,10238286.0,3.3993647920307466,34830254.46919,10014
2026-08-06T08:00:00+00:00,10238673.0,10258077.0,10227165.0,10251923.0,2.65634,27200818.10432,7966
2026-08-06T09:00:00+00:00,10250142.0,10250142.0,10212591.0,10219683.0,4.0452836633805225,41359557.21548,11693
2026-08-06T10:00:00+00:00,10219630.0,10228929.0,10203258.0,10207050.0,4.902551240108913,50064247.8879,14441
2026-08-06T11:00:00+00:00,10208159.0,10226413.0,10192190.0,10206878.0,4.743478642952981,48423504.73588,13518
2026-08-06T12:00:00+00:00,10205450.0,10207225.0,10176285.0,10179186.0,3.0934125351166246,31518338.61145,9067
2026-08-06T13:00:00+00:00,10180426.0,10183160.0,10135407.0,10172220.0,3.3126675771285594,33650060.83349,9638
2026-08-06T14:00:00+00:00,10172781.0,10251597.0,10172781.0,10244036.0,2.26017,23089492.24459,5788
2026-08-06T15:00:00+00:00,10244036.0,10275135.0,10238252.0,10238252.0,1.7367189440325572,17808342.24537,5258
2026-08-06T16:00:00+00:00,10239064.0,10265080.0,10234417.0,10258886.0,4.98916,51129040.58534,14845
2026-08-06T17:00:00+00:00,10258886.0,10259522.0,10228355.0,10228495.0,1.35257,13860774.49946,4039
2026-08-06T18:00:00+00:00,10228490.0,10228490.0,10193967.0,10199147.0,4.618102647889792,47147331.32712,13596
2026-08-06T19:00:00+00:00,10199147.0,10215190.0,10195382.0,10209992.0,6.31207,64416954.48391,18471
2026-08-06T20:00:00+00:00,10209716.0,10226336.0,10209166.0,10216026.0,6.19584,63318047.13016,18052
2026-08-06T21:00:00+00:00,10216026.0,10225394.0,10204621.0,10213253.0,6.748808097742125,68945358.67901,19752
2026-08-06T22:00:00+00:00,10213253.0,10217806.0,10196168.0,10199289.0,8.05486,82202218.72045,23307
2026-08-06T23:00:00+00:00,10197700.0,10202010.0,10170759.0,10190626.0,3.0373054469979412,30937444.17415,8825
2026-08-07T00:00:00+00:00,10191386.0,10207394.0,10180582.0,10193917.0,3.3321872090489206,33966065.8197,9810
2026-08-07T01:00:00+00:00,10200056.0,10211866.0,10177136.0,10198297.0,4.58740778067073,46779331.72034,13234
2026-08-07T02:00:00+00:00,10198298.0,10208618.0,10173223.0,10201030.0,2.9209189755615474,29768240.0301,8741
2026-08-07T03:00:00+00:00,10201030.0,10204843.0,10178662.0,10181498.0,6.27766393168396,64005094.57897,5056
2026-08-07T04:00:00+00:00,10181498.0,10209432.0,10171530.0,10192505.0,15.752901289155782,160627905.69136,4172
2026-08-07T05:00:00+00:00,10193566.0,10195391.0,10175347.0,10195000.0,6.228550778015123,63434262.17206,3231
2026-08-07T06:00:00+00:00,10195000.0,10208491.0,10186625.0,10190372.0,7.94878,81116979.04574,1955
2026-08-07T07:00:00+00:00,10190404.0,10220424.0,10190000.0,10200502.0,3.4770524674312284,35497217.36338,3982
2026-08-07T08:00:00+00:00,10200502.0,10234417.0,10196488.0,10234417.0,1.2944630066211167,13224835.98596,3876
2026-08-07T09:00:00+00:00,10234417.0,10277258.0,10233640.0,10273586.0,1.3144225013129256,13476234.64639,3468
2026-08-07T10:00:00+00:00,10277259.0,10302533.0,10277259.0,10302533.0,0.14067249670885448,1448001.0,21
2026-08-07T11:00:00+00:00,10281166.0,10294129.0,10281166.0,10294129.0,0.05366599054495675,551980.32415,14
2026-08-07T12:00:00+00:00,10300000.0,10337645.0,10215795.0,10256048.0,0.29289,3012123.79353,73
2026-08-07T13:00:00+00:00,10271475.0,10282501.0,10271475.0,10280943.0,0.01127,115863.48445,4
2026-08-07T14:00:00+00:00,10282801.0,10282801.0,10264579.0,10264579.0,0.000394499533735992,4052.9157999999925,2
2026-08-07T15:00:00+00:00,10264579.0,10264579.0,10264579.0,10264579.0,0.0,0.0,0
2026-08-07T16:00:00+00:00,10234417.0,10234417.0,10234417.0,10234417.0,0.00032,3275.01344,1
2026-08-07T17:00:00+00:00,10213842.0,10213842.0,10197359.0,10197359.0,0.000379162540403503,3867.128469999996,3
2026-08-07T18:00:00+00:00,10197359.0,10197359.0,10197359.0,10197359.0,0.0,0.0,0
2026-08-07T19:00:00+00:00,10234417.0,10245810.0,10231985.0,10242154.0,1.21036,12393593.13373,3658
2026-08-07T20:00:00+00:00,10242154.0,10261636.0,10240152.0,10255298.0,3.05539,31327569.88932,8972
2026-08-07T21:00:00+00:00,10255298.0,10274052.0,10254515.0,10257215.0,3.80190899405097,39008709.67889,11268
2026-08-07T22:00:00+00:00,10256000.0,10256000.0,10234867.0,10242544.0,1.7435535607721535,17858744.2135,5136
2026-08-07T23:00:00+00:00,10242544.0,10246409.0,10240712.0,10245852.0,3.96972,40661746.10653,11471
2026-08-08T00:00:00+00:00,10245460.0,10254490.0,10232981.0,10241260.0,2.38723355300295,24450852.32998,6995
2026-08-08T01:00:00+00:00,10242194.0,10253748.0,10242194.0,10246388.0,3.710889028750041,38025213.21372,10810
2026-08-08T02:00:00+00:00,10246388.0,10271828.0,10244152.0,10248150.0,4.303475195527028,44107238.71686,12201
2026-08-08T03:00:00+00:00,10248150.0,10271532.0,10247136.0,10262712.0,5.39625,55360642.88447,15710
2026-08-08T04:00:00+00:00,10262712.0,10279627.0,10255782.0,10263938.0,3.7282713470515483,38260435.28797,10568
2026-08-08T05:00:00+00:00,10263938.0,10271511.0,10262460.0,10265921.0,2.324864096945704,23870210.87144,6823
2026-08-08T06:00:00+00:00,10266121.0,10267254.0,10265000.0,10266701.0,0.3239,3325125.24375,1200
2026-08-08T07:00:00+00:00,10266702.0,10289600.0,10265000.0,10265000.0,0.9792673831284942,10054488.76957,2695
2026-08-08T08:00:00+00:00,10265000.0,10269987.0,10265000.0,10265000.0,0.23839988052283437,2447258.00602,400
2026-08-08T09:00:00+00:00,10265000.0,10308633.0,10265000.0,10265001.0,0.5695360161429746,5848382.19246,1797
2026-08-08T10:00:00+00:00,10265006.0,10307731.0,10265000.0,10265000.0,0.10072236498895829,1036013.7152,76
2026-08-08T11:00:00+00:00,10265004.0,10265130.0,10265000.0,10265000.0,0.04256483534367688,436931.81713,227
2026-08-08T12:00:00+00:00,10265000.0,10276212.0,10265000.0,10266770.0,0.9562,9817293.78812,2630
2026-08-08T13:00:00+00:00,10266720.0,10268057.0,10266500.0,10266506.0,0.45286702060856926,4649503.97918,1593
2026-08-08T14:00:00+00:00,10268386.0,10287140.0,10266870.0,10283538.0,2.22222,22839524.65755,6797
2026-08-08T15:00:00+00:00,10282804.0,10283472.0,10272638.0,10273904.0,2.988551953243104,30707544.2057,8779
2026-08-08T16:00:00+00:00,10273904.0,10276178.0,10266860.0,10273998.0,3.49654,35916016.99533,10204
2026-08-08T17:00:00+00:00,10273171.0,10286481.0,10271719.0,10278924.0,5.46961,56217571.22886,15916
2026-08-08T18:00:00+00:00,10278924.0,10280062.0,10266500.0,10266500.0,3.54851,36456033.18631,10460
2026-08-08T19:00:00+00:00,10267251.0,10269744.0,10266500.0,10269744.0,1.83548,18845908.03394,5475
2026-08-08T20:00:00+00:00,10270050.0,10274185.0,10267846.0,10272024.0,3.944339208701233,40510964.25562,11634
2026-08-08T21:00:00+00:00,10272024.0,10272873.0,10266500.0,10266500.0,3.03737,31192515.53979,8852
2026-08-08T22:00:00+00:00,10266500.0,10267042.0,10265000.0,10265000.0,0.12828,1316978.82991,307
2026-08-08T23:00:00+00:00,10265000.0,10265001.0,10265000.0,10265000.0,0.7590192255207768,7791332.35188,101
2026-08-09T00:00:00+00:00,10265000.0,10265001.0,10265000.0,10265000.0,0.4181348368051791,4292154.1,21
2026-08-09T01:00:00+00:00,10265001.0,10265001.0,10231116.0,10234376.0,2.82216,28907209.87328,6730
2026-08-09T02:00:00+00:00,10234376.0,10234920.0,10228948.0,10230039.0,2.41968,24756897.60145,7286
2026-08-09T03:00:00+00:00,10230208.0,10230292.0,10218212.0,10224589.0,2.96498,30315902.93997,8558
2026-08-09T04:00:00+00:00,10223764.0,10229836.0,10222155.0,10222768.0,5.20567,53230537.76556,15102
2026-08-09T05:00:00+00:00,10223092.0,10226941.0,10221033.0,10225544.0,5.68906,58160460.23174,16664
2026-08-09T06:00:00+00:00,10225544.0,10238962.0,10224448.0,10235102.0,4.728648913659832,48389001.15674,13731
2026-08-09T07:00:00+00:00,10234569.0,10236813.0,10229867.0,10231139.0,6.10609,62482854.04521,17718
2026-08-09T08:00:00+00:00,10231139.0,10247884.0,10223790.0,10228818.0,4.78171,48955607.66283,13964
2026-08-09T09:00:00+00:00,10228818.0,10240929.0,10226620.0,10238193.0,7.400487747105171,75706858.13589473,21408
2026-08-09T10:00:00+00:00,10238548.0,10254042.0,10237680.0,10250878.0,8.34909,85562858.11221,24112
2026-08-09T11:00:00+00:00,10251269.0,10256224.0,10247106.0,10247930.0,8.87256,90961987.30811,25581
2026-08-09T12:00:00+00:00,10249078.0,10250416.0,10242151.0,10250006.0,8.289797880720586,84948032.58931,23906
2026-08-09T13:00:00+00:00,10250006.0,10291567.0,10248620.0,10284680.0,5.14169,52767045.9882,14826
2026-08-09T14:00:00+00:00,10284844.0,10297494.0,10276580.0,10291795.0,2.0277,20849839.42613,6158
2026-08-09T15:00:00+00:00,10291794.0,10294052.0,10281618.0,10289618.0,7.499097164194955,77162932.81198,21715
2026-08-09T16:00:00+00:00,10289618.0,10294586.0,10281327.0,10290106.0,5.43102,55886828.89825,15777
2026-08-09T17:00:00+00:00,10290106.0,10291807.0,10286577.0,10288465.0,4.56525,46972711.38197,13210
2026-08-09T18:00:00+00:00,10287664.0,10288976.0,10284972.0,10286978.0,0.71993,7405616.5627,2096
2026-08-09T19:00:00+00:00,10286978.0,10286978.0,10286978.0,10286978.0,0.0,0.0,0
2026-08-09T20:00:00+00:00,10282695.0,10282695.0,10275881.0,10275881.0,0.00127,13057.86427,2
2026-08-09T21:00:00+00:00,10273096.0,10276154.0,10273096.0,10276154.0,0.001066686440496512,10959.284372253995,10
2026-08-09T22:00:00+00:00,10289783.0,10329883.0,10260253.0,10272174.0,3.00415,30913666.77655,8899
2026-08-09T23:00:00+00:00,10281643.0,10281643.0,10237976.0,10250550.0,4.3673291782159716,44768640.86652,12925
2026-08-10T00:00:00+00:00,10250550.0,10300000.0,10239761.0,10262426.0,3.4420687522115223,35317736.48499,10317
2026-08-10T01:00:00+00:00,10262426.0,10335659.0,10258668.0,10314737.0,1.442508430565361,14820607.39634,4207
2026-08-10T02:00:00+00:00,10305520.0,10316734.0,10271890.0,10304832.0,2.58519,26604571.76522,7777
2026-08-10T03:00:00+00:00,10304554.0,10309281.0,10271476.0,10281481.0,9.06441991206559,93333057.23029,6982
2026-08-10T04:00:00+00:00,10281481.0,10308411.0,10278780.0,10302037.0,10.01218,103097354.59594,9881
2026-08-10T05:00:00+00:00,10301169.0,10333200.0,10290000.0,10324964.0,11.15793,115054052.43246,2404
2026-08-10T06:00:00+00:00,10326536.0,10339581.0,10319841.0,10336471.0,4.25519677289087,43953639.31539,11485
2026-08-10T07:00:00+00:00,10338853.0,10358106.0,10332188.0,10334432.0,3.0843396315132856,31901262.61818,8910
2026-08-10T08:00:00+00:00,10334432.0,10368119.0,10333702.0,10351967.0,4.0185596396936125,41570987.88628,10785
2026-08-10T09:00:00+00:00,10352212.0,10380000.0,10327340.0,10327930.0,1.4287149792089575,14783029.69104,3950
2026-08-10T10:00:00+00:00,10332284.0,10344677.0,10326074.0,10327295.0,3.312930825615538,34228234.45405,9560
2026-08-10T11:00:00+00:00,10327295.0,10345948.0,10322911.0,10344548.0,4.272133478273067,44162739.57600436,12521
2026-08-10T12:00:00+00:00,10344548.0,10358943.0,10309612.0,10311979.0,1.1604268644350446,11991972.66595,3304
2026-08-10T13:00:00+00:00,10312293.0,10320617.0,10268544.0,10268883.0,1.2472013736273386,12856964.940487323,3819
2026-08-10T14:00:00+00:00,10280884.0,10311389.0,10277794.0,10281448.0,0.84045,8652678.36425,2536
2026-08-10T15:00:00+00:00,10281448.0,10288457.0,10214846.0,10225078.0,1.7195299890713331,17624700.77913,5025
2026-08-10T16:00:00+00:00,10225192.0,10225612.0,10149740.0,10164910.0,1.5029695568192176,15293220.74894,4649
2026-08-10T17:00:00+00:00,10164074.0,10187343.0,10154921.0,10181323.0,2.37237,24141720.85788,7182
2026-08-10T18:00:00+00:00,10181346.0,10189691.0,10157058.0,10175682.0,1.7526675285846167,17838015.33172,5274
2026-08-10T19:00:00+00:00,10177562.0,10209182.0,10175932.0,10199615.0,4.14472,42237267.40711,12281
2026-08-10T20:00:00+00:00,10201443.0,10233391.0,10201443.0,10226442.0,2.88899,29528053.89341,8565
2026-08-10T21:00:00+00:00,10224119.0,10227148.0,10197189.0,10199910.0,5.95199,60785535.13388,17466
2026-08-10T22:00:00+00:00,10199150.0,10207663.0,10188177.0,10200886.0,5.620996029439574,57316274.463466406,16323
2026-08-10T23:00:00+00:00,10199854.0,10200938.0,10186794.0,10189374.0,6.854489047704484,69886942.71929,19871
2026-08-11T00:00:00+00:00,10189370.0,10193634.0,10176650.0,10193448.0,0.4952627649053046,5043148.74168,1573
2026-08-11T01:00:00+00:00,10187708.0,10211509.0,10180242.0,10194093.0,3.0294335487298913,30880142.78522,8818
2026-08-11T02:00:00+00:00,10199533.0,10214478.0,10199338.0,10205112.0,5.02785,51318724.89778,14911
2026-08-11T03:00:00+00:00,10205112.0,10221274.0,10202698.0,10219033.0,3.4963,35707670.30596,10228
2026-08-11T04:00:00+00:00,10219032.0,10220818.0,10197784.0,10198572.0,7.909948984914038,80769737.37557,22999
2026-08-11T05:00:00+00:00,10198572.0,10204106.0,10186101.0,10198838.0,5.81463,59287037.20595,16871
2026-08-11T06:00:00+00:00,10198838.0,10209305.0,10171943.0,10171943.0,1.07929,11004089.31949,3119
2026-08-11T07:00:00+00:00,10189118.0,10214846.0,10183320.0,10214240.0,3.8199992378248706,38948786.15579,11171
2026-08-11T08:00:00+00:00,10213722.0,10223385.0,10207496.0,10215818.0,6.15198,62839668.3286,17912
2026-08-11T09:00:00+00:00,10219450.0,10244206.0,10219002.0,10244206.0,5.424220870181561,55496958.40023,15787
2026-08-11T10:00:00+00:00,10248626.0,10250225.0,10230103.0,10236947.0,3.13103,32061587.82087,9150
2026-08-11T11:00:00+00:00,10245752.0,10255236.0,10236310.0,10252808.0,3.60392,36924899.20555,10475
2026-08-11T12:00:00+00:00,10252808.0,10270250.0,10242282.0,10245160.0,4.676097886414579,47940359.99792,13865
2026-08-11T13:00:00+00:00,10245160.0,10255021.0,10135410.0,10219075.0,4.213338441030338,43048206.96621,9926
2026-08-11T14:00:00+00:00,10221270.0,10238106.0,10147778.0,10156926.0,1.92998,19701120.9477,5725
2026-08-11T15:00:00+00:00,10157693.0,10176464.0,10118442.0,10129049.0,1.7304210797875632,17574705.94277,5281
2026-08-11T16:00:00+00:00,10131018.0,10139222.0,10110158.0,10121484.0,1.3586574614237485,13761835.110955251,4100
2026-08-11T17:00:00+00:00,10119522.0,10136638.0,10117735.0,10133276.0,1.9101188030406833,19342861.41109,5620
2026-08-11T18:00:00+00:00,10133276.0,10136231.0,10086486.0,10095903.0,2.46269,24923534.12476,7379
2026-08-11T19:00:00+00:00,10094436.0,10126594.0,10079503.0,10124013.0,2.829879588732453,28587615.18137,8437
2026-08-11T20:00:00+00:00,10124013.0,10159958.0,10123939.0,10154970.0,4.25862,43221328.49379,12477
2026-08-11T21:00:00+00:00,10154970.0,10162554.0,10138696.0,10145061.0,3.153,31994772.57325,9243
2026-08-11T22:00:00+00:00,10145014.0,10159581.0,10133511.0,10135196.0,4.01374,40729061.25707,11656
2026-08-11T23:00:00+00:00,10137882.0,10139096.0,10128322.0,10133130.0,1.505868226988754,15260040.25445,4502
2026-08-12T00:00:00+00:00,10133130.0,10156488.0,10123583.0,10155286.0,0.61784,6271888.45825,1966
2026-08-12T01:00:00+00:00,10155256.0,10177349.0,10154476.0,10164642.0,1.0062919931450993,10228332.51343,2764
2026-08-12T02:00:00+00:00,10164642.0,10183316.0,10156583.0,10158965.0,5.6614,57560001.56663,16764
2026-08-12T03:00:00+00:00,10158965.0,10174731.0,10068325.0,10168052.0,6.504418965908756,66045248.75471,14304
2026-08-12T04:00:00+00:00,10168052.0,10181597.0,10160551.0,10164802.0,2.4297808855390586,24701028.42332,7331
2026-08-12T05:00:00+00:00,10164802.0,10181112.0,10156596.0,10177347.0,6.58064265759576,66939788.68786,19247
2026-08-12T06:00:00+00:00,10175866.0,10175867.0,10141662.0,10148512.0,5.294884635223058,53756717.47686,15203
2026-08-12T07:00:00+00:00,10163684.0,10174488.0,10143290.0,10174488.0,5.018163988026114,50980352.22061,14753
2026-08-12T08:00:00+00:00,10174487.0,10177054.0,10157399.0,10162488.0,8.317151381226378,84546617.89827,24028
2026-08-12T09:00:00+00:00,10162488.0,10200098.0,10148602.0,10200086.0,5.088173289976657,51767622.08677,14749
2026-08-12T10:00:00+00:00,10203440.0,10218258.0,10191550.0,10206002.0,5.9914439186624096,61133768.4552,17693
2026-08-12T11:00:00+00:00,10206002.0,10218910.0,10199188.0,10215072.0,8.12715,82974408.52399,23562
2026-08-12T12:00:00+00:00,10215072.0,10238789.0,10167493.0,10183507.0,4.2420183709293395,43328376.02801,12418
2026-08-12T13:00:00+00:00,10183995.0,10188520.0,10145791.0,10153175.0,3.485452403853097,35434868.57379,10509
2026-08-12T14:00:00+00:00,10148302.0,10169114.0,10108012.0,10110975.0,2.3372679200745967,23703484.45321,7025
2026-08-12T15:00:00+00:00,10101204.0,10125971.0,10087632.0,10102785.0,2.9934682036902456,30271553.93135,8952
2026-08-12T16:00:00+00:00,10102785.0,10129888.0,10091120.0,10120631.0,5.9056,59768062.12658,17304
2026-08-12T17:00:00+00:00,10120128.0,10133594.0,10114298.0,10120474.0,3.59766,36420201.45614,10573
2026-08-12T18:00:00+00:00,10120474.0,10129836.0,10106496.0,10110607.0,7.02636,71085255.69294,20654
2026-08-12T19:00:00+00:00,10110607.0,10119460.0,10099270.0,10116082.0,4.41676,44652190.62771,13063
2026-08-12T20:00:00+00:00,10116348.0,10141068.0,10111967.0,10141068.0,3.60244,36486998.86831,10605
2026-08-12T21:00:00+00:00,10141287.0,10145536.0,10114182.0,10120162.0,5.27018,53410390.1661,15508
2026-08-12T22:00:00+00:00,10120162.0,10129179.0,10104202.0,10110246.0,2.916160356195106,29490142.00197,8501
2026-08-12T23:00:00+00:00,10110246.0,10115668.0,10096715.0,10114361.0,4.44417947145685,44909456.87528,13004
2026-08-13T00:00:00+00:00,10114361.0,10144915.0,10112693.0,10122893.0,1.308487578165874,13251482.72896,3993
2026-08-13T01:00:00+00:00,10122575.0,10135704.0,10100000.0,10109228.0,2.854294967046161,28892964.73411,8195
2026-08-13T02:00:00+00:00,10109914.0,10131652.0,10103736.0,10124302.0,1.8609772407812133,18835095.08146,5522
2026-08-13T03:00:00+00:00,10122408.0,10147140.0,10118723.0,10142301.0,6.516219001873805,66041621.82701,17994
2026-08-13T04:00:00+00:00,10142655.0,10155020.0,10134649.0,10139666.0,4.72768,47944448.68637,13818
2026-08-13T05:00:00+00:00,10138448.0,10195102.0,10134604.0,10172306.0,4.511926919406349,45891905.63291,12766
2026-08-13T06:00:00+00:00,10162112.0,10186275.0,10161632.0,10183339.0,1.7113287759460647,17402505.69716,4823
2026-08-13T07:00:00+00:00,10183339.0,10198448.0,10173446.0,10177983.0,3.29213565658628,33515281.3875,8516
2026-08-13T08:00:00+00:00,10178464.0,10178464.0,10164652.0,10166547.0,3.1955073699764522,32497810.53511,9373
2026-08-13T09:00:00+00:00,10165399.0,10165399.0,10145071.0,10160984.0,2.94328,29876617.09145,8605
2026-08-13T10:00:00+00:00,10160984.0,10166579.0,10127076.0,10137173.0,4.663186501275648,47266977.63079,12825
2026-08-13T11:00:00+00:00,10137173.0,10138999.0,10088733.0,10109943.0,1.5965993249398307,16166833.96494,4955
2026-08-13T12:00:00+00:00,10112076.0,10136756.0,10110942.0,10121716.0,1.6527,16733253.32642,4955
2026-08-13T13:00:00+00:00,10138940.0,10170763.0,10131090.0,10155004.0,1.40321,14234645.02292,4245
2026-08-13T14:00:00+00:00,10152285.0,10174725.0,10138194.0,10160802.0,1.7142322618807804,17408795.8534,5144
2026-08-13T15:00:00+00:00,10158845.0,10172723.0,10128851.0,10134154.0,3.489112460760952,35408818.00777,10309
2026-08-13T16:00:00+00:00,10117055.0,10135065.0,10029859.0,10068113.0,1.403366324338487,14192794.89395,4118
2026-08-13T17:00:00+00:00,10064592.0,10097365.0,10063006.0,10073863.0,3.03283,30570806.36892,8890
2026-08-13T18:00:00+00:00,10070794.0,10106688.0,10070794.0,10094316.0,3.4205597241008956,34489267.87544,10132
2026-08-13T19:00:00+00:00,10094316.0,10130218.0,10092918.0,10112204.0,3.41662,34549203.35026,10025
2026-08-13T20:00:00+00:00,10112530.0,10127340.0,10106003.0,10112392.0,5.01844,50756701.67163,14593
2026-08-13T21:00:00+00:00,10113185.0,10127487.0,10107666.0,10120874.0,7.79624,78882613.46673,22699
2026-08-13T22:00:00+00:00,10120874.0,10149425.0,10120088.0,10131205.0,5.87562,59562647.3432,17107
2026-08-13T23:00:00+00:00,10131205.0,10134262.0,10108052.0,10120728.0,7.448469406348143,75386213.69667,21637
2026-08-14T00:00:00+00:00,10121200.0,10132178.0,10104810.0,10124100.0,4.84647,49045153.48722,14361
2026-08-14T01:00:00+00:00,10124386.0,10181890.0,10119429.0,10133536.0,8.41662969847953,85440534.45061,6558
2026-08-14T02:00:00+00:00,10134040.0,10157048.0,10121800.0,10127181.0,1.8851324929904456,19113060.34623,2964
2026-08-14T03:00:00+00:00,10127181.0,10149459.0,10089117.0,10091070.0,1.599728117424774,16177205.7058,3906
2026-08-14T04:00:00+00:00,10091020.0,10135000.0,10090311.0,10100556.0,4.834530249057595,48850312.66481,14019
2026-08-14T05:00:00+00:00,10100556.0,10104436.0,10088670.0,10095819.0,3.74205,37778273.65867,11082
2026-08-14T06:00:00+00:00,10095819.0,10096332.0,10030000.0,10030934.0,5.20618,52423732.34962,15380
2026-08-14T07:00:00+00:00,10030934.0,10058029.0,10030000.0,10030001.0,5.647501179814886,56720394.08061579,16386
2026-08-14T08:00:00+00:00,10030000.0,10032451.0,9977029.0,10020318.0,4.66125021064101,46663974.96979392,13590
2026-08-14T09:00:00+00:00,10019893.0,10022223.0,9990475.0,9999376.0,4.911309202972534,49140771.27621,14414
2026-08-14T10:00:00+00:00,9999376.0,10026788.0,9990901.0,10006156.0,4.665818508111805,46706744.11385,13481
2026-08-14T11:00:00+00:00,10006156.0,10018346.0,10002662.0,10012256.0,2.47998,24825804.95488,7382
2026-08-14T12:00:00+00:00,10007143.0,10007933.0,9974047.0,9974047.0,1.52656031841571,15246613.505379999,4697
2026-08-14T13:00:00+00:00,9971824.0,9986269.0,9948193.0,9963620.0,1.395652275557132,13911670.949008998,4423
2026-08-14T14:00:00+00:00,9963620.0,9987449.0,9953367.0,9967201.0,1.5565993966453509,15514181.51888,4892
2026-08-14T15:00:00+00:00,9964816.0,10036143.0,9959985.0,10036143.0,1.7921607753341078,17903463.3908,5397
2026-08-14T16:00:00+00:00,10036856.0,10072274.0,10029550.0,10064773.0,2.157679524786544,21700449.66177,6500
2026-08-14T17:00:00+00:00,10064773.0,10079769.0,10039832.0,10043041.0,4.20643,42328891.98464,12322
2026-08-14T18:00:00+00:00,10043041.0,10053950.0,10024943.0,10031220.0,4.51663,45351317.98485,13221
2026-08-14T19:00:00+00:00,10031220.0,10042187.0,10017574.0,10035038.0,2.7325195943774485,27402619.03415,8033
2026-08-14T20:00:00+00:00,10036358.0,10041962.0,10022307.0,10025319.0,4.3424,43559445.05007,12737
2026-08-14T21:00:00+00:00,10025443.0,10028157.0,10015178.0,10023291.0,4.27373,42833635.8239,12467
2026-08-14T22:00:00+00:00,10025212.0,10025322.0,10003665.0,10016205.0,2.40138928846401,24044644.95831,7092
2026-08-14T23:00:00+00:00,10017392.0,10048844.0,10015674.0,10045425.0,2.878709781831125,28866926.42565,8576
2026-08-15T00:00:00+00:00,10041640.0,10047489.0,10037836.0,10042830.0,3.2023596491377146,32160335.27417,9380
2026-08-15T01:00:00+00:00,10042830.0,10085265.0,10036487.0,10046525.0,3.614604170696747,36303774.26914,10013
2026-08-15T02:00:00+00:00,10046525.0,10054542.0,10044710.0,10052798.0,1.30357099474793,13098128.45009,3862
2026-08-15T03:00:00+00:00,10052798.0,10055205.0,10052797.0,10052797.0,0.4737992073543845,4763386.20201,1516
2026-08-15T04:00:00+00:00,10052798.0,10106642.0,10052798.0,10056016.0,3.012387077585216,30302210.4725,8616
2026-08-15T05:00:00+00:00,10056009.0,10062060.0,10050692.0,10052896.0,1.2013815293348318,12082708.70933,3664
2026-08-15T06:00:00+00:00,10052896.0,10095295.0,10041504.0,10071989.0,1.5415708704489473,15491437.78523,4350
2026-08-15T07:00:00+00:00,10055730.0,10057528.0,10047977.0,10049934.0,0.897640873297954,9022186.2966,2658
2026-08-15T08:00:00+00:00,10051109.0,10051109.0,10035710.0,10035710.0,1.1306,11358469.80589,2878
2026-08-15T09:00:00+00:00,10034800.0,10043256.0,10032264.0,10040937.0,0.0319,320284.72223,102
2026-08-15T10:00:00+00:00,10042028.0,10044198.0,10040731.0,10041127.0,0.48063,4826714.18711,1460
2026-08-15T11:00:00+00:00,10041127.0,10041127.0,10041127.0,10041127.0,0.0,0.0,0
2026-08-15T12:00:00+00:00,10041423.0,10041423.0,10041422.0,10041422.0,0.001440265372746471,14462.313759999986,3
2026-08-15T13:00:00+00:00,10043165.0,10043165.0,10043165.0,10043165.0,9.95702052092e-07,9.99999999999855,1
2026-08-15T14:00:00+00:00,10044809.0,10044809.0,10044809.0,10044809.0,0.01057,106173.63113,1
2026-08-15T15:00:00+00:00,10044809.0,10044809.0,10044809.0,10044809.0,0.0,0.0,0
2026-08-15T16:00:00+00:00,10044809.0,10044809.0,10044809.0,10044809.0,0.0,0.0,0
2026-08-15T17:00:00+00:00,10049763.0,10049763.0,10049763.0,10049763.0,2.9851450228229e-05,299.9999999999974,1
2026-08-15T18:00:00+00:00,10049763.0,10049763.0,10049763.0,10049763.0,0.0,0.0,0
2026-08-15T19:00:00+00:00,10054841.0,10056869.0,10054841.0,10056869.0,0.000113063814477557,1136.9999999999839,2
2026-08-15T20:00:00+00:00,10057701.0,10057702.0,10048413.0,10052892.0,3.17054,31866692.71859,9325
2026-08-15T21:00:00+00:00,10053209.0,10062116.0,10052262.0,10061871.0,4.04181,40645700.40878,11933
2026-08-15T22:00:00+00:00,10059343.0,10064916.0,10056778.0,10059032.0,5.875988809212342,59115092.0365,17055
2026-08-15T23:00:00+00:00,10059032.0,10060056.0,10048728.0,10050579.0,5.489519728373677,55197780.81964,15827
2026-08-16T00:00:00+00:00,10050579.0,10051306.0,10046460.0,10049337.0,4.82148,48451615.74822,13935
2026-08-16T01:00:00+00:00,10048299.0,10051035.0,10041000.0,10050254.0,4.3858352309275235,44061325.16948,12730
2026-08-16T02:00:00+00:00,10050444.0,10059027.0,10040000.0,10054144.0,3.368738442037698,33859143.34753,10107
2026-08-16T03:00:00+00:00,10054144.0,10056634.0,10052533.0,10055545.0,6.476429177257607,65118832.07781,18625
2026-08-16T04:00:00+00:00,10055545.0,10060109.0,10054000.0,10054471.0,5.304534285121695,53343244.82176,15466
2026-08-16T05:00:00+00:00,10054236.0,10054364.0,10040564.0,10048670.0,5.431,54569493.89518,15775
2026-08-16T06:00:00+00:00,10047821.0,10049743.0,10043016.0,10046770.0,6.00768,60355071.98149,17381
2026-08-16T07:00:00+00:00,10046770.0,10048228.0,10043267.0,10045412.0,4.17682,41959203.10579,12256
2026-08-16T08:00:00+00:00,10045412.0,10049539.0,10044517.0,10047213.0,4.39759,44183485.69656,12766
2026-08-16T09:00:00+00:00,10047228.0,10049852.0,10040000.0,10040705.0,3.12675,31415360.81543,9224
2026-08-16T10:00:00+00:00,10040305.0,10040859.0,10035000.0,10039432.0,2.52827,25379873.38852,7540
2026-08-16T11:00:00+00:00,10039432.0,10041027.0,10035000.0,10040134.0,4.700617091196788,47181339.69845,13917
2026-08-16T12:00:00+00:00,10041212.0,10042624.0,10036348.0,10038910.0,2.4889,24989479.09609,7266
2026-08-16T13:00:00+00:00,10039051.0,10045020.0,10039051.0,10043782.0,7.5559077590885835,75893378.77617,21819
2026-08-16T14:00:00+00:00,10043910.0,10048282.0,10043518.0,10045809.0,5.29345,53172051.21634,15149
2026-08-16T15:00:00+00:00,10046024.0,10056430.0,10045611.0,10056020.0,6.81166,68468270.61461,19825
2026-08-16T16:00:00+00:00,10056020.0,10090870.0,10052959.0,10074840.0,4.11020919322247,41392716.45228,11972
2026-08-16T17:00:00+00:00,10073732.0,10077328.0,10053571.0,10058429.0,5.12389,51578183.59019,14858
2026-08-16T18:00:00+00:00,10058175.0,10063248.0,10051886.0,10057922.0,8.30553,83543689.6111,23832
2026-08-16T19:00:00+00:00,10057922.0,10065424.0,10055943.0,10059686.0,1.88952,19010219.32342,5528
2026-08-16T20:00:00+00:00,10057132.0,10059825.0,10044851.0,10045976.0,4.28078,43033512.93547,12370
2026-08-16T21:00:00+00:00,10045976.0,10052648.0,10004001.0,10027647.0,4.17349,41926541.63434,11922
2026-08-16T22:00:00+00:00,10025815.0,10026569.0,9991561.0,10012279.0,0.5865200523944853,5869025.14234,1792
2026-08-16T23:00:00+00:00,10016914.0,10021273.0,10007435.0,10014798.0,1.6276946806230597,16299984.360934911,4764
2026-08-17T00:00:00+00:00,10014798.0,10016998.0,9980785.0,9998480.0,1.0871431668493612,10869331.75144,2661
2026-08-17T01:00:00+00:00,10033085.0,10064837.0,10021078.0,10041209.0,1.2385279857469988,12438271.42665,3448
2026-08-17T02:00:00+00:00,10024402.0,10085372.0,10023567.0,10078796.0,0.9209726090751675,9254176.66425,2805
2026-08-17T03:00:00+00:00,10078796.0,10105929.0,10071435.0,10095650.0,6.124177775038779,61761709.62678,11976
2026-08-17T04:00:00+00:00,10095077.0,10128097.0,10095077.0,10121713.0,20.265757005323113,204951766.80689,2183
2026-08-17T05:00:00+00:00,10120557.0,10127867.0,10100807.0,10116040.0,12.355638793817873,124974307.63315,1274
2026-08-17T06:00:00+00:00,10116040.0,10148916.0,10106469.0,10137579.0,11.634940381371349,117874065.98025,2753
2026-08-17T07:00:00+00:00,10137396.0,10139014.0,10095353.0,10098478.0,7.84894,79431396.20285,10615
2026-08-17T08:00:00+00:00,10098481.0,10100894.0,10080786.0,10087147.0,1.9838052024018742,20010898.9343,5497
2026-08-17T09:00:00+00:00,10086982.0,10092582.0,10077911.0,10080910.0,1.1050996532773434,11140156.34381,3264
2026-08-17T10:00:00+00:00,10080910.0,10135065.0,10080481.0,10134814.0,3.0330265553813653,30645416.88725,9027
2026-08-17T11:00:00+00:00,10135065.0,10140507.0,10126757.0,10133408.0,0.99339,10066075.0286,3027
2026-08-17T12:00:00+00:00,10132348.0,10135067.0,10119893.0,10122227.0,2.9780897577243826,30163918.66436,8851
2026-08-17T13:00:00+00:00,10122227.0,10155075.0,10115491.0,10140171.0,0.70323,7133757.00545,2169
2026-08-17T14:00:00+00:00,10140171.0,10174572.0,10125207.0,10174572.0,2.21484,22460218.5681,6633
2026-08-17T15:00:00+00:00,10174572.0,10224776.0,10166672.0,10221955.0,2.547747383589957,25955042.44654,7587
2026-08-17T16:00:00+00:00,10223665.0,10224135.0,10206558.0,10217266.0,1.89918631364926,19398511.20665,5698
2026-08-17T17:00:00+00:00,10213943.0,10264996.0,10196487.0,10259390.0,0.73459,7526420.09464,2369
2026-08-17T18:00:00+00:00,10256916.0,10292084.0,10256916.0,10280922.0,0.3181,3270288.86172,1006
2026-08-17T19:00:00+00:00,10280922.0,10280922.0,10254882.0,10257585.0,1.56645,16079047.93562,4577
2026-08-17T20:00:00+00:00,10254786.0,10269373.0,10247200.0,10269057.0,1.90638,19554386.0004,5796
2026-08-17T21:00:00+00:00,10269057.0,10270333.0,10250483.0,10263515.0,1.4812304871718873,15198077.69241,4631
2026-08-17T22:00:00+00:00,10263515.0,10268699.0,10246714.0,10247815.0,2.0866443925206655,21393334.88849,6398
2026-08-17T23:00:00+00:00,10247562.0,10283345.0,10246326.0,10276021.0,2.459738678253973,25255497.75569,7513
2026-08-18T00:00:00+00:00,10276021.0,10281100.0,10260984.0,10262207.0,1.355665407157995,13918456.55078,4111
2026-08-18T01:00:00+00:00,10262207.0,10262965.0,10229234.0,10239097.0,3.29342208274154,33766504.93295,9669
2026-08-18T02:00:00+00:00,10239097.0,10249690.0,10216082.0,10223794.0,2.86738,29347008.44511,8714
2026-08-18T03:00:00+00:00,10222250.0,10250000.0,10214652.0,10250000.0,9.03666,92491645.09909,12626
2026-08-18T04:00:00+00:00,10248258.0,10273470.0,10237996.0,10254960.0,16.107906269819622,165251842.7970828,7173
2026-08-18T05:00:00+00:00,10254960.0,10269882.0,10247676.0,10259339.0,4.391421130050926,45050906.88211,2833
2026-08-18T06:00:00+00:00,10259418.0,10305678.0,10251142.0,10278523.0,12.99267,133741838.06977,3963
2026-08-18T07:00:00+00:00,10279275.0,10280705.0,10255000.0,10262100.0,2.51651,25835420.05023,3413
2026-08-18T08:00:00+00:00,10262100.0,10286585.0,10242891.0,10269999.0,6.291948711272485,64645073.57861,2907
2026-08-18T09:00:00+00:00,10270000.0,10270000.0,10243310.0,10247900.0,6.57293,67393900.83486,19182
2026-08-18T10:00:00+00:00,10247900.0,10250000.0,10242067.0,10250000.0,3.9759307564461963,40744091.59762,11772
2026-08-18T11:00:00+00:00,10250000.0,10288945.0,10250000.0,10279218.0,5.768792566524279,59301990.46253,16860
2026-08-18T12:00:00+00:00,10279218.0,10279218.0,10257335.0,10259961.0,7.15901,73504116.239,20804
2026-08-18T13:00:00+00:00,10260546.0,10262411.0,10224711.0,10252732.0,5.196369635583515,53235821.18766,15202
2026-08-18T14:00:00+00:00,10251430.0,10366649.0,10250375.0,10328278.0,3.1417534736891866,32400863.2485,9466
2026-08-18T15:00:00+00:00,10328278.0,10357140.0,10319697.0,10351125.0,4.07181,42135486.88701,12114
2026-08-18T16:00:00+00:00,10351125.0,10356440.0,10323524.0,10347104.0,4.82925,49925726.95953,14175
2026-08-18T17:00:00+00:00,10347104.0,10347104.0,10322133.0,10322133.0,3.2538932863834167,33624585.85078,9636
2026-08-18T18:00:00+00:00,10321966.0,10332000.0,10320532.0,10332000.0,1.4879,15365061.20613,4388
2026-08-18T19:00:00+00:00,10329760.0,10343663.0,10323126.0,10324176.0,4.013919026399414,41461249.18578,11837
2026-08-18T20:00:00+00:00,10325276.0,10326056.0,10312392.0,10316839.0,5.15691,53225777.11774,15107
2026-08-18T21:00:00+00:00,10309769.0,10318407.0,10309131.0,10314753.0,2.67033,27541733.02531,7983
2026-08-18T22:00:00+00:00,10314753.0,10319414.0,10306970.0,10315398.0,3.7846,39031898.68419,11295
2026-08-18T23:00:00+00:00,10315398.0,10331826.0,10315153.0,10330353.0,0.6704754105098645,6923631.032284829,1886
2026-08-19T00:00:00+00:00,10309722.0,10312848.0,10283342.0,10283342.0,3.307209484482992,34054920.04537,9794
2026-08-19T01:00:00+00:00,10285978.0,10294079.0,10269974.0,10271224.0,3.604906407496982,37070632.3277,10371
2026-08-19T02:00:00+00:00,10269732.0,10284103.0,10175578.0,10261729.0,5.004921407793259,51327280.18112,9459
2026-08-19T03:00:00+00:00,10261729.0,10274323.0,10252566.0,10272105.0,6.2067928098069975,63724539.19546,7950
2026-08-19T04:00:00+00:00,10271955.0,10280000.0,10258518.0,10258627.0,11.479959525678275,117934844.37857,2152
2026-08-19T05:00:00+00:00,10258627.0,10271643.0,10243917.0,10243917.0,0.23446314081322603,2405778.00858,809
2026-08-19T06:00:00+00:00,10243902.0,10260444.0,10223947.0,10256680.0,5.461329613400913,55956413.54514,3149
2026-08-19T07:00:00+00:00,10256680.0,10256826.0,10239480.0,10241812.0,3.01724,30927043.47174,8935
2026-08-19T08:00:00+00:00,10241812.0,10260034.0,10227676.0,10256555.0,4.16474,42651428.88615,12186
2026-08-19T09:00:00+00:00,10260955.0,10264502.0,10247228.0,10256266.0,4.732763422913994,48528215.01308,13686
2026-08-19T10:00:00+00:00,10256266.0,10260408.0,10250000.0,10260408.0,4.09622,41999750.54162,12035
2026-08-19T11:00:00+00:00,10261445.0,10285623.0,10259574.0,10271338.0,3.833266444515806,39371395.94507,10997
2026-08-19T12:00:00+00:00,10271326.0,10298500.0,10250000.0,10278304.0,0.69002,7089622.99327,2063
2026-08-19T13:00:00+00:00,10277989.0,10320362.0,10272429.0,10318116.0,1.8984253911584341,19538004.02184,5768
2026-08-19T14:00:00+00:00,10311967.0,10438874.0,10311967.0,10435480.0,0.43230123271870935,4482470.7461,1049
2026-08-19T15:00:00+00:00,10436208.0,10975905.0,10434331.0,10861132.0,3.3729191723554144,36430510.77020199,2497
2026-08-19T16:00:00+00:00,10865738.0,10911812.0,10828464.0,10839288.0,2.21307,24060587.21997,6567
2026-08-19T17:00:00+00:00,10834899.0,10848196.0,10745699.0,10803481.0,0.77505,8369354.1558,2486
2026-08-19T18:00:00+00:00,10788040.0,10824825.0,10767479.0,10822275.0,0.4515,4872714.32462,1396
2026-08-19T19:00:00+00:00,10822053.0,10827835.0,10766366.0,10802417.0,1.3386325272067,14455251.27369,4026
2026-08-19T20:00:00+00:00,10805714.0,10985286.0,10805714.0,10902970.0,1.4499924543650735,15779716.653517352,3573
2026-08-19T21:00:00+00:00,10902378.0,11050000.0,10889361.0,11009922.0,2.4169673014110566,26565298.86019,4640
2026-08-19T22:00:00+00:00,11010302.0,11025000.0,10906306.0,10942655.0,1.5742697160452908,17235334.55595,4764
2026-08-19T23:00:00+00:00,10944119.0,10975015.0,10941755.0,10950790.0,1.2491249907055282,13689611.95416,3796
2026-08-20T00:00:00+00:00,10952528.0,11033222.0,10952528.0,10986026.0,0.9584939455782313,10551273.53083,2776
2026-08-20T01:00:00+00:00,10988123.0,11060767.0,10965846.0,11046026.0,1.27522,14009847.36279,4040
2026-08-20T02:00:00+00:00,11043979.0,11043979.0,10964373.0,10985191.0,1.2173777645431927,13368361.6061,3665
2026-08-20T03:00:00+00:00,10974890.0,10974910.0,10914738.0,10965100.0,4.718478623125491,51712873.84943,2710
2026-08-20T04:00:00+00:00,10965101.0,11030718.0,10964066.0,11026832.0,15.159564975488934,166643974.18148,3083
2026-08-20T05:00:00+00:00,11026529.0,11055000.0,11007988.0,11017207.0,10.541108321387046,116299079.09712,4569
2026-08-20T06:00:00+00:00,11017207.0,11080512.0,10993501.0,11065200.0,3.5070136676949457,38757578.5788,3471
2026-08-20T07:00:00+00:00,11065200.0,11072410.0,11010001.0,11062812.0,4.30351,47495700.84047,6913
2026-08-20T08:00:00+00:00,11062812.0,11372572.0,11062646.0,11338517.0,5.134761822530717,57260189.2502,3684
2026-08-20T09:00:00+00:00,11339607.0,11402799.0,11326232.0,11360059.0,2.197448634887819,24989879.71374,5780
2026-08-20T10:00:00+00:00,11356242.0,11463440.0,11345924.0,11393660.0,1.1236129397890726,12808154.22105,3068
2026-08-20T11:00:00+00:00,11396818.0,11478399.0,11388144.0,11408120.0,1.4679263296693206,16775626.97039,3006
2026-08-20T12:00:00+00:00,11408120.0,11418474.0,11344432.0,11391718.0,0.9200077745423106,10470880.72346,2670
2026-08-20T13:00:00+00:00,11402294.0,11423137.0,11289007.0,11376659.0,1.29509,14748529.14638,4003
2026-08-20T14:00:00+00:00,11376992.0,11419037.0,11329502.0,11385309.0,1.4842207050584437,16864464.2324,4746
2026-08-20T15:00:00+00:00,11385310.0,11538603.0,11385309.0,11496332.0,1.46701,16830423.72143,4384
2026-08-20T16:00:00+00:00,11496332.0,11575095.0,11472784.0,11566056.0,2.13557,24583158.52559,6530
2026-08-20T17:00:00+00:00,11563255.0,11586321.0,11524290.0,11580416.0,1.7442259731197258,20158751.99961,5517
2026-08-20T18:00:00+00:00,11573924.0,11573924.0,11506703.0,11515658.0,1.5568709613937004,17945524.20264,4736
2026-08-20T19:00:00+00:00,11515659.0,11569938.0,11515658.0,11553755.0,1.65749,19131816.1797,5008
2026-08-20T20:00:00+00:00,11557904.0,11612804.0,11546908.0,11556340.0,0.72107,8341004.45964,2338
2026-08-20T21:00:00+00:00,11556340.0,11577229.0,11536700.0,11564104.0,2.2091696693612826,25535090.20582,6684
2026-08-20T22:00:00+00:00,11564104.0,11568736.0,11527929.0,11563040.0,1.60319,18517568.79825,4864
2026-08-20T23:00:00+00:00,11558658.0,11646797.0,11558658.0,11603196.0,0.99766,11569104.51757,3092
2026-08-21T00:00:00+00:00,11603196.0,11753644.0,11603196.0,11721790.0,1.5025832253834694,17587506.402,4256
2026-08-21T01:00:00+00:00,11722670.0,12024905.0,11715670.0,11988088.0,1.5709282568648082,18637179.01368,2877
2026-08-21T02:00:00+00:00,11934321.0,11946321.0,11822453.0,11822453.0,0.9044025090189974,10756598.65871,2455
2026-08-21T03:00:00+00:00,11833549.0,11915000.0,11806623.0,11872355.0,7.837487756966915,92989398.8762,2868
2026-08-21T04:00:00+00:00,11865773.0,11949074.0,11865773.0,11934199.0,6.934255556716834,82619486.30225,2442
2026-08-21T05:00:00+00:00,11919768.0,12005655.0,11919768.0,11998786.0,16.425906329044142,196738384.91322,3826
2026-08-21T06:00:00+00:00,11998786.0,12034369.0,11948954.0,12032054.0,7.437714266251569,89299388.16914,3559
2026-08-21T07:00:00+00:00,12034622.0,12210480.0,12024031.0,12121592.0,6.2235562653361844,75235125.23752,3674
2026-08-21T08:00:00+00:00,12122428.0,12596614.0,12118709.0,12593828.0,2.084407025551511,25587952.83563,4650
2026-08-21T09:00:00+00:00,12562372.0,12562372.0,12254383.0,12365197.0,1.5898132579470656,19648818.15815,2275
2026-08-21T10:00:00+00:00,12360258.0,12405324.0,12318054.0,12343109.0,0.8805799786972915,10873649.29577,2339
2026-08-21T11:00:00+00:00,12341733.0,12348120.0,12131164.0,12170591.0,1.0118032581713843,12424838.61941,2408
2026-08-21T12:00:00+00:00,12170590.0,12295440.0,12142596.0,12257374.0,1.529061546414945,18649747.39073,2822
2026-08-21T13:00:00+00:00,12262708.0,12326492.0,12118000.0,12264278.0,1.298104771937204,15905641.35467,1775
2026-08-21T14:00:00+00:00,12255869.0,12294372.0,12167613.0,12292105.0,0.7297184777817481,8926965.72475,1903
2026-08-21T15:00:00+00:00,12292105.0,12354694.0,12261661.0,12267465.0,0.9259699447228904,11404156.93662,1841
2026-08-21T16:00:00+00:00,12268640.0,12305516.0,12229504.0,12305516.0,0.23709,2909353.98429,998
2026-08-21T17:00:00+00:00,12306321.0,12350358.0,12270667.0,12303946.0,0.72344,8906767.89559,2393
2026-08-21T18:00:00+00:00,12303946.0,12326735.0,12193900.0,12255898.0,1.0144743886199772,12461581.81174,3070
2026-08-21T19:00:00+00:00,12256265.0,12290219.0,12222479.0,12244432.0,0.6934241696935685,8502021.77871,2352
2026-08-21T20:00:00+00:00,12245078.0,12318729.0,12218589.0,12312865.0,0.8422824915609263,10353640.5189,2758
2026-08-21T21:00:00+00:00,12310309.0,12494212.0,12297765.0,12467058.0,0.8351,10325114.49687,2378
2026-08-21T22:00:00+00:00,12467058.0,12500000.0,12411458.0,12465956.0,0.5901403916547922,7354870.46714,2003
2026-08-21T23:00:00+00:00,12465956.0,12500000.0,12440000.0,12449613.0,0.431974261578846,5386519.682,1578
2026-08-22T00:00:00+00:00,12450486.0,12462907.0,12352835.0,12385949.0,0.7214838952647764,8941760.85075,2280
2026-08-22T01:00:00+00:00,12386078.0,12408623.0,12361585.0,12369579.0,0.52466,6496833.12975,1885
2026-08-22T02:00:00+00:00,12369578.0,12462907.0,12363037.0,12453143.0,0.5277129721536171,6562527.54449,1487
2026-08-22T03:00:00+00:00,12454126.0,12500000.0,12454126.0,12461614.0,0.6101631966490886,7616983.25639,2076
2026-08-22T04:00:00+00:00,12460976.0,12515724.0,12430450.0,12475351.0,0.7053411093055119,8797656.94995,1483
2026-08-22T05:00:00+00:00,12468067.0,12492243.0,12184787.0,12297822.0,0.870132203488888,10715191.83344,1847
2026-08-22T06:00:00+00:00,12293093.0,12323118.0,12233843.0,12317777.0,0.7286358023369187,8956989.789829573,2132
2026-08-22T07:00:00+00:00,12317777.0,12344590.0,12285344.0,12296377.0,0.3624,4459702.56517,1214
2026-08-22T08:00:00+00:00,12291493.0,12300927.0,12254680.0,12261883.0,0.6260142014150166,7687578.0431,1858
2026-08-22T09:00:00+00:00,12261524.0,12285113.0,12214267.0,12234708.0,0.5345464498152902,6550446.88737,1707
2026-08-22T10:00:00+00:00,12234708.0,12251592.0,12166322.0,12220013.0,0.8644932673548206,10565067.66426,2735
2026-08-22T11:00:00+00:00,12220013.0,12250834.0,12196359.0,12238671.0,0.32674,3992389.34268,1145
2026-08-22T12:00:00+00:00,12238672.0,12282242.0,12238672.0,12275568.0,1.37628,16880436.28349,4394
2026-08-22T13:00:00+00:00,12275395.0,12276493.0,12250622.0,12276062.0,0.12326,1512230.24503,631
2026-08-22T14:00:00+00:00,12276123.0,12276462.0,12220498.0,12224418.0,1.47446,18048361.30009,4700
2026-08-22T15:00:00+00:00,12226841.0,12237109.0,12217310.0,12226765.0,1.264284547617921,15457411.253077144,3930
2026-08-22T16:00:00+00:00,12226248.0,12294032.0,12219792.0,12277279.0,0.6255544327250616,7656757.08088,2149
2026-08-22T17:00:00+00:00,12276916.0,12281247.0,12247606.0,12268397.0,1.812029669214123,22236138.54379,5594
2026-08-22T18:00:00+00:00,12268397.0,12279480.0,12261038.0,12266109.0,1.6932,20777955.83844,5128
2026-08-22T19:00:00+00:00,12266109.0,12294032.0,12266032.0,12293809.0,1.87682,23036809.99526,5729
2026-08-22T20:00:00+00:00,12291918.0,12294032.0,12272623.0,12281812.0,2.291502562916439,28147716.36248,6909
2026-08-22T21:00:00+00:00,12280053.0,12280053.0,12213511.0,12213511.0,0.65692,8034324.95993,2357
2026-08-22T22:00:00+00:00,12213511.0,12252585.0,12200000.0,12223893.0,1.4093604089973528,17240635.09499,4438
2026-08-22T23:00:00+00:00,12223484.0,12242940.0,12208792.0,12236770.0,2.337283386271424,28574170.44524,7122
2026-08-23T00:00:00+00:00,12242242.0,12274688.0,12232039.0,12269782.0,1.14999,14085535.6585,3767
2026-08-23T01:00:00+00:00,12268426.0,12279463.0,12249721.0,12256220.0,2.00839,24629466.94349,6223
2026-08-23T02:00:00+00:00,12256220.0,12258226.0,12232121.0,12235594.0,2.06739,25318396.26974,6294
2026-08-23T03:00:00+00:00,12235594.0,12238684.0,12212927.0,12220746.0,0.71331,8720425.4208,2175
2026-08-23T04:00:00+00:00,12220746.0,12224980.0,12166322.0,12169266.0,0.71583,8734589.13966,2447
2026-08-23T05:00:00+00:00,12167078.0,12186936.0,12005571.0,12073944.0,0.46155,5585502.0834,1608
2026-08-23T06:00:00+00:00,12072477.0,12102720.0,12036508.0,12071536.0,1.52134,18387219.89228,4822
2026-08-23T07:00:00+00:00,12071484.0,12106321.0,12042896.0,12049231.0,0.97479,11775334.68369,3064
2026-08-23T08:00:00+00:00,12049231.0,12142719.0,12049230.0,12127271.0,0.21150770551026732,2554504.57043,743
2026-08-23T09:00:00+00:00,12130692.0,12146321.0,12130692.0,12141465.0,1.13325,13760794.80424,3539
2026-08-23T10:00:00+00:00,12141465.0,12200000.0,12140018.0,12188521.0,2.76227,33621481.5853,8310
2026-08-23T11:00:00+00:00,12188521.0,12276939.0,12168217.0,12276494.0,1.17728,14387801.76252,3548
2026-08-23T12:00:00+00:00,12274808.0,12277168.0,12221243.0,12248560.0,2.31538,28339404.77249,6966
2026-08-23T13:00:00+00:00,12248560.0,12325000.0,12247086.0,12293937.0,3.238736737305327,39745123.02893,9749
2026-08-23T14:00:00+00:00,12293944.0,12316632.0,12206694.0,12249588.0,1.445136274338372,17750672.41717,4616
2026-08-23T15:00:00+00:00,12249588.0,12277176.0,12229360.0,12252482.0,1.9510644569397668,23927317.42697,6011
2026-08-23T16:00:00+00:00,12252482.0,12292728.0,12251916.0,12290282.0,1.9042010901646687,23384794.536304582,5926
2026-08-23T17:00:00+00:00,12288202.0,12291136.0,12251936.0,12251936.0,3.84061,47120001.34963,11408
2026-08-23T18:00:00+00:00,12248946.0,12284619.0,12239962.0,12278334.0,4.931840906232502,60512682.46535,14687
2026-08-23T19:00:00+00:00,12278334.0,12292728.0,12273466.0,12281696.0,1.9428,23860293.78721,5874
2026-08-23T20:00:00+00:00,12281696.0,12287565.0,12264704.0,12283544.0,2.782982561111304,34175608.66604,8328
2026-08-23T21:00:00+00:00,12283544.0,12382272.0,12282446.0,12348632.0,1.0596111673431177,13066636.97982,3416
2026-08-23T22:00:00+00:00,12348686.0,12373527.0,12312626.0,12338951.0,1.0222324088549564,12618835.63384,2887
2026-08-23T23:00:00+00:00,12340308.0,12352462.0,12302979.0,12338408.0,1.5464166898892486,19061002.30696,4711
2026-08-24T00:00:00+00:00,12339070.0,12340530.0,12258405.0,12295660.0,1.075682745781731,13223414.3486,3377
2026-08-24T01:00:00+00:00,12314834.0,12328824.0,12241824.0,12241824.0,1.85315,22782961.22844,5733
2026-08-24T02:00:00+00:00,12256239.0,12308046.0,12244491.0,12308046.0,1.6239315910982153,19958858.961666875,4163
2026-08-24T03:00:00+00:00,12308046.0,12308046.0,12232864.0,12233600.0,4.155345097282107,50980689.28139,6562
2026-08-24T04:00:00+00:00,12233600.0,12286103.0,12204110.0,12232774.0,15.987999036471642,195922036.19326,4532
2026-08-24T05:00:00+00:00,12232774.0,12275529.0,12222322.0,12262438.0,4.817384092534526,59014736.93765,4805
2026-08-24T06:00:00+00:00,12262053.0,12320384.0,12259447.0,12315697.0,7.362091647089747,90642663.72638,3929
2026-08-24T07:00:00+00:00,12315975.0,12367205.0,12311796.0,12312256.0,1.1273087472688088,13901036.67,3685
2026-08-24T08:00:00+00:00,12311796.0,12316346.0,12245716.0,12268970.0,2.45146,30105043.86856,7547
2026-08-24T09:00:00+00:00,12268970.0,12368830.0,12266957.0,12344878.0,1.7427217896127356,21470936.19061,5266
2026-08-24T10:00:00+00:00,12344878.0,12404235.0,12344878.0,12361493.0,0.36829,4560451.93206,1322
2026-08-24T11:00:00+00:00,12361267.0,12498104.0,12340508.0,12432683.0,0.9545423991566581,11858484.02728,2568
2026-08-24T12:00:00+00:00,12441126.0,12599999.0,12407441.0,12586536.0,1.2285070133250509,15339221.72368,3946
2026-08-24T13:00:00+00:00,12586536.0,12616187.0,12401383.0,12499910.0,1.577753956245323,19758973.28246,4748
2026-08-24T14:00:00+00:00,12499910.0,12700644.0,12498094.0,12650002.0,0.631051126704288,7945172.70934,1832
2026-08-24T15:00:00+00:00,12636420.0,12716293.0,12557584.0,12586449.0,1.3619114195118645,17244369.44992,3925
2026-08-24T16:00:00+00:00,12588226.0,12698017.0,12558493.0,12583167.0,1.58632,20049733.77664,4789
2026-08-24T17:00:00+00:00,12583166.0,12587716.0,12500000.0,12532120.0,2.066893915248187,25907678.71923,6046
2026-08-24T18:00:00+00:00,12532120.0,12590744.0,12532120.0,12574433.0,2.58856,32539895.01244,8013
2026-08-24T19:00:00+00:00,12575414.0,12594323.0,12512546.0,12537291.0,2.09816,26335080.59373,6440
2026-08-24T20:00:00+00:00,12508185.0,12564029.0,12507156.0,12555731.0,2.672520543892999,33513197.37371,8112
2026-08-24T21:00:00+00:00,12555731.0,12574277.0,12550842.0,12570766.0,2.726349557547776,34257934.96276,8237
2026-08-24T22:00:00+00:00,12570642.0,12570642.0,12530782.0,12534958.0,1.96171,24618435.3548,6167
2026-08-24T23:00:00+00:00,12534958.0,12570777.0,12518953.0,12570777.0,2.1965,27557182.84507,6699
2026-08-25T00:00:00+00:00,12571560.0,12708812.0,12533776.0,12693402.0,1.907942620939876,23992321.27489,5868
2026-08-25T01:00:00+00:00,12693402.0,12727777.0,12659063.0,12709825.0,1.2148,15417981.10463,3715
2026-08-25T02:00:00+00:00,12709825.0,12925494.0,12699147.0,12844716.0,1.811316663319089,23175505.5233,4289
2026-08-25T03:00:00+00:00,12850057.0,12896298.0,12810982.0,12837395.0,3.4487924480514605,44347472.71688,4469
2026-08-25T04:00:00+00:00,12837332.0,12855499.0,12788418.0,12805607.0,14.37318014271565,184250584.09593,2500
2026-08-25T05:00:00+00:00,12805607.0,12895274.0,12805607.0,12874549.0,11.808766623055455,152100577.91633305,3894
2026-08-25T06:00:00+00:00,12874548.0,12894617.0,12833782.0,12849329.0,0.878440833620696,11300738.00355,2328
2026-08-25T07:00:00+00:00,12849329.0,12896549.0,12670972.0,12715089.0,5.864355831238431,75430176.0878,5764
2026-08-25T08:00:00+00:00,12710920.0,12821360.0,12700000.0,12745001.0,7.818681059372886,99930150.53557,5401
2026-08-25T09:00:00+00:00,12705641.0,12742217.0,12580162.0,12622859.0,1.0101923664588526,12836415.71155,2996
2026-08-25T10:00:00+00:00,12623669.0,12664876.0,12595774.0,12642960.0,1.0230181522503246,12936070.52809,3209
2026-08-25T11:00:00+00:00,12642960.0,12665102.0,12610000.0,12613395.0,1.3846613131079735,17500871.67734,4217
2026-08-25T12:00:00+00:00,12613594.0,12619831.0,12539796.0,12591256.0,0.9143888087632805,11512268.7426,2495
2026-08-25T13:00:00+00:00,12591256.0,12604620.0,12454245.0,12529442.0,0.83191,10439513.94576,2156
2026-08-25T14:00:00+00:00,12530590.0,12652536.0,12526410.0,12631899.0,0.95839,12083116.74113,2735
2026-08-25T15:00:00+00:00,12631897.0,12667891.0,12601766.0,12665640.0,0.7309,9234855.64964,2478
2026-08-25T16:00:00+00:00,12665640.0,12672246.0,12602754.0,12623315.0,0.57836,7303041.83412,1992
2026-08-25T17:00:00+00:00,12623313.0,12623313.0,12557955.0,12618175.0,0.79389,9995354.74888,2457
2026-08-25T18:00:00+00:00,12618175.0,12628800.0,12593152.0,12599874.0,0.3292,4150942.20051,1079
2026-08-25T19:00:00+00:00,12610834.0,12614696.0,12537417.0,12565675.0,1.94849,24502497.18367,6063
2026-08-25T20:00:00+00:00,12565686.0,12571849.0,12454317.0,12459076.0,0.9492,11860542.36425,2907
2026-08-25T21:00:00+00:00,12459076.0,12524455.0,12425000.0,12524455.0,1.0129362423361497,12650710.11671,2967
2026-08-25T22:00:00+00:00,12524454.0,12572015.0,12524454.0,12551226.0,0.650252647021944,8161816.581386561,2222
2026-08-25T23:00:00+00:00,12551225.0,12572015.0,12487683.0,12500000.0,1.5232912660781108,19090133.809653535,3534
2026-08-26T00:00:00+00:00,12500000.0,12525287.0,12471725.0,12523317.0,0.74896,9355219.13712,2515
2026-08-26T01:00:00+00:00,12522988.0,12568016.0,12522350.0,12549560.0,1.10478,13866270.0746,3550
2026-08-26T02:00:00+00:00,12543282.0,12600000.0,12527556.0,12587018.0,1.0890461232289703,13700273.225866463,3421
2026-08-26T03:00:00+00:00,12587057.0,12596615.0,12400000.0,12591147.0,5.571270196967102,70045827.4748637,4289
2026-08-26T04:00:00+00:00,12591335.0,12617489.0,12547739.0,12548203.0,9.558216324422084,120279987.26282,4104
2026-08-26T05:00:00+00:00,12549192.0,12582177.0,12516244.0,12576076.0,1.35976,17072542.74783,4341
2026-08-26T06:00:00+00:00,12576076.0,12590218.0,12553852.0,12568021.0,5.6205555520013055,70669838.86413,6833
2026-08-26T07:00:00+00:00,12568021.0,12586026.0,12554754.0,12567024.0,2.97314,37385307.77365,3322
2026-08-26T08:00:00+00:00,12567024.0,12591369.0,12505611.0,12523721.0,2.1995814998502836,27633645.68771,6553
2026-08-26T09:00:00+00:00,12542933.0,12552541.0,12466448.0,12478896.0,3.0085,37569588.45269,8991
2026-08-26T10:00:00+00:00,12478896.0,12551506.0,12466448.0,12537218.0,1.9999081861814247,25018160.83733,6002
2026-08-26T11:00:00+00:00,12537218.0,12540267.0,12473636.0,12499956.0,3.9715800318531906,49687827.43812,11827
2026-08-26T12:00:00+00:00,12499956.0,12504506.0,12427854.0,12485723.0,2.22567,27785072.13523,6780
2026-08-26T13:00:00+00:00,12485723.0,12515496.0,12425002.0,12515496.0,1.4316300163403124,17856810.1528,4327
2026-08-26T14:00:00+00:00,12514417.0,12528418.0,12403520.0,12409027.0,1.68463,21024636.69171,5298
2026-08-26T15:00:00+00:00,12406593.0,12458348.0,12384876.0,12446055.0,2.22708,27698559.31913,6776
2026-08-26T16:00:00+00:00,12446055.0,12457374.0,12417629.0,12441156.0,1.93952,24141528.81307,4700
2026-08-26T17:00:00+00:00,12441156.0,12519888.0,12439240.0,12504323.0,2.311420239833536,28834595.52121,7146
2026-08-26T18:00:00+00:00,12504323.0,12528418.0,12483997.0,12505908.0,3.44958,43154030.33099,10325
2026-08-26T19:00:00+00:00,12505908.0,12514961.0,12486024.0,12508466.0,2.77504,34693585.51106,8401
2026-08-26T20:00:00+00:00,12508466.0,12514961.0,12463813.0,12500724.0,6.9251000370194165,86539042.83007075,20296
2026-08-26T21:00:00+00:00,12501496.0,12550000.0,12494763.0,12540498.0,2.04024,25577098.72811,6223
2026-08-26T22:00:00+00:00,12540498.0,12576052.0,12517320.0,12520627.0,1.4090400709352457,17671138.04975,4382
2026-08-26T23:00:00+00:00,12532901.0,12592304.0,12527153.0,12583726.0,1.93478,24261477.01954,6089
2026-08-27T00:00:00+00:00,12583726.0,12583727.0,12531352.0,12532676.0,2.83248,35560897.14023,8545
2026-08-27T01:00:00+00:00,12532084.0,12649285.0,12511911.0,12575522.0,4.0484119447149425,50896328.66362,6814
2026-08-27T02:00:00+00:00,12575654.0,12610000.0,12548324.0,12553170.0,8.959876784924965,112691940.9283,15319
2026-08-27T03:00:00+00:00,12553170.0,12620000.0,12549813.0,12576222.0,9.455576231659846,118952690.28336,7002
2026-08-27T04:00:00+00:00,12576222.0,12615099.0,12557080.0,12565822.0,8.70473738342202,109523903.8381,7242
2026-08-27T05:00:00+00:00,12565822.0,12600779.0,12549276.0,12595000.0,14.4862732097883,182191953.93650046,6978
2026-08-27T06:00:00+00:00,12595000.0,12596628.0,12437127.0,12584985.0,16.69242360266195,209551980.65804088,7988
2026-08-27T07:00:00+00:00,12584985.0,12611133.0,12570779.0,12600961.0,5.552340312827753,69886276.20594999,7177
2026-08-27T08:00:00+00:00,12600962.0,12769924.0,12600962.0,12715342.0,6.417179914730451,81629805.20781,6432
2026-08-27T09:00:00+00:00,12715342.0,12828503.0,12703448.0,12778719.0,2.1965,28034592.80378,6480
2026-08-27T10:00:00+00:00,12768857.0,12791274.0,12670000.0,12697106.0,0.25085596028752816,3194839.80949,737
2026-08-27T11:00:00+00:00,12700371.0,12727718.0,12645185.0,12654735.0,0.3752369503139947,4767319.66439,1225
2026-08-27T12:00:00+00:00,12681107.0,12688771.0,12644689.0,12645957.0,0.7411386600813661,9383290.18775,2102
2026-08-27T13:00:00+00:00,12645957.0,12665987.0,12593152.0,12665167.0,0.9537660023428414,12065305.483,2960
2026-08-27T14:00:00+00:00,12669204.0,12794184.0,12663565.0,12791309.0,1.0165083940863684,12953824.65207,3074
2026-08-27T15:00:00+00:00,12790694.0,12857971.0,12772799.0,12800125.0,0.86753,11118061.12149,2622
2026-08-27T16:00:00+00:00,12800182.0,12841122.0,12774816.0,12809464.0,0.60875,7799851.98766,1997
2026-08-27T17:00:00+00:00,12809107.0,12866472.0,12782688.0,12833381.0,0.37055,4755000.68104,1181
2026-08-27T18:00:00+00:00,12820614.0,12825269.0,12723036.0,12764092.0,0.95608,12198918.13593,3089
2026-08-27T19:00:00+00:00,12764092.0,12804550.0,12757248.0,12759700.0,0.49707,6350874.2477,1666
2026-08-27T20:00:00+00:00,12759701.0,12764250.0,12744622.0,12757466.0,0.92033,11737449.5856,2934
2026-08-27T21:00:00+00:00,12757466.0,12779754.0,12756282.0,12779753.0,1.8942234941760288,24183885.04423,5938
2026-08-27T22:00:00+00:00,12779754.0,12809857.0,12779754.0,12800102.0,1.93704,24785964.93817,5978
2026-08-27T23:00:00+00:00,12800866.0,12801630.0,12788197.0,12793681.0,2.1833272373441894,27936716.823402498,6536
2026-08-28T00:00:00+00:00,12793681.0,12905000.0,12783108.0,12847266.0,6.185928231098297,79628874.80222169,3331
2026-08-28T01:00:00+00:00,12848943.0,12975000.0,12832338.0,12846392.0,3.3710765825034636,43553218.28606,4178
2026-08-28T02:00:00+00:00,12846392.0,12858620.0,12730642.0,12755441.0,1.2515716504044658,16002029.16208,3898
2026-08-28T03:00:00+00:00,12755440.0,12806962.0,12733022.0,12747385.0,3.9870615531677225,50882832.34313,10092
2026-08-28T04:00:00+00:00,12747385.0,12803155.0,12716253.0,12731183.0,11.378254998838637,145037933.382,4286
2026-08-28T05:00:00+00:00,12731183.0,12788436.0,12709549.0,12748278.0,9.661452783421678,123246466.4458,7048
2026-08-28T06:00:00+00:00,12748278.0,12790113.0,12746995.0,12759805.0,6.831771270512401,87245020.88165,7431
2026-08-28T07:00:00+00:00,12759805.0,12760064.0,12717698.0,12727546.0,2.63515,33553027.14066,8044
2026-08-28T08:00:00+00:00,12727298.0,12757688.0,12702172.0,12706839.0,3.949408859512822,50347011.50739383,11818
2026-08-28T09:00:00+00:00,12707316.0,12707980.0,12669642.0,12679262.0,3.116048284701948,39544616.88399,9296
2026-08-28T10:00:00+00:00,12679262.0,12721104.0,12642065.0,12718196.0,2.2940152531370894,29082437.23074,7010
2026-08-28T11:00:00+00:00,12718196.0,12789407.0,12717308.0,12737000.0,2.1367650048458073,27232139.66137,5630
2026-08-28T12:00:00+00:00,12737518.0,12738036.0,12690000.0,12695132.0,0.7563896005917715,9607759.04678,2431
2026-08-28T13:00:00+00:00,12695132.0,12704626.0,12635710.0,12700817.0,1.37901,17480789.54988,4293
2026-08-28T14:00:00+00:00,12700816.0,12747908.0,12564028.0,12729398.0,0.8508158008146666,10757138.71649,1918
2026-08-28T15:00:00+00:00,12726252.0,12763621.0,12550000.0,12551616.0,0.8081650980558622,10244179.38189,2647
2026-08-28T16:00:00+00:00,12550000.0,12562928.0,12333333.0,12474307.0,1.0624040450276806,13243099.37458,2591
2026-08-28T17:00:00+00:00,12472606.0,12515014.0,12450756.0,12489766.0,2.0904151161082223,26105767.29766,6431
2026-08-28T18:00:00+00:00,12489766.0,12496699.0,12382569.0,12420577.0,1.204725564944632,14982728.98102,3971
2026-08-28T19:00:00+00:00,12420577.0,12466554.0,12399334.0,12426697.0,1.46481,18215021.88133,4703
2026-08-28T20:00:00+00:00,12426697.0,12433276.0,12398167.0,12412532.0,1.38768,17233811.80049,4296
2026-08-28T21:00:00+00:00,12412532.0,12417082.0,12396715.0,12400924.0,1.4096751619405643,17486871.993746616,4329
2026-08-28T22:00:00+00:00,12400924.0,12467461.0,12395352.0,12463853.0,2.105374834837196,26150335.8161,6472
2026-08-28T23:00:00+00:00,12463853.0,12475754.0,12450260.0,12473213.0,2.87509,35812609.38959,8564
2026-08-29T00:00:00+00:00,12472872.0,12487206.0,12460489.0,12461445.0,1.2052105681658865,15035241.37228,3774
2026-08-29T01:00:00+00:00,12460489.0,12475526.0,12442774.0,12471204.0,2.7721,34544340.94235,8383
2026-08-29T02:00:00+00:00,12470115.0,12475525.0,12446585.0,12452330.0,2.0891216365800163,26029608.03826,6383
2026-08-29T03:00:00+00:00,12452413.0,12459778.0,12430602.0,12430602.0,1.6559313861747313,20617590.04909,5068
2026-08-29T04:00:00+00:00,12430602.0,12430602.0,12430602.0,12430602.0,0.0,0.0,0
2026-08-29T05:00:00+00:00,12430602.0,12430602.0,12430602.0,12430602.0,0.0,0.0,0
2026-08-29T06:00:00+00:00,12430602.0,12430602.0,12430602.0,12430602.0,0.0,0.0,0
2026-08-29T07:00:00+00:00,12430602.0,12430602.0,12430602.0,12430602.0,0.0,0.0,0
2026-08-29T08:00:00+00:00,12430602.0,12430602.0,12430602.0,12430602.0,0.0,0.0,0
2026-08-29T09:00:00+00:00,12430602.0,12430602.0,12430602.0,12430602.0,0.0,0.0,0
2026-08-29T10:00:00+00:00,12431400.0,12431400.0,12429646.0,12431400.0,0.00053,6588.36911,6
2026-08-29T11:00:00+00:00,12431400.0,12431401.0,12431400.0,12431401.0,0.0044,54698.1643,11
2026-08-29T12:00:00+00:00,12434546.0,12436003.0,12426494.0,12429589.0,0.006860869760176099,85278.90817999998,10
2026-08-29T13:00:00+00:00,12436004.0,12511738.0,12436004.0,12449427.0,0.26898382219908,3353982.11258,73
2026-08-29T14:00:00+00:00,12494772.0,12512000.0,12494772.0,12512000.0,0.0321,401621.4772,7
2026-08-29T15:00:00+00:00,12511999.0,12511999.0,12488789.0,12488789.0,0.00639,79891.59171,7
2026-08-29T16:00:00+00:00,12487171.0,12564723.0,12487171.0,12501952.0,0.19384610122272133,2425144.24053,303
2026-08-29T17:00:00+00:00,12501952.0,12506402.0,12491986.0,12501213.0,2.85407,35686498.84187,8463
2026-08-29T18:00:00+00:00,12506402.0,12525497.0,12502318.0,12523590.0,2.26916,28395249.02796,6858
2026-08-29T19:00:00+00:00,12522751.0,12550000.0,12522477.0,12529187.0,3.370334699534031,42256851.07572,9804
2026-08-29T20:00:00+00:00,12529187.0,12544472.0,12520556.0,12522206.0,2.1052,26387465.8899,6404
2026-08-29T21:00:00+00:00,12522206.0,12526193.0,12508886.0,12517102.0,3.21976,40304192.77648,9521
2026-08-29T22:00:00+00:00,12517102.0,12522225.0,12507875.0,12521072.0,1.8665897307323207,23366080.00838,5551
2026-08-29T23:00:00+00:00,12521072.0,12544471.0,12521072.0,12533902.0,1.7966999116040931,22526465.652631383,5530
2026-08-30T00:00:00+00:00,12533882.0,12539970.0,12526247.0,12526247.0,2.615749073273554,32780932.85346278,7904
2026-08-30T01:00:00+00:00,12526287.0,12528746.0,12499531.0,12515107.0,2.8253618645014487,35353934.81891,8275
2026-08-30T02:00:00+00:00,12517193.0,12522311.0,12502487.0,12513030.0,1.700329894322182,21274071.87433,5269
2026-08-30T03:00:00+00:00,12512458.0,12527449.0,12507982.0,12519997.0,3.357859776528276,42024180.00342,9954
2026-08-30T04:00:00+00:00,12521536.0,12528742.0,12502458.0,12514660.0,3.91213,48957769.76874,11479
2026-08-30T05:00:00+00:00,12514660.0,12527112.0,12513972.0,12518000.0,5.11393,64019365.88029,14675
2026-08-30T06:00:00+00:00,12518000.0,12537857.0,12516782.0,12537835.0,2.6013679836799506,32572996.38103,7834
2026-08-30T07:00:00+00:00,12537857.0,12537857.0,12511061.0,12511061.0,2.31339,28973443.9073,7041
2026-08-30T08:00:00+00:00,12513326.0,12523111.0,12501339.0,12505677.0,3.69701,46264997.68989,10883
2026-08-30T09:00:00+00:00,12505677.0,12512298.0,12502817.0,12509804.0,2.7231,34056011.34382,7793
2026-08-30T10:00:00+00:00,12509804.0,12513486.0,12506000.0,12512562.0,3.646308483608789,45614951.41935,10576
2026-08-30T11:00:00+00:00,12512900.0,12518937.0,12510675.0,12514036.0,4.145959776121698,51884965.87993,12174
2026-08-30T12:00:00+00:00,12514036.0,12624997.0,12513911.0,12594464.0,1.8483267391070644,23241354.17595,5387
2026-08-30T13:00:00+00:00,12600000.0,12628257.0,12592944.0,12628257.0,1.77013,22313952.28706,5392
2026-08-30T14:00:00+00:00,12628257.0,12643060.0,12615376.0,12618843.0,1.8512858420783784,23379083.66112,5663
2026-08-30T15:00:00+00:00,12618844.0,12633939.0,12606774.0,12617368.0,0.9033337253078472,11396789.7006,2853
2026-08-30T16:00:00+00:00,12617368.0,12695402.0,12617092.0,12692190.0,0.5765325278109261,7295448.40778,2040
2026-08-30T17:00:00+00:00,12693122.0,12693550.0,12629792.0,12648772.0,3.27676,41452696.43979,9617
2026-08-30T18:00:00+00:00,12648772.0,12670551.0,12623261.0,12653046.0,1.6681599048223832,21075873.29514,5217
2026-08-30T19:00:00+00:00,12653046.0,12656147.0,12600737.0,12627183.0,5.28807,66807493.19287,15591
2026-08-30T20:00:00+00:00,12627183.0,12634629.0,12560027.0,12597718.0,2.50059,31559267.72219,7605
2026-08-30T21:00:00+00:00,12597718.0,12597718.0,12545878.0,12586639.0,1.0090491618157877,12684262.73605,3019
2026-08-30T22:00:00+00:00,12586639.0,12602268.0,12547227.0,12567930.0,0.91626,11507915.61193,2811
2026-08-30T23:00:00+00:00,12566839.0,12566839.0,12375000.0,12444309.0,0.8934920670166627,11162400.38001,2509
2026-08-31T00:00:00+00:00,12444309.0,12507714.0,12390137.0,12477345.0,0.9766705094714766,12170886.33425,3004
2026-08-31T01:00:00+00:00,12477534.0,12490796.0,12415043.0,12415337.0,3.1444505315965534,39121145.45051,9571
2026-08-31T02:00:00+00:00,12415580.0,12466458.0,12385841.0,12391897.0,1.3552637650282962,16859549.48141,4245
2026-08-31T03:00:00+00:00,12391897.0,12448721.0,12391896.0,12442568.0,3.3218038045209624,41295251.96657,8061
2026-08-31T04:00:00+00:00,12438507.0,12438507.0,12400919.0,12418000.0,7.087464998335232,88004168.78386,4001
2026-08-31T05:00:00+00:00,12418000.0,12510000.0,12418000.0,12472198.0,11.727964416988835,146187529.60228,4373
2026-08-31T06:00:00+00:00,12473368.0,12520000.0,12464579.0,12496426.0,9.842767570690619,122970935.15719,4683
2026-08-31T07:00:00+00:00,12496426.0,12516096.0,12486769.0,12495980.0,2.3525936127507183,29396374.76807,7025
2026-08-31T08:00:00+00:00,12490304.0,12537253.0,12467569.0,12537253.0,3.416516328686013,42642277.27777,2656
2026-08-31T09:00:00+00:00,12537253.0,12591877.0,12537222.0,12552626.0,2.4099166568531833,30280547.81157,6980
2026-08-31T10:00:00+00:00,12537782.0,12577217.0,12525080.0,12577217.0,4.515583322563149,56626917.80842,13293
2026-08-31T11:00:00+00:00,12577216.0,12577216.0,12514197.0,12515348.0,1.921276566417521,24124617.88084,5294
2026-08-31T12:00:00+00:00,12514197.0,12544344.0,12433836.0,12450000.0,2.3202180280727656,28985179.04318,6939
2026-08-31T13:00:00+00:00,12450000.0,12513741.0,12437005.0,12449982.0,1.84258,22978724.26256,5785
2026-08-31T14:00:00+00:00,12449982.0,12560992.0,12436398.0,12552769.0,3.17592,39678001.96067,9547
2026-08-31T15:00:00+00:00,12552770.0,12578394.0,12496701.0,12556339.0,3.12293,39170492.38842,9367
2026-08-31T16:00:00+00:00,12556339.0,12588151.0,12549088.0,12567200.0,2.36198,29663837.49259,7180
2026-08-31T17:00:00+00:00,12567200.0,12601694.0,12545670.0,12601694.0,1.71977,21635892.68547,5376
2026-08-31T18:00:00+00:00,12601694.0,12635692.0,12587575.0,12634316.0,1.03444,13044640.51638,3354
2026-08-31T19:00:00+00:00,12634316.0,12654749.0,12603201.0,12608814.0,1.46866,18555042.9206,4765
2026-08-31T20:00:00+00:00,12608581.0,12639055.0,12592433.0,12599972.0,3.0714,38723730.97931,9103
2026-08-31T21:00:00+00:00,12599972.0,12629932.0,12577801.0,12612270.0,3.901301638620385,49214212.51909,11696
2026-08-31T22:00:00+00:00,12612270.0,12621312.0,12555320.0,12565379.0,1.7781062698546135,22393664.46629,5595
2026-08-31T23:00:00+00:00,12565379.0,12565380.0,12534266.0,12553574.0,5.814042352380654,72978064.96226,16773
2026-09-01T00:00:00+00:00,12553574.0,12588494.0,12552868.0,12570218.0,2.286337546596834,28745631.13104,6853
2026-09-01T01:00:00+00:00,12573268.0,12582099.0,12528665.0,12530959.0,0.95762,12021972.25465,2916
2026-09-01T02:00:00+00:00,12530959.0,12538848.0,12501248.0,12538507.0,2.97024,37196228.72645,8600
2026-09-01T03:00:00+00:00,12538507.0,12592438.0,12528680.0,12583334.0,3.2325413354859496,40534745.3724,9358
2026-09-01T04:00:00+00:00,12583335.0,12627697.0,12583334.0,12609119.0,11.766424596854883,148319125.11069,3035
2026-09-01T05:00:00+00:00,12607695.0,12675000.0,12607309.0,12671898.0,11.800842424445785,149259728.17373,2307
2026-09-01T06:00:00+00:00,12669899.0,12669899.0,12604252.0,12606302.0,10.624443166775709,134282105.87357,5576
2026-09-01T07:00:00+00:00,12605546.0,12619282.0,12579323.0,12598202.0,4.0135,50570621.91911,3717
2026-09-01T08:00:00+00:00,12598187.0,12600925.0,12475000.0,12482103.0,10.504228859789658,131856684.0179,4571
2026-09-01T09:00:00+00:00,12481680.0,12497828.0,12460608.0,12497474.0,0.9782695391787412,12210212.39272,2930
2026-09-01T10:00:00+00:00,12503637.0,12533514.0,12394882.0,12503046.0,2.1181152272339583,26450109.15462,2468
2026-09-01T11:00:00+00:00,12502320.0,12518209.0,12475088.0,12507037.0,1.35852,16975173.63724,4301
2026-09-01T12:00:00+00:00,12506999.0,12506999.0,12459771.0,12497064.0,0.6076599019447507,7589887.614701371,2135
2026-09-01T13:00:00+00:00,12490548.0,12503112.0,12419871.0,12497040.0,0.4649,5800062.98619,1268
2026-09-01T14:00:00+00:00,12498155.0,12543180.0,12496872.0,12524089.0,0.65402,8188173.47255,2007
2026-09-01T15:00:00+00:00,12524280.0,12524280.0,12452935.0,12497017.0,2.778326025658953,34645516.45426,8329
2026-09-01T16:00:00+00:00,12497017.0,12497017.0,12396658.0,12432772.0,0.73706,9165669.55508,1945
2026-09-01T17:00:00+00:00,12433167.0,12453802.0,12391293.0,12395912.0,2.5208,31327860.05891,7643
2026-09-01T18:00:00+00:00,12395912.0,12404401.0,12275000.0,12350047.0,0.97625,12067876.34984,2535
2026-09-01T19:00:00+00:00,12351449.0,12409894.0,12351449.0,12391780.0,1.4142,17519542.1819,4186
2026-09-01T20:00:00+00:00,12392069.0,12415534.0,12376973.0,12407786.0,4.474165922598597,55470320.78437,13224
2026-09-01T21:00:00+00:00,12407445.0,12408864.0,12333354.0,12362893.0,2.6918771879340326,33281282.51523,8182
2026-09-01T22:00:00+00:00,12362893.0,12385390.0,12358000.0,12378918.0,1.79992,22275861.52208,5214
2026-09-01T23:00:00+00:00,12378464.0,12437709.0,12373522.0,12413467.0,5.92233,73466933.16612,17355
2026-09-02T00:00:00+00:00,12413467.0,12428500.0,12375576.0,12386006.0,3.89482,48303070.9881,11500
2026-09-02T01:00:00+00:00,12382796.0,12403980.0,12302871.0,12352718.0,3.2201293367325117,39841435.96442,9340
2026-09-02T02:00:00+00:00,12355721.0,12395634.0,12339728.0,12389648.0,5.13656426909377,63566477.90345,15143
2026-09-02T03:00:00+00:00,12389648.0,12469601.0,12385576.0,12448505.0,9.371560475241674,116521762.91937,10441
2026-09-02T04:00:00+00:00,12439445.0,12452313.0,12402899.0,12448257.0,11.465668871340084,142544082.67714,9435
2026-09-02T05:00:00+00:00,12448265.0,12457587.0,12421285.0,12422875.0,13.765505489767712,171267098.20668,7511
2026-09-02T06:00:00+00:00,12422875.0,12431863.0,12375765.0,12391554.0,2.4000563940331316,29743136.01698,7023
2026-09-02T07:00:00+00:00,12394215.0,12436438.0,12378701.0,12378947.0,4.38014999022771,54313425.60029145,12659
2026-09-02T08:00:00+00:00,12380756.0,12392631.0,12275000.0,12293054.0,3.50466,43235393.00788,10225
2026-09-02T09:00:00+00:00,12293054.0,12321606.0,12235324.0,12267855.0,2.5097296114916174,30853482.38651,7262
2026-09-02T10:00:00+00:00,12267855.0,12267969.0,12202167.0,12261783.0,2.49394,30544761.8601,7033
2026-09-02T11:00:00+00:00,12262667.0,12266120.0,12205438.0,12260290.0,2.2672231602267723,27748545.43589,6767
2026-09-02T12:00:00+00:00,12260290.0,12292451.0,12232083.0,12232083.0,1.866605237033257,22881130.67275,5873
2026-09-02T13:00:00+00:00,12232146.0,12268470.0,12175000.0,12221591.0,0.9370291309201713,11461443.40969,2961
2026-09-02T14:00:00+00:00,12223681.0,12291417.0,12223681.0,12235681.0,1.37427,16837020.42409,4387
2026-09-02T15:00:00+00:00,12235681.0,12289011.0,12182061.0,12272973.0,3.4986445498136995,42817191.86867,10314
2026-09-02T16:00:00+00:00,12272973.0,12321399.0,12263266.0,12279072.0,2.785616560753019,34212783.76379,8188
2026-09-02T17:00:00+00:00,12279072.0,12297671.0,12241213.0,12291832.0,3.75124,46021464.52086,11123
2026-09-02T18:00:00+00:00,12291832.0,12315210.0,12286761.0,12304487.0,6.51614,80138953.57709,19067
2026-09-02T19:00:00+00:00,12302425.0,12307918.0,12258578.0,12283604.0,3.3795844482598216,41509947.7049,9942
2026-09-02T20:00:00+00:00,12283604.0,12307678.0,12262294.0,12290400.0,6.30655,77486435.32331,18435
2026-09-02T21:00:00+00:00,12286800.0,12295776.0,12263565.0,12270594.0,5.99788,73633633.93411,17512
2026-09-02T22:00:00+00:00,12271690.0,12271918.0,12234082.0,12236864.0,7.33694,89845110.91793,21268
2026-09-02T23:00:00+00:00,12237619.0,12283578.0,12235285.0,12282341.0,1.2119433171979295,14858714.442588225,3516
2026-09-03T00:00:00+00:00,12287925.0,12290976.0,12223794.0,12235883.0,4.52705,55431872.96699,13486
2026-09-03T01:00:00+00:00,12233329.0,12277060.0,12213669.0,12258119.0,2.75458,33752743.26062,8240
2026-09-03T02:00:00+00:00,12257305.0,12305529.0,12233837.0,12295168.0,1.53301,18799286.88198,4824
2026-09-03T03:00:00+00:00,12277689.0,12292262.0,12255792.0,12278267.0,4.708462782138905,57783091.19467,7349
2026-09-03T04:00:00+00:00,12278267.0,12293442.0,12237955.0,12272968.0,6.873493249421425,84293169.84858,5206
2026-09-03T05:00:00+00:00,12273897.0,12285607.0,12177078.0,12249440.0,5.046651446942015,61845090.42748,9457
2026-09-03T06:00:00+00:00,12248453.0,12248453.0,12227838.0,12233663.0,1.74419,21340751.32592,5361
2026-09-03T07:00:00+00:00,12235344.0,12266321.0,12196907.0,12196907.0,1.67796,20503714.26816,5283
2026-09-03T08:00:00+00:00,12198371.0,12253271.0,12187319.0,12194112.0,1.2587543940572525,15386468.95099,2871
2026-09-03T09:00:00+00:00,12194112.0,12205935.0,12132840.0,12137379.0,1.3165480605985413,16027620.7323,3541
2026-09-03T10:00:00+00:00,12137381.0,12158271.0,12125000.0,12149377.0,2.3543378907572228,28576960.78486,7042
2026-09-03T11:00:00+00:00,12149377.0,12178160.0,12138771.0,12174096.0,0.66084,8028982.63011,2106
2026-09-03T12:00:00+00:00,12169240.0,12251220.0,12148933.0,12228944.0,2.0502405917993203,24974977.21522325,6342
2026-09-03T13:00:00+00:00,12230135.0,12289480.0,12204955.0,12254962.0,2.3558430237089594,28819616.31908,7179
2026-09-03T14:00:00+00:00,12253592.0,12518752.0,12248409.0,12518752.0,1.7616483011233,21829730.34527,5060
2026-09-03T15:00:00+00:00,12518752.0,12637647.0,12518131.0,12631784.0,1.1700116075769702,14699660.11533,3366
2026-09-03T16:00:00+00:00,12631787.0,12634834.0,12521855.0,12574367.0,1.47408,18523726.73545,4473
2026-09-03T17:00:00+00:00,12574367.0,12606370.0,12564462.0,12597435.0,1.2752038673623844,16051345.42846,3788
2026-09-03T18:00:00+00:00,12598270.0,12625307.0,12575633.0,12620133.0,0.89393,11257505.82298,2813
2026-09-03T19:00:00+00:00,12620133.0,12725000.0,12620132.0,12724726.0,0.87511,11096940.84936,2591
2026-09-03T20:00:00+00:00,12724725.0,12724726.0,12676764.0,12689854.0,1.3444425499110841,17063416.72264,4147
2026-09-03T21:00:00+00:00,12687290.0,12800000.0,12664306.0,12720936.0,2.3155091607495493,29442251.98001,6595
2026-09-03T22:00:00+00:00,12720930.0,12721864.0,12607931.0,12665601.0,2.8477883145664085,36069846.11837,8238
2026-09-03T23:00:00+00:00,12663610.0,12681774.0,12644484.0,12647810.0,1.74096,22046940.80046,5074
2026-09-04T00:00:00+00:00,12647810.0,12671954.0,12589823.0,12611218.0,2.1604,27292019.09779,6342
2026-09-04T01:00:00+00:00,12611413.0,12630022.0,12598015.0,12622574.0,2.759155202227125,34797732.11256464,8305
2026-09-04T02:00:00+00:00,12616834.0,12619076.0,12589228.0,12606737.0,3.6116993757811535,45512001.89859,10706
2026-09-04T03:00:00+00:00,12606737.0,12666080.0,12606737.0,12647904.0,3.8475216349996306,48625824.93067,11317
2026-09-04T04:00:00+00:00,12647904.0,12721260.0,12638362.0,12692527.0,11.64551947779451,147701925.72169,8570
2026-09-04T05:00:00+00:00,12692527.0,12697075.0,12650293.0,12669696.0,5.759084382165089,73031468.52365,7132
2026-09-04T06:00:00+00:00,12669696.0,12677786.0,12603073.0,12642135.0,9.990880953562042,126202949.36995,4840
2026-09-04T07:00:00+00:00,12642025.0,12670749.0,12619364.0,12629221.0,3.718094011551515,47005933.25042,10842
2026-09-04T08:00:00+00:00,12629221.0,12714373.0,12614920.0,12703904.0,5.996469896662631,75889872.42143343,6118
2026-09-04T09:00:00+00:00,12704126.0,12721241.0,12669861.0,12689855.0,1.5913322547347604,20203530.73472,4966
2026-09-04T10:00:00+00:00,12687793.0,12712122.0,12656084.0,12699205.0,3.1889,40471278.33755,5352
2026-09-04T11:00:00+00:00,12698538.0,12849904.0,12692832.0,12708420.0,13.557182462726121,172998561.93948,4885
2026-09-04T12:00:00+00:00,12708420.0,12712548.0,12364469.0,12385627.0,1.95731,24705128.74356,3972
2026-09-04T13:00:00+00:00,12389573.0,12440409.0,12326686.0,12421234.0,1.001389475594473,12410874.82241,2433
2026-09-04T14:00:00+00:00,12404581.0,12406604.0,12288888.0,12335278.0,0.3124617127092263,3864031.28692,51
2026-09-04T15:00:00+00:00,12335953.0,12423274.0,12335953.0,12414967.0,0.01156,143156.88533,12
2026-09-04T16:00:00+00:00,12427823.0,12427823.0,12427823.0,12427823.0,0.002,24855.646,2
2026-09-04T17:00:00+00:00,12462736.0,12462736.0,12428228.0,12428228.0,0.02786262459222437,347050.37746,25
2026-09-04T18:00:00+00:00,12429933.0,12444605.0,12429933.0,12444605.0,0.003814107112723251,47438.79006999999,7
2026-09-04T19:00:00+00:00,12452858.0,12489111.0,12452858.0,12469142.0,0.11237927190755338,1401934.54804,67
2026-09-04T20:00:00+00:00,12474455.0,12490738.0,12474455.0,12480000.0,0.64155,8009598.54279,2032
2026-09-04T21:00:00+00:00,12480000.0,12491753.0,12453288.0,12470890.0,4.08351,50984812.38582,12054
2026-09-04T22:00:00+00:00,12470288.0,12475638.0,12460996.0,12460996.0,3.9043730064595445,48687075.00064,11461
2026-09-04T23:00:00+00:00,12462742.0,12466148.0,12454526.0,12461836.0,3.05138,38024169.81401,8911
2026-09-05T00:00:00+00:00,12461836.0,12472536.0,12452598.0,12455000.0,2.3885,29766677.50436,7253
2026-09-05T01:00:00+00:00,12455000.0,12478229.0,12450000.0,12450001.0,2.5372402340313576,31618044.92362,7237
2026-09-05T02:00:00+00:00,12450000.0,12466404.0,12450000.0,12457249.0,2.5363986315968257,31598434.27872,7329
2026-09-05T03:00:00+00:00,12457249.0,12473478.0,12450000.0,12451678.0,5.072101198786738,63181911.14117,14324
2026-09-05T04:00:00+00:00,12452786.0,12468489.0,12442176.0,12444084.0,3.672996456490438,45732950.69722,10514
2026-09-05T05:00:00+00:00,12443439.0,12458092.0,12437582.0,12454703.0,3.53666,44028754.61358,10457
2026-09-05T06:00:00+00:00,12454703.0,12500000.0,12453468.0,12469764.0,4.353628080063725,54282786.27273,12534
2026-09-05T07:00:00+00:00,12468266.0,12488384.0,12468227.0,12481102.0,3.9809905705947717,49681487.96041,11523
2026-09-05T08:00:00+00:00,12481112.0,12511939.0,12464957.0,12469220.0,2.0481140245053067,25546794.27396,5697
2026-09-05T09:00:00+00:00,12475131.0,12483499.0,12458873.0,12463952.0,2.637880477291663,32904554.85466,7797
2026-09-05T10:00:00+00:00,12463811.0,12469653.0,12455240.0,12460094.0,4.511760396419696,56229408.99296,13068
2026-09-05T11:00:00+00:00,12460095.0,12470294.0,12458221.0,12461330.0,5.26604,65633462.49805,15280
2026-09-05T12:00:00+00:00,12461330.0,12476726.0,12457700.0,12469472.0,3.8184,47606361.9595,11198
2026-09-05T13:00:00+00:00,12468222.0,12478107.0,12457289.0,12464312.0,1.9001214068817962,23692049.79275,5657
2026-09-05T14:00:00+00:00,12464312.0,12480427.0,12464240.0,12473725.0,4.863570840605183,60669444.05047,14181
2026-09-05T15:00:00+00:00,12473582.0,12483498.0,12471827.0,12482760.0,4.097644505524269,51126285.51886,11937
2026-09-05T16:00:00+00:00,12482760.0,12532008.0,12475292.0,12517639.0,2.54515,31802580.211452644,7759
2026-09-05T17:00:00+00:00,12518494.0,12538429.0,12514874.0,12524350.0,0.84834,10628030.96028,2706
2026-09-05T18:00:00+00:00,12521390.0,12530356.0,12508664.0,12514547.0,2.3156,28984881.56744,6855
2026-09-05T19:00:00+00:00,12514547.0,12514924.0,12474247.0,12478459.0,0.8254625871516147,10309661.55791,2656
2026-09-05T20:00:00+00:00,12478459.0,12485148.0,12465497.0,12478684.0,2.65839,33167808.69729,7958
2026-09-05T21:00:00+00:00,12478684.0,12502701.0,12471374.0,12499694.0,2.68014,33463450.42457,7926
2026-09-05T22:00:00+00:00,12499694.0,12506911.0,12479597.0,12481812.0,3.14807,39334564.01962,9458
2026-09-05T23:00:00+00:00,12483302.0,12491285.0,12475173.0,12487233.0,4.54061,56694764.01355,13287
2026-09-06T00:00:00+00:00,12491284.0,12505073.0,12491284.0,12496900.0,1.1077100188477598,13843597.34742,3449
2026-09-06T01:00:00+00:00,12495776.0,12519411.0,12495165.0,12509839.0,2.9963888314312728,37473415.27965925,9053
2026-09-06T02:00:00+00:00,12509839.0,12521822.0,12502393.0,12505040.0,2.44676,30608387.35906,7266
2026-09-06T03:00:00+00:00,12505290.0,12531108.0,12505001.0,12525397.0,2.063211776007591,25810820.81231,6058
2026-09-06T04:00:00+00:00,12525312.0,12525312.0,12507031.0,12507796.0,0.12076,1511251.72815,449
2026-09-06T05:00:00+00:00,12507767.0,12523062.0,12505000.0,12519188.0,0.3377,4226001.95504,1389
2026-09-06T06:00:00+00:00,12519188.0,12520240.0,12487642.0,12489452.0,1.5273376044799996,19103876.25889,4474
2026-09-06T07:00:00+00:00,12489452.0,12493725.0,12470376.0,12485713.0,0.64671,8077184.7655,1891
2026-09-06T08:00:00+00:00,12485714.0,12498981.0,12485714.0,12491305.0,0.04345,542898.75599,316
2026-09-06T09:00:00+00:00,12497145.0,12523061.0,12496812.0,12505822.0,5.84809,73153908.93832,16986
2026-09-06T10:00:00+00:00,12505816.0,12516922.0,12505145.0,12515802.0,9.85004,123257042.16037,28173
2026-09-06T11:00:00+00:00,12516830.0,12517216.0,12500509.0,12502033.0,5.88648,73622959.01153,17079
2026-09-06T12:00:00+00:00,12504958.0,12515346.0,12496590.0,12505142.0,6.60545,82617592.80372,19296
2026-09-06T13:00:00+00:00,12505142.0,12509138.0,12484846.0,12490907.0,6.325009939657211,79041149.65059,18537
2026-09-06T14:00:00+00:00,12490907.0,12495921.0,12420300.0,12447437.0,3.25195,40577980.63974,9483
2026-09-06T15:00:00+00:00,12447437.0,12469014.0,12426430.0,12467098.0,6.839979518709333,85215323.02740546,19856
2026-09-06T16:00:00+00:00,12467098.0,12469014.0,12449340.0,12464978.0,2.9096402447657943,36256900.845261894,8457
2026-09-06T17:00:00+00:00,12464449.0,12469014.0,12448006.0,12466058.0,6.38486,79581910.99797,18644
2026-09-06T18:00:00+00:00,12467279.0,12492348.0,12467279.0,12492348.0,0.97286,12142526.82835,2948
2026-09-06T19:00:00+00:00,12492348.0,12492348.0,12470132.0,12472412.0,8.49501,106034127.05543,24354
2026-09-06T20:00:00+00:00,12472412.0,12492208.0,12470257.0,12488934.0,5.223190459883642,65178874.11183,15163
2026-09-06T21:00:00+00:00,12488934.0,12500000.0,12481877.0,12488713.0,4.80397,60015306.62856,14114
2026-09-06T22:00:00+00:00,12489276.0,12508991.0,12458750.0,12503425.0,2.140901200481537,26718152.098549318,6528
2026-09-06T23:00:00+00:00,12508991.0,12596614.0,12508991.0,12577821.0,1.435007790246681,17989037.91103,4283
2026-09-07T00:00:00+00:00,12561941.0,12566149.0,12497086.0,12511513.0,2.4703486915081774,30920622.11737,7682
2026-09-07T01:00:00+00:00,12511513.0,12526931.0,12470369.0,12490482.0,1.85044,23112288.90811,5759
2026-09-07T02:00:00+00:00,12490482.0,12563090.0,12476252.0,12490173.0,2.2832814609994054,28526382.73517,6746
2026-09-07T03:00:00+00:00,12492153.0,12501919.0,12439363.0,12445695.0,4.929648903650435,61446103.58547,3260
2026-09-07T04:00:00+00:00,12445536.0,12468477.0,12441290.0,12458989.0,4.407990426176236,54931563.80214,1844
2026-09-07T05:00:00+00:00,12456854.0,12482107.0,12453169.0,12453170.0,2.482672242136661,30964868.06096146,7439
2026-09-07T06:00:00+00:00,12452033.0,12463261.0,12424495.0,12424847.0,5.371684795102983,66871399.11091,3911
2026-09-07T07:00:00+00:00,12426754.0,12431550.0,12329117.0,12360639.0,0.74852,9275984.87889,2295
2026-09-07T08:00:00+00:00,12361909.0,12363005.0,12275000.0,12291199.0,8.868269764489899,109258077.66366,4197
2026-09-07T09:00:00+00:00,12283996.0,12301017.0,12275000.0,12275000.0,1.169115207047077,14359417.44086,3470
2026-09-07T10:00:00+00:00,12275000.0,12302652.0,12275000.0,12296305.0,1.2107031652098,14873678.53534,3836
2026-09-07T11:00:00+00:00,12296305.0,12305547.0,12285934.0,12297464.0,0.6031288769468696,7417807.3522499995,1916
2026-09-07T12:00:00+00:00,12297873.0,12315661.0,12289961.0,12309356.0,0.536622834287868,6604532.47536,1789
2026-09-07T13:00:00+00:00,12304756.0,12311812.0,12275000.0,12282218.0,2.1015020312950283,25856548.70837,6292
2026-09-07T14:00:00+00:00,12282217.0,12289810.0,12212547.0,12233122.0,1.8437658714315868,22562723.56883,5734
2026-09-07T15:00:00+00:00,12233122.0,12239931.0,12168058.0,12183128.0,2.281730853058564,27854682.94134,6679
2026-09-07T16:00:00+00:00,12181504.0,12207930.0,12181503.0,12207436.0,5.37863695271322,65604898.89473,15902
2026-09-07T17:00:00+00:00,12207436.0,12238989.0,12205870.0,12238988.0,1.33488,16298393.46235,4039
2026-09-07T18:00:00+00:00,12238989.0,12243885.0,12225373.0,12239330.0,5.28177,64622476.94918,15541
2026-09-07T19:00:00+00:00,12239098.0,12266321.0,12233342.0,12261166.0,3.41182,41772193.24105,10080
2026-09-07T20:00:00+00:00,12263118.0,12266321.0,12237416.0,12246298.0,3.952,48392869.18146,11648
2026-09-07T21:00:00+00:00,12243703.0,12248088.0,12234542.0,12234633.0,3.677954784999718,45023563.46567,10842
2026-09-07T22:00:00+00:00,12234633.0,12238355.0,12172344.0,12185909.0,1.800798772018607,22008754.21502,5489
2026-09-07T23:00:00+00:00,12184978.0,12211732.0,12172344.0,12190155.0,2.26696,27632161.89046,6439
2026-09-08T00:00:00+00:00,12190155.0,12195486.0,12150000.0,12195079.0,1.12667,13703696.9671,3502
2026-09-08T01:00:00+00:00,12200995.0,12228752.0,12180993.0,12201536.0,2.7574365694820497,33631942.97705,6729
2026-09-08T02:00:00+00:00,12201536.0,12201536.0,12125033.0,12125033.0,4.255145513454088,51801163.84041,3188
2026-09-08T03:00:00+00:00,12125000.0,12125001.0,12086483.0,12112069.0,2.64039,31975282.11098,7784
2026-09-08T04:00:00+00:00,12112069.0,12138006.0,12093133.0,12099459.0,7.576647971558434,91771559.76442,7858
2026-09-08T05:00:00+00:00,12099457.0,12131302.0,12077868.0,12077868.0,17.800736403286795,215386831.73941,3520
2026-09-08T06:00:00+00:00,12075000.0,12085131.0,12038135.0,12049910.0,7.57908,91515698.10433,6153
2026-09-08T07:00:00+00:00,12049910.0,12123102.0,12046398.0,12082743.0,8.157318684044002,98522810.84087,10146
2026-09-08T08:00:00+00:00,12082709.0,12121226.0,12049566.0,12103435.0,3.6987360639408364,44715177.77266,2859
2026-09-08T09:00:00+00:00,12103435.0,12140248.0,12083981.0,12136051.0,2.4760207975312065,30004385.03827,7473
2026-09-08T10:00:00+00:00,12136051.0,12186364.0,12131000.0,12131112.0,2.6932021340571564,32720589.21286,7111
2026-09-08T11:00:00+00:00,12131112.0,12133287.0,12096129.0,12110349.0,4.184671323558156,50687336.72448,12343
2026-09-08T12:00:00+00:00,12110349.0,12110349.0,12060825.0,12076172.0,2.21084,26708992.73344,6683
2026-09-08T13:00:00+00:00,12076172.0,12093671.0,11966795.0,12003664.0,2.10495,25386872.49005,5994
2026-09-08T14:00:00+00:00,12003664.0,12118766.0,11990932.0,12109481.0,1.8107647094682298,21869989.43471,5748
2026-09-08T15:00:00+00:00,12107600.0,12174050.0,12103440.0,12173301.0,3.9322047654076124,47675971.89504,11643
2026-09-08T16:00:00+00:00,12173301.0,12186321.0,12137279.0,12153674.0,5.31551,64627633.4373,15766
2026-09-08T17:00:00+00:00,12153673.0,12171828.0,12124059.0,12127983.0,4.68376,56860095.06143,13789
2026-09-08T18:00:00+00:00,12126379.0,12165269.0,12060002.0,12060002.0,1.53257,18589599.75252,4857
2026-09-08T19:00:00+00:00,12060000.0,12096618.0,12060000.0,12085277.0,2.54938,30786862.49582,7641
2026-09-08T20:00:00+00:00,12085277.0,12111747.0,12071942.0,12098531.0,3.46224,41873286.73879,10383
2026-09-08T21:00:00+00:00,12089560.0,12108194.0,12080333.0,12087469.0,1.72102,20828255.46931,5073
2026-09-08T22:00:00+00:00,12083093.0,12108253.0,12066901.0,12082551.0,3.29997,39856695.39555,9544
2026-09-08T23:00:00+00:00,12082551.0,12085294.0,12042394.0,12044181.0,1.74639,21072479.24034,5066
2026-09-09T00:00:00+00:00,12058137.0,12106321.0,12058137.0,12105810.0,3.793682728785238,45798452.748070955,11259
2026-09-09T01:00:00+00:00,12101771.0,12140000.0,12100000.0,12126695.0,10.89144,132051026.16281,4327
2026-09-09T02:00:00+00:00,12129762.0,12138186.0,12103216.0,12108000.0,2.0454423752038013,24781070.84939,6125
2026-09-09T03:00:00+00:00,12108000.0,12108000.0,12072667.0,12080375.0,2.22108,26843173.75385,5312
2026-09-09T04:00:00+00:00,12079362.0,12176703.0,12079362.0,12171417.0,11.998900582859894,145624237.37001,2511
2026-09-09T05:00:00+00:00,12174945.0,12185425.0,12104825.0,12111149.0,4.02687,48915352.65814,5500
2026-09-09T06:00:00+00:00,12111218.0,12160187.0,12092994.0,12155894.0,3.3557884797471886,40734277.15237,5760
2026-09-09T07:00:00+00:00,12155787.0,12177307.0,12149357.0,12160000.0,3.362429128987661,40881370.44662,1214
2026-09-09T08:00:00+00:00,12186320.0,12272024.0,12186320.0,12257528.0,0.9765180051342794,11956038.27038,2482
2026-09-09T09:00:00+00:00,12257792.0,12260000.0,12145780.0,12149335.0,2.2319,27346621.2907,1269
2026-09-09T10:00:00+00:00,12150390.0,12189433.0,12131743.0,12133682.0,2.61669347890833,31823799.46064,7324
2026-09-09T11:00:00+00:00,12132712.0,12181042.0,12104792.0,12178589.0,3.609150321975321,43763192.44968,10790
2026-09-09T12:00:00+00:00,12178670.0,12216432.0,12175953.0,12210265.0,0.3180447231833669,3880967.86973,1147
2026-09-09T13:00:00+00:00,12209825.0,12214537.0,12136533.0,12138578.0,1.70327,20765577.39048,5217
2026-09-09T14:00:00+00:00,12138408.0,12169957.0,12096822.0,12105694.0,1.9327757011709847,23452224.369,5846
2026-09-09T15:00:00+00:00,12106023.0,12163264.0,12007242.0,12071500.0,2.5361734756681975,30622600.27373,7595
2026-09-09T16:00:00+00:00,12071500.0,12119589.0,12053940.0,12104597.0,2.19315,26510415.65816,6600
2026-09-09T17:00:00+00:00,12111592.0,12127780.0,12086856.0,12101776.0,3.9516947798537148,47837719.71928,11761
2026-09-09T18:00:00+00:00,12101776.0,12103111.0,12051221.0,12051221.0,0.95827,11569449.75945,3005
2026-09-09T19:00:00+00:00,12053659.0,12084622.0,12013150.0,12024096.0,4.80962,58019001.01637,14186
2026-09-09T20:00:00+00:00,12025678.0,12041645.0,12000000.0,12032697.0,2.6029946290895793,31313666.88922,7326
2026-09-09T21:00:00+00:00,12031728.0,12038588.0,11993470.0,12001066.0,3.209914415568562,38605757.37129,9273
2026-09-09T22:00:00+00:00,12001029.0,12001029.0,11953019.0,11954726.0,0.7676539124624123,9185901.60733,2177
2026-09-09T23:00:00+00:00,11954291.0,12033220.0,11954291.0,12030556.0,3.2779981949531045,39328405.61238,8585
2026-09-10T00:00:00+00:00,12030556.0,12071786.0,12019024.0,12019024.0,6.78801583457998,81805080.62989,6300
2026-09-10T01:00:00+00:00,12030901.0,12063317.0,11985462.0,11993035.0,1.8232924768359682,21929364.83884,5198
2026-09-10T02:00:00+00:00,11992384.0,12036000.0,11974321.0,12031810.0,4.380554795004287,52571914.37486,12552
2026-09-10T03:00:00+00:00,12030683.0,12052575.0,12029955.0,12033278.0,3.1511513831808657,37931744.56997,8990
2026-09-10T04:00:00+00:00,12032118.0,12050000.0,12027918.0,12045564.0,4.43213,53343430.06008,12843
2026-09-10T05:00:00+00:00,12045589.0,12093232.0,12023944.0,12083580.0,15.76555571566135,190255288.03941,5055
2026-09-10T06:00:00+00:00,12083580.0,12083624.0,12023000.0,12057123.0,4.993200075229179,60127991.96764,4521
2026-09-10T07:00:00+00:00,12057228.0,12061471.0,11977192.0,12007001.0,11.48854698146073,138197152.01514,6132
2026-09-10T08:00:00+00:00,12007001.0,12030460.0,12007001.0,12016980.0,7.69147,92432624.73462,11608
2026-09-10T09:00:00+00:00,12016980.0,12076038.0,11997814.0,12003764.0,6.071776598493356,73089815.25223,7884
2026-09-10T10:00:00+00:00,12003764.0,12052440.0,11997648.0,12014175.0,3.277133817896864,39361687.81393,8612
2026-09-10T11:00:00+00:00,12011487.0,12041331.0,11988711.0,12016271.0,4.25715,51192496.93825,12272
2026-09-10T12:00:00+00:00,12013980.0,12029317.0,11852473.0,11873103.0,2.2740240090573165,27238618.80533,5915
2026-09-10T13:00:00+00:00,11873103.0,11905622.0,11852473.0,11893990.0,2.446432747731441,29051427.37971,6764
2026-09-10T14:00:00+00:00,11893332.0,11928841.0,11853612.0,11916665.0,2.944883664655541,35030336.07892,8923
2026-09-10T15:00:00+00:00,11916665.0,11923782.0,11883102.0,11904261.0,2.479246467548132,29501184.01322,7432
2026-09-10T16:00:00+00:00,11904262.0,11927667.0,11855933.0,11916562.0,4.402708305479695,52342084.80407,13144
2026-09-10T17:00:00+00:00,11916479.0,11962993.0,11904301.0,11940000.0,3.23875,38631613.26762,8506
2026-09-10T18:00:00+00:00,11940000.0,11940001.0,11887157.0,11930578.0,4.07889,48574779.65684,12221
2026-09-10T19:00:00+00:00,11930578.0,11931380.0,11899904.0,11908348.0,4.17577,49762069.75697,12431
2026-09-10T20:00:00+00:00,11908373.0,11947006.0,11908360.0,11936749.0,1.63518,19511048.56056,4967
2026-09-10T21:00:00+00:00,11936642.0,11938223.0,11914276.0,11916457.0,2.9686411364518017,35405217.3982,8873
2026-09-10T22:00:00+00:00,11916457.0,11926480.0,11864516.0,11866511.0,1.7004867873968095,20250442.99441,4978
2026-09-10T23:00:00+00:00,11866512.0,11886437.0,11825001.0,11834855.0,2.765994284538756,32815361.33811,7930
2026-09-11T00:00:00+00:00,11839660.0,11883264.0,11831391.0,11883264.0,1.7988117945196345,21335855.40054,5471
2026-09-11T01:00:00+00:00,11891567.0,11891567.0,11843937.0,11884279.0,1.8236861398098334,21653852.83271,5641
2026-09-11T02:00:00+00:00,11884279.0,11900503.0,11865780.0,11870908.0,3.0719783729914996,36520985.42724,3732
2026-09-11T03:00:00+00:00,11870521.0,11884999.0,11852122.0,11879646.0,4.14047,49168876.89221,5464
2026-09-11T04:00:00+00:00,11879646.0,11940019.0,11876556.0,11920189.0,12.415668606792654,147790810.56448,4902
2026-09-11T05:00:00+00:00,11920170.0,11925692.0,11906834.0,11924319.0,7.387226536307991,88015545.22598,2897
2026-09-11T06:00:00+00:00,11923267.0,11945000.0,11915955.0,11941653.0,9.844230087948416,117506884.49381,6946
2026-09-11T07:00:00+00:00,11940850.0,11973199.0,11922498.0,11927513.0,2.9762268447613707,35548042.30739,2800
2026-09-11T08:00:00+00:00,11927854.0,11971585.0,11915615.0,11937255.0,2.9000756014577838,34606670.06699,8765
2026-09-11T09:00:00+00:00,11937180.0,11980786.0,11868097.0,11890245.0,3.327150421793561,39800318.56503,2112
2026-09-11T10:00:00+00:00,11901971.0,11945320.0,11875996.0,11882110.0,0.3334268332531356,3969714.49086,1032
2026-09-11T11:00:00+00:00,11867001.0,11886760.0,11840443.0,11883043.0,0.6306238013310842,7481851.31554,2152
2026-09-11T12:00:00+00:00,11883043.0,12023916.0,11787971.0,11991312.0,1.393893302411792,16600718.55708,2765
2026-09-11T13:00:00+00:00,11991923.0,12169210.0,11871016.0,12163308.0,0.9305,11121744.95844,2716
2026-09-11T14:00:00+00:00,12163648.0,12254825.0,12069209.0,12105545.0,0.6458683599282589,7836687.38015,2053
2026-09-11T15:00:00+00:00,12105545.0,12119728.0,11915385.0,11963898.0,1.4997171608553632,18125174.58383,4468
2026-09-11T16:00:00+00:00,11955338.0,12010841.0,11907132.0,11989960.0,1.1352555130082629,13585292.81499,3739
2026-09-11T17:00:00+00:00,11988410.0,11997899.0,11922206.0,11932451.0,2.19139,26204478.16492,6704
2026-09-11T18:00:00+00:00,11910394.0,11910394.0,11850000.0,11854102.0,1.01472,12044930.74551,3229
2026-09-11T19:00:00+00:00,11855540.0,11900541.0,11850190.0,11896911.0,0.73251,8701787.30957,2383
2026-09-11T20:00:00+00:00,11888449.0,11918233.0,11873596.0,11890665.0,0.9045752383509867,10770261.39121,3031
2026-09-11T21:00:00+00:00,11889992.0,11903804.0,11860000.0,11860000.0,0.7375652050557309,8768809.17065,2244
2026-09-11T22:00:00+00:00,11860000.0,11871125.0,11837664.0,11851889.0,0.9896924870478936,11736288.44479,3105
2026-09-11T23:00:00+00:00,11851888.0,11870999.0,11851888.0,11869382.0,1.0292639908730887,12212946.03656,3426
2026-09-12T00:00:00+00:00,11869382.0,11902466.0,11869200.0,11884804.0,2.4172389788897526,28719408.04562,7095
2026-09-12T01:00:00+00:00,11884721.0,11898338.0,11880689.0,11886685.0,2.8514904535154404,33902298.36262,8468
2026-09-12T02:00:00+00:00,11886685.0,11900000.0,11886000.0,11887177.0,2.2283794813907565,26494296.55306,6648
2026-09-12T03:00:00+00:00,11886254.0,11901408.0,11882211.0,11884429.0,0.35085378100216474,4171193.52315,1067
2026-09-12T04:00:00+00:00,11885736.0,11890430.0,11876811.0,11877314.0,3.012522078127463,35802842.24477,8960
2026-09-12T05:00:00+00:00,11877314.0,11884019.0,11870153.0,11877898.0,2.1218,25203677.39184,6334
2026-09-12T06:00:00+00:00,11877898.0,11892605.0,11873495.0,11885826.0,3.34824,39778588.58546,9826
2026-09-12T07:00:00+00:00,11885826.0,11892606.0,11875834.0,11879900.0,3.3402256700818977,39699540.46345,9313
2026-09-12T08:00:00+00:00,11879900.0,11894287.0,11873674.0,11892409.0,4.339731505873291,51579828.64032,12703
2026-09-12T09:00:00+00:00,11892409.0,11906443.0,11886816.0,11896993.0,1.734496372420727,20629131.754298493,5096
2026-09-12T10:00:00+00:00,11897004.0,11901011.0,11887291.0,11892530.0,3.885785155546869,46226543.27585,11392
2026-09-12T11:00:00+00:00,11892530.0,11896957.0,11886212.0,11896040.0,4.65998,55414185.69896,13509
2026-09-12T12:00:00+00:00,11895584.0,11896268.0,11886006.0,11892547.0,3.67589,43713652.34875,10693
2026-09-12T13:00:00+00:00,11893376.0,11896147.0,11884286.0,11895226.0,1.3867,16487198.29286,3763
2026-09-12T14:00:00+00:00,11895226.0,11907383.0,11893906.0,11906245.0,3.264403272671653,38842583.76496,9601
2026-09-12T15:00:00+00:00,11906245.0,11908481.0,11894671.0,11897191.0,1.7830952044797435,21225501.25749,5140
2026-09-12T16:00:00+00:00,11897194.0,11901346.0,11892098.0,11894054.0,4.69245,55821976.06325,13527
2026-09-12T17:00:00+00:00,11894054.0,11895821.0,11865799.0,11871414.0,3.2316,38390993.54011,9569
2026-09-12T18:00:00+00:00,11871414.0,11871978.0,11860000.0,11860711.0,2.78488,33041259.93764,8163
2026-09-12T19:00:00+00:00,11861196.0,11870358.0,11860000.0,11860000.0,1.2244352951074793,14527103.58116,3875
2026-09-12T20:00:00+00:00,11860000.0,11874282.0,11860000.0,11866124.0,2.12771,25247636.85178,6367
2026-09-12T21:00:00+00:00,11866124.0,11883216.0,11863260.0,11879245.0,1.5893,18870819.26955,4942
2026-09-12T22:00:00+00:00,11878780.0,11883820.0,11868200.0,11873895.0,2.80362,33290575.14598,8223
2026-09-12T23:00:00+00:00,11873895.0,11880690.0,11873130.0,11880000.0,2.38656,28347170.28599,7290
2026-09-13T00:00:00+00:00,11880000.0,11880000.0,11874000.0,11879026.0,3.81627,45334848.89791,11028
2026-09-13T01:00:00+00:00,11879350.0,11895775.0,11874000.0,11883791.0,2.3292280567459067,27665404.51458,6852
2026-09-13T02:00:00+00:00,11885759.0,11886849.0,11874000.0,11878019.0,3.813238578121212,45300649.72399,11196
2026-09-13T03:00:00+00:00,11879784.0,11886396.0,11873277.0,11873277.0,1.47608,17534483.56846,4520
2026-09-13T04:00:00+00:00,11876283.0,11876310.0,11873277.0,11873614.0,1.689882120510234,20065697.77127,5139
2026-09-13T05:00:00+00:00,11874293.0,11894419.0,11873277.0,11882940.0,1.4356346763284529,17053983.65505,4228
2026-09-13T06:00:00+00:00,11882910.0,11891127.0,11863228.0,11863228.0,2.307857407220656,27420126.21296,6583
2026-09-13T07:00:00+00:00,11863228.0,11865352.0,11853413.0,11855736.0,2.5768597603661108,30565028.57984,7686
2026-09-13T08:00:00+00:00,11856485.0,11856485.0,11809813.0,11818117.0,1.6648735951018676,19713064.91378,4667
2026-09-13T09:00:00+00:00,11819434.0,11826796.0,11789461.0,11803172.0,3.64992,43073174.32235,10534
2026-09-13T10:00:00+00:00,11803171.0,11809912.0,11780000.0,11782523.0,7.61018,89791738.25537,21985
2026-09-13T11:00:00+00:00,11782523.0,11805503.0,11775000.0,11802386.0,5.2579735484385735,61985277.861723006,15140
2026-09-13T12:00:00+00:00,11802947.0,11813435.0,11797478.0,11799125.0,4.871693608982476,57512882.52367,14248
2026-09-13T13:00:00+00:00,11799126.0,11819903.0,11780215.0,11812158.0,3.569574438308953,42126559.9089,10457
2026-09-13T14:00:00+00:00,11812822.0,11873535.0,11810829.0,11861622.0,4.30183,50949283.6311,12717
2026-09-13T15:00:00+00:00,11861622.0,11863212.0,11835195.0,11851592.0,7.723084367687539,91512966.74793,22281
2026-09-13T16:00:00+00:00,11851592.0,11887009.0,11849305.0,11876692.0,5.927384335726697,70358144.44941,17325
2026-09-13T17:00:00+00:00,11876692.0,11890000.0,11876692.0,11887925.0,5.14514,61151358.49155,14920
2026-09-13T18:00:00+00:00,11886358.0,11890000.0,11882775.0,11886116.0,8.97236,106655265.01067,25853
2026-09-13T19:00:00+00:00,11886116.0,11890000.0,11880637.0,11880637.0,1.54183,18327966.41462,4526
2026-09-13T20:00:00+00:00,11880637.0,11886684.0,11871231.0,11881428.0,3.799585240334256,45134426.08331,11031
2026-09-13T21:00:00+00:00,11880531.0,11890000.0,11878264.0,11883000.0,4.204893873435512,49980951.6538,12304
2026-09-13T22:00:00+00:00,11883000.0,11883000.0,11789821.0,11795246.0,1.395966129457323,16480139.80695,4117
2026-09-13T23:00:00+00:00,11795246.0,11813627.0,11780000.0,11802032.0,3.589019902520235,42344093.02968,10733
2026-09-14T00:00:00+00:00,11802051.0,11835285.0,11750000.0,11809738.0,1.53987,18177840.8624,4391
2026-09-14T01:00:00+00:00,11809738.0,11864903.0,11788427.0,11856150.0,1.2044021152946875,14228687.99615,3103
2026-09-14T02:00:00+00:00,11856517.0,11961642.0,11852257.0,11960000.0,8.804027599715726,105018381.00933549,3214
2026-09-14T03:00:00+00:00,11960000.0,12016361.0,11958052.0,11958052.0,1.5920079275106287,19080953.83958,1741
2026-09-14T04:00:00+00:00,11958052.0,11969721.0,11955001.0,11961274.0,1.19798,14326294.97616,3646
2026-09-14T05:00:00+00:00,11959749.0,11963299.0,11948000.0,11956134.0,2.007944971567258,24002948.92844,5677
2026-09-14T06:00:00+00:00,11958473.0,12010542.0,11948000.0,11987805.0,10.441596089181509,125261637.27956,2277
2026-09-14T07:00:00+00:00,11976508.0,12018630.0,11976355.0,12017261.0,1.3002165162192625,15587608.250647204,3749
2026-09-14T08:00:00+00:00,12021398.0,12043177.0,12006200.0,12018006.0,2.4105809925935593,28973739.99822,7163
2026-09-14T09:00:00+00:00,12018006.0,12095733.0,12006930.0,12094731.0,0.38560205971998746,4641465.34453,1053
2026-09-14T10:00:00+00:00,12075083.0,12082244.0,12054635.0,12054635.0,1.29046,15576089.31553,3834
2026-09-14T11:00:00+00:00,12050823.0,12050823.0,12019313.0,12027092.0,1.61795,19473066.26103,4835
2026-09-14T12:00:00+00:00,12034049.0,12070041.0,12025092.0,12037171.0,2.8382,34166299.62094,8951
2026-09-14T13:00:00+00:00,12037171.0,12150000.0,12010842.0,12131189.0,1.0628615470182312,12850323.79324,1963
2026-09-14T14:00:00+00:00,12125720.0,12185000.0,12118969.0,12154125.0,1.040255568506787,12632028.83278,3399
2026-09-14T15:00:00+00:00,12148920.0,12158247.0,12106421.0,12136051.0,0.48837,5927130.94389,1658
2026-09-14T16:00:00+00:00,12129407.0,12180185.0,12120599.0,12161217.0,1.1415647478523814,13873101.23415,3481
2026-09-14T17:00:00+00:00,12161224.0,12190032.0,12152692.0,12185064.0,1.1949415659931433,14546310.50473,3549
2026-09-14T18:00:00+00:00,12185366.0,12225000.0,12174346.0,12205689.0,2.28914,27917456.14765,6982
2026-09-14T19:00:00+00:00,12204131.0,12214258.0,12191201.0,12199353.0,1.3288,16213724.47862,4315
2026-09-14T20:00:00+00:00,12199804.0,12274111.0,12199804.0,12237114.0,2.18848,26759403.12167,6685
2026-09-14T21:00:00+00:00,12216540.0,12216540.0,12167310.0,12167457.0,0.8780305435455432,10704432.30046,2729
2026-09-14T22:00:00+00:00,12162027.0,12168032.0,12112445.0,12116626.0,3.8785464092795077,47069954.40414,11348
2026-09-14T23:00:00+00:00,12116626.0,12120511.0,12063561.0,12069037.0,4.311270165316772,52127907.07025,12483
2026-09-15T00:00:00+00:00,12070340.0,12099378.0,12047675.0,12056287.0,2.6105351673128556,31503653.33864,5704
2026-09-15T01:00:00+00:00,12056287.0,12090064.0,12021815.0,12065900.0,2.80863,33883214.0298,7971
2026-09-15T02:00:00+00:00,12064635.0,12084882.0,12063638.0,12071258.0,5.2865405063079685,63813324.61581,12794
2026-09-15T03:00:00+00:00,12071258.0,12071990.0,12037655.0,12037655.0,4.060765286085241,48943896.17333,11522
2026-09-15T04:00:00+00:00,12036453.0,12038519.0,12010315.0,12024401.0,8.047252370438983,96741378.10303,10222
2026-09-15T05:00:00+00:00,12024398.0,12042793.0,11975000.0,12038982.0,7.960728494597436,95658842.51141,8631
2026-09-15T06:00:00+00:00,12038789.0,12057658.0,11975000.0,11975000.0,12.507644550194867,150526102.1011,8478
2026-09-15T07:00:00+00:00,11979963.0,11996881.0,11924192.0,11928818.0,11.97576852164584,143439602.3786,4684
2026-09-15T08:00:00+00:00,11928818.0,11952165.0,11816573.0,11933899.0,4.11539993171536,49037553.20086,8118
2026-09-15T09:00:00+00:00,11930333.0,11961974.0,11924416.0,11940668.0,4.1275747059513455,49285511.09161,11234
2026-09-15T10:00:00+00:00,11940668.0,11960032.0,11911426.0,11940127.0,3.6535242851502967,43599352.56591,10696
2026-09-15T11:00:00+00:00,11942705.0,11965595.0,11905263.0,11919668.0,5.184117897129941,61858082.2539,14726
2026-09-15T12:00:00+00:00,11919668.0,11963764.0,11919667.0,11942091.0,3.0052790334594945,35883451.77748,8377
2026-09-15T13:00:00+00:00,11944709.0,11959396.0,11809768.0,11886971.0,2.5967776220827314,30900453.55533,7265
2026-09-15T14:00:00+00:00,11884186.0,11892330.0,11750000.0,11778064.0,1.5975877687410993,18887438.73251,4394
2026-09-15T15:00:00+00:00,11778474.0,11888912.0,11763994.0,11880379.0,2.46135,29117816.408,6906
2026-09-15T16:00:00+00:00,11880379.0,11890847.0,11832294.0,11846154.0,4.152150968690111,49211337.73263,12363
2026-09-15T17:00:00+00:00,11847382.0,11995732.0,11821518.0,11938314.0,3.64378,43281765.24255,10735
2026-09-15T18:00:00+00:00,11936736.0,11948230.0,11650000.0,11786343.0,2.3560509052696443,27939295.93343,6213
2026-09-15T19:00:00+00:00,11807434.0,11838630.0,11773997.0,11811724.0,1.41135,16648602.2325,4256
2026-09-15T20:00:00+00:00,11820515.0,11820516.0,11754839.0,11779323.0,3.321866316927112,39148998.52367,9911
2026-09-15T21:00:00+00:00,11779552.0,11784045.0,11701191.0,11709897.0,3.4093214513613384,40067756.56956,9446
2026-09-15T22:00:00+00:00,11706916.0,11759172.0,11657818.0,11754085.0,1.08655,12731266.82778,2834
2026-09-15T23:00:00+00:00,11754085.0,11796126.0,11717114.0,11758993.0,2.372817184789142,27933127.03175,6005
2026-09-16T00:00:00+00:00,11758993.0,11790000.0,11747403.0,11779274.0,3.33193,39233953.01966,9731
2026-09-16T01:00:00+00:00,11779274.0,11790000.0,11727707.0,11735392.0,2.204878218697519,25915411.34192,6244
2026-09-16T02:00:00+00:00,11735392.0,11817846.0,11732204.0,11788706.0,4.976936130699075,58640654.81733,8582
2026-09-16T03:00:00+00:00,11788706.0,11823062.0,11772214.0,11790469.0,5.789422621332351,68255992.44565,5554
2026-09-16T04:00:00+00:00,11787897.0,11821008.0,11782558.0,11792869.0,7.4775804430810995,88272967.50384,5387
2026-09-16T05:00:00+00:00,11760532.0,11813246.0,11759698.0,11797804.0,5.45203056641674,64276902.70369,15489
2026-09-16T06:00:00+00:00,11797580.0,11826532.0,11776467.0,11785211.0,4.604832918741585,54316788.63108,12020
2026-09-16T07:00:00+00:00,11787740.0,11804821.0,11744854.0,11748663.0,3.5684414089511436,42013434.47926,4825
2026-09-16T08:00:00+00:00,11747001.0,11747262.0,11685028.0,11747262.0,1.97247,23115186.2894,5978
2026-09-16T09:00:00+00:00,11747262.0,11795565.0,11745074.0,11794842.0,4.563589412355819,53693846.15881,13016
2026-09-16T10:00:00+00:00,11797661.0,11800557.0,11776232.0,11780329.0,2.96517,34954786.71144,8222
2026-09-16T11:00:00+00:00,11786564.0,11838598.0,11775999.0,11823184.0,3.6451549581414886,42987000.05578,9187
2026-09-16T12:00:00+00:00,11823412.0,11823412.0,11757000.0,11797166.0,3.3058886196508883,39011157.64995,9052
2026-09-16T13:00:00+00:00,11796561.0,11796561.0,11750000.0,11750000.0,2.3654416018624715,27838507.03238,6972
2026-09-16T14:00:00+00:00,11750000.0,11760137.0,11706352.0,11746303.0,1.54874,18179898.38155,3977
2026-09-16T15:00:00+00:00,11746351.0,11770773.0,11721681.0,11752393.0,1.56921,18440773.07728,4781
2026-09-16T16:00:00+00:00,11752393.0,11775256.0,11738689.0,11751723.0,3.17831,37364865.59146,9389
2026-09-16T17:00:00+00:00,11749478.0,11775450.0,11710000.0,11740228.0,3.69355,43365107.75558,10999
2026-09-16T18:00:00+00:00,11739583.0,11874035.0,11700127.0,11793816.0,1.451927963997998,17119199.10329,2843
2026-09-16T19:00:00+00:00,11811948.0,11896542.0,11745460.0,11885079.0,2.067720408773896,24523801.30864,6278
2026-09-16T20:00:00+00:00,11890333.0,11947885.0,11880816.0,11903453.0,3.633504313394379,43265531.41347,10783
2026-09-16T21:00:00+00:00,11902404.0,11911993.0,11861000.0,11867889.0,5.57563,66267378.97558,16315
2026-09-16T22:00:00+00:00,11866879.0,11870598.0,11816438.0,11822692.0,3.36343,39797893.10604,10022
2026-09-16T23:00:00+00:00,11822692.0,11909756.0,11822692.0,11886818.0,4.479916341589756,53204457.51157,13363
2026-09-17T00:00:00+00:00,11886818.0,11943329.0,11878684.0,11928372.0,3.042349551116778,36260153.74344,8922
2026-09-17T01:00:00+00:00,11927240.0,11984225.0,11899227.0,11923384.0,2.546313757395244,30365327.04055,7415
2026-09-17T02:00:00+00:00,11920909.0,11940636.0,11883226.0,11927858.0,1.53376252321751,18270908.1904,4482
2026-09-17T03:00:00+00:00,11924943.0,11968387.0,11924943.0,11946882.0,9.19815222557977,109946998.7562,2373
2026-09-17T04:00:00+00:00,11946883.0,11963697.0,11901955.0,11961815.0,8.27277576398962,98698573.51869,2202
2026-09-17T05:00:00+00:00,11961803.0,11981092.0,11893330.0,11898269.0,8.406314670116448,100381397.25681,5248
2026-09-17T06:00:00+00:00,11897719.0,11942501.0,11893001.0,11913111.0,1.0290302102954179,12256800.05199,1565
2026-09-17T07:00:00+00:00,11913111.0,11959643.0,11909913.0,11912650.0,10.023170761802032,119592422.82269,1725
2026-09-17T08:00:00+00:00,11913937.0,11936061.0,11913937.0,11932227.0,1.15463,13771772.49163,3729
2026-09-17T09:00:00+00:00,11938174.0,11955812.0,11924961.0,11924961.0,3.13131,37397507.9202,9351
2026-09-17T10:00:00+00:00,11923142.0,11923142.0,11880408.0,11894842.0,0.54672,6502385.56575,1764
2026-09-17T11:00:00+00:00,11894811.0,11909977.0,11874386.0,11887582.0,2.030980043136943,24156661.08443,6256
2026-09-17T12:00:00+00:00,11918760.0,11983418.0,11904364.0,11947295.0,0.36674,4386701.30311,747
2026-09-17T13:00:00+00:00,11953102.0,11960966.0,11841270.0,11934571.0,0.85961,10244478.2565,2659
2026-09-17T14:00:00+00:00,11936084.0,11985238.0,11884260.0,11935677.0,0.2741442696487432,3274256.83578,989
2026-09-17T15:00:00+00:00,11900000.0,11972987.0,11879931.0,11958676.0,0.71484,8524908.53541,2452
2026-09-17T16:00:00+00:00,11959700.0,11968221.0,11931998.0,11958049.0,1.38006,16496859.5883,4295
2026-09-17T17:00:00+00:00,11973370.0,12000000.0,11947167.0,11960814.0,0.39926,4780946.28592,1562
2026-09-17T18:00:00+00:00,11960814.0,11976285.0,11927980.0,11942424.0,0.42894,5126871.82076,1455
2026-09-17T19:00:00+00:00,11942426.0,11952109.0,11929554.0,11931963.0,0.22448,2680516.36802,1090
2026-09-17T20:00:00+00:00,11935318.0,11962730.0,11926556.0,11933118.0,1.26365,15094129.65995,4104
2026-09-17T21:00:00+00:00,11933118.0,11942105.0,11915687.0,11916972.0,1.1525851481519545,13754307.68809,3857
2026-09-17T22:00:00+00:00,11911935.0,11921136.0,11893100.0,11914048.0,1.3433909718013584,15997342.6708,4368
2026-09-17T23:00:00+00:00,11914180.0,11938681.0,11911811.0,11926486.0,5.022336559861177,59872048.28832,14754
2026-09-18T00:00:00+00:00,11926096.0,11955378.0,11910356.0,11954574.0,3.31568,39555402.45942,9936
2026-09-18T01:00:00+00:00,11954574.0,11985152.0,11946900.0,11982688.0,1.5849855009159894,18965835.37034,4965
2026-09-18T02:00:00+00:00,11982687.0,12063753.0,11975799.0,12055458.0,1.7682511621027206,21233455.09458,5239
2026-09-18T03:00:00+00:00,12055240.0,12168375.0,12054682.0,12150657.0,6.72416,81667356.03898,11210
2026-09-18T04:00:00+00:00,12150301.0,12175000.0,12117586.0,12175000.0,12.916125733819875,156840257.03125,16394
2026-09-18T05:00:00+00:00,12175000.0,12216894.0,12167806.0,12178364.0,6.090526285110547,74202277.4308,15618
2026-09-18T06:00:00+00:00,12178364.0,12214072.0,12132447.0,12142766.0,9.659670026770929,117723349.36097,12538
2026-09-18T07:00:00+00:00,12171221.0,12259391.0,12167056.0,12246250.0,5.224494445012053,63720362.76409,4301
2026-09-18T08:00:00+00:00,12246250.0,12325000.0,12239267.0,12325000.0,5.139959805241615,63157010.16649,9976
2026-09-18T09:00:00+00:00,12335365.0,12370238.0,12319729.0,12352072.0,1.6582154322678624,20471454.56321455,4271
2026-09-18T10:00:00+00:00,12352072.0,12365617.0,12336499.0,12351146.0,3.311783756170603,40907899.79826,9535
2026-09-18T11:00:00+00:00,12350749.0,12375000.0,12310740.0,12319074.0,3.7539387064371703,46265640.95117,10951
2026-09-18T12:00:00+00:00,12318808.0,12335422.0,12311909.0,12316813.0,2.7798596440019514,34253598.76881,8077
2026-09-18T13:00:00+00:00,12316813.0,12697823.0,12301954.0,12618109.0,1.509594256638323,18810830.76620021,3212
2026-09-18T14:00:00+00:00,12633762.0,12756558.0,12625949.0,12725970.0,2.322545932373317,29492544.83916,6050
2026-09-18T15:00:00+00:00,12730829.0,12736120.0,12623881.0,12649928.0,1.6183837006344424,20503023.18978,4972
2026-09-18T16:00:00+00:00,12649860.0,12700771.0,12637922.0,12676955.0,1.44849,18362499.54775,4503
2026-09-18T17:00:00+00:00,12676955.0,12679442.0,12619575.0,12672656.0,2.16467,27391644.96938,6759
2026-09-18T18:00:00+00:00,12672656.0,12685771.0,12660024.0,12673410.0,2.32308,29439933.97258,7144
2026-09-18T19:00:00+00:00,12675286.0,12725000.0,12670166.0,12710005.0,2.0028744750497114,25432775.098391242,6144
2026-09-18T20:00:00+00:00,12709800.0,12711070.0,12682689.0,12704231.0,1.7655384369219749,22420542.72401,5629
2026-09-18T21:00:00+00:00,12704231.0,12721852.0,12704231.0,12721664.0,1.0450993030345717,13289434.85387,3469
2026-09-18T22:00:00+00:00,12721664.0,12725000.0,12710000.0,12710451.0,0.3531978781925344,4493716.232469385,1293
2026-09-18T23:00:00+00:00,12710506.0,12710972.0,12665345.0,12668152.0,0.48548840716783315,6160686.39074,1804
2026-09-19T00:00:00+00:00,12663162.0,12754548.0,12660464.0,12754548.0,1.441095492844626,18289949.8724686,4315
2026-09-19T01:00:00+00:00,12754548.0,12768911.0,12685633.0,12716399.0,1.52432,19376145.65331,4872
2026-09-19T02:00:00+00:00,12716399.0,12733122.0,12709737.0,12720623.0,1.1787939880188063,14990825.97959,3353
2026-09-19T03:00:00+00:00,12720623.0,12723065.0,12697428.0,12698252.0,1.10643,14060359.90487,3428
2026-09-19T04:00:00+00:00,12698252.0,12706020.0,12669272.0,12685099.0,3.03285,38484114.20333,9178
2026-09-19T05:00:00+00:00,12685099.0,12702290.0,12683178.0,12685998.0,2.8676853376194855,36393586.81516,8479
2026-09-19T06:00:00+00:00,12686012.0,12694403.0,12671430.0,12687512.0,4.45696,56543970.56672,13117
2026-09-19T07:00:00+00:00,12687284.0,12724983.0,12687217.0,12698276.0,3.256429712975053,41334781.29879,9495
2026-09-19T08:00:00+00:00,12696241.0,12726978.0,12690457.0,12723085.0,3.169445701516593,40310430.23535,9349
2026-09-19T09:00:00+00:00,12722162.0,12748620.0,12713921.0,12725428.0,2.8187150795475935,35874802.26365,8501
2026-09-19T10:00:00+00:00,12725428.0,12732773.0,12711904.0,12712474.0,2.8160412516013125,35824644.41449,8039
2026-09-19T11:00:00+00:00,12712474.0,12742480.0,12712474.0,12723952.0,3.9828235974150235,50677708.68001,11656
2026-09-19T12:00:00+00:00,12723952.0,12731768.0,12713177.0,12729422.0,2.7035478088210447,34395501.85486,8209
2026-09-19T13:00:00+00:00,12729422.0,12732467.0,12711922.0,12730518.0,1.181104828111802,15029196.91652,3932
2026-09-19T14:00:00+00:00,12730518.0,12748941.0,12727193.0,12748941.0,0.19711,2510006.40911,814
2026-09-19T15:00:00+00:00,12751827.0,12796677.0,12751827.0,12765308.0,0.3770358059617904,4816341.10316,1372
2026-09-19T16:00:00+00:00,12765308.0,12796677.0,12745789.0,12796676.0,0.44237,5654282.2725,1292
2026-09-19T17:00:00+00:00,12796676.0,12796677.0,12739005.0,12748112.0,2.91581,37187128.7327,8421
2026-09-19T18:00:00+00:00,12748112.0,12759774.0,12732918.0,12746037.0,4.59828,58616351.56733,13393
2026-09-19T19:00:00+00:00,12746037.0,12751253.0,12735816.0,12735816.0,5.48444,69889838.65783,16007
2026-09-19T20:00:00+00:00,12740652.0,12744186.0,12699358.0,12705874.0,2.447880392518565,31167432.6323,7357
2026-09-19T21:00:00+00:00,12705874.0,12712365.0,12668028.0,12695416.0,3.3566336231577187,42601993.67065,10141
2026-09-19T22:00:00+00:00,12695416.0,12704471.0,12679167.0,12704471.0,2.7369282416427203,34732154.09447,8080
2026-09-19T23:00:00+00:00,12704471.0,12734470.0,12704471.0,12725334.0,2.00792,25546432.22688,6023
2026-09-20T00:00:00+00:00,12725334.0,12731997.0,12712496.0,12723901.0,3.89988,49619520.71824,11715
2026-09-20T01:00:00+00:00,12723900.0,12725982.0,12688919.0,12695818.0,1.1641,14784422.9385,3758
2026-09-20T02:00:00+00:00,12695818.0,12699353.0,12615900.0,12615900.0,2.05968,26123884.17778,5786
2026-09-20T03:00:00+00:00,12615900.0,12618886.0,12575000.0,12610463.0,2.24751903458374,28323201.32219,6810
2026-09-20T04:00:00+00:00,12612388.0,12617816.0,12584706.0,12602974.0,3.12512,39387448.42185,9336
2026-09-20T05:00:00+00:00,12602974.0,12625551.0,12600661.0,12613419.0,2.96397,37390174.23772,8941
2026-09-20T06:00:00+00:00,12613419.0,12625918.0,12590530.0,12596016.0,2.8602790005099568,36075396.62112,8414
2026-09-20T07:00:00+00:00,12596281.0,12599858.0,12584177.0,12591287.0,4.12995,52012335.6094,12308
2026-09-20T08:00:00+00:00,12591287.0,12610332.0,12582046.0,12583698.0,4.709526912812147,59339832.69151,13679
2026-09-20T09:00:00+00:00,12584260.0,12619474.0,12575921.0,12609607.0,7.18909,90575867.59322,20848
2026-09-20T10:00:00+00:00,12609607.0,12800000.0,12597593.0,12604117.0,2.3137531028865292,29198280.74281,5210
2026-09-20T11:00:00+00:00,12604116.0,12625726.0,12604116.0,12621036.0,5.2785,66577433.57776,15455
2026-09-20T12:00:00+00:00,12621036.0,12623606.0,12604268.0,12621653.0,9.89844,124856539.2828,28463
2026-09-20T13:00:00+00:00,12621654.0,12641053.0,12620252.0,12635018.0,6.18712,78142432.20446,18052
2026-09-20T14:00:00+00:00,12635384.0,12664397.0,12621204.0,12653900.0,4.667469971689898,59013691.79673,13710
2026-09-20T15:00:00+00:00,12653900.0,12687764.0,12653867.0,12676076.0,2.4765411633568624,31375395.8984,7469
2026-09-20T16:00:00+00:00,12676076.0,12754549.0,12662512.0,12736987.0,3.925437640153677,49888053.46191,11701
2026-09-20T17:00:00+00:00,12738523.0,12754549.0,12707133.0,12713872.0,2.3908363876261673,30449620.74234,7328
2026-09-20T18:00:00+00:00,12708843.0,12728678.0,12694719.0,12695683.0,4.52103,57473662.61057,13387
2026-09-20T19:00:00+00:00,12699970.0,12729948.0,12699488.0,12719904.0,7.708473597782406,98002301.75154,22442
2026-09-20T20:00:00+00:00,12719904.0,12727388.0,12707817.0,12710581.0,7.96938,101330068.15754,23103
2026-09-20T21:00:00+00:00,12710581.0,12712399.0,12636786.0,12680839.0,7.696933330684907,97578363.45389,22202
2026-09-20T22:00:00+00:00,12680839.0,12737725.0,12661533.0,12736198.0,3.4099,43382551.02678,10211
2026-09-20T23:00:00+00:00,12732531.0,12769059.0,12729000.0,12744155.0,5.065026933582968,64554287.45708,14599
2026-09-21T00:00:00+00:00,12744899.0,12812381.0,12744898.0,12789134.0,2.7051075807496017,34603356.76555884,7073
2026-09-21T01:00:00+00:00,12789134.0,12846349.0,12669271.0,12693368.0,2.484973885162842,31699544.59451,7243
2026-09-21T02:00:00+00:00,12693368.0,12768593.0,12684645.0,12749938.0,3.51815,44814962.91723,10504
2026-09-21T03:00:00+00:00,12749932.0,12793172.0,12748710.0,12777898.0,3.7836583307237794,48336188.10303,10868
2026-09-21T04:00:00+00:00,12777898.0,12780170.0,12750226.0,12772320.0,3.05186,38959595.19993,9081
2026-09-21T05:00:00+00:00,12770517.0,12812000.0,12760558.0,12798517.0,6.02255925714266,76965586.48984,17450
2026-09-21T06:00:00+00:00,12799351.0,12827622.0,12775548.0,12823836.0,2.31076,29610559.47468,7061
2026-09-21T07:00:00+00:00,12824362.0,12829549.0,12798484.0,12829549.0,3.4688700378334993,44456806.31197,10544
2026-09-21T08:00:00+00:00,12829548.0,13170200.0,12829548.0,13144596.0,4.027234863830564,52436721.95122,10493
2026-09-21T09:00:00+00:00,13143420.0,13366845.0,13139911.0,13280733.0,3.841123554999669,50840289.7971583,9940
2026-09-21T10:00:00+00:00,13281000.0,13298512.0,13202204.0,13248097.0,4.238103886990442,56122153.28636,11548
2026-09-21T11:00:00+00:00,13246011.0,13329033.0,13245909.0,13323787.0,1.7128334353210597,22746297.6744,4411
2026-09-21T12:00:00+00:00,13323852.0,13400213.0,13323852.0,13400213.0,2.39807,32071851.47881,7089
2026-09-21T13:00:00+00:00,13400213.0,13470000.0,13355186.0,13436999.0,2.1413228611171347,28697962.131051734,5649
2026-09-21T14:00:00+00:00,13437000.0,13563984.0,13370211.0,13498671.0,2.2368975679660195,30069334.7618,5983
2026-09-21T15:00:00+00:00,13498671.0,13571615.0,13493203.0,13525703.0,3.443067053782375,46625806.42775,9803
2026-09-21T16:00:00+00:00,13489369.0,13539322.0,13456827.0,13534379.0,5.8298,78657866.85606,16965
2026-09-21T17:00:00+00:00,13534379.0,13538929.0,13490000.0,13513534.0,4.54816639844647,61464620.34217,13492
2026-09-21T18:00:00+00:00,13513520.0,13521036.0,13494069.0,13521000.0,1.9792793595148288,26746676.11722,6181
2026-09-21T19:00:00+00:00,13521000.0,13638167.0,13515676.0,13584604.0,2.081620640485171,28276539.86875,5849
2026-09-21T20:00:00+00:00,13588067.0,13720707.0,13588067.0,13655901.0,2.144383923950369,29281818.72432,6209
2026-09-21T21:00:00+00:00,13655891.0,13655891.0,13589123.0,13603740.0,4.7741607411393705,64975915.2315,13873
2026-09-21T22:00:00+00:00,13603740.0,13624786.0,13572057.0,13582714.0,4.104004777187235,55788885.37169,12140
2026-09-21T23:00:00+00:00,13582714.0,13606227.0,13576092.0,13604947.0,5.04879,68628889.1319726,14854
2026-09-22T00:00:00+00:00,13604947.0,13606227.0,13491837.0,13496059.0,1.811970779895635,24559539.68872,5568
2026-09-22T01:00:00+00:00,13494525.0,13506595.0,13421916.0,13458742.0,2.556109438318514,34421792.95679,7742
2026-09-22T02:00:00+00:00,13458742.0,13517935.0,13422019.0,13478783.0,3.5941696997398616,48377800.15892,10388
2026-09-22T03:00:00+00:00,13477200.0,13480931.0,13420000.0,13469761.0,3.733560201633475,50199303.01046,10754
2026-09-22T04:00:00+00:00,13466334.0,13472458.0,13433322.0,13435981.0,5.853845065056244,78745005.08295,17180
2026-09-22T05:00:00+00:00,13435981.0,13445424.0,13400001.0,13430273.0,3.751404556770992,50376727.07606,10954
2026-09-22T06:00:00+00:00,13430985.0,13459550.0,13421456.0,13443739.0,5.296234186977967,71191244.61606,15683
2026-09-22T07:00:00+00:00,13443739.0,13470981.0,13430148.0,13443765.0,6.94016,93305370.98996,20180
2026-09-22T08:00:00+00:00,13444038.0,13540478.0,13441152.0,13540477.0,1.7120289811328118,23096720.03231,5181
2026-09-22T09:00:00+00:00,13540478.0,13540478.0,13466896.0,13522778.0,7.70572,104050856.06818,22372
2026-09-22T10:00:00+00:00,13521107.0,13521474.0,13472502.0,13492682.0,5.666776456811198,76466917.70874,16245
2026-09-22T11:00:00+00:00,13492682.0,13531522.0,13492030.0,13515015.0,3.961722263294864,53524153.78316,11659
2026-09-22T12:00:00+00:00,13515015.0,13532782.0,13502819.0,13525143.0,2.3264252020151166,31455931.07864,7000
2026-09-22T13:00:00+00:00,13525143.0,13553786.0,13470288.0,13553786.0,2.4529200464292775,33153796.97023,7427
2026-09-22T14:00:00+00:00,13553786.0,13569562.0,13434506.0,13533940.0,2.1979589563001336,29688114.87452,6714
2026-09-22T15:00:00+00:00,13533939.0,13615361.0,13533939.0,13601255.0,4.0046187471961145,54340864.8526,11797
2026-09-22T16:00:00+00:00,13601802.0,13611186.0,13548168.0,13605403.0,4.02757,54667951.10502,11979
2026-09-22T17:00:00+00:00,13605403.0,13623702.0,13584783.0,13623196.0,4.47387,60882680.04043,13160
2026-09-22T18:00:00+00:00,13623196.0,13626013.0,13573234.0,13607767.0,4.801862089453155,65320819.96194,14133
2026-09-22T19:00:00+00:00,13607767.0,13612317.0,13553562.0,13564388.0,6.91407,93967457.25975,20039
2026-09-22T20:00:00+00:00,13562436.0,13586451.0,13552645.0,13574836.0,8.835602114027296,119907629.16129,25386
2026-09-22T21:00:00+00:00,13572404.0,13579532.0,13563420.0,13568194.0,9.837511546445047,133523623.35221,28252
2026-09-22T22:00:00+00:00,13568194.0,13576306.0,13541627.0,13559646.0,8.61408983280635,116866828.277,24946
2026-09-22T23:00:00+00:00,13559646.0,13598699.0,13556270.0,13568003.0,5.9672673810679,80969829.0039583,17424
2026-09-23T00:00:00+00:00,13565619.0,13610821.0,13562975.0,13599094.0,1.8383153680046627,24985294.01394,5605
2026-09-23T01:00:00+00:00,13599094.0,13658738.0,13573991.0,13590770.0,5.399434631995337,73505049.83322,15180
2026-09-23T02:00:00+00:00,13599999.0,13638141.0,13599999.0,13628516.0,6.13542,83614298.04059,17602
2026-09-23T03:00:00+00:00,13620208.0,13679013.0,13615429.0,13658811.0,3.61289,49291917.98267,10573
2026-09-23T04:00:00+00:00,13658752.0,13732377.0,13658514.0,13730413.0,1.20069,16430227.54842,3585
2026-09-23T05:00:00+00:00,13730413.0,13731047.0,13619724.0,13631406.0,4.644700730342133,63475011.72442,13532
2026-09-23T06:00:00+00:00,13631406.0,13651728.0,13622766.0,13639685.0,7.9618,108606628.54818,23154
2026-09-23T07:00:00+00:00,13639420.0,13639795.0,13589642.0,13589642.0,5.76031350810444,78454344.75757,16605
2026-09-23T08:00:00+00:00,13589642.0,13620120.0,13537030.0,13569018.0,5.860293609852523,79706527.51564,16922
2026-09-23T09:00:00+00:00,13569018.0,13582891.0,13535510.0,13553186.0,8.307288704501126,112666515.22572,23311
2026-09-23T10:00:00+00:00,13553186.0,13564547.0,13528144.0,13553195.0,4.832178639051667,65469063.41952,13631
2026-09-23T11:00:00+00:00,13553195.0,13562796.0,13501169.0,13530287.0,6.229503489010673,84222836.79711,18132
2026-09-23T12:00:00+00:00,13530287.0,13530886.0,13470001.0,13504657.0,6.405970774344908,86523558.17169,18708
2026-09-23T13:00:00+00:00,13504657.0,13564550.0,13481821.0,13563750.0,3.933326552330754,53111978.78375,11369
2026-09-23T14:00:00+00:00,13564550.0,13583824.0,13290000.0,13378548.0,4.2149940205854035,56351956.77287,11348
2026-09-23T15:00:00+00:00,13378548.0,13426710.0,13290547.0,13298370.0,4.45701239524122,59636657.4423,13209
2026-09-23T16:00:00+00:00,13298370.0,13358405.0,13240000.0,13299988.0,4.67881,62297988.36611,13709
2026-09-23T17:00:00+00:00,13300000.0,13346668.0,13253370.0,13339413.0,3.936988488863669,52417637.49651669,11781
2026-09-23T18:00:00+00:00,13335480.0,13351130.0,13313779.0,13346748.0,3.25499,43378633.04582,9657
2026-09-23T19:00:00+00:00,13346748.0,13378132.0,13337088.0,13377644.0,6.73963,90051134.36655,19742
2026-09-23T20:00:00+00:00,13377644.0,13378307.0,13345412.0,13352002.0,5.26553,70351228.54873,15537
2026-09-23T21:00:00+00:00,13348200.0,13378200.0,13342804.0,13372304.0,5.818774563629147,77748293.02305,16929
2026-09-23T22:00:00+00:00,13371270.0,13399802.0,13367256.0,13384141.0,6.722806750017239,89973852.76361,19459
2026-09-23T23:00:00+00:00,13384983.0,13392243.0,13356598.0,13359362.0,6.8191456797863506,91217935.73024,19690
2026-09-24T00:00:00+00:00,13359362.0,13397921.0,13310000.0,13328464.0,2.6782170625278354,35764508.85073,7669
2026-09-24T01:00:00+00:00,13328463.0,13336862.0,13280000.0,13280001.0,2.2272874726984133,29652847.61288,6720
2026-09-24T02:00:00+00:00,13280000.0,13320566.0,13230000.0,13312244.0,6.433481359365437,85572814.02163,8756
2026-09-24T03:00:00+00:00,13312892.0,13329976.0,13185490.0,13260394.0,9.917051671166636,131679804.20883,16598
2026-09-24T04:00:00+00:00,13264228.0,13278059.0,13241523.0,13275520.0,17.209536254959758,228248298.47385,15648
2026-09-24T05:00:00+00:00,13275547.0,13350000.0,13273060.0,13308510.0,12.296057282561666,163726722.63026,14779
2026-09-24T06:00:00+00:00,13306748.0,13370386.0,13292145.0,13334341.0,7.5121894943629535,100242961.79344,9158
2026-09-24T07:00:00+00:00,13334341.0,13425461.0,13309806.0,13415224.0,19.338090550009344,259019783.65875,9874
2026-09-24T08:00:00+00:00,13415224.0,13415224.0,13224463.0,13259465.0,6.225993353784581,82903782.60666,10504
2026-09-24T09:00:00+00:00,13265587.0,13279762.0,13171753.0,13224657.0,1.5682014524801224,20764673.55443,4150
2026-09-24T10:00:00+00:00,13239093.0,13273964.0,13209978.0,13261397.0,3.125874277535488,41381884.78787,9321
2026-09-24T11:00:00+00:00,13261397.0,13280318.0,13253311.0,13265262.0,2.4995359126972208,33158253.93313,7453
2026-09-24T12:00:00+00:00,13265262.0,13288204.0,13242050.0,13280356.0,5.06154,67140210.07217,15019
2026-09-24T13:00:00+00:00,13294661.0,13394124.0,13285252.0,13374094.0,3.968788723632106,52889817.51918,11788
2026-09-24T14:00:00+00:00,13374094.0,13473762.0,13252721.0,13293738.0,2.98495,39881870.17896,7943
2026-09-24T15:00:00+00:00,13291613.0,13419854.0,13267451.0,13409442.0,4.37744,58512464.19336,12888
2026-09-24T16:00:00+00:00,13409442.0,13469003.0,13353736.0,13414971.0,2.62965,35270821.91461,7814
2026-09-24T17:00:00+00:00,13420463.0,13420463.0,13350536.0,13360362.0,6.102742381599103,81658939.71494,17680
2026-09-24T18:00:00+00:00,13360362.0,13424872.0,13340302.0,13417187.0,7.99227367908093,107092805.17871,23158
2026-09-24T19:00:00+00:00,13416216.0,13444536.0,13389242.0,13408582.0,3.99032,53558193.22802,11727
2026-09-24T20:00:00+00:00,13402405.0,13421804.0,13383081.0,13401720.0,4.66753,62546125.21695,13715
2026-09-24T21:00:00+00:00,13401720.0,13412677.0,13392841.0,13410010.0,2.65567,35612272.84275,8065
2026-09-24T22:00:00+00:00,13410010.0,13410011.0,13331933.0,13376490.0,4.50777,60247133.85393,13347
2026-09-24T23:00:00+00:00,13376490.0,13408576.0,13371890.0,13399283.0,6.500821285348083,87080539.5701,18946
2026-09-25T00:00:00+00:00,13399283.0,13433981.0,13397474.0,13414048.0,4.34745446031145,58344261.39118,13027
2026-09-25T01:00:00+00:00,13414048.0,13434484.0,13384840.0,13417852.0,6.54777,87832845.3208,19116
2026-09-25T02:00:00+00:00,13417852.0,13445003.0,13339792.0,13349312.0,6.1487,82330646.60501,17777
2026-09-25T03:00:00+00:00,13349312.0,13369265.0,13331238.0,13342813.0,6.454470576273186,86169643.87128,18616
2026-09-25T04:00:00+00:00,13343798.0,13360465.0,13320000.0,13353227.0,8.291624783384412,110620045.2449,21818
2026-09-25T05:00:00+00:00,13353811.0,13364212.0,13320000.0,13334081.0,11.70011194947502,156110075.87631,7513
2026-09-25T06:00:00+00:00,13334081.0,13336662.0,13290000.0,13297196.0,9.42578,125502181.73292,11551
2026-09-25T07:00:00+00:00,13297360.0,13305812.0,13258452.0,13296129.0,4.9781115896640395,66153906.71779,5613
2026-09-25T08:00:00+00:00,13296129.0,13374480.0,13296128.0,13356266.0,0.5500154381204532,7346510.60161,1779
2026-09-25T09:00:00+00:00,13356266.0,13404628.0,13356087.0,13374607.0,3.287960498367848,43997373.97541,9357
2026-09-25T10:00:00+00:00,13374607.0,13407215.0,13337298.0,13388966.0,1.2858688288206845,17182240.12143,3687
2026-09-25T11:00:00+00:00,13381535.0,13435929.0,13337623.0,13340460.0,1.8329796690809816,24544757.59501,5577
2026-09-25T12:00:00+00:00,13348219.0,13355918.0,13250000.0,13315272.0,2.3264521476675,30993646.64038,6978
2026-09-25T13:00:00+00:00,13316458.0,13327124.0,13150000.0,13189380.0,1.0899210005778062,14458104.40803,3264
2026-09-25T14:00:00+00:00,13189382.0,13222410.0,13110000.0,13210030.0,1.7453041394505586,22999311.82983,5161
2026-09-25T15:00:00+00:00,13206369.0,13239534.0,13140000.0,13177808.0,2.95876119589938,39050912.74497,8789
2026-09-25T16:00:00+00:00,13178876.0,13226662.0,13173286.0,13180000.0,3.77171,49798819.41441,11030
2026-09-25T17:00:00+00:00,13180000.0,13222055.0,13174835.0,13183160.0,3.26679,43115501.32597,9731
2026-09-25T18:00:00+00:00,13183160.0,13231844.0,13183160.0,13203120.0,4.11832,54398591.23307,12326
2026-09-25T19:00:00+00:00,13203120.0,13224781.0,13198836.0,13222857.0,2.3639,31232723.05417,7231
2026-09-25T20:00:00+00:00,13221670.0,13246783.0,13194802.0,13203170.0,4.401637997262459,58202002.43328,13039
2026-09-25T21:00:00+00:00,13203170.0,13206418.0,13170000.0,13189328.0,3.113887428067535,41065323.15476,9321
2026-09-25T22:00:00+00:00,13189328.0,13240235.0,13182556.0,13231361.0,2.4560937795950535,32459950.63053,7550
2026-09-25T23:00:00+00:00,13230516.0,13237690.0,13222091.0,13227645.0,4.912374826435443,64998619.34758,14284
2026-09-26T00:00:00+00:00,13229999.0,13232426.0,13188084.0,13202003.0,3.6848377928977922,48691212.14788,10963
2026-09-26T01:00:00+00:00,13202003.0,13230902.0,13198382.0,13230078.0,2.94382,38920974.27638,8645
2026-09-26T02:00:00+00:00,13230078.0,13447777.0,13217505.0,13222459.0,4.008709931689081,53024412.75236,11278
2026-09-26T03:00:00+00:00,13224862.0,13247557.0,13217289.0,13217290.0,2.892259192024476,38248686.72765,7629
2026-09-26T04:00:00+00:00,13217290.0,13228442.0,13217290.0,13223081.0,3.6274312656891827,47967033.26827,10616
2026-09-26T05:00:00+00:00,13223081.0,13225510.0,13217290.0,13217290.0,3.1064,41071632.27087,9308
2026-09-26T06:00:00+00:00,13217290.0,13221694.0,13217290.0,13217291.0,0.7511953550232041,9929132.65672,2408
2026-09-26T07:00:00+00:00,13217290.0,13232578.0,13217290.0,13231967.0,2.45926,32526537.61728,7528
2026-09-26T08:00:00+00:00,13237157.0,13268050.0,13226173.0,13259230.0,1.09289,14463529.21024,3509
2026-09-26T09:00:00+00:00,13259231.0,13259231.0,13217290.0,13225698.0,3.3601695417345314,44439907.97798,9968
2026-09-26T10:00:00+00:00,13224922.0,13262713.0,13224490.0,13250696.0,3.4270525648149124,45383167.58277,9882
2026-09-26T11:00:00+00:00,13250696.0,13268080.0,13242413.0,13257111.0,4.254204021729767,56380344.61121,12447
2026-09-26T12:00:00+00:00,13254813.0,13272794.0,13245281.0,13254480.0,1.217158610578903,16131878.15554,3528
2026-09-26T13:00:00+00:00,13254481.0,13254481.0,13217290.0,13222027.0,2.984944461830682,39472967.84069,8917
2026-09-26T14:00:00+00:00,13222027.0,13238726.0,13218094.0,13233328.0,3.65473,48345723.16632,10763
2026-09-26T15:00:00+00:00,13233328.0,13258163.0,13230404.0,13248777.0,5.010666245827113,66346219.75153,14685
2026-09-26T16:00:00+00:00,13248418.0,13251851.0,13240674.0,13244852.0,4.79616,63534821.82758,13947
2026-09-26T17:00:00+00:00,13244852.0,13247723.0,13232396.0,13241589.0,5.8012226535628395,76807774.93589,16859
2026-09-26T18:00:00+00:00,13241589.0,13241589.0,13225484.0,13228715.0,5.01648,66387325.423,14541
2026-09-26T19:00:00+00:00,13228715.0,13235871.0,13222249.0,13229197.0,6.0932,80615956.30385,17699
2026-09-26T20:00:00+00:00,13229197.0,13240116.0,13217290.0,13219769.0,3.87795,51319779.99373,11333
2026-09-26T21:00:00+00:00,13222034.0,13242533.0,13222034.0,13242532.0,0.9951,13175083.72089,3158
2026-09-26T22:00:00+00:00,13242533.0,13282741.0,13242533.0,13266294.0,2.6502969070213505,35167378.51669,7990
2026-09-26T23:00:00+00:00,13265028.0,13288438.0,13264074.0,13288388.0,1.2251428812020826,16265457.281118466,3842
2026-09-27T00:00:00+00:00,13293482.0,13294540.0,13273875.0,13273875.0,0.26182,3477766.48283,950
2026-09-27T01:00:00+00:00,13273875.0,13295349.0,13271799.0,13293044.0,1.0347565158906273,13745857.1965,3307
2026-09-27T02:00:00+00:00,13293044.0,13298032.0,13289330.0,13293227.0,3.412706839049229,45370369.55014,10073
2026-09-27T03:00:00+00:00,13293227.0,13298032.0,13285000.0,13286370.0,3.349532179054974,44516558.88224,10017
2026-09-27T04:00:00+00:00,13286370.0,13291069.0,13285000.0,13285000.0,1.0269655293258917,13645647.28639,2779
2026-09-27T05:00:00+00:00,13285835.0,13513700.0,13285434.0,13298017.0,2.146480626717297,28627111.80335,5099
2026-09-27T06:00:00+00:00,13298017.0,13310000.0,13295935.0,13305966.0,1.60894,21406169.6494,4898
2026-09-27T07:00:00+00:00,13305403.0,13325491.0,13297978.0,13325370.0,1.63433,21740412.30113,4658
2026-09-27T08:00:00+00:00,13329999.0,13340000.0,13322573.0,13334598.0,1.188041197667432,15840343.0659,3723
2026-09-27T09:00:00+00:00,13336342.0,13350000.0,13315802.0,13349883.0,0.2807567790262172,3745100.51114,974
2026-09-27T10:00:00+00:00,13349884.0,13370000.0,13349884.0,13352093.0,0.12871215141506923,1720053.93572,431
2026-09-27T11:00:00+00:00,13352094.0,13357678.0,13349884.0,13354617.0,3.4616698042507856,46224802.90076,10423
2026-09-27T12:00:00+00:00,13354617.0,13365000.0,13354462.0,13363000.0,1.28581,17184305.28591,3750
2026-09-27T13:00:00+00:00,13363000.0,13375000.0,13320007.0,13372223.0,3.0647017655544917,40901393.31802,8939
2026-09-27T14:00:00+00:00,13372466.0,13374651.0,13300814.0,13303472.0,1.7544592960925183,23411837.13622,5323
2026-09-27T15:00:00+00:00,13303336.0,13321358.0,13279624.0,13295872.0,5.763692555159771,76656914.30321,16997
2026-09-27T16:00:00+00:00,13295210.0,13325141.0,13283145.0,13290016.0,5.401125120068161,71856349.56083386,15643
2026-09-27T17:00:00+00:00,13290016.0,13313753.0,13275118.0,13311610.0,9.42241,125287868.7805,27188
2026-09-27T18:00:00+00:00,13311610.0,13336460.0,13305868.0,13331553.0,6.83437,91028442.39732,19580
2026-09-27T19:00:00+00:00,13333745.0,13343401.0,13316722.0,13335959.0,4.94373,65913612.60708,14485
2026-09-27T20:00:00+00:00,13335383.0,13342642.0,13301984.0,13305451.0,2.94506,39219433.70846,8597
2026-09-27T21:00:00+00:00,13307329.0,13329731.0,13291812.0,13325974.0,8.791637710519236,117074580.19707,25277
2026-09-27T22:00:00+00:00,13325974.0,13338598.0,13272338.0,13280000.0,6.05668,80511507.71113,17673
2026-09-27T23:00:00+00:00,13280001.0,13316572.0,13280000.0,13303634.0,6.0276,80168724.731,17533
2026-09-28T00:00:00+00:00,13305602.0,13405397.0,13285000.0,13285000.0,4.196505906934181,55902985.72593,12618
2026-09-28T01:00:00+00:00,13285000.0,13302781.0,13215000.0,13215000.0,1.8117159712664592,24024991.90435,5352
2026-09-28T02:00:00+00:00,13215000.0,13223448.0,13180000.0,13180000.0,1.8482647714154168,24395085.52155,4010
2026-09-28T03:00:00+00:00,13180000.0,13196387.0,13164500.0,13180000.0,11.805712383289169,155597089.58514,7024
2026-09-28T04:00:00+00:00,13180000.0,13190362.0,13168000.0,13185240.0,4.15852,54816015.8547,8748
2026-09-28T05:00:00+00:00,13185756.0,13193924.0,13070000.0,13133406.0,11.641835465090201,153146670.56002,8289
2026-09-28T06:00:00+00:00,13133027.0,13141809.0,13094352.0,13106672.0,6.608738821589723,86705255.88705,15718
2026-09-28T07:00:00+00:00,13106672.0,13129895.0,13063680.0,13063680.0,5.309675706848835,69535118.98444,14437
2026-09-28T08:00:00+00:00,13060000.0,13060000.0,13000000.0,13030393.0,5.481831578884135,71361357.97327,6193
2026-09-28T09:00:00+00:00,13030350.0,13045790.0,12980000.0,12980001.0,3.951751740282618,51388218.49254,11378
2026-09-28T10:00:00+00:00,12984273.0,13049757.0,12984273.0,13039208.0,6.157632571563077,80176776.96528,17958
2026-09-28T11:00:00+00:00,13039208.0,13052572.0,13030273.0,13044546.0,6.694584625409301,87310776.0916,19664
2026-09-28T12:00:00+00:00,13046126.0,13154002.0,13037438.0,13141219.0,5.167416709576956,67714112.90166,15121
2026-09-28T13:00:00+00:00,13143608.0,13182922.0,13113440.0,13151762.0,5.614962844799176,73798343.06886,16170
2026-09-28T14:00:00+00:00,13151750.0,13153707.0,13020000.0,13085261.0,4.09471,53704239.07742,12165
2026-09-28T15:00:00+00:00,13085386.0,13136654.0,13050000.0,13133799.0,6.15122660832279,80542516.21149,17851
2026-09-28T16:00:00+00:00,13133799.0,13225208.0,13105064.0,13175362.0,4.996324326015213,65762514.90197,14541
2026-09-28T17:00:00+00:00,13175362.0,13256024.0,13154293.0,13198242.0,6.6677027106079585,88029422.28695,19568
2026-09-28T18:00:00+00:00,13197000.0,13232525.0,13192641.0,13231070.0,8.84703,116863119.22927,25527
2026-09-28T19:00:00+00:00,13231070.0,13232066.0,13085556.0,13134062.0,5.88964,77505151.10609,17441
2026-09-28T20:00:00+00:00,13134062.0,13166218.0,13112712.0,13150876.0,10.848177001156433,142629039.98911,31118
2026-09-28T21:00:00+00:00,13150876.0,13173598.0,13104267.0,13106150.0,10.10835,132864053.68292,29189
2026-09-28T22:00:00+00:00,13106150.0,13154057.0,13083748.0,13151064.0,11.988473333775486,157279192.7245,34101
2026-09-28T23:00:00+00:00,13151064.0,13161230.0,13137161.0,13143288.0,8.95418,117753510.25148,25910
2026-09-29T00:00:00+00:00,13143289.0,13167866.0,13110000.0,13110153.0,5.5231948807124205,72605145.50148742,16056
2026-09-29T01:00:00+00:00,13110153.0,13116410.0,13022473.0,13076297.0,2.5350725082037755,33113121.4268,6520
2026-09-29T02:00:00+00:00,13073228.0,13085946.0,13039048.0,13055688.0,3.5119487126672473,45877827.99762,9937
2026-09-29T03:00:00+00:00,13055688.0,13092190.0,13032558.0,13076154.0,4.108396942137756,53695786.04807,12054
2026-09-29T04:00:00+00:00,13076154.0,13124047.0,13072482.0,13123088.0,7.9799289586684115,104552660.3911,14807
2026-09-29T05:00:00+00:00,13123088.0,13145807.0,13075975.0,13137881.0,6.930404150740651,90887891.12021,11983
2026-09-29T06:00:00+00:00,13137881.0,13248127.0,13137854.0,13246090.0,17.86434448951093,235983323.71803,13463
2026-09-29T07:00:00+00:00,13246090.0,13274745.0,13217744.0,13231376.0,15.395965796686024,203928595.52432,14139
2026-09-29T08:00:00+00:00,13231376.0,13289046.0,13193909.0,13205616.0,7.018858659900432,92890214.67361,16748
2026-09-29T09:00:00+00:00,13205616.0,13286403.0,13188349.0,13285820.0,5.78501,76425585.57496,16687
2026-09-29T10:00:00+00:00,13285820.0,13290078.0,13220021.0,13220707.0,5.68666,75312491.05334,16483
2026-09-29T11:00:00+00:00,13221958.0,13265000.0,13098634.0,13264989.0,8.433898655742992,111519327.58806,20250
2026-09-29T12:00:00+00:00,13264989.0,13283432.0,13224293.0,13267363.0,7.252354436871624,96128788.739,20931
2026-09-29T13:00:00+00:00,13267363.0,13298025.0,13228895.0,13274757.0,3.6441857201238195,48345364.61186,10725
2026-09-29T14:00:00+00:00,13274757.0,13274757.0,13188866.0,13198606.0,7.324497435934927,96794979.21663,20876
2026-09-29T15:00:00+00:00,13198606.0,13200226.0,13080000.0,13092821.0,2.8696493544879367,37681212.77835,8752
2026-09-29T16:00:00+00:00,13093520.0,13115458.0,13063663.0,13086310.0,8.05527,105447234.76372,23334
2026-09-29T17:00:00+00:00,13093971.0,13109705.0,13073910.0,13089036.0,9.696595981238515,126952434.61716,27893
2026-09-29T18:00:00+00:00,13090690.0,13163745.0,13088023.0,13155034.0,8.29188,108963532.62601,23954
2026-09-29T19:00:00+00:00,13155034.0,13165632.0,13122833.0,13149996.0,10.2155,134324961.3838,29283
2026-09-29T20:00:00+00:00,13149996.0,13196692.0,13138424.0,13162436.0,5.594027691114137,73586107.68255,15305
2026-09-29T21:00:00+00:00,13162184.0,13162436.0,13126563.0,13134923.0,8.545979044999067,112309572.6533,24711
2026-09-29T22:00:00+00:00,13134923.0,13170688.0,13134922.0,13161488.0,7.637046833719952,100489545.43494,22062
2026-09-29T23:00:00+00:00,13159932.0,13198315.0,13158769.0,13173826.0,5.93932,78287062.28838,17003
2026-09-30T00:00:00+00:00,13173826.0,13181698.0,13105492.0,13113769.0,5.455229241467542,71714789.08044,15974
2026-09-30T01:00:00+00:00,13118680.0,13132449.0,13069719.0,13093725.0,4.871931116317163,63817429.93352,13471
2026-09-30T02:00:00+00:00,13093725.0,13117914.0,13050000.0,13076549.0,4.75154,62122727.33565,10982
2026-09-30T03:00:00+00:00,13076549.0,13089728.0,13040634.0,13086494.0,5.7850628032384614,75605101.39638,15162
2026-09-30T04:00:00+00:00,13086494.0,13139380.0,13086494.0,13097173.0,7.7445292402927794,101476654.05439,9356
