timestamp,open,high,low,close,volume,quote_volume,count
2026-09-09T09:45:00+00:00,12163265.0,12163266.0,12145780.0,12149335.0,0.00836,101620.77907,62
2026-09-09T10:00:00+00:00,12150390.0,12160882.0,12150046.0,12157882.0,0.08068,980654.25123,248
2026-09-09T10:15:00+00:00,12162043.0,12189433.0,12161458.0,12168599.0,0.5633234789083299,6855566.35917,1181
2026-09-09T10:30:00+00:00,12168091.0,12169650.0,12157419.0,12164675.0,1.28223,15599769.87217,3798
2026-09-09T10:45:00+00:00,12164675.0,12164675.0,12131743.0,12133682.0,0.69046,8387808.97807,2097
2026-09-09T11:00:00+00:00,12132712.0,12138605.0,12104792.0,12114270.0,1.42836,17307050.95297,4213
2026-09-09T11:15:00+00:00,12114948.0,12131066.0,12106985.0,12128476.0,0.7166,8684295.8102,2189
2026-09-09T11:30:00+00:00,12128476.0,12141318.0,12125558.0,12135250.0,1.0412129679712863,12634345.27491,3117
2026-09-09T11:45:00+00:00,12135250.0,12181042.0,12135250.0,12178589.0,0.42297735400403497,5137500.4116,1271
2026-09-09T12:00:00+00:00,12178670.0,12178749.0,12178589.0,12178590.0,0.04067,495306.36682,129
2026-09-09T12:15:00+00:00,12175953.0,12182045.0,12175953.0,12182045.0,0.00475,57850.38898,45
2026-09-09T12:30:00+00:00,12182045.0,12216432.0,12182044.0,12207549.0,0.09069472318336692,1106460.88863,391
2026-09-09T12:45:00+00:00,12207549.0,12210265.0,12200281.0,12210265.0,0.18193,2221350.2253,582
2026-09-09T13:00:00+00:00,12209825.0,12214537.0,12201000.0,12201056.0,0.33699,4113884.00396,1072
2026-09-09T13:15:00+00:00,12201056.0,12210980.0,12200000.0,12210980.0,0.79518,9707132.78515,2368
2026-09-09T13:30:00+00:00,12210980.0,12210980.0,12142366.0,12162701.0,0.15888,1934162.86264,530
2026-09-09T13:45:00+00:00,12156514.0,12168547.0,12136533.0,12138578.0,0.41222,5010397.73873,1247
2026-09-09T14:00:00+00:00,12138408.0,12140217.0,12102403.0,12124905.0,0.14523,1759683.64903,481
2026-09-09T14:15:00+00:00,12113483.0,12152195.0,12096822.0,12150143.0,0.6498157011709846,7874217.60357,1963
2026-09-09T14:30:00+00:00,12150143.0,12169957.0,12147464.0,12149982.0,0.88149,10716622.51211,2587
2026-09-09T14:45:00+00:00,12135681.0,12135681.0,12101527.0,12105694.0,0.25624,3101700.60429,815
2026-09-09T15:00:00+00:00,12106023.0,12163264.0,12050000.0,12080202.0,0.26463347566819734,3202184.77901,698
2026-09-09T15:15:00+00:00,12077423.0,12096732.0,12007242.0,12049626.0,0.38286,4623518.6035,1207
2026-09-09T15:30:00+00:00,12048369.0,12082569.0,12042158.0,12075890.0,0.78461,9468572.75994,2399
2026-09-09T15:45:00+00:00,12075890.0,12085430.0,12059292.0,12071500.0,1.10407,13328324.13128,3291
2026-09-09T16:00:00+00:00,12071500.0,12091029.0,12053940.0,12082795.0,0.8205,9911000.58208,2490
2026-09-09T16:15:00+00:00,12082866.0,12093185.0,12063921.0,12092095.0,0.61509,7428414.12272,1825
2026-09-09T16:30:00+00:00,12100645.0,12119589.0,12099690.0,12107035.0,0.75606,9152843.67654,2279
2026-09-09T16:45:00+00:00,12109364.0,12109364.0,12104597.0,12104597.0,0.0015,18157.27682,6
2026-09-09T17:00:00+00:00,12111592.0,12121010.0,12092266.0,12114875.0,0.61536,7448905.22787,1878
2026-09-09T17:15:00+00:00,12113254.0,12127780.0,12103320.0,12111413.0,1.29974,15742045.53549,3856
2026-09-09T17:30:00+00:00,12111412.0,12115107.0,12086856.0,12088116.0,0.8412747798537146,10182657.23708,2579
2026-09-09T17:45:00+00:00,12088116.0,12105946.0,12088116.0,12101776.0,1.19532,14464111.71884,3448
2026-09-09T18:00:00+00:00,12101776.0,12103111.0,12086332.0,12090359.0,0.11794,1427265.01871,348
2026-09-09T18:15:00+00:00,12087336.0,12087337.0,12069343.0,12076289.0,0.25324,3057490.28713,846
2026-09-09T18:30:00+00:00,12076814.0,12077802.0,12072009.0,12072009.0,0.09698,1171167.32645,291
2026-09-09T18:45:00+00:00,12071134.0,12073048.0,12051221.0,12051221.0,0.49011,5913527.12716,1520
2026-09-09T19:00:00+00:00,12053659.0,12072058.0,12053659.0,12070306.0,0.84001,10131758.36893,2514
2026-09-09T19:15:00+00:00,12070306.0,12084622.0,12067815.0,12076528.0,1.96079,23677692.7307,5693
2026-09-09T19:30:00+00:00,12076528.0,12078276.0,12039428.0,12040441.0,0.91702,11067078.28503,2755
2026-09-09T19:45:00+00:00,12040354.0,12045891.0,12013150.0,12024096.0,1.0918,13142471.63171,3224
2026-09-09T20:00:00+00:00,12025678.0,12040542.0,12025678.0,12040542.0,0.06021462908957953,724503.49016,216
2026-09-09T20:15:00+00:00,12038634.0,12038634.0,12000000.0,12008988.0,1.11355,13390846.00564,3222
2026-09-09T20:30:00+00:00,12008988.0,12041645.0,12008026.0,12028141.0,0.91958,11068112.6262,2446
2026-09-09T20:45:00+00:00,12028142.0,12034024.0,12014457.0,12032697.0,0.50965,6130204.76722,1442
2026-09-09T21:00:00+00:00,12031728.0,12038588.0,12012640.0,12025719.0,1.4283144155685623,17181633.55493,4082
2026-09-09T21:15:00+00:00,12025719.0,12034764.0,12009599.0,12031654.0,1.35877,16339658.61511,4009
2026-09-09T21:30:00+00:00,12031654.0,12033026.0,12011158.0,12013129.0,0.39135,4706729.58095,1142
2026-09-09T21:45:00+00:00,12017653.0,12017653.0,11993470.0,12001066.0,0.03148,377735.6203,40
2026-09-09T22:00:00+00:00,12001029.0,12001029.0,11953019.0,11974786.0,0.10703,1282609.31206,391
2026-09-09T22:15:00+00:00,11974786.0,11974786.0,11971657.0,11972000.0,0.04030885399264952,482583.80525,52
2026-09-09T22:30:00+00:00,11972000.0,11972000.0,11960309.0,11967754.0,0.1935050584697628,2316050.79274,592
2026-09-09T22:45:00+00:00,11968665.0,11972000.0,11954288.0,11954726.0,0.42681,5104657.69728,1142
2026-09-09T23:00:00+00:00,11954291.0,11996831.0,11954291.0,11996831.0,1.1399760875375877,13652232.57581,2171
2026-09-09T23:15:00+00:00,11987179.0,12000196.0,11987179.0,12000196.0,0.32816,3936524.82205,1024
2026-09-09T23:30:00+00:00,12002437.0,12017539.0,11998887.0,12013326.0,1.35963,16327604.02049,4006
2026-09-09T23:45:00+00:00,12013326.0,12033220.0,12011980.0,12030556.0,0.450232107415517,5412044.19403,1384
2026-09-10T00:00:00+00:00,12030556.0,12071786.0,12024586.0,12028020.0,6.330592759361351,76301657.6443,4917
2026-09-10T00:15:00+00:00,12028020.0,12045949.0,12023554.0,12045949.0,0.30642,3686359.44729,1026
2026-09-10T00:30:00+00:00,12045949.0,12045949.0,12025116.0,12031359.0,0.11700307521862906,1408303.18512,343
2026-09-10T00:45:00+00:00,12030830.0,12030830.0,12019024.0,12019024.0,0.034,408760.35318,14
2026-09-10T01:00:00+00:00,12030901.0,12063317.0,12030901.0,12048000.0,0.70922,8544885.55112,2109
2026-09-10T01:15:00+00:00,12048000.0,12048000.0,12014322.0,12019224.0,0.35059,4216097.9455,974
2026-09-10T01:30:00+00:00,12019224.0,12030046.0,11997675.0,12024688.0,0.38022247683596816,4568235.58833,869
2026-09-10T01:45:00+00:00,12024688.0,12024688.0,11985462.0,11993035.0,0.38326,4600145.75389,1246
2026-09-10T02:00:00+00:00,11992384.0,11992384.0,11974321.0,11984351.0,0.91577,10971292.99981,2512
2026-09-10T02:15:00+00:00,11984911.0,11990451.0,11976112.0,11987713.0,1.2076641430892008,14471785.38839,3552
2026-09-10T02:30:00+00:00,11987713.0,12018642.0,11985012.0,12018642.0,0.9507859823932111,11412147.38096,2713
2026-09-10T02:45:00+00:00,12029731.0,12036000.0,12025290.0,12031810.0,1.3063346695218758,15716688.6057,3775
2026-09-10T03:00:00+00:00,12030683.0,12052575.0,12029956.0,12038254.0,0.9219913831808658,11102024.00231,2395
2026-09-10T03:15:00+00:00,12038230.0,12043375.0,12029955.0,12041644.0,1.08839,13099894.4039,3127
2026-09-10T03:30:00+00:00,12041644.0,12049712.0,12029955.0,12033541.0,0.87098,10483697.80954,2570
2026-09-10T03:45:00+00:00,12043803.0,12045861.0,12029955.0,12033278.0,0.26979,3246128.35422,898
2026-09-10T04:00:00+00:00,12032118.0,12041963.0,12027918.0,12029135.0,1.77751,21390012.95635,5048
2026-09-10T04:15:00+00:00,12033454.0,12043702.0,12033393.0,12042546.0,0.51162,6159327.38088,1479
2026-09-10T04:30:00+00:00,12042546.0,12043844.0,12033750.0,12035234.0,1.54597,18608634.22613,4535
2026-09-10T04:45:00+00:00,12035532.0,12050000.0,12029389.0,12045564.0,0.59703,7185455.49672,1781
2026-09-10T05:00:00+00:00,12045589.0,12063146.0,12023944.0,12052256.0,1.1043193113371919,13299431.62701,2601
2026-09-10T05:15:00+00:00,12055235.0,12076292.0,12048179.0,12065448.0,5.29402,63833315.1546,571
2026-09-10T05:30:00+00:00,12065448.0,12083079.0,12064319.0,12075727.0,7.281924568095378,87929268.32779,939
2026-09-10T05:45:00+00:00,12074986.0,12093232.0,12073930.0,12083580.0,2.0852918362287802,25193272.93001,944
2026-09-10T06:00:00+00:00,12083580.0,12083624.0,12044365.0,12052423.0,0.9679577936369066,11666235.02925,835
2026-09-10T06:15:00+00:00,12051916.0,12057793.0,12023412.0,12030432.0,2.298786135715953,27661494.18719,1434
2026-09-10T06:30:00+00:00,12030432.0,12062890.0,12023000.0,12030647.0,0.8223961458763198,9895956.85052,1387
2026-09-10T06:45:00+00:00,12030646.0,12074903.0,12030646.0,12057123.0,0.90406,10904305.90068,865
2026-09-10T07:00:00+00:00,12057228.0,12061471.0,12025942.0,12036304.0,5.538386981460731,66685447.63708,2313
2026-09-10T07:15:00+00:00,12035588.0,12040000.0,12000000.0,12000000.0,3.82559,46018597.9209,1381
2026-09-10T07:30:00+00:00,12000000.0,12000001.0,11977192.0,11983634.0,0.46896,5622476.91795,666
2026-09-10T07:45:00+00:00,11983629.0,12008610.0,11983629.0,12007001.0,1.65561,19870629.53921,1772
2026-09-10T08:00:00+00:00,12007001.0,12024728.0,12007001.0,12014286.0,3.38828,40714603.25165,544
2026-09-10T08:15:00+00:00,12014285.0,12025821.0,12007390.0,12020954.0,1.1227,13491745.03327,2571
2026-09-10T08:30:00+00:00,12020954.0,12023525.0,12011170.0,12015339.0,1.47831,17765659.38614,3963
2026-09-10T08:45:00+00:00,12015339.0,12030460.0,12014401.0,12016980.0,1.70218,20460617.06356,4530
2026-09-10T09:00:00+00:00,12016980.0,12028528.0,12016920.0,12023653.0,1.11104,13358914.87321,2238
2026-09-10T09:15:00+00:00,12023653.0,12076038.0,12022696.0,12041624.0,3.4383855163821657,41446282.54665,2005
2026-09-10T09:30:00+00:00,12041624.0,12041624.0,12002746.0,12007588.0,0.57998,6972777.53109,1164
2026-09-10T09:45:00+00:00,12007417.0,12010435.0,11997814.0,12003764.0,0.9423710821111905,11311840.30128,2477
2026-09-10T10:00:00+00:00,12003764.0,12014184.0,11997648.0,12004783.0,1.43624,17241038.05862,4072
2026-09-10T10:15:00+00:00,12004783.0,12017223.0,12002506.0,12016895.0,0.8482719133206953,10186855.76347,2110
2026-09-10T10:30:00+00:00,12016895.0,12052440.0,12008000.0,12034148.0,0.3598819045761688,4325479.79966,462
2026-09-10T10:45:00+00:00,12034376.0,12039141.0,12011566.0,12014175.0,0.63274,7608314.19218,1968
2026-09-10T11:00:00+00:00,12011487.0,12024741.0,11988711.0,12024741.0,0.7975,9575425.25625,1982
2026-09-10T11:15:00+00:00,12024379.0,12041128.0,12024275.0,12033480.0,1.02354,12316047.01507,3079
2026-09-10T11:30:00+00:00,12033480.0,12041331.0,12031648.0,12032078.0,1.06456,12813788.62977,3198
2026-09-10T11:45:00+00:00,12032078.0,12035902.0,12013587.0,12016271.0,1.37155,16487236.03716,4013
2026-09-10T12:00:00+00:00,12013980.0,12020369.0,11994513.0,12017660.0,0.63079,7574205.98676,1870
2026-09-10T12:15:00+00:00,12017660.0,12020173.0,11999808.0,12016589.0,0.70504,8468840.29806,2024
2026-09-10T12:30:00+00:00,12018687.0,12029317.0,11925000.0,11925925.0,0.5167112866504721,6185391.19102,1108
2026-09-10T12:45:00+00:00,11925000.0,11927949.0,11852473.0,11873103.0,0.42148272240684465,5010181.32949,913
2026-09-10T13:00:00+00:00,11873103.0,11897649.0,11853741.0,11860681.0,0.39208039460254074,4660398.04758,1018
2026-09-10T13:15:00+00:00,11860681.0,11882583.0,11853545.0,11869746.0,0.9833918147398099,11673338.04226,2628
2026-09-10T13:30:00+00:00,11866781.0,11890372.0,11852473.0,11866107.0,0.52843053838909,6272779.14828,1542
2026-09-10T13:45:00+00:00,11867217.0,11905622.0,11853483.0,11893990.0,0.54253,6444912.14159,1576
2026-09-10T14:00:00+00:00,11893332.0,11915262.0,11854330.0,11869783.0,0.6410846849232207,7617111.52668,1948
2026-09-10T14:15:00+00:00,11867513.0,11917698.0,11853612.0,11901603.0,0.91673,10893813.39098,2770
2026-09-10T14:30:00+00:00,11900513.0,11913917.0,11898060.0,11907988.0,0.96265,11461362.72085,2905
2026-09-10T14:45:00+00:00,11907774.0,11928841.0,11907359.0,11916665.0,0.4244189797323205,5058048.44041,1300
2026-09-10T15:00:00+00:00,11916665.0,11923782.0,11897534.0,11915533.0,0.8147112279719716,9701484.8194,2400
2026-09-10T15:15:00+00:00,11912094.0,11912094.0,11883102.0,11884524.0,0.1493252395761602,1774967.4692,519
2026-09-10T15:30:00+00:00,11884570.0,11900934.0,11884570.0,11900904.0,0.36557,4348250.87676,1091
2026-09-10T15:45:00+00:00,11900904.0,11905438.0,11885217.0,11904261.0,1.14964,13676480.84786,3422
2026-09-10T16:00:00+00:00,11904262.0,11913838.0,11862714.0,11876827.0,1.59914,19006544.75623,4669
2026-09-10T16:15:00+00:00,11876827.0,11897793.0,11864400.0,11876087.0,0.8906583054796955,10577034.44607,2677
2026-09-10T16:30:00+00:00,11875929.0,11899385.0,11855933.0,11894669.0,0.84535,10045933.99059,2592
2026-09-10T16:45:00+00:00,11895342.0,11927667.0,11894164.0,11916562.0,1.06756,12712571.61118,3206
2026-09-10T17:00:00+00:00,11916479.0,11921773.0,11906852.0,11911351.0,0.922,10981712.06016,2800
2026-09-10T17:15:00+00:00,11911261.0,11934593.0,11904301.0,11931690.0,1.2491,14889410.42278,3705
2026-09-10T17:30:00+00:00,11931690.0,11962993.0,11931627.0,11946003.0,0.74244,8875273.8511,957
2026-09-10T17:45:00+00:00,11946143.0,11952716.0,11940000.0,11940000.0,0.32521,3885216.93358,1044
2026-09-10T18:00:00+00:00,11940000.0,11940001.0,11887157.0,11895623.0,0.80383,9567919.3474,2463
2026-09-10T18:15:00+00:00,11894774.0,11915804.0,11892125.0,11903026.0,0.95771,11402135.4376,2855
2026-09-10T18:30:00+00:00,11903026.0,11918637.0,11900939.0,11914675.0,1.32203,15742437.16893,3915
2026-09-10T18:45:00+00:00,11914675.0,11933789.0,11908115.0,11930578.0,0.99532,11862287.70291,2988
2026-09-10T19:00:00+00:00,11930578.0,11931380.0,11914246.0,11918737.0,0.68187,8129195.92772,2053
2026-09-10T19:15:00+00:00,11918826.0,11925296.0,11906108.0,11920080.0,1.36466,16264731.70815,4005
2026-09-10T19:30:00+00:00,11916158.0,11930402.0,11905164.0,11926069.0,1.42715,17006934.65706,4264
2026-09-10T19:45:00+00:00,11926069.0,11929186.0,11899904.0,11908348.0,0.70209,8361207.46404,2109
2026-09-10T20:00:00+00:00,11908373.0,11934059.0,11908360.0,11933279.0,0.7629,9094760.08258,2269
2026-09-10T20:15:00+00:00,11945029.0,11947006.0,11945029.0,11945505.0,0.04372,522281.17442,137
2026-09-10T20:30:00+00:00,11945504.0,11945504.0,11936066.0,11942570.0,0.16222,1937039.12041,541
2026-09-10T20:45:00+00:00,11942486.0,11944932.0,11936351.0,11936749.0,0.66634,7956968.18315,2020
2026-09-10T21:00:00+00:00,11936642.0,11938223.0,11930567.0,11931892.0,0.45555,5437361.54507,1397
2026-09-10T21:15:00+00:00,11932182.0,11932182.0,11924507.0,11928458.0,1.044871271691241,12461977.43671,3114
2026-09-10T21:30:00+00:00,11928458.0,11928988.0,11919750.0,11925885.0,1.15541,13778347.34242,3429
2026-09-10T21:45:00+00:00,11925885.0,11925885.0,11914276.0,11916457.0,0.3128098647605607,3727531.074,933
2026-09-10T22:00:00+00:00,11916457.0,11920859.0,11910742.0,11919697.0,0.44868,5345737.68102,1332
2026-09-10T22:15:00+00:00,11919864.0,11926480.0,11909848.0,11909848.0,0.47361,5647430.78204,1447
2026-09-10T22:30:00+00:00,11909827.0,11909827.0,11876712.0,11876929.0,0.6003767873968094,7145237.32648,1836
2026-09-10T22:45:00+00:00,11881138.0,11882740.0,11864516.0,11866511.0,0.17782,2112037.20487,363
2026-09-10T23:00:00+00:00,11866512.0,11877734.0,11825002.0,11825002.0,0.41071,4869599.31707,1283
2026-09-10T23:15:00+00:00,11825001.0,11877019.0,11825001.0,11863867.0,0.79445,9415498.43653,2324
2026-09-10T23:30:00+00:00,11865354.0,11886437.0,11863938.0,11874910.0,1.4732042845387563,17490601.14014,4053
2026-09-10T23:45:00+00:00,11875240.0,11875240.0,11834221.0,11834855.0,0.08763,1039662.44437,270
2026-09-11T00:00:00+00:00,11839660.0,11869555.0,11831391.0,11864811.0,0.73703,8736060.63159,2167
2026-09-11T00:15:00+00:00,11864602.0,11870454.0,11855347.0,11859330.0,0.11996,1423152.55367,405
2026-09-11T00:30:00+00:00,11864269.0,11876359.0,11856400.0,11863602.0,0.70071,8314912.18058,2123
2026-09-11T00:45:00+00:00,11863602.0,11883264.0,11863059.0,11883264.0,0.24111179451963446,2861730.0347,776
2026-09-11T01:00:00+00:00,11891567.0,11891567.0,11871942.0,11871942.0,0.5620361398098334,6678847.05194,1698
2026-09-11T01:15:00+00:00,11871687.0,11875098.0,11858991.0,11861685.0,0.34972,4149033.687,1060
2026-09-11T01:30:00+00:00,11859414.0,11872301.0,11843937.0,11851762.0,0.18508,2193394.41353,623
2026-09-11T01:45:00+00:00,11852032.0,11889046.0,11852032.0,11884279.0,0.72685,8632577.68024,2260
2026-09-11T02:00:00+00:00,11884279.0,11892243.0,11876138.0,11886171.0,0.66558,7910248.64606,2062
2026-09-11T02:15:00+00:00,11886221.0,11900503.0,11865780.0,11873217.0,0.09571517768366597,1138556.84154,84
2026-09-11T02:30:00+00:00,11873217.0,11886307.0,11866263.0,11882866.0,0.22184,2635190.31741,671
2026-09-11T02:45:00+00:00,11882651.0,11898059.0,11870551.0,11870908.0,2.0888431953078332,24836989.62223,915
2026-09-11T03:00:00+00:00,11870521.0,11879351.0,11852122.0,11874462.0,0.64879,7696110.55135,2015
2026-09-11T03:15:00+00:00,11874462.0,11884999.0,11857234.0,11880016.0,2.59019,30768333.19006,633
2026-09-11T03:30:00+00:00,11880014.0,11881994.0,11858562.0,11879079.0,0.1121,1331211.7529,391
2026-09-11T03:45:00+00:00,11879079.0,11880854.0,11865654.0,11879646.0,0.78939,9373221.3979,2425
2026-09-11T04:00:00+00:00,11879646.0,11902229.0,11876556.0,11901542.0,2.65172,31528098.95804,2657
2026-09-11T04:15:00+00:00,11899256.0,11906321.0,11892878.0,11906321.0,6.0327328376399665,71789363.02551,983
2026-09-11T04:30:00+00:00,11906321.0,11940019.0,11906321.0,11913289.0,0.37254122172900195,4440170.77948,84
2026-09-11T04:45:00+00:00,11913174.0,11922535.0,11911377.0,11920189.0,3.358674547423686,40033177.80145,1178
2026-09-11T05:00:00+00:00,11920170.0,11920821.0,11906834.0,11920182.0,5.22604,62259685.37055,1402
2026-09-11T05:15:00+00:00,11919925.0,11920947.0,11915000.0,11915000.0,0.7156742803185665,8530533.07072,100
2026-09-11T05:30:00+00:00,11915001.0,11920000.0,11913956.0,11919463.0,1.2731957196814334,15171109.32221,1068
2026-09-11T05:45:00+00:00,11919316.0,11925692.0,11917308.0,11924319.0,0.1723165363079913,2054217.4625,327
2026-09-11T06:00:00+00:00,11923267.0,11944857.0,11915955.0,11943775.0,0.84599,10092268.97636,2578
2026-09-11T06:15:00+00:00,11944121.0,11945000.0,11927470.0,11928435.0,6.040479469253376,72121735.78777,1123
2026-09-11T06:30:00+00:00,11928435.0,11938181.0,11916298.0,11923974.0,0.9503006186950392,11330763.48494,2361
2026-09-11T06:45:00+00:00,11924343.0,11942257.0,11922795.0,11941653.0,2.00746,23962116.24474,884
2026-09-11T07:00:00+00:00,11940850.0,11953937.0,11934076.0,11942316.0,1.18529,14153812.92284,909
2026-09-11T07:15:00+00:00,11945314.0,11973199.0,11938005.0,11947456.0,1.4179368447613707,16943648.49604,563
2026-09-11T07:30:00+00:00,11947426.0,11947426.0,11928144.0,11933497.0,0.16566,1977114.47992,630
2026-09-11T07:45:00+00:00,11933497.0,11933579.0,11922498.0,11927513.0,0.20734,2473466.40859,698
2026-09-11T08:00:00+00:00,11927854.0,11927882.0,11915615.0,11926573.0,1.12674,13431888.09334,3325
2026-09-11T08:15:00+00:00,11924155.0,11957592.0,11924078.0,11954914.0,0.80221,9578875.33409,2409
2026-09-11T08:30:00+00:00,11954914.0,11971585.0,11948166.0,11949682.0,0.14574560145778356,1743592.92711,506
2026-09-11T08:45:00+00:00,11949682.0,11949682.0,11931448.0,11937255.0,0.82538,9852313.71245,2525
2026-09-11T09:00:00+00:00,11937180.0,11937406.0,11928813.0,11928813.0,0.19282,2300774.04696,628
2026-09-11T09:15:00+00:00,11927932.0,11980786.0,11911803.0,11911803.0,2.8990870571199756,34703528.13754,588
2026-09-11T09:30:00+00:00,11911804.0,11911804.0,11868097.0,11883286.0,0.11016150469454432,1309034.18975,415
2026-09-11T09:45:00+00:00,11883401.0,11898632.0,11883401.0,11890245.0,0.12508185997904114,1486982.19078,481
2026-09-11T10:00:00+00:00,11901971.0,11945320.0,11887918.0,11895833.0,0.1992568332531356,2373821.20015,420
2026-09-11T10:15:00+00:00,11898415.0,11908254.0,11892506.0,11894729.0,0.06894,820566.35274,320
2026-09-11T10:30:00+00:00,11894729.0,11894729.0,11880158.0,11889709.0,0.01837,218369.04626,72
2026-09-11T10:45:00+00:00,11889053.0,11889053.0,11875996.0,11882110.0,0.04686,556957.89171,220
2026-09-11T11:00:00+00:00,11867001.0,11883913.0,11842636.0,11845570.0,0.09382380133108421,1112693.78336,248
2026-09-11T11:15:00+00:00,11844895.0,11865033.0,11840443.0,11859283.0,0.19062,2259861.87195,700
2026-09-11T11:30:00+00:00,11858195.0,11860847.0,11848519.0,11859891.0,0.10529,1248432.99702,427
2026-09-11T11:45:00+00:00,11863597.0,11886760.0,11863597.0,11883043.0,0.24089,2860862.66321,777
2026-09-11T12:00:00+00:00,11883043.0,11892448.0,11855362.0,11863218.0,0.18538686503081112,2201212.04043,651
2026-09-11T12:15:00+00:00,11864100.0,11921755.0,11861645.0,11886688.0,0.31946,3794330.11032,1010
2026-09-11T12:30:00+00:00,11886688.0,11979482.0,11787971.0,11945230.0,0.6900203417059269,8218129.8606,504
2026-09-11T12:45:00+00:00,11943772.0,12023916.0,11938360.0,11991312.0,0.19902609567505414,2387046.54573,600
2026-09-11T13:00:00+00:00,11991923.0,11991923.0,11918559.0,11945182.0,0.17644,2107351.09479,570
2026-09-11T13:15:00+00:00,11945182.0,11966509.0,11910874.0,11918845.0,0.44649,5333281.02242,1401
2026-09-11T13:30:00+00:00,11914380.0,11960560.0,11871016.0,11957595.0,0.2071,2466515.10048,484
2026-09-11T13:45:00+00:00,12004796.0,12169210.0,12004796.0,12163308.0,0.10047,1214597.74075,261
2026-09-11T14:00:00+00:00,12163648.0,12254825.0,12104289.0,12146037.0,0.16441879497868953,2000545.78775,492
2026-09-11T14:15:00+00:00,12146037.0,12187417.0,12130863.0,12157815.0,0.16236440236351968,1972789.88494,563
2026-09-11T14:30:00+00:00,12157810.0,12158849.0,12081920.0,12094709.0,0.1153551625860497,1398078.00412,376
2026-09-11T14:45:00+00:00,12100000.0,12122084.0,12069209.0,12105545.0,0.20373,2465273.70334,622
2026-09-11T15:00:00+00:00,12105545.0,12105545.0,12063632.0,12069656.0,0.3397571608553632,4106398.15058,987
2026-09-11T15:15:00+00:00,12069656.0,12108891.0,12067696.0,12097714.0,0.37016,4476190.25183,1151
2026-09-11T15:30:00+00:00,12096747.0,12119728.0,12093634.0,12096532.0,0.48141,5829459.4698,1527
2026-09-11T15:45:00+00:00,12098010.0,12099563.0,11915385.0,11963898.0,0.30839,3713126.71162,803
2026-09-11T16:00:00+00:00,11955338.0,12010841.0,11955338.0,11970066.0,0.08644551300826295,1035795.3910599999,346
2026-09-11T16:15:00+00:00,11970078.0,11975345.0,11907132.0,11949968.0,0.25691,3068957.903,850
2026-09-11T16:30:00+00:00,11946393.0,11964038.0,11926836.0,11957906.0,0.26409,3156062.63218,895
2026-09-11T16:45:00+00:00,11957906.0,11995057.0,11957906.0,11989960.0,0.52781,6324476.88875,1648
2026-09-11T17:00:00+00:00,11988410.0,11997899.0,11958689.0,11959294.0,0.45753,5480464.37201,1442
2026-09-11T17:15:00+00:00,11961026.0,11985471.0,11949767.0,11973056.0,0.69331,8299627.61684,2107
2026-09-11T17:30:00+00:00,11971103.0,11983843.0,11932935.0,11943579.0,0.38502,4601470.69962,1198
2026-09-11T17:45:00+00:00,11943832.0,11943832.0,11922206.0,11932451.0,0.65553,7822915.47645,1957
2026-09-11T18:00:00+00:00,11910394.0,11910394.0,11850000.0,11850000.0,0.12118,1438091.33349,349
2026-09-11T18:15:00+00:00,11859376.0,11879550.0,11857532.0,11878944.0,0.13114,1556178.51653,463
2026-09-11T18:30:00+00:00,11879549.0,11886880.0,11859139.0,11864863.0,0.54372,6457023.96868,1652
2026-09-11T18:45:00+00:00,11864863.0,11877763.0,11850000.0,11854102.0,0.21868,2593636.92681,765
2026-09-11T19:00:00+00:00,11855540.0,11887002.0,11850190.0,11881403.0,0.22422,2660778.74087,745
2026-09-11T19:15:00+00:00,11873044.0,11880865.0,11867145.0,11880864.0,0.09566,1135609.80588,296
2026-09-11T19:30:00+00:00,11880864.0,11887760.0,11873992.0,11887667.0,0.21537,2559995.96653,636
2026-09-11T19:45:00+00:00,11887667.0,11900541.0,11886733.0,11896911.0,0.19726,2345402.79629,706
2026-09-11T20:00:00+00:00,11888449.0,11914944.0,11888042.0,11914944.0,0.21063,2508422.88642,735
2026-09-11T20:15:00+00:00,11914944.0,11914944.0,11914943.0,11914944.0,0.00515,61361.95875,64
2026-09-11T20:30:00+00:00,11914944.0,11918233.0,11901689.0,11910636.0,0.5465,6509704.63717,1689
2026-09-11T20:45:00+00:00,11911836.0,11914635.0,11873596.0,11890665.0,0.14229523835098673,1690771.90887,543
2026-09-11T21:00:00+00:00,11889992.0,11903804.0,11888744.0,11893168.0,0.31050520505573087,3692393.57364,1027
2026-09-11T21:15:00+00:00,11893168.0,11903123.0,11893168.0,11902390.0,0.09323,1109512.06824,355
2026-09-11T21:30:00+00:00,11897107.0,11900408.0,11894225.0,11895176.0,0.08442,1004309.31271,301
2026-09-11T21:45:00+00:00,11895176.0,11895177.0,11860000.0,11860000.0,0.24941,2962594.21606,561
2026-09-11T22:00:00+00:00,11860000.0,11869459.0,11840112.0,11855948.0,0.04646,550900.93817,147
2026-09-11T22:15:00+00:00,11863869.0,11871125.0,11857332.0,11857332.0,0.22215642481764486,2635870.43565,723
2026-09-11T22:30:00+00:00,11857332.0,11868886.0,11837664.0,11851564.0,0.51786,6141016.92701,1609
2026-09-11T22:45:00+00:00,11852675.0,11855550.0,11843176.0,11851889.0,0.20321606223024868,2408500.14396,626
2026-09-11T23:00:00+00:00,11851888.0,11868891.0,11851888.0,11857403.0,0.15485,1836784.6122,558
2026-09-11T23:15:00+00:00,11857402.0,11864666.0,11857152.0,11864611.0,0.089,1055735.2552,401
2026-09-11T23:30:00+00:00,11864611.0,11870999.0,11862216.0,11867541.0,0.35982,4269688.58254,1168
2026-09-11T23:45:00+00:00,11867223.0,11869835.0,11865159.0,11869382.0,0.4255939908730887,5050737.58662,1299
2026-09-12T00:00:00+00:00,11869382.0,11882678.0,11869200.0,11880060.0,0.51355,6100141.21029,1611
2026-09-12T00:15:00+00:00,11880388.0,11902466.0,11879734.0,11883582.0,0.7460189788897528,8864380.64118,2009
2026-09-12T00:30:00+00:00,11881046.0,11884044.0,11880000.0,11882522.0,0.52338,6218159.56955,1557
2026-09-12T00:45:00+00:00,11882522.0,11888369.0,11880876.0,11884804.0,0.63429,7536726.6246,1918
2026-09-12T01:00:00+00:00,11884721.0,11896502.0,11884721.0,11895813.0,0.61474,7310320.70896,1804
2026-09-12T01:15:00+00:00,11898338.0,11898338.0,11888664.0,11889538.0,0.22418045351544055,2666075.17841,725
2026-09-12T01:30:00+00:00,11890984.0,11892902.0,11882683.0,11883678.0,0.8429,10022939.30329,2506
2026-09-12T01:45:00+00:00,11883678.0,11894131.0,11880689.0,11886685.0,1.16967,13902963.17196,3433
2026-09-12T02:00:00+00:00,11886685.0,11900000.0,11886685.0,11890087.0,1.1541694813907564,13723266.69296,3249
2026-09-12T02:15:00+00:00,11887298.0,11892353.0,11886685.0,11886685.0,0.58596,6966660.36601,1732
2026-09-12T02:30:00+00:00,11886686.0,11891179.0,11886685.0,11886685.0,0.43483,5169371.28115,1374
2026-09-12T02:45:00+00:00,11886685.0,11887292.0,11886000.0,11887177.0,0.05342,634998.21294,293
2026-09-12T03:00:00+00:00,11886254.0,11901408.0,11885760.0,11901408.0,0.1283144502574991,1525748.03688,346
2026-09-12T03:15:00+00:00,11886204.0,11888395.0,11882211.0,11888395.0,0.01439134609838431,171037.00319999998,103
2026-09-12T03:30:00+00:00,11888395.0,11900700.0,11882390.0,11883432.0,0.12495798464628131,1485803.64607,346
2026-09-12T03:45:00+00:00,11883454.0,11884429.0,11882978.0,11884429.0,0.08319,988604.837,272
2026-09-12T04:00:00+00:00,11885736.0,11890430.0,11884296.0,11888346.0,1.00706,11973116.88193,2932
2026-09-12T04:15:00+00:00,11888346.0,11889026.0,11880000.0,11880939.0,0.79674,9466940.78333,2392
2026-09-12T04:30:00+00:00,11886892.0,11889330.0,11880000.0,11880579.0,0.53802,6395151.55252,1605
2026-09-12T04:45:00+00:00,11880554.0,11883564.0,11876811.0,11877314.0,0.6707020781274629,7967633.02699,2031
2026-09-12T05:00:00+00:00,11877314.0,11879707.0,11870153.0,11878777.0,0.37625,4467511.90702,1153
2026-09-12T05:15:00+00:00,11881899.0,11884019.0,11873305.0,11876877.0,0.40184,4773285.57783,1251
2026-09-12T05:30:00+00:00,11874984.0,11881318.0,11874984.0,11881318.0,0.35154,4175964.21379,1042
2026-09-12T05:45:00+00:00,11879938.0,11882429.0,11877212.0,11877898.0,0.99217,11786915.6932,2888
2026-09-12T06:00:00+00:00,11877898.0,11878556.0,11873495.0,11875191.0,0.92913,11034878.97145,2757
2026-09-12T06:15:00+00:00,11874989.0,11878962.0,11873769.0,11878152.0,1.36535,16217549.95589,3950
2026-09-12T06:30:00+00:00,11878152.0,11891785.0,11877620.0,11891324.0,0.08911,1059276.76992,238
2026-09-12T06:45:00+00:00,11891324.0,11892605.0,11884446.0,11885826.0,0.96465,11466882.8882,2881
2026-09-12T07:00:00+00:00,11885826.0,11892606.0,11884384.0,11892606.0,0.93439,11108487.30351,2702
2026-09-12T07:15:00+00:00,11892552.0,11892606.0,11887899.0,11889620.0,0.32293567008189794,3839711.07647,944
2026-09-12T07:30:00+00:00,11886362.0,11886362.0,11882141.0,11883272.0,0.66241,7872055.25559,1954
2026-09-12T07:45:00+00:00,11883272.0,11884881.0,11875834.0,11879900.0,1.42049,16879286.82788,3713
2026-09-12T08:00:00+00:00,11879900.0,11884875.0,11873674.0,11879488.0,0.94131,11184311.0886,2783
2026-09-12T08:15:00+00:00,11879488.0,11884973.0,11878193.0,11881787.0,0.90471,10749410.52815,2696
2026-09-12T08:30:00+00:00,11881787.0,11892820.0,11881746.0,11890500.0,1.1626915058732916,13818379.7826,3331
2026-09-12T08:45:00+00:00,11890500.0,11894287.0,11887353.0,11892409.0,1.33102,15827727.24097,3893
2026-09-12T09:00:00+00:00,11892409.0,11895318.0,11888632.0,11893862.0,0.86842,10327196.38401,2576
2026-09-12T09:15:00+00:00,11893482.0,11897227.0,11892815.0,11892822.0,0.2263304218687541,2691946.45385,655
2026-09-12T09:30:00+00:00,11892821.0,11906443.0,11886816.0,11900000.0,0.5985459505519728,7119814.708478494,1748
2026-09-12T09:45:00+00:00,11900000.0,11900195.0,11896501.0,11896993.0,0.0412,490174.20796,117
2026-09-12T10:00:00+00:00,11897004.0,11901011.0,11897004.0,11901011.0,0.23081515554686907,2746811.46568,753
2026-09-12T10:15:00+00:00,11901011.0,11901011.0,11895626.0,11897178.0,1.39976,16654543.63576,4053
2026-09-12T10:30:00+00:00,11897178.0,11898527.0,11892205.0,11897289.0,0.97594,11609770.90699,2860
2026-09-12T10:45:00+00:00,11897289.0,11898527.0,11887291.0,11892530.0,1.27927,15215417.26742,3726
2026-09-12T11:00:00+00:00,11892530.0,11894408.0,11886231.0,11888909.0,0.68519,8147594.54494,2041
2026-09-12T11:15:00+00:00,11889854.0,11890129.0,11886212.0,11887596.0,0.8988,10684971.04017,2620
2026-09-12T11:30:00+00:00,11888300.0,11893528.0,11886980.0,11892513.0,1.44103,17133653.52408,4147
2026-09-12T11:45:00+00:00,11892715.0,11896957.0,11892715.0,11896040.0,1.63496,19447966.58977,4701
2026-09-12T12:00:00+00:00,11895584.0,11896268.0,11890000.0,11891513.0,1.46676,17446077.55066,4222
2026-09-12T12:15:00+00:00,11891513.0,11893712.0,11887853.0,11892126.0,1.29702,15421689.87454,3774
2026-09-12T12:30:00+00:00,11892460.0,11892966.0,11890461.0,11892562.0,0.74009,8800983.07676,2134
2026-09-12T12:45:00+00:00,11892562.0,11892562.0,11886006.0,11892547.0,0.17202,2044901.84679,563
2026-09-12T13:00:00+00:00,11893376.0,11893376.0,11888337.0,11892637.0,0.24584,2923355.21472,741
2026-09-12T13:15:00+00:00,11892049.0,11892049.0,11884286.0,11886379.0,0.3894,4628913.61462,816
2026-09-12T13:30:00+00:00,11887120.0,11889989.0,11884913.0,11886712.0,0.36677,4360259.72781,1066
2026-09-12T13:45:00+00:00,11889558.0,11896147.0,11889408.0,11895226.0,0.38469,4574669.73571,1140
2026-09-12T14:00:00+00:00,11895226.0,11897640.0,11893957.0,11895582.0,1.06381,12654869.31428,3070
2026-09-12T14:15:00+00:00,11895582.0,11901571.0,11893906.0,11901446.0,1.2052413181551125,14338817.04199,3521
2026-09-12T14:30:00+00:00,11901480.0,11904935.0,11901412.0,11904765.0,0.8418559708571253,10021280.03435,2503
2026-09-12T14:45:00+00:00,11907206.0,11907383.0,11906032.0,11906245.0,0.15349598365941544,1827617.37434,507
2026-09-12T15:00:00+00:00,11906245.0,11907522.0,11900547.0,11902646.0,0.9281752044797434,11051136.25542,2682
2026-09-12T15:15:00+00:00,11907283.0,11908481.0,11907283.0,11907830.0,0.12949,1541944.26848,306
2026-09-12T15:30:00+00:00,11907283.0,11907283.0,11894671.0,11903254.0,0.55205,6569114.23723,1618
2026-09-12T15:45:00+00:00,11901206.0,11905793.0,11896356.0,11897191.0,0.17338,2063306.49636,534
2026-09-12T16:00:00+00:00,11897194.0,11901346.0,11893750.0,11896958.0,0.83478,9931850.1181,2441
2026-09-12T16:15:00+00:00,11898379.0,11898860.0,11895165.0,11897594.0,0.93923,11174611.25505,2717
2026-09-12T16:30:00+00:00,11897594.0,11898460.0,11892995.0,11895495.0,1.49614,17798505.20645,4268
2026-09-12T16:45:00+00:00,11894909.0,11895495.0,11892098.0,11894054.0,1.4223,16917009.48365,4101
2026-09-12T17:00:00+00:00,11894054.0,11895821.0,11890301.0,11892113.0,0.49363,5871231.7537,1459
2026-09-12T17:15:00+00:00,11892113.0,11892934.0,11879030.0,11882323.0,0.79567,9456194.54024,2320
2026-09-12T17:30:00+00:00,11882323.0,11882869.0,11871434.0,11874760.0,0.92767,11019372.17521,2773
2026-09-12T17:45:00+00:00,11874228.0,11875468.0,11865799.0,11871414.0,1.01463,12044195.07096,3017
2026-09-12T18:00:00+00:00,11871414.0,11871978.0,11866374.0,11867946.0,0.12958,1538137.56957,414
2026-09-12T18:15:00+00:00,11868892.0,11871965.0,11863996.0,11868998.0,0.37651,4468375.87756,1110
2026-09-12T18:30:00+00:00,11868998.0,11869998.0,11860000.0,11864180.0,1.16549,13826940.08053,3387
2026-09-12T18:45:00+00:00,11864180.0,11867836.0,11860437.0,11860711.0,1.1133,13207806.40998,3252
2026-09-12T19:00:00+00:00,11861196.0,11870358.0,11861075.0,11867522.0,0.80467,9547687.21822,2427
2026-09-12T19:15:00+00:00,11867522.0,11867522.0,11861875.0,11862579.0,0.18637,2210957.40921,594
2026-09-12T19:30:00+00:00,11860001.0,11862018.0,11860000.0,11860000.0,0.12702529510747934,1506668.60435,469
2026-09-12T19:45:00+00:00,11860000.0,11863287.0,11860000.0,11860000.0,0.10637,1261790.34938,385
2026-09-12T20:00:00+00:00,11860000.0,11874068.0,11860000.0,11864707.0,0.07794,924708.37903,295
2026-09-12T20:15:00+00:00,11863624.0,11868432.0,11863616.0,11868048.0,0.78077,9263347.05901,2314
2026-09-12T20:30:00+00:00,11868048.0,11868567.0,11864167.0,11866641.0,0.36171,4292539.8065,1125
2026-09-12T20:45:00+00:00,11865660.0,11874282.0,11863346.0,11866124.0,0.90729,10767041.60724,2633
2026-09-12T21:00:00+00:00,11866124.0,11873842.0,11863260.0,11872281.0,0.54464,6465651.0999,1646
2026-09-12T21:15:00+00:00,11872281.0,11872282.0,11868851.0,11870447.0,0.01615,191711.48193,171
2026-09-12T21:30:00+00:00,11870415.0,11878397.0,11870392.0,11877104.0,0.83693,9938227.35917,2513
2026-09-12T21:45:00+00:00,11877104.0,11883216.0,11869588.0,11879245.0,0.19158,2275229.32855,612
2026-09-12T22:00:00+00:00,11878780.0,11879512.0,11872929.0,11872932.0,0.15519,1843268.94033,468
2026-09-12T22:15:00+00:00,11876739.0,11883820.0,11868754.0,11868997.0,0.70922,8425044.97589,2112
2026-09-12T22:30:00+00:00,11869131.0,11871764.0,11868352.0,11869598.0,0.83708,9936493.46982,2405
2026-09-12T22:45:00+00:00,11869598.0,11876575.0,11868200.0,11873895.0,1.10213,13085767.75994,3238
2026-09-12T23:00:00+00:00,11873895.0,11880141.0,11873130.0,11879528.0,0.85184,10116873.72407,2559
2026-09-12T23:15:00+00:00,11879528.0,11880690.0,11878203.0,11878516.0,0.6083,7226077.50476,1862
2026-09-12T23:30:00+00:00,11878516.0,11878862.0,11876924.0,11877542.0,0.51897,6164309.72984,1610
2026-09-12T23:45:00+00:00,11877542.0,11880000.0,11876924.0,11880000.0,0.40745,4839909.32732,1259
2026-09-13T00:00:00+00:00,11880000.0,11880000.0,11879169.0,11879562.0,1.29303,15360658.52813,3700
2026-09-13T00:15:00+00:00,11879562.0,11879957.0,11878115.0,11879767.0,1.27327,15125833.80193,3673
2026-09-13T00:30:00+00:00,11878283.0,11879892.0,11874000.0,11874000.0,0.40705,4835381.20224,1217
2026-09-13T00:45:00+00:00,11874000.0,11880000.0,11874000.0,11879026.0,0.84292,10012975.36561,2438
2026-09-13T01:00:00+00:00,11879350.0,11880000.0,11876730.0,11879712.0,0.619,7353134.69387,1882
2026-09-13T01:15:00+00:00,11879697.0,11880000.0,11874000.0,11874000.0,0.25291,3004402.86597,861
2026-09-13T01:30:00+00:00,11874001.0,11879999.0,11874000.0,11879244.0,0.98567,11704099.03399,2875
2026-09-13T01:45:00+00:00,11879244.0,11895775.0,11878672.0,11883791.0,0.4716480567459066,5603767.92075,1234
2026-09-13T02:00:00+00:00,11885759.0,11886849.0,11878830.0,11879288.0,1.08189,12853930.28472,3160
2026-09-13T02:15:00+00:00,11879288.0,11882077.0,11875306.0,11877802.0,1.39484,16570120.54034,4060
2026-09-13T02:30:00+00:00,11877802.0,11884360.0,11874000.0,11884360.0,0.99613,11831823.1413,2967
2026-09-13T02:45:00+00:00,11884360.0,11884986.0,11877483.0,11878019.0,0.34037857812121175,4044775.75763,1009
2026-09-13T03:00:00+00:00,11879784.0,11886396.0,11877258.0,11877975.0,0.46582,5534310.84294,1418
2026-09-13T03:15:00+00:00,11878145.0,11880917.0,11876914.0,11877782.0,0.87321,10372910.11617,2609
2026-09-13T03:30:00+00:00,11875160.0,11875163.0,11873277.0,11873277.0,0.13077,1552698.38681,426
2026-09-13T03:45:00+00:00,11873277.0,11873297.0,11873277.0,11873277.0,0.00628,74564.22254,67
2026-09-13T04:00:00+00:00,11876283.0,11876310.0,11873277.0,11873277.0,0.12445,1477790.12279,447
2026-09-13T04:15:00+00:00,11873277.0,11875886.0,11873277.0,11873277.0,0.95977,11396694.5957,2830
2026-09-13T04:30:00+00:00,11873278.0,11873339.0,11873277.0,11873277.0,0.593,7040870.3451,1802
2026-09-13T04:45:00+00:00,11873277.0,11873614.0,11873277.0,11873614.0,0.012662120510233868,150342.70768,60
2026-09-13T05:00:00+00:00,11874293.0,11875235.0,11874057.0,11874170.0,0.2064,2450893.38116,670
2026-09-13T05:15:00+00:00,11874170.0,11875666.0,11873277.0,11874078.0,0.45673,5423398.44155,1341
2026-09-13T05:30:00+00:00,11880076.0,11881628.0,11878741.0,11880504.0,0.06987,830093.681,323
2026-09-13T05:45:00+00:00,11880504.0,11894419.0,11880241.0,11882940.0,0.7026346763284529,8349598.15134,1894
2026-09-13T06:00:00+00:00,11882910.0,11883482.0,11881605.0,11882626.0,0.41399,4919294.1417,1226
2026-09-13T06:15:00+00:00,11882626.0,11891127.0,11879013.0,11881146.0,1.1398923918027282,13543509.65469,3313
2026-09-13T06:30:00+00:00,11881380.0,11882360.0,11880000.0,11880171.0,0.68792,8173127.97074,1997
2026-09-13T06:45:00+00:00,11880000.0,11880001.0,11863228.0,11863228.0,0.06605501541792799,784194.44583,47
2026-09-13T07:00:00+00:00,11863228.0,11865352.0,11860886.0,11863462.0,0.65097,7722053.09319,1921
2026-09-13T07:15:00+00:00,11863462.0,11865166.0,11860000.0,11860284.0,0.6114297603661109,7253463.31489,1795
2026-09-13T07:30:00+00:00,11860284.0,11863372.0,11853413.0,11862004.0,0.56996,6759372.82432,1750
2026-09-13T07:45:00+00:00,11862004.0,11864935.0,11854172.0,11855736.0,0.7445,8830139.34744,2220
2026-09-13T08:00:00+00:00,11856485.0,11856485.0,11846817.0,11853028.0,0.17803,2109668.02689,368
2026-09-13T08:15:00+00:00,11851329.0,11853136.0,11844695.0,11847480.0,0.97215,11517623.10275,2825
2026-09-13T08:30:00+00:00,11847480.0,11847480.0,11812307.0,11821417.0,0.22655359510186762,2679330.79049,555
2026-09-13T08:45:00+00:00,11821593.0,11830527.0,11809813.0,11818117.0,0.28814,3406442.99365,919
2026-09-13T09:00:00+00:00,11819434.0,11826796.0,11817919.0,11821245.0,0.40525,4790577.12048,1087
2026-09-13T09:15:00+00:00,11821244.0,11821244.0,11789461.0,11789795.0,0.34159,4030963.83947,986
2026-09-13T09:30:00+00:00,11789463.0,11809175.0,11789461.0,11794889.0,0.88809,10478598.62749,2675
2026-09-13T09:45:00+00:00,11794889.0,11803507.0,11792754.0,11803172.0,2.01499,23773034.73491,5786
2026-09-13T10:00:00+00:00,11803171.0,11809226.0,11798902.0,11807262.0,1.47899,17457140.96975,4300
2026-09-13T10:15:00+00:00,11807262.0,11809912.0,11796753.0,11801865.0,2.38928,28201168.76118,6877
2026-09-13T10:30:00+00:00,11802326.0,11809464.0,11787335.0,11787642.0,1.40754,16612134.95744,4127
2026-09-13T10:45:00+00:00,11787937.0,11796744.0,11780000.0,11782523.0,2.33437,27521293.567,6681
2026-09-13T11:00:00+00:00,11782523.0,11790192.0,11775000.0,11775055.0,0.97777463929977,11522035.2493,2770
2026-09-13T11:15:00+00:00,11775315.0,11783816.0,11775000.0,11782166.0,1.09687,12920897.35813,3106
2026-09-13T11:30:00+00:00,11782166.0,11802374.0,11778298.0,11801100.0,2.07702,24485076.36599,5987
2026-09-13T11:45:00+00:00,11801106.0,11805503.0,11801067.0,11802386.0,1.1063089091388032,13057268.888303008,3277
2026-09-13T12:00:00+00:00,11802947.0,11806308.0,11800883.0,11804326.0,1.101643608982476,13002306.05345,3284
2026-09-13T12:15:00+00:00,11804326.0,11813435.0,11802855.0,11810418.0,2.322,27420611.09941,6668
2026-09-13T12:30:00+00:00,11810418.0,11811409.0,11799113.0,11799922.0,1.18913,14034943.73891,3489
2026-09-13T12:45:00+00:00,11799922.0,11799922.0,11797478.0,11799125.0,0.25892,3055021.6319,807
2026-09-13T13:00:00+00:00,11799126.0,11799695.0,11797107.0,11797367.0,0.54022,6373650.11026,1622
2026-09-13T13:15:00+00:00,11797613.0,11797613.0,11780215.0,11780215.0,0.016994438308952888,200349.44232,68
2026-09-13T13:30:00+00:00,11785482.0,11802382.0,11784726.0,11799866.0,1.25715,14826572.95014,3680
2026-09-13T13:45:00+00:00,11799866.0,11819903.0,11799444.0,11812158.0,1.75521,20725987.40618,5087
2026-09-13T14:00:00+00:00,11812822.0,11836672.0,11810829.0,11834645.0,1.77125,20941338.26719,5141
2026-09-13T14:15:00+00:00,11839084.0,11853251.0,11839084.0,11853251.0,0.62352,7389264.20584,1808
2026-09-13T14:30:00+00:00,11853251.0,11873535.0,11849189.0,11860443.0,1.07978,12804220.57787,3252
2026-09-13T14:45:00+00:00,11860603.0,11872939.0,11855184.0,11861622.0,0.82728,9814460.5802,2516
2026-09-13T15:00:00+00:00,11861622.0,11862213.0,11845198.0,11849230.0,1.6090243676875393,19071505.69621,4665
2026-09-13T15:15:00+00:00,11849230.0,11863212.0,11835195.0,11839958.0,1.85452,21964320.89286,5284
2026-09-13T15:30:00+00:00,11839958.0,11859249.0,11839555.0,11856138.0,1.92298,22782008.9489,5578
2026-09-13T15:45:00+00:00,11856138.0,11858697.0,11847327.0,11851592.0,2.33656,27695131.20996,6754
2026-09-13T16:00:00+00:00,11851592.0,11874617.0,11849305.0,11864485.0,1.3976543357266968,16572773.50607,4116
2026-09-13T16:15:00+00:00,11866875.0,11874394.0,11865634.0,11866241.0,0.74376,8827495.85702,2192
2026-09-13T16:30:00+00:00,11865833.0,11887009.0,11865128.0,11881044.0,1.90117,22569980.23855,5530
2026-09-13T16:45:00+00:00,11879920.0,11884195.0,11871537.0,11876692.0,1.8848,22387894.84777,5487
2026-09-13T17:00:00+00:00,11876692.0,11890000.0,11876692.0,11884470.0,1.95612,23244797.91567,5661
2026-09-13T17:15:00+00:00,11886188.0,11890000.0,11881477.0,11884696.0,1.77386,21083855.39663,5088
2026-09-13T17:30:00+00:00,11884696.0,11884697.0,11882662.0,11882662.0,0.00816,96967.2428,117
2026-09-13T17:45:00+00:00,11883258.0,11889977.0,11883258.0,11887925.0,1.407,16725737.93645,4054
2026-09-13T18:00:00+00:00,11886358.0,11889977.0,11883034.0,11889977.0,2.21618,26341142.25179,6364
2026-09-13T18:15:00+00:00,11889977.0,11890000.0,11882859.0,11885042.0,1.76314,20958960.65238,5140
2026-09-13T18:30:00+00:00,11885042.0,11889999.0,11882775.0,11889069.0,2.51145,29854011.69359,7218
2026-09-13T18:45:00+00:00,11889069.0,11889999.0,11884582.0,11886116.0,2.48159,29501150.41291,7131
2026-09-13T19:00:00+00:00,11886116.0,11890000.0,11882662.0,11882663.0,1.53781,18280199.67074,4465
2026-09-13T19:15:00+00:00,11882662.0,11882663.0,11880637.0,11880637.0,0.00402,47766.74388,61
2026-09-13T19:30:00+00:00,11880637.0,11880637.0,11880637.0,11880637.0,0.0,0.0,0
2026-09-13T19:45:00+00:00,11880637.0,11880637.0,11880637.0,11880637.0,0.0,0.0,0
2026-09-13T20:00:00+00:00,11880637.0,11880637.0,11880637.0,11880637.0,0.0,0.0,0
2026-09-13T20:15:00+00:00,11880637.0,11882862.0,11877439.0,11879402.0,1.42791,16962907.46293,4103
2026-09-13T20:30:00+00:00,11880562.0,11886684.0,11871231.0,11877146.0,1.885405240334256,22393062.33038,5478
2026-09-13T20:45:00+00:00,11877229.0,11886206.0,11877021.0,11881428.0,0.48627,5778456.29,1450
2026-09-13T21:00:00+00:00,11880531.0,11884298.0,11878264.0,11884298.0,0.6729124339683226,7995183.9064,1968
2026-09-13T21:15:00+00:00,11884452.0,11890000.0,11884220.0,11889182.0,1.4190652312867957,16870554.68017,4082
2026-09-13T21:30:00+00:00,11889182.0,11889980.0,11883000.0,11884631.0,1.43962,17113491.91151,4183
2026-09-13T21:45:00+00:00,11884782.0,11888469.0,11883000.0,11883000.0,0.6732962081803936,8001721.15572,2071
2026-09-13T22:00:00+00:00,11883000.0,11883000.0,11815703.0,11821855.0,0.09927,1174158.0901,314
2026-09-13T22:15:00+00:00,11821855.0,11821855.0,11795467.0,11803081.0,0.389,4590575.32284,1187
2026-09-13T22:30:00+00:00,11800634.0,11823778.0,11799376.0,11806480.0,0.40779,4817305.7634,1212
2026-09-13T22:45:00+00:00,11812014.0,11815567.0,11789821.0,11795246.0,0.4999061294573228,5898100.63061,1404
2026-09-13T23:00:00+00:00,11795246.0,11802726.0,11783105.0,11794245.0,0.643689902520235,7591272.61356,2011
2026-09-13T23:15:00+00:00,11794246.0,11799719.0,11780000.0,11790993.0,0.70815,8349679.13105,2168
2026-09-13T23:30:00+00:00,11790993.0,11813627.0,11787829.0,11805298.0,0.69535,8209382.52752,2045
2026-09-13T23:45:00+00:00,11805298.0,11809200.0,11791889.0,11802032.0,1.54183,18193758.75755,4509
2026-09-14T00:00:00+00:00,11802051.0,11835285.0,11793500.0,11820892.0,0.19472,2300177.27632,646
2026-09-14T00:15:00+00:00,11810244.0,11810244.0,11750000.0,11753303.0,0.17601,2074747.82871,396
2026-09-14T00:30:00+00:00,11752077.0,11804451.0,11752077.0,11798431.0,0.21804,2570860.59633,696
2026-09-14T00:45:00+00:00,11798796.0,11820946.0,11798796.0,11809738.0,0.9511,11232055.16104,2653
2026-09-14T01:00:00+00:00,11809738.0,11832000.0,11803350.0,11831108.0,0.21473,2536331.73204,593
2026-09-14T01:15:00+00:00,11831108.0,11831108.0,11804671.0,11824678.0,0.7234065315760936,8546500.19566,1636
2026-09-14T01:30:00+00:00,11819112.0,11824679.0,11788427.0,11824679.0,0.16936558371859398,1999194.93479,538
2026-09-14T01:45:00+00:00,11815001.0,11864903.0,11815001.0,11856150.0,0.0969,1146661.13366,336
2026-09-14T02:00:00+00:00,11856517.0,11906618.0,11852257.0,11906156.0,0.548873696842355,6520142.706005492,1268
2026-09-14T02:15:00+00:00,11905173.0,11956442.0,11895945.0,11944412.0,3.988182226709295,47520079.86258,896
2026-09-14T02:30:00+00:00,11942195.0,11954313.0,11931392.0,11948488.0,4.134061676164075,49388546.51089,585
2026-09-14T02:45:00+00:00,11956950.0,11961642.0,11955471.0,11960000.0,0.13291,1589611.92986,465
2026-09-14T03:00:00+00:00,11960000.0,12016361.0,11960000.0,11990000.0,0.3511496447834748,4211144.66552,714
2026-09-14T03:15:00+00:00,11990001.0,12001367.0,11990000.0,11995128.0,0.14307,1715881.17212,551
2026-09-14T03:30:00+00:00,11995128.0,11995129.0,11962175.0,11962175.0,1.0973682827271538,13148905.6198,472
2026-09-14T03:45:00+00:00,11958052.0,11958053.0,11958052.0,11958052.0,0.00042,5022.38214,4
2026-09-14T04:00:00+00:00,11958052.0,11967189.0,11955001.0,11956898.0,0.08689,1039239.73596,337
2026-09-14T04:15:00+00:00,11956929.0,11969721.0,11955001.0,11968935.0,0.88588,10592799.1187,2636
2026-09-14T04:30:00+00:00,11968935.0,11968936.0,11955221.0,11959755.0,0.16084,1924391.51578,571
2026-09-14T04:45:00+00:00,11959755.0,11964304.0,11959468.0,11961274.0,0.06437,769864.60572,102
2026-09-14T05:00:00+00:00,11959749.0,11963299.0,11955242.0,11963299.0,0.34208,4090696.24429,1008
2026-09-14T05:15:00+00:00,11962480.0,11963032.0,11955000.0,11955000.0,0.16216497156725776,1939227.51456,323
2026-09-14T05:30:00+00:00,11955000.0,11959803.0,11949898.0,11955620.0,0.30253,3617107.96115,967
2026-09-14T05:45:00+00:00,11955527.0,11956675.0,11948000.0,11956134.0,1.20117,14355917.20844,3379
2026-09-14T06:00:00+00:00,11958473.0,12001302.0,11957250.0,11998463.0,1.78513,21416610.94622,739
2026-09-14T06:15:00+00:00,11998462.0,12008810.0,11974178.0,11974178.0,4.527989421848675,54331482.27893,433
2026-09-14T06:30:00+00:00,11971063.0,12010542.0,11948000.0,12003601.0,2.72123,32616134.47111,911
2026-09-14T06:45:00+00:00,12002363.0,12010001.0,11985736.0,11987805.0,1.4072466673328337,16897409.5833,194
2026-09-14T07:00:00+00:00,11976508.0,11996677.0,11976355.0,11986984.0,0.76859,9211435.61415,2153
2026-09-14T07:15:00+00:00,11986634.0,12000192.0,11984401.0,11999341.0,0.37129,4451635.55048,1109
2026-09-14T07:30:00+00:00,11999919.0,12010840.0,11999918.0,12010840.0,0.14509,1741347.30423,469
2026-09-14T07:45:00+00:00,12010840.0,12018630.0,12010840.0,12017261.0,0.015246516219262563,183189.7817872042,18
2026-09-14T08:00:00+00:00,12021398.0,12021529.0,12006200.0,12016331.0,0.13251,1592451.24417,480
2026-09-14T08:15:00+00:00,12014671.0,12043177.0,12014164.0,12019439.0,0.43250833776292585,5199733.10399,1246
2026-09-14T08:30:00+00:00,12019439.0,12028611.0,12012090.0,12022666.0,1.10268,13253011.84136,3276
2026-09-14T08:45:00+00:00,12022666.0,12028692.0,12013012.0,12018006.0,0.7428826548306333,8928543.8087,2161
2026-09-14T09:00:00+00:00,12018006.0,12030117.0,12018006.0,12026833.0,0.07786,936297.90746,283
2026-09-14T09:15:00+00:00,12026832.0,12026832.0,12006930.0,12013825.0,0.09511,1143142.98343,167
2026-09-14T09:30:00+00:00,12019529.0,12031382.0,12019529.0,12031382.0,0.07294,877088.36265,189
2026-09-14T09:45:00+00:00,12031382.0,12095733.0,12031382.0,12094731.0,0.13969205971998747,1684936.09099,414
2026-09-14T10:00:00+00:00,12075083.0,12077902.0,12069823.0,12074806.0,0.09244,1116136.246,302
2026-09-14T10:15:00+00:00,12076509.0,12082244.0,12064583.0,12068536.0,0.63036,7610165.43728,1833
2026-09-14T10:30:00+00:00,12068536.0,12069747.0,12068535.0,12068536.0,0.00805,97155.32394,37
2026-09-14T10:45:00+00:00,12068535.0,12071922.0,12054635.0,12054635.0,0.55961,6752632.30831,1662
2026-09-14T11:00:00+00:00,12050823.0,12050823.0,12028349.0,12030656.0,0.06066,729863.68767,195
2026-09-14T11:15:00+00:00,12035694.0,12041342.0,12035206.0,12041341.0,0.45395,5463954.80253,1325
2026-09-14T11:30:00+00:00,12043708.0,12044967.0,12019313.0,12033990.0,0.5686,6843736.30688,1725
2026-09-14T11:45:00+00:00,12033990.0,12037735.0,12025455.0,12027092.0,0.53474,6435511.46395,1590
2026-09-14T12:00:00+00:00,12034049.0,12038478.0,12025092.0,12038077.0,1.65053,19864752.61955,5042
2026-09-14T12:15:00+00:00,12037678.0,12055372.0,12037279.0,12055372.0,0.13683,1647226.83419,533
2026-09-14T12:30:00+00:00,12055372.0,12070041.0,12055354.0,12062893.0,0.03319,400241.60432,140
2026-09-14T12:45:00+00:00,12061032.0,12063324.0,12035575.0,12037171.0,1.01765,12254078.56288,3236
2026-09-14T13:00:00+00:00,12037171.0,12037171.0,12010842.0,12028102.0,0.29932,3602471.94273,1044
2026-09-14T13:15:00+00:00,12028102.0,12047818.0,12028101.0,12044970.0,0.04468,538181.64565,166
2026-09-14T13:30:00+00:00,12046256.0,12099999.0,12046256.0,12096074.0,0.14433,1744489.99172,345
2026-09-14T13:45:00+00:00,12096074.0,12150000.0,12096074.0,12131189.0,0.5745315470182312,6965180.21314,408
2026-09-14T14:00:00+00:00,12125720.0,12157000.0,12125719.0,12155914.0,0.234,2841105.64054,744
2026-09-14T14:15:00+00:00,12153574.0,12160464.0,12118969.0,12143682.0,0.13329401082064538,1619663.71972,484
2026-09-14T14:30:00+00:00,12144860.0,12185000.0,12133665.0,12137793.0,0.17719,2151974.02322,556
2026-09-14T14:45:00+00:00,12144033.0,12166993.0,12131179.0,12154125.0,0.4957715576861416,6019285.4493,1615
2026-09-14T15:00:00+00:00,12148920.0,12153195.0,12116421.0,12142587.0,0.18181,2207304.58523,637
2026-09-14T15:15:00+00:00,12142024.0,12158247.0,12141852.0,12142484.0,0.02644,321289.26225,106
2026-09-14T15:30:00+00:00,12136774.0,12137295.0,12116421.0,12126838.0,0.08952,1085098.98449,340
2026-09-14T15:45:00+00:00,12116421.0,12141324.0,12106421.0,12136051.0,0.1906,2313438.11192,575
2026-09-14T16:00:00+00:00,12129407.0,12129407.0,12120599.0,12122264.0,0.07320474785238137,887449.10482,290
2026-09-14T16:15:00+00:00,12121192.0,12180185.0,12121192.0,12151790.0,0.18396,2236943.91837,601
2026-09-14T16:30:00+00:00,12154128.0,12159998.0,12145860.0,12147930.0,0.77688,9441221.4108,2391
2026-09-14T16:45:00+00:00,12147929.0,12161233.0,12147929.0,12161217.0,0.10752,1307486.80016,199
2026-09-14T17:00:00+00:00,12161224.0,12168810.0,12152692.0,12162634.0,0.37454,4554165.26585,1157
2026-09-14T17:15:00+00:00,12162661.0,12188314.0,12162661.0,12185482.0,0.3325815659931432,4049739.89325,816
2026-09-14T17:30:00+00:00,12185482.0,12185483.0,12164303.0,12174402.0,0.12316,1499167.24308,426
2026-09-14T17:45:00+00:00,12180383.0,12190032.0,12177654.0,12185064.0,0.36466,4443238.10255,1150
2026-09-14T18:00:00+00:00,12185366.0,12190032.0,12178402.0,12178864.0,1.31441,16016048.08918,3914
2026-09-14T18:15:00+00:00,12178863.0,12225000.0,12174346.0,12209958.0,0.59292,7240852.04137,1835
2026-09-14T18:30:00+00:00,12209958.0,12219392.0,12184443.0,12210520.0,0.34049,4155899.22831,1067
2026-09-14T18:45:00+00:00,12210520.0,12217672.0,12205689.0,12205689.0,0.04132,504656.78879,166
2026-09-14T19:00:00+00:00,12204131.0,12204256.0,12191201.0,12195224.0,0.10702,1305276.47282,453
2026-09-14T19:15:00+00:00,12195364.0,12208681.0,12195224.0,12208681.0,0.20113,2453795.34746,641
2026-09-14T19:30:00+00:00,12205559.0,12208681.0,12192842.0,12208681.0,0.40898,4990352.70829,1310
2026-09-14T19:45:00+00:00,12208681.0,12214258.0,12195033.0,12199353.0,0.61167,7464299.95005,1911
2026-09-14T20:00:00+00:00,12199804.0,12221407.0,12199804.0,12221260.0,1.17185,14304269.75733,3444
2026-09-14T20:15:00+00:00,12221407.0,12274111.0,12221407.0,12259142.0,0.14985,1835566.09817,578
2026-09-14T20:30:00+00:00,12259142.0,12267816.0,12250640.0,12255547.0,0.34114,4182588.81702,1131
2026-09-14T20:45:00+00:00,12255547.0,12260214.0,12235298.0,12237114.0,0.52564,6436978.44915,1532
2026-09-14T21:00:00+00:00,12216540.0,12216540.0,12184711.0,12185698.0,0.5470605435455432,6671217.62855,1669
2026-09-14T21:15:00+00:00,12185698.0,12194187.0,12185698.0,12189409.0,0.23204,2828884.6827,762
2026-09-14T21:30:00+00:00,12189409.0,12189410.0,12173786.0,12173787.0,0.07498,912899.08279,222
2026-09-14T21:45:00+00:00,12173786.0,12173786.0,12167310.0,12167457.0,0.02395,291430.90642,76
2026-09-14T22:00:00+00:00,12162027.0,12168032.0,12148528.0,12164074.0,0.84916,10327816.74477,2547
2026-09-14T22:15:00+00:00,12164074.0,12164416.0,12113990.0,12125574.0,0.94351,11451817.26194,2766
2026-09-14T22:30:00+00:00,12125574.0,12144943.0,12112445.0,12138943.0,1.07767,13067011.48835,3155
2026-09-14T22:45:00+00:00,12138943.0,12141066.0,12115592.0,12116626.0,1.0082064092795078,12223308.90908,2880
2026-09-14T23:00:00+00:00,12116626.0,12120511.0,12083348.0,12100139.0,1.51149,18286972.58317,4387
2026-09-14T23:15:00+00:00,12100139.0,12115860.0,12092213.0,12110473.0,1.22102,14776940.13194,3594
2026-09-14T23:30:00+00:00,12107856.0,12107856.0,12087924.0,12089588.0,0.31554016531677254,3816650.21267,886
2026-09-14T23:45:00+00:00,12083750.0,12087215.0,12063561.0,12069037.0,1.26322,15247344.14247,3616
2026-09-15T00:00:00+00:00,12070340.0,12099378.0,12067140.0,12084845.0,0.809583483740096,9781178.3272,1371
2026-09-15T00:15:00+00:00,12084845.0,12091487.0,12059772.0,12062706.0,0.37499168357275975,4529014.24628,432
2026-09-15T00:30:00+00:00,12062082.0,12071780.0,12047675.0,12054871.0,0.26404,3183793.35177,621
2026-09-15T00:45:00+00:00,12054872.0,12065617.0,12048903.0,12056287.0,1.16192,14009667.41339,3280
2026-09-15T01:00:00+00:00,12056287.0,12057240.0,12021815.0,12032844.0,0.36901,4442267.2532,891
2026-09-15T01:15:00+00:00,12044138.0,12075326.0,12039653.0,12044750.0,0.35263,4250926.78762,943
2026-09-15T01:30:00+00:00,12045751.0,12079044.0,12043239.0,12077381.0,0.76198,9193221.29531,2277
2026-09-15T01:45:00+00:00,12074592.0,12090064.0,12064000.0,12065900.0,1.32501,15996798.69367,3860
2026-09-15T02:00:00+00:00,12064635.0,12084882.0,12063638.0,12082674.0,1.41685,17104097.83558,4151
2026-09-15T02:15:00+00:00,12082674.0,12083750.0,12065957.0,12083550.0,1.39893,16894344.86137,4060
2026-09-15T02:30:00+00:00,12072469.0,12072470.0,12064108.0,12069173.0,0.71953,8684208.5396,2154
2026-09-15T02:45:00+00:00,12069173.0,12073535.0,12063638.0,12071258.0,1.7512305063079683,21130673.37926,2429
2026-09-15T03:00:00+00:00,12071258.0,12071990.0,12040000.0,12040000.0,0.55952,6745588.04281,1534
2026-09-15T03:15:00+00:00,12044885.0,12058166.0,12041284.0,12055899.0,0.9388452860852404,11315693.1238,2565
2026-09-15T03:30:00+00:00,12055899.0,12059918.0,12045038.0,12050962.0,2.02534,24412343.03483,5849
2026-09-15T03:45:00+00:00,12050962.0,12051411.0,12037655.0,12037655.0,0.53706,6470271.97189,1574
2026-09-15T04:00:00+00:00,12036453.0,12038519.0,12025000.0,12025203.0,0.44623,5370215.22822,1374
2026-09-15T04:15:00+00:00,12025000.0,12030157.0,12012670.0,12023531.0,1.63781,19691411.99726,4659
2026-09-15T04:30:00+00:00,12023531.0,12029660.0,12010315.0,12022689.0,2.5017523704389824,30067858.77163,1902
2026-09-15T04:45:00+00:00,12022689.0,12026119.0,12013924.0,12024401.0,3.46146,41611892.10592,2287
2026-09-15T05:00:00+00:00,12024398.0,12035327.0,11975000.0,11989133.0,2.138858494597436,25720286.49082,1027
2026-09-15T05:15:00+00:00,11990436.0,12009800.0,11978559.0,12008499.0,1.52312,18272408.99251,2582
2026-09-15T05:30:00+00:00,12008499.0,12017302.0,11998129.0,12007979.0,1.5913,19107614.62044,2755
2026-09-15T05:45:00+00:00,12006633.0,12042793.0,12003361.0,12038982.0,2.70745,32558532.40764,2267
2026-09-15T06:00:00+00:00,12038789.0,12057658.0,12025000.0,12025001.0,8.928963259110143,107556504.65726,1490
2026-09-15T06:15:00+00:00,12025000.0,12031583.0,11995027.0,11998168.0,1.7509012910847241,21045724.07991,1915
2026-09-15T06:30:00+00:00,11996056.0,12000000.0,11993292.0,12000000.0,1.13877,13663687.47988,3243
2026-09-15T06:45:00+00:00,12000000.0,12014790.0,11975000.0,11975000.0,0.68901,8260185.88405,1830
2026-09-15T07:00:00+00:00,11979963.0,11981832.0,11969261.0,11972846.0,0.09805,1174168.33344,368
2026-09-15T07:15:00+00:00,11977068.0,11996881.0,11977068.0,11989092.0,1.86751,22387929.51136,1400
2026-09-15T07:30:00+00:00,11989092.0,11996323.0,11955251.0,11955578.0,9.624551859501661,115270246.28165,2330
2026-09-15T07:45:00+00:00,11955500.0,11966865.0,11924192.0,11928818.0,0.38565666214417893,4607258.25215,586
2026-09-15T08:00:00+00:00,11928818.0,11928900.0,11914801.0,11925040.0,0.76416,9109490.09653,2330
2026-09-15T08:15:00+00:00,11925040.0,11952165.0,11905107.0,11915886.0,0.37664708123472324,4488232.57702,1003
2026-09-15T08:30:00+00:00,11915886.0,11932653.0,11914221.0,11927359.0,0.77176,9203723.29694,1451
2026-09-15T08:45:00+00:00,11927233.0,11933899.0,11816573.0,11933899.0,2.202832850480637,26236107.23037,3334
2026-09-15T09:00:00+00:00,11930333.0,11934632.0,11924416.0,11929724.0,0.61288,7311605.56557,1622
2026-09-15T09:15:00+00:00,11934180.0,11942913.0,11932878.0,11932879.0,0.67273,8029484.93902,1864
2026-09-15T09:30:00+00:00,11941836.0,11947303.0,11935550.0,11944802.0,1.0683655134526333,12757399.70755,2978
2026-09-15T09:45:00+00:00,11944802.0,11961974.0,11935698.0,11940668.0,1.7735991924987125,21187020.87947,4770
2026-09-15T10:00:00+00:00,11940668.0,11944377.0,11924134.0,11938708.0,0.59117,7056051.52002,1852
2026-09-15T10:15:00+00:00,11938708.0,11941379.0,11915557.0,11915658.0,0.5685861686314467,6785579.36708,1669
2026-09-15T10:30:00+00:00,11915146.0,11955336.0,11911426.0,11940539.0,1.6035781165188498,19126212.08475,4610
2026-09-15T10:45:00+00:00,11940503.0,11960032.0,11930936.0,11940127.0,0.89019,10631509.59406,2565
2026-09-15T11:00:00+00:00,11942705.0,11965595.0,11936334.0,11939682.0,1.048607897129941,12534816.6477,3022
2026-09-15T11:15:00+00:00,11939682.0,11950672.0,11925796.0,11930554.0,1.70398,20340650.56052,4832
2026-09-15T11:30:00+00:00,11931426.0,11933932.0,11905263.0,11933932.0,1.28083,15266671.51412,3604
2026-09-15T11:45:00+00:00,11926344.0,11929511.0,11907189.0,11919668.0,1.1507,13715943.53156,3268
2026-09-15T12:00:00+00:00,11919668.0,11943898.0,11919667.0,11941286.0,0.5261384727502946,6278504.93808,1320
2026-09-15T12:15:00+00:00,11941286.0,11959523.0,11939278.0,11940586.0,0.6145142009999979,7341653.4721,1631
2026-09-15T12:30:00+00:00,11940586.0,11945192.0,11927320.0,11939395.0,1.21768,14535916.15042,3495
2026-09-15T12:45:00+00:00,11940192.0,11963764.0,11922088.0,11942091.0,0.6469463597092019,7727377.21688,1931
2026-09-15T13:00:00+00:00,11944709.0,11959396.0,11934622.0,11935116.0,0.84898,10140208.74685,2467
2026-09-15T13:15:00+00:00,11937068.0,11942367.0,11935139.0,11941177.0,0.5421476220827316,6472580.8947,1646
2026-09-15T13:30:00+00:00,11941177.0,11941672.0,11825000.0,11866698.0,0.33595,3994596.66647,798
2026-09-15T13:45:00+00:00,11865830.0,11886971.0,11809768.0,11886971.0,0.8697,10293067.24731,2354
2026-09-15T14:00:00+00:00,11884186.0,11892330.0,11833986.0,11848408.0,0.73678,8735383.63113,2107
2026-09-15T14:15:00+00:00,11848408.0,11872546.0,11842875.0,11844401.0,0.15662,1856610.15657,582
2026-09-15T14:30:00+00:00,11841095.0,11841917.0,11750000.0,11774921.0,0.4169774147536773,4916172.82264,880
2026-09-15T14:45:00+00:00,11774813.0,11789080.0,11750000.0,11778064.0,0.28721035398742195,3379272.12217,825
2026-09-15T15:00:00+00:00,11778474.0,11800400.0,11763994.0,11792501.0,0.68317,8053774.78709,1989
2026-09-15T15:15:00+00:00,11795384.0,11870858.0,11785373.0,11841502.0,0.7111,8406652.97518,2038
2026-09-15T15:30:00+00:00,11841769.0,11857979.0,11833891.0,11857336.0,0.50217,5950270.16433,1115
2026-09-15T15:45:00+00:00,11857336.0,11888912.0,11856899.0,11880379.0,0.56483,6706174.95132,1763
2026-09-15T16:00:00+00:00,11880379.0,11890847.0,11832748.0,11832748.0,1.0733509686901108,12723995.67468,3115
2026-09-15T16:15:00+00:00,11832294.0,11865399.0,11832294.0,11859802.0,0.93907,11127637.21781,2795
2026-09-15T16:30:00+00:00,11859802.0,11864376.0,11833333.0,11846802.0,1.12613,13341487.06103,3397
2026-09-15T16:45:00+00:00,11846604.0,11867136.0,11844242.0,11846154.0,1.0136,12018217.77911,3056
2026-09-15T17:00:00+00:00,11847382.0,11854394.0,11821518.0,11825936.0,1.1933,14123010.48417,3472
2026-09-15T17:15:00+00:00,11836950.0,11886436.0,11831097.0,11882474.0,1.30152,15436564.45341,3664
2026-09-15T17:30:00+00:00,11882518.0,11995732.0,11879024.0,11907322.0,0.31426,3751251.07704,1066
2026-09-15T17:45:00+00:00,11907322.0,11963704.0,11907322.0,11938314.0,0.8347,9970939.22793,2533
2026-09-15T18:00:00+00:00,11936736.0,11948230.0,11918974.0,11927598.0,0.54679,6525333.47045,1729
2026-09-15T18:15:00+00:00,11928368.0,11945895.0,11871190.0,11945895.0,0.90078,10718828.53265,2419
2026-09-15T18:30:00+00:00,11888545.0,11925611.0,11766358.0,11769498.0,0.51787,6124740.30811,1273
2026-09-15T18:45:00+00:00,11766357.0,11786855.0,11650000.0,11786343.0,0.3906109052696442,4570393.62222,792
2026-09-15T19:00:00+00:00,11807434.0,11809690.0,11784119.0,11789127.0,0.11499,1356894.32171,231
2026-09-15T19:15:00+00:00,11815717.0,11838630.0,11775341.0,11781550.0,0.38776,4580848.89351,1218
2026-09-15T19:30:00+00:00,11776121.0,11810068.0,11773997.0,11785005.0,0.55788,6576533.50284,1735
2026-09-15T19:45:00+00:00,11785543.0,11813030.0,11776637.0,11811724.0,0.35072,4134325.51444,1072
2026-09-15T20:00:00+00:00,11820515.0,11820516.0,11775125.0,11797294.0,0.69603,8207889.94708,2099
2026-09-15T20:15:00+00:00,11797294.0,11797294.0,11767252.0,11774188.0,0.70354,8287367.44136,2089
2026-09-15T20:30:00+00:00,11756810.0,11782514.0,11754839.0,11781926.0,0.5386154861374527,6340023.42742,1632
2026-09-15T20:45:00+00:00,11780059.0,11799386.0,11778813.0,11779323.0,1.3836808307896595,16313717.70781,4091
2026-09-15T21:00:00+00:00,11779552.0,11784045.0,11741458.0,11762312.0,1.27917,15038475.37808,3694
2026-09-15T21:15:00+00:00,11762601.0,11771505.0,11749911.0,11755000.0,0.81393,9572973.84359,2256
2026-09-15T21:30:00+00:00,11755000.0,11756317.0,11733948.0,11750296.0,0.83933,9861795.01992,2132
2026-09-15T21:45:00+00:00,11750296.0,11750560.0,11701191.0,11709897.0,0.47689145136133854,5594512.32797,1364
2026-09-15T22:00:00+00:00,11706916.0,11724014.0,11688058.0,11693161.0,0.39905,4670741.13319,1217
2026-09-15T22:15:00+00:00,11691626.0,11692802.0,11657818.0,11662480.0,0.17033,1989042.89311,467
2026-09-15T22:30:00+00:00,11706628.0,11744035.0,11705166.0,11733000.0,0.28799,3378012.46289,751
2026-09-15T22:45:00+00:00,11745057.0,11759172.0,11745057.0,11754085.0,0.22918,2693470.33859,399
2026-09-15T23:00:00+00:00,11754085.0,11779103.0,11753793.0,11778108.0,1.0070376825803868,11850294.66281,2561
2026-09-15T23:15:00+00:00,11778108.0,11796126.0,11765489.0,11765489.0,1.08371,12770700.58915,2895
2026-09-15T23:30:00+00:00,11754785.0,11754785.0,11717114.0,11752953.0,0.2366595022087554,2778207.04965,392
2026-09-15T23:45:00+00:00,11754473.0,11759914.0,11753296.0,11758993.0,0.04541,533924.73014,157
2026-09-16T00:00:00+00:00,11758993.0,11764345.0,11747403.0,11763151.0,0.43186,5078717.62167,1171
2026-09-16T00:15:00+00:00,11763150.0,11774417.0,11763124.0,11772016.0,0.90719,10676746.0076,2691
2026-09-16T00:30:00+00:00,11772016.0,11790000.0,11770404.0,11783853.0,0.90556,10667192.98369,2634
2026-09-16T00:45:00+00:00,11783853.0,11790000.0,11777210.0,11779274.0,1.08732,12811296.4067,3235
2026-09-16T01:00:00+00:00,11779274.0,11790000.0,11755527.0,11770991.0,0.6162648892327092,7256599.42156,1875
2026-09-16T01:15:00+00:00,11768973.0,11784818.0,11768973.0,11782389.0,0.05300745377187967,624220.5570799999,188
2026-09-16T01:30:00+00:00,11781880.0,11782693.0,11751722.0,11759272.0,0.21804,2563734.59323,643
2026-09-16T01:45:00+00:00,11759272.0,11769892.0,11727707.0,11735392.0,1.3175658756929305,15470856.77005,3538
2026-09-16T02:00:00+00:00,11735392.0,11759405.0,11732204.0,11754834.0,1.3529,15897019.69864,3981
2026-09-16T02:15:00+00:00,11754834.0,11790000.0,11752747.0,11790000.0,0.95721,11275494.327,2693
2026-09-16T02:30:00+00:00,11790000.0,11817846.0,11790000.0,11805085.0,0.6654247729962195,7855956.61352,854
2026-09-16T02:45:00+00:00,11805085.0,11806420.0,11778831.0,11788706.0,2.001401357702855,23612184.17817,1054
2026-09-16T03:00:00+00:00,11788706.0,11800874.0,11775322.0,11784450.0,0.13925,1642196.03037,396
2026-09-16T03:15:00+00:00,11784451.0,11823062.0,11782972.0,11785274.0,0.6936447726227163,8191819.78299,1083
2026-09-16T03:30:00+00:00,11785274.0,11803481.0,11772214.0,11785058.0,1.8977701250580232,22360608.6442,2472
2026-09-16T03:45:00+00:00,11783974.0,11794643.0,11783894.0,11790469.0,3.0587577236516115,36061367.98809,1603
2026-09-16T04:00:00+00:00,11787897.0,11809289.0,11787246.0,11805000.0,2.6320335374365045,31065374.45251,1139
2026-09-16T04:15:00+00:00,11804601.0,11821008.0,11795835.0,11795835.0,3.4365869056445946,40588821.87677,754
2026-09-16T04:30:00+00:00,11795834.0,11811395.0,11788406.0,11810283.0,0.89577,10568489.84922,2338
2026-09-16T04:45:00+00:00,11806122.0,11806122.0,11782558.0,11792869.0,0.51319,6050281.32534,1156
2026-09-16T05:00:00+00:00,11760532.0,11776459.0,11759698.0,11776459.0,1.08583,12783920.06569,3165
2026-09-16T05:15:00+00:00,11776459.0,11813246.0,11776170.0,11790219.0,1.4400805664167398,16980938.76618,3891
2026-09-16T05:30:00+00:00,11790219.0,11805889.0,11780601.0,11803337.0,1.39082,16401171.38518,4068
2026-09-16T05:45:00+00:00,11803337.0,11805714.0,11783211.0,11797804.0,1.5353,18110872.48664,4365
2026-09-16T06:00:00+00:00,11797580.0,11826532.0,11795854.0,11798164.0,2.003753219535972,23660102.24663,4416
2026-09-16T06:15:00+00:00,11798164.0,11798200.0,11776467.0,11781245.0,1.11642,13158692.28697,3223
2026-09-16T06:30:00+00:00,11779570.0,11786350.0,11777038.0,11785173.0,0.4858796992056126,5724371.90635,1538
2026-09-16T06:45:00+00:00,11785173.0,11799947.0,11778585.0,11785211.0,0.99878,11773622.19113,2843
2026-09-16T07:00:00+00:00,11787740.0,11804821.0,11760464.0,11771345.0,2.2070414089511434,26008251.21909,977
2026-09-16T07:15:00+00:00,11780348.0,11780348.0,11754600.0,11754600.0,0.25355,2982708.39588,536
2026-09-16T07:30:00+00:00,11754600.0,11765885.0,11744854.0,11744977.0,1.10564,12996510.3209,3301
2026-09-16T07:45:00+00:00,11748617.0,11748663.0,11748617.0,11748663.0,0.00221,25964.54339,11
2026-09-16T08:00:00+00:00,11747001.0,11747001.0,11702819.0,11714940.0,0.24153,2831164.03521,711
2026-09-16T08:15:00+00:00,11711332.0,11715467.0,11685028.0,11688725.0,0.05544,648871.69361,207
2026-09-16T08:30:00+00:00,11696291.0,11716732.0,11696291.0,11716165.0,0.43128,5049752.27192,1349
2026-09-16T08:45:00+00:00,11716165.0,11747262.0,11710306.0,11747262.0,1.24422,14585398.28866,3711
2026-09-16T09:00:00+00:00,11747262.0,11782835.0,11745074.0,11756142.0,1.5613424722946705,18362032.59045,4625
2026-09-16T09:15:00+00:00,11756142.0,11772688.0,11750359.0,11763746.0,1.93023,22706380.83133,5639
2026-09-16T09:30:00+00:00,11761341.0,11772842.0,11759967.0,11771332.0,0.35439,4170922.86593,1109
2026-09-16T09:45:00+00:00,11771332.0,11795565.0,11771226.0,11794842.0,0.7176269400611488,8454509.8711,1643
2026-09-16T10:00:00+00:00,11797661.0,11797662.0,11793900.0,11793900.0,0.82632,9747936.62966,2388
2026-09-16T10:15:00+00:00,11793900.0,11800557.0,11784499.0,11793536.0,0.42354,4995481.16219,1101
2026-09-16T10:30:00+00:00,11788681.0,11794916.0,11785872.0,11786510.0,0.48535,5722298.05251,1182
2026-09-16T10:45:00+00:00,11786510.0,11786611.0,11776232.0,11780329.0,1.22996,14489070.86708,3551
2026-09-16T11:00:00+00:00,11786564.0,11812811.0,11780035.0,11785608.0,1.450778127545898,17107059.69888,3460
2026-09-16T11:15:00+00:00,11785608.0,11794796.0,11775999.0,11782565.0,0.9177727633500401,10816022.54952,2322
2026-09-16T11:30:00+00:00,11779599.0,11826236.0,11777394.0,11825362.0,0.8022244146748674,9454645.72491,1994
2026-09-16T11:45:00+00:00,11825362.0,11838598.0,11816480.0,11823184.0,0.4743796525706832,5609272.08247,1411
2026-09-16T12:00:00+00:00,11823412.0,11823412.0,11803960.0,11806250.0,1.02386,12096700.1731,3024
2026-09-16T12:15:00+00:00,11806250.0,11816409.0,11778610.0,11779078.0,0.9539598807763836,11254127.66977,2428
2026-09-16T12:30:00+00:00,11779078.0,11801138.0,11757000.0,11796917.0,0.8729,10290056.34727,2253
2026-09-16T12:45:00+00:00,11796911.0,11806638.0,11789303.0,11797166.0,0.45516873887450476,5370273.45981,1347
2026-09-16T13:00:00+00:00,11796561.0,11796561.0,11754902.0,11769935.0,0.7324516018624716,8616355.99777,2183
2026-09-16T13:15:00+00:00,11769935.0,11785099.0,11758798.0,11772391.0,1.10453,13005378.72419,3318
2026-09-16T13:30:00+00:00,11770522.0,11770522.0,11750000.0,11764942.0,0.18648,2192933.91747,596
2026-09-16T13:45:00+00:00,11760081.0,11792433.0,11750000.0,11750000.0,0.34198,4023838.39295,875
2026-09-16T14:00:00+00:00,11750000.0,11750228.0,11706352.0,11729197.0,0.39388,4619398.10459,1075
2026-09-16T14:15:00+00:00,11732326.0,11760137.0,11719283.0,11760137.0,0.41899,4920047.95008,790
2026-09-16T14:30:00+00:00,11760137.0,11760137.0,11733808.0,11751187.0,0.2483,2917467.4018,574
2026-09-16T14:45:00+00:00,11751076.0,11751661.0,11723514.0,11746303.0,0.48757,5722984.92508,1538
2026-09-16T15:00:00+00:00,11746351.0,11756998.0,11721681.0,11749514.0,0.70227,8246983.18647,2116
2026-09-16T15:15:00+00:00,11748976.0,11749514.0,11734272.0,11740699.0,0.11262,1322217.14249,338
2026-09-16T15:30:00+00:00,11736383.0,11755793.0,11729423.0,11754529.0,0.01019,119609.49308,58
2026-09-16T15:45:00+00:00,11751718.0,11770773.0,11746601.0,11752393.0,0.74413,8751963.25524,2269
2026-09-16T16:00:00+00:00,11752393.0,11772127.0,11741222.0,11761342.0,0.83523,9820267.52742,2519
2026-09-16T16:15:00+00:00,11775256.0,11775256.0,11753499.0,11760948.0,0.83298,9799356.01407,2414
2026-09-16T16:30:00+00:00,11760948.0,11766969.0,11738689.0,11742938.0,1.39866,16436024.47307,4138
2026-09-16T16:45:00+00:00,11742300.0,11752314.0,11741470.0,11751723.0,0.11144,1309217.5769,318
2026-09-16T17:00:00+00:00,11749478.0,11759837.0,11737908.0,11749712.0,1.02894,12086950.89805,3045
2026-09-16T17:15:00+00:00,11749712.0,11764843.0,11737159.0,11749715.0,1.40258,16480751.48357,4191
2026-09-16T17:30:00+00:00,11749884.0,11751492.0,11710000.0,11715154.0,0.52287,6131334.22666,1633
2026-09-16T17:45:00+00:00,11717356.0,11775450.0,11710000.0,11740228.0,0.73916,8666071.1473,2130
2026-09-16T18:00:00+00:00,11739583.0,11874035.0,11704630.0,11782992.0,0.529677963997998,6237803.85916,689
2026-09-16T18:15:00+00:00,11790823.0,11828894.0,11765513.0,11808835.0,0.45958,5424189.22299,991
2026-09-16T18:30:00+00:00,11817635.0,11864732.0,11700127.0,11856476.0,0.33775,3981972.76215,971
2026-09-16T18:45:00+00:00,11832464.0,11836994.0,11777785.0,11793816.0,0.12492,1475233.25899,192
2026-09-16T19:00:00+00:00,11811948.0,11856944.0,11809669.0,11834039.0,0.04701,555965.07589,213
2026-09-16T19:15:00+00:00,11838898.0,11848364.0,11745460.0,11790088.0,0.13841531995134518,1632522.04612,534
2026-09-16T19:30:00+00:00,11794414.0,11861573.0,11774738.0,11861573.0,0.5867350888225509,6939652.11468,1774
2026-09-16T19:45:00+00:00,11863429.0,11896542.0,11863429.0,11885079.0,1.29556,15395662.07195,3757
2026-09-16T20:00:00+00:00,11890333.0,11917088.0,11880816.0,11907353.0,0.33454,3981900.11796,1049
2026-09-16T20:15:00+00:00,11906888.0,11947885.0,11894747.0,11909154.0,1.419734313394379,16920306.90687,4114
2026-09-16T20:30:00+00:00,11909154.0,11918857.0,11883045.0,11897041.0,0.54339,6466546.67468,1698
2026-09-16T20:45:00+00:00,11892894.0,11912428.0,11887002.0,11903453.0,1.33584,15896777.71396,3922
2026-09-16T21:00:00+00:00,11902404.0,11911993.0,11887101.0,11892712.0,1.53743,18294550.78168,4525
2026-09-16T21:15:00+00:00,11892712.0,11899793.0,11886747.0,11886747.0,1.77414,21100510.98286,5147
2026-09-16T21:30:00+00:00,11888000.0,11888001.0,11865371.0,11869392.0,0.15178,1801738.92444,535
2026-09-16T21:45:00+00:00,11869392.0,11877684.0,11861000.0,11867889.0,2.11228,25070578.2866,6108
2026-09-16T22:00:00+00:00,11866879.0,11870598.0,11835806.0,11864121.0,0.33327,3951096.61958,1025
2026-09-16T22:15:00+00:00,11839261.0,11844696.0,11830647.0,11840210.0,0.13069,1547441.00028,451
2026-09-16T22:30:00+00:00,11839692.0,11842328.0,11819485.0,11839184.0,1.80626,21373088.1609,5242
2026-09-16T22:45:00+00:00,11840025.0,11843563.0,11816438.0,11822692.0,1.09321,12926267.32528,3304
2026-09-16T23:00:00+00:00,11822692.0,11847498.0,11822692.0,11843424.0,1.11385,13182854.79893,3336
2026-09-16T23:15:00+00:00,11846341.0,11898835.0,11845454.0,11881374.0,0.8755763415897562,10402430.64626,2599
2026-09-16T23:30:00+00:00,11881374.0,11903642.0,11876964.0,11897853.0,1.16962,13905090.54585,3499
2026-09-16T23:45:00+00:00,11898512.0,11909756.0,11881835.0,11886818.0,1.32087,15714081.52053,3929
2026-09-17T00:00:00+00:00,11886818.0,11909726.0,11878684.0,11891896.0,0.78682,9353259.12628,2359
2026-09-17T00:15:00+00:00,11920896.0,11932714.0,11913739.0,11917802.0,0.24207,2886509.92942,760
2026-09-17T00:30:00+00:00,11917808.0,11943329.0,11914526.0,11927625.0,1.0088495511167783,12038307.19141,2826
2026-09-17T00:45:00+00:00,11927636.0,11940737.0,11914928.0,11928372.0,1.00461,11982077.49633,2977
2026-09-17T01:00:00+00:00,11927240.0,11932609.0,11904110.0,11910357.0,1.14857,13683014.14886,3425
2026-09-17T01:15:00+00:00,11910358.0,11950000.0,11899227.0,11950000.0,0.8138937656903765,9704333.50233,2482
2026-09-17T01:30:00+00:00,11950000.0,11984225.0,11945138.0,11945222.0,0.43658142204600187,5221184.42158,1050
2026-09-17T01:45:00+00:00,11943761.0,11946250.0,11915951.0,11923384.0,0.14726856965886528,1756794.96778,458
2026-09-17T02:00:00+00:00,11920909.0,11922700.0,11887611.0,11900850.0,0.5870425232175102,6983233.07773,1596
2026-09-17T02:15:00+00:00,11900850.0,11900850.0,11883226.0,11886404.0,0.20263,2409844.68692,651
2026-09-17T02:30:00+00:00,11888349.0,11940636.0,11888349.0,11930121.0,0.26579,3171384.47922,822
2026-09-17T02:45:00+00:00,11929487.0,11934637.0,11924581.0,11927858.0,0.4783,5706445.94653,1413
2026-09-17T03:00:00+00:00,11924943.0,11960001.0,11924943.0,11940000.0,4.15096,49614662.65684,1191
2026-09-17T03:15:00+00:00,11940000.0,11968387.0,11940000.0,11951631.0,0.3809522255797711,4553856.50961,398
2026-09-17T03:30:00+00:00,11951627.0,11964232.0,11945182.0,11950000.0,3.13684,37503884.00864,447
2026-09-17T03:45:00+00:00,11950000.0,11956569.0,11943901.0,11946882.0,1.5294,18274595.58111,337
2026-09-17T04:00:00+00:00,11946883.0,11947067.0,11918509.0,11927988.0,1.87276,22345497.99182,781
2026-09-17T04:15:00+00:00,11927988.0,11930902.0,11901955.0,11912650.0,1.4959940675224552,17833538.66517,834
2026-09-17T04:30:00+00:00,11911969.0,11932329.0,11905141.0,11928156.0,2.4974216964671645,29755387.20169,279
2026-09-17T04:45:00+00:00,11927904.0,11963697.0,11921030.0,11961815.0,2.4066,28764149.66001,308
2026-09-17T05:00:00+00:00,11961803.0,11981092.0,11937052.0,11942560.0,2.3986989756203037,28673662.05393,773
2026-09-17T05:15:00+00:00,11942586.0,11945000.0,11936484.0,11939454.0,4.708595694496144,56237729.04273,655
2026-09-17T05:30:00+00:00,11939180.0,11939864.0,11918166.0,11918395.0,0.09098,1085439.89503,252
2026-09-17T05:45:00+00:00,11918393.0,11921590.0,11893330.0,11898269.0,1.20804,14384566.26512,3568
2026-09-17T06:00:00+00:00,11897719.0,11920316.0,11893001.0,11916507.0,0.7810189724836154,9301226.47988,1072
2026-09-17T06:15:00+00:00,11916507.0,11925270.0,11899247.0,11899247.0,0.09315372866861715,1109574.62328,208
2026-09-17T06:30:00+00:00,11909022.0,11919442.0,11909016.0,11919442.0,0.03924,467374.57406,129
2026-09-17T06:45:00+00:00,11924404.0,11942501.0,11913111.0,11913111.0,0.11561750914318533,1378624.3747699999,156
2026-09-17T07:00:00+00:00,11913111.0,11959643.0,11913111.0,11920480.0,3.888325725130025,46395520.99095,498
2026-09-17T07:15:00+00:00,11920322.0,11941421.0,11917858.0,11930864.0,2.35907,28150033.09905,602
2026-09-17T07:30:00+00:00,11921833.0,11936599.0,11921833.0,11928466.0,3.590100029390872,42831133.10301,492
2026-09-17T07:45:00+00:00,11920554.0,11940448.0,11909913.0,11912650.0,0.18567500728113384,2215735.62968,133
2026-09-17T08:00:00+00:00,11913937.0,11933568.0,11913937.0,11921242.0,0.04475,533597.75496,188
2026-09-17T08:15:00+00:00,11921242.0,11936061.0,11918025.0,11922930.0,0.31358,3741414.73493,1088
2026-09-17T08:30:00+00:00,11922860.0,11933915.0,11913992.0,11919546.0,0.50024,5964393.02712,1558
2026-09-17T08:45:00+00:00,11926618.0,11932676.0,11926490.0,11932227.0,0.29606,3532366.97462,895
2026-09-17T09:00:00+00:00,11938174.0,11950132.0,11935925.0,11939840.0,0.97683,11666440.25209,2939
2026-09-17T09:15:00+00:00,11939840.0,11951647.0,11933885.0,11941644.0,1.3982,16697704.88422,4145
2026-09-17T09:30:00+00:00,11940546.0,11955812.0,11933881.0,11944546.0,0.72516,8662244.01532,2171
2026-09-17T09:45:00+00:00,11925961.0,11926202.0,11924961.0,11924961.0,0.03112,371118.76857,96
2026-09-17T10:00:00+00:00,11923142.0,11923142.0,11900000.0,11900011.0,0.1652,1966152.97916,550
2026-09-17T10:15:00+00:00,11900000.0,11900000.0,11900000.0,11900000.0,0.00117,13923.0,1
2026-09-17T10:30:00+00:00,11900000.0,11900000.0,11887995.0,11888148.0,0.04432,527157.54337,85
2026-09-17T10:45:00+00:00,11888148.0,11896266.0,11880408.0,11894842.0,0.33603,3995152.04322,1128
2026-09-17T11:00:00+00:00,11894811.0,11905367.0,11887734.0,11893317.0,0.327,3891191.4498,1054
2026-09-17T11:15:00+00:00,11897834.0,11909977.0,11896636.0,11906341.0,0.608310043136943,7240789.99738,1777
2026-09-17T11:30:00+00:00,11904838.0,11906726.0,11876546.0,11876546.0,0.565,6717747.86992,1815
2026-09-17T11:45:00+00:00,11874914.0,11888866.0,11874386.0,11887582.0,0.53067,6306931.76733,1610
2026-09-17T12:00:00+00:00,11918760.0,11950000.0,11904364.0,11950000.0,0.05551,662445.53394,118
2026-09-17T12:15:00+00:00,11950000.0,11959009.0,11950000.0,11955730.0,0.05455,651998.78854,205
2026-09-17T12:30:00+00:00,11967058.0,11983418.0,11967058.0,11971160.0,0.25071,3000917.11141,396
2026-09-17T12:45:00+00:00,11952974.0,11953101.0,11946025.0,11947295.0,0.00597,71339.86922,28
2026-09-17T13:00:00+00:00,11953102.0,11960966.0,11936146.0,11936153.0,0.13257,1584694.78072,421
2026-09-17T13:15:00+00:00,11934494.0,11948157.0,11932897.0,11932897.0,0.19276,2301426.02367,556
2026-09-17T13:30:00+00:00,11912741.0,11912741.0,11841270.0,11860259.0,0.19421,2305903.13963,626
2026-09-17T13:45:00+00:00,11889465.0,11936236.0,11889465.0,11934571.0,0.34007,4052454.31248,1056
2026-09-17T14:00:00+00:00,11936084.0,11985237.0,11884260.0,11976680.0,0.16936634028930758,2021809.673,513
2026-09-17T14:15:00+00:00,11976679.0,11985238.0,11968870.0,11975073.0,0.03832,458954.36114,168
2026-09-17T14:30:00+00:00,11975246.0,11976797.0,11931130.0,11931968.0,0.020007929359435617,238906.32099,98
2026-09-17T14:45:00+00:00,11931968.0,11953202.0,11928924.0,11935677.0,0.04645,554586.48065,210
2026-09-17T15:00:00+00:00,11900000.0,11911042.0,11879931.0,11888014.0,0.26118,3105608.75749,855
2026-09-17T15:15:00+00:00,11888014.0,11899137.0,11883137.0,11893898.0,0.04608,547962.60267,163
2026-09-17T15:30:00+00:00,11893900.0,11972987.0,11893900.0,11959136.0,0.24623,2942359.71441,807
2026-09-17T15:45:00+00:00,11959136.0,11963361.0,11937037.0,11958676.0,0.16135,1928977.46084,627
2026-09-17T16:00:00+00:00,11959700.0,11965746.0,11945019.0,11956700.0,0.6337,7576713.14576,1972
2026-09-17T16:15:00+00:00,11956700.0,11968221.0,11949814.0,11951068.0,0.37644,4500703.98044,1146
2026-09-17T16:30:00+00:00,11951321.0,11951322.0,11931998.0,11946913.0,0.31072,3711447.27586,989
2026-09-17T16:45:00+00:00,11946914.0,11965577.0,11946914.0,11958049.0,0.0592,707995.18624,188
2026-09-17T17:00:00+00:00,11973370.0,11991645.0,11972396.0,11990458.0,0.02445,292852.24796,169
2026-09-17T17:15:00+00:00,11990715.0,11999000.0,11990640.0,11999000.0,0.06462,774997.21635,290
2026-09-17T17:30:00+00:00,11999000.0,12000000.0,11967899.0,11967899.0,0.11379,1364627.64404,466
2026-09-17T17:45:00+00:00,11963308.0,11963308.0,11947167.0,11960814.0,0.1964,2348469.17757,637
2026-09-17T18:00:00+00:00,11960814.0,11961192.0,11956894.0,11960629.0,0.01845,220671.9589,140
2026-09-17T18:15:00+00:00,11973361.0,11976285.0,11973361.0,11975249.0,0.03366,403095.55798,105
2026-09-17T18:30:00+00:00,11975249.0,11975249.0,11927980.0,11951139.0,0.2548,3044668.40233,709
2026-09-17T18:45:00+00:00,11951139.0,11960292.0,11942120.0,11942424.0,0.12203,1458435.90155,501
2026-09-17T19:00:00+00:00,11942426.0,11951278.0,11939601.0,11939608.0,0.09245,1104502.04345,408
2026-09-17T19:15:00+00:00,11939608.0,11947355.0,11934140.0,11941358.0,0.01043,124504.84965,103
2026-09-17T19:30:00+00:00,11936477.0,11941734.0,11932644.0,11941553.0,0.05684,678470.89393,264
2026-09-17T19:45:00+00:00,11941297.0,11952109.0,11929554.0,11931963.0,0.06476,773038.58099,315
2026-09-17T20:00:00+00:00,11935318.0,11952865.0,11935318.0,11952863.0,0.04888,583670.3796,231
2026-09-17T20:15:00+00:00,11952862.0,11962730.0,11946572.0,11961208.0,0.45511,5441629.4558,1441
2026-09-17T20:30:00+00:00,11961134.0,11961134.0,11927572.0,11931018.0,0.28542,3409999.37935,975
2026-09-17T20:45:00+00:00,11931019.0,11936434.0,11926556.0,11933118.0,0.47424,5658830.4452,1457
2026-09-17T21:00:00+00:00,11933118.0,11942105.0,11928597.0,11930282.0,0.4757051481519545,5676008.90929,1510
2026-09-17T21:15:00+00:00,11930281.0,11939463.0,11930281.0,11938514.0,0.03251,387942.43925,223
2026-09-17T21:30:00+00:00,11938514.0,11938514.0,11929793.0,11932854.0,0.56043,6689430.29777,1749
2026-09-17T21:45:00+00:00,11932854.0,11932854.0,11915687.0,11916972.0,0.08394,1000926.04178,375
2026-09-17T22:00:00+00:00,11911935.0,11920780.0,11903949.0,11907489.0,0.2868251833896406,3416297.19639,978
2026-09-17T22:15:00+00:00,11907489.0,11909288.0,11893100.0,11897884.0,0.4139960475630757,4927272.03219,1330
2026-09-17T22:30:00+00:00,11897884.0,11921136.0,11893112.0,11918366.0,0.51257,6105483.04776,1582
2026-09-17T22:45:00+00:00,11918363.0,11918363.0,11904144.0,11914048.0,0.12999974084864213,1548290.39446,478
2026-09-17T23:00:00+00:00,11914180.0,11925773.0,11911811.0,11918229.0,1.31966,15729304.40599,3912
2026-09-17T23:15:00+00:00,11918229.0,11938681.0,11918103.0,11924686.0,1.7202865598611774,20503905.75051,4874
2026-09-17T23:30:00+00:00,11924686.0,11926958.0,11915843.0,11921829.0,1.26346,15062825.50249,3757
2026-09-17T23:45:00+00:00,11921829.0,11936524.0,11921477.0,11926486.0,0.71893,8576012.62933,2211
2026-09-18T00:00:00+00:00,11926096.0,11934624.0,11919042.0,11934252.0,0.90008,10736849.49595,2730
2026-09-18T00:15:00+00:00,11934252.0,11934568.0,11910356.0,11918375.0,0.99922,11910149.42694,2904
2026-09-18T00:30:00+00:00,11918375.0,11937671.0,11918375.0,11937530.0,0.32464,3870780.68269,1054
2026-09-18T00:45:00+00:00,11940118.0,11955378.0,11931422.0,11954574.0,1.09174,13037622.85384,3248
2026-09-18T01:00:00+00:00,11954574.0,11966234.0,11946900.0,11946900.0,0.78102,9341390.21233,2406
2026-09-18T01:15:00+00:00,11946900.0,11965856.0,11946900.0,11956660.0,0.28222550091598936,3374285.42235,908
2026-09-18T01:30:00+00:00,11969373.0,11975635.0,11969373.0,11975104.0,0.15081,1805858.53348,456
2026-09-18T01:45:00+00:00,11975104.0,11985152.0,11975079.0,11982688.0,0.37093,4444301.20218,1195
2026-09-18T02:00:00+00:00,11982687.0,11989605.0,11975799.0,11988393.0,0.10537,1262194.6562,433
2026-09-18T02:15:00+00:00,11990000.0,12000000.0,11989990.0,11999988.0,0.4211111621027207,5052842.3429,1123
2026-09-18T02:30:00+00:00,11999988.0,12017142.0,11999966.0,12006284.0,0.63196,7590165.14454,1872
2026-09-18T02:45:00+00:00,12006284.0,12063753.0,12002171.0,12055458.0,0.60981,7328252.95094,1811
2026-09-18T03:00:00+00:00,12055240.0,12118286.0,12054682.0,12114058.0,0.58886,7110867.40022,1721
2026-09-18T03:15:00+00:00,12114249.0,12150000.0,12112227.0,12149303.0,0.78595,9541217.06386,2338
2026-09-18T03:30:00+00:00,12150000.0,12158060.0,12136488.0,12152864.0,3.30447,40153722.13397,4393
2026-09-18T03:45:00+00:00,12152307.0,12168375.0,12148280.0,12150657.0,2.04488,24861549.44093,2758
2026-09-18T04:00:00+00:00,12150301.0,12155300.0,12117586.0,12132865.0,2.24297,27231045.60347,6478
2026-09-18T04:15:00+00:00,12132865.0,12154795.0,12120251.0,12137056.0,4.449742649542763,53994704.15442,3133
2026-09-18T04:30:00+00:00,12138084.0,12156441.0,12135000.0,12150464.0,4.714793084277113,57268155.1416,2327
2026-09-18T04:45:00+00:00,12150464.0,12175000.0,12150208.0,12175000.0,1.50862,18346352.13176,4456
2026-09-18T05:00:00+00:00,12175000.0,12200000.0,12169690.0,12188292.0,1.44111,17555077.44948,3872
2026-09-18T05:15:00+00:00,12188292.0,12196318.0,12175083.0,12191589.0,1.86395,22713014.22987,5457
2026-09-18T05:30:00+00:00,12191590.0,12216894.0,12189494.0,12191170.0,0.77572,9465158.28379,2233
2026-09-18T05:45:00+00:00,12189494.0,12207897.0,12167806.0,12178364.0,2.0097462851105474,24469027.46766,4056
2026-09-18T06:00:00+00:00,12178364.0,12201373.0,12178364.0,12189285.0,3.22037,39261931.50566,1934
2026-09-18T06:15:00+00:00,12189285.0,12214072.0,12183293.0,12183686.0,3.643907290126474,44455674.58715,2761
2026-09-18T06:30:00+00:00,12183686.0,12187481.0,12134529.0,12147748.0,1.660952565270004,20226217.44052,4550
2026-09-18T06:45:00+00:00,12148356.0,12161206.0,12132447.0,12142766.0,1.1344401713744507,13779525.82764,3293
2026-09-18T07:00:00+00:00,12171221.0,12200000.0,12167056.0,12184762.0,4.148970492143503,50561401.51413,1262
2026-09-18T07:15:00+00:00,12184762.0,12225000.0,12183576.0,12224426.0,0.19357,2362457.24847,665
2026-09-18T07:30:00+00:00,12224427.0,12258428.0,12224427.0,12255922.0,0.37428,4580291.26483,1155
2026-09-18T07:45:00+00:00,12250678.0,12259391.0,12236534.0,12246250.0,0.5076739528685499,6216212.73666,1219
2026-09-18T08:00:00+00:00,12246250.0,12275000.0,12239267.0,12268850.0,1.4017,17177219.07118,2282
2026-09-18T08:15:00+00:00,12268851.0,12302710.0,12268850.0,12298600.0,0.4130666354100791,5072352.24416,514
2026-09-18T08:30:00+00:00,12298600.0,12312000.0,12293815.0,12306154.0,2.186533634347787,26895702.9432,3951
2026-09-18T08:45:00+00:00,12306154.0,12325000.0,12301623.0,12325000.0,1.1386595354837483,14011735.90795,3229
2026-09-18T09:00:00+00:00,12335365.0,12370238.0,12335365.0,12367314.0,0.3327344345332554,4111206.0701445523,865
2026-09-18T09:15:00+00:00,12367314.0,12367315.0,12343142.0,12345482.0,0.40584238901052055,5014162.30009,972
2026-09-18T09:30:00+00:00,12343621.0,12345026.0,12319729.0,12327330.0,0.47848,5899314.67835,1432
2026-09-18T09:45:00+00:00,12327485.0,12367209.0,12323572.0,12352072.0,0.4411586087240864,5446771.51463,1002
2026-09-18T10:00:00+00:00,12352072.0,12354693.0,12336499.0,12347999.0,1.365525637032927,16857993.36965,3842
2026-09-18T10:15:00+00:00,12347999.0,12365617.0,12340786.0,12358028.0,0.5836263282026283,7208632.27852,1577
2026-09-18T10:30:00+00:00,12358028.0,12361743.0,12354626.0,12360714.0,0.54318,6712660.03339,1690
2026-09-18T10:45:00+00:00,12360714.0,12361632.0,12350749.0,12351146.0,0.819451790935048,10128614.1167,2426
2026-09-18T11:00:00+00:00,12350749.0,12375000.0,12313986.0,12323151.0,0.754423894934851,9308116.49278,2231
2026-09-18T11:15:00+00:00,12323151.0,12333178.0,12314944.0,12315526.0,1.11484,13737701.69044,3269
2026-09-18T11:30:00+00:00,12315526.0,12336677.0,12310740.0,12318480.0,0.7362648115023195,9071611.12268,2043
2026-09-18T11:45:00+00:00,12318480.0,12326662.0,12314837.0,12319074.0,1.14841,14148211.64527,3408
2026-09-18T12:00:00+00:00,12318808.0,12325368.0,12311909.0,12323439.0,0.86508,10654410.68802,2533
2026-09-18T12:15:00+00:00,12323439.0,12326663.0,12312073.0,12316267.0,0.78362,9653021.22217,2300
2026-09-18T12:30:00+00:00,12318630.0,12335422.0,12318630.0,12329699.0,0.5268051732096092,6495763.80556,1527
2026-09-18T12:45:00+00:00,12330030.0,12334882.0,12316813.0,12316813.0,0.6043544707923421,7450403.05306,1717
2026-09-18T13:00:00+00:00,12316813.0,12316813.0,12301954.0,12302913.0,0.20217,2487799.66173,654
2026-09-18T13:15:00+00:00,12304148.0,12312081.0,12303135.0,12312081.0,0.35965,4426925.06132,1080
2026-09-18T13:30:00+00:00,12321363.0,12490176.0,12321363.0,12490176.0,0.36153,4494669.159200213,683
2026-09-18T13:45:00+00:00,12498999.0,12697823.0,12498999.0,12618109.0,0.5862442566383229,7401436.88395,795
2026-09-18T14:00:00+00:00,12633762.0,12694812.0,12625949.0,12659984.0,0.7878059323733171,9970970.2427,2262
2026-09-18T14:15:00+00:00,12659984.0,12756558.0,12659984.0,12728260.0,0.46093,5861057.1891,766
2026-09-18T14:30:00+00:00,12721722.0,12731363.0,12685926.0,12731363.0,0.42233,5370926.5016,1262
2026-09-18T14:45:00+00:00,12735669.0,12750000.0,12700000.0,12725970.0,0.65148,8289590.90576,1760
2026-09-18T15:00:00+00:00,12730829.0,12736120.0,12627925.0,12667247.0,0.40756,5165988.74579,1298
2026-09-18T15:15:00+00:00,12667247.0,12720951.0,12667246.0,12682216.0,0.391,4962541.04254,1111
2026-09-18T15:30:00+00:00,12686320.0,12689114.0,12642781.0,12644002.0,0.4730537006344423,5988261.38149,1492
2026-09-18T15:45:00+00:00,12643392.0,12669732.0,12623881.0,12649928.0,0.34677,4386232.01996,1071
2026-09-18T16:00:00+00:00,12649860.0,12666429.0,12637922.0,12666429.0,0.23929,3027769.44907,775
2026-09-18T16:15:00+00:00,12666429.0,12700000.0,12666429.0,12693733.0,0.24343,3090691.72268,750
2026-09-18T16:30:00+00:00,12693733.0,12700771.0,12668863.0,12683688.0,0.41523,5266155.31546,1268
2026-09-18T16:45:00+00:00,12683263.0,12683680.0,12661228.0,12676955.0,0.55054,6977883.06054,1710
2026-09-18T17:00:00+00:00,12676955.0,12679442.0,12649309.0,12668862.0,0.3343,4234483.96441,1098
2026-09-18T17:15:00+00:00,12666854.0,12672656.0,12634995.0,12645194.0,0.41058,5195676.10663,1330
2026-09-18T17:30:00+00:00,12645076.0,12649603.0,12619575.0,12649603.0,0.60589,7655661.88414,1865
2026-09-18T17:45:00+00:00,12649300.0,12672656.0,12645937.0,12672656.0,0.8139,10305823.0142,2466
2026-09-18T18:00:00+00:00,12672656.0,12677189.0,12660024.0,12666231.0,0.73995,9374699.55175,2241
2026-09-18T18:15:00+00:00,12667131.0,12678608.0,12661510.0,12678608.0,0.80191,10160546.78514,2392
2026-09-18T18:30:00+00:00,12678608.0,12685771.0,12669460.0,12681505.0,0.38737,4910356.76547,1243
2026-09-18T18:45:00+00:00,12681505.0,12685448.0,12670397.0,12673410.0,0.39385,4994330.87022,1268
2026-09-18T19:00:00+00:00,12675286.0,12705320.0,12670166.0,12702384.0,0.81808,10377836.52862,2429
2026-09-18T19:15:00+00:00,12702384.0,12725000.0,12694547.0,12713263.0,0.32548,4136749.12749,1055
2026-09-18T19:30:00+00:00,12713264.0,12713291.0,12690744.0,12711068.0,0.5787222682955376,7350742.004951244,1780
2026-09-18T19:45:00+00:00,12721852.0,12721852.0,12703556.0,12710005.0,0.28059220675417385,3567447.43733,880
2026-09-18T20:00:00+00:00,12709800.0,12711070.0,12688238.0,12695308.0,0.40307,5117189.17695,1284
2026-09-18T20:15:00+00:00,12695308.0,12709104.0,12682689.0,12692079.0,0.37870365375072007,4809787.89397,1238
2026-09-18T20:30:00+00:00,12692182.0,12704146.0,12683833.0,12704146.0,0.29234478317125473,3709923.84025,990
2026-09-18T20:45:00+00:00,12704146.0,12710483.0,12694784.0,12704231.0,0.69142,8783641.81284,2117
2026-09-18T21:00:00+00:00,12704231.0,12721852.0,12704231.0,12721851.0,0.36689,4665494.78083,1201
2026-09-18T21:15:00+00:00,12721852.0,12721852.0,12704856.0,12716190.0,0.50265,6391240.48262,1545
2026-09-18T21:30:00+00:00,12716217.0,12721664.0,12716217.0,12720162.0,0.03072,390780.94936,177
2026-09-18T21:45:00+00:00,12720162.0,12721664.0,12715058.0,12721664.0,0.14483930303457157,1841918.64106,546
2026-09-18T22:00:00+00:00,12721664.0,12725000.0,12721663.0,12724280.0,0.25802,3283039.773929384,877
2026-09-18T22:15:00+00:00,12724280.0,12725000.0,12724280.0,12725000.0,0.023027878192534382,293025.41974,86
2026-09-18T22:30:00+00:00,12725000.0,12725000.0,12710000.0,12710451.0,0.06772,861343.73864,267
2026-09-18T22:45:00+00:00,12710451.0,12710452.0,12710451.0,12710451.0,0.00443,56307.30016,63
2026-09-18T23:00:00+00:00,12710506.0,12710506.0,12699736.0,12707893.0,0.12778,1623538.28973,448
2026-09-18T23:15:00+00:00,12707894.0,12710972.0,12686687.0,12686687.0,0.12535,1592276.32951,495
2026-09-18T23:30:00+00:00,12686686.0,12686686.0,12669865.0,12669977.0,0.10718,1358903.13996,410
2026-09-18T23:45:00+00:00,12669977.0,12674527.0,12665345.0,12668152.0,0.12517840716783316,1585968.63154,451
2026-09-19T00:00:00+00:00,12663162.0,12674527.0,12660464.0,12674284.0,0.52531,6655721.99525,1583
2026-09-19T00:15:00+00:00,12674527.0,12682119.0,12674386.0,12682118.0,0.30358,3849825.18479,813
2026-09-19T00:30:00+00:00,12682119.0,12715001.0,12682119.0,12715001.0,0.4085833710371605,5193728.637518597,1253
2026-09-19T00:45:00+00:00,12715001.0,12754548.0,12710234.0,12754548.0,0.2036221218074656,2590674.05491,666
2026-09-19T01:00:00+00:00,12754548.0,12768911.0,12709096.0,12711072.0,0.23554,3001878.17159,781
2026-09-19T01:15:00+00:00,12709410.0,12721017.0,12689842.0,12709371.0,0.3183,4045464.9059,1030
2026-09-19T01:30:00+00:00,12709372.0,12712164.0,12685633.0,12695998.0,0.59946,7612342.20408,1856
2026-09-19T01:45:00+00:00,12695998.0,12728024.0,12695418.0,12716399.0,0.37102,4716460.37174,1205
2026-09-19T02:00:00+00:00,12716399.0,12733122.0,12709737.0,12720588.0,0.7331839880188064,9322866.26483,1975
2026-09-19T02:15:00+00:00,12720588.0,12721681.0,12715746.0,12720622.0,0.44148,5615423.54373,1322
2026-09-19T02:30:00+00:00,12720622.0,12720623.0,12720622.0,12720623.0,0.00413,52536.17103,56
2026-09-19T02:45:00+00:00,12720623.0,12720623.0,12720623.0,12720623.0,0.0,0.0,0
2026-09-19T03:00:00+00:00,12720623.0,12723065.0,12720622.0,12720623.0,0.23403,2977230.53628,604
2026-09-19T03:15:00+00:00,12720622.0,12720623.0,12704967.0,12704967.0,0.07868,999772.90314,306
2026-09-19T03:30:00+00:00,12704967.0,12705476.0,12702634.0,12703836.0,0.06696,850646.62748,301
2026-09-19T03:45:00+00:00,12703812.0,12706469.0,12697428.0,12698252.0,0.72676,9232709.83797,2217
2026-09-19T04:00:00+00:00,12698252.0,12702802.0,12697609.0,12702441.0,0.61103,7760637.10736,1899
2026-09-19T04:15:00+00:00,12702441.0,12706020.0,12691728.0,12697802.0,0.93009,11808813.9803,2767
2026-09-19T04:30:00+00:00,12697802.0,12698107.0,12669272.0,12676026.0,0.33381,4233125.44994,1103
2026-09-19T04:45:00+00:00,12675800.0,12685492.0,12672196.0,12685099.0,1.15792,14681537.66573,3409
2026-09-19T05:00:00+00:00,12685099.0,12692931.0,12683178.0,12691266.0,0.53904,6838408.0342,1597
2026-09-19T05:15:00+00:00,12692931.0,12702290.0,12686554.0,12692933.0,0.69607,8834677.62583,2042
2026-09-19T05:30:00+00:00,12691652.0,12698752.0,12689548.0,12689853.0,0.9524053376194853,12089930.22095,2764
2026-09-19T05:45:00+00:00,12689853.0,12692574.0,12683327.0,12685998.0,0.68017,8630570.93418,2076
2026-09-19T06:00:00+00:00,12686012.0,12692388.0,12679529.0,12679529.0,1.05331,13362672.33777,3140
2026-09-19T06:15:00+00:00,12677960.0,12682510.0,12671430.0,12677632.0,0.72849,9234184.7845,2156
2026-09-19T06:30:00+00:00,12677632.0,12694403.0,12677632.0,12692964.0,1.53968,19538808.79793,4518
2026-09-19T06:45:00+00:00,12692964.0,12693792.0,12684834.0,12687512.0,1.13548,14408304.64652,3303
2026-09-19T07:00:00+00:00,12687284.0,12690000.0,12687284.0,12690000.0,0.86118,10927938.24604,2589
2026-09-19T07:15:00+00:00,12690000.0,12724983.0,12689999.0,12698226.0,0.27325211903113616,3471670.70985,578
2026-09-19T07:30:00+00:00,12698226.0,12701188.0,12689097.0,12691019.0,1.085617593943917,13782039.36177,3219
2026-09-19T07:45:00+00:00,12691019.0,12702205.0,12687217.0,12698276.0,1.03638,13153132.98113,3109
2026-09-19T08:00:00+00:00,12696241.0,12702205.0,12690457.0,12702205.0,0.48052,6100099.46533,1455
2026-09-19T08:15:00+00:00,12717733.0,12726978.0,12716258.0,12721828.0,0.52594,6689164.04251,1584
2026-09-19T08:30:00+00:00,12722736.0,12726978.0,12718504.0,12724238.0,0.9457057015165931,12033028.15552,2740
2026-09-19T08:45:00+00:00,12724238.0,12726000.0,12717856.0,12723085.0,1.21728,15488138.57199,3570
2026-09-19T09:00:00+00:00,12722162.0,12747454.0,12720390.0,12744391.0,0.60081,7645032.17841,1810
2026-09-19T09:15:00+00:00,12744391.0,12748620.0,12731049.0,12737932.0,0.5672435501037825,7228175.64441,1675
2026-09-19T09:30:00+00:00,12737932.0,12740746.0,12713921.0,12715774.0,0.358,4553775.1971,1169
2026-09-19T09:45:00+00:00,12716390.0,12728254.0,12714063.0,12725428.0,1.2926615294438109,16447819.24373,3847
2026-09-19T10:00:00+00:00,12725428.0,12726713.0,12717178.0,12721754.0,0.85833,10920758.81117,2594
2026-09-19T10:15:00+00:00,12721754.0,12724104.0,12717581.0,12723860.0,0.65929,8387321.43961,1989
2026-09-19T10:30:00+00:00,12723860.0,12732773.0,12711904.0,12717422.0,0.7091812516013124,9019976.30901,1622
2026-09-19T10:45:00+00:00,12717422.0,12725241.0,12712474.0,12712474.0,0.58924,7496587.8547,1834
2026-09-19T11:00:00+00:00,12712474.0,12742480.0,12712474.0,12725420.0,0.3780035974150235,4810900.58646,1059
2026-09-19T11:15:00+00:00,12725420.0,12732422.0,12720541.0,12721402.0,1.15396,14687976.8953,3440
2026-09-19T11:30:00+00:00,12721402.0,12725316.0,12714950.0,12722038.0,1.099,13978984.42917,3216
2026-09-19T11:45:00+00:00,12722038.0,12725608.0,12719720.0,12723952.0,1.35186,17199846.76908,3941
2026-09-19T12:00:00+00:00,12723952.0,12728767.0,12716758.0,12728767.0,0.82314,10473362.54159,2495
2026-09-19T12:15:00+00:00,12728840.0,12731768.0,12714650.0,12714651.0,0.5379478088210449,6846389.011,1649
2026-09-19T12:30:00+00:00,12713177.0,12722973.0,12713177.0,12722514.0,1.26148,16045209.02504,3694
2026-09-19T12:45:00+00:00,12724981.0,12730867.0,12722215.0,12729422.0,0.08098,1030541.27723,371
2026-09-19T13:00:00+00:00,12729422.0,12732467.0,12716922.0,12716922.0,0.7248627437605388,9225634.73482,2206
2026-09-19T13:15:00+00:00,12718216.0,12722766.0,12713233.0,12713256.0,0.23786,3025179.48983,837
2026-09-19T13:30:00+00:00,12713262.0,12720375.0,12711922.0,12717101.0,0.11279,1434457.6265,463
2026-09-19T13:45:00+00:00,12717101.0,12732183.0,12717100.0,12730518.0,0.10559208435126316,1343925.06537,426
2026-09-19T14:00:00+00:00,12730518.0,12740515.0,12727193.0,12732472.0,0.13012,1656773.44524,515
2026-09-19T14:15:00+00:00,12732472.0,12748941.0,12732472.0,12748941.0,0.06315,804277.03235,245
2026-09-19T14:30:00+00:00,12748941.0,12748941.0,12748940.0,12748941.0,0.00384,48955.93152,54
2026-09-19T14:45:00+00:00,12748941.0,12748941.0,12748941.0,12748941.0,0.0,0.0,0
2026-09-19T15:00:00+00:00,12751827.0,12773460.0,12751827.0,12773459.0,0.07361236237561569,939609.39624,339
2026-09-19T15:15:00+00:00,12773460.0,12774999.0,12758667.0,12758667.0,0.06665,851175.50724,319
2026-09-19T15:30:00+00:00,12758705.0,12796677.0,12758705.0,12796677.0,0.14000344358617475,1789328.96709,502
2026-09-19T15:45:00+00:00,12796677.0,12796677.0,12765307.0,12765308.0,0.09677,1236227.23259,212
2026-09-19T16:00:00+00:00,12765308.0,12779592.0,12745789.0,12779592.0,0.19062,2433327.03636,428
2026-09-19T16:15:00+00:00,12779592.0,12795753.0,12779591.0,12793261.0,0.06308,806714.48196,274
2026-09-19T16:30:00+00:00,12793261.0,12796677.0,12793261.0,12796677.0,0.18538,2372139.69014,588
2026-09-19T16:45:00+00:00,12796676.0,12796676.0,12796676.0,12796676.0,0.00329,42101.06404,2
2026-09-19T17:00:00+00:00,12796676.0,12796677.0,12786633.0,12786633.0,0.16735,2140691.54586,313
2026-09-19T17:15:00+00:00,12786633.0,12786634.0,12739005.0,12751929.0,0.26729,3409777.02044,882
2026-09-19T17:30:00+00:00,12751866.0,12764355.0,12746442.0,12750466.0,1.20111,15317288.89368,3502
2026-09-19T17:45:00+00:00,12750466.0,12751490.0,12743405.0,12748112.0,1.28006,16319371.27272,3724
2026-09-19T18:00:00+00:00,12748112.0,12759774.0,12732918.0,12741058.0,1.10969,14146734.09325,3224
2026-09-19T18:15:00+00:00,12740998.0,12750250.0,12737084.0,12742602.0,0.99703,12707157.52954,2961
2026-09-19T18:30:00+00:00,12742602.0,12751381.0,12739431.0,12750749.0,0.97905,12482204.78744,2831
2026-09-19T18:45:00+00:00,12750749.0,12751302.0,12742013.0,12746037.0,1.51251,19280255.1571,4377
2026-09-19T19:00:00+00:00,12746037.0,12751253.0,12736514.0,12741665.0,1.37821,17566208.4096,4028
2026-09-19T19:15:00+00:00,12741665.0,12749835.0,12739603.0,12743399.0,1.4821,18889676.65867,4300
2026-09-19T19:30:00+00:00,12743399.0,12745944.0,12735816.0,12735816.0,1.49864,19095061.1336,4343
2026-09-19T19:45:00+00:00,12735816.0,12743729.0,12735816.0,12735816.0,1.12549,14338892.45596,3336
2026-09-19T20:00:00+00:00,12740652.0,12744186.0,12739363.0,12741786.0,0.98515,12553568.63172,2848
2026-09-19T20:15:00+00:00,12741786.0,12743791.0,12730310.0,12730548.0,0.28175039251856476,3589860.20086,865
2026-09-19T20:30:00+00:00,12730549.0,12731276.0,12724362.0,12729978.0,0.64378,8194202.28122,2000
2026-09-19T20:45:00+00:00,12731276.0,12731276.0,12699358.0,12705874.0,0.5372,6829801.5185,1644
2026-09-19T21:00:00+00:00,12705874.0,12712365.0,12684722.0,12688361.0,0.80561,10235111.18279,2436
2026-09-19T21:15:00+00:00,12686764.0,12695967.0,12668028.0,12688926.0,0.96106,12190250.41322,2889
2026-09-19T21:30:00+00:00,12688926.0,12692596.0,12677063.0,12686759.0,0.61339,7780420.3452,1908
2026-09-19T21:45:00+00:00,12687412.0,12704471.0,12686012.0,12695416.0,0.9765736231577186,12396211.72944,2908
2026-09-19T22:00:00+00:00,12695416.0,12695444.0,12679167.0,12687323.0,0.45185,5732854.03775,1365
2026-09-19T22:15:00+00:00,12687027.0,12694543.0,12683463.0,12689650.0,1.35205824164272,17155263.8529,3904
2026-09-19T22:30:00+00:00,12689650.0,12704471.0,12687654.0,12704471.0,0.84316,10702432.79056,2512
2026-09-19T22:45:00+00:00,12704471.0,12704471.0,12703823.0,12704471.0,0.08986,1141603.41326,299
2026-09-19T23:00:00+00:00,12704471.0,12704471.0,12704471.0,12704471.0,0.0,0.0,0
2026-09-19T23:15:00+00:00,12704471.0,12712365.0,12704471.0,12712365.0,0.39103,4969397.57647,1168
2026-09-19T23:30:00+00:00,12712365.0,12725672.0,12712364.0,12725671.0,0.53751,6837707.84069,1683
2026-09-19T23:45:00+00:00,12725671.0,12734470.0,12722545.0,12725334.0,1.07938,13739326.80972,3172
2026-09-20T00:00:00+00:00,12725334.0,12726119.0,12716719.0,12723740.0,0.43031,5474681.58365,1380
2026-09-20T00:15:00+00:00,12723740.0,12724917.0,12712496.0,12724916.0,0.85562,10881349.71433,2572
2026-09-20T00:30:00+00:00,12724917.0,12731997.0,12716353.0,12729506.0,1.19844,15249222.39204,3604
2026-09-20T00:45:00+00:00,12729506.0,12730776.0,12723553.0,12723901.0,1.41551,18014267.02822,4159
2026-09-20T01:00:00+00:00,12723900.0,12725982.0,12709537.0,12709537.0,0.19004,2417734.97744,627
2026-09-20T01:15:00+00:00,12709537.0,12712119.0,12697122.0,12697122.0,0.02224,282546.04974,151
2026-09-20T01:30:00+00:00,12697122.0,12699405.0,12688919.0,12694477.0,0.48485,6155778.23717,1486
2026-09-20T01:45:00+00:00,12694477.0,12698704.0,12689266.0,12695818.0,0.46697,5928363.67415,1494
2026-09-20T02:00:00+00:00,12695818.0,12699353.0,12692090.0,12699353.0,1.02076,12961056.39893,3042
2026-09-20T02:15:00+00:00,12699353.0,12699353.0,12680000.0,12682477.0,0.34406,4364546.15757,1141
2026-09-20T02:30:00+00:00,12682477.0,12682840.0,12652773.0,12659525.0,0.47865,6065356.84288,1189
2026-09-20T02:45:00+00:00,12659525.0,12659526.0,12615900.0,12615900.0,0.21621,2732924.7784,414
2026-09-20T03:00:00+00:00,12615900.0,12618886.0,12575000.0,12576865.0,0.16931,2134729.73082,568
2026-09-20T03:15:00+00:00,12576830.0,12615911.0,12575000.0,12589889.0,0.9315890345837401,11737033.06243,2755
2026-09-20T03:30:00+00:00,12590092.0,12594090.0,12582204.0,12594090.0,0.29974,3772540.64363,954
2026-09-20T03:45:00+00:00,12594090.0,12617393.0,12593627.0,12610463.0,0.84688,10678897.88531,2533
2026-09-20T04:00:00+00:00,12612388.0,12617816.0,12596109.0,12599590.0,1.28197,16160558.28792,3722
2026-09-20T04:15:00+00:00,12599590.0,12611876.0,12584706.0,12594472.0,0.31329,3946260.72309,996
2026-09-20T04:30:00+00:00,12594473.0,12609455.0,12594473.0,12598894.0,1.04231,13136576.4897,3074
2026-09-20T04:45:00+00:00,12598894.0,12609455.0,12595801.0,12602974.0,0.48755,6144052.92114,1544
2026-09-20T05:00:00+00:00,12602974.0,12625551.0,12600661.0,12622473.0,0.54074,6816995.28446,1694
2026-09-20T05:15:00+00:00,12622473.0,12623930.0,12608053.0,12620760.0,0.4627,5837705.08675,1480
2026-09-20T05:30:00+00:00,12620156.0,12624954.0,12615874.0,12620113.0,0.54081,6825019.38735,1648
2026-09-20T05:45:00+00:00,12620113.0,12620989.0,12609681.0,12613419.0,1.41972,17910454.47916,4119
2026-09-20T06:00:00+00:00,12613419.0,12619419.0,12610190.0,12617369.0,0.83663,10552673.33892,2536
2026-09-20T06:15:00+00:00,12619375.0,12625918.0,12613631.0,12614968.0,0.8705,10983325.6543,2595
2026-09-20T06:30:00+00:00,12614968.0,12617363.0,12590530.0,12598185.0,0.68313,8615781.27783,1812
2026-09-20T06:45:00+00:00,12603186.0,12611709.0,12593587.0,12596016.0,0.4700190005099569,5923616.35007,1471
2026-09-20T07:00:00+00:00,12596281.0,12599858.0,12591784.0,12597012.0,1.25617,15822219.3222,3698
2026-09-20T07:15:00+00:00,12597012.0,12599068.0,12587589.0,12599068.0,0.57672,7264578.72761,1789
2026-09-20T07:30:00+00:00,12599068.0,12599068.0,12584177.0,12594758.0,1.3612,17140281.49425,3990
2026-09-20T07:45:00+00:00,12594062.0,12598126.0,12589536.0,12591287.0,0.93586,11785256.06534,2831
2026-09-20T08:00:00+00:00,12591287.0,12610332.0,12589713.0,12605258.0,1.3189,16623972.56597,3819
2026-09-20T08:15:00+00:00,12606508.0,12607964.0,12598803.0,12601056.0,1.5242,19209305.47762,4374
2026-09-20T08:30:00+00:00,12601110.0,12606120.0,12595028.0,12595028.0,1.2567969128121472,15834730.82901,3645
2026-09-20T08:45:00+00:00,12595028.0,12595029.0,12582046.0,12583698.0,0.60963,7671823.81891,1841
2026-09-20T09:00:00+00:00,12584260.0,12586398.0,12578570.0,12579040.0,1.39942,17608761.06305,4055
2026-09-20T09:15:00+00:00,12579040.0,12599578.0,12575921.0,12599082.0,1.95505,24612207.45458,5685
2026-09-20T09:30:00+00:00,12599082.0,12619474.0,12597718.0,12619474.0,1.25852,15868312.70143,3739
2026-09-20T09:45:00+00:00,12617276.0,12619474.0,12607858.0,12609607.0,2.5761,32486586.37416,7369
2026-09-20T10:00:00+00:00,12609607.0,12616910.0,12597593.0,12599412.0,1.54373,19469298.59194,4516
2026-09-20T10:15:00+00:00,12599567.0,12609843.0,12599566.0,12604116.0,0.02973,374722.87052,132
2026-09-20T10:30:00+00:00,12604116.0,12604116.0,12604116.0,12604116.0,8e-05,1008.32928,1
2026-09-20T10:45:00+00:00,12604117.0,12800000.0,12604116.0,12604117.0,0.7402131028865292,9353250.95107,561
2026-09-20T11:00:00+00:00,12604116.0,12605730.0,12604116.0,12604740.0,0.27423,3456577.35894,830
2026-09-20T11:15:00+00:00,12604740.0,12610748.0,12604116.0,12604116.0,0.80045,10090740.88453,2429
2026-09-20T11:30:00+00:00,12604471.0,12619792.0,12604116.0,12611824.0,1.98535,25038909.33706,5813
2026-09-20T11:45:00+00:00,12611673.0,12625726.0,12610411.0,12621036.0,2.21847,27991205.99723,6383
2026-09-20T12:00:00+00:00,12621036.0,12623606.0,12614493.0,12617690.0,2.27143,28667706.9176,6556
2026-09-20T12:15:00+00:00,12619374.0,12623120.0,12607444.0,12609968.0,2.56743,32386532.96755,7343
2026-09-20T12:30:00+00:00,12609968.0,12612996.0,12604268.0,12605728.0,2.79967,35299506.09093,7995
2026-09-20T12:45:00+00:00,12606182.0,12622487.0,12604270.0,12621653.0,2.25991,28502793.30672,6569
2026-09-20T13:00:00+00:00,12621654.0,12641053.0,12620252.0,12635710.0,0.71027,8967741.44575,2127
2026-09-20T13:15:00+00:00,12635710.0,12636848.0,12625366.0,12626582.0,1.66979,21091689.81189,4895
2026-09-20T13:30:00+00:00,12626582.0,12629486.0,12622415.0,12628581.0,1.97911,24988204.72507,5713
2026-09-20T13:45:00+00:00,12628581.0,12636555.0,12628580.0,12635018.0,1.82795,23094796.22175,5317
2026-09-20T14:00:00+00:00,12635384.0,12664397.0,12634297.0,12642768.0,1.51409,19145952.17518,4437
2026-09-20T14:15:00+00:00,12642768.0,12643241.0,12621204.0,12635446.0,0.9837899716898976,12430856.4618,2952
2026-09-20T14:30:00+00:00,12635446.0,12647633.0,12633903.0,12647622.0,0.78916,9974564.59509,2352
2026-09-20T14:45:00+00:00,12647622.0,12653900.0,12644548.0,12653900.0,1.38043,17462318.56466,3969
2026-09-20T15:00:00+00:00,12653900.0,12687764.0,12653900.0,12669413.0,0.73487,9314541.76392,2179
2026-09-20T15:15:00+00:00,12669413.0,12683128.0,12667874.0,12671526.0,0.32283,4091314.21412,1036
2026-09-20T15:30:00+00:00,12671526.0,12676076.0,12653867.0,12675981.0,1.06685,13508757.25764,3144
2026-09-20T15:45:00+00:00,12673197.0,12676076.0,12671121.0,12676076.0,0.35199116335686215,4460782.66272,1110
2026-09-20T16:00:00+00:00,12676076.0,12716301.0,12662512.0,12711069.0,1.0956776401536765,13896714.41767,3242
2026-09-20T16:15:00+00:00,12711424.0,12725000.0,12697049.0,12718298.0,1.96662,24997349.96337,5741
2026-09-20T16:30:00+00:00,12716561.0,12754549.0,12716561.0,12747551.0,0.29608,3769847.67201,980
2026-09-20T16:45:00+00:00,12749697.0,12754549.0,12726568.0,12736987.0,0.56706,7224141.40886,1738
2026-09-20T17:00:00+00:00,12738523.0,12754549.0,12731373.0,12731373.0,0.08912,1136228.21231,360
2026-09-20T17:15:00+00:00,12731373.0,12742929.0,12715453.0,12731251.0,0.8079535600416667,10287451.54282,2451
2026-09-20T17:30:00+00:00,12731251.0,12742930.0,12731251.0,12742856.0,0.6636128275845006,8454000.96492,2057
2026-09-20T17:45:00+00:00,12742856.0,12742930.0,12707133.0,12713872.0,0.83015,10571940.02229,2460
2026-09-20T18:00:00+00:00,12708843.0,12718422.0,12700000.0,12709782.0,0.83223,10578296.96791,2494
2026-09-20T18:15:00+00:00,12709782.0,12718422.0,12707088.0,12718422.0,0.44805,5695530.99712,1389
2026-09-20T18:30:00+00:00,12718422.0,12728678.0,12718412.0,12718758.0,1.19502,15200226.4852,3517
2026-09-20T18:45:00+00:00,12718709.0,12718782.0,12694719.0,12695683.0,2.04573,25999608.16034,5987
2026-09-20T19:00:00+00:00,12699970.0,12714866.0,12699488.0,12707526.0,2.1121635977824065,26843015.88872,6187
2026-09-20T19:15:00+00:00,12707526.0,12712957.0,12702552.0,12712259.0,3.12344,39693824.31251,8866
2026-09-20T19:30:00+00:00,12712259.0,12728127.0,12711924.0,12720142.0,0.78863,10033755.90398,2415
2026-09-20T19:45:00+00:00,12722279.0,12729948.0,12718449.0,12719904.0,1.68424,21431705.64633,4974
2026-09-20T20:00:00+00:00,12719904.0,12727388.0,12718143.0,12718143.0,2.3883,30383619.27107,6932
2026-09-20T20:15:00+00:00,12718143.0,12721182.0,12707817.0,12709695.0,1.78897,22742354.9839,5189
2026-09-20T20:30:00+00:00,12709696.0,12713331.0,12708267.0,12712154.0,1.53449,19505627.2053,4445
2026-09-20T20:45:00+00:00,12712154.0,12722135.0,12708387.0,12710581.0,2.25762,28698466.69727,6537
2026-09-20T21:00:00+00:00,12710581.0,12712399.0,12636786.0,12665947.0,1.1324233306849067,14367357.56478,3327
2026-09-20T21:15:00+00:00,12665947.0,12681193.0,12662002.0,12673370.0,2.31632,29351701.75692,6699
2026-09-20T21:30:00+00:00,12673370.0,12681192.0,12667664.0,12670007.0,2.53356,32121067.07132,7251
2026-09-20T21:45:00+00:00,12680703.0,12681132.0,12672310.0,12680839.0,1.71463,21738237.06087,4925
2026-09-20T22:00:00+00:00,12680839.0,12729948.0,12661533.0,12729948.0,0.36522,4629702.80329,1199
2026-09-20T22:15:00+00:00,12729948.0,12729948.0,12711544.0,12729923.0,1.19057,15146422.29254,3520
2026-09-20T22:30:00+00:00,12730600.0,12737725.0,12725710.0,12728527.0,1.31841,16784296.58288,3917
2026-09-20T22:45:00+00:00,12728527.0,12736414.0,12728527.0,12736198.0,0.5357,6822129.34807,1575
2026-09-20T23:00:00+00:00,12732531.0,12769059.0,12729000.0,12732793.0,1.077556933582968,13727805.78551,2857
2026-09-20T23:15:00+00:00,12732793.0,12749330.0,12732793.0,12736124.0,1.67472,21339063.86406,4892
2026-09-20T23:30:00+00:00,12736125.0,12760925.0,12733580.0,12759223.0,1.32363,16868766.04755,3895
2026-09-20T23:45:00+00:00,12758876.0,12764548.0,12744155.0,12744155.0,0.98912,12618651.75996,2955
2026-09-21T00:00:00+00:00,12744899.0,12779549.0,12744898.0,12779549.0,0.16183,2065679.08653,362
2026-09-21T00:15:00+00:00,12785028.0,12801226.0,12773668.0,12801225.0,0.5163775807496018,6605220.79449,986
2026-09-21T00:30:00+00:00,12801226.0,12812381.0,12777158.0,12798503.0,0.99549,12739083.474658836,2760
2026-09-21T00:45:00+00:00,12798503.0,12812381.0,12782266.0,12789134.0,1.03141,13193373.40988,2965
2026-09-21T01:00:00+00:00,12789134.0,12798079.0,12782159.0,12798079.0,0.39456720508992016,5044397.69582,1148
2026-09-21T01:15:00+00:00,12810682.0,12846349.0,12773000.0,12780005.0,0.3854,4933385.53651,941
2026-09-21T01:30:00+00:00,12780004.0,12797118.0,12742115.0,12757582.0,0.81081,10342040.63136,2474
2026-09-21T01:45:00+00:00,12757648.0,12762205.0,12669271.0,12693368.0,0.8941966800729216,11379720.73082,2680
2026-09-21T02:00:00+00:00,12693368.0,12743080.0,12684645.0,12743080.0,0.60283,7669467.60051,1880
2026-09-21T02:15:00+00:00,12744187.0,12768593.0,12735610.0,12764062.0,0.59906,7633929.27797,1838
2026-09-21T02:30:00+00:00,12764062.0,12764063.0,12720576.0,12739492.0,1.56953,19991038.37636,4553
2026-09-21T02:45:00+00:00,12740980.0,12758381.0,12740980.0,12749938.0,0.74673,9520527.66239,2233
2026-09-21T03:00:00+00:00,12749932.0,12793172.0,12748710.0,12757409.0,1.0252997729292477,13091487.76483,2645
2026-09-21T03:15:00+00:00,12757653.0,12788968.0,12757653.0,12774975.0,0.64646,8258702.91738,1979
2026-09-21T03:30:00+00:00,12774975.0,12785871.0,12773888.0,12780169.0,1.09816,14034825.31932,3284
2026-09-21T03:45:00+00:00,12780170.0,12780170.0,12770417.0,12777898.0,1.0137385577945317,12951172.1015,2960
2026-09-21T04:00:00+00:00,12777898.0,12780170.0,12765194.0,12765790.0,0.93685,11966679.62325,2809
2026-09-21T04:15:00+00:00,12765790.0,12773885.0,12756411.0,12760068.0,1.23785,15801585.19147,3703
2026-09-21T04:30:00+00:00,12760068.0,12760708.0,12750226.0,12758231.0,0.61043,7785583.49344,1860
2026-09-21T04:45:00+00:00,12758232.0,12776148.0,12758231.0,12772320.0,0.26673,3405746.89177,709
2026-09-21T05:00:00+00:00,12770517.0,12776516.0,12760558.0,12765834.0,2.74655,35066454.56464,7884
2026-09-21T05:15:00+00:00,12765834.0,12801123.0,12765834.0,12800000.0,1.3986892571426603,17866358.24363,3964
2026-09-21T05:30:00+00:00,12800000.0,12812000.0,12800000.0,12809037.0,0.44252,5666038.82986,1387
2026-09-21T05:45:00+00:00,12808021.0,12812000.0,12796399.0,12798517.0,1.4348,18366734.85171,4215
2026-09-21T06:00:00+00:00,12799351.0,12810674.0,12791214.0,12809194.0,0.39078,5005270.1416,1211
2026-09-21T06:15:00+00:00,12809194.0,12825000.0,12807916.0,12824350.0,0.14581,1868374.93397,506
2026-09-21T06:30:00+00:00,12824350.0,12827622.0,12777800.0,12780337.0,0.89612,11483941.97629,2699
2026-09-21T06:45:00+00:00,12775548.0,12824888.0,12775548.0,12823836.0,0.87805,11252972.42282,2645
2026-09-21T07:00:00+00:00,12824362.0,12829549.0,12805119.0,12813880.0,1.29175,16559980.29052,3800
2026-09-21T07:15:00+00:00,12813880.0,12825279.0,12809771.0,12816896.0,0.8394,10761812.17168,2598
2026-09-21T07:30:00+00:00,12817085.0,12817501.0,12798484.0,12810170.0,0.8414000378334995,10775667.76085,2562
2026-09-21T07:45:00+00:00,12810170.0,12829549.0,12807243.0,12829549.0,0.49632,6359346.08892,1584
2026-09-21T08:00:00+00:00,12829548.0,12865000.0,12829548.0,12855088.0,0.7319115552951072,9410667.39669,2197
2026-09-21T08:15:00+00:00,12855088.0,12900000.0,12854638.0,12900000.0,0.74514,9592149.61029,2146
2026-09-21T08:30:00+00:00,12900000.0,13170200.0,12899999.0,13115124.0,1.159233308535457,15159643.70517,2370
2026-09-21T08:45:00+00:00,13115124.0,13156406.0,13071224.0,13144596.0,1.39095,18274261.23907,3780
2026-09-21T09:00:00+00:00,13143420.0,13196766.0,13139911.0,13172680.0,1.174289724151521,15465061.14720422,3280
2026-09-21T09:15:00+00:00,13171290.0,13249997.0,13148278.0,13236009.0,1.018643412153032,13434533.28989,2236
2026-09-21T09:30:00+00:00,13236009.0,13366845.0,13230092.0,13339184.0,0.8341575805339092,11094416.57586,2311
2026-09-21T09:45:00+00:00,13339184.0,13352137.0,13280733.0,13280733.0,0.8140328381612069,10846278.78420408,2113
2026-09-21T10:00:00+00:00,13281000.0,13290000.0,13262126.0,13266228.0,0.6357,8435096.92604,1895
2026-09-21T10:15:00+00:00,13266228.0,13298512.0,13238777.0,13241131.0,0.9964262430482431,13224623.69174,2101
2026-09-21T10:30:00+00:00,13243285.0,13256868.0,13209827.0,13211999.0,1.39246,18423063.79633,3983
2026-09-21T10:45:00+00:00,13212000.0,13250341.0,13202204.0,13248097.0,1.2135176439421986,16039368.87225,3569
2026-09-21T11:00:00+00:00,13246011.0,13297579.0,13245909.0,13277066.0,0.7520069412631418,9974180.42675,2265
2026-09-21T11:15:00+00:00,13277068.0,13297218.0,13266710.0,13289485.0,0.54377,7225639.51296,1484
2026-09-21T11:30:00+00:00,13283462.0,13307626.0,13283462.0,13307626.0,0.28494148171163813,3786741.79046,339
2026-09-21T11:45:00+00:00,13307626.0,13329033.0,13307000.0,13323787.0,0.13211501234627962,1759735.94423,323
2026-09-21T12:00:00+00:00,13323852.0,13354549.0,13323852.0,13354549.0,0.32235,4300723.79997,1031
2026-09-21T12:15:00+00:00,13344744.0,13400000.0,13342860.0,13367338.0,0.73832,9869192.52355,2260
2026-09-21T12:30:00+00:00,13366335.0,13400000.0,13361495.0,13390069.0,0.79433,10631887.04226,2176
2026-09-21T12:45:00+00:00,13390070.0,13400213.0,13378177.0,13400213.0,0.54307,7270048.11303,1622
2026-09-21T13:00:00+00:00,13400213.0,13411111.0,13371653.0,13385622.0,0.97434,13051449.24902,2854
2026-09-21T13:15:00+00:00,13393113.0,13396057.0,13359807.0,13360723.0,0.19778068209784688,2647111.8431,710
2026-09-21T13:30:00+00:00,13357627.0,13378819.0,13355186.0,13368465.0,0.18116471799478884,2420636.103211735,540
2026-09-21T13:45:00+00:00,13368465.0,13470000.0,13365148.0,13436999.0,0.7880374610244989,10578764.93572,1545
2026-09-21T14:00:00+00:00,13437000.0,13439000.0,13370211.0,13411438.0,0.91626,12279622.98489,2464
2026-09-21T14:15:00+00:00,13410544.0,13465000.0,13400148.0,13464999.0,0.46563,6252477.51436,1321
2026-09-21T14:30:00+00:00,13465000.0,13499999.0,13442870.0,13481691.0,0.42502,5726251.98827,1291
2026-09-21T14:45:00+00:00,13481691.0,13563984.0,13480902.0,13498671.0,0.42998756796601945,5810982.27428,907
2026-09-21T15:00:00+00:00,13498671.0,13571615.0,13493203.0,13566677.0,1.5868543865769025,21484960.07843,4609
2026-09-21T15:15:00+00:00,13568308.0,13568308.0,13517398.0,13519173.0,0.7882526672054728,10680433.06303,1958
2026-09-21T15:30:00+00:00,13519173.0,13550000.0,13514413.0,13549999.0,0.3673,4971609.26813,1150
2026-09-21T15:45:00+00:00,13549999.0,13550000.0,13525703.0,13525703.0,0.70066,9488804.01816,2086
2026-09-21T16:00:00+00:00,13489369.0,13510164.0,13474468.0,13479432.0,1.37698,18572872.32364,3971
2026-09-21T16:15:00+00:00,13479432.0,13520207.0,13479432.0,13502841.0,2.15326,29058965.71659,6209
2026-09-21T16:30:00+00:00,13502105.0,13510212.0,13456827.0,13496538.0,1.81223,24442190.33045,5240
2026-09-21T16:45:00+00:00,13497718.0,13539322.0,13495178.0,13534379.0,0.48733,6583838.48538,1545
2026-09-21T17:00:00+00:00,13534379.0,13538929.0,13517613.0,13526871.0,1.02795,13908812.67476,3057
2026-09-21T17:15:00+00:00,13526870.0,13527801.0,13500000.0,13515500.0,0.38452639844647,5196053.1789,1256
2026-09-21T17:30:00+00:00,13515732.0,13521036.0,13502100.0,13509146.0,2.06324,27878744.30616,5992
2026-09-21T17:45:00+00:00,13509146.0,13513535.0,13490000.0,13513534.0,1.07245,14481010.18235,3187
2026-09-21T18:00:00+00:00,13513520.0,13521036.0,13508906.0,13520480.0,0.67916,9179521.75621,2118
2026-09-21T18:15:00+00:00,13520480.0,13521000.0,13506354.0,13508276.0,0.11246,1519794.63765,400
2026-09-21T18:30:00+00:00,13503014.0,13521000.0,13494069.0,13513550.0,0.66158,8936054.80297,2006
2026-09-21T18:45:00+00:00,13513550.0,13521000.0,13507550.0,13521000.0,0.5260793595148288,7111304.92039,1657
2026-09-21T19:00:00+00:00,13521000.0,13521000.0,13515676.0,13521000.0,0.03027,409275.13761,228
2026-09-21T19:15:00+00:00,13521000.0,13571000.0,13520896.0,13567312.0,0.5973406404851712,8089217.61119,1282
2026-09-21T19:30:00+00:00,13571000.0,13638167.0,13571000.0,13610878.0,0.28576,3888736.11617,853
2026-09-21T19:45:00+00:00,13610878.0,13610924.0,13584604.0,13584604.0,1.16825,15889311.00378,3486
2026-09-21T20:00:00+00:00,13588067.0,13619298.0,13588067.0,13619258.0,0.17893,2435224.44876,553
2026-09-21T20:15:00+00:00,13619258.0,13720707.0,13618865.0,13720707.0,0.13089202826578952,1787482.12588,195
2026-09-21T20:30:00+00:00,13701330.0,13701330.0,13648472.0,13654961.0,0.8419018956845795,11502158.42133,2508
2026-09-21T20:45:00+00:00,13654961.0,13670148.0,13641148.0,13655901.0,0.99266,13556953.72835,2953
2026-09-21T21:00:00+00:00,13655891.0,13655891.0,13598886.0,13601806.0,0.6977635500484693,9499177.87229,2074
2026-09-21T21:15:00+00:00,13601806.0,13616853.0,13589123.0,13599695.0,2.30079,31302448.65223,6592
2026-09-21T21:30:00+00:00,13627863.0,13633762.0,13624435.0,13626108.0,0.40207,5479844.52667,1254
2026-09-21T21:45:00+00:00,13626108.0,13626170.0,13602136.0,13603740.0,1.373537191090901,18694444.18031,3953
2026-09-21T22:00:00+00:00,13603740.0,13624786.0,13602658.0,13611284.0,0.7854307208675334,10693220.87995,2354
2026-09-21T22:15:00+00:00,13612652.0,13618039.0,13572057.0,13576122.0,0.68139,9271126.94461,2051
2026-09-21T22:30:00+00:00,13579664.0,13597089.0,13574076.0,13583288.0,1.846954056319702,25094932.50074,5365
2026-09-21T22:45:00+00:00,13583287.0,13583287.0,13572987.0,13582714.0,0.79023,10729605.04639,2370
2026-09-21T23:00:00+00:00,13582714.0,13606227.0,13576092.0,13606143.0,0.68179,9261131.930592593,2049
2026-09-21T23:15:00+00:00,13606144.0,13606227.0,13592471.0,13600202.0,1.66779,22676646.54624,4873
2026-09-21T23:30:00+00:00,13600202.0,13600203.0,13578128.0,13586418.0,0.66912,9091227.99226,2032
2026-09-21T23:45:00+00:00,13586418.0,13606227.0,13583073.0,13604947.0,2.03009,27599882.66288,5900
2026-09-22T00:00:00+00:00,13604947.0,13606227.0,13565498.0,13570674.0,0.34901,4742642.73394,1089
2026-09-22T00:15:00+00:00,13570674.0,13570674.0,13554332.0,13565069.0,0.24209,3283419.20622,766
2026-09-22T00:30:00+00:00,13564598.0,13569561.0,13520201.0,13549924.0,0.39666,5375829.37428,1238
2026-09-22T00:45:00+00:00,13549924.0,13553786.0,13491837.0,13496059.0,0.824210779895635,11157648.37428,2475
2026-09-22T01:00:00+00:00,13494525.0,13506595.0,13460000.0,13461393.0,0.3230194383185142,4355361.51389,1009
2026-09-22T01:15:00+00:00,13461393.0,13476600.0,13421916.0,13468075.0,0.9183,12360729.48022,2699
2026-09-22T01:30:00+00:00,13468076.0,13476600.0,13464749.0,13465325.0,0.19243,2591271.73808,702
2026-09-22T01:45:00+00:00,13465327.0,13476600.0,13447994.0,13458742.0,1.12236,15114430.2246,3332
2026-09-22T02:00:00+00:00,13458742.0,13462905.0,13422019.0,13451944.0,1.71665,23084871.03348,5007
2026-09-22T02:15:00+00:00,13448859.0,13476600.0,13434753.0,13468844.0,0.51226,6894564.55819,1600
2026-09-22T02:30:00+00:00,13470210.0,13482261.0,13462343.0,13477241.0,0.95963,12926165.40988,2736
2026-09-22T02:45:00+00:00,13477241.0,13517935.0,13476715.0,13478783.0,0.4056296997398617,5472199.15737,1045
2026-09-22T03:00:00+00:00,13477200.0,13480931.0,13444343.0,13447890.0,0.48683,6555957.26205,1517
2026-09-22T03:15:00+00:00,13450077.0,13460017.0,13420000.0,13456430.0,1.072310201633475,14410038.86541,2745
2026-09-22T03:30:00+00:00,13455994.0,13455994.0,13424050.0,13437085.0,0.42022,5648354.95623,1332
2026-09-22T03:45:00+00:00,13436356.0,13469761.0,13434506.0,13469761.0,1.7542,23584951.92677,5160
2026-09-22T04:00:00+00:00,13466334.0,13472458.0,13456382.0,13462828.0,1.47219,19820749.78154,4298
2026-09-22T04:15:00+00:00,13462828.0,13462828.0,13441430.0,13451734.0,1.19475,16071230.61471,3576
2026-09-22T04:30:00+00:00,13451734.0,13464749.0,13443185.0,13455000.0,1.6166850650562439,21743888.66629,4743
2026-09-22T04:45:00+00:00,13455000.0,13455001.0,13433322.0,13435981.0,1.57022,21109136.02041,4563
2026-09-22T05:00:00+00:00,13435981.0,13445424.0,13422580.0,13433816.0,1.3088,17581952.945,3880
2026-09-22T05:15:00+00:00,13430197.0,13435788.0,13400157.0,13410624.0,0.34707,4657265.68584,1139
2026-09-22T05:30:00+00:00,13410624.0,13441335.0,13400001.0,13440692.0,1.815824556770992,24377118.01241,5069
2026-09-22T05:45:00+00:00,13440692.0,13445144.0,13426377.0,13430273.0,0.27971,3760390.43281,866
2026-09-22T06:00:00+00:00,13430985.0,13443648.0,13424488.0,13438404.0,1.21715,16347484.68629,3601
2026-09-22T06:15:00+00:00,13438404.0,13442131.0,13421456.0,13434840.0,1.234964392966413,16587371.36604,3695
2026-09-22T06:30:00+00:00,13434840.0,13459550.0,13434763.0,13458421.0,0.44803,6025950.89287,1423
2026-09-22T06:45:00+00:00,13458421.0,13459550.0,13443352.0,13443739.0,2.3960897940115546,32230437.67086,6964
2026-09-22T07:00:00+00:00,13443739.0,13470981.0,13437546.0,13463960.0,1.40196,18862036.22758,4137
2026-09-22T07:15:00+00:00,13463960.0,13467066.0,13433628.0,13447355.0,1.17187,15761248.3335,3472
2026-09-22T07:30:00+00:00,13447355.0,13452161.0,13430148.0,13433116.0,1.69424,22770662.05802,4887
2026-09-22T07:45:00+00:00,13433116.0,13444038.0,13431288.0,13443765.0,2.67209,35911424.37086,7684
2026-09-22T08:00:00+00:00,13444038.0,13468336.0,13441152.0,13468336.0,0.44624,6006776.36096,1388
2026-09-22T08:15:00+00:00,13468336.0,13469887.0,13455311.0,13460758.0,0.32828,4418635.23203,997
2026-09-22T08:30:00+00:00,13460758.0,13509651.0,13449622.0,13497517.0,0.22498,3029757.66939,664
2026-09-22T08:45:00+00:00,13513952.0,13540478.0,13513952.0,13540477.0,0.7125289811328117,9641550.76993,2132
2026-09-22T09:00:00+00:00,13540478.0,13540478.0,13466896.0,13506890.0,1.63119,22012893.83731,4794
2026-09-22T09:15:00+00:00,13505495.0,13515036.0,13488269.0,13497744.0,2.68848,36299503.52347,7733
2026-09-22T09:30:00+00:00,13497744.0,13512104.0,13494675.0,13507952.0,1.39394,18821336.63231,4096
2026-09-22T09:45:00+00:00,13507952.0,13531539.0,13505388.0,13522778.0,1.99211,26917122.07509,5749
2026-09-22T10:00:00+00:00,13521107.0,13521474.0,13510931.0,13511738.0,0.7417781829511076,10024869.70559,2131
2026-09-22T10:15:00+00:00,13511738.0,13518089.0,13494675.0,13494675.0,1.3997878868173592,18904440.62738,3992
2026-09-22T10:30:00+00:00,13494675.0,13498666.0,13477624.0,13480640.0,1.41464,19079701.71853,4180
2026-09-22T10:45:00+00:00,13480640.0,13503031.0,13472502.0,13492682.0,2.1105703870427313,28457905.65724,5942
2026-09-22T11:00:00+00:00,13492682.0,13509844.0,13492682.0,13508837.0,0.82206,11101386.59875,2501
2026-09-22T11:15:00+00:00,13508837.0,13515664.0,13499696.0,13499696.0,0.7285,9843808.97273,2224
2026-09-22T11:30:00+00:00,13499696.0,13524302.0,13492030.0,13524302.0,1.3735844770561838,18553207.10781,3958
2026-09-22T11:45:00+00:00,13524302.0,13531522.0,13511457.0,13515015.0,1.0375777862386804,14025751.10387,2976
2026-09-22T12:00:00+00:00,13515015.0,13516007.0,13505669.0,13507782.0,0.5800700844229103,7837690.97406,1844
2026-09-22T12:15:00+00:00,13507782.0,13523388.0,13502819.0,13523372.0,0.22479,3036682.93971,795
2026-09-22T12:30:00+00:00,13523380.0,13532782.0,13517609.0,13521919.0,0.69146,9353126.83329,2085
2026-09-22T12:45:00+00:00,13521741.0,13532782.0,13519754.0,13525143.0,0.8301051175922062,11228430.33158,2276
2026-09-22T13:00:00+00:00,13525143.0,13540478.0,13524298.0,13532595.0,0.9280100464292774,12557773.78955,2752
2026-09-22T13:15:00+00:00,13532595.0,13538909.0,13492000.0,13498152.0,0.60268,8143818.21067,1852
2026-09-22T13:30:00+00:00,13498690.0,13533533.0,13470288.0,13504361.0,0.78198,10557429.43494,2346
2026-09-22T13:45:00+00:00,13503360.0,13553786.0,13496544.0,13553786.0,0.14025,1894775.53507,477
2026-09-22T14:00:00+00:00,13553786.0,13569562.0,13531822.0,13560932.0,0.16839053849885247,2279406.10404,614
2026-09-22T14:15:00+00:00,13563774.0,13569562.0,13510120.0,13510120.0,0.43991841780128116,5956442.922,1411
2026-09-22T14:30:00+00:00,13505200.0,13511522.0,13434506.0,13498988.0,0.91471,12331894.05936,2634
2026-09-22T14:45:00+00:00,13498988.0,13533940.0,13497243.0,13533940.0,0.67494,9120371.78912,2055
2026-09-22T15:00:00+00:00,13533939.0,13561870.0,13533939.0,13561263.0,0.42794,5800425.97379,1380
2026-09-22T15:15:00+00:00,13561263.0,13561870.0,13543991.0,13561773.0,1.35388,18349436.43968,4008
2026-09-22T15:30:00+00:00,13561093.0,13600000.0,13556760.0,13600000.0,0.9763487471961143,13243597.10609,2791
2026-09-22T15:45:00+00:00,13600000.0,13615361.0,13587293.0,13601255.0,1.24645,16947405.33304,3618
2026-09-22T16:00:00+00:00,13601802.0,13605309.0,13578754.0,13578755.0,0.54855,7455414.55236,1693
2026-09-22T16:15:00+00:00,13578754.0,13579046.0,13551005.0,13553927.0,0.80757,10953894.89445,2369
2026-09-22T16:30:00+00:00,13551005.0,13583303.0,13548168.0,13570884.0,1.67327,22697229.30052,4930
2026-09-22T16:45:00+00:00,13570884.0,13611186.0,13567208.0,13605403.0,0.99818,13561412.35769,2987
2026-09-22T17:00:00+00:00,13605403.0,13618039.0,13598582.0,13603658.0,0.99491,13538708.61532,2968
2026-09-22T17:15:00+00:00,13603658.0,13616868.0,13584783.0,13615170.0,0.98571,13413618.45439,2864
2026-09-22T17:30:00+00:00,13615170.0,13618039.0,13598003.0,13606292.0,1.55799,21204553.12037,4559
2026-09-22T17:45:00+00:00,13606293.0,13623702.0,13594759.0,13623196.0,0.93526,12725799.85035,2769
2026-09-22T18:00:00+00:00,13623196.0,13623910.0,13608188.0,13609576.0,0.78187,10642292.97691,2357
2026-09-22T18:15:00+00:00,13609576.0,13626013.0,13582565.0,13582908.0,1.11688,15210454.98183,3294
2026-09-22T18:30:00+00:00,13582908.0,13602162.0,13573234.0,13592299.0,1.874582089453155,25479024.21879,5431
2026-09-22T18:45:00+00:00,13591980.0,13615896.0,13591076.0,13607767.0,1.02853,13989047.78441,3051
2026-09-22T19:00:00+00:00,13607767.0,13612317.0,13598888.0,13605110.0,1.4012,19065108.73262,4132
2026-09-22T19:15:00+00:00,13605110.0,13612317.0,13600140.0,13612316.0,2.16995,29527394.85453,6214
2026-09-22T19:30:00+00:00,13600861.0,13600861.0,13566526.0,13585572.0,0.78446,10655002.60249,2344
2026-09-22T19:45:00+00:00,13585572.0,13586451.0,13553562.0,13564388.0,2.55846,34719951.07011,7349
2026-09-22T20:00:00+00:00,13562436.0,13570587.0,13552645.0,13563152.0,1.47185,19965732.48511,4280
2026-09-22T20:15:00+00:00,13563152.0,13586451.0,13559159.0,13579406.0,2.5506921140272962,34613341.95606,7360
2026-09-22T20:30:00+00:00,13579406.0,13580609.0,13574299.0,13575622.0,1.79767,24408624.29851,5133
2026-09-22T20:45:00+00:00,13577491.0,13578724.0,13563361.0,13574836.0,3.01539,40919930.42161,8613
2026-09-22T21:00:00+00:00,13572404.0,13579532.0,13566783.0,13572367.0,2.05643,27913383.20821,5897
2026-09-22T21:15:00+00:00,13572367.0,13577558.0,13567062.0,13574333.0,2.71699,36877919.91677,7799
2026-09-22T21:30:00+00:00,13574333.0,13579532.0,13563420.0,13566838.0,3.0864315464450467,41890003.90421,8798
2026-09-22T21:45:00+00:00,13566838.0,13578206.0,13564559.0,13568194.0,1.97766,26842316.32302,5758
2026-09-22T22:00:00+00:00,13568194.0,13568356.0,13541627.0,13550833.0,1.17909983280635,15981132.35005,3533
2026-09-22T22:15:00+00:00,13551464.0,13572744.0,13548522.0,13566768.0,1.74175,23632262.49296,5149
2026-09-22T22:30:00+00:00,13566768.0,13576306.0,13564074.0,13568914.0,2.8102,38135850.56764,8023
2026-09-22T22:45:00+00:00,13568914.0,13576306.0,13558146.0,13559646.0,2.88304,39117582.86635,8241
2026-09-22T23:00:00+00:00,13559646.0,13596257.0,13558335.0,13585779.0,0.94245,12784969.378728306,2801
2026-09-22T23:15:00+00:00,13586865.0,13598699.0,13570783.0,13577823.0,0.56164,7633192.00752,1745
2026-09-22T23:30:00+00:00,13577823.0,13583095.0,13558539.0,13564073.0,1.87734,25467311.5865,5461
2026-09-22T23:45:00+00:00,13564073.0,13574920.0,13556270.0,13568003.0,2.5858373810678996,35084356.03121,7417
2026-09-23T00:00:00+00:00,13565619.0,13574920.0,13562975.0,13574920.0,0.5635,7645364.79877,1684
2026-09-23T00:15:00+00:00,13574920.0,13595441.0,13574919.0,13595441.0,0.0081,109992.71717,70
2026-09-23T00:30:00+00:00,13595441.0,13610821.0,13595441.0,13599347.0,0.84647,11515118.3254,2509
2026-09-23T00:45:00+00:00,13598851.0,13599677.0,13598356.0,13599094.0,0.42024536800466267,5714818.1726,1342
2026-09-23T01:00:00+00:00,13599094.0,13644195.0,13599093.0,13644195.0,0.05462463199533734,743293.48931,115
2026-09-23T01:15:00+00:00,13651412.0,13658738.0,13640536.0,13649609.0,0.94021,12832994.71226,2361
2026-09-23T01:30:00+00:00,13648712.0,13651386.0,13590430.0,13592182.0,2.40518,32762438.2566,6949
2026-09-23T01:45:00+00:00,13592182.0,13597960.0,13573991.0,13590770.0,1.99942,27166323.37505,5755
2026-09-23T02:00:00+00:00,13599999.0,13599999.0,13599999.0,13599999.0,0.0001,1359.9999,1
2026-09-23T02:15:00+00:00,13599999.0,13638141.0,13599999.0,13632501.0,0.81465,11105407.13529,2368
2026-09-23T02:30:00+00:00,13632501.0,13635265.0,13621490.0,13625278.0,2.54883,34744414.84157,7319
2026-09-23T02:45:00+00:00,13626874.0,13628517.0,13617804.0,13628516.0,2.77184,37763116.06383,7914
2026-09-23T03:00:00+00:00,13620208.0,13628029.0,13615429.0,13626826.0,1.64516,22409977.10461,4729
2026-09-23T03:15:00+00:00,13628517.0,13646222.0,13628517.0,13646221.0,0.00453,61782.0267,63
2026-09-23T03:30:00+00:00,13648734.0,13679013.0,13647085.0,13670198.0,0.64505,8814171.55794,1896
2026-09-23T03:45:00+00:00,13671533.0,13671566.0,13650000.0,13658811.0,1.31815,18005987.29342,3885
2026-09-23T04:00:00+00:00,13658752.0,13675719.0,13658514.0,13673772.0,0.55697,7612274.55688,1729
2026-09-23T04:15:00+00:00,13673932.0,13710000.0,13673672.0,13710000.0,0.43822,5997009.26905,1307
2026-09-23T04:30:00+00:00,13710000.0,13730387.0,13709999.0,13728813.0,0.13162,1806737.81946,282
2026-09-23T04:45:00+00:00,13728802.0,13732377.0,13725083.0,13730413.0,0.07388,1014205.90303,267
2026-09-23T05:00:00+00:00,13730413.0,13731047.0,13696757.0,13701918.0,0.10305,1413317.25402,391
2026-09-23T05:15:00+00:00,13696989.0,13696989.0,13670602.0,13679790.0,0.76037,10403434.96845,2243
2026-09-23T05:30:00+00:00,13678452.0,13682613.0,13662925.0,13666231.0,2.01054,27487892.34735,5849
2026-09-23T05:45:00+00:00,13666231.0,13671442.0,13619724.0,13631406.0,1.7707407303421328,24170367.1546,5049
2026-09-23T06:00:00+00:00,13631406.0,13644655.0,13622766.0,13644655.0,2.22763,30380583.4591,6426
2026-09-23T06:15:00+00:00,13644655.0,13651728.0,13641024.0,13642008.0,1.7122,23361999.62018,4978
2026-09-23T06:30:00+00:00,13642008.0,13648529.0,13632196.0,13647104.0,1.56473,21346693.5807,4625
2026-09-23T06:45:00+00:00,13647104.0,13650830.0,13632731.0,13639685.0,2.45724,33517351.8882,7125
2026-09-23T07:00:00+00:00,13639420.0,13639795.0,13621818.0,13627154.0,1.19225,16251884.18154,3523
2026-09-23T07:15:00+00:00,13627154.0,13632944.0,13617541.0,13628271.0,2.65663,36202443.92995,7633
2026-09-23T07:30:00+00:00,13618173.0,13619190.0,13600570.0,13608330.0,0.80387,10939231.4769,2333
2026-09-23T07:45:00+00:00,13599956.0,13605288.0,13589642.0,13589642.0,1.1075635081044402,15060785.16918,3116
2026-09-23T08:00:00+00:00,13589642.0,13610180.0,13582669.0,13605702.0,1.7341336098525222,23582526.13661,4892
2026-09-23T08:15:00+00:00,13605702.0,13620120.0,13599132.0,13602861.0,2.38079,32410701.09891,6875
2026-09-23T08:30:00+00:00,13602861.0,13612279.0,13592197.0,13598200.0,0.76964,10472760.42427,2272
2026-09-23T08:45:00+00:00,13597720.0,13598502.0,13537030.0,13569018.0,0.97573,13240539.85585,2883
2026-09-23T09:00:00+00:00,13569018.0,13580673.0,13562703.0,13574035.0,2.28272,30984310.55552,6618
2026-09-23T09:15:00+00:00,13574035.0,13579221.0,13560000.0,13560000.0,1.8298,24830738.4783,4929
2026-09-23T09:30:00+00:00,13560000.0,13582891.0,13545927.0,13548194.0,2.1363287045011257,28956223.69749,5797
2026-09-23T09:45:00+00:00,13548194.0,13564550.0,13535510.0,13553186.0,2.05844,27895242.49441,5967
2026-09-23T10:00:00+00:00,13553186.0,13564547.0,13542942.0,13548603.0,2.5231688228093914,34187837.99452,7232
2026-09-23T10:15:00+00:00,13548603.0,13563677.0,13528144.0,13540205.0,0.963484249594708,13052715.9129,2371
2026-09-23T10:30:00+00:00,13540205.0,13563916.0,13532330.0,13549278.0,0.22485556664756698,3045419.14041,702
2026-09-23T10:45:00+00:00,13549278.0,13553195.0,13543131.0,13553195.0,1.12067,15183090.37169,3326
2026-09-23T11:00:00+00:00,13553195.0,13562796.0,13535845.0,13545257.0,0.5823534890106731,7890757.59269,1730
2026-09-23T11:15:00+00:00,13545257.0,13546634.0,13505155.0,13510703.0,0.82669,11181916.23727,2550
2026-09-23T11:30:00+00:00,13510703.0,13524986.0,13501169.0,13505032.0,2.7663,37372220.26711,7888
2026-09-23T11:45:00+00:00,13505032.0,13530814.0,13504440.0,13530287.0,2.05416,27777942.70004,5964
2026-09-23T12:00:00+00:00,13530287.0,13530886.0,13501298.0,13503346.0,1.2883708589520675,17408981.0435,3791
2026-09-23T12:15:00+00:00,13503346.0,13508571.0,13470001.0,13500700.0,1.57973,21323549.58488,4646
2026-09-23T12:30:00+00:00,13500700.0,13516057.0,13499977.0,13506524.0,1.4066099153928409,19004693.77096,4131
2026-09-23T12:45:00+00:00,13506524.0,13515870.0,13498438.0,13504657.0,2.13126,28786333.77235,6140
2026-09-23T13:00:00+00:00,13504657.0,13506556.0,13481821.0,13486978.0,1.4754,19911971.54052,4312
2026-09-23T13:15:00+00:00,13486978.0,13506627.0,13485994.0,13504462.0,1.7649678303300145,23824238.08288,4822
2026-09-23T13:30:00+00:00,13504444.0,13545522.0,13498794.0,13545522.0,0.26027,3517436.04623,842
2026-09-23T13:45:00+00:00,13545521.0,13564550.0,13531414.0,13563750.0,0.43268872200073966,5858333.11412,1393
2026-09-23T14:00:00+00:00,13564550.0,13583824.0,13394750.0,13419380.0,0.40812402186040125,5518453.7004,1104
2026-09-23T14:15:00+00:00,13419380.0,13433323.0,13310000.0,13310000.0,0.61236,8170963.92039,1368
2026-09-23T14:30:00+00:00,13310000.0,13373295.0,13290000.0,13348047.0,1.51468,20229700.38431,3960
2026-09-23T14:45:00+00:00,13348047.0,13383894.0,13331838.0,13378548.0,1.6798299987250023,22432838.76777,4916
2026-09-23T15:00:00+00:00,13378548.0,13409568.0,13366768.0,13404407.0,1.35885,18200137.142,4006
2026-09-23T15:15:00+00:00,13404407.0,13426710.0,13382724.0,13388276.0,1.6295723952412202,21837862.10006,4818
2026-09-23T15:30:00+00:00,13388276.0,13394934.0,13364564.0,13373757.0,0.69228,9257151.94559,2058
2026-09-23T15:45:00+00:00,13354700.0,13354700.0,13290547.0,13298370.0,0.77631,10341506.25465,2327
2026-09-23T16:00:00+00:00,13298370.0,13345325.0,13240000.0,13345179.0,0.53535,7132158.32446,1488
2026-09-23T16:15:00+00:00,13347401.0,13358405.0,13328882.0,13339440.0,0.70558,9417385.49928,2122
2026-09-23T16:30:00+00:00,13339439.0,13350006.0,13284900.0,13311162.0,1.66867,22228297.89983,4898
2026-09-23T16:45:00+00:00,13311162.0,13318796.0,13271483.0,13299988.0,1.76921,23520146.64254,5201
2026-09-23T17:00:00+00:00,13300000.0,13322438.0,13253370.0,13263060.0,0.20075766917293233,2666557.6984566916,728
2026-09-23T17:15:00+00:00,13259291.0,13325472.0,13259291.0,13302264.0,1.42314,18925863.97657,4229
2026-09-23T17:30:00+00:00,13302008.0,13321250.0,13297971.0,13321073.0,1.0397508196907366,13838081.52468,3148
2026-09-23T17:45:00+00:00,13321073.0,13346668.0,13321072.0,13339413.0,1.27334,16987134.29681,3676
2026-09-23T18:00:00+00:00,13335480.0,13346668.0,13334077.0,13334357.0,0.10419,1389771.35715,360
2026-09-23T18:15:00+00:00,13336269.0,13338841.0,13322940.0,13323397.0,0.9084,12109668.20679,2698
2026-09-23T18:30:00+00:00,13323397.0,13329813.0,13313779.0,13326205.0,1.90932,25433519.69924,5563
2026-09-23T18:45:00+00:00,13329812.0,13351130.0,13329812.0,13346748.0,0.33308,4445673.78264,1036
2026-09-23T19:00:00+00:00,13346748.0,13359250.0,13337088.0,13359250.0,1.29715,17313286.30472,3907
2026-09-23T19:15:00+00:00,13359250.0,13372659.0,13350302.0,13357142.0,1.02282,13665586.80977,3054
2026-09-23T19:30:00+00:00,13357142.0,13365958.0,13353260.0,13363492.0,3.0073,40184933.61834,8618
2026-09-23T19:45:00+00:00,13363904.0,13378132.0,13360472.0,13377644.0,1.41236,18887327.63372,4163
2026-09-23T20:00:00+00:00,13377644.0,13378307.0,13345412.0,13355057.0,1.11476,14895376.11951,3357
2026-09-23T20:15:00+00:00,13355765.0,13363558.0,13352136.0,13352136.0,1.87916,25103486.18456,5423
2026-09-23T20:30:00+00:00,13353602.0,13370568.0,13352518.0,13364793.0,1.31442,17562949.84418,3933
2026-09-23T20:45:00+00:00,13365939.0,13368959.0,13350101.0,13352002.0,0.95719,12789416.40048,2824
2026-09-23T21:00:00+00:00,13348200.0,13356551.0,13342804.0,13356128.0,1.73542,23170679.26327,5014
2026-09-23T21:15:00+00:00,13356128.0,13356551.0,13348818.0,13356551.0,1.44056,19238628.3251,4179
2026-09-23T21:30:00+00:00,13356551.0,13370776.0,13356551.0,13370776.0,0.9926845636291475,13271440.10405,2905
2026-09-23T21:45:00+00:00,13370776.0,13378200.0,13370775.0,13372304.0,1.65011,22067545.33063,4831
2026-09-23T22:00:00+00:00,13371270.0,13399802.0,13370777.0,13397890.0,0.4401,5895608.80172,1287
2026-09-23T22:15:00+00:00,13397889.0,13397890.0,13374282.0,13374793.0,1.673301836472907,22397082.6218,4913
2026-09-23T22:30:00+00:00,13374793.0,13378472.0,13367256.0,13375456.0,1.9757049135443314,26423720.61021,5714
2026-09-23T22:45:00+00:00,13375456.0,13392976.0,13375004.0,13384141.0,2.6337,35257440.72988,7545
2026-09-23T23:00:00+00:00,13384983.0,13387035.0,13376108.0,13381457.0,1.38632,18551367.44416,4018
2026-09-23T23:15:00+00:00,13380784.0,13387194.0,13379261.0,13386520.0,0.28456567978635033,3808358.98765,855
2026-09-23T23:30:00+00:00,13386520.0,13392243.0,13375452.0,13379340.0,2.48134,33210749.24579,7168
2026-09-23T23:45:00+00:00,13379340.0,13384005.0,13356598.0,13359362.0,2.66692,35647460.05264,7649
2026-09-24T00:00:00+00:00,13359362.0,13397921.0,13357537.0,13367000.0,0.6073070625278355,8118725.95639,1467
2026-09-24T00:15:00+00:00,13367000.0,13372422.0,13360000.0,13360001.0,0.57268,7655843.03105,1698
2026-09-24T00:30:00+00:00,13360000.0,13362407.0,13349823.0,13350570.0,0.05537,739292.14673,296
2026-09-24T00:45:00+00:00,13350570.0,13353433.0,13310000.0,13328464.0,1.44286,19250647.71656,4208
2026-09-24T01:00:00+00:00,13328463.0,13336862.0,13310000.0,13310000.0,0.72582,9671505.02237,2216
2026-09-24T01:15:00+00:00,13310000.0,13323982.0,13300000.0,13300070.0,0.99126,13192188.07927,2971
2026-09-24T01:30:00+00:00,13316560.0,13329836.0,13280000.0,13285875.0,0.35143,4680028.89393,1071
2026-09-24T01:45:00+00:00,13280000.0,13285598.0,13280000.0,13280001.0,0.1587774726984135,2109125.61731,462
2026-09-24T02:00:00+00:00,13280000.0,13280001.0,13230000.0,13247960.0,0.07482,991138.20628,273
2026-09-24T02:15:00+00:00,13251811.0,13290210.0,13251811.0,13271778.0,0.70479,9354356.7865,2165
2026-09-24T02:30:00+00:00,13271861.0,13311466.0,13269437.0,13309544.0,2.741270793865782,36443117.8931,2417
2026-09-24T02:45:00+00:00,13309544.0,13320566.0,13309543.0,13312244.0,2.912600565499655,38784201.13575,3901
2026-09-24T03:00:00+00:00,13312892.0,13329976.0,13206262.0,13308594.0,2.71187,36077614.2966,6408
2026-09-24T03:15:00+00:00,13308594.0,13313035.0,13259430.0,13272789.0,1.1275803898707009,14975578.79771,3346
2026-09-24T03:30:00+00:00,13272789.0,13274002.0,13246565.0,13272591.0,1.56763,20792640.55314,4545
2026-09-24T03:45:00+00:00,13272591.0,13275964.0,13185490.0,13260394.0,4.509971281295936,59833970.56138,2299
2026-09-24T04:00:00+00:00,13264228.0,13267772.0,13241523.0,13252707.0,2.75371,36494611.63933,4048
2026-09-24T04:15:00+00:00,13252707.0,13272300.0,13246340.0,13264974.0,3.3854633159996985,44900879.36476,3189
2026-09-24T04:30:00+00:00,13266953.0,13270001.0,13250821.0,13267914.0,6.91145,91694500.06103,3867
2026-09-24T04:45:00+00:00,13269406.0,13278059.0,13249898.0,13275520.0,4.15891293896006,55158307.40873,4544
2026-09-24T05:00:00+00:00,13275547.0,13323626.0,13273060.0,13313279.0,1.7784,23658241.20239,3157
2026-09-24T05:15:00+00:00,13313277.0,13324583.0,13297582.0,13319462.0,7.495217282561666,99800931.98926,3305
2026-09-24T05:30:00+00:00,13319462.0,13320028.0,13314063.0,13320000.0,1.32366,17628414.32693,3842
2026-09-24T05:45:00+00:00,13320000.0,13350000.0,13302688.0,13308510.0,1.69878,22639135.11168,4475
2026-09-24T06:00:00+00:00,13306748.0,13324514.0,13292145.0,13322674.0,1.01854,13553868.15747,2537
2026-09-24T06:15:00+00:00,13322674.0,13359637.0,13319874.0,13358656.0,3.05604,40769803.058,3232
2026-09-24T06:30:00+00:00,13356480.0,13370386.0,13344857.0,13365923.0,2.99046,39952940.79215,2202
2026-09-24T06:45:00+00:00,13365924.0,13367275.0,13334341.0,13334341.0,0.4471494943629536,5966349.78582,1187
2026-09-24T07:00:00+00:00,13334341.0,13350006.0,13309806.0,13346986.0,2.11716,28232841.79879,1883
2026-09-24T07:15:00+00:00,13346986.0,13398029.0,13341279.0,13390241.0,1.3917919216960204,18594976.1848,1298
2026-09-24T07:30:00+00:00,13390241.0,13412322.0,13387163.0,13397562.0,6.18933,82940698.62125,2192
2026-09-24T07:45:00+00:00,13397562.0,13425461.0,13386557.0,13415224.0,9.639808628313325,129251267.05391,4501
2026-09-24T08:00:00+00:00,13415224.0,13415224.0,13368536.0,13368536.0,1.41236,18938338.08169,3766
2026-09-24T08:15:00+00:00,13368536.0,13377074.0,13284067.0,13284067.0,0.28098,3752153.44645,750
2026-09-24T08:30:00+00:00,13281214.0,13312648.0,13261444.0,13290216.0,3.1010797512869983,41216060.39167,4209
2026-09-24T08:45:00+00:00,13285894.0,13295872.0,13224463.0,13259465.0,1.431573602497583,18997230.68685,1779
2026-09-24T09:00:00+00:00,13265587.0,13279762.0,13242344.0,13242344.0,0.74714,9908212.50674,1843
2026-09-24T09:15:00+00:00,13242344.0,13253886.0,13228254.0,13229506.0,0.19107,2530342.93084,667
2026-09-24T09:30:00+00:00,13229506.0,13248245.0,13171753.0,13215845.0,0.22611337084065164,2988350.8438999997,428
2026-09-24T09:45:00+00:00,13194732.0,13224916.0,13194732.0,13224657.0,0.40387808163947087,5337767.27295,1212
2026-09-24T10:00:00+00:00,13239093.0,13241382.0,13209978.0,13231431.0,0.1661,2197471.37594,555
2026-09-24T10:15:00+00:00,13231431.0,13240881.0,13212807.0,13225149.0,1.05346,13935445.70856,3063
2026-09-24T10:30:00+00:00,13227470.0,13250928.0,13211747.0,13245804.0,0.86408,11428110.44566,2608
2026-09-24T10:45:00+00:00,13246141.0,13273964.0,13243588.0,13261397.0,1.0422342775354878,13820857.25771,3095
2026-09-24T11:00:00+00:00,13261397.0,13280318.0,13261397.0,13267109.0,0.43392,5758697.79488,1374
2026-09-24T11:15:00+00:00,13266855.0,13274638.0,13262613.0,13270966.0,0.5625466324723883,7465333.22956,1687
2026-09-24T11:30:00+00:00,13266732.0,13268917.0,13253753.0,13261269.0,0.2680192802248325,3554390.9121499998,717
2026-09-24T11:45:00+00:00,13261269.0,13275736.0,13253311.0,13265262.0,1.23505,16379831.99654,3675
2026-09-24T12:00:00+00:00,13265262.0,13285987.0,13249634.0,13271865.0,1.1622,15423669.84918,3474
2026-09-24T12:15:00+00:00,13271865.0,13288204.0,13263652.0,13270164.0,1.44694,19205350.10745,4273
2026-09-24T12:30:00+00:00,13270164.0,13276769.0,13242050.0,13258153.0,1.67061,22147805.08207,4938
2026-09-24T12:45:00+00:00,13258153.0,13284952.0,13250816.0,13280356.0,0.78179,10363385.03347,2334
2026-09-24T13:00:00+00:00,13294661.0,13300000.0,13285252.0,13300000.0,1.28107,17028282.62595,3733
2026-09-24T13:15:00+00:00,13300000.0,13325000.0,13298704.0,13309831.0,0.62208,8280975.78392,1933
2026-09-24T13:30:00+00:00,13309830.0,13394124.0,13308248.0,13329374.0,0.35066872363210627,4681144.13455,1138
2026-09-24T13:45:00+00:00,13329912.0,13374455.0,13314951.0,13374094.0,1.71497,22899414.97476,4984
2026-09-24T14:00:00+00:00,13374094.0,13388165.0,13355092.0,13373818.0,0.92041,12306449.57997,2692
2026-09-24T14:15:00+00:00,13374000.0,13473762.0,13374000.0,13471298.0,0.44759,6011717.813,865
2026-09-24T14:30:00+00:00,13466104.0,13472958.0,13408619.0,13414711.0,0.50056,6723056.09924,1554
2026-09-24T14:45:00+00:00,13405933.0,13405933.0,13252721.0,13293738.0,1.11639,14840646.68675,2832
2026-09-24T15:00:00+00:00,13291613.0,13333839.0,13267451.0,13331886.0,1.20298,16011066.01357,3530
2026-09-24T15:15:00+00:00,13331886.0,13391566.0,13330365.0,13374935.0,1.5033,20097243.27555,4355
2026-09-24T15:30:00+00:00,13387651.0,13419854.0,13387651.0,13409475.0,0.55941,7498444.02332,1701
2026-09-24T15:45:00+00:00,13414625.0,13414626.0,13393383.0,13409442.0,1.11175,14905710.88092,3302
2026-09-24T16:00:00+00:00,13409442.0,13410889.0,13353736.0,13376968.0,0.81129,10855055.35217,2427
2026-09-24T16:15:00+00:00,13376968.0,13450405.0,13376968.0,13433007.0,0.83883,11263593.811,2457
2026-09-24T16:30:00+00:00,13433007.0,13469003.0,13412895.0,13421119.0,0.48118,6462365.84164,1480
2026-09-24T16:45:00+00:00,13418370.0,13445002.0,13408077.0,13414971.0,0.49835,6689806.9098,1450
2026-09-24T17:00:00+00:00,13420463.0,13420463.0,13391720.0,13404079.0,0.53878,7221805.59932,1590
2026-09-24T17:15:00+00:00,13396849.0,13399369.0,13377650.0,13395964.0,1.18994,15929125.09128,3451
2026-09-24T17:30:00+00:00,13395964.0,13411590.0,13366322.0,13374512.0,1.6343323815991027,21876995.38509,4791
2026-09-24T17:45:00+00:00,13374512.0,13382884.0,13350536.0,13360362.0,2.73969,36631013.63925,7848
2026-09-24T18:00:00+00:00,13360362.0,13385964.0,13340302.0,13385964.0,1.65197,22078202.70769,4857
2026-09-24T18:15:00+00:00,13385964.0,13417642.0,13383736.0,13410722.0,2.09399,28069047.35013,6085
2026-09-24T18:30:00+00:00,13409096.0,13420161.0,13381850.0,13408883.0,1.70809,22897036.25169,4978
2026-09-24T18:45:00+00:00,13407961.0,13424872.0,13401082.0,13417187.0,2.53822367908093,34048518.8692,7238
2026-09-24T19:00:00+00:00,13416216.0,13425013.0,13389242.0,13425012.0,1.93913,26006685.58953,5610
2026-09-24T19:15:00+00:00,13425012.0,13444536.0,13425012.0,13443523.0,0.06919,930044.86711,222
2026-09-24T19:30:00+00:00,13443523.0,13443769.0,13413370.0,13415048.0,1.18308,15893346.51272,3562
2026-09-24T19:45:00+00:00,13423220.0,13431888.0,13405699.0,13408582.0,0.79892,10728116.25866,2333
2026-09-24T20:00:00+00:00,13402405.0,13412152.0,13394289.0,13394289.0,0.68191,9143575.77698,2040
2026-09-24T20:15:00+00:00,13394289.0,13397297.0,13383081.0,13393006.0,0.48272,6464262.52297,1532
2026-09-24T20:30:00+00:00,13393006.0,13412152.0,13384342.0,13408423.0,2.59868,34816590.05225,7445
2026-09-24T20:45:00+00:00,13408423.0,13421804.0,13385155.0,13401720.0,0.90422,12121696.86475,2698
2026-09-24T21:00:00+00:00,13401720.0,13407358.0,13392841.0,13405449.0,0.41965,5624380.06849,1331
2026-09-24T21:15:00+00:00,13403224.0,13412676.0,13403224.0,13408468.0,0.82014,10997822.1517,2444
2026-09-24T21:30:00+00:00,13408468.0,13412677.0,13408468.0,13412398.0,1.22146,16382445.16447,3611
2026-09-24T21:45:00+00:00,13412491.0,13412664.0,13410010.0,13410010.0,0.19442,2607625.45809,679
2026-09-24T22:00:00+00:00,13410010.0,13410011.0,13385499.0,13390616.0,0.43331,5803530.40219,1393
2026-09-24T22:15:00+00:00,13390616.0,13390648.0,13331933.0,13355570.0,1.25198,16732227.25096,3722
2026-09-24T22:30:00+00:00,13355571.0,13366575.0,13348153.0,13355122.0,1.52773,20405228.05352,4449
2026-09-24T22:45:00+00:00,13355122.0,13376490.0,13351416.0,13376490.0,1.29475,17306148.14726,3783
2026-09-24T23:00:00+00:00,13376490.0,13390055.0,13371890.0,13379264.0,1.411541285348083,18890814.31803,4174
2026-09-24T23:15:00+00:00,13377346.0,13399981.0,13377281.0,13399918.0,1.77801,23810036.2606,5198
2026-09-24T23:30:00+00:00,13399918.0,13408576.0,13397386.0,13397386.0,2.45328,32885589.96682,7024
2026-09-24T23:45:00+00:00,13397316.0,13400727.0,13390860.0,13399283.0,0.85799,11494099.02465,2550
2026-09-25T00:00:00+00:00,13399283.0,13429935.0,13397474.0,13429935.0,0.85194,11417636.38261,2594
2026-09-25T00:15:00+00:00,13429938.0,13433835.0,13420288.0,13433335.0,1.09899,14757957.92893,3227
2026-09-25T00:30:00+00:00,13432476.0,13433981.0,13409880.0,13421065.0,0.96815,12996297.16761,2963
2026-09-25T00:45:00+00:00,13421064.0,13432766.0,13410269.0,13414048.0,1.4283744603114503,19172369.91203,4243
2026-09-25T01:00:00+00:00,13414048.0,13434484.0,13412455.0,13430343.0,1.68157,22580141.74873,4873
2026-09-25T01:15:00+00:00,13430343.0,13434480.0,13411841.0,13418188.0,1.09793,14743666.49463,3255
2026-09-25T01:30:00+00:00,13418188.0,13418188.0,13384840.0,13401048.0,1.8922,25350232.30476,5468
2026-09-25T01:45:00+00:00,13401048.0,13423592.0,13398777.0,13417852.0,1.87607,25158804.77268,5520
2026-09-25T02:00:00+00:00,13417852.0,13445003.0,13410536.0,13435660.0,0.99508,13366179.67772,2988
2026-09-25T02:15:00+00:00,13435660.0,13443608.0,13411764.0,13418691.0,0.36479,4900117.84642,1109
2026-09-25T02:30:00+00:00,13418691.0,13429003.0,13377405.0,13386108.0,2.09874,28132127.13974,5932
2026-09-25T02:45:00+00:00,13388355.0,13388355.0,13339792.0,13349312.0,2.69009,35932221.94113,7748
2026-09-25T03:00:00+00:00,13349312.0,13365460.0,13343056.0,13353918.0,3.00295,40100304.16788,8524
2026-09-25T03:15:00+00:00,13353918.0,13365587.0,13341046.0,13341053.0,0.4136556051262075,5524950.35089,1207
2026-09-25T03:30:00+00:00,13341066.0,13369265.0,13331238.0,13340258.0,1.36995,18295597.46442,3991
2026-09-25T03:45:00+00:00,13340257.0,13344772.0,13333997.0,13342813.0,1.6679149711469785,22248791.88809,4894
2026-09-25T04:00:00+00:00,13343798.0,13345104.0,13320000.0,13326107.0,1.49285,19904509.04647,4416
2026-09-25T04:15:00+00:00,13325193.0,13338382.0,13321450.0,13333366.0,2.307355045014778,30756478.41292,6822
2026-09-25T04:30:00+00:00,13333366.0,13358456.0,13329618.0,13356580.0,1.7237497383696336,23007892.2016,4570
2026-09-25T04:45:00+00:00,13356580.0,13360465.0,13342563.0,13353227.0,2.76767,36951165.58391,6010
2026-09-25T05:00:00+00:00,13353811.0,13364212.0,13335142.0,13335142.0,2.5245694359468085,33701700.86438,2459
2026-09-25T05:15:00+00:00,13335142.0,13352478.0,13327962.0,13331585.0,8.26168251352821,110215121.9332,2120
2026-09-25T05:30:00+00:00,13331585.0,13350550.0,13320000.0,13340408.0,0.65119,8688760.47955,2027
2026-09-25T05:45:00+00:00,13340409.0,13346010.0,13334081.0,13334081.0,0.26267,3504492.59918,907
2026-09-25T06:00:00+00:00,13334081.0,13336662.0,13300000.0,13310140.0,0.39813,5307673.2109,1264
2026-09-25T06:15:00+00:00,13309830.0,13327580.0,13300000.0,13312434.0,1.67396,22287359.61414,4945
2026-09-25T06:30:00+00:00,13312434.0,13312785.0,13290000.0,13296694.0,0.77219,10275662.16087,2196
2026-09-25T06:45:00+00:00,13296694.0,13326946.0,13293612.0,13297196.0,6.5815,87631486.74701,3146
2026-09-25T07:00:00+00:00,13297360.0,13298299.0,13270000.0,13270000.0,0.19657,2611406.73172,662
2026-09-25T07:15:00+00:00,13270000.0,13296974.0,13258452.0,13296974.0,1.7979715896640396,23873940.75493,3184
2026-09-25T07:30:00+00:00,13296972.0,13305812.0,13266081.0,13275703.0,2.9162,38773005.14373,1521
2026-09-25T07:45:00+00:00,13275703.0,13301866.0,13275702.0,13296129.0,0.06737,895554.08741,246
2026-09-25T08:00:00+00:00,13296129.0,13315527.0,13296128.0,13310001.0,0.0641,852932.37769,295
2026-09-25T08:15:00+00:00,13331988.0,13374480.0,13331988.0,13374388.0,0.08793,1174978.43616,317
2026-09-25T08:30:00+00:00,13371178.0,13372136.0,13351539.0,13352757.0,0.30506380966210195,4077621.89006,801
2026-09-25T08:45:00+00:00,13352757.0,13360568.0,13346185.0,13356266.0,0.09292162845835128,1240977.8977,366
2026-09-25T09:00:00+00:00,13356266.0,13397948.0,13356087.0,13378243.0,0.64639,8644214.24949,1898
2026-09-25T09:15:00+00:00,13366568.0,13400000.0,13359890.0,13399504.0,0.29347,3926654.82023,926
2026-09-25T09:30:00+00:00,13399504.0,13404628.0,13371402.0,13376410.0,1.117565780081456,14961392.88493,3007
2026-09-25T09:45:00+00:00,13376410.0,13395357.0,13371410.0,13374607.0,1.2305347182863917,16465112.02076,3526
2026-09-25T10:00:00+00:00,13374607.0,13377138.0,13337298.0,13349673.0,0.38896967718945946,5193178.01093,883
2026-09-25T10:15:00+00:00,13349673.0,13387131.0,13342698.0,13384224.0,0.5048,6740997.29908,1592
2026-09-25T10:30:00+00:00,13384224.0,13400021.0,13372314.0,13384248.0,0.25170091450212495,3368023.88669,809
2026-09-25T10:45:00+00:00,13384269.0,13407215.0,13379466.0,13388966.0,0.14039823712910018,1880040.92473,403
2026-09-25T11:00:00+00:00,13381535.0,13435929.0,13381535.0,13435929.0,0.28069,3766855.02376,884
2026-09-25T11:15:00+00:00,13435929.0,13435929.0,13386714.0,13401490.0,0.6033454328959394,8095604.67574,1758
2026-09-25T11:30:00+00:00,13402074.0,13405456.0,13364257.0,13364257.0,0.2875842361850423,3850998.65702,928
2026-09-25T11:45:00+00:00,13364824.0,13371818.0,13337623.0,13340460.0,0.66136,8831299.23849,2007
2026-09-25T12:00:00+00:00,13348219.0,13355918.0,13293359.0,13312002.0,0.22683,3027604.68426,735
2026-09-25T12:15:00+00:00,13302193.0,13322558.0,13250000.0,13318816.0,0.7257,9648845.41036,2165
2026-09-25T12:30:00+00:00,13320197.0,13346350.0,13318614.0,13330321.0,1.017539951862525,13568796.76486,2975
2026-09-25T12:45:00+00:00,13320000.0,13331057.0,13314637.0,13315272.0,0.3563821958049753,4748399.7809,1103
2026-09-25T13:00:00+00:00,13316458.0,13327124.0,13290272.0,13295376.0,0.47302,6294659.61867,1447
2026-09-25T13:15:00+00:00,13293820.0,13319207.0,13230000.0,13230000.0,0.19665,2612273.87153,638
2026-09-25T13:30:00+00:00,13230000.0,13254695.0,13190000.0,13204591.0,0.2337710005778062,3090767.87581,701
2026-09-25T13:45:00+00:00,13206651.0,13210000.0,13150000.0,13189380.0,0.18648,2460403.04202,478
2026-09-25T14:00:00+00:00,13189382.0,13200307.0,13110000.0,13145013.0,0.51628,6785007.78068,1328
2026-09-25T14:15:00+00:00,13147898.0,13192666.0,13131650.0,13175650.0,0.40801413945055853,5373574.67943,1271
2026-09-25T14:30:00+00:00,13176374.0,13222410.0,13176374.0,13189446.0,0.60688,8015704.97298,1821
2026-09-25T14:45:00+00:00,13189446.0,13214419.0,13159308.0,13210030.0,0.21413,2825024.39674,741
2026-09-25T15:00:00+00:00,13206369.0,13239534.0,13186693.0,13232291.0,0.83795,11071044.88937,2450
2026-09-25T15:15:00+00:00,13231678.0,13235312.0,13185147.0,13193427.0,1.2280226666360414,16222529.30228,3548
2026-09-25T15:30:00+00:00,13193427.0,13211167.0,13150000.0,13150000.0,0.48988852926333837,6455849.59625,1499
2026-09-25T15:45:00+00:00,13150000.0,13180055.0,13140000.0,13177808.0,0.4029,5301488.95707,1292
2026-09-25T16:00:00+00:00,13178876.0,13210292.0,13176814.0,13206262.0,0.29361,3875588.2093,933
2026-09-25T16:15:00+00:00,13208414.0,13226662.0,13203671.0,13205140.0,1.26771,16750991.0405,3633
2026-09-25T16:30:00+00:00,13206518.0,13225004.0,13190421.0,13197563.0,1.09424,14449376.45679,3172
2026-09-25T16:45:00+00:00,13197182.0,13202894.0,13173286.0,13180000.0,1.11615,14722863.70782,3292
2026-09-25T17:00:00+00:00,13180000.0,13216675.0,13180000.0,13214375.0,0.80805,10669350.71244,2414
2026-09-25T17:15:00+00:00,13214375.0,13222055.0,13180000.0,13180000.0,1.1533,15232109.24993,3362
2026-09-25T17:30:00+00:00,13180000.0,13196906.0,13180000.0,13191644.0,0.81574,10758187.65009,2424
2026-09-25T17:45:00+00:00,13191644.0,13192115.0,13174835.0,13183160.0,0.4897,6455853.71351,1531
2026-09-25T18:00:00+00:00,13183160.0,13224826.0,13183160.0,13218796.0,1.04112,13750239.80195,3075
2026-09-25T18:15:00+00:00,13219194.0,13231844.0,13202194.0,13208936.0,0.93583,12370664.09756,2809
2026-09-25T18:30:00+00:00,13208936.0,13214238.0,13196342.0,13206604.0,1.0591,13988010.449,3197
2026-09-25T18:45:00+00:00,13206604.0,13211394.0,13196877.0,13203120.0,1.08227,14289676.88456,3245
2026-09-25T19:00:00+00:00,13203120.0,13210201.0,13198836.0,13205428.0,0.53242,7030309.99231,1589
2026-09-25T19:15:00+00:00,13205944.0,13218792.0,13201835.0,13209904.0,0.53902,7121672.88059,1633
2026-09-25T19:30:00+00:00,13212535.0,13220808.0,13203607.0,13208994.0,0.76676,10131172.98465,2354
2026-09-25T19:45:00+00:00,13208438.0,13224781.0,13208438.0,13222857.0,0.5257,6949567.19662,1655
2026-09-25T20:00:00+00:00,13221670.0,13221724.0,13207279.0,13216815.0,0.56711,7493081.03035,1758
2026-09-25T20:15:00+00:00,13212834.0,13233224.0,13212285.0,13225686.0,1.28269,16960216.2681,3792
2026-09-25T20:30:00+00:00,13225686.0,13246783.0,13222802.0,13235450.0,1.50149,19864030.62706,4356
2026-09-25T20:45:00+00:00,13235450.0,13236791.0,13194802.0,13203170.0,1.0503479972624594,13884674.50777,3133
2026-09-25T21:00:00+00:00,13203170.0,13206418.0,13170000.0,13173445.0,1.10699,14597049.03561,3257
2026-09-25T21:15:00+00:00,13175246.0,13186415.0,13170000.0,13185934.0,0.33887,4465580.56008,1117
2026-09-25T21:30:00+00:00,13185933.0,13193076.0,13174299.0,13190966.0,0.8656674280675346,11415637.61611,2512
2026-09-25T21:45:00+00:00,13190966.0,13201586.0,13184791.0,13189328.0,0.80236,10587055.94296,2435
2026-09-25T22:00:00+00:00,13189328.0,13206572.0,13182556.0,13205572.0,0.83974,11083876.12678,2534
2026-09-25T22:15:00+00:00,13206156.0,13213589.0,13199029.0,13203342.0,0.25027377959505337,3305139.4076,812
2026-09-25T22:30:00+00:00,13202674.0,13235381.0,13202666.0,13229584.0,0.76327,10093482.99196,2322
2026-09-25T22:45:00+00:00,13229584.0,13240235.0,13227836.0,13231361.0,0.60281,7977452.10419,1882
2026-09-25T23:00:00+00:00,13230516.0,13237690.0,13227941.0,13230091.0,1.0515948264354438,13917621.26941,3162
2026-09-25T23:15:00+00:00,13230091.0,13236285.0,13222091.0,13234843.0,1.48415,19636992.92884,4328
2026-09-25T23:30:00+00:00,13236200.0,13236880.0,13228667.0,13229272.0,1.42583,18865509.32737,4111
2026-09-25T23:45:00+00:00,13229272.0,13229842.0,13227645.0,13227645.0,0.9508,12578495.82196,2683
2026-09-26T00:00:00+00:00,13229999.0,13230000.0,13225095.0,13229968.0,0.4823877928977924,6381019.77265,1472
2026-09-26T00:15:00+00:00,13229968.0,13232426.0,13207881.0,13210890.0,1.34747,17823239.87551,3942
2026-09-26T00:30:00+00:00,13210890.0,13214031.0,13188084.0,13199122.0,0.98582,13011054.35005,2966
2026-09-26T00:45:00+00:00,13198238.0,13209784.0,13197757.0,13202003.0,0.86916,11475898.14967,2583
2026-09-26T01:00:00+00:00,13202003.0,13212186.0,13198382.0,13205905.0,0.52627,6950000.05568,1594
2026-09-26T01:15:00+00:00,13205908.0,13218281.0,13205908.0,13217290.0,0.41959,5544260.9702,1289
2026-09-26T01:30:00+00:00,13217290.0,13230243.0,13217289.0,13224776.0,0.49612,6561581.7284,1481
2026-09-26T01:45:00+00:00,13224776.0,13230902.0,13222384.0,13230078.0,1.50184,19865131.5221,4281
2026-09-26T02:00:00+00:00,13230078.0,13236076.0,13217505.0,13233805.0,1.41583,18722729.6586,4098
2026-09-26T02:15:00+00:00,13233805.0,13237877.0,13222511.0,13223837.0,0.63738,8432048.30687,1952
2026-09-26T02:30:00+00:00,13225037.0,13227156.0,13219008.0,13222505.0,0.80461,10639775.92485,2338
2026-09-26T02:45:00+00:00,13222505.0,13447777.0,13219810.0,13222459.0,1.1508899316890815,15229858.86204,2890
2026-09-26T03:00:00+00:00,13224862.0,13224975.0,13217289.0,13217290.0,0.95031,12565706.08782,2811
2026-09-26T03:15:00+00:00,13217289.0,13228768.0,13217289.0,13226234.0,0.30241,3999580.34061,948
2026-09-26T03:30:00+00:00,13225178.0,13247557.0,13217923.0,13218637.0,1.512099192024476,19998975.39943,3739
2026-09-26T03:45:00+00:00,13217290.0,13219698.0,13217289.0,13217290.0,0.12744,1684424.89979,131
2026-09-26T04:00:00+00:00,13217290.0,13226410.0,13217290.0,13222693.0,1.2393312656891828,16387988.09325,3592
2026-09-26T04:15:00+00:00,13222693.0,13228442.0,13217290.0,13217290.0,0.77609,10263874.13101,2340
2026-09-26T04:30:00+00:00,13217290.0,13223344.0,13217290.0,13223336.0,0.01355,179105.36817,100
2026-09-26T04:45:00+00:00,13223329.0,13224620.0,13220440.0,13223081.0,1.59846,21136065.67584,4584
2026-09-26T05:00:00+00:00,13223081.0,13225510.0,13217290.0,13221022.0,1.30119,17205895.84112,3795
2026-09-26T05:15:00+00:00,13219722.0,13223772.0,13217290.0,13217291.0,0.72229,9549013.88806,2190
2026-09-26T05:30:00+00:00,13217290.0,13223888.0,13217290.0,13220595.0,0.40524,5357072.80532,1281
2026-09-26T05:45:00+00:00,13219578.0,13223020.0,13217290.0,13217290.0,0.67768,8959649.73637,2042
2026-09-26T06:00:00+00:00,13217290.0,13218881.0,13217290.0,13217291.0,0.23678535502320408,3129852.01752,719
2026-09-26T06:15:00+00:00,13217290.0,13217329.0,13217290.0,13217320.0,0.01052,139046.10808,40
2026-09-26T06:30:00+00:00,13217320.0,13221694.0,13217290.0,13217290.0,0.20213,2671683.49922,689
2026-09-26T06:45:00+00:00,13217318.0,13218723.0,13217290.0,13217291.0,0.30176,3988551.0319,960
2026-09-26T07:00:00+00:00,13217290.0,13224570.0,13217290.0,13222036.0,0.1449,1915854.59354,548
2026-09-26T07:15:00+00:00,13221739.0,13225251.0,13221739.0,13223982.0,0.77571,10257235.25264,2359
2026-09-26T07:30:00+00:00,13223960.0,13228135.0,13223945.0,13228135.0,0.65874,8711327.62063,2027
2026-09-26T07:45:00+00:00,13228135.0,13232578.0,13228134.0,13231967.0,0.87991,11642120.15047,2594
2026-09-26T08:00:00+00:00,13237157.0,13237157.0,13229811.0,13229901.0,0.18797,2487312.01616,624
2026-09-26T08:15:00+00:00,13229887.0,13232491.0,13226173.0,13232136.0,0.69464,9190142.74507,2123
2026-09-26T08:30:00+00:00,13232313.0,13268050.0,13232313.0,13266961.0,0.1488,1970712.3917,573
2026-09-26T08:45:00+00:00,13266961.0,13266962.0,13259230.0,13259230.0,0.06148,815362.05731,189
2026-09-26T09:00:00+00:00,13259231.0,13259231.0,13219251.0,13227176.0,0.11788312873272967,1560199.42792,375
2026-09-26T09:15:00+00:00,13227176.0,13227819.0,13217290.0,13221455.0,0.8452064130018015,11175236.47769,2522
2026-09-26T09:30:00+00:00,13221455.0,13230583.0,13217461.0,13226910.0,1.2204,16141675.29409,3579
2026-09-26T09:45:00+00:00,13224978.0,13229242.0,13221289.0,13225698.0,1.17668,15562796.77828,3492
2026-09-26T10:00:00+00:00,13224922.0,13262713.0,13224490.0,13241550.0,1.196174776522722,15833223.17455,3302
2026-09-26T10:15:00+00:00,13249107.0,13251750.0,13240629.0,13244888.0,0.49896513574137047,6609076.71162,1451
2026-09-26T10:30:00+00:00,13244870.0,13246627.0,13240731.0,13244291.0,0.7005726525508199,9278395.20448,2108
2026-09-26T10:45:00+00:00,13244874.0,13254038.0,13244292.0,13250696.0,1.03134,13662472.49212,3021
2026-09-26T11:00:00+00:00,13250696.0,13252841.0,13242413.0,13251576.0,0.85644,11346865.9615,2562
2026-09-26T11:15:00+00:00,13251576.0,13256634.0,13248420.0,13251130.0,1.05223,13944935.23699,3090
2026-09-26T11:30:00+00:00,13253298.0,13258975.0,13250719.0,13253931.0,0.99303,13161037.05064,2944
2026-09-26T11:45:00+00:00,13252328.0,13268080.0,13251416.0,13257111.0,1.3525040217297666,17927506.36208,3851
2026-09-26T12:00:00+00:00,13254813.0,13257894.0,13245281.0,13252409.0,0.9571,12684349.33188,2838
2026-09-26T12:15:00+00:00,13252409.0,13272794.0,13252156.0,13254480.0,0.259088610578903,3434671.97745,684
2026-09-26T12:30:00+00:00,13254481.0,13254481.0,13254481.0,13254481.0,0.00035,4639.06835,2
2026-09-26T12:45:00+00:00,13254480.0,13254481.0,13254480.0,13254480.0,0.00062,8217.77786,4
2026-09-26T13:00:00+00:00,13254481.0,13254481.0,13231577.0,13237224.0,0.138664461830682,1835374.87419,439
2026-09-26T13:15:00+00:00,13237224.0,13238082.0,13217290.0,13217871.0,0.77646,10270684.89697,2331
2026-09-26T13:30:00+00:00,13217865.0,13224380.0,13217290.0,13219973.0,1.02608,13564811.85117,3056
2026-09-26T13:45:00+00:00,13219996.0,13230063.0,13217937.0,13222027.0,1.04374,13802096.21836,3091
2026-09-26T14:00:00+00:00,13222027.0,13228488.0,13218094.0,13220471.0,1.01425,13409580.63985,2943
2026-09-26T14:15:00+00:00,13223250.0,13229821.0,13220463.0,13226086.0,0.74038,9791851.22135,2222
2026-09-26T14:30:00+00:00,13226086.0,13237525.0,13225202.0,13234712.0,0.79123,10468918.27517,2338
2026-09-26T14:45:00+00:00,13234712.0,13238726.0,13230391.0,13233328.0,1.10887,14675373.02995,3260
2026-09-26T15:00:00+00:00,13233328.0,13238272.0,13230404.0,13236332.0,1.57736,20877020.66512,4554
2026-09-26T15:15:00+00:00,13236332.0,13243392.0,13236000.0,13242178.0,1.53832,20365514.83502,4459
2026-09-26T15:30:00+00:00,13242178.0,13258163.0,13242038.0,13250305.0,0.69838,9252099.93834,2143
2026-09-26T15:45:00+00:00,13250305.0,13250859.0,13241752.0,13248777.0,1.1966062458271132,15851584.31305,3529
2026-09-26T16:00:00+00:00,13248418.0,13251851.0,13245623.0,13248108.0,1.39336,18461500.06624,4024
2026-09-26T16:15:00+00:00,13248108.0,13249816.0,13240674.0,13243115.0,1.34635,17830964.57829,3882
2026-09-26T16:30:00+00:00,13243115.0,13250554.0,13241904.0,13249056.0,0.65696,8702713.54768,1994
2026-09-26T16:45:00+00:00,13248726.0,13251714.0,13241822.0,13244852.0,1.39949,18539643.63537,4047
2026-09-26T17:00:00+00:00,13244852.0,13247723.0,13239817.0,13241624.0,1.3252726535628392,17550352.27557,3841
2026-09-26T17:15:00+00:00,13241624.0,13241624.0,13236000.0,13236590.0,1.51034,19994775.37441,4400
2026-09-26T17:30:00+00:00,13236590.0,13242136.0,13232396.0,13240938.0,1.53883,20369961.93852,4521
2026-09-26T17:45:00+00:00,13240938.0,13242518.0,13239598.0,13241589.0,1.42678,18892685.34739,4097
2026-09-26T18:00:00+00:00,13241589.0,13241589.0,13236885.0,13239023.0,0.50976,6749085.57529,1605
2026-09-26T18:15:00+00:00,13239023.0,13240795.0,13233418.0,13235776.0,1.52929,20243996.28386,4394
2026-09-26T18:30:00+00:00,13235776.0,13237966.0,13227230.0,13228445.0,1.45699,19281116.98224,4189
2026-09-26T18:45:00+00:00,13228445.0,13232226.0,13225484.0,13228715.0,1.52044,20113126.58161,4353
2026-09-26T19:00:00+00:00,13228715.0,13235871.0,13228715.0,13233874.0,1.57221,20804573.93229,4570
2026-09-26T19:15:00+00:00,13233874.0,13234646.0,13228551.0,13231076.0,1.48196,19608063.2078,4343
2026-09-26T19:30:00+00:00,13231076.0,13233886.0,13222249.0,13229358.0,1.48749,19677546.67475,4339
2026-09-26T19:45:00+00:00,13229358.0,13231802.0,13226499.0,13229197.0,1.55154,20525772.48901,4447
2026-09-26T20:00:00+00:00,13229197.0,13234026.0,13224197.0,13231010.0,1.55248,20540419.65973,4491
2026-09-26T20:15:00+00:00,13231010.0,13239756.0,13227082.0,13238460.0,1.5815,20930303.80708,4574
2026-09-26T20:30:00+00:00,13238460.0,13240116.0,13222249.0,13222249.0,0.73927,9786923.21131,2201
2026-09-26T20:45:00+00:00,13222249.0,13222250.0,13217290.0,13219769.0,0.0047,62133.31561,67
2026-09-26T21:00:00+00:00,13222034.0,13241589.0,13222034.0,13241589.0,0.47141,6240822.02877,1454
2026-09-26T21:15:00+00:00,13241589.0,13241589.0,13241352.0,13241589.0,0.01061,140492.76584,115
2026-09-26T21:30:00+00:00,13241589.0,13241589.0,13241588.0,13241589.0,0.00422,55879.5037,59
2026-09-26T21:45:00+00:00,13241589.0,13242533.0,13239068.0,13242532.0,0.50886,6737889.42258,1530
2026-09-26T22:00:00+00:00,13242533.0,13282741.0,13242533.0,13270128.0,0.21224,2814388.07013,736
2026-09-26T22:15:00+00:00,13272266.0,13280561.0,13260099.0,13279696.0,1.05034,13937921.32854,3081
2026-09-26T22:30:00+00:00,13279696.0,13279696.0,13267661.0,13271090.0,0.83861,11129306.46563,2504
2026-09-26T22:45:00+00:00,13271090.0,13272738.0,13264090.0,13266294.0,0.5491069070213503,7285762.65239,1669
2026-09-26T23:00:00+00:00,13265028.0,13280256.0,13264074.0,13277598.0,0.59649,7916288.63662,1800
2026-09-26T23:15:00+00:00,13280250.0,13284203.0,13276978.0,13283334.0,0.47918,6363585.77119,1502
2026-09-26T23:30:00+00:00,13282321.0,13284864.0,13279476.0,13279477.0,0.12369,1643030.30536,429
2026-09-26T23:45:00+00:00,13280123.0,13288438.0,13280123.0,13288388.0,0.025782881202082518,342552.5679484661,111
2026-09-27T00:00:00+00:00,13293482.0,13294540.0,13290760.0,13290760.0,0.01116,148346.95839,103
2026-09-27T00:15:00+00:00,13283314.0,13283314.0,13283313.0,13283313.0,0.00323,42905.10334,30
2026-09-27T00:30:00+00:00,13283313.0,13285110.0,13280036.0,13283162.0,0.22353,2969141.14043,689
2026-09-27T00:45:00+00:00,13281481.0,13281481.0,13273875.0,13273875.0,0.0239,317373.28067,128
2026-09-27T01:00:00+00:00,13273875.0,13284958.0,13271799.0,13283050.0,0.17873,2373904.38152,598
2026-09-27T01:15:00+00:00,13282717.0,13286423.0,13282498.0,13286413.0,0.12746,1693169.92458,403
2026-09-27T01:30:00+00:00,13286412.0,13286412.0,13273560.0,13284124.0,0.28714651589062723,3813042.58595,917
2026-09-27T01:45:00+00:00,13284124.0,13295349.0,13284124.0,13293044.0,0.44142,5865740.30445,1389
2026-09-27T02:00:00+00:00,13293044.0,13293472.0,13290567.0,13291422.0,0.09308,1237279.04364,302
2026-09-27T02:15:00+00:00,13292462.0,13297776.0,13289330.0,13296638.0,0.99975,13291138.71806,2964
2026-09-27T02:30:00+00:00,13296638.0,13298032.0,13291313.0,13294592.0,1.18009,15690183.26511,3460
2026-09-27T02:45:00+00:00,13294592.0,13298031.0,13290574.0,13293227.0,1.1397868390492287,15151768.52333,3347
2026-09-27T03:00:00+00:00,13293227.0,13298032.0,13291155.0,13296202.0,0.94153,12517878.72964,2798
2026-09-27T03:15:00+00:00,13296202.0,13296202.0,13285000.0,13285000.0,0.712662179054974,9472432.5559,2163
2026-09-27T03:30:00+00:00,13285001.0,13290744.0,13285000.0,13288616.0,0.62634,8322989.60805,1917
2026-09-27T03:45:00+00:00,13288616.0,13288616.0,13285000.0,13286370.0,1.069,14203257.98865,3139
2026-09-27T04:00:00+00:00,13286370.0,13287653.0,13285000.0,13286115.0,0.62608,8318177.44447,1723
2026-09-27T04:15:00+00:00,13286115.0,13291069.0,13286115.0,13288628.0,0.31826,4229777.55649,847
2026-09-27T04:30:00+00:00,13287822.0,13287822.0,13285000.0,13285000.0,0.03768,500590.88543,202
2026-09-27T04:45:00+00:00,13285000.0,13285001.0,13285000.0,13285000.0,0.04494552932589166,597101.4,7
2026-09-27T05:00:00+00:00,13285835.0,13513700.0,13285434.0,13308682.0,0.5422565293584187,7298341.39551,291
2026-09-27T05:15:00+00:00,13287925.0,13290642.0,13286057.0,13288527.0,0.4536440973588785,6028289.72972,1302
2026-09-27T05:30:00+00:00,13288526.0,13310000.0,13288096.0,13304256.0,0.23834,3168666.62477,775
2026-09-27T05:45:00+00:00,13303712.0,13308010.0,13294014.0,13298017.0,0.91224,12131814.05335,2731
2026-09-27T06:00:00+00:00,13298017.0,13310000.0,13295935.0,13309820.0,0.88229,11737530.03559,2621
2026-09-27T06:15:00+00:00,13309820.0,13310000.0,13308903.0,13310000.0,0.18732,2493200.3641,588
2026-09-27T06:30:00+00:00,13308904.0,13308904.0,13301456.0,13303904.0,0.19845,2640056.8376,662
2026-09-27T06:45:00+00:00,13302142.0,13306339.0,13301989.0,13305966.0,0.34088,4535382.41211,1027
2026-09-27T07:00:00+00:00,13305403.0,13305883.0,13301428.0,13303836.0,0.65819,8756661.13678,1979
2026-09-27T07:15:00+00:00,13303836.0,13305757.0,13297978.0,13299750.0,0.5514075188218045,7333887.52649,1589
2026-09-27T07:30:00+00:00,13299750.0,13301000.0,13299604.0,13301000.0,0.3173224811781955,4220337.61198,956
2026-09-27T07:45:00+00:00,13301999.0,13325491.0,13301999.0,13325370.0,0.10741,1429526.02588,134
2026-09-27T08:00:00+00:00,13329999.0,13340000.0,13329999.0,13332459.0,0.02241119766743217,298780.12652,83
2026-09-27T08:15:00+00:00,13335664.0,13339755.0,13329227.0,13335542.0,0.36844,4912715.2063,1126
2026-09-27T08:30:00+00:00,13335542.0,13339756.0,13326902.0,13327646.0,0.16849,2246722.94854,612
2026-09-27T08:45:00+00:00,13327646.0,13339754.0,13322573.0,13334598.0,0.6287,8382124.78454,1902
2026-09-27T09:00:00+00:00,13336342.0,13337214.0,13315802.0,13315822.0,0.11623,1549506.61202,452
2026-09-27T09:15:00+00:00,13318744.0,13318844.0,13318744.0,13318844.0,0.00072,9589.55668,3
2026-09-27T09:30:00+00:00,13321083.0,13336665.0,13321083.0,13335211.0,0.02859,381016.80141,86
2026-09-27T09:45:00+00:00,13335455.0,13350000.0,13335455.0,13349883.0,0.13521677902621723,1804987.54103,433
2026-09-27T10:00:00+00:00,13349884.0,13367674.0,13349884.0,13367674.0,0.02274322097378277,303763.07271,78
2026-09-27T10:15:00+00:00,13367674.0,13370000.0,13367674.0,13370000.0,0.006543829468960359,87490.87882,61
2026-09-27T10:30:00+00:00,13370000.0,13370000.0,13358792.0,13358969.0,0.0803751009723261,1074366.42893,188
2026-09-27T10:45:00+00:00,13358969.0,13359491.0,13352082.0,13352093.0,0.01905,254433.55526,104
2026-09-27T11:00:00+00:00,13352094.0,13355000.0,13351927.0,13354749.0,0.70309,9389016.05624,2111
2026-09-27T11:15:00+00:00,13355000.0,13357678.0,13351938.0,13357677.0,0.27696,3698426.59565,912
2026-09-27T11:30:00+00:00,13357678.0,13357678.0,13349884.0,13354999.0,1.2214298042507854,16308477.69294,3646
2026-09-27T11:45:00+00:00,13355000.0,13355000.0,13349884.0,13354617.0,1.26019,16828882.55593,3754
2026-09-27T12:00:00+00:00,13354617.0,13355000.0,13354462.0,13355000.0,0.03347,446984.01726,144
2026-09-27T12:15:00+00:00,13355000.0,13363519.0,13355000.0,13363519.0,0.01726,230585.1851,53
2026-09-27T12:30:00+00:00,13363519.0,13363519.0,13363519.0,13363519.0,4e-05,534.54076,1
2026-09-27T12:45:00+00:00,13363519.0,13365000.0,13363000.0,13363000.0,1.23504,16506201.54279,3552
2026-09-27T13:00:00+00:00,13363000.0,13363000.0,13320007.0,13322160.0,0.26572,3543458.5052,900
2026-09-27T13:15:00+00:00,13320014.0,13354434.0,13320014.0,13354434.0,1.5831,21120814.11294,4459
2026-09-27T13:30:00+00:00,13354434.0,13375000.0,13336603.0,13336603.0,0.390589587631476,5215606.96986,1099
2026-09-27T13:45:00+00:00,13336121.0,13373121.0,13331521.0,13372223.0,0.8252921779230156,11021513.73002,2481
2026-09-27T14:00:00+00:00,13372466.0,13374651.0,13370000.0,13370138.0,0.63956,8551861.08009,1931
2026-09-27T14:15:00+00:00,13370138.0,13372068.0,13346276.0,13346276.0,0.15078,2015941.64275,441
2026-09-27T14:30:00+00:00,13345140.0,13345966.0,13340000.0,13340220.0,0.17339929609251828,2313503.72218,542
2026-09-27T14:45:00+00:00,13340165.0,13340190.0,13300814.0,13303472.0,0.79072,10530530.6912,2409
2026-09-27T15:00:00+00:00,13303336.0,13312979.0,13279624.0,13297170.0,0.95361,12680813.04357,2854
2026-09-27T15:15:00+00:00,13297170.0,13319294.0,13291356.0,13317198.0,0.70785,9418815.06998,2189
2026-09-27T15:30:00+00:00,13317198.0,13321358.0,13289937.0,13290472.0,1.997912555159771,26577814.27108,5836
2026-09-27T15:45:00+00:00,13290472.0,13303463.0,13287741.0,13295872.0,2.10432,27979471.91858,6118
2026-09-27T16:00:00+00:00,13295210.0,13316824.0,13293626.0,13309968.0,2.5742651200681608,34254170.65268,7381
2026-09-27T16:15:00+00:00,13309968.0,13325141.0,13307681.0,13315171.0,1.37465,18302671.565313857,4015
2026-09-27T16:30:00+00:00,13311703.0,13311703.0,13286898.0,13286998.0,0.00828,110135.02007,63
2026-09-27T16:45:00+00:00,13285495.0,13294363.0,13283145.0,13290016.0,1.44393,19189372.32277,4184
2026-09-27T17:00:00+00:00,13290016.0,13298510.0,13275118.0,13285805.0,1.93226,25680901.38418,5648
2026-09-27T17:15:00+00:00,13285805.0,13296384.0,13284512.0,13288510.0,1.90054,25260296.42005,5556
2026-09-27T17:30:00+00:00,13288510.0,13303952.0,13287315.0,13294909.0,2.79791,37200385.40022,8005
2026-09-27T17:45:00+00:00,13297224.0,13313753.0,13293176.0,13311610.0,2.7917,37146285.57605,7979
2026-09-27T18:00:00+00:00,13311610.0,13316429.0,13305868.0,13314436.0,3.01045,40069463.53886,8561
2026-09-27T18:15:00+00:00,13314436.0,13332593.0,13312456.0,13331402.0,2.23055,29715345.35875,6392
2026-09-27T18:30:00+00:00,13331402.0,13336460.0,13330272.0,13336223.0,0.67701,9026092.46802,1965
2026-09-27T18:45:00+00:00,13333742.0,13333766.0,13328049.0,13331553.0,0.91636,12217541.03169,2662
2026-09-27T19:00:00+00:00,13333745.0,13339836.0,13329287.0,13339092.0,1.64626,21956690.08024,4796
2026-09-27T19:15:00+00:00,13339092.0,13340027.0,13319944.0,13326244.0,1.28272,17104563.37396,3806
2026-09-27T19:30:00+00:00,13326244.0,13341092.0,13316722.0,13341092.0,1.77256,23621549.19077,5125
2026-09-27T19:45:00+00:00,13341310.0,13343401.0,13335946.0,13335959.0,0.24219,3230809.96211,758
2026-09-27T20:00:00+00:00,13335383.0,13342642.0,13328752.0,13338998.0,0.48247,6434992.86821,1428
2026-09-27T20:15:00+00:00,13338998.0,13340264.0,13311372.0,13312442.0,1.09204,14542258.15812,3182
2026-09-27T20:30:00+00:00,13312442.0,13318666.0,13306267.0,13318663.0,0.39502,5258961.57266,1183
2026-09-27T20:45:00+00:00,13318663.0,13319082.0,13301984.0,13305451.0,0.97553,12983221.10947,2804
2026-09-27T21:00:00+00:00,13307329.0,13322352.0,13307329.0,13322352.0,1.2882968360870608,17153483.60602,3667
2026-09-27T21:15:00+00:00,13322352.0,13328452.0,13308764.0,13311593.0,2.86429,38154640.67758,8145
2026-09-27T21:30:00+00:00,13311593.0,13313600.0,13291812.0,13304683.0,2.42824,32308852.77596,7051
2026-09-27T21:45:00+00:00,13304964.0,13329731.0,13304948.0,13325974.0,2.2108108744321746,29457603.13751,6414
2026-09-27T22:00:00+00:00,13325974.0,13338598.0,13285394.0,13291672.0,1.02844,13678267.21463,3041
2026-09-27T22:15:00+00:00,13281303.0,13329696.0,13281303.0,13325546.0,1.45357,19354235.11926,4207
2026-09-27T22:30:00+00:00,13325546.0,13325546.0,13275209.0,13279739.0,1.54099,20469275.64315,4536
2026-09-27T22:45:00+00:00,13277922.0,13288972.0,13272338.0,13280000.0,2.03368,27009729.73409,5889
2026-09-27T23:00:00+00:00,13280001.0,13290365.0,13280000.0,13280240.0,0.7773,10325305.70265,2358
2026-09-27T23:15:00+00:00,13280240.0,13311012.0,13280000.0,13303122.0,2.10972,28049047.89209,6103
2026-09-27T23:30:00+00:00,13303122.0,13313557.0,13298882.0,13300995.0,1.77081,23563415.54021,5086
2026-09-27T23:45:00+00:00,13303598.0,13316572.0,13299787.0,13303634.0,1.36977,18230955.59605,3986
2026-09-28T00:00:00+00:00,13305602.0,13328137.0,13294301.0,13307254.0,1.4372559069341815,19132192.59756,4280
2026-09-28T00:15:00+00:00,13307254.0,13405397.0,13305718.0,13375134.0,0.94286,12590093.00591,2836
2026-09-28T00:30:00+00:00,13375134.0,13376738.0,13289288.0,13303102.0,1.24158,16518892.273,3695
2026-09-28T00:45:00+00:00,13304344.0,13351673.0,13285000.0,13285000.0,0.57481,7661807.84946,1807
2026-09-28T01:00:00+00:00,13285000.0,13295525.0,13260000.0,13262891.0,0.63926,8482703.95978,1960
2026-09-28T01:15:00+00:00,13262815.0,13302781.0,13260000.0,13283876.0,0.48640597126645924,6459532.49582,1152
2026-09-28T01:30:00+00:00,13283876.0,13283877.0,13244711.0,13251475.0,0.29079,3854614.83019,957
2026-09-28T01:45:00+00:00,13251475.0,13256024.0,13215000.0,13215000.0,0.39526,5228140.61856,1283
2026-09-28T02:00:00+00:00,13215000.0,13215001.0,13190438.0,13209195.0,0.14056,1854936.50904,499
2026-09-28T02:15:00+00:00,13209195.0,13222981.0,13190000.0,13207980.0,0.6872621830516129,9074807.72102,2017
2026-09-28T02:30:00+00:00,13207681.0,13223448.0,13180000.0,13188333.0,0.6660871600515993,8794931.73137,1332
2026-09-28T02:45:00+00:00,13188814.0,13188814.0,13180000.0,13180000.0,0.35435542831220457,4670409.56012,162
2026-09-28T03:00:00+00:00,13180000.0,13196387.0,13171692.0,13181966.0,3.5240396322761036,46484643.48312,718
2026-09-28T03:15:00+00:00,13181966.0,13190550.0,13170000.0,13176556.0,4.161822751013065,54842682.65083,4058
2026-09-28T03:30:00+00:00,13176558.0,13189056.0,13164500.0,13185000.0,4.08602,53823714.94901,2178
2026-09-28T03:45:00+00:00,13185000.0,13185001.0,13180000.0,13180000.0,0.03383,446048.50218,70
2026-09-28T04:00:00+00:00,13180000.0,13180000.0,13168000.0,13174930.0,0.27646,3642033.80504,814
2026-09-28T04:15:00+00:00,13174930.0,13190362.0,13168000.0,13184354.0,2.1628,28514032.42284,2756
2026-09-28T04:30:00+00:00,13184316.0,13184316.0,13175105.0,13179999.0,0.79804,10517136.76242,2413
2026-09-28T04:45:00+00:00,13180000.0,13190030.0,13172720.0,13185240.0,0.92122,12142812.8644,2765
2026-09-28T05:00:00+00:00,13185756.0,13193924.0,13170000.0,13171889.0,2.5119290172002406,33092806.17259,3512
2026-09-28T05:15:00+00:00,13170845.0,13179769.0,13120000.0,13132692.0,6.78038,89236470.64229,2107
2026-09-28T05:30:00+00:00,13120000.0,13124464.0,13070000.0,13124464.0,0.5124364478899602,6707907.44644,220
2026-09-28T05:45:00+00:00,13125024.0,13133406.0,13106514.0,13133406.0,1.83709,24109486.2987,2450
2026-09-28T06:00:00+00:00,13133027.0,13141809.0,13122196.0,13131192.0,2.0642288215897233,27106583.97427,2647
2026-09-28T06:15:00+00:00,13131192.0,13136100.0,13120000.0,13120000.0,1.78005,23368540.24896,5134
2026-09-28T06:30:00+00:00,13120000.0,13123396.0,13104876.0,13117392.0,0.43149,5660330.03685,1161
2026-09-28T06:45:00+00:00,13117392.0,13120728.0,13094352.0,13106672.0,2.33297,30569801.62697,6776
2026-09-28T07:00:00+00:00,13106672.0,13129895.0,13099840.0,13104308.0,1.3675,17926837.77402,3913
2026-09-28T07:15:00+00:00,13107329.0,13117801.0,13072778.0,13075334.0,1.8594560422015913,24357569.38741,5389
2026-09-28T07:30:00+00:00,13075396.0,13091087.0,13072970.0,13078000.0,1.075524120647603,14068345.19918,3184
2026-09-28T07:45:00+00:00,13078000.0,13111271.0,13063680.0,13063680.0,1.0071955439996407,13182366.62383,1951
2026-09-28T08:00:00+00:00,13060000.0,13060000.0,13020000.0,13020924.0,0.22380419427239495,2917830.33567,367
2026-09-28T08:15:00+00:00,13021467.0,13029561.0,13000000.0,13000000.0,0.34240738461173964,4456395.95316,948
2026-09-28T08:30:00+00:00,13000000.0,13019744.0,13000000.0,13019062.0,2.66142,34619092.39705,3268
2026-09-28T08:45:00+00:00,13018888.0,13044733.0,13007779.0,13030393.0,2.2542,29368039.28739,1610
2026-09-28T09:00:00+00:00,13030350.0,13038984.0,12980000.0,13019781.0,0.29169534230312233,3794376.78828,781
2026-09-28T09:15:00+00:00,13019781.0,13045790.0,13002763.0,13013772.0,1.450326397979496,18884099.7622,4195
2026-09-28T09:30:00+00:00,13013772.0,13015146.0,12982750.0,12985672.0,1.12697,14645886.78468,3170
2026-09-28T09:45:00+00:00,12986728.0,13003200.0,12980000.0,12980001.0,1.08276,14063855.15738,3232
2026-09-28T10:00:00+00:00,12984273.0,13013456.0,12984273.0,13001607.0,1.39377,18121675.78495,4042
2026-09-28T10:15:00+00:00,13003488.0,13015000.0,13003488.0,13011659.0,1.5283,19885643.11651,4465
2026-09-28T10:30:00+00:00,13012487.0,13038390.0,13010594.0,13037838.0,1.04822,13654180.07665,3084
2026-09-28T10:45:00+00:00,13037838.0,13049757.0,13023717.0,13039208.0,2.1873425715630774,28515277.98717,6367
2026-09-28T11:00:00+00:00,13039208.0,13052572.0,13036556.0,13045916.0,1.41232,18427148.3039,4198
2026-09-28T11:15:00+00:00,13045916.0,13052563.0,13035163.0,13040106.0,1.976025078904462,25771992.54838,5752
2026-09-28T11:30:00+00:00,13040106.0,13050373.0,13030273.0,13046946.0,2.0933795465048393,27297051.62536,6100
2026-09-28T11:45:00+00:00,13046260.0,13046946.0,13035000.0,13044546.0,1.21286,15814583.61396,3614
2026-09-28T12:00:00+00:00,13046126.0,13100000.0,13037438.0,13095486.0,1.1386,14890110.80611,3389
2026-09-28T12:15:00+00:00,13096437.0,13107942.0,13078813.0,13107062.0,1.418883249767915,18581281.10309,4168
2026-09-28T12:30:00+00:00,13107062.0,13108500.0,13094458.0,13096586.0,1.219502865594754,15977328.78263,3546
2026-09-28T12:45:00+00:00,13098006.0,13154002.0,13098006.0,13141219.0,1.3904305942142872,18265392.20983,4018
2026-09-28T13:00:00+00:00,13143608.0,13145548.0,13116997.0,13123886.0,1.1647,15288292.73897,3365
2026-09-28T13:15:00+00:00,13125487.0,13141007.0,13118993.0,13137842.0,1.038712844799176,13639367.9378,3032
2026-09-28T13:30:00+00:00,13137364.0,13175266.0,13113440.0,13159094.0,1.60818,21150030.91111,4679
2026-09-28T13:45:00+00:00,13159094.0,13182922.0,13127076.0,13151762.0,1.80337,23720651.48098,5094
2026-09-28T14:00:00+00:00,13151750.0,13153707.0,13110673.0,13117229.0,2.2553,29606392.77189,6533
2026-09-28T14:15:00+00:00,13118373.0,13144459.0,13100000.0,13100000.0,0.85391,11200641.60188,2528
2026-09-28T14:30:00+00:00,13099937.0,13133255.0,13050000.0,13055935.0,0.47954,6285724.98383,1485
2026-09-28T14:45:00+00:00,13055935.0,13085261.0,13020000.0,13085261.0,0.50596,6611479.71982,1619
2026-09-28T15:00:00+00:00,13085386.0,13121764.0,13069403.0,13075380.0,2.25911,29562680.63194,6510
2026-09-28T15:15:00+00:00,13075380.0,13087819.0,13050000.0,13078862.0,1.4470166083227896,18914630.82796,4107
2026-09-28T15:30:00+00:00,13078862.0,13124021.0,13078441.0,13102021.0,0.72814,9542370.94549,2197
2026-09-28T15:45:00+00:00,13102257.0,13136654.0,13102257.0,13133799.0,1.71696,22522833.8061,5037
2026-09-28T16:00:00+00:00,13133799.0,13138011.0,13105064.0,13129160.0,1.3470014044684087,17673478.26467,3969
2026-09-28T16:15:00+00:00,13130039.0,13225208.0,13126751.0,13198557.0,2.106522921546804,27747979.22171,6081
2026-09-28T16:30:00+00:00,13200781.0,13220192.0,13184015.0,13184015.0,0.57342,7571667.38986,1729
2026-09-28T16:45:00+00:00,13171670.0,13181780.0,13155780.0,13175362.0,0.96938,12769390.02573,2762
2026-09-28T17:00:00+00:00,13175362.0,13243620.0,13154293.0,13234488.0,1.82417,24037796.86749,5353
2026-09-28T17:15:00+00:00,13236246.0,13256024.0,13190395.0,13197676.0,1.27376,16846912.36256,3775
2026-09-28T17:30:00+00:00,13197676.0,13218622.0,13187935.0,13215644.0,2.0704,27342912.22277,6027
2026-09-28T17:45:00+00:00,13215644.0,13223050.0,13194649.0,13198242.0,1.4993727106079584,19801800.83413,4413
2026-09-28T18:00:00+00:00,13197000.0,13211603.0,13197000.0,13204891.0,2.27719,30070079.58652,6568
2026-09-28T18:15:00+00:00,13204891.0,13217758.0,13200852.0,13209658.0,1.51973,20072046.33251,4424
2026-09-28T18:30:00+00:00,13209658.0,13211745.0,13192641.0,13206694.0,2.4291,32075676.53003,7021
2026-09-28T18:45:00+00:00,13204738.0,13232525.0,13197001.0,13231070.0,2.62101,34645316.78021,7514
2026-09-28T19:00:00+00:00,13231070.0,13232066.0,13171082.0,13183304.0,1.61626,21325998.15021,4754
2026-09-28T19:15:00+00:00,13183304.0,13184584.0,13166362.0,13168548.0,1.4443,19031749.60088,4316
2026-09-28T19:30:00+00:00,13168548.0,13169981.0,13085556.0,13117251.0,0.92114,12099389.24782,2826
2026-09-28T19:45:00+00:00,13116764.0,13138698.0,13113439.0,13134062.0,1.90794,25048014.10718,5545
2026-09-28T20:00:00+00:00,13134062.0,13166218.0,13112712.0,13158758.0,2.3645170011564325,31083598.38132,6828
2026-09-28T20:15:00+00:00,13158758.0,13158758.0,13142009.0,13147352.0,3.02536,39782947.48773,8686
2026-09-28T20:30:00+00:00,13147016.0,13158458.0,13140688.0,13144350.0,3.06407,40295290.23353,8706
2026-09-28T20:45:00+00:00,13144844.0,13151358.0,13136294.0,13150876.0,2.39423,31467203.88653,6898
2026-09-28T21:00:00+00:00,13150876.0,13173598.0,13150469.0,13162563.0,2.25232,29649679.25377,6407
2026-09-28T21:15:00+00:00,13162563.0,13163325.0,13139083.0,13140394.0,2.66787,35077919.62677,7731
2026-09-28T21:30:00+00:00,13140394.0,13146552.0,13132972.0,13136350.0,2.99242,39316645.0373,8662
2026-09-28T21:45:00+00:00,13136350.0,13138396.0,13104267.0,13106150.0,2.19574,28819809.76508,6389
2026-09-28T22:00:00+00:00,13106150.0,13107967.0,13083748.0,13099535.0,2.6945740413515025,35287660.4365,7720
2026-09-28T22:15:00+00:00,13099723.0,13106461.0,13089273.0,13103887.0,3.1075792924239836,40711362.33155,8837
2026-09-28T22:30:00+00:00,13103887.0,13144818.0,13102240.0,13144002.0,3.07674,40392256.68973,8734
2026-09-28T22:45:00+00:00,13143460.0,13154057.0,13142404.0,13151064.0,3.10958,40887913.26672,8810
2026-09-28T23:00:00+00:00,13151064.0,13161230.0,13137161.0,13140701.0,1.96933,25892568.60526,5739
2026-09-28T23:15:00+00:00,13141280.0,13160600.0,13137429.0,13156734.0,3.08524,40571362.57314,8905
2026-09-28T23:30:00+00:00,13158936.0,13160670.0,13152533.0,13155276.0,2.21321,29120735.69753,6343
2026-09-28T23:45:00+00:00,13155276.0,13156448.0,13142759.0,13143288.0,1.6864,22168843.37555,4923
2026-09-29T00:00:00+00:00,13143289.0,13154152.0,13140000.0,13149826.0,1.87944,24711566.82456,5477
2026-09-29T00:15:00+00:00,13149826.0,13153819.0,13130000.0,13152107.0,1.300574194515283,17090564.413807414,3860
2026-09-29T00:30:00+00:00,13152107.0,13167866.0,13139165.0,13151392.0,1.78672,23502912.86408,5202
2026-09-29T00:45:00+00:00,13151392.0,13152158.0,13110000.0,13110153.0,0.556460686197137,7300101.39904,1517
2026-09-29T01:00:00+00:00,13110153.0,13116410.0,13070000.0,13070000.0,0.5751715390397677,7527354.88646,988
2026-09-29T01:15:00+00:00,13070000.0,13070000.0,13027023.0,13029679.0,0.51653,6737625.29469,1308
2026-09-29T01:30:00+00:00,13027295.0,13067141.0,13022473.0,13060371.0,0.90713,11837871.85134,2720
2026-09-29T01:45:00+00:00,13060373.0,13102643.0,13057346.0,13076297.0,0.5362409691640075,7010269.39431,1504
2026-09-29T02:00:00+00:00,13073228.0,13078120.0,13057126.0,13072302.0,0.9546556597122311,12477999.69239,2794
2026-09-29T02:15:00+00:00,13072301.0,13085946.0,13045872.0,13051698.0,0.6903462192342449,9017558.66537,2120
2026-09-29T02:30:00+00:00,13051140.0,13075644.0,13039048.0,13058077.0,0.5905468337207712,7712552.75074,1220
2026-09-29T02:45:00+00:00,13058509.0,13074346.0,13045464.0,13055688.0,1.2764,16669716.88912,3803
2026-09-29T03:00:00+00:00,13055688.0,13062760.0,13042453.0,13042453.0,0.88763,11583624.24597,2674
2026-09-29T03:15:00+00:00,13042453.0,13073626.0,13032558.0,13073488.0,0.9026128306771235,11784001.2409,2462
2026-09-29T03:30:00+00:00,13090852.0,13092190.0,13079352.0,13085249.0,1.30187,17035217.77296,3814
2026-09-29T03:45:00+00:00,13082094.0,13090205.0,13072135.0,13076154.0,1.0162841114606327,13292942.78824,3104
2026-09-29T04:00:00+00:00,13076154.0,13098261.0,13072482.0,13094813.0,2.2987794254431004,30078222.82294,4280
2026-09-29T04:15:00+00:00,13097958.0,13114707.0,13097958.0,13108166.0,0.9874132368355193,12943628.42206,2908
2026-09-29T04:30:00+00:00,13108166.0,13108203.0,13095903.0,13104318.0,1.7268228810753083,22629389.07047,4938
2026-09-29T04:45:00+00:00,13104318.0,13124047.0,13090591.0,13123088.0,2.966913415314483,38901420.07563,2681
2026-09-29T05:00:00+00:00,13123088.0,13124366.0,13116708.0,13118442.0,0.5333028658519157,6996699.19125,1625
2026-09-29T05:15:00+00:00,13118930.0,13127176.0,13112956.0,13125278.0,3.14351,41249605.43829,8469
2026-09-29T05:30:00+00:00,13125278.0,13125278.0,13075975.0,13099332.0,2.254685107765433,29517912.97437,1416
2026-09-29T05:45:00+00:00,13125556.0,13145807.0,13124886.0,13137881.0,0.9989061771233028,13123673.5163,473
2026-09-29T06:00:00+00:00,13137881.0,13216570.0,13137854.0,13216570.0,4.94817,65208241.44331,1716
2026-09-29T06:15:00+00:00,13213493.0,13223000.0,13191657.0,13222390.0,7.696827205644257,101701691.62476,3358
2026-09-29T06:30:00+00:00,13222390.0,13240191.0,13214540.0,13226561.0,1.719237283866674,22740486.38743,4691
2026-09-29T06:45:00+00:00,13226561.0,13248127.0,13224969.0,13246090.0,3.50011,46332904.26253,3698
2026-09-29T07:00:00+00:00,13246090.0,13274745.0,13230251.0,13249976.0,10.34376006360965,137057302.25679,5882
2026-09-29T07:15:00+00:00,13249547.0,13250000.0,13219225.0,13220044.0,0.50327,6662162.02253,1510
2026-09-29T07:30:00+00:00,13220044.0,13263283.0,13217744.0,13227898.0,2.03245,26897558.77545,4353
2026-09-29T07:45:00+00:00,13227840.0,13262081.0,13226979.0,13231376.0,2.5164857330763732,33311572.46955,2394
2026-09-29T08:00:00+00:00,13231376.0,13254286.0,13229991.0,13241320.0,2.4290071564270166,32167896.52402,3444
2026-09-29T08:15:00+00:00,13241320.0,13289046.0,13238243.0,13257689.0,1.74630881259949,23147142.12357,5046
2026-09-29T08:30:00+00:00,13257357.0,13257357.0,13202988.0,13205569.0,1.6539052300928694,21868114.17763,4807
2026-09-29T08:45:00+00:00,13204312.0,13228556.0,13193909.0,13205616.0,1.1896374607810558,15707061.84839,3451
2026-09-29T09:00:00+00:00,13205616.0,13205656.0,13188349.0,13196242.0,1.4754,19468956.94486,4363
2026-09-29T09:15:00+00:00,13196242.0,13202654.0,13194988.0,13202096.0,2.69006,35506634.66677,7701
2026-09-29T09:30:00+00:00,13202096.0,13223659.0,13201912.0,13223115.0,0.30867,4075642.99104,941
2026-09-29T09:45:00+00:00,13224826.0,13286403.0,13223404.0,13285820.0,1.31088,17374350.97229,3682
2026-09-29T10:00:00+00:00,13285820.0,13290078.0,13279002.0,13290078.0,0.2263,3006582.30189,757
2026-09-29T10:15:00+00:00,13278882.0,13278882.0,13258644.0,13259463.0,1.24807,16550063.02653,3572
2026-09-29T10:30:00+00:00,13259463.0,13260405.0,13232651.0,13232651.0,2.11811,28054712.91065,6084
2026-09-29T10:45:00+00:00,13232594.0,13233868.0,13220021.0,13220707.0,2.09418,27701132.81427,6070
2026-09-29T11:00:00+00:00,13221958.0,13246506.0,13102411.0,13210823.0,3.3187751811494244,43847954.63548,6896
2026-09-29T11:15:00+00:00,13211185.0,13220236.0,13098634.0,13217177.0,1.98001,26119232.27811,4307
2026-09-29T11:30:00+00:00,13217177.0,13256061.0,13217177.0,13255782.0,1.902943474593568,25210910.21779,5492
2026-09-29T11:45:00+00:00,13255782.0,13265000.0,13252904.0,13264989.0,1.23217,16341230.45668,3555
2026-09-29T12:00:00+00:00,13264989.0,13264999.0,13245694.0,13255420.0,2.3820308011310085,31577841.44908,6796
2026-09-29T12:15:00+00:00,13253992.0,13279722.0,13224293.0,13240796.0,2.3441236357406154,31042352.65061,6646
2026-09-29T12:30:00+00:00,13242122.0,13283432.0,13241297.0,13265588.0,1.74012,23078629.52901,5088
2026-09-29T12:45:00+00:00,13268084.0,13274547.0,13262607.0,13267363.0,0.78608,10429965.1103,2401
2026-09-29T13:00:00+00:00,13267363.0,13274547.0,13258778.0,13274547.0,1.62273,21528725.15426,4666
2026-09-29T13:15:00+00:00,13274547.0,13298025.0,13274547.0,13281988.0,0.7205357201238193,9570585.36572,2127
2026-09-29T13:30:00+00:00,13281988.0,13281989.0,13228895.0,13259689.0,0.93991,12459928.61896,2771
2026-09-29T13:45:00+00:00,13260676.0,13286538.0,13235592.0,13274757.0,0.36101,4786125.47292,1161
2026-09-29T14:00:00+00:00,13274757.0,13274757.0,13203116.0,13214488.0,1.89372,25039337.05888,5471
2026-09-29T14:15:00+00:00,13214488.0,13240756.0,13205662.0,13214023.0,1.567727435934927,20726066.56026,4211
2026-09-29T14:30:00+00:00,13214023.0,13223890.0,13188866.0,13205338.0,2.04258,26985292.42375,5916
2026-09-29T14:45:00+00:00,13205338.0,13228633.0,13189750.0,13198606.0,1.82047,24044283.17374,5278
2026-09-29T15:00:00+00:00,13198606.0,13200226.0,13136513.0,13146424.0,0.8414593544879369,11090133.82856,2541
2026-09-29T15:15:00+00:00,13143854.0,13159980.0,13080890.0,13094428.0,0.55181,7248648.81802,1729
2026-09-29T15:30:00+00:00,13095074.0,13112671.0,13093025.0,13107164.0,0.75462,9890792.25733,2280
2026-09-29T15:45:00+00:00,13107164.0,13127330.0,13080000.0,13092821.0,0.72176,9451637.87444,2202
2026-09-29T16:00:00+00:00,13093520.0,13101872.0,13071907.0,13083378.0,1.60667,21025136.09502,4729
2026-09-29T16:15:00+00:00,13083378.0,13115458.0,13073612.0,13109773.0,2.73289,35795285.17789,7831
2026-09-29T16:30:00+00:00,13109773.0,13112487.0,13075227.0,13079964.0,1.68207,22030634.59684,4896
2026-09-29T16:45:00+00:00,13079964.0,13088100.0,13063663.0,13086310.0,2.03364,26596178.89397,5878
2026-09-29T17:00:00+00:00,13093971.0,13109705.0,13086296.0,13094153.0,1.57655,20650793.92243,4558
2026-09-29T17:15:00+00:00,13095149.0,13102992.0,13082294.0,13101934.0,2.51336,32904733.39829,7259
2026-09-29T17:30:00+00:00,13103552.0,13107475.0,13089108.0,13093765.0,2.474325981238514,32405820.02893,7174
2026-09-29T17:45:00+00:00,13095954.0,13100382.0,13073910.0,13089036.0,3.13236,40991087.26751,8902
2026-09-29T18:00:00+00:00,13090690.0,13127900.0,13088023.0,13125585.0,1.18724,15574147.30745,3478
2026-09-29T18:15:00+00:00,13125585.0,13138535.0,13120558.0,13125066.0,1.30523,17138220.72879,3791
2026-09-29T18:30:00+00:00,13125163.0,13163745.0,13120306.0,13152146.0,2.95176,38796881.8854,8471
2026-09-29T18:45:00+00:00,13152146.0,13160486.0,13145044.0,13155034.0,2.84765,37454282.70437,8214
2026-09-29T19:00:00+00:00,13155034.0,13165632.0,13145684.0,13153762.0,2.92361,38465218.42557,8326
2026-09-29T19:15:00+00:00,13152894.0,13161338.0,13139977.0,13144088.0,2.85039,37485172.11172,8187
2026-09-29T19:30:00+00:00,13142776.0,13155681.0,13127740.0,13127740.0,2.61178,34328891.47041,7472
2026-09-29T19:45:00+00:00,13127740.0,13150674.0,13122833.0,13149996.0,1.82972,24045679.3761,5298
2026-09-29T20:00:00+00:00,13149996.0,13150674.0,13138424.0,13149518.0,2.28402,30029773.03656,6614
2026-09-29T20:15:00+00:00,13149518.0,13150674.0,13145339.0,13150674.0,0.38272,5032597.76129,1148
2026-09-29T20:30:00+00:00,13150674.0,13158392.0,13148238.0,13155543.0,0.9296628037499398,12228769.17333,2760
2026-09-29T20:45:00+00:00,13155543.0,13196692.0,13151352.0,13162436.0,1.997624887364197,26294967.71137,4783
2026-09-29T21:00:00+00:00,13162184.0,13162436.0,13148697.0,13154776.0,2.07109,27244194.33576,5936
2026-09-29T21:15:00+00:00,13155964.0,13156566.0,13126563.0,13132500.0,2.43182,31953008.84623,7021
2026-09-29T21:30:00+00:00,13132500.0,13147912.0,13129918.0,13142976.0,2.42672,31885036.91891,7009
2026-09-29T21:45:00+00:00,13142976.0,13143614.0,13127282.0,13134923.0,1.6163490449990663,21227332.5524,4745
2026-09-29T22:00:00+00:00,13134923.0,13170688.0,13134922.0,13162356.0,0.6053528275531306,7963169.32262,1836
2026-09-29T22:15:00+00:00,13162356.0,13169675.0,13144321.0,13159278.0,1.82433,24005299.77422,5309
2026-09-29T22:30:00+00:00,13159278.0,13163718.0,13149916.0,13159916.0,2.9304640061668215,38555927.33528,8328
2026-09-29T22:45:00+00:00,13159916.0,13168088.0,13154311.0,13161488.0,2.2769,29965149.00282,6589
2026-09-29T23:00:00+00:00,13159932.0,13198315.0,13158769.0,13195146.0,1.74367,22987348.67975,5044
2026-09-29T23:15:00+00:00,13195146.0,13196323.0,13171468.0,13181925.0,2.12249,27984120.7704,5743
2026-09-29T23:30:00+00:00,13182994.0,13184048.0,13165766.0,13170067.0,1.11564,14698382.0359,3349
2026-09-29T23:45:00+00:00,13170067.0,13183990.0,13168943.0,13173826.0,0.95752,12617210.80233,2867
2026-09-30T00:00:00+00:00,13173826.0,13181698.0,13151185.0,13153844.0,0.67317,8865629.81728,2072
2026-09-30T00:15:00+00:00,13153844.0,13159695.0,13131313.0,13155067.0,1.69532,22283017.2965,5003
2026-09-30T00:30:00+00:00,13155662.0,13163949.0,13134087.0,13139936.0,2.274179241467542,29903114.1137,6396
2026-09-30T00:45:00+00:00,13139936.0,13141592.0,13105492.0,13113769.0,0.81256,10663027.85296,2503
2026-09-30T01:00:00+00:00,13118680.0,13122972.0,13099274.0,13109427.0,1.15096,15092347.75807,3379
2026-09-30T01:15:00+00:00,13109427.0,13121782.0,13092876.0,13105822.0,1.4270925840373752,18702026.61064,4194
2026-09-30T01:30:00+00:00,13082643.0,13097793.0,13069719.0,13084684.0,1.1309962379735243,14792792.63323,2906
2026-09-30T01:45:00+00:00,13084686.0,13132449.0,13081484.0,13093725.0,1.1628822943062638,15230262.93158,2992
2026-09-30T02:00:00+00:00,13093725.0,13117914.0,13083808.0,13086555.0,0.92548,12123108.53304,2736
2026-09-30T02:15:00+00:00,13081777.0,13090848.0,13060000.0,13062678.0,0.94928,12412790.30785,2877
2026-09-30T02:30:00+00:00,13062678.0,13076772.0,13050000.0,13063515.0,2.41466,31543243.27822,3896
2026-09-30T02:45:00+00:00,13063514.0,13081530.0,13063492.0,13076549.0,0.46212,6043585.21654,1473
2026-09-30T03:00:00+00:00,13076549.0,13088698.0,13067961.0,13068433.0,1.65692,21666888.90646,4866
2026-09-30T03:15:00+00:00,13068433.0,13072170.0,13040634.0,13056409.0,1.61764,21120230.22578,4729
2026-09-30T03:30:00+00:00,13056409.0,13089728.0,13048970.0,13089728.0,1.0833145936752848,14149937.8162,3160
2026-09-30T03:45:00+00:00,13083340.0,13088728.0,13072668.0,13086494.0,1.4271882095631765,18668044.44794,2407
2026-09-30T04:00:00+00:00,13086494.0,13108781.0,13086494.0,13108781.0,4.30887,56452471.21768,1436
2026-09-30T04:15:00+00:00,13108592.0,13115169.0,13099113.0,13102014.0,0.8704897529581063,11412710.20081,1053
2026-09-30T04:30:00+00:00,13102014.0,13139380.0,13090293.0,13139380.0,1.5149041783318544,19853679.87207,3884
2026-09-30T04:45:00+00:00,13103057.0,13120479.0,13093315.0,13097173.0,1.0502653090028191,13757792.76383,2983
2026-09-30T05:00:00+00:00,13098253.0,13115390.0,13090772.0,13092444.0,0.51387,6732508.91078,1553
2026-09-30T05:15:00+00:00,13091704.0,13114646.0,13084351.0,13111578.0,3.92206,51376591.4145,1510
2026-09-30T05:30:00+00:00,13111624.0,13164663.0,13111578.0,13124759.0,2.321494101686845,30472685.00544,1121
2026-09-30T05:45:00+00:00,13124759.0,13124759.0,13099513.0,13105777.0,2.87999,37751740.63926,3548
2026-09-30T06:00:00+00:00,13105777.0,13111923.0,13060821.0,13060821.0,0.1276723050271123,1671900.22821,497
2026-09-30T06:15:00+00:00,13061077.0,13070233.0,13040000.0,13056025.0,0.83183,10862928.45431,2538
2026-09-30T06:30:00+00:00,13058913.0,13065754.0,13049359.0,13054999.0,1.2846806047613366,16776765.88799,3777
2026-09-30T06:45:00+00:00,13053730.0,13063630.0,13040000.0,13040000.0,1.8997282633485608,24786361.14522,5517
2026-09-30T07:00:00+00:00,13040000.0,13050508.0,13030000.0,13030000.0,0.9926621194596199,12938925.73382,2964
2026-09-30T07:15:00+00:00,13030000.0,13088047.0,13030000.0,13084775.0,0.69879,9117201.78931,2104
2026-09-30T07:30:00+00:00,13073051.0,13098362.0,13073051.0,13098228.0,0.9844873999212546,12888302.096,2903
2026-09-30T07:45:00+00:00,13098228.0,13111464.0,13078607.0,13081739.0,2.091317242345325,27388143.71829,5978
2026-09-30T08:00:00+00:00,13081739.0,13108503.0,13059513.0,13062436.0,1.7472181491332652,22849627.4337,4408
2026-09-30T08:15:00+00:00,13061520.0,13088687.0,13059968.0,13062359.0,1.2960143580130772,16939263.93772,3763
2026-09-30T08:30:00+00:00,13058086.0,13062066.0,13043754.0,13047650.0,1.7895264621246767,23357876.28797,5096
2026-09-30T08:45:00+00:00,13047650.0,13100692.0,13039907.0,13049317.0,1.710727746596134,22339115.83493,4329
2026-09-30T09:00:00+00:00,13049317.0,13091785.0,13047724.0,13086550.0,1.58106,20675376.28202,4602
2026-09-30T09:15:00+00:00,13092803.0,13114448.0,13091172.0,13111866.0,1.06132,13908276.23623,3135
2026-09-30T09:30:00+00:00,13111866.0,13170443.0,13111866.0,13132720.0,0.7385963804240867,9700132.74521,2163
2026-09-30T09:45:00+00:00,13132720.0,13155463.0,13126548.0,13142973.0,1.5780414271941625,20732728.78291,4532
2026-09-30T10:00:00+00:00,13162077.0,13162077.0,13151682.0,13153828.0,0.7454722055389079,9806290.00031,2176
2026-09-30T10:15:00+00:00,13153828.0,13168554.0,13142155.0,13157481.0,1.32045,17375065.71343,3944
2026-09-30T10:30:00+00:00,13157925.0,13177809.0,13156080.0,13175550.0,1.63513,21533099.70355,4796
2026-09-30T10:45:00+00:00,13189966.0,13190750.0,13186576.0,13188990.0,1.25052,16493200.65683,3657
2026-09-30T11:00:00+00:00,13188990.0,13188990.0,13156398.0,13178612.0,0.8153159625768845,10736802.02869,2481
2026-09-30T11:15:00+00:00,13178612.0,13183078.0,13159779.0,13169498.0,1.58604,20896978.3739,4607
2026-09-30T11:30:00+00:00,13169327.0,13190750.0,13155713.0,13187777.0,1.2062695705417428,15890417.77553,3617
2026-09-30T11:45:00+00:00,13188458.0,13189935.0,13171444.0,13184951.0,2.140938837224161,28218064.16476,6214
2026-09-30T12:00:00+00:00,13184951.0,13189848.0,13162448.0,13178279.0,2.06948,27262443.33704,5977
2026-09-30T12:15:00+00:00,13178279.0,13187607.0,13167556.0,13179613.0,1.1911989629316153,15695032.0248,3586
2026-09-30T12:30:00+00:00,13172985.0,13330000.0,13172985.0,13301225.0,0.18454,2449153.01376,375
2026-09-30T12:45:00+00:00,13300000.0,13406700.0,13300000.0,13382048.0,0.2516617290367518,3368051.87274,806
2026-09-30T13:00:00+00:00,13382048.0,13413972.0,13348706.0,13387226.0,0.28381,3797864.1594,815
2026-09-30T13:15:00+00:00,13387230.0,13407822.0,13359067.0,13359072.0,0.37968,5084149.2534,1248
2026-09-30T13:30:00+00:00,13359071.0,13408049.0,13187436.0,13251538.0,0.4829,6413559.46277,1082
2026-09-30T13:45:00+00:00,13249833.0,13280762.0,13238848.0,13254524.0,0.4126167309237703,5472970.73733,1323
2026-09-30T14:00:00+00:00,13254524.0,13268859.0,13195445.0,13228965.0,0.1131987810144937,1498930.33693,338
2026-09-30T14:15:00+00:00,13227165.0,13228664.0,13128741.0,13148062.0,0.6801984232956086,8952970.48968,2080
2026-09-30T14:30:00+00:00,13148679.0,13155654.0,13087116.0,13121962.0,0.44279,5812703.24978,1370
2026-09-30T14:45:00+00:00,13119438.0,13195338.0,13119438.0,13164064.0,0.96447,12682438.82699,2743
2026-09-30T15:00:00+00:00,13164064.0,13195016.0,13155482.0,13189941.0,0.31718,4179486.83677,1037
2026-09-30T15:15:00+00:00,13189941.0,13208213.0,13164673.0,13191837.0,0.67555,8909379.55711,1855
2026-09-30T15:30:00+00:00,13192089.0,13243170.0,13192089.0,13227411.0,0.74701,9879525.61342,2251
2026-09-30T15:45:00+00:00,13227411.0,13246930.0,13224695.0,13227226.0,1.36982,18130755.18014,4005
2026-09-30T16:00:00+00:00,13227511.0,13269674.0,13227511.0,13269674.0,0.84662,11225001.62453,2590
2026-09-30T16:15:00+00:00,13272603.0,13286726.0,13270015.0,13274773.0,0.23531,3124550.30215,815
2026-09-30T16:30:00+00:00,13274773.0,13274773.0,13251628.0,13267438.0,1.10267,14622817.13786,3280
2026-09-30T16:45:00+00:00,13267438.0,13279323.0,13260844.0,13264242.0,1.21327,16096375.6432,3593
2026-09-30T17:00:00+00:00,13264242.0,13265000.0,13255145.0,13259434.0,1.76141,23358429.93141,5123
2026-09-30T17:15:00+00:00,13257488.0,13257488.0,13210873.0,13240436.0,1.736489459426424,22980989.18203,5076
2026-09-30T17:30:00+00:00,13240436.0,13243091.0,13210543.0,13216940.0,1.15031,15210328.39985,3417
2026-09-30T17:45:00+00:00,13216940.0,13238833.0,13210485.0,13222518.0,2.63306,34818264.29577,7577
2026-09-30T18:00:00+00:00,13221795.0,13232040.0,13203160.0,13227177.0,1.681572680576513,22229848.57275,4890
2026-09-30T18:15:00+00:00,13213477.0,13216326.0,13199817.0,13202806.0,0.732,9666838.19586,2236
2026-09-30T18:30:00+00:00,13202272.0,13203494.0,13187417.0,13195287.0,1.85397,24463848.77458,5419
2026-09-30T18:45:00+00:00,13195287.0,13215266.0,13186818.0,13211262.0,2.60026,34330650.99362,7462
2026-09-30T19:00:00+00:00,13211262.0,13215265.0,13177673.0,13181048.0,2.18429,28827894.0493,6339
2026-09-30T19:15:00+00:00,13181048.0,13190902.0,13172736.0,13181893.0,1.52862,20147486.70621,4497
2026-09-30T19:30:00+00:00,13181893.0,13213194.0,13181366.0,13195732.0,2.56982,33915390.27613,7432
2026-09-30T19:45:00+00:00,13195732.0,13200386.0,13141105.0,13159990.0,2.33969,30808752.78732,6761
2026-09-30T20:00:00+00:00,13159991.0,13174118.0,13148739.0,13172870.0,2.352566202919712,30970240.76927,6769
2026-09-30T20:15:00+00:00,13172870.0,13193483.0,13166308.0,13186260.0,3.02294,39840830.75123,8649
2026-09-30T20:30:00+00:00,13186260.0,13187693.0,13168193.0,13174934.0,2.58154,34016880.87592,7480
2026-09-30T20:45:00+00:00,13174211.0,13181714.0,13165967.0,13175875.0,2.7975527674354526,36858097.35327,8019
2026-09-30T21:00:00+00:00,13174758.0,13190390.0,13173521.0,13187036.0,2.61888,34526055.24727,7506
2026-09-30T21:15:00+00:00,13185606.0,13190390.0,13177692.0,13181023.0,2.60318,34323655.74094,7516
2026-09-30T21:30:00+00:00,13180495.0,13194414.0,13177723.0,13180073.0,1.7121,22573006.34342,4928
2026-09-30T21:45:00+00:00,13179804.0,13185349.0,13176491.0,13183205.0,2.991156898460364,39427179.43367,8611
2026-09-30T22:00:00+00:00,13183205.0,13189850.0,13157236.0,13182485.0,2.1334335629408927,28105933.40527,6145
2026-09-30T22:15:00+00:00,13182563.0,13193949.0,13180173.0,13193949.0,1.7736,23384142.76865,5162
2026-09-30T22:30:00+00:00,13199432.0,13200649.0,13190832.0,13194872.0,1.56773,20690309.34543,4535
2026-09-30T22:45:00+00:00,13194178.0,13195538.0,13174962.0,13174962.0,2.653933773512434,34993989.29507,7622
2026-09-30T23:00:00+00:00,13174963.0,13190189.0,13172365.0,13182174.0,1.3264279033389288,17483327.03342,3938
2026-09-30T23:15:00+00:00,13182175.0,13200566.0,13177502.0,13177502.0,2.2419518504664047,29562060.60199,6461
2026-09-30T23:30:00+00:00,13177502.0,13179332.0,13151232.0,13173424.0,1.42984,18833222.24119,4215
2026-09-30T23:45:00+00:00,13170511.0,13179964.0,13167373.0,13179964.0,0.7656,10086695.05783,2288
2026-10-01T00:00:00+00:00,13179964.0,13180321.0,13161978.0,13172710.0,1.03321,13607582.887,3107
2026-10-01T00:15:00+00:00,13165046.0,13165046.0,13159226.0,13159227.0,0.0158,207918.11636,131
2026-10-01T00:30:00+00:00,13159227.0,13191434.0,13159226.0,13189457.0,0.94415,12446697.46076,2867
2026-10-01T00:45:00+00:00,13189457.0,13193506.0,13177938.0,13190858.0,1.280051677043778,16881049.78682,3738
2026-10-01T01:00:00+00:00,13190858.0,13210273.0,13186374.0,13195780.0,1.2634650812750048,16670140.04386,3605
2026-10-01T01:15:00+00:00,13201041.0,13201041.0,13201040.0,13201041.0,0.0005,6600.5202,6
2026-10-01T01:30:00+00:00,13201041.0,13217698.0,13196965.0,13213536.0,1.1158,14738945.53434,3295
2026-10-01T01:45:00+00:00,13213332.0,13222645.0,13206768.0,13215276.0,2.62093,34632099.3736,7499
2026-10-01T02:00:00+00:00,13215276.0,13238958.0,13213107.0,13225523.0,2.07717,27471494.4227,6026
2026-10-01T02:15:00+00:00,13226118.0,13229316.0,13193638.0,13208304.0,1.72134,22733736.70456,5060
2026-10-01T02:30:00+00:00,13208304.0,13221850.0,13200098.0,13204995.0,1.93812,25597387.14209,5637
2026-10-01T02:45:00+00:00,13204995.0,13213968.0,13200208.0,13210374.0,2.81231,37141668.10449,8031
2026-10-01T03:00:00+00:00,13210374.0,13214884.0,13200000.0,13204210.0,2.36242,31198725.33502,6807
2026-10-01T03:15:00+00:00,13204210.0,13216878.0,13200455.0,13214107.0,2.08614,27551428.36572,6080
2026-10-01T03:30:00+00:00,13214107.0,13241370.0,13204254.0,13241261.0,1.793650860060433,23714799.9999,5275
2026-10-01T03:45:00+00:00,13241315.0,13264114.0,13240830.0,13260087.0,1.54169,20440740.28493,640
2026-10-01T04:00:00+00:00,13260079.0,13281706.0,13252291.0,13281706.0,4.662712187857071,61880158.09589,673
2026-10-01T04:15:00+00:00,13281706.0,13312888.0,13260067.0,13282897.0,1.1711487356390708,15554951.37022,2393
2026-10-01T04:30:00+00:00,13282761.0,13288494.0,13281682.0,13284336.0,0.5003271096380725,6646158.44653,1546
2026-10-01T04:45:00+00:00,13285312.0,13318372.0,13284143.0,13304856.0,0.336277862627494,4475939.88018,1049
2026-10-01T05:00:00+00:00,13304856.0,13351682.0,13304041.0,13348076.0,3.8776655656249703,51740135.2736,1767
2026-10-01T05:15:00+00:00,13348076.0,13371347.0,13346210.0,13363601.0,8.085786060715812,108026044.47926,1365
2026-10-01T05:30:00+00:00,13364679.0,13370000.0,13355182.0,13358707.0,1.577505790579656,21080889.90338,1113
2026-10-01T05:45:00+00:00,13358707.0,13363256.0,13355000.0,13360000.0,0.04458728393993175,595548.55768,180
2026-10-01T06:00:00+00:00,13360000.0,13360001.0,13348800.0,13352463.0,0.5274636187942521,7042190.6432,1354
2026-10-01T06:15:00+00:00,13351487.0,13356008.0,13344740.0,13352618.0,1.41083,18835395.77778,3975
2026-10-01T06:30:00+00:00,13352618.0,13367119.0,13325913.0,13326486.0,2.318904883508239,30937773.3022,2069
2026-10-01T06:45:00+00:00,13326486.0,13329620.0,13326416.0,13326416.0,0.2867220260509633,3821056.87822,551
2026-10-01T07:00:00+00:00,13326416.0,13330000.0,13310229.0,13312065.0,0.39517,5262365.3965,1244
2026-10-01T07:15:00+00:00,13312065.0,13315000.0,13216756.0,13230537.0,1.604042970446806,21253368.05797,1860
2026-10-01T07:30:00+00:00,13225538.0,13266487.0,13225538.0,13238986.0,0.33107,4380618.61706,227
2026-10-01T07:45:00+00:00,13234545.0,13244490.0,13230624.0,13230624.0,0.4315905950496291,5713192.81313,1293
2026-10-01T08:00:00+00:00,13226027.0,13226027.0,13204934.0,13215524.0,0.37415,4944018.7716,1170
2026-10-01T08:15:00+00:00,13215524.0,13221047.0,13209046.0,13219972.0,1.148062700000053,15172908.57046,3408
2026-10-01T08:30:00+00:00,13219972.0,13236436.0,13178699.0,13228556.0,1.52951,20204764.64857,4468
2026-10-01T08:45:00+00:00,13229292.0,13248124.0,13223872.0,13244560.0,1.1133367400574197,14735568.70343,3288
2026-10-01T09:00:00+00:00,13244260.0,13270072.0,13240490.0,13264039.0,1.61088,21349370.86207,4746
2026-10-01T09:15:00+00:00,13264039.0,13281956.0,13258241.0,13279538.0,2.59797,34476629.18522,7498
2026-10-01T09:30:00+00:00,13279538.0,13297841.0,13279538.0,13292415.0,1.78269,23691680.00564,5222
2026-10-01T09:45:00+00:00,13291864.0,13293744.0,13277344.0,13280339.0,0.609234671109784,8095124.96616,1798
2026-10-01T10:00:00+00:00,13223416.0,13260063.0,13220657.0,13255016.0,0.46415,6149957.85805,1421
2026-10-01T10:15:00+00:00,13255018.0,13267296.0,13233348.0,13249782.0,1.34297,17797941.64085,4004
2026-10-01T10:30:00+00:00,13249776.0,13276162.0,13248438.0,13272800.0,1.82806,24245022.42184,5320
2026-10-01T10:45:00+00:00,13275024.0,13303042.0,13272222.0,13287057.0,1.982507907681628,26334802.7044,5771
2026-10-01T11:00:00+00:00,13284751.0,13284751.0,13260240.0,13270528.0,1.80089,23903604.04745,5257
2026-10-01T11:15:00+00:00,13270528.0,13277825.0,13259331.0,13277825.0,1.1918882568106697,15814556.73633,3514
2026-10-01T11:30:00+00:00,13277825.0,13281830.0,13259494.0,13274208.0,1.62545,21574517.46576,4759
2026-10-01T11:45:00+00:00,13274152.0,13283426.0,13262186.0,13265362.0,1.73819,23074858.92948,5086
2026-10-01T12:00:00+00:00,13265362.0,13283012.0,13265362.0,13281590.0,2.05731,27311500.63414,5959
2026-10-01T12:15:00+00:00,13282366.0,13282756.0,13257912.0,13275024.0,1.834968108026674,24356534.63913,5305
2026-10-01T12:30:00+00:00,13275023.0,13286231.0,13260908.0,13265739.0,0.20173753589829854,2677043.86747,639
2026-10-01T12:45:00+00:00,13266454.0,13270806.0,13229811.0,13243216.0,1.14782,15213707.05609,3400
2026-10-01T13:00:00+00:00,13243216.0,13243751.0,13200988.0,13208038.0,1.59187,21043352.63618,4666
2026-10-01T13:15:00+00:00,13207064.0,13223469.0,13201109.0,13203061.0,0.63834,8431923.25342,1885
2026-10-01T13:30:00+00:00,13205244.0,13264513.0,13203968.0,13261078.0,0.37695,4986084.81716,1245
2026-10-01T13:45:00+00:00,13262441.0,13276452.0,13224586.0,13265766.0,1.16376,15426973.75179,3447
2026-10-01T14:00:00+00:00,13266996.0,13288632.0,13219170.0,13249055.0,0.65176,8639463.99419,1616
2026-10-01T14:15:00+00:00,13249055.0,13293273.0,13248430.0,13280874.0,0.67683,8984214.14651,2075
2026-10-01T14:30:00+00:00,13280874.0,13296307.0,13237146.0,13240997.0,0.51245,6797825.62364,1553
2026-10-01T14:45:00+00:00,13240053.0,13266860.0,13206189.0,13263812.0,1.04125,13782784.72428,3116
2026-10-01T15:00:00+00:00,13264462.0,13308645.0,13235327.0,13259774.0,1.0979,14562106.68026,3238
2026-10-01T15:15:00+00:00,13259774.0,13284591.0,13248601.0,13248601.0,1.71612,22765331.32316,5016
2026-10-01T15:30:00+00:00,13246749.0,13246749.0,13201313.0,13214916.0,0.96435,12744919.01731,2933
2026-10-01T15:45:00+00:00,13214916.0,13283470.0,13214916.0,13269920.0,1.02149,13543402.9537,3061
