timestamp,open,high,low,close,volume,quote_volume,count
2026-09-23T07:05:00+00:00,13639794.0,13639795.0,13621818.0,13631479.0,0.41131,5606216.78278,1237
2026-09-23T07:10:00+00:00,13632716.0,13638828.0,13626808.0,13627154.0,0.70359,9590666.4961,2063
2026-09-23T07:15:00+00:00,13627154.0,13632944.0,13619874.0,13622641.0,0.8638,11774222.42973,2470
2026-09-23T07:20:00+00:00,13622642.0,13632784.0,13621752.0,13622022.0,0.90578,12344231.13509,2614
2026-09-23T07:25:00+00:00,13621752.0,13628271.0,13617541.0,13628271.0,0.88705,12083990.36513,2549
2026-09-23T07:30:00+00:00,13618173.0,13618173.0,13618173.0,13618173.0,0.00011,1497.99903,1
2026-09-23T07:35:00+00:00,13619190.0,13619190.0,13600570.0,13604307.0,0.66864,9099150.89657,1942
2026-09-23T07:40:00+00:00,13603332.0,13613184.0,13601934.0,13608330.0,0.13512,1838582.5813,390
2026-09-23T07:45:00+00:00,13608330.0,13608330.0,13608330.0,13608330.0,0.0,0.0,0
2026-09-23T07:50:00+00:00,13599956.0,13603492.0,13598156.0,13603469.0,0.3480435081044401,4733937.92398,916
2026-09-23T07:55:00+00:00,13603469.0,13605288.0,13589642.0,13589642.0,0.75952,10326847.2452,2200
2026-09-23T08:00:00+00:00,13589642.0,13605288.0,13589642.0,13594495.0,0.38264,5203127.04341,1144
2026-09-23T08:05:00+00:00,13594494.0,13605288.0,13582669.0,13600697.0,0.7904936098525223,10747251.1912,2096
2026-09-23T08:10:00+00:00,13600697.0,13610180.0,13599151.0,13605702.0,0.561,7632147.902,1652
2026-09-23T08:15:00+00:00,13605702.0,13620120.0,13605702.0,13616369.0,0.67952,9252243.39914,1972
2026-09-23T08:20:00+00:00,13617752.0,13619352.0,13607710.0,13607876.0,0.98475,13408301.18511,2800
2026-09-23T08:25:00+00:00,13607889.0,13615469.0,13599132.0,13602861.0,0.71652,9750156.51466,2103
2026-09-23T08:30:00+00:00,13602861.0,13605104.0,13601242.0,13605103.0,0.02915,396520.47174,93
2026-09-23T08:35:00+00:00,13605104.0,13610724.0,13599169.0,13610620.0,0.14283,1943279.27458,454
2026-09-23T08:40:00+00:00,13610620.0,13612279.0,13592197.0,13598200.0,0.59766,8132960.67795,1725
2026-09-23T08:45:00+00:00,13597720.0,13598502.0,13577742.0,13579285.0,0.45194,6141556.21482,1287
2026-09-23T08:50:00+00:00,13550000.0,13566683.0,13537030.0,13545550.0,0.23014,3117855.07272,698
2026-09-23T08:55:00+00:00,13545550.0,13571454.0,13538685.0,13569018.0,0.29365,3981128.56831,898
2026-09-23T09:00:00+00:00,13569018.0,13573970.0,13568704.0,13569025.0,0.84664,11490321.61665,2430
2026-09-23T09:05:00+00:00,13569025.0,13580673.0,13562703.0,13579676.0,0.79336,10767907.21184,2295
2026-09-23T09:10:00+00:00,13578940.0,13580413.0,13574035.0,13574035.0,0.64272,8726081.72703,1893
2026-09-23T09:15:00+00:00,13574035.0,13579221.0,13560224.0,13569416.0,0.93592,12701680.33683,2298
2026-09-23T09:20:00+00:00,13569416.0,13574789.0,13569000.0,13574493.0,0.36591,4965094.37123,1088
2026-09-23T09:25:00+00:00,13572451.0,13574847.0,13560000.0,13560000.0,0.52797,7163963.77024,1543
2026-09-23T09:30:00+00:00,13560000.0,13582891.0,13560000.0,13560000.0,0.3019987045011257,4097498.5698,518
2026-09-23T09:35:00+00:00,13560000.0,13560000.0,13549886.0,13554144.0,0.85823,11632915.07838,2489
2026-09-23T09:40:00+00:00,13554144.0,13554588.0,13545927.0,13548194.0,0.9761,13225810.04931,2790
2026-09-23T09:45:00+00:00,13548194.0,13556560.0,13547024.0,13554546.0,0.98849,13395434.15613,2817
2026-09-23T09:50:00+00:00,13554546.0,13556832.0,13535510.0,13550050.0,0.4702,6371226.57082,1400
2026-09-23T09:55:00+00:00,13550050.0,13564550.0,13544869.0,13553186.0,0.59975,8128581.76746,1750
2026-09-23T10:00:00+00:00,13553186.0,13564547.0,13549307.0,13550066.0,0.5605408007749909,7596897.41943,1623
2026-09-23T10:05:00+00:00,13550066.0,13553896.0,13542942.0,13552668.0,0.98692,13371772.74802,2825
2026-09-23T10:10:00+00:00,13552668.0,13554067.0,13543064.0,13548603.0,0.9757080220344007,13219167.82707,2784
2026-09-23T10:15:00+00:00,13548603.0,13550900.0,13542112.0,13544863.0,0.74325,10068229.07432,2111
2026-09-23T10:20:00+00:00,13541424.0,13563677.0,13528144.0,13531168.0,0.169274249594708,2294735.51391,129
2026-09-23T10:25:00+00:00,13531168.0,13540205.0,13531168.0,13540205.0,0.05096,689751.32467,131
2026-09-23T10:30:00+00:00,13540205.0,13540205.0,13532330.0,13540205.0,0.1008,1364849.78185,340
2026-09-23T10:35:00+00:00,13540205.0,13540205.0,13536086.0,13540205.0,0.07045,953887.29344,253
2026-09-23T10:40:00+00:00,13540205.0,13563916.0,13540204.0,13549278.0,0.05360556664756697,726682.06512,109
2026-09-23T10:45:00+00:00,13549278.0,13553194.0,13547641.0,13548274.0,0.0076,102972.05055,69
2026-09-23T10:50:00+00:00,13548272.0,13551776.0,13543131.0,13545420.0,0.40425,5475870.75162,1215
2026-09-23T10:55:00+00:00,13545420.0,13553195.0,13543528.0,13553195.0,0.70882,9604247.56952,2042
2026-09-23T11:00:00+00:00,13553195.0,13553195.0,13548078.0,13548088.0,0.01658,224694.65049,95
2026-09-23T11:05:00+00:00,13548480.0,13562796.0,13544095.0,13550105.0,0.525353489010673,7118551.01991,1466
2026-09-23T11:10:00+00:00,13550105.0,13550823.0,13535845.0,13545257.0,0.04042,547511.92229,169
2026-09-23T11:15:00+00:00,13545257.0,13546634.0,13540972.0,13540973.0,0.16048,2173187.16721,515
2026-09-23T11:20:00+00:00,13540972.0,13540972.0,13520548.0,13523149.0,0.29173,3945817.20358,900
2026-09-23T11:25:00+00:00,13523149.0,13527050.0,13505155.0,13510703.0,0.37448,5062911.86648,1135
2026-09-23T11:30:00+00:00,13510703.0,13524986.0,13506680.0,13509112.0,0.83408,11273657.66974,2421
2026-09-23T11:35:00+00:00,13509112.0,13515562.0,13501169.0,13507067.0,0.9674,13068204.1397,2730
2026-09-23T11:40:00+00:00,13507067.0,13510370.0,13501358.0,13505032.0,0.96482,13030358.45767,2737
2026-09-23T11:45:00+00:00,13505032.0,13525303.0,13504440.0,13520924.0,0.48673,6577713.22471,1437
2026-09-23T11:50:00+00:00,13522407.0,13528034.0,13519224.0,13525855.0,0.94008,12714088.25797,2699
2026-09-23T11:55:00+00:00,13525855.0,13530814.0,13523589.0,13530287.0,0.62735,8486141.21736,1828
2026-09-23T12:00:00+00:00,13530287.0,13530886.0,13507878.0,13508122.0,0.30213,4083141.69034,916
2026-09-23T12:05:00+00:00,13508122.0,13517609.0,13508097.0,13515831.0,0.3571808589520674,4826721.83012,1059
2026-09-23T12:10:00+00:00,13515831.0,13515966.0,13501298.0,13503346.0,0.62906,8499117.52304,1816
2026-09-23T12:15:00+00:00,13503346.0,13508571.0,13470001.0,13470474.0,0.44559,6017086.39379,1305
2026-09-23T12:20:00+00:00,13470452.0,13503891.0,13470452.0,13503891.0,0.37804,5099213.78239,1148
2026-09-23T12:25:00+00:00,13504019.0,13507244.0,13492812.0,13500700.0,0.7561,10207249.4087,2193
2026-09-23T12:30:00+00:00,13500700.0,13516057.0,13499977.0,13514340.0,0.6793299153928408,9177440.55413,1962
2026-09-23T12:35:00+00:00,13514340.0,13516057.0,13514340.0,13514978.0,0.08475,1145399.20429,305
2026-09-23T12:40:00+00:00,13514978.0,13516057.0,13504838.0,13506524.0,0.64253,8681854.01254,1864
2026-09-23T12:45:00+00:00,13506524.0,13515870.0,13504564.0,13505315.0,0.91479,12359928.25546,2613
2026-09-23T12:50:00+00:00,13505315.0,13508458.0,13502728.0,13505262.0,0.27619,3730130.36751,829
2026-09-23T12:55:00+00:00,13503990.0,13506464.0,13498438.0,13504657.0,0.94028,12696275.14938,2698
2026-09-23T13:00:00+00:00,13504657.0,13506556.0,13494167.0,13494183.0,0.73093,9867414.23136,2110
2026-09-23T13:05:00+00:00,13494183.0,13494184.0,13481821.0,13485856.0,0.06363,858073.4996,236
2026-09-23T13:10:00+00:00,13486223.0,13498320.0,13482668.0,13486978.0,0.68084,9186483.80956,1966
2026-09-23T13:15:00+00:00,13486978.0,13498733.0,13485994.0,13491302.0,0.51172,6903042.2241,1286
2026-09-23T13:20:00+00:00,13491302.0,13503786.0,13490514.0,13499509.0,0.6135778303300146,8282640.1842,1685
2026-09-23T13:25:00+00:00,13499509.0,13506627.0,13493733.0,13504462.0,0.63967,8638555.67458,1851
2026-09-23T13:30:00+00:00,13504444.0,13527364.0,13498794.0,13519911.0,0.18091,2443541.87702,587
2026-09-23T13:35:00+00:00,13519910.0,13531246.0,13519910.0,13531246.0,0.04613,624066.82965,112
2026-09-23T13:40:00+00:00,13531246.0,13545522.0,13531245.0,13545522.0,0.03323,449827.33956,143
2026-09-23T13:45:00+00:00,13545521.0,13545522.0,13531414.0,13541786.0,0.08473,1147102.39441,300
2026-09-23T13:50:00+00:00,13541786.0,13545522.0,13531421.0,13545522.0,0.34183872200073967,4628287.93108,1032
2026-09-23T13:55:00+00:00,13545522.0,13564550.0,13545521.0,13563750.0,0.00612,82942.78863,61
2026-09-23T14:00:00+00:00,13564550.0,13583824.0,13564187.0,13564540.0,0.18678402186040127,2536095.92666,562
2026-09-23T14:05:00+00:00,13564540.0,13564575.0,13501140.0,13501710.0,0.1061,1433861.50001,339
2026-09-23T14:10:00+00:00,13501710.0,13501996.0,13394750.0,13419380.0,0.11524,1548496.27373,203
2026-09-23T14:15:00+00:00,13419380.0,13433323.0,13370000.0,13370000.0,0.08946,1199871.86004,273
2026-09-23T14:20:00+00:00,13370000.0,13381516.0,13310000.0,13330080.0,0.21995,2935188.99167,624
2026-09-23T14:25:00+00:00,13329113.0,13357361.0,13310000.0,13310000.0,0.30295,4035903.06868,471
2026-09-23T14:30:00+00:00,13310000.0,13312306.0,13290000.0,13300001.0,0.0249,331208.24863,76
2026-09-23T14:35:00+00:00,13366007.0,13373295.0,13333830.0,13366486.0,0.65486,8745729.93412,1449
2026-09-23T14:40:00+00:00,13366734.0,13372508.0,13343888.0,13348047.0,0.83492,11152762.20156,2435
2026-09-23T14:45:00+00:00,13348047.0,13357585.0,13331838.0,13353160.0,0.7190699987250022,9593699.28992,2074
2026-09-23T14:50:00+00:00,13354089.0,13372508.0,13338650.0,13372508.0,0.44417,5930865.17043,1318
2026-09-23T14:55:00+00:00,13372508.0,13383894.0,13358110.0,13378548.0,0.51659,6908274.30742,1524
2026-09-23T15:00:00+00:00,13378548.0,13383894.0,13366768.0,13382862.0,0.30246099538445237,4045999.8978,892
2026-09-23T15:05:00+00:00,13382862.0,13409568.0,13382862.0,13394978.0,0.3707390046155476,4967591.55287,1101
2026-09-23T15:10:00+00:00,13395048.0,13409008.0,13389405.0,13404407.0,0.68565,9186545.69133,2013
2026-09-23T15:15:00+00:00,13404407.0,13426710.0,13393343.0,13400141.0,0.58616,7861682.96793,1720
2026-09-23T15:20:00+00:00,13396997.0,13405240.0,13382724.0,13396759.0,0.38402,5144721.08101,1166
2026-09-23T15:25:00+00:00,13396759.0,13412202.0,13385160.0,13388276.0,0.6593923952412203,8831458.05112,1932
2026-09-23T15:30:00+00:00,13388276.0,13394934.0,13370807.0,13386788.0,0.14695,1967168.49654,472
2026-09-23T15:35:00+00:00,13386789.0,13392630.0,13364564.0,13366590.0,0.50511,6752370.06008,1477
2026-09-23T15:40:00+00:00,13366464.0,13373757.0,13366084.0,13373757.0,0.04022,537613.38897,109
2026-09-23T15:45:00+00:00,13354700.0,13354700.0,13354700.0,13354700.0,0.002,26709.4,1
2026-09-23T15:50:00+00:00,13347629.0,13347629.0,13322314.0,13326649.0,0.16034,2139167.34919,518
2026-09-23T15:55:00+00:00,13326649.0,13330688.0,13290547.0,13298370.0,0.61397,8175629.50546,1808
2026-09-23T16:00:00+00:00,13298370.0,13305802.0,13240000.0,13293859.0,0.18709,2485007.97388,405
2026-09-23T16:05:00+00:00,13292023.0,13331199.0,13292023.0,13331199.0,0.0042,55962.98452,58
2026-09-23T16:10:00+00:00,13331199.0,13345325.0,13331199.0,13345179.0,0.34406,4591187.36606,1025
2026-09-23T16:15:00+00:00,13347401.0,13358405.0,13345099.0,13350000.0,0.5167,6897244.55593,1509
2026-09-23T16:20:00+00:00,13350000.0,13350001.0,13328882.0,13339379.0,0.08133,1085296.39114,263
2026-09-23T16:25:00+00:00,13340314.0,13347537.0,13339439.0,13339440.0,0.10755,1434844.55221,350
2026-09-23T16:30:00+00:00,13339439.0,13350006.0,13333706.0,13335130.0,0.39094,5215103.07127,1171
2026-09-23T16:35:00+00:00,13335130.0,13338079.0,13301436.0,13301436.0,0.58986,7859959.51773,1740
2026-09-23T16:40:00+00:00,13299567.0,13315443.0,13284900.0,13311162.0,0.68787,9153235.31083,1987
2026-09-23T16:45:00+00:00,13311162.0,13318796.0,13278215.0,13278215.0,0.78242,10406834.11778,2252
2026-09-23T16:50:00+00:00,13281732.0,13295392.0,13271483.0,13290172.0,0.49655,6596912.35402,1479
2026-09-23T16:55:00+00:00,13290172.0,13300000.0,13283346.0,13299988.0,0.49024,6516400.17074,1470
2026-09-23T17:00:00+00:00,13300000.0,13322438.0,13273682.0,13283421.0,0.07695766917293233,1023161.5557566917,274
2026-09-23T17:05:00+00:00,13283421.0,13286944.0,13254132.0,13277688.0,0.05274,700392.05945,194
2026-09-23T17:10:00+00:00,13269599.0,13276034.0,13253370.0,13263060.0,0.07106,943004.08325,260
2026-09-23T17:15:00+00:00,13259291.0,13304292.0,13259291.0,13299302.0,0.38102,5062232.90593,1153
2026-09-23T17:20:00+00:00,13299302.0,13325472.0,13296647.0,13302758.0,0.49442,6576573.77679,1458
2026-09-23T17:25:00+00:00,13302758.0,13309900.0,13299055.0,13302264.0,0.5477,7287057.29385,1618
2026-09-23T17:30:00+00:00,13302008.0,13312459.0,13297971.0,13305435.0,0.7113,9464961.40055,2088
2026-09-23T17:35:00+00:00,13305340.0,13307097.0,13302738.0,13307097.0,0.0347,461703.0104,157
2026-09-23T17:40:00+00:00,13307097.0,13321250.0,13307097.0,13321073.0,0.2937508196907365,3911417.11373,903
2026-09-23T17:45:00+00:00,13321073.0,13344758.0,13321072.0,13343157.0,0.31797,4241730.2546,913
2026-09-23T17:50:00+00:00,13341034.0,13346668.0,13334406.0,13341118.0,0.65929,8796517.30338,1919
2026-09-23T17:55:00+00:00,13339926.0,13344118.0,13332186.0,13339413.0,0.29608,3948886.73883,844
2026-09-23T18:00:00+00:00,13339413.0,13339413.0,13339413.0,13339413.0,0.0,0.0,0
2026-09-23T18:05:00+00:00,13335480.0,13346668.0,13334077.0,13336314.0,0.10032,1338162.947,345
2026-09-23T18:10:00+00:00,13336308.0,13336308.0,13334357.0,13334357.0,0.00387,51608.41015,15
2026-09-23T18:15:00+00:00,13334357.0,13334357.0,13334357.0,13334357.0,0.0,0.0,0
2026-09-23T18:20:00+00:00,13336269.0,13337449.0,13326256.0,13334640.0,0.16602,2213656.14173,531
2026-09-23T18:25:00+00:00,13334640.0,13338841.0,13322940.0,13323397.0,0.74238,9896012.06506,2167
2026-09-23T18:30:00+00:00,13323397.0,13329813.0,13315222.0,13315602.0,0.71125,9475399.70677,2076
2026-09-23T18:35:00+00:00,13316984.0,13323645.0,13313779.0,13320780.0,0.73541,9794692.40679,2143
2026-09-23T18:40:00+00:00,13320780.0,13326205.0,13316020.0,13326205.0,0.46266,6163427.58568,1344
2026-09-23T18:45:00+00:00,13326205.0,13326205.0,13326205.0,13326205.0,0.0,0.0,0
2026-09-23T18:50:00+00:00,13329812.0,13346668.0,13329812.0,13344027.0,0.06934,925168.06444,231
2026-09-23T18:55:00+00:00,13344028.0,13351130.0,13344028.0,13346748.0,0.26374,3520505.7182,805
2026-09-23T19:00:00+00:00,13346748.0,13351130.0,13340287.0,13343512.0,0.5606,7481788.16581,1685
2026-09-23T19:05:00+00:00,13343512.0,13351130.0,13337088.0,13350402.0,0.50048,6678829.76891,1481
2026-09-23T19:10:00+00:00,13350402.0,13359250.0,13349049.0,13359250.0,0.23607,3152668.37,741
2026-09-23T19:15:00+00:00,13359250.0,13359250.0,13351750.0,13359250.0,0.3255,4347180.34597,981
2026-09-23T19:20:00+00:00,13359250.0,13368226.0,13350302.0,13368226.0,0.13889,1855785.49594,458
2026-09-23T19:25:00+00:00,13368340.0,13372659.0,13356460.0,13357142.0,0.55843,7462620.96786,1615
2026-09-23T19:30:00+00:00,13357142.0,13365818.0,13353260.0,13364574.0,1.02996,13761140.00024,2939
2026-09-23T19:35:00+00:00,13364574.0,13365958.0,13360124.0,13363086.0,0.92711,12389580.06798,2652
2026-09-23T19:40:00+00:00,13363996.0,13365958.0,13356320.0,13363492.0,1.05023,14034213.55012,3027
2026-09-23T19:45:00+00:00,13363904.0,13365958.0,13360472.0,13365958.0,0.29568,3951385.24338,882
2026-09-23T19:50:00+00:00,13365958.0,13376436.0,13365957.0,13372208.0,0.09967,1332997.88172,343
2026-09-23T19:55:00+00:00,13372211.0,13378132.0,13367738.0,13377644.0,1.01701,13602944.50862,2938
2026-09-23T20:00:00+00:00,13377644.0,13378307.0,13345412.0,13351694.0,0.27008,3611042.93129,815
2026-09-23T20:05:00+00:00,13351443.0,13370776.0,13350459.0,13361792.0,0.37036,4946847.2688,1121
2026-09-23T20:10:00+00:00,13362784.0,13364644.0,13355057.0,13355057.0,0.47432,6337485.91942,1421
2026-09-23T20:15:00+00:00,13355765.0,13363558.0,13355240.0,13356870.0,0.96772,12929256.06687,2773
2026-09-23T20:20:00+00:00,13356870.0,13362314.0,13352415.0,13352415.0,0.90727,12118550.70125,2592
2026-09-23T20:25:00+00:00,13352415.0,13352416.0,13352136.0,13352136.0,0.00417,55679.41644,58
2026-09-23T20:30:00+00:00,13353602.0,13356965.0,13353602.0,13356706.0,0.26402,3526445.40656,816
2026-09-23T20:35:00+00:00,13356706.0,13363645.0,13352518.0,13363645.0,0.32484,4338815.06691,977
2026-09-23T20:40:00+00:00,13363645.0,13370568.0,13362586.0,13364793.0,0.72556,9697689.37071,2140
2026-09-23T20:45:00+00:00,13365939.0,13368959.0,13358739.0,13358739.0,0.72056,9629573.45523,2060
2026-09-23T20:50:00+00:00,13358739.0,13358994.0,13350101.0,13352288.0,0.20842,2783171.12999,638
2026-09-23T20:55:00+00:00,13352288.0,13353292.0,13352001.0,13352002.0,0.02821,376671.81526,126
2026-09-23T21:00:00+00:00,13348200.0,13356551.0,13342804.0,13352036.0,0.13087,1746826.72117,420
2026-09-23T21:05:00+00:00,13350582.0,13355752.0,13344840.0,13355454.0,0.94305,12588755.35854,2681
2026-09-23T21:10:00+00:00,13355804.0,13356551.0,13353527.0,13356128.0,0.6615,8835097.18356,1913
2026-09-23T21:15:00+00:00,13356128.0,13356504.0,13350346.0,13350346.0,0.77784,10388387.15475,2247
2026-09-23T21:20:00+00:00,13350346.0,13356551.0,13348818.0,13356551.0,0.66264,8849172.64627,1930
2026-09-23T21:25:00+00:00,13356551.0,13356551.0,13356551.0,13356551.0,8e-05,1068.52408,2
2026-09-23T21:30:00+00:00,13356551.0,13356551.0,13356551.0,13356551.0,0.0,0.0,0
2026-09-23T21:35:00+00:00,13356551.0,13370776.0,13356551.0,13369530.0,0.6247345636291475,8352069.45837,1819
2026-09-23T21:40:00+00:00,13369530.0,13370776.0,13368240.0,13370776.0,0.36795,4919370.64568,1086
2026-09-23T21:45:00+00:00,13370776.0,13374990.0,13370775.0,13370806.0,0.14142,1890969.43046,452
2026-09-23T21:50:00+00:00,13370838.0,13376591.0,13370776.0,13373527.0,0.58651,7843592.7506,1731
2026-09-23T21:55:00+00:00,13373527.0,13378200.0,13370776.0,13372304.0,0.92218,12332983.14957,2648
2026-09-23T22:00:00+00:00,13371270.0,13371270.0,13371270.0,13371270.0,0.00013,1738.2651,1
2026-09-23T22:05:00+00:00,13370777.0,13397890.0,13370777.0,13397889.0,0.21671,2902440.39235,605
2026-09-23T22:10:00+00:00,13397890.0,13399802.0,13397889.0,13397890.0,0.22326,2991430.14427,681
2026-09-23T22:15:00+00:00,13397889.0,13397890.0,13386139.0,13391744.0,0.67428,9028520.01672,1952
2026-09-23T22:20:00+00:00,13391744.0,13392781.0,13377137.0,13378418.0,0.60028,8034588.21974,1778
2026-09-23T22:25:00+00:00,13378418.0,13379148.0,13374282.0,13374793.0,0.39874183647290706,5333974.38534,1183
2026-09-23T22:30:00+00:00,13374793.0,13375765.0,13370776.0,13372518.0,0.32385,4330911.6333,969
2026-09-23T22:35:00+00:00,13372518.0,13376393.0,13367256.0,13374246.0,0.8121149135443314,10860069.51148,2335
2026-09-23T22:40:00+00:00,13374246.0,13378472.0,13372126.0,13375456.0,0.83974,11232739.46543,2410
2026-09-23T22:45:00+00:00,13375456.0,13392976.0,13375004.0,13391020.0,0.77239,10339281.84134,2245
2026-09-23T22:50:00+00:00,13391020.0,13391662.0,13378830.0,13387787.0,0.83782,11216759.2277,2403
2026-09-23T22:55:00+00:00,13387787.0,13389968.0,13382520.0,13384141.0,1.02349,13701399.66084,2897
2026-09-23T23:00:00+00:00,13384983.0,13387035.0,13376108.0,13383497.0,0.32135,4300155.57613,976
2026-09-23T23:05:00+00:00,13383497.0,13383497.0,13376405.0,13381519.0,0.65807,8806323.42756,1901
2026-09-23T23:10:00+00:00,13381519.0,13383004.0,13379580.0,13381457.0,0.4069,5444888.44047,1141
2026-09-23T23:15:00+00:00,13381457.0,13381457.0,13381457.0,13381457.0,0.0,0.0,0
2026-09-23T23:20:00+00:00,13380784.0,13380791.0,13379261.0,13380785.0,0.03695,494396.49592,94
2026-09-23T23:25:00+00:00,13380785.0,13387194.0,13380613.0,13386520.0,0.24761567978635035,3313962.49173,761
2026-09-23T23:30:00+00:00,13386520.0,13389730.0,13380245.0,13387900.0,1.00363,13432861.4777,2870
2026-09-23T23:35:00+00:00,13387900.0,13391666.0,13381894.0,13388552.0,0.78662,10530538.3939,2286
2026-09-23T23:40:00+00:00,13388552.0,13392243.0,13375452.0,13379340.0,0.69109,9247349.37419,2012
2026-09-23T23:45:00+00:00,13379340.0,13384005.0,13368934.0,13372912.0,0.70436,9421925.88748,2039
2026-09-23T23:50:00+00:00,13372244.0,13373578.0,13358860.0,13365482.0,0.95553,12769908.26227,2753
2026-09-23T23:55:00+00:00,13365482.0,13365854.0,13356598.0,13359362.0,1.00703,13455625.90289,2857
2026-09-24T00:00:00+00:00,13359362.0,13366268.0,13357537.0,13365656.0,0.41979,5609601.00295,1243
2026-09-24T00:05:00+00:00,13365656.0,13397921.0,13365568.0,13367873.0,0.17133706252783548,2292834.76817,131
2026-09-24T00:10:00+00:00,13367873.0,13367873.0,13367000.0,13367000.0,0.01618,216290.18527,93
2026-09-24T00:15:00+00:00,13367000.0,13372422.0,13367000.0,13368496.0,0.32312,4319801.06466,997
2026-09-24T00:20:00+00:00,13368394.0,13369789.0,13367000.0,13367000.0,0.21047,2813553.51429,640
2026-09-24T00:25:00+00:00,13367000.0,13367000.0,13360000.0,13360001.0,0.03909,522488.4521,61
2026-09-24T00:30:00+00:00,13360000.0,13362407.0,13360000.0,13360000.0,0.00391,52240.95642,57
2026-09-24T00:35:00+00:00,13360000.0,13360001.0,13350000.0,13350000.0,0.01071,143015.40696,72
2026-09-24T00:40:00+00:00,13350000.0,13351567.0,13349823.0,13350570.0,0.04075,544035.78335,167
2026-09-24T00:45:00+00:00,13350570.0,13353433.0,13340025.0,13346966.0,0.85501,11411872.90173,2470
2026-09-24T00:50:00+00:00,13346966.0,13347704.0,13310000.0,13310225.0,0.24818,3311380.20926,721
2026-09-24T00:55:00+00:00,13310225.0,13339220.0,13310076.0,13328464.0,0.33967,4527394.60557,1017
2026-09-24T01:00:00+00:00,13328463.0,13336862.0,13323240.0,13327119.0,0.47708,6359318.77166,1385
2026-09-24T01:05:00+00:00,13325168.0,13325724.0,13310000.0,13310000.0,0.17517,2332931.82687,562
2026-09-24T01:10:00+00:00,13310000.0,13311596.0,13310000.0,13310000.0,0.07357,979254.42384,269
2026-09-24T01:15:00+00:00,13310000.0,13317973.0,13310000.0,13317973.0,0.04626,615741.69546,184
2026-09-24T01:20:00+00:00,13323982.0,13323982.0,13303802.0,13315033.0,0.22208,2957844.12146,674
2026-09-24T01:25:00+00:00,13315033.0,13315274.0,13300000.0,13300070.0,0.72292,9618602.26235,2113
2026-09-24T01:30:00+00:00,13300070.0,13300070.0,13300070.0,13300070.0,0.0,0.0,0
2026-09-24T01:35:00+00:00,13316560.0,13329836.0,13300000.0,13300000.0,0.32871,4377902.80004,983
2026-09-24T01:40:00+00:00,13300000.0,13300080.0,13280000.0,13285875.0,0.02272,302126.09389,88
2026-09-24T01:45:00+00:00,13280000.0,13280000.0,13280000.0,13280000.0,0.0024,31872.0,2
2026-09-24T01:50:00+00:00,13280000.0,13280006.0,13280000.0,13280006.0,0.00059,7835.20055,8
2026-09-24T01:55:00+00:00,13280007.0,13285598.0,13280000.0,13280001.0,0.15578747269841348,2069418.41676,452
2026-09-24T02:00:00+00:00,13280000.0,13280001.0,13260000.0,13260000.0,0.01551,205835.57106,64
2026-09-24T02:05:00+00:00,13260000.0,13260001.0,13230000.0,13230834.0,0.0282,373422.0511,67
2026-09-24T02:10:00+00:00,13230834.0,13251514.0,13230000.0,13247960.0,0.03111,411880.58412,142
2026-09-24T02:15:00+00:00,13251811.0,13290210.0,13251811.0,13284324.0,0.19188,2548435.21908,608
2026-09-24T02:20:00+00:00,13285262.0,13289133.0,13266659.0,13266659.0,0.02779,368812.56401,133
2026-09-24T02:25:00+00:00,13266660.0,13274889.0,13260671.0,13271778.0,0.48512,6437109.00341,1424
2026-09-24T02:30:00+00:00,13271861.0,13301592.0,13269437.0,13297926.0,1.2541,16663620.302,1644
2026-09-24T02:35:00+00:00,13295830.0,13304946.0,13286174.0,13304863.0,0.9924879080866729,13195594.65484,664
2026-09-24T02:40:00+00:00,13304863.0,13311466.0,13304862.0,13309544.0,0.4946828857791092,6583902.93626,109
2026-09-24T02:45:00+00:00,13309544.0,13320566.0,13309543.0,13315152.0,0.88237,11750765.78999,669
2026-09-24T02:50:00+00:00,13315966.0,13319788.0,13310910.0,13319355.0,1.29528,17247265.08685,1665
2026-09-24T02:55:00+00:00,13316454.0,13318934.0,13312029.0,13312244.0,0.734950565499655,9786170.25891,1567
2026-09-24T03:00:00+00:00,13312892.0,13329976.0,13311986.0,13321335.0,0.47549,6332903.0262,1413
2026-09-24T03:05:00+00:00,13321335.0,13326136.0,13305728.0,13309004.0,0.90508,12052496.78293,2596
2026-09-24T03:10:00+00:00,13309086.0,13311196.0,13206262.0,13308594.0,1.3313,17692214.48747,2399
2026-09-24T03:15:00+00:00,13308594.0,13313035.0,13295039.0,13295324.0,0.3485003898707008,4637040.00341,1042
2026-09-24T03:20:00+00:00,13295170.0,13295170.0,13266711.0,13266711.0,0.16897,2244251.32158,530
2026-09-24T03:25:00+00:00,13266712.0,13274289.0,13259430.0,13272789.0,0.61011,8094287.47272,1774
2026-09-24T03:30:00+00:00,13272789.0,13273606.0,13255942.0,13265856.0,0.3745,4967276.85221,1091
2026-09-24T03:35:00+00:00,13265856.0,13269267.0,13246565.0,13255688.0,0.62427,8277737.65434,1805
2026-09-24T03:40:00+00:00,13255688.0,13274002.0,13255370.0,13272591.0,0.56886,7547626.04659,1649
2026-09-24T03:45:00+00:00,13272591.0,13275964.0,13265324.0,13271309.0,1.53166,20328366.91883,1215
2026-09-24T03:50:00+00:00,13270871.0,13272592.0,13185490.0,13254677.0,2.800611281295936,37148965.55287,611
2026-09-24T03:55:00+00:00,13266694.0,13266694.0,13260394.0,13260394.0,0.1777,2356638.08968,473
2026-09-24T04:00:00+00:00,13264228.0,13267772.0,13243111.0,13248138.0,0.40273,5337072.30678,1198
2026-09-24T04:05:00+00:00,13248138.0,13258944.0,13241523.0,13256512.0,0.73947,9798962.67818,1715
2026-09-24T04:10:00+00:00,13256512.0,13263637.0,13245624.0,13252707.0,1.61151,21358576.65437,1135
2026-09-24T04:15:00+00:00,13252707.0,13264990.0,13246340.0,13252826.0,1.1526,15278388.65271,1279
2026-09-24T04:20:00+00:00,13256857.0,13266751.0,13253927.0,13266246.0,0.28958,3840024.78249,451
2026-09-24T04:25:00+00:00,13266281.0,13272300.0,13259893.0,13264974.0,1.9432833159996985,25782465.92956,1459
2026-09-24T04:30:00+00:00,13266953.0,13269518.0,13260678.0,13266829.0,1.82791,24248116.75652,1250
2026-09-24T04:35:00+00:00,13266936.0,13270001.0,13250821.0,13263278.0,2.24614,29802760.1362,1155
2026-09-24T04:40:00+00:00,13262146.0,13270000.0,13257475.0,13267914.0,2.8374,37643623.16831,1462
2026-09-24T04:45:00+00:00,13269406.0,13270000.0,13252358.0,13257305.0,3.50284293896006,46457967.57365,2587
2026-09-24T04:50:00+00:00,13255056.0,13257598.0,13249898.0,13254999.0,0.42318,5609005.83219,1248
2026-09-24T04:55:00+00:00,13254999.0,13278059.0,13254998.0,13275520.0,0.23289,3091334.00289,709
2026-09-24T05:00:00+00:00,13275547.0,13302530.0,13273060.0,13302228.0,0.4423,5877123.69883,1317
2026-09-24T05:05:00+00:00,13301304.0,13323626.0,13301304.0,13314255.0,0.32958,4387009.45303,991
2026-09-24T05:10:00+00:00,13314254.0,13314255.0,13304937.0,13313279.0,1.00652,13394108.05053,849
2026-09-24T05:15:00+00:00,13313277.0,13320000.0,13306771.0,13312504.0,1.82348,24277681.74733,1358
2026-09-24T05:20:00+00:00,13312504.0,13318148.0,13297582.0,13314865.0,3.04622,40552241.34983,1221
2026-09-24T05:25:00+00:00,13315000.0,13324583.0,13314450.0,13319462.0,2.625517282561666,34971008.8921,726
2026-09-24T05:30:00+00:00,13319462.0,13320000.0,13314228.0,13314396.0,0.73619,9804911.97126,2099
2026-09-24T05:35:00+00:00,13314063.0,13320028.0,13314063.0,13317819.0,0.56892,7576420.35681,1647
2026-09-24T05:40:00+00:00,13317820.0,13320000.0,13317820.0,13320000.0,0.01855,247081.99886,96
2026-09-24T05:45:00+00:00,13320000.0,13350000.0,13319999.0,13335352.0,0.29977,3996733.40463,740
2026-09-24T05:50:00+00:00,13335352.0,13339851.0,13330320.0,13332610.0,0.53083,7078563.45576,1524
2026-09-24T05:55:00+00:00,13332223.0,13333273.0,13302688.0,13308510.0,0.86818,11563838.25129,2211
2026-09-24T06:00:00+00:00,13306748.0,13314377.0,13294373.0,13299698.0,0.29394,3910920.62754,849
2026-09-24T06:05:00+00:00,13314644.0,13324514.0,13292145.0,13322543.0,0.69867,9297560.94011,1563
2026-09-24T06:10:00+00:00,13322543.0,13323760.0,13316834.0,13322674.0,0.02593,345386.58982,125
2026-09-24T06:15:00+00:00,13322674.0,13345000.0,13319874.0,13345000.0,1.35109,18021358.94239,1307
2026-09-24T06:20:00+00:00,13341701.0,13348140.0,13330288.0,13348140.0,0.79553,10610195.50465,989
2026-09-24T06:25:00+00:00,13348140.0,13359637.0,13333061.0,13358656.0,0.90942,12138248.61096,936
2026-09-24T06:30:00+00:00,13356480.0,13364550.0,13344857.0,13355276.0,1.04066,13900080.12563,1381
2026-09-24T06:35:00+00:00,13355546.0,13364278.0,13352681.0,13363463.0,1.12837,15074897.36976,489
2026-09-24T06:40:00+00:00,13364313.0,13370386.0,13356062.0,13365923.0,0.82143,10977963.29676,332
2026-09-24T06:45:00+00:00,13365924.0,13367275.0,13338383.0,13343157.0,0.12104949436295359,1616745.16749,177
2026-09-24T06:50:00+00:00,13343157.0,13347609.0,13335901.0,13335901.0,0.14896,1987203.50726,456
2026-09-24T06:55:00+00:00,13335901.0,13336931.0,13334341.0,13334341.0,0.17714,2362401.11107,554
2026-09-24T07:00:00+00:00,13334341.0,13335651.0,13309806.0,13319869.0,0.3477,4629672.03383,379
2026-09-24T07:05:00+00:00,13320653.0,13350006.0,13320653.0,13339256.0,0.93522,12475167.23992,283
2026-09-24T07:10:00+00:00,13339255.0,13348816.0,13332482.0,13346986.0,0.83424,11128002.52504,1221
2026-09-24T07:15:00+00:00,13346986.0,13363648.0,13341279.0,13363646.0,1.19204,15922084.20114,903
2026-09-24T07:20:00+00:00,13363650.0,13377214.0,13363650.0,13377214.0,0.06852,916142.7392,98
2026-09-24T07:25:00+00:00,13377214.0,13398029.0,13375736.0,13390241.0,0.1312319216960205,1756749.24446,297
2026-09-24T07:30:00+00:00,13390241.0,13406421.0,13390240.0,13402084.0,0.2338,3133716.88795,644
2026-09-24T07:35:00+00:00,13402084.0,13412322.0,13395841.0,13404109.0,1.12154,15036480.6414,380
2026-09-24T07:40:00+00:00,13404109.0,13404577.0,13387163.0,13397562.0,4.83399,64770501.0919,1168
2026-09-24T07:45:00+00:00,13397562.0,13401044.0,13386557.0,13401044.0,1.52876,20475646.38017,1479
2026-09-24T07:50:00+00:00,13401044.0,13422273.0,13397780.0,13420503.0,7.609598870001385,102046852.37348,1749
2026-09-24T07:55:00+00:00,13419920.0,13425461.0,13407575.0,13415224.0,0.5014497583119402,6728768.30026,1273
2026-09-24T08:00:00+00:00,13415224.0,13415224.0,13408867.0,13410726.0,0.65983,8850552.36513,1902
2026-09-24T08:05:00+00:00,13410726.0,13415224.0,13396554.0,13408095.0,0.4709,6314495.73032,1366
2026-09-24T08:10:00+00:00,13406508.0,13407804.0,13368536.0,13368536.0,0.28163,3773289.98624,498
2026-09-24T08:15:00+00:00,13368536.0,13377074.0,13361990.0,13363712.0,0.14465,1933716.44642,295
2026-09-24T08:20:00+00:00,13363711.0,13363711.0,13330907.0,13331472.0,0.05611,748744.89255,180
2026-09-24T08:25:00+00:00,13331472.0,13337583.0,13284067.0,13284067.0,0.08022,1069692.10748,275
2026-09-24T08:30:00+00:00,13281214.0,13303918.0,13272248.0,13281264.0,0.27509,3658301.15492,814
2026-09-24T08:35:00+00:00,13281265.0,13309759.0,13261444.0,13293647.0,1.2921097512869981,17165171.02076,1887
2026-09-24T08:40:00+00:00,13293647.0,13312648.0,13277310.0,13290216.0,1.53388,20392588.21599,1508
2026-09-24T08:45:00+00:00,13285894.0,13295872.0,13226020.0,13226973.0,1.260253602497583,16728584.40269,1238
2026-09-24T08:50:00+00:00,13226020.0,13248075.0,13224463.0,13243798.0,0.10911,1444321.7019,311
2026-09-24T08:55:00+00:00,13242529.0,13259465.0,13236890.0,13259465.0,0.06221,824324.58226,230
2026-09-24T09:00:00+00:00,13265587.0,13279762.0,13243620.0,13243620.0,0.27025,3583039.31804,362
2026-09-24T09:05:00+00:00,13253739.0,13269018.0,13253739.0,13266954.0,0.39836,5284405.99783,1202
2026-09-24T09:10:00+00:00,13266946.0,13267910.0,13242344.0,13242344.0,0.07853,1040767.19087,279
2026-09-24T09:15:00+00:00,13242344.0,13248482.0,13236920.0,13236920.0,0.00907,120089.36263,28
2026-09-24T09:20:00+00:00,13248955.0,13253886.0,13235592.0,13238595.0,0.11982,1587168.68508,405
2026-09-24T09:25:00+00:00,13238274.0,13242487.0,13228254.0,13229506.0,0.06218,823084.88313,234
2026-09-24T09:30:00+00:00,13229506.0,13248245.0,13180805.0,13180805.0,0.08657337084065164,1144882.7456,23
2026-09-24T09:35:00+00:00,13180000.0,13234186.0,13171753.0,13218869.0,0.13802,1823380.0139,403
2026-09-24T09:40:00+00:00,13215845.0,13215845.0,13215845.0,13215845.0,0.00152,20088.0844,2
2026-09-24T09:45:00+00:00,13194732.0,13194732.0,13194732.0,13194732.0,0.0054,71251.5528,1
2026-09-24T09:50:00+00:00,13201204.0,13220446.0,13201204.0,13218348.0,0.3505,4632201.54445,1030
2026-09-24T09:55:00+00:00,13218349.0,13224916.0,13215281.0,13224657.0,0.04797808163947088,634314.1757,181
2026-09-24T10:00:00+00:00,13224657.0,13224657.0,13224657.0,13224657.0,0.0,0.0,0
2026-09-24T10:05:00+00:00,13239093.0,13239099.0,13215762.0,13235142.0,0.04999,661538.97198,189
2026-09-24T10:10:00+00:00,13233798.0,13241382.0,13209978.0,13231431.0,0.11611,1535932.40396,366
2026-09-24T10:15:00+00:00,13231431.0,13240881.0,13227128.0,13232184.0,0.34011,4500835.79414,1027
2026-09-24T10:20:00+00:00,13233502.0,13233502.0,13216664.0,13223396.0,0.25719,3401474.12506,707
2026-09-24T10:25:00+00:00,13224430.0,13230494.0,13212807.0,13225149.0,0.45616,6033135.78936,1329
2026-09-24T10:30:00+00:00,13227470.0,13231978.0,13211747.0,13227748.0,0.63239,8361117.62263,1826
2026-09-24T10:35:00+00:00,13229255.0,13237218.0,13221471.0,13237218.0,0.1172,1550402.83015,395
2026-09-24T10:40:00+00:00,13240466.0,13250928.0,13240466.0,13245804.0,0.11449,1516589.99288,387
2026-09-24T10:45:00+00:00,13246141.0,13268706.0,13243588.0,13267106.0,0.28338,3755266.24818,874
2026-09-24T10:50:00+00:00,13267106.0,13273964.0,13258503.0,13261921.0,0.47019344386650436,6237501.10882,1418
2026-09-24T10:55:00+00:00,13261539.0,13272750.0,13251778.0,13261397.0,0.28866083366898343,3828089.90071,803
2026-09-24T11:00:00+00:00,13261397.0,13280318.0,13261397.0,13280317.0,0.29532,3919913.10466,897
2026-09-24T11:05:00+00:00,13276083.0,13276083.0,13262972.0,13266669.0,0.03235,429203.14796,146
2026-09-24T11:10:00+00:00,13268121.0,13270587.0,13264015.0,13267109.0,0.10625,1409581.54226,331
2026-09-24T11:15:00+00:00,13267109.0,13267109.0,13267109.0,13267109.0,0.0,0.0,0
2026-09-24T11:20:00+00:00,13266855.0,13274638.0,13262613.0,13272878.0,0.34140663247238834,4530290.4037,1034
2026-09-24T11:25:00+00:00,13272878.0,13274034.0,13269811.0,13270966.0,0.22114,2935042.82586,653
2026-09-24T11:30:00+00:00,13266732.0,13268917.0,13266732.0,13266732.0,0.05405928022483253,717195.80952,10
2026-09-24T11:35:00+00:00,13266731.0,13266731.0,13257645.0,13262709.0,0.04501,596947.92784,174
2026-09-24T11:40:00+00:00,13262870.0,13265247.0,13253753.0,13261269.0,0.16895,2240247.17479,533
2026-09-24T11:45:00+00:00,13261269.0,13266840.0,13258533.0,13260050.0,0.38933,5163332.56093,1172
2026-09-24T11:50:00+00:00,13260050.0,13267510.0,13253311.0,13261341.0,0.20522,2721162.13249,644
2026-09-24T11:55:00+00:00,13258549.0,13275736.0,13254406.0,13265262.0,0.6405,8495337.30312,1859
2026-09-24T12:00:00+00:00,13265262.0,13267138.0,13249634.0,13257873.0,0.39963,5298908.286,1193
2026-09-24T12:05:00+00:00,13257873.0,13277701.0,13257873.0,13275155.0,0.12533,1662849.44504,419
2026-09-24T12:10:00+00:00,13275155.0,13285987.0,13266454.0,13271865.0,0.63724,8461912.11814,1862
2026-09-24T12:15:00+00:00,13271865.0,13283432.0,13267008.0,13270330.0,0.51375,6820028.56937,1495
2026-09-24T12:20:00+00:00,13269370.0,13287544.0,13268434.0,13286856.0,0.26683,3543158.01551,828
2026-09-24T12:25:00+00:00,13286856.0,13288204.0,13263652.0,13270164.0,0.66636,8842163.52257,1950
2026-09-24T12:30:00+00:00,13270164.0,13276769.0,13243375.0,13253138.0,0.32284,4283062.81923,977
2026-09-24T12:35:00+00:00,13249285.0,13254224.0,13242050.0,13248988.0,0.54943,7279911.13353,1623
2026-09-24T12:40:00+00:00,13248988.0,13266128.0,13247026.0,13258153.0,0.79834,10584831.12931,2338
2026-09-24T12:45:00+00:00,13258153.0,13258154.0,13257666.0,13257666.0,0.02039,270331.95006,69
2026-09-24T12:50:00+00:00,13258154.0,13258154.0,13250816.0,13256084.0,0.54469,7219622.0947,1614
2026-09-24T12:55:00+00:00,13256084.0,13284952.0,13254015.0,13280356.0,0.21671,2873430.98871,651
2026-09-24T13:00:00+00:00,13280356.0,13280356.0,13280356.0,13280356.0,0.0,0.0,0
2026-09-24T13:05:00+00:00,13294661.0,13299202.0,13285982.0,13293480.0,0.74243,9868584.78926,2142
2026-09-24T13:10:00+00:00,13293480.0,13300000.0,13285252.0,13300000.0,0.53864,7159697.83669,1591
2026-09-24T13:15:00+00:00,13300000.0,13323987.0,13298704.0,13323987.0,0.22922,3050527.40539,709
2026-09-24T13:20:00+00:00,13323583.0,13325000.0,13304301.0,13310509.0,0.17698,2356158.10466,556
2026-09-24T13:25:00+00:00,13308388.0,13319011.0,13308388.0,13309831.0,0.21588,2874290.27387,668
2026-09-24T13:30:00+00:00,13309830.0,13375000.0,13308248.0,13366085.0,0.02673,356576.31891,124
2026-09-24T13:35:00+00:00,13366085.0,13394124.0,13340804.0,13385516.0,0.03496,466993.67636,147
2026-09-24T13:40:00+00:00,13384266.0,13384266.0,13324646.0,13329374.0,0.28897872363210625,3857574.13928,867
2026-09-24T13:45:00+00:00,13329912.0,13352345.0,13321889.0,13326214.0,0.39433,5259982.29535,1165
2026-09-24T13:50:00+00:00,13320366.0,13346234.0,13314951.0,13346234.0,0.38418,5122767.45583,1136
2026-09-24T13:55:00+00:00,13346234.0,13374455.0,13345623.0,13374094.0,0.93646,12516665.22358,2683
2026-09-24T14:00:00+00:00,13374094.0,13382973.0,13355092.0,13361995.0,0.43829,5860452.81428,1296
2026-09-24T14:05:00+00:00,13361995.0,13388165.0,13356390.0,13373818.0,0.48212,6445996.76569,1396
2026-09-24T14:10:00+00:00,13373818.0,13373818.0,13373818.0,13373818.0,0.0,0.0,0
2026-09-24T14:15:00+00:00,13374000.0,13374000.0,13374000.0,13374000.0,0.01,133740.0,1
2026-09-24T14:20:00+00:00,13385783.0,13398863.0,13380325.0,13398272.0,0.05529,740334.41079,186
2026-09-24T14:25:00+00:00,13399241.0,13473762.0,13399240.0,13471298.0,0.3823,5137643.40221,678
2026-09-24T14:30:00+00:00,13466104.0,13472958.0,13444140.0,13454833.0,0.13282,1787462.73893,425
2026-09-24T14:35:00+00:00,13454833.0,13456255.0,13408619.0,13416062.0,0.03814,512710.68579,161
2026-09-24T14:40:00+00:00,13418287.0,13424570.0,13414254.0,13414711.0,0.3296,4422882.67452,968
2026-09-24T14:45:00+00:00,13405933.0,13405933.0,13365931.0,13365931.0,0.00282,37798.65376,3
2026-09-24T14:50:00+00:00,13314145.0,13331593.0,13252721.0,13307318.0,0.44688,5944501.25726,1327
2026-09-24T14:55:00+00:00,13307318.0,13314226.0,13271409.0,13293738.0,0.66669,8858346.77573,1502
2026-09-24T15:00:00+00:00,13291613.0,13310624.0,13267451.0,13304599.0,0.42822,5689320.89567,1258
2026-09-24T15:05:00+00:00,13311049.0,13332154.0,13308438.0,13324454.0,0.53717,7155805.22798,1557
2026-09-24T15:10:00+00:00,13324454.0,13333839.0,13312005.0,13331886.0,0.23759,3165939.88992,715
2026-09-24T15:15:00+00:00,13331886.0,13361274.0,13330365.0,13340825.0,0.19848,2647829.80964,601
2026-09-24T15:20:00+00:00,13348296.0,13389608.0,13348296.0,13389608.0,0.69932,9348966.24091,2028
2026-09-24T15:25:00+00:00,13388261.0,13391566.0,13371075.0,13374935.0,0.6055,8100447.225,1726
2026-09-24T15:30:00+00:00,13374935.0,13374935.0,13374935.0,13374935.0,0.0,0.0,0
2026-09-24T15:35:00+00:00,13387651.0,13419854.0,13387651.0,13412531.0,0.5442,7294518.78991,1607
2026-09-24T15:40:00+00:00,13412531.0,13412532.0,13403032.0,13409475.0,0.01521,203925.23341,94
2026-09-24T15:45:00+00:00,13414625.0,13414626.0,13393383.0,13403016.0,0.25648,3438441.37847,764
2026-09-24T15:50:00+00:00,13403016.0,13408720.0,13394219.0,13407449.0,0.28604,3834089.99117,870
2026-09-24T15:55:00+00:00,13407544.0,13411224.0,13405849.0,13409442.0,0.56923,7633179.51128,1668
2026-09-24T16:00:00+00:00,13409442.0,13410889.0,13388586.0,13390000.0,0.19975,2676475.19648,622
2026-09-24T16:05:00+00:00,13390000.0,13390234.0,13379154.0,13383491.0,0.15562,2082900.59278,482
2026-09-24T16:10:00+00:00,13383491.0,13385883.0,13353736.0,13376968.0,0.45592,6095679.56291,1323
2026-09-24T16:15:00+00:00,13376968.0,13450405.0,13376968.0,13418998.0,0.22874,3072203.62576,644
2026-09-24T16:20:00+00:00,13418998.0,13432460.0,13417884.0,13417884.0,0.11621,1560384.50917,382
2026-09-24T16:25:00+00:00,13419351.0,13433007.0,13412749.0,13433007.0,0.49388,6631005.67607,1431
2026-09-24T16:30:00+00:00,13433007.0,13433007.0,13412895.0,13414286.0,0.23449,3145643.80327,705
2026-09-24T16:35:00+00:00,13414286.0,13437471.0,13414286.0,13435622.0,0.05814,780966.69892,222
2026-09-24T16:40:00+00:00,13435622.0,13469003.0,13421119.0,13421119.0,0.18855,2535755.33945,553
2026-09-24T16:45:00+00:00,13418370.0,13445002.0,13409430.0,13438038.0,0.26174,3514987.22973,724
2026-09-24T16:50:00+00:00,13435613.0,13435724.0,13408077.0,13418114.0,0.18142,2434291.72212,568
2026-09-24T16:55:00+00:00,13418114.0,13420363.0,13414971.0,13414971.0,0.05519,740527.95795,158
2026-09-24T17:00:00+00:00,13420463.0,13420463.0,13396308.0,13408051.0,0.07418,995003.21626,213
2026-09-24T17:05:00+00:00,13400207.0,13412402.0,13391720.0,13409636.0,0.4559,6110139.04248,1346
2026-09-24T17:10:00+00:00,13409636.0,13410204.0,13396264.0,13404079.0,0.0087,116663.34058,31
2026-09-24T17:15:00+00:00,13404079.0,13404079.0,13404079.0,13404079.0,0.0,0.0,0
2026-09-24T17:20:00+00:00,13396849.0,13396849.0,13377786.0,13381558.0,0.21656,2898349.2169,665
2026-09-24T17:25:00+00:00,13382310.0,13399369.0,13377650.0,13395964.0,0.97338,13030775.87438,2786
2026-09-24T17:30:00+00:00,13395964.0,13411590.0,13392783.0,13392783.0,0.48964238159910256,6562773.41267,1457
2026-09-24T17:35:00+00:00,13390357.0,13395181.0,13366693.0,13381402.0,0.26878,3598410.67627,830
2026-09-24T17:40:00+00:00,13381284.0,13387476.0,13366322.0,13374512.0,0.87591,11715811.29615,2504
2026-09-24T17:45:00+00:00,13374512.0,13382884.0,13364177.0,13376274.0,1.03314,13819327.25428,2942
2026-09-24T17:50:00+00:00,13376274.0,13382472.0,13356565.0,13359790.0,0.83609,11182121.08753,2413
2026-09-24T17:55:00+00:00,13359790.0,13364386.0,13350536.0,13360362.0,0.87046,11629565.29744,2493
2026-09-24T18:00:00+00:00,13360362.0,13363482.0,13340302.0,13340302.0,0.43833,5854305.78324,1280
2026-09-24T18:05:00+00:00,13343185.0,13374652.0,13343185.0,13372790.0,0.61802,8256531.51806,1800
2026-09-24T18:10:00+00:00,13371508.0,13385964.0,13369136.0,13385964.0,0.59562,7967365.40639,1777
2026-09-24T18:15:00+00:00,13385964.0,13406325.0,13383736.0,13405122.0,0.73787,9886293.18515,2146
2026-09-24T18:20:00+00:00,13405122.0,13411643.0,13395514.0,13404164.0,0.6489,8697429.11779,1888
2026-09-24T18:25:00+00:00,13404164.0,13417642.0,13403681.0,13410722.0,0.70722,9485325.04719,2051
2026-09-24T18:30:00+00:00,13409096.0,13418372.0,13397558.0,13400750.0,0.43323,5808200.92547,1284
2026-09-24T18:35:00+00:00,13394303.0,13420161.0,13381850.0,13409928.0,0.33287,4460151.75186,1004
2026-09-24T18:40:00+00:00,13409898.0,13410948.0,13403543.0,13408883.0,0.94199,12628683.57436,2690
2026-09-24T18:45:00+00:00,13407961.0,13423135.0,13401082.0,13411086.0,0.8152936790809301,10932205.34072,2292
2026-09-24T18:50:00+00:00,13405715.0,13419318.0,13405305.0,13412402.0,0.66257,8887095.2554,1929
2026-09-24T18:55:00+00:00,13411090.0,13424872.0,13411090.0,13417187.0,1.06036,14229218.27308,3017
2026-09-24T19:00:00+00:00,13416216.0,13420781.0,13389242.0,13390782.0,0.46385,6220491.52578,1369
2026-09-24T19:05:00+00:00,13390782.0,13421078.0,13389242.0,13420296.0,0.96239,12902147.23244,2768
2026-09-24T19:10:00+00:00,13420296.0,13425013.0,13419402.0,13425012.0,0.51289,6884046.83131,1473
2026-09-24T19:15:00+00:00,13425012.0,13425012.0,13425012.0,13425012.0,0.0008,10740.0096,1
2026-09-24T19:20:00+00:00,13425013.0,13425013.0,13425012.0,13425013.0,0.00055,7383.75684,7
2026-09-24T19:25:00+00:00,13425013.0,13444536.0,13425013.0,13443523.0,0.06784,911921.10067,214
2026-09-24T19:30:00+00:00,13443523.0,13443523.0,13432472.0,13441360.0,0.54977,7388376.76388,1639
2026-09-24T19:35:00+00:00,13441360.0,13443769.0,13419856.0,13419856.0,0.4768,6404918.14277,1433
2026-09-24T19:40:00+00:00,13420949.0,13424004.0,13413370.0,13415048.0,0.15651,2100051.60607,490
2026-09-24T19:45:00+00:00,13415048.0,13415048.0,13415048.0,13415048.0,0.0,0.0,0
2026-09-24T19:50:00+00:00,13423220.0,13431888.0,13418480.0,13428096.0,0.76305,10246436.11633,2207
2026-09-24T19:55:00+00:00,13426508.0,13431644.0,13405699.0,13408582.0,0.03587,481680.14233,126
2026-09-24T20:00:00+00:00,13408582.0,13408582.0,13408582.0,13408582.0,0.0,0.0,0
2026-09-24T20:05:00+00:00,13402405.0,13412152.0,13402060.0,13411712.0,0.17406,2332915.09507,544
2026-09-24T20:10:00+00:00,13411712.0,13412152.0,13394289.0,13394289.0,0.50785,6810660.68191,1496
2026-09-24T20:15:00+00:00,13394289.0,13397297.0,13394289.0,13397296.0,0.00419,56126.70023,57
2026-09-24T20:20:00+00:00,13397296.0,13397296.0,13383081.0,13384848.0,0.18601,2491046.75582,589
2026-09-24T20:25:00+00:00,13384848.0,13397297.0,13383081.0,13393006.0,0.29252,3917089.06692,886
2026-09-24T20:30:00+00:00,13393006.0,13394698.0,13384342.0,13391374.0,1.05085,14070168.82335,2983
2026-09-24T20:35:00+00:00,13391374.0,13410171.0,13388743.0,13405850.0,0.77213,10343558.65362,2234
2026-09-24T20:40:00+00:00,13405850.0,13412152.0,13404782.0,13408423.0,0.7757,10402862.57528,2228
2026-09-24T20:45:00+00:00,13408423.0,13419775.0,13407922.0,13418107.0,0.09035,1211697.9671,277
2026-09-24T20:50:00+00:00,13417463.0,13421804.0,13408126.0,13408127.0,0.36834,4941553.17076,1104
2026-09-24T20:55:00+00:00,13408127.0,13408128.0,13385155.0,13401720.0,0.44553,5968445.72689,1317
2026-09-24T21:00:00+00:00,13401720.0,13402302.0,13396610.0,13400580.0,0.2804,3757782.49427,837
2026-09-24T21:05:00+00:00,13400580.0,13402302.0,13392841.0,13402301.0,0.02515,337026.85121,125
2026-09-24T21:10:00+00:00,13402301.0,13407358.0,13402301.0,13405449.0,0.1141,1529570.72301,369
2026-09-24T21:15:00+00:00,13403224.0,13403224.0,13403224.0,13403224.0,0.0004,5361.2896,1
2026-09-24T21:20:00+00:00,13410159.0,13412676.0,13406997.0,13407164.0,0.24482,3283312.12704,748
2026-09-24T21:25:00+00:00,13407166.0,13411714.0,13407166.0,13408468.0,0.57492,7709148.73506,1695
2026-09-24T21:30:00+00:00,13408468.0,13412668.0,13408468.0,13412661.0,0.57906,7766495.06612,1678
2026-09-24T21:35:00+00:00,13412654.0,13412677.0,13410010.0,13410010.0,0.11079,1485957.19434,363
2026-09-24T21:40:00+00:00,13410010.0,13412677.0,13410010.0,13412398.0,0.53161,7129992.90401,1570
2026-09-24T21:45:00+00:00,13412491.0,13412664.0,13410010.0,13410010.0,0.18466,2476743.75419,571
2026-09-24T21:50:00+00:00,13410010.0,13410016.0,13410010.0,13410010.0,0.00364,48812.44081,50
2026-09-24T21:55:00+00:00,13410010.0,13410011.0,13410010.0,13410010.0,0.00612,82069.26309,58
2026-09-24T22:00:00+00:00,13410010.0,13410011.0,13398597.0,13399980.0,0.00669,89674.8941,59
2026-09-24T22:05:00+00:00,13399980.0,13399980.0,13385499.0,13393125.0,0.17714,2372567.47048,566
2026-09-24T22:10:00+00:00,13392258.0,13394704.0,13390572.0,13390616.0,0.24948,3341288.03761,768
2026-09-24T22:15:00+00:00,13390616.0,13390648.0,13331933.0,13346161.0,0.35079,4694001.37564,1059
2026-09-24T22:20:00+00:00,13345273.0,13357064.0,13342185.0,13357064.0,0.22051,2943556.12307,691
2026-09-24T22:25:00+00:00,13357261.0,13365468.0,13355028.0,13355570.0,0.68068,9094669.75225,1972
2026-09-24T22:30:00+00:00,13355571.0,13366575.0,13355571.0,13363720.0,0.56515,7551534.66415,1646
2026-09-24T22:35:00+00:00,13363720.0,13365672.0,13355300.0,13356892.0,0.35445,4735326.63498,1006
2026-09-24T22:40:00+00:00,13356894.0,13356894.0,13348153.0,13355122.0,0.60813,8118366.75439,1797
2026-09-24T22:45:00+00:00,13355122.0,13375722.0,13351416.0,13371586.0,0.66301,8858418.4252,1882
2026-09-24T22:50:00+00:00,13371586.0,13374636.0,13370412.0,13371703.0,0.30807,4119467.75754,921
2026-09-24T22:55:00+00:00,13371705.0,13376490.0,13370711.0,13376490.0,0.32367,4328261.96452,980
2026-09-24T23:00:00+00:00,13376490.0,13381466.0,13376146.0,13377942.0,0.34488,4613956.16075,1030
2026-09-24T23:05:00+00:00,13377949.0,13388079.0,13377949.0,13386014.0,0.2395712853480831,3206773.12672,750
2026-09-24T23:10:00+00:00,13385706.0,13390055.0,13371890.0,13379264.0,0.82709,11070085.03056,2394
2026-09-24T23:15:00+00:00,13377346.0,13389808.0,13377281.0,13387930.0,0.49001,6557909.09152,1453
2026-09-24T23:20:00+00:00,13387929.0,13395186.0,13387385.0,13394348.0,0.66947,8965132.35496,1933
2026-09-24T23:25:00+00:00,13394348.0,13399981.0,13394176.0,13399918.0,0.61853,8286994.81412,1812
2026-09-24T23:30:00+00:00,13399918.0,13405424.0,13399794.0,13405039.0,0.53259,7138116.66976,1549
2026-09-24T23:35:00+00:00,13405039.0,13408576.0,13402531.0,13402547.0,1.03223,13838246.31967,2928
2026-09-24T23:40:00+00:00,13402547.0,13407136.0,13397386.0,13397386.0,0.88846,11909226.97739,2547
2026-09-24T23:45:00+00:00,13397316.0,13397316.0,13397315.0,13397315.0,8e-05,1071.78524,2
2026-09-24T23:50:00+00:00,13395195.0,13400147.0,13390860.0,13390860.0,0.12206,1635394.01057,405
2026-09-24T23:55:00+00:00,13391283.0,13400727.0,13391283.0,13399283.0,0.73585,9857633.22884,2143
2026-09-25T00:00:00+00:00,13399283.0,13409997.0,13397474.0,13409799.0,0.68931,9236237.11509,2006
2026-09-25T00:05:00+00:00,13410278.0,13423825.0,13409052.0,13423825.0,0.14217,1906682.0041,470
2026-09-25T00:10:00+00:00,13423825.0,13429935.0,13423316.0,13429935.0,0.02046,274717.26342,118
2026-09-25T00:15:00+00:00,13429938.0,13429949.0,13429934.0,13429934.0,0.00419,56271.43061,57
2026-09-25T00:20:00+00:00,13429934.0,13429961.0,13420288.0,13426814.0,0.05655,759254.2151,208
2026-09-25T00:25:00+00:00,13426814.0,13433835.0,13422584.0,13433335.0,1.03825,13942432.28322,2962
2026-09-25T00:30:00+00:00,13432476.0,13433981.0,13409880.0,13414731.0,0.40222,5399260.92768,1213
2026-09-25T00:35:00+00:00,13414732.0,13423030.0,13410160.0,13418490.0,0.18869,2531973.15119,611
2026-09-25T00:40:00+00:00,13418382.0,13431108.0,13418382.0,13421065.0,0.37724,5065063.08874,1139
2026-09-25T00:45:00+00:00,13421064.0,13427090.0,13415928.0,13425275.0,0.25784,3460784.55116,797
2026-09-25T00:50:00+00:00,13425275.0,13432766.0,13414002.0,13429359.0,0.46388446031145036,6227624.43138,1380
2026-09-25T00:55:00+00:00,13429359.0,13429621.0,13410269.0,13414048.0,0.70665,9483960.92949,2066
2026-09-25T01:00:00+00:00,13414048.0,13434484.0,13412455.0,13431596.0,0.88601,11894246.05256,2545
2026-09-25T01:05:00+00:00,13430196.0,13434484.0,13428424.0,13434483.0,0.69788,9373935.62605,2008
2026-09-25T01:10:00+00:00,13434484.0,13434484.0,13428882.0,13430343.0,0.09768,1311960.07012,320
2026-09-25T01:15:00+00:00,13430343.0,13434480.0,13427315.0,13429257.0,0.73806,9913232.63016,2141
2026-09-25T01:20:00+00:00,13429257.0,13430756.0,13420307.0,13420307.0,0.30354,4074891.50187,911
2026-09-25T01:25:00+00:00,13420307.0,13420308.0,13411841.0,13418188.0,0.05633,755542.3626,203
2026-09-25T01:30:00+00:00,13418188.0,13418188.0,13390954.0,13400721.0,0.07857,1053233.89645,230
2026-09-25T01:35:00+00:00,13395778.0,13402811.0,13384840.0,13399942.0,0.86076,11526374.83496,2479
2026-09-25T01:40:00+00:00,13399942.0,13408341.0,13391891.0,13401048.0,0.95287,12770623.57335,2759
2026-09-25T01:45:00+00:00,13401048.0,13413656.0,13398777.0,13411076.0,0.87442,11723418.05933,2551
2026-09-25T01:50:00+00:00,13411076.0,13423592.0,13408506.0,13411153.0,0.35531,4767188.3813,1063
2026-09-25T01:55:00+00:00,13411153.0,13419534.0,13405181.0,13417852.0,0.64634,8668198.33205,1906
2026-09-25T02:00:00+00:00,13417852.0,13445003.0,13410536.0,13445003.0,0.20738,2782393.03329,646
2026-09-25T02:05:00+00:00,13445003.0,13445003.0,13420869.0,13431632.0,0.11485,1542631.7885,381
2026-09-25T02:10:00+00:00,13431632.0,13445003.0,13431379.0,13435660.0,0.67285,9041154.85593,1961
2026-09-25T02:15:00+00:00,13435660.0,13443608.0,13432421.0,13432421.0,0.16943,2277008.79356,478
2026-09-25T02:20:00+00:00,13440720.0,13440720.0,13431379.0,13431379.0,0.08605,1156040.47283,300
2026-09-25T02:25:00+00:00,13431379.0,13434310.0,13411764.0,13418691.0,0.10931,1467068.58003,331
2026-09-25T02:30:00+00:00,13418691.0,13429003.0,13412390.0,13412390.0,0.72231,9694043.03124,2104
2026-09-25T02:35:00+00:00,13412390.0,13414282.0,13378111.0,13384304.0,0.68291,9152963.79845,1982
2026-09-25T02:40:00+00:00,13384304.0,13403217.0,13377405.0,13386108.0,0.69352,9285120.31005,1846
2026-09-25T02:45:00+00:00,13388355.0,13388355.0,13353412.0,13364507.0,0.85361,11408427.83047,2452
2026-09-25T02:50:00+00:00,13363222.0,13364914.0,13349090.0,13350565.0,0.89317,11930132.95869,2587
2026-09-25T02:55:00+00:00,13350565.0,13357024.0,13339792.0,13349312.0,0.94331,12593661.15197,2709
2026-09-25T03:00:00+00:00,13349312.0,13353734.0,13343056.0,13352682.0,1.00089,13359867.88961,2851
2026-09-25T03:05:00+00:00,13352298.0,13365460.0,13350026.0,13363580.0,1.02599,13703043.76478,2891
2026-09-25T03:10:00+00:00,13363580.0,13365062.0,13346564.0,13353918.0,0.97607,13037392.51349,2782
2026-09-25T03:15:00+00:00,13353918.0,13365587.0,13351289.0,13359428.0,0.32029560512620747,4279002.8589,919
2026-09-25T03:20:00+00:00,13359427.0,13359428.0,13359427.0,13359427.0,0.00067,8950.8164,8
2026-09-25T03:25:00+00:00,13359427.0,13359427.0,13341046.0,13341053.0,0.09269,1236996.67559,280
2026-09-25T03:30:00+00:00,13341066.0,13346557.0,13331238.0,13346557.0,0.04339,578770.37007,148
2026-09-25T03:35:00+00:00,13349242.0,13360820.0,13345126.0,13358344.0,0.77359,10329442.3422,2246
2026-09-25T03:40:00+00:00,13360042.0,13369265.0,13340258.0,13340258.0,0.55297,7387384.75215,1597
2026-09-25T03:45:00+00:00,13340257.0,13340830.0,13334743.0,13335948.0,0.21291497114697844,2839580.90812,664
2026-09-25T03:50:00+00:00,13333997.0,13343330.0,13333997.0,13335642.0,0.49812,6644503.5905,1469
2026-09-25T03:55:00+00:00,13335160.0,13344772.0,13335000.0,13342813.0,0.95688,12764707.38947,2761
2026-09-25T04:00:00+00:00,13343798.0,13345104.0,13335000.0,13335000.0,0.37288,4974470.7454,1115
2026-09-25T04:05:00+00:00,13335000.0,13341810.0,13335000.0,13336815.0,0.43757,5835533.76742,1297
2026-09-25T04:10:00+00:00,13336815.0,13339092.0,13320000.0,13326107.0,0.6824,9094504.53365,2004
2026-09-25T04:15:00+00:00,13325193.0,13338382.0,13321450.0,13328791.0,0.73095,9743870.07977,2151
2026-09-25T04:20:00+00:00,13328791.0,13333876.0,13323222.0,13332154.0,0.58958,7857829.49753,1768
2026-09-25T04:25:00+00:00,13332154.0,13335023.0,13326909.0,13333366.0,0.9868250450147779,13154778.83562,2903
2026-09-25T04:30:00+00:00,13333366.0,13344764.0,13329618.0,13344001.0,0.38479,5133040.38219,663
2026-09-25T04:35:00+00:00,13344001.0,13355020.0,13343405.0,13351166.0,0.73348,9789531.74647,2130
2026-09-25T04:40:00+00:00,13351166.0,13358456.0,13347842.0,13356580.0,0.6054797383696336,8085320.07294,1777
2026-09-25T04:45:00+00:00,13356580.0,13359466.0,13342995.0,13345848.0,0.94699,12646050.15359,2713
2026-09-25T04:50:00+00:00,13345848.0,13348182.0,13342992.0,13347016.0,0.87441,11669821.72401,2188
2026-09-25T04:55:00+00:00,13345604.0,13360465.0,13342563.0,13353227.0,0.94627,12635293.70631,1109
2026-09-25T05:00:00+00:00,13353811.0,13364212.0,13352428.0,13355207.0,0.57375,7665573.40113,677
2026-09-25T05:05:00+00:00,13354123.0,13354123.0,13341046.0,13346490.0,0.6804694359468085,9083531.30312,769
2026-09-25T05:10:00+00:00,13346517.0,13347817.0,13335142.0,13335142.0,1.27035,16952596.16013,1013
2026-09-25T05:15:00+00:00,13335142.0,13352478.0,13333040.0,13345000.0,3.0005576153671885,40040152.92689,547
2026-09-25T05:20:00+00:00,13345000.0,13347411.0,13327962.0,13332292.0,5.18353,69140499.30869,1411
2026-09-25T05:25:00+00:00,13332292.0,13332292.0,13330998.0,13331585.0,0.07759489816102136,1034469.69762,162
2026-09-25T05:30:00+00:00,13331585.0,13331585.0,13320000.0,13327001.0,0.04598,612684.59718,180
2026-09-25T05:35:00+00:00,13325335.0,13350550.0,13325335.0,13349912.0,0.27581,3680122.8232,838
2026-09-25T05:40:00+00:00,13349912.0,13349912.0,13340408.0,13340408.0,0.3294,4395953.05917,1009
2026-09-25T05:45:00+00:00,13340409.0,13346010.0,13340261.0,13340616.0,0.114,1521241.17247,388
2026-09-25T05:50:00+00:00,13341116.0,13344156.0,13336758.0,13339583.0,0.09932,1325170.23499,329
2026-09-25T05:55:00+00:00,13338892.0,13338895.0,13334081.0,13334081.0,0.04935,658081.19172,190
2026-09-25T06:00:00+00:00,13334081.0,13335161.0,13328279.0,13331725.0,0.26056,3473634.0816,791
2026-09-25T06:05:00+00:00,13330213.0,13336662.0,13326841.0,13326841.0,0.12578,1677082.03891,409
2026-09-25T06:10:00+00:00,13320000.0,13320001.0,13300000.0,13310140.0,0.01179,156957.09039,64
2026-09-25T06:15:00+00:00,13309830.0,13318143.0,13300000.0,13317514.0,0.47241,6286456.85695,1400
2026-09-25T06:20:00+00:00,13317514.0,13327580.0,13315600.0,13318112.0,0.68571,9135190.9387,2007
2026-09-25T06:25:00+00:00,13318112.0,13319484.0,13301901.0,13312434.0,0.51584,6865711.81849,1538
2026-09-25T06:30:00+00:00,13312434.0,13312785.0,13307487.0,13307487.0,0.61986,8250540.3181,1763
2026-09-25T06:35:00+00:00,13300000.0,13300001.0,13290000.0,13290001.0,0.03358,446365.98254,49
2026-09-25T06:40:00+00:00,13290000.0,13296694.0,13290000.0,13296694.0,0.11875,1578755.86023,384
2026-09-25T06:45:00+00:00,13296694.0,13326946.0,13293612.0,13300412.0,6.15115,81908827.42462,1851
2026-09-25T06:50:00+00:00,13300066.0,13300656.0,13298005.0,13298116.0,0.22533,2996633.63417,679
2026-09-25T06:55:00+00:00,13298298.0,13298299.0,13295114.0,13297196.0,0.20502,2726025.68822,616
2026-09-25T07:00:00+00:00,13297360.0,13298299.0,13291488.0,13291488.0,0.08013,1065531.62388,275
2026-09-25T07:05:00+00:00,13291488.0,13293836.0,13270000.0,13270000.0,0.03314,440160.46837,91
2026-09-25T07:10:00+00:00,13270310.0,13275889.0,13270000.0,13270000.0,0.0833,1105714.63947,296
2026-09-25T07:15:00+00:00,13270000.0,13270000.0,13258452.0,13265000.0,0.48494158966403966,6432541.25782,1056
2026-09-25T07:20:00+00:00,13265000.0,13279520.0,13264999.0,13275926.0,0.36535,4850368.59405,553
2026-09-25T07:25:00+00:00,13275926.0,13296974.0,13275196.0,13296974.0,0.94768,12591030.90306,1575
2026-09-25T07:30:00+00:00,13296972.0,13305812.0,13269856.0,13269956.0,2.88673,38381835.29436,1368
2026-09-25T07:35:00+00:00,13269957.0,13275035.0,13266081.0,13272034.0,0.01113,147722.78633,67
2026-09-25T07:40:00+00:00,13272033.0,13275703.0,13272033.0,13275703.0,0.01834,243447.06304,86
2026-09-25T07:45:00+00:00,13275703.0,13288368.0,13275702.0,13285359.0,0.01363,181012.90198,86
2026-09-25T07:50:00+00:00,13285359.0,13286863.0,13285359.0,13286863.0,0.01007,133797.82894,40
2026-09-25T07:55:00+00:00,13286863.0,13301866.0,13286862.0,13296129.0,0.04367,580743.35649,120
2026-09-25T08:00:00+00:00,13296129.0,13315527.0,13296128.0,13315526.0,0.03584,476853.51837,149
2026-09-25T08:05:00+00:00,13315525.0,13315526.0,13299182.0,13313364.0,0.01733,230598.85687,100
2026-09-25T08:10:00+00:00,13313360.0,13313360.0,13310000.0,13310001.0,0.01093,145480.00245,46
2026-09-25T08:15:00+00:00,13310001.0,13310001.0,13310001.0,13310001.0,0.0,0.0,0
2026-09-25T08:20:00+00:00,13331988.0,13351811.0,13331988.0,13351090.0,0.03538,472252.8459,117
2026-09-25T08:25:00+00:00,13351090.0,13374480.0,13351090.0,13374388.0,0.05255,702725.59026,200
2026-09-25T08:30:00+00:00,13371178.0,13372136.0,13360670.0,13361469.0,0.25284429086645527,3379905.42425,607
2026-09-25T08:35:00+00:00,13361469.0,13365839.0,13361469.0,13361840.0,0.04084951879564664,545872.16687,114
2026-09-25T08:40:00+00:00,13361840.0,13361841.0,13351539.0,13352757.0,0.01137,151844.29894,80
2026-09-25T08:45:00+00:00,13352757.0,13354492.0,13346185.0,13346185.0,0.01729,230844.83302,97
2026-09-25T08:50:00+00:00,13346185.0,13360268.0,13346185.0,13350684.0,0.040571628458351286,541767.01741,116
2026-09-25T08:55:00+00:00,13350683.0,13360568.0,13350683.0,13356266.0,0.03506,468366.04727,153
2026-09-25T09:00:00+00:00,13356266.0,13377189.0,13356087.0,13377189.0,0.43817,5855284.69779,1286
2026-09-25T09:05:00+00:00,13377189.0,13397948.0,13377189.0,13392231.0,0.19818,2654526.29885,572
2026-09-25T09:10:00+00:00,13392231.0,13392232.0,13375899.0,13378243.0,0.01004,134403.25285,40
2026-09-25T09:15:00+00:00,13366568.0,13366568.0,13366568.0,13366568.0,0.009,120299.112,3
2026-09-25T09:20:00+00:00,13360785.0,13374716.0,13359890.0,13372285.0,0.0723,966462.05751,257
2026-09-25T09:25:00+00:00,13368623.0,13400000.0,13368623.0,13399504.0,0.21217,2839893.65072,666
2026-09-25T09:30:00+00:00,13399504.0,13404628.0,13379370.0,13387470.0,0.3026857800814561,4055387.59383,603
2026-09-25T09:35:00+00:00,13391681.0,13392220.0,13383387.0,13386660.0,0.50494,6759306.61336,1475
2026-09-25T09:40:00+00:00,13386660.0,13387790.0,13371402.0,13376410.0,0.30994,4146698.67774,929
2026-09-25T09:45:00+00:00,13376410.0,13395357.0,13371410.0,13380438.0,0.44656055769846226,5974341.95614,1222
2026-09-25T09:50:00+00:00,13380438.0,13382646.0,13377527.0,13380937.0,0.4723641605879294,6320217.12776,1360
2026-09-25T09:55:00+00:00,13380937.0,13387570.0,13373326.0,13374607.0,0.31161,4170552.93686,944
2026-09-25T10:00:00+00:00,13374607.0,13377138.0,13341343.0,13343133.0,0.1483649016075897,1982180.70491,424
2026-09-25T10:05:00+00:00,13343135.0,13358460.0,13337298.0,13340320.0,0.18286477558186975,2440393.47097,244
2026-09-25T10:10:00+00:00,13340320.0,13350955.0,13340320.0,13349673.0,0.05774,770603.83505,215
2026-09-25T10:15:00+00:00,13349673.0,13349732.0,13342698.0,13342888.0,0.12324,1644614.66061,399
2026-09-25T10:20:00+00:00,13342888.0,13357728.0,13342888.0,13355968.0,0.21825,2913327.2867,667
2026-09-25T10:25:00+00:00,13355967.0,13387131.0,13354360.0,13384224.0,0.16331,2183055.35177,526
2026-09-25T10:30:00+00:00,13384224.0,13387753.0,13372449.0,13377623.0,0.13702,1833371.10201,442
2026-09-25T10:35:00+00:00,13374860.0,13400021.0,13372314.0,13385542.0,0.09991091450212496,1336960.62516,277
2026-09-25T10:40:00+00:00,13385542.0,13392039.0,13379859.0,13384248.0,0.01477,197692.15952,90
2026-09-25T10:45:00+00:00,13384269.0,13403873.0,13383404.0,13384094.0,0.04049373357624156,542275.24676,123
2026-09-25T10:50:00+00:00,13384345.0,13407215.0,13379466.0,13397118.0,0.09472554993486716,1268421.45539,269
2026-09-25T10:55:00+00:00,13391562.0,13391562.0,13388036.0,13388966.0,0.005178953617991466,69344.22258,11
2026-09-25T11:00:00+00:00,13388966.0,13388966.0,13388966.0,13388966.0,0.0,0.0,0
2026-09-25T11:05:00+00:00,13381535.0,13426317.0,13381535.0,13419576.0,0.09697,1300917.34536,320
2026-09-25T11:10:00+00:00,13420193.0,13435929.0,13414947.0,13435929.0,0.18372,2465937.6784,564
2026-09-25T11:15:00+00:00,13435929.0,13435929.0,13418184.0,13424958.0,0.26962,3620746.66821,804
2026-09-25T11:20:00+00:00,13424958.0,13424958.0,13386714.0,13401532.0,0.20747554450800465,2783047.08937,594
2026-09-25T11:25:00+00:00,13403360.0,13407942.0,13390396.0,13401490.0,0.1262498883879348,1691810.91816,360
2026-09-25T11:30:00+00:00,13402074.0,13403286.0,13386955.0,13392056.0,0.05415,725577.09114,199
2026-09-25T11:35:00+00:00,13395368.0,13405456.0,13388122.0,13392389.0,0.08664,1160481.20441,290
2026-09-25T11:40:00+00:00,13392389.0,13392389.0,13364257.0,13364257.0,0.14679423618504228,1964940.36147,439
2026-09-25T11:45:00+00:00,13364824.0,13371818.0,13342145.0,13352252.0,0.27456,3668995.20632,856
2026-09-25T11:50:00+00:00,13348307.0,13356268.0,13337623.0,13341967.0,0.28322,3780286.73701,856
2026-09-25T11:55:00+00:00,13341967.0,13346154.0,13340186.0,13340460.0,0.10358,1382017.29516,295
2026-09-25T12:00:00+00:00,13340460.0,13340460.0,13340460.0,13340460.0,0.0,0.0,0
2026-09-25T12:05:00+00:00,13348219.0,13355918.0,13346817.0,13349420.0,0.0913,1218862.54319,313
2026-09-25T12:10:00+00:00,13349137.0,13352568.0,13293359.0,13312002.0,0.13553,1808742.14107,422
2026-09-25T12:15:00+00:00,13302193.0,13302193.0,13250000.0,13250413.0,0.03686,488951.45697,148
2026-09-25T12:20:00+00:00,13252641.0,13299094.0,13252160.0,13299094.0,0.2425,3220922.52516,732
2026-09-25T12:25:00+00:00,13298006.0,13322558.0,13290595.0,13318816.0,0.44634,5938971.42823,1285
2026-09-25T12:30:00+00:00,13320197.0,13340858.0,13318614.0,13333678.0,0.18724495380869077,2495993.75073,573
2026-09-25T12:35:00+00:00,13334863.0,13346350.0,13332580.0,13342160.0,0.41773,5572852.27092,1213
2026-09-25T12:40:00+00:00,13339986.0,13342237.0,13322481.0,13330321.0,0.4125649980538342,5499950.74321,1189
2026-09-25T12:45:00+00:00,13330321.0,13330321.0,13330321.0,13330321.0,0.0,0.0,0
2026-09-25T12:50:00+00:00,13320000.0,13331057.0,13314637.0,13323366.0,0.04431,590498.87222,173
2026-09-25T12:55:00+00:00,13321848.0,13329701.0,13315243.0,13315272.0,0.3120721958049753,4157900.90868,930
2026-09-25T13:00:00+00:00,13316458.0,13316458.0,13306707.0,13313701.0,0.01317,175347.91106,38
2026-09-25T13:05:00+00:00,13313699.0,13327124.0,13302064.0,13302064.0,0.23993,3194820.41496,724
2026-09-25T13:10:00+00:00,13300927.0,13303282.0,13290272.0,13295376.0,0.21992,2924491.29265,685
2026-09-25T13:15:00+00:00,13293820.0,13319207.0,13266033.0,13266033.0,0.14155,1882643.68703,443
2026-09-25T13:20:00+00:00,13268080.0,13268081.0,13250000.0,13250000.0,0.00369,48948.02228,45
2026-09-25T13:25:00+00:00,13250000.0,13250000.0,13230000.0,13230000.0,0.05141,680682.16222,150
2026-09-25T13:30:00+00:00,13230000.0,13230000.0,13210000.0,13210000.0,0.02633,347988.58238,100
2026-09-25T13:35:00+00:00,13213568.0,13254695.0,13213568.0,13220315.0,0.09979,1320831.86639,316
2026-09-25T13:40:00+00:00,13216778.0,13222503.0,13190000.0,13204591.0,0.10765100057780622,1421947.42704,285
2026-09-25T13:45:00+00:00,13206651.0,13209999.0,13150000.0,13174132.0,0.04401,580049.36046,130
2026-09-25T13:50:00+00:00,13174128.0,13210000.0,13172033.0,13209999.0,0.05028,664082.17264,74
2026-09-25T13:55:00+00:00,13210000.0,13210000.0,13184916.0,13189380.0,0.09219,1216271.50892,274
2026-09-25T14:00:00+00:00,13189382.0,13200307.0,13110000.0,13110000.0,0.05205,684015.07078,92
2026-09-25T14:05:00+00:00,13110000.0,13150280.0,13110000.0,13131341.0,0.1324,1738029.60991,272
2026-09-25T14:10:00+00:00,13134691.0,13158564.0,13127710.0,13145013.0,0.33183,4362963.09999,964
2026-09-25T14:15:00+00:00,13147898.0,13172253.0,13131650.0,13154293.0,0.13534413945055856,1780947.81348,418
2026-09-25T14:20:00+00:00,13154293.0,13192666.0,13154293.0,13165750.0,0.17532,2309682.82716,535
2026-09-25T14:25:00+00:00,13164600.0,13186950.0,13164600.0,13175650.0,0.09735,1282944.03879,318
2026-09-25T14:30:00+00:00,13176374.0,13213787.0,13176374.0,13213787.0,0.06084,802861.95475,199
2026-09-25T14:35:00+00:00,13213634.0,13222410.0,13205410.0,13212696.0,0.29636,3915769.98376,882
2026-09-25T14:40:00+00:00,13212696.0,13220848.0,13184876.0,13189446.0,0.24968,3297073.03447,740
2026-09-25T14:45:00+00:00,13189446.0,13206392.0,13168812.0,13200879.0,0.05813,766574.25993,195
2026-09-25T14:50:00+00:00,13195363.0,13195363.0,13159308.0,13186225.0,0.08417,1110081.14421,292
2026-09-25T14:55:00+00:00,13185822.0,13214419.0,13185822.0,13210030.0,0.07183,948368.9926,254
2026-09-25T15:00:00+00:00,13206369.0,13228357.0,13202453.0,13202453.0,0.07153,945202.07013,234
2026-09-25T15:05:00+00:00,13186693.0,13225373.0,13186693.0,13217646.0,0.33798,4461705.67099,977
2026-09-25T15:10:00+00:00,13217646.0,13239534.0,13206836.0,13232291.0,0.42844,5664137.14825,1239
2026-09-25T15:15:00+00:00,13231678.0,13235312.0,13196930.0,13200883.0,0.4535626666360415,5995628.0276,1288
2026-09-25T15:20:00+00:00,13199659.0,13219393.0,13192005.0,13211346.0,0.39264,5186092.96159,1145
2026-09-25T15:25:00+00:00,13211346.0,13212028.0,13185147.0,13193427.0,0.38182,5040808.31309,1115
2026-09-25T15:30:00+00:00,13193427.0,13211167.0,13183934.0,13183934.0,0.13267,1749752.10594,391
2026-09-25T15:35:00+00:00,13183934.0,13187719.0,13151745.0,13153640.0,0.2821585292633384,3718639.13975,850
2026-09-25T15:40:00+00:00,13153719.0,13170511.0,13150000.0,13150000.0,0.07506,987458.35056,258
2026-09-25T15:45:00+00:00,13150000.0,13167521.0,13140000.0,13140000.0,0.12667,1666501.37963,402
2026-09-25T15:50:00+00:00,13141136.0,13158928.0,13140000.0,13149208.0,0.06876,903990.59378,250
2026-09-25T15:55:00+00:00,13152709.0,13180055.0,13152706.0,13177808.0,0.20747,2730996.98366,640
2026-09-25T16:00:00+00:00,13178876.0,13183351.0,13176814.0,13182836.0,0.02333,307514.15916,80
2026-09-25T16:05:00+00:00,13182836.0,13206621.0,13182835.0,13199086.0,0.05952,785384.7549,216
2026-09-25T16:10:00+00:00,13197709.0,13210292.0,13191392.0,13206262.0,0.21076,2782689.29524,637
2026-09-25T16:15:00+00:00,13208414.0,13226662.0,13208216.0,13216608.0,0.3579,4731134.54194,1026
2026-09-25T16:20:00+00:00,13217749.0,13221834.0,13203671.0,13209472.0,0.44403,5866076.96802,1273
2026-09-25T16:25:00+00:00,13209472.0,13219437.0,13203976.0,13205140.0,0.46578,6153779.53054,1334
2026-09-25T16:30:00+00:00,13206518.0,13225004.0,13190421.0,13192533.0,0.33841,4469376.77091,990
2026-09-25T16:35:00+00:00,13192533.0,13218716.0,13190982.0,13203742.0,0.3588,4737244.33447,1029
2026-09-25T16:40:00+00:00,13204429.0,13211604.0,13197563.0,13197563.0,0.39703,5242755.35141,1153
2026-09-25T16:45:00+00:00,13197182.0,13202894.0,13173286.0,13185600.0,0.33744,4450655.45878,1010
2026-09-25T16:50:00+00:00,13186392.0,13199732.0,13183428.0,13194646.0,0.45653,6022581.7766,1328
2026-09-25T16:55:00+00:00,13194646.0,13197568.0,13180000.0,13180000.0,0.32218,4249626.47244,954
2026-09-25T17:00:00+00:00,13180000.0,13211906.0,13180000.0,13209479.0,0.1823,2406270.48878,564
2026-09-25T17:05:00+00:00,13209479.0,13215063.0,13194768.0,13212754.0,0.41103,5426340.82616,1184
2026-09-25T17:10:00+00:00,13212834.0,13216675.0,13205653.0,13214375.0,0.21472,2836739.3975,666
2026-09-25T17:15:00+00:00,13214375.0,13222055.0,13206914.0,13208054.0,0.30552,4037433.3817,919
2026-09-25T17:20:00+00:00,13209226.0,13214357.0,13206432.0,13209844.0,0.46577,6152408.73461,1345
2026-09-25T17:25:00+00:00,13209844.0,13209844.0,13180000.0,13180000.0,0.38201,5042267.13362,1098
2026-09-25T17:30:00+00:00,13180000.0,13195897.0,13180000.0,13190504.0,0.03661,482813.20432,147
2026-09-25T17:35:00+00:00,13190575.0,13191034.0,13180000.0,13188267.0,0.44722,5897115.09747,1301
2026-09-25T17:40:00+00:00,13188267.0,13196906.0,13184672.0,13191644.0,0.33191,4378259.3483,976
2026-09-25T17:45:00+00:00,13191644.0,13192115.0,13180000.0,13181541.0,0.17694,2333368.65288,555
2026-09-25T17:50:00+00:00,13184188.0,13187552.0,13180000.0,13180000.0,0.05861,772614.19092,218
2026-09-25T17:55:00+00:00,13180000.0,13183160.0,13174835.0,13183160.0,0.25415,3349870.86971,758
2026-09-25T18:00:00+00:00,13183160.0,13200525.0,13183160.0,13195253.0,0.22052,2909442.45515,682
2026-09-25T18:05:00+00:00,13196820.0,13213606.0,13193148.0,13213606.0,0.3979,5253494.68807,1158
2026-09-25T18:10:00+00:00,13213606.0,13224826.0,13209872.0,13218796.0,0.4227,5587302.65873,1235
2026-09-25T18:15:00+00:00,13219194.0,13228752.0,13215766.0,13226790.0,0.43811,5792524.76081,1291
2026-09-25T18:20:00+00:00,13226790.0,13231844.0,13217645.0,13221243.0,0.1621,2143371.10671,516
2026-09-25T18:25:00+00:00,13220298.0,13225672.0,13202194.0,13208936.0,0.33562,4434768.23004,1002
2026-09-25T18:30:00+00:00,13208936.0,13214238.0,13206316.0,13212028.0,0.44732,5909418.37191,1318
2026-09-25T18:35:00+00:00,13210658.0,13214128.0,13199648.0,13201870.0,0.27867,3680642.23767,857
2026-09-25T18:40:00+00:00,13201870.0,13207454.0,13196342.0,13206604.0,0.33311,4397949.83942,1022
2026-09-25T18:45:00+00:00,13206604.0,13211394.0,13199646.0,13202165.0,0.3385,4470493.45755,1029
2026-09-25T18:50:00+00:00,13201744.0,13204486.0,13196877.0,13202527.0,0.45909,6060708.37852,1360
2026-09-25T18:55:00+00:00,13202527.0,13206803.0,13197819.0,13203120.0,0.28468,3758475.04849,856
2026-09-25T19:00:00+00:00,13203120.0,13206740.0,13198836.0,13200782.0,0.35379,4671082.3111,1033
2026-09-25T19:05:00+00:00,13200703.0,13210201.0,13200703.0,13205428.0,0.17863,2359227.68121,556
2026-09-25T19:10:00+00:00,13205428.0,13205428.0,13205428.0,13205428.0,0.0,0.0,0
2026-09-25T19:15:00+00:00,13205428.0,13205428.0,13205428.0,13205428.0,0.0,0.0,0
2026-09-25T19:20:00+00:00,13205944.0,13218792.0,13205944.0,13212588.0,0.2685,3548275.39669,806
2026-09-25T19:25:00+00:00,13207857.0,13214238.0,13201835.0,13209904.0,0.27052,3573397.4839,827
2026-09-25T19:30:00+00:00,13212535.0,13217277.0,13210048.0,13214547.0,0.26301,3475588.45227,812
2026-09-25T19:35:00+00:00,13214547.0,13220808.0,13207237.0,13207237.0,0.22455,2967794.31994,695
2026-09-25T19:40:00+00:00,13207940.0,13211637.0,13203607.0,13208994.0,0.2792,3687790.21244,847
2026-09-25T19:45:00+00:00,13208438.0,13222922.0,13208438.0,13214151.0,0.09362,1237390.57269,320
2026-09-25T19:50:00+00:00,13214707.0,13220617.0,13213068.0,13218638.0,0.09157,1210355.78022,316
2026-09-25T19:55:00+00:00,13218710.0,13224781.0,13214903.0,13222857.0,0.34051,4501820.84371,1019
2026-09-25T20:00:00+00:00,13221670.0,13221724.0,13207279.0,13207279.0,0.01718,227054.09349,95
2026-09-25T20:05:00+00:00,13207280.0,13214236.0,13207280.0,13213000.0,0.24511,3238213.4564,737
2026-09-25T20:10:00+00:00,13213000.0,13216854.0,13208435.0,13216815.0,0.30482,4027813.48046,926
2026-09-25T20:15:00+00:00,13212834.0,13220938.0,13212285.0,13219980.0,0.40948,5412190.31725,1218
2026-09-25T20:20:00+00:00,13219980.0,13233224.0,13214879.0,13232461.0,0.40943,5413026.31549,1227
2026-09-25T20:25:00+00:00,13232461.0,13232461.0,13223926.0,13225686.0,0.46378,6134999.63536,1347
2026-09-25T20:30:00+00:00,13225686.0,13229310.0,13224312.0,13227186.0,0.53828,7119555.41236,1554
2026-09-25T20:35:00+00:00,13227186.0,13246783.0,13222802.0,13239128.0,0.45964,6080268.90898,1348
2026-09-25T20:40:00+00:00,13239128.0,13242320.0,13224876.0,13235450.0,0.50357,6664206.30572,1454
2026-09-25T20:45:00+00:00,13235450.0,13236791.0,13227391.0,13229682.0,0.5014979972624595,6635825.13481,1457
2026-09-25T20:50:00+00:00,13225565.0,13225565.0,13205726.0,13209104.0,0.23337,3084510.73148,723
2026-09-25T20:55:00+00:00,13209104.0,13209537.0,13194802.0,13203170.0,0.31548,4164338.64148,953
2026-09-25T21:00:00+00:00,13203170.0,13206418.0,13188883.0,13191884.0,0.39152,5169079.89346,1152
2026-09-25T21:05:00+00:00,13192942.0,13192942.0,13170000.0,13177007.0,0.22538,2969245.63025,696
2026-09-25T21:10:00+00:00,13177007.0,13181290.0,13173445.0,13173445.0,0.49009,6458723.5119,1409
2026-09-25T21:15:00+00:00,13175246.0,13176234.0,13170000.0,13170001.0,0.04213,554953.50248,172
2026-09-25T21:20:00+00:00,13170000.0,13181290.0,13170000.0,13180263.0,0.20471,2697488.23881,633
2026-09-25T21:25:00+00:00,13180263.0,13186415.0,13178417.0,13185934.0,0.09203,1213138.81879,312
2026-09-25T21:30:00+00:00,13185933.0,13186028.0,13184550.0,13184550.0,0.0093,122629.25814,32
2026-09-25T21:35:00+00:00,13185597.0,13191770.0,13174299.0,13188121.0,0.39183742806753463,5165896.7752,1142
2026-09-25T21:40:00+00:00,13188121.0,13193076.0,13187193.0,13190966.0,0.46453,6127111.58277,1338
2026-09-25T21:45:00+00:00,13190966.0,13196425.0,13189200.0,13195535.0,0.21576,2846339.24979,653
2026-09-25T21:50:00+00:00,13195836.0,13201586.0,13193749.0,13193749.0,0.1644,2169805.68946,521
2026-09-25T21:55:00+00:00,13194470.0,13197606.0,13184791.0,13189328.0,0.4222,5570911.00371,1261
2026-09-25T22:00:00+00:00,13189328.0,13197956.0,13182556.0,13197371.0,0.23468,3095348.93539,717
2026-09-25T22:05:00+00:00,13195496.0,13206007.0,13195496.0,13203730.0,0.3475,4587579.67479,1045
2026-09-25T22:10:00+00:00,13204325.0,13206572.0,13203034.0,13205572.0,0.25756,3400947.5166,772
2026-09-25T22:15:00+00:00,13206156.0,13206562.0,13204698.0,13206537.0,0.05821,768705.32028,166
2026-09-25T22:20:00+00:00,13208007.0,13212288.0,13208007.0,13209907.0,0.041453779595053364,547622.11345,167
2026-09-25T22:25:00+00:00,13210186.0,13213589.0,13199029.0,13203342.0,0.15061,1988811.97387,479
2026-09-25T22:30:00+00:00,13202674.0,13221795.0,13202666.0,13221455.0,0.19165,2531648.10467,595
2026-09-25T22:35:00+00:00,13221455.0,13231786.0,13221284.0,13230104.0,0.23413,3096540.91167,726
2026-09-25T22:40:00+00:00,13230104.0,13235381.0,13228367.0,13229584.0,0.33749,4465293.97562,1001
2026-09-25T22:45:00+00:00,13229584.0,13232712.0,13227874.0,13229552.0,0.29777,3939780.76868,901
2026-09-25T22:50:00+00:00,13227875.0,13238264.0,13227836.0,13237786.0,0.09323,1233801.90296,318
2026-09-25T22:55:00+00:00,13237786.0,13240235.0,13228529.0,13231361.0,0.21181,2803869.43255,663
2026-09-25T23:00:00+00:00,13230516.0,13236278.0,13230509.0,13235447.0,0.3682848264354437,4873990.03027,1097
2026-09-25T23:05:00+00:00,13233812.0,13237295.0,13233774.0,13235794.0,0.32387,4286650.04575,982
2026-09-25T23:10:00+00:00,13235794.0,13237690.0,13227941.0,13230091.0,0.35944,4756981.19339,1083
2026-09-25T23:15:00+00:00,13230091.0,13234061.0,13227947.0,13232858.0,0.50095,6628398.32127,1463
2026-09-25T23:20:00+00:00,13232858.0,13235084.0,13223372.0,13225856.0,0.48345,6397054.68402,1416
2026-09-25T23:25:00+00:00,13225904.0,13236285.0,13222091.0,13234843.0,0.49975,6611539.92355,1449
2026-09-25T23:30:00+00:00,13236200.0,13236880.0,13228698.0,13233771.0,0.45516,6023530.54628,1303
2026-09-25T23:35:00+00:00,13228700.0,13233435.0,13228698.0,13229572.0,0.45552,6026859.41684,1345
2026-09-25T23:40:00+00:00,13229572.0,13229912.0,13228667.0,13229272.0,0.51515,6815119.36425,1463
2026-09-25T23:45:00+00:00,13229272.0,13229774.0,13228633.0,13229500.0,0.49771,6584375.99007,1399
2026-09-25T23:50:00+00:00,13229500.0,13229842.0,13227645.0,13227645.0,0.45309,5994119.83189,1284
2026-09-25T23:55:00+00:00,13227645.0,13227645.0,13227645.0,13227645.0,0.0,0.0,0
2026-09-26T00:00:00+00:00,13229999.0,13229999.0,13229999.0,13229999.0,3.7792897792358e-05,499.9999999999985,1
2026-09-26T00:05:00+00:00,13225285.0,13230000.0,13225095.0,13229472.0,0.11005,1455596.7661,358
2026-09-26T00:10:00+00:00,13229452.0,13230000.0,13225299.0,13229968.0,0.3723,4924923.00655,1113
2026-09-26T00:15:00+00:00,13229968.0,13232426.0,13225660.0,13226612.0,0.52458,6939824.10946,1525
2026-09-26T00:20:00+00:00,13226612.0,13232340.0,13224436.0,13225136.0,0.51306,6786386.48374,1479
2026-09-26T00:25:00+00:00,13225136.0,13227420.0,13207881.0,13210890.0,0.30983,4097029.28231,938
2026-09-26T00:30:00+00:00,13210890.0,13214031.0,13193230.0,13196684.0,0.27797,3669432.29117,856
2026-09-26T00:35:00+00:00,13195855.0,13198769.0,13188084.0,13194394.0,0.36742,4847437.423,1099
2026-09-26T00:40:00+00:00,13194394.0,13206522.0,13189870.0,13199122.0,0.34043,4494184.63588,1011
2026-09-26T00:45:00+00:00,13198238.0,13205059.0,13197757.0,13204462.0,0.26937,3556317.66809,791
2026-09-26T00:50:00+00:00,13203293.0,13209784.0,13200033.0,13202027.0,0.15836,2091271.29699,512
2026-09-26T00:55:00+00:00,13202027.0,13205963.0,13199586.0,13202003.0,0.44143,5828309.18459,1280
2026-09-26T01:00:00+00:00,13202003.0,13204820.0,13200772.0,13204819.0,0.1461,1929062.75223,417
2026-09-26T01:05:00+00:00,13198382.0,13207861.0,13198382.0,13201932.0,0.07307,964730.95394,244
2026-09-26T01:10:00+00:00,13201934.0,13212186.0,13201865.0,13205905.0,0.3071,4056206.34951,933
2026-09-26T01:15:00+00:00,13205908.0,13218281.0,13205908.0,13213212.0,0.27397,3620252.29547,835
2026-09-26T01:20:00+00:00,13212779.0,13217290.0,13209193.0,13217290.0,0.14138,1867967.36733,396
2026-09-26T01:25:00+00:00,13217290.0,13217290.0,13217289.0,13217290.0,0.00424,56041.3074,58
2026-09-26T01:30:00+00:00,13217290.0,13217290.0,13217289.0,13217290.0,0.00476,62914.29764,58
2026-09-26T01:35:00+00:00,13219106.0,13225019.0,13219106.0,13225019.0,0.00957,126545.35852,41
2026-09-26T01:40:00+00:00,13224905.0,13230243.0,13222994.0,13224776.0,0.48179,6372122.07224,1382
2026-09-26T01:45:00+00:00,13224776.0,13229722.0,13223022.0,13224830.0,0.49027,6484317.18956,1408
2026-09-26T01:50:00+00:00,13223996.0,13230902.0,13222384.0,13229584.0,0.47835,6326913.61506,1361
2026-09-26T01:55:00+00:00,13229584.0,13230892.0,13227288.0,13230078.0,0.53322,7053900.71748,1512
2026-09-26T02:00:00+00:00,13230078.0,13231096.0,13217505.0,13222224.0,0.45464,6011969.7254,1301
2026-09-26T02:05:00+00:00,13222224.0,13227279.0,13219650.0,13221272.0,0.47187,6239315.76205,1359
2026-09-26T02:10:00+00:00,13221273.0,13236076.0,13219812.0,13233805.0,0.48932,6471444.17115,1438
2026-09-26T02:15:00+00:00,13233805.0,13237877.0,13229964.0,13236532.0,0.16515,2185673.60063,527
2026-09-26T02:20:00+00:00,13236532.0,13237195.0,13222512.0,13222512.0,0.16443,2175378.74958,519
2026-09-26T02:25:00+00:00,13222512.0,13228653.0,13222511.0,13223837.0,0.3078,4070995.95666,906
2026-09-26T02:30:00+00:00,13225037.0,13225037.0,13222638.0,13222638.0,0.00064,8463.23201,2
2026-09-26T02:35:00+00:00,13223771.0,13224564.0,13219008.0,13222232.0,0.34813,4603532.23425,1023
2026-09-26T02:40:00+00:00,13223126.0,13227156.0,13219594.0,13222505.0,0.45584,6027780.45859,1313
2026-09-26T02:45:00+00:00,13222505.0,13447777.0,13221840.0,13229962.0,0.3863499316890814,5116678.00455,630
2026-09-26T02:50:00+00:00,13229952.0,13230324.0,13224626.0,13226398.0,0.32948,4358533.59723,984
2026-09-26T02:55:00+00:00,13226398.0,13230015.0,13219810.0,13222459.0,0.43506,5754647.26026,1276
2026-09-26T03:00:00+00:00,13224862.0,13224975.0,13220151.0,13224203.0,0.45595,6028766.18052,1322
2026-09-26T03:05:00+00:00,13223026.0,13224522.0,13220730.0,13223171.0,0.45044,5956298.78298,1321
2026-09-26T03:10:00+00:00,13223171.0,13223176.0,13217289.0,13217290.0,0.04392,580641.12432,168
2026-09-26T03:15:00+00:00,13217289.0,13217290.0,13217289.0,13217289.0,0.00386,51018.7374,56
2026-09-26T03:20:00+00:00,13217289.0,13221258.0,13217289.0,13218574.0,0.02327,307609.9865,98
2026-09-26T03:25:00+00:00,13218574.0,13228768.0,13217368.0,13226234.0,0.27528,3640951.61671,794
2026-09-26T03:30:00+00:00,13225178.0,13247557.0,13222287.0,13224372.0,0.6134891920244758,8116901.2991,1159
2026-09-26T03:35:00+00:00,13224372.0,13229472.0,13222870.0,13226294.0,0.39844,5269331.97125,1143
2026-09-26T03:40:00+00:00,13227470.0,13227470.0,13217923.0,13218637.0,0.50017,6612742.12908,1437
2026-09-26T03:45:00+00:00,13218637.0,13218637.0,13218637.0,13218637.0,0.0,0.0,0
2026-09-26T03:50:00+00:00,13217290.0,13219698.0,13217289.0,13217289.0,0.01023,135226.34077,71
2026-09-26T03:55:00+00:00,13217289.0,13217290.0,13217289.0,13217290.0,0.11721,1549198.55902,60
2026-09-26T04:00:00+00:00,13217290.0,13224806.0,13217290.0,13221840.0,0.27706126568918277,3663660.23587,819
2026-09-26T04:05:00+00:00,13221840.0,13226410.0,13221108.0,13223717.0,0.51035,6748421.11626,1469
2026-09-26T04:10:00+00:00,13223717.0,13224598.0,13220296.0,13222693.0,0.45192,5975906.74112,1304
2026-09-26T04:15:00+00:00,13222693.0,13228442.0,13220816.0,13227749.0,0.48483,6411718.50784,1436
2026-09-26T04:20:00+00:00,13227079.0,13228318.0,13217290.0,13217290.0,0.28713,3797568.21334,847
2026-09-26T04:25:00+00:00,13217290.0,13217291.0,13217290.0,13217290.0,0.00413,54587.40983,57
2026-09-26T04:30:00+00:00,13217290.0,13217291.0,13217290.0,13217290.0,0.00383,50622.22261,54
2026-09-26T04:35:00+00:00,13217290.0,13217290.0,13217290.0,13217290.0,0.0,0.0,0
2026-09-26T04:40:00+00:00,13218181.0,13223344.0,13218181.0,13223336.0,0.00972,128483.14556,46
2026-09-26T04:45:00+00:00,13223329.0,13224620.0,13220440.0,13224395.0,0.453,5989770.50751,1322
2026-09-26T04:50:00+00:00,13224395.0,13224395.0,13221944.0,13223081.0,0.56412,7459188.20371,1603
2026-09-26T04:55:00+00:00,13223081.0,13223234.0,13222906.0,13223081.0,0.58134,7687106.96462,1659
2026-09-26T05:00:00+00:00,13223081.0,13225258.0,13222928.0,13224624.0,0.56683,7495381.55921,1618
2026-09-26T05:05:00+00:00,13224624.0,13225510.0,13220907.0,13224349.0,0.44458,5878878.63332,1316
2026-09-26T05:10:00+00:00,13224349.0,13224349.0,13217290.0,13221022.0,0.28978,3831635.64859,861
2026-09-26T05:15:00+00:00,13219722.0,13221022.0,13217290.0,13217290.0,0.15611,2063513.06742,496
2026-09-26T05:20:00+00:00,13217290.0,13223604.0,13217290.0,13222632.0,0.30924,4088305.35094,920
2026-09-26T05:25:00+00:00,13222678.0,13223772.0,13217290.0,13217291.0,0.25694,3397195.4697,774
2026-09-26T05:30:00+00:00,13217290.0,13217291.0,13217290.0,13217291.0,0.00383,50622.22261,54
2026-09-26T05:35:00+00:00,13217290.0,13217830.0,13217290.0,13217830.0,0.00916,121075.2922,38
2026-09-26T05:40:00+00:00,13217830.0,13223888.0,13217724.0,13220595.0,0.39225,5185375.29051,1189
2026-09-26T05:45:00+00:00,13219578.0,13223020.0,13219122.0,13221134.0,0.4903,6482241.44741,1425
2026-09-26T05:50:00+00:00,13221134.0,13222810.0,13217290.0,13217290.0,0.18354,2426653.89352,561
2026-09-26T05:55:00+00:00,13217290.0,13217291.0,13217290.0,13217290.0,0.00384,50754.39544,56
2026-09-26T06:00:00+00:00,13217290.0,13217291.0,13217290.0,13217290.0,0.00388,51283.08712,56
2026-09-26T06:05:00+00:00,13217829.0,13218881.0,13217290.0,13217424.0,0.2162,2857766.50521,640
2026-09-26T06:10:00+00:00,13217816.0,13218347.0,13217291.0,13217291.0,0.016705355023204076,220802.42519,23
2026-09-26T06:15:00+00:00,13217291.0,13217291.0,13217291.0,13217291.0,0.0,0.0,0
2026-09-26T06:20:00+00:00,13217290.0,13217290.0,13217290.0,13217290.0,0.0002,2643.458,5
2026-09-26T06:25:00+00:00,13217329.0,13217329.0,13217290.0,13217320.0,0.01032,136402.65008,35
2026-09-26T06:30:00+00:00,13217320.0,13221694.0,13217290.0,13217290.0,0.19774,2613659.59393,627
2026-09-26T06:35:00+00:00,13217290.0,13217291.0,13217290.0,13217290.0,0.00389,51415.25999,56
2026-09-26T06:40:00+00:00,13217291.0,13217291.0,13217290.0,13217290.0,0.0005,6608.6453,6
2026-09-26T06:45:00+00:00,13217318.0,13217887.0,13217290.0,13217882.0,0.01725,228006.91936,56
2026-09-26T06:50:00+00:00,13217586.0,13218723.0,13217290.0,13217290.0,0.28031,3705031.49238,846
2026-09-26T06:55:00+00:00,13217290.0,13217291.0,13217290.0,13217291.0,0.0042,55512.62016,58
2026-09-26T07:00:00+00:00,13217290.0,13224570.0,13217290.0,13223018.0,0.01712,226319.29386,91
2026-09-26T07:05:00+00:00,13222889.0,13224042.0,13221363.0,13221363.0,0.10918,1443612.7144,355
2026-09-26T07:10:00+00:00,13221364.0,13222037.0,13220882.0,13222036.0,0.0186,245922.58528,102
2026-09-26T07:15:00+00:00,13221739.0,13222660.0,13221739.0,13222646.0,0.1043,1379087.21989,349
2026-09-26T07:20:00+00:00,13222646.0,13225251.0,13222646.0,13223022.0,0.36683,4850589.34303,1086
2026-09-26T07:25:00+00:00,13223310.0,13224718.0,13222483.0,13223982.0,0.30458,4027558.68972,924
2026-09-26T07:30:00+00:00,13223960.0,13224735.0,13223945.0,13224067.0,0.40423,5345601.79715,1209
2026-09-26T07:35:00+00:00,13224226.0,13225687.0,13224031.0,13225505.0,0.24108,3188102.38708,732
2026-09-26T07:40:00+00:00,13225505.0,13228135.0,13225505.0,13228135.0,0.01343,177623.4364,86
2026-09-26T07:45:00+00:00,13228135.0,13232578.0,13228134.0,13231510.0,0.32299,4273326.19204,970
2026-09-26T07:50:00+00:00,13231510.0,13231842.0,13229233.0,13231282.0,0.54574,7220862.51431,1574
2026-09-26T07:55:00+00:00,13229916.0,13231967.0,13229720.0,13231967.0,0.01118,147931.44412,50
2026-09-26T08:00:00+00:00,13231967.0,13231967.0,13231967.0,13231967.0,0.0,0.0,0
2026-09-26T08:05:00+00:00,13237157.0,13237157.0,13237156.0,13237156.0,0.01283,169832.72247,82
2026-09-26T08:10:00+00:00,13237156.0,13237156.0,13229811.0,13229901.0,0.17514,2317479.29369,542
2026-09-26T08:15:00+00:00,13229887.0,13232268.0,13228119.0,13228120.0,0.31227,4131619.60696,928
2026-09-26T08:20:00+00:00,13228122.0,13229359.0,13226577.0,13226577.0,0.11904,1574736.53317,392
2026-09-26T08:25:00+00:00,13226578.0,13232491.0,13226173.0,13232136.0,0.26333,3483786.60494,803
2026-09-26T08:30:00+00:00,13232313.0,13250687.0,13232313.0,13250687.0,0.10393,1375620.77091,349
2026-09-26T08:35:00+00:00,13256742.0,13266962.0,13256741.0,13266962.0,0.03282,435224.68693,143
2026-09-26T08:40:00+00:00,13266962.0,13268050.0,13266961.0,13266961.0,0.01205,159866.93386,81
2026-09-26T08:45:00+00:00,13266961.0,13266962.0,13259230.0,13259230.0,0.06096,808467.25739,183
2026-09-26T08:50:00+00:00,13259230.0,13259231.0,13259230.0,13259230.0,0.00052,6894.79992,6
2026-09-26T08:55:00+00:00,13259230.0,13259230.0,13259230.0,13259230.0,0.0,0.0,0
2026-09-26T09:00:00+00:00,13259231.0,13259231.0,13259230.0,13259230.0,0.000153128732729673,2030.3691999999949,2
2026-09-26T09:05:00+00:00,13259230.0,13259230.0,13259230.0,13259230.0,0.0,0.0,0
2026-09-26T09:10:00+00:00,13259230.0,13259230.0,13219251.0,13227176.0,0.11773,1558169.05872,373
2026-09-26T09:15:00+00:00,13227176.0,13227819.0,13217290.0,13218664.0,0.21531,2846609.19882,661
2026-09-26T09:20:00+00:00,13218664.0,13225380.0,13217859.0,13220131.0,0.42935,5676961.68263,1250
2026-09-26T09:25:00+00:00,13220132.0,13224462.0,13219102.0,13221455.0,0.20054641300180154,2651665.59624,611
2026-09-26T09:30:00+00:00,13221455.0,13230583.0,13217461.0,13228373.0,0.31263,4134575.34785,920
2026-09-26T09:35:00+00:00,13228373.0,13230476.0,13223903.0,13227904.0,0.4825,6382423.97752,1386
2026-09-26T09:40:00+00:00,13227018.0,13229125.0,13223013.0,13226910.0,0.42527,5624675.96872,1273
2026-09-26T09:45:00+00:00,13224978.0,13229242.0,13224520.0,13227271.0,0.39026,5162145.16658,1147
2026-09-26T09:50:00+00:00,13227271.0,13228781.0,13222579.0,13226072.0,0.33029,4368459.59377,1012
2026-09-26T09:55:00+00:00,13226072.0,13227412.0,13221289.0,13225698.0,0.45613,6032192.01793,1333
2026-09-26T10:00:00+00:00,13224922.0,13237966.0,13224490.0,13233810.0,0.41227,5454755.7101,1185
2026-09-26T10:05:00+00:00,13233810.0,13262713.0,13233348.0,13238907.0,0.528944776522722,7002619.34532,1380
2026-09-26T10:10:00+00:00,13238907.0,13241703.0,13238731.0,13241550.0,0.25496,3375848.11913,737
2026-09-26T10:15:00+00:00,13249107.0,13250406.0,13249107.0,13250406.0,0.015849881477593968,210000.0,3
2026-09-26T10:20:00+00:00,13245194.0,13248540.0,13240629.0,13246944.0,0.25508,3378708.06829,773
2026-09-26T10:25:00+00:00,13245364.0,13251750.0,13242926.0,13244888.0,0.2280352542637765,3020368.64333,675
2026-09-26T10:30:00+00:00,13244870.0,13245442.0,13244639.0,13245187.0,0.00515,68212.7273,25
2026-09-26T10:35:00+00:00,13242518.0,13245388.0,13240731.0,13243174.0,0.3850025015689888,5098443.26939,1150
2026-09-26T10:40:00+00:00,13243175.0,13246627.0,13242456.0,13244291.0,0.31042015098183107,4111739.20779,933
2026-09-26T10:45:00+00:00,13244874.0,13246590.0,13244292.0,13246305.0,0.40545,5370719.52135,1178
2026-09-26T10:50:00+00:00,13246305.0,13250408.0,13246110.0,13248003.0,0.47665,6314283.19796,1379
2026-09-26T10:55:00+00:00,13248003.0,13254038.0,13247938.0,13250696.0,0.14924,1977469.77281,464
2026-09-26T11:00:00+00:00,13250696.0,13252361.0,13242413.0,13246694.0,0.28913,3830534.29887,861
2026-09-26T11:05:00+00:00,13246694.0,13251698.0,13246694.0,13249457.0,0.22476,2977886.95331,680
2026-09-26T11:10:00+00:00,13249457.0,13252841.0,13247537.0,13251576.0,0.34255,4538444.70932,1021
2026-09-26T11:15:00+00:00,13251576.0,13256634.0,13248539.0,13254724.0,0.44209,5859265.51618,1246
2026-09-26T11:20:00+00:00,13254724.0,13256098.0,13249025.0,13251336.0,0.31092,4120484.37884,931
2026-09-26T11:25:00+00:00,13251336.0,13254112.0,13248420.0,13251130.0,0.29922,3965185.34197,913
2026-09-26T11:30:00+00:00,13253298.0,13254851.0,13250719.0,13251644.0,0.38359,5083398.93744,1141
2026-09-26T11:35:00+00:00,13251644.0,13258940.0,13251644.0,13256669.0,0.1009,1337398.67179,326
2026-09-26T11:40:00+00:00,13256669.0,13258975.0,13252128.0,13253931.0,0.50854,6740239.44141,1477
2026-09-26T11:45:00+00:00,13252328.0,13263780.0,13251416.0,13253786.0,0.5243231663240663,6949235.16993,1471
2026-09-26T11:50:00+00:00,13253786.0,13258119.0,13253786.0,13254544.0,0.42491,5632463.17386,1253
2026-09-26T11:55:00+00:00,13254544.0,13268080.0,13253392.0,13257111.0,0.4032708554057003,5345808.01829,1127
2026-09-26T12:00:00+00:00,13254813.0,13257894.0,13246314.0,13246321.0,0.27237,3610353.2938,822
2026-09-26T12:05:00+00:00,13245281.0,13257091.0,13245281.0,13250868.0,0.40888,5418387.86983,1200
2026-09-26T12:10:00+00:00,13250868.0,13252768.0,13250276.0,13252409.0,0.27585,3655608.16825,816
2026-09-26T12:15:00+00:00,13252409.0,13272794.0,13252156.0,13256433.0,0.184918610578903,2451500.92323,440
2026-09-26T12:20:00+00:00,13256092.0,13256605.0,13254480.0,13254480.0,0.07417,983171.05422,244
2026-09-26T12:25:00+00:00,13254480.0,13254480.0,13254480.0,13254480.0,0.0,0.0,0
2026-09-26T12:30:00+00:00,13254480.0,13254480.0,13254480.0,13254480.0,0.0,0.0,0
2026-09-26T12:35:00+00:00,13254480.0,13254480.0,13254480.0,13254480.0,0.0,0.0,0
2026-09-26T12:40:00+00:00,13254481.0,13254481.0,13254481.0,13254481.0,0.00035,4639.06835,2
2026-09-26T12:45:00+00:00,13254480.0,13254481.0,13254480.0,13254481.0,0.0004,5301.79215,2
2026-09-26T12:50:00+00:00,13254481.0,13254481.0,13254481.0,13254481.0,0.0,0.0,0
2026-09-26T12:55:00+00:00,13254481.0,13254481.0,13254480.0,13254480.0,0.00022,2915.98571,2
2026-09-26T13:00:00+00:00,13254481.0,13254481.0,13254481.0,13254481.0,0.000754461830682016,9999.999999999998,1
2026-09-26T13:05:00+00:00,13254481.0,13254481.0,13254481.0,13254481.0,0.0,0.0,0
2026-09-26T13:10:00+00:00,13254480.0,13254480.0,13231577.0,13237224.0,0.13791,1825374.87419,438
2026-09-26T13:15:00+00:00,13237224.0,13238082.0,13226882.0,13228520.0,0.31157,4122138.98045,929
2026-09-26T13:20:00+00:00,13228520.0,13233217.0,13220640.0,13222051.0,0.35384,4680483.27981,1036
2026-09-26T13:25:00+00:00,13223215.0,13224775.0,13217290.0,13217871.0,0.11105,1468062.63671,366
2026-09-26T13:30:00+00:00,13217865.0,13219770.0,13217290.0,13219048.0,0.27331,3612715.99728,840
2026-09-26T13:35:00+00:00,13219048.0,13224144.0,13217290.0,13221437.0,0.25715,3399732.5787,783
2026-09-26T13:40:00+00:00,13221437.0,13224380.0,13218212.0,13219973.0,0.49562,6552363.27519,1433
2026-09-26T13:45:00+00:00,13219996.0,13229079.0,13219678.0,13224939.0,0.26923,3560348.9817,818
2026-09-26T13:50:00+00:00,13224939.0,13227883.0,13217937.0,13223662.0,0.43959,5812203.6148,1292
2026-09-26T13:55:00+00:00,13223662.0,13230063.0,13221141.0,13222027.0,0.33492,4429543.62186,981
2026-09-26T14:00:00+00:00,13222027.0,13228488.0,13218868.0,13226771.0,0.4894,6470763.98979,1407
2026-09-26T14:05:00+00:00,13226147.0,13226245.0,13218094.0,13220814.0,0.39567,5230929.87005,1160
2026-09-26T14:10:00+00:00,13220814.0,13223071.0,13220208.0,13220471.0,0.12918,1707886.78001,376
2026-09-26T14:15:00+00:00,13220471.0,13220471.0,13220471.0,13220471.0,0.0,0.0,0
2026-09-26T14:20:00+00:00,13223250.0,13228056.0,13220463.0,13225730.0,0.41185,5446259.38539,1234
2026-09-26T14:25:00+00:00,13225730.0,13229821.0,13223832.0,13226086.0,0.32853,4345591.83596,988
2026-09-26T14:30:00+00:00,13226086.0,13228283.0,13226086.0,13228283.0,0.00936,123808.74658,26
2026-09-26T14:35:00+00:00,13230290.0,13232896.0,13225202.0,13231548.0,0.3253,4303247.67808,986
2026-09-26T14:40:00+00:00,13231548.0,13237525.0,13228502.0,13234712.0,0.45657,6041861.85051,1326
2026-09-26T14:45:00+00:00,13234712.0,13235298.0,13230391.0,13233822.0,0.44353,5869153.23563,1284
2026-09-26T14:50:00+00:00,13232741.0,13238600.0,13232741.0,13238597.0,0.23177,3067748.81145,709
2026-09-26T14:55:00+00:00,13238597.0,13238726.0,13231337.0,13233328.0,0.43357,5738470.98287,1267
2026-09-26T15:00:00+00:00,13233328.0,13236806.0,13230404.0,13235552.0,0.48404,6406103.50552,1410
2026-09-26T15:05:00+00:00,13235552.0,13238272.0,13231927.0,13236290.0,0.54418,7202570.61241,1568
2026-09-26T15:10:00+00:00,13236620.0,13237476.0,13234014.0,13236332.0,0.54914,7268346.54719,1576
2026-09-26T15:15:00+00:00,13236332.0,13239260.0,13236083.0,13237740.0,0.56923,7535223.59026,1617
2026-09-26T15:20:00+00:00,13237132.0,13240982.0,13236000.0,13238452.0,0.5214,6902215.22693,1511
2026-09-26T15:25:00+00:00,13239609.0,13243392.0,13237144.0,13242178.0,0.44769,5928076.01783,1331
2026-09-26T15:30:00+00:00,13242178.0,13250466.0,13242038.0,13248912.0,0.12258,1623298.87524,399
2026-09-26T15:35:00+00:00,13248645.0,13258163.0,13246739.0,13249282.0,0.29115,3857688.04085,870
2026-09-26T15:40:00+00:00,13249631.0,13251492.0,13246912.0,13250305.0,0.28465,3771113.02225,874
2026-09-26T15:45:00+00:00,13250305.0,13250305.0,13242044.0,13243280.0,0.42002624582711323,5563692.52532,1223
2026-09-26T15:50:00+00:00,13242255.0,13250514.0,13241752.0,13249818.0,0.30723,4069440.93174,919
2026-09-26T15:55:00+00:00,13249818.0,13250859.0,13246450.0,13248777.0,0.46935,6218450.85599,1387
2026-09-26T16:00:00+00:00,13248418.0,13251619.0,13247162.0,13251336.0,0.33275,4408717.67317,982
2026-09-26T16:05:00+00:00,13251336.0,13251851.0,13248394.0,13250902.0,0.55256,7321864.07946,1590
2026-09-26T16:10:00+00:00,13250458.0,13251739.0,13245623.0,13248108.0,0.50805,6730918.31361,1452
2026-09-26T16:15:00+00:00,13248108.0,13249816.0,13244348.0,13244744.0,0.33794,4476323.76887,966
2026-09-26T16:20:00+00:00,13245499.0,13245499.0,13240674.0,13242978.0,0.44192,5852499.97443,1290
2026-09-26T16:25:00+00:00,13242978.0,13244458.0,13241751.0,13243115.0,0.56649,7502140.83499,1626
2026-09-26T16:30:00+00:00,13243115.0,13245499.0,13241904.0,13245499.0,0.17131,2268635.08264,507
2026-09-26T16:35:00+00:00,13245499.0,13245499.0,13244583.0,13245499.0,0.01101,145830.94658,79
2026-09-26T16:40:00+00:00,13245499.0,13250554.0,13245499.0,13249056.0,0.47464,6288247.51846,1408
2026-09-26T16:45:00+00:00,13248726.0,13251714.0,13247298.0,13251402.0,0.52701,6982391.02465,1508
2026-09-26T16:50:00+00:00,13251402.0,13251402.0,13243096.0,13247162.0,0.34425,4560723.62934,1025
2026-09-26T16:55:00+00:00,13247084.0,13248652.0,13241822.0,13244852.0,0.52823,6996528.98138,1514
2026-09-26T17:00:00+00:00,13244852.0,13247723.0,13240526.0,13240872.0,0.53079,7030085.53494,1535
2026-09-26T17:05:00+00:00,13240872.0,13244831.0,13239858.0,13241867.0,0.55262,7317694.62879,1569
2026-09-26T17:10:00+00:00,13241867.0,13242950.0,13239817.0,13241624.0,0.2418626535628391,3202572.11184,737
2026-09-26T17:15:00+00:00,13241624.0,13241624.0,13236000.0,13237655.0,0.43958,5819519.10723,1278
2026-09-26T17:20:00+00:00,13237655.0,13240749.0,13236045.0,13238209.0,0.5431,7189979.85983,1579
2026-09-26T17:25:00+00:00,13238209.0,13240320.0,13236000.0,13236590.0,0.52766,6985276.40735,1543
2026-09-26T17:30:00+00:00,13236590.0,13239962.0,13233282.0,13234876.0,0.47311,6262317.5294,1392
2026-09-26T17:35:00+00:00,13234876.0,13239624.0,13232396.0,13238968.0,0.52427,6939503.61183,1559
2026-09-26T17:40:00+00:00,13238968.0,13242136.0,13235028.0,13240938.0,0.54145,7168140.79729,1570
2026-09-26T17:45:00+00:00,13240938.0,13242518.0,13239598.0,13241322.0,0.56993,7546826.2297,1633
2026-09-26T17:50:00+00:00,13241322.0,13242378.0,13240566.0,13240998.0,0.56977,7544571.29354,1620
2026-09-26T17:55:00+00:00,13241354.0,13241589.0,13240783.0,13241589.0,0.28708,3801287.82415,844
2026-09-26T18:00:00+00:00,13241589.0,13241589.0,13240606.0,13241589.0,0.09432,1248896.23198,315
2026-09-26T18:05:00+00:00,13241589.0,13241589.0,13239074.0,13239075.0,0.01217,161143.45811,90
2026-09-26T18:10:00+00:00,13238468.0,13241293.0,13236885.0,13239023.0,0.40327,5339045.8852,1200
2026-09-26T18:15:00+00:00,13239023.0,13240116.0,13234904.0,13239278.0,0.5078,6722237.75317,1458
2026-09-26T18:20:00+00:00,13239278.0,13240795.0,13235571.0,13239536.0,0.51568,6826952.63386,1483
2026-09-26T18:25:00+00:00,13239536.0,13239594.0,13233418.0,13235776.0,0.50581,6694805.89683,1453
2026-09-26T18:30:00+00:00,13235776.0,13237966.0,13233592.0,13237064.0,0.4896,6480296.47642,1408
2026-09-26T18:35:00+00:00,13237064.0,13237064.0,13230666.0,13231583.0,0.49189,6509562.63022,1416
2026-09-26T18:40:00+00:00,13231583.0,13235228.0,13227230.0,13228445.0,0.4755,6291257.8756,1365
2026-09-26T18:45:00+00:00,13228445.0,13232226.0,13226864.0,13229401.0,0.52153,6899273.72797,1492
2026-09-26T18:50:00+00:00,13229401.0,13230340.0,13225484.0,13228068.0,0.48926,6472015.53776,1405
2026-09-26T18:55:00+00:00,13228068.0,13230632.0,13226786.0,13228715.0,0.50965,6741837.31588,1456
2026-09-26T19:00:00+00:00,13228715.0,13235871.0,13228715.0,13233173.0,0.51179,6772537.01969,1508
2026-09-26T19:05:00+00:00,13233173.0,13234565.0,13229757.0,13230557.0,0.54117,7161487.33679,1566
2026-09-26T19:10:00+00:00,13230557.0,13234552.0,13229725.0,13233874.0,0.51925,6870549.57581,1496
2026-09-26T19:15:00+00:00,13233874.0,13234646.0,13229647.0,13233626.0,0.41139,5443747.99623,1243
2026-09-26T19:20:00+00:00,13233626.0,13233626.0,13228568.0,13230640.0,0.50173,6638239.35099,1464
2026-09-26T19:25:00+00:00,13230640.0,13231574.0,13228551.0,13231076.0,0.56884,7526075.86058,1636
2026-09-26T19:30:00+00:00,13231076.0,13232241.0,13227819.0,13230642.0,0.54101,7157869.03077,1558
2026-09-26T19:35:00+00:00,13230642.0,13233886.0,13222249.0,13225440.0,0.46541,6156573.39016,1378
2026-09-26T19:40:00+00:00,13226169.0,13230342.0,13222249.0,13229358.0,0.48107,6363104.25382,1403
2026-09-26T19:45:00+00:00,13229358.0,13231802.0,13227174.0,13229780.0,0.53142,7030367.71615,1514
2026-09-26T19:50:00+00:00,13229780.0,13231490.0,13226499.0,13230606.0,0.50417,6669709.77429,1446
2026-09-26T19:55:00+00:00,13230606.0,13231406.0,13227487.0,13229197.0,0.51595,6825694.99857,1487
2026-09-26T20:00:00+00:00,13229197.0,13233928.0,13227274.0,13232531.0,0.5314,7030762.52839,1518
2026-09-26T20:05:00+00:00,13232531.0,13234026.0,13224197.0,13225728.0,0.51018,6751152.75519,1450
2026-09-26T20:10:00+00:00,13225728.0,13231352.0,13224197.0,13231010.0,0.5109,6758504.37615,1523
2026-09-26T20:15:00+00:00,13231010.0,13234796.0,13227082.0,13233971.0,0.49664,6571501.70102,1466
2026-09-26T20:20:00+00:00,13233971.0,13235420.0,13231702.0,13232835.0,0.55097,7291398.22816,1583
2026-09-26T20:25:00+00:00,13232835.0,13239756.0,13232835.0,13238460.0,0.53389,7067403.8779,1525
2026-09-26T20:30:00+00:00,13238460.0,13240030.0,13238353.0,13238631.0,0.33194,4394603.65778,950
2026-09-26T20:35:00+00:00,13238040.0,13240116.0,13225451.0,13225451.0,0.40349,5341545.13349,1196
2026-09-26T20:40:00+00:00,13225203.0,13225203.0,13222249.0,13222249.0,0.00384,50774.42004,55
2026-09-26T20:45:00+00:00,13222249.0,13222250.0,13217290.0,13217290.0,0.00418,55259.63049,58
2026-09-26T20:50:00+00:00,13217290.0,13219769.0,13217290.0,13219769.0,0.00028,3700.94036,7
2026-09-26T20:55:00+00:00,13219770.0,13219770.0,13219769.0,13219769.0,0.00024,3172.74476,2
2026-09-26T21:00:00+00:00,13222034.0,13231175.0,13222034.0,13227149.0,0.01223,161772.25065,39
2026-09-26T21:05:00+00:00,13235776.0,13240216.0,13234394.0,13238845.0,0.18251,2416156.28252,587
2026-09-26T21:10:00+00:00,13238845.0,13241589.0,13238845.0,13241589.0,0.27667,3662893.4956,828
2026-09-26T21:15:00+00:00,13241589.0,13241589.0,13241589.0,13241589.0,0.0,0.0,0
2026-09-26T21:20:00+00:00,13241589.0,13241589.0,13241352.0,13241589.0,0.00645,85407.75772,57
2026-09-26T21:25:00+00:00,13241589.0,13241589.0,13241588.0,13241589.0,0.00416,55085.00812,58
2026-09-26T21:30:00+00:00,13241589.0,13241589.0,13241588.0,13241589.0,0.00414,54820.17658,57
2026-09-26T21:35:00+00:00,13241589.0,13241589.0,13241589.0,13241589.0,4e-05,529.66356,1
2026-09-26T21:40:00+00:00,13241589.0,13241589.0,13241589.0,13241589.0,4e-05,529.66356,1
2026-09-26T21:45:00+00:00,13241589.0,13241589.0,13241515.0,13241589.0,0.0058,76800.79922,20
2026-09-26T21:50:00+00:00,13241589.0,13242533.0,13239146.0,13239626.0,0.32325,4280235.95332,954
2026-09-26T21:55:00+00:00,13240465.0,13242533.0,13239068.0,13242532.0,0.17981,2380852.67004,556
2026-09-26T22:00:00+00:00,13242533.0,13251910.0,13242533.0,13251910.0,0.11864319123054715,1571831.36625,381
2026-09-26T22:05:00+00:00,13251910.0,13282741.0,13251909.0,13276011.0,0.015686808769452856,208163.98402,81
2026-09-26T22:10:00+00:00,13276011.0,13279476.0,13270128.0,13270128.0,0.07791,1034392.71986,274
2026-09-26T22:15:00+00:00,13272266.0,13277036.0,13267681.0,13269516.0,0.37065,4919295.34865,1086
2026-09-26T22:20:00+00:00,13269516.0,13271518.0,13260099.0,13271518.0,0.35745,4741792.31587,1041
2026-09-26T22:25:00+00:00,13271518.0,13280561.0,13268682.0,13279696.0,0.32224,4276833.66402,954
2026-09-26T22:30:00+00:00,13279696.0,13279696.0,13269374.0,13271237.0,0.35622,4728314.89442,1047
2026-09-26T22:35:00+00:00,13271237.0,13273565.0,13267661.0,13267661.0,0.20881,2770773.19429,643
2026-09-26T22:40:00+00:00,13267661.0,13271864.0,13267661.0,13271090.0,0.27358,3630218.37692,814
2026-09-26T22:45:00+00:00,13271090.0,13272219.0,13265336.0,13270036.0,0.3381969070213504,4487506.09153,993
2026-09-26T22:50:00+00:00,13270036.0,13272738.0,13268405.0,13270896.0,0.0504,668809.216,195
2026-09-26T22:55:00+00:00,13270318.0,13271421.0,13264090.0,13266294.0,0.16051,2129447.34486,481
2026-09-26T23:00:00+00:00,13265028.0,13272445.0,13264074.0,13272445.0,0.08276,1098302.61418,255
2026-09-26T23:05:00+00:00,13272737.0,13272738.0,13267678.0,13272022.0,0.2661,3531381.20838,803
2026-09-26T23:10:00+00:00,13271664.0,13280256.0,13270560.0,13277598.0,0.24763,3286604.81406,742
2026-09-26T23:15:00+00:00,13280250.0,13280561.0,13276978.0,13280391.0,0.22104,2935183.1747,677
2026-09-26T23:20:00+00:00,13280391.0,13284203.0,13280314.0,13280314.0,0.15436,2050063.58869,484
2026-09-26T23:25:00+00:00,13280314.0,13283376.0,13277144.0,13283334.0,0.10378,1378339.0078,341
2026-09-26T23:30:00+00:00,13282321.0,13284864.0,13281814.0,13284864.0,0.10073,1338048.92357,329
2026-09-26T23:35:00+00:00,13284864.0,13284864.0,13279476.0,13279477.0,0.02296,304981.38179,100
2026-09-26T23:40:00+00:00,13279477.0,13279477.0,13279477.0,13279477.0,0.0,0.0,0
2026-09-26T23:45:00+00:00,13280123.0,13280123.0,13280123.0,13280123.0,0.00032,4249.63936,1
2026-09-26T23:50:00+00:00,13283225.0,13288438.0,13283051.0,13288388.0,0.025462881202082517,338302.9285884661,110
2026-09-26T23:55:00+00:00,13288388.0,13288388.0,13288388.0,13288388.0,0.0,0.0,0
2026-09-27T00:00:00+00:00,13293482.0,13294540.0,13293482.0,13293482.0,0.0071,94384.65934,71
2026-09-27T00:05:00+00:00,13293482.0,13293483.0,13290760.0,13290760.0,0.00406,53962.29905,32
2026-09-27T00:10:00+00:00,13290760.0,13290760.0,13290760.0,13290760.0,0.0,0.0,0
2026-09-27T00:15:00+00:00,13283314.0,13283314.0,13283313.0,13283313.0,0.00272,36130.6134,23
2026-09-27T00:20:00+00:00,13283313.0,13283314.0,13283313.0,13283313.0,0.00051,6774.48994,7
2026-09-27T00:25:00+00:00,13283313.0,13283313.0,13283313.0,13283313.0,0.0,0.0,0
2026-09-27T00:30:00+00:00,13283313.0,13285110.0,13283313.0,13285109.0,0.00198,26304.44402,12
2026-09-27T00:35:00+00:00,13285110.0,13285110.0,13280036.0,13283530.0,0.16833,2235892.71741,522
2026-09-27T00:40:00+00:00,13282740.0,13284310.0,13281559.0,13283162.0,0.05322,706943.979,155
2026-09-27T00:45:00+00:00,13283162.0,13283162.0,13283162.0,13283162.0,0.0,0.0,0
2026-09-27T00:50:00+00:00,13281481.0,13281481.0,13278591.0,13278591.0,0.01551,205987.27637,51
2026-09-27T00:55:00+00:00,13278556.0,13278567.0,13273875.0,13273875.0,0.00839,111386.0043,77
2026-09-27T01:00:00+00:00,13273875.0,13276149.0,13271799.0,13272325.0,0.0222,294701.44103,91
2026-09-27T01:05:00+00:00,13274289.0,13275276.0,13272804.0,13275276.0,0.00985,130742.56954,34
2026-09-27T01:10:00+00:00,13275276.0,13284958.0,13275275.0,13283050.0,0.14668,1948460.37095,473
2026-09-27T01:15:00+00:00,13282717.0,13286423.0,13282498.0,13286413.0,0.12696,1686526.71838,397
2026-09-27T01:20:00+00:00,13286413.0,13286413.0,13286412.0,13286413.0,0.0005,6643.2062,6
2026-09-27T01:25:00+00:00,13286413.0,13286413.0,13286413.0,13286413.0,0.0,0.0,0
2026-09-27T01:30:00+00:00,13286412.0,13286412.0,13286412.0,13286412.0,0.001,13286.412,2
2026-09-27T01:35:00+00:00,13279652.0,13279652.0,13273560.0,13276732.0,0.07108651589062726,943778.53367,260
2026-09-27T01:40:00+00:00,13276732.0,13284260.0,13275902.0,13284124.0,0.21506,2855977.64028,655
2026-09-27T01:45:00+00:00,13284124.0,13289633.0,13284124.0,13289160.0,0.33239,4416624.44641,993
2026-09-27T01:50:00+00:00,13289160.0,13290962.0,13289160.0,13290962.0,0.0649,862491.9606,228
2026-09-27T01:55:00+00:00,13290962.0,13295349.0,13290961.0,13293044.0,0.04413,586623.89744,168
2026-09-27T02:00:00+00:00,13293044.0,13293472.0,13292339.0,13293293.0,0.08359,1111142.58252,247
2026-09-27T02:05:00+00:00,13293293.0,13293293.0,13293293.0,13293293.0,0.0,0.0,0
2026-09-27T02:10:00+00:00,13292782.0,13292782.0,13290567.0,13291422.0,0.00949,126136.46112,55
2026-09-27T02:15:00+00:00,13292462.0,13295222.0,13289330.0,13292403.0,0.31987,4251824.22912,939
2026-09-27T02:20:00+00:00,13292403.0,13297361.0,13292164.0,13296246.0,0.22235,2956271.87661,699
2026-09-27T02:25:00+00:00,13296246.0,13297776.0,13292007.0,13296638.0,0.45753,6083042.61233,1326
2026-09-27T02:30:00+00:00,13296638.0,13298032.0,13295630.0,13297383.0,0.42505,5651945.50728,1234
2026-09-27T02:35:00+00:00,13296461.0,13297880.0,13292759.0,13293965.0,0.28107,3737189.46957,843
2026-09-27T02:40:00+00:00,13293965.0,13295973.0,13291313.0,13294592.0,0.47397,6301048.28826,1383
2026-09-27T02:45:00+00:00,13294592.0,13297246.0,13291142.0,13292214.0,0.3001268390492287,3989853.25689,893
2026-09-27T02:50:00+00:00,13292786.0,13298031.0,13291166.0,13293689.0,0.34467,4581898.03179,1015
2026-09-27T02:55:00+00:00,13293689.0,13294841.0,13290574.0,13293227.0,0.49499,6580017.23465,1439
2026-09-27T03:00:00+00:00,13293227.0,13298032.0,13291155.0,13295313.0,0.28281,3759482.64948,845
2026-09-27T03:05:00+00:00,13295127.0,13298032.0,13294849.0,13296453.0,0.37024,4923168.96627,1086
2026-09-27T03:10:00+00:00,13296672.0,13296672.0,13292248.0,13296202.0,0.28848,3835227.11389,867
2026-09-27T03:15:00+00:00,13296202.0,13296202.0,13292372.0,13294098.0,0.3259921790549739,4333955.78526,987
2026-09-27T03:20:00+00:00,13294098.0,13294706.0,13286519.0,13286519.0,0.37928,5040288.60042,1106
2026-09-27T03:25:00+00:00,13286519.0,13286828.0,13285000.0,13285000.0,0.00739,98188.17022,70
2026-09-27T03:30:00+00:00,13285001.0,13290744.0,13285000.0,13290206.0,0.09002,1196328.15817,309
2026-09-27T03:35:00+00:00,13290206.0,13290422.0,13285268.0,13287130.0,0.30678,4076548.81183,913
2026-09-27T03:40:00+00:00,13287130.0,13289684.0,13286091.0,13288616.0,0.22954,3050112.63805,695
2026-09-27T03:45:00+00:00,13288616.0,13288616.0,13285000.0,13285636.0,0.12486,1658972.85439,411
2026-09-27T03:50:00+00:00,13285636.0,13288462.0,13285000.0,13285337.0,0.48042,6382915.07246,1392
2026-09-27T03:55:00+00:00,13285337.0,13288152.0,13285168.0,13286370.0,0.46372,6161370.0618,1336
2026-09-27T04:00:00+00:00,13286370.0,13287653.0,13285000.0,13285000.0,0.41538,5518899.61242,1195
2026-09-27T04:05:00+00:00,13285000.0,13285976.0,13285000.0,13285910.0,0.17753,2358577.3975,525
2026-09-27T04:10:00+00:00,13286115.0,13286115.0,13286115.0,13286115.0,0.03317,440700.43455,3
2026-09-27T04:15:00+00:00,13286115.0,13286116.0,13286115.0,13286116.0,0.00301,39991.20838,24
2026-09-27T04:20:00+00:00,13286273.0,13291069.0,13286273.0,13291068.0,0.04813,639697.2459,60
2026-09-27T04:25:00+00:00,13291068.0,13291069.0,13288141.0,13288628.0,0.26712,3550089.10221,763
2026-09-27T04:30:00+00:00,13287822.0,13287822.0,13285000.0,13285000.0,0.03334,442933.98329,140
2026-09-27T04:35:00+00:00,13285000.0,13285001.0,13285000.0,13285000.0,0.0038,50483.00184,55
2026-09-27T04:40:00+00:00,13285000.0,13285001.0,13285000.0,13285000.0,0.00054,7173.9003,7
2026-09-27T04:45:00+00:00,13285000.0,13285000.0,13285000.0,13285000.0,0.002,26570.0,2
2026-09-27T04:50:00+00:00,13285001.0,13285001.0,13285000.0,13285000.0,0.04294552932589166,570531.4,5
2026-09-27T04:55:00+00:00,13285000.0,13285000.0,13285000.0,13285000.0,0.0,0.0,0
2026-09-27T05:00:00+00:00,13285000.0,13285000.0,13285000.0,13285000.0,0.0,0.0,0
2026-09-27T05:05:00+00:00,13285835.0,13513700.0,13285434.0,13286791.0,0.5042997946772535,6793892.88842,216
2026-09-27T05:10:00+00:00,13286791.0,13308682.0,13286604.0,13308682.0,0.03795673468116527,504448.50708999997,75
2026-09-27T05:15:00+00:00,13287925.0,13287925.0,13287925.0,13287925.0,0.00012,1594.551,1
2026-09-27T05:20:00+00:00,13287276.0,13290642.0,13286057.0,13286662.0,0.05061409735887853,672563.49168,124
2026-09-27T05:25:00+00:00,13287586.0,13289998.0,13287409.0,13288527.0,0.40291,5354131.68704,1177
2026-09-27T05:30:00+00:00,13288526.0,13290000.0,13288096.0,13290000.0,0.13046,1733691.17613,412
2026-09-27T05:35:00+00:00,13290000.0,13310000.0,13289999.0,13301390.0,0.0512,681161.74954,148
2026-09-27T05:40:00+00:00,13301390.0,13304256.0,13299190.0,13304256.0,0.05668,753813.6991,215
2026-09-27T05:45:00+00:00,13303712.0,13308010.0,13302519.0,13303930.0,0.15694,2087877.10777,494
2026-09-27T05:50:00+00:00,13303930.0,13304069.0,13294386.0,13294386.0,0.27605,3671608.88829,839
2026-09-27T05:55:00+00:00,13294014.0,13298570.0,13294014.0,13298017.0,0.47925,6372328.05729,1398
2026-09-27T06:00:00+00:00,13298017.0,13300356.0,13295935.0,13299054.0,0.17147,2280314.54654,541
2026-09-27T06:05:00+00:00,13299054.0,13304910.0,13298373.0,13303618.0,0.45542,6057956.56241,1318
2026-09-27T06:10:00+00:00,13303618.0,13310000.0,13303618.0,13309820.0,0.2554,3399258.92664,762
2026-09-27T06:15:00+00:00,13309820.0,13310000.0,13308903.0,13308903.0,0.18094,2408283.20822,531
2026-09-27T06:20:00+00:00,13308904.0,13310000.0,13308904.0,13310000.0,0.0059,78528.3562,52
2026-09-27T06:25:00+00:00,13310000.0,13310000.0,13309999.0,13310000.0,0.00048,6388.79968,5
2026-09-27T06:30:00+00:00,13310000.0,13310000.0,13310000.0,13310000.0,0.0,0.0,0
2026-09-27T06:35:00+00:00,13308904.0,13308904.0,13301456.0,13302187.0,0.00987,131331.78556,74
2026-09-27T06:40:00+00:00,13302864.0,13307746.0,13301969.0,13303904.0,0.18858,2508725.05204,588
2026-09-27T06:45:00+00:00,13302142.0,13306192.0,13301989.0,13305726.0,0.32897,4376911.11348,987
2026-09-27T06:50:00+00:00,13306339.0,13306339.0,13305672.0,13305966.0,0.01191,158471.29863,40
2026-09-27T06:55:00+00:00,13305966.0,13305966.0,13305966.0,13305966.0,0.0,0.0,0
2026-09-27T07:00:00+00:00,13305403.0,13305412.0,13303799.0,13304567.0,0.03817,507844.04266,124
2026-09-27T07:05:00+00:00,13303677.0,13305758.0,13302695.0,13302695.0,0.32357,4304814.60186,968
2026-09-27T07:10:00+00:00,13302695.0,13305883.0,13301428.0,13303836.0,0.29645,3944002.49226,887
2026-09-27T07:15:00+00:00,13303836.0,13305757.0,13303220.0,13305007.0,0.12846,1709108.93263,376
2026-09-27T07:20:00+00:00,13298266.0,13299710.0,13297978.0,13298844.0,0.04967,660549.60016,141
2026-09-27T07:25:00+00:00,13298844.0,13300000.0,13298128.0,13299750.0,0.3732775188218045,4964228.9937,1072
2026-09-27T07:30:00+00:00,13299750.0,13300000.0,13299604.0,13300000.0,0.29887,3974909.6148,890
2026-09-27T07:35:00+00:00,13300000.0,13300000.0,13299999.0,13300000.0,0.00419,55726.99781,57
2026-09-27T07:40:00+00:00,13300000.0,13301000.0,13299999.0,13301000.0,0.014262481178195488,189700.99937,9
2026-09-27T07:45:00+00:00,13301999.0,13305000.0,13301999.0,13305000.0,0.04011,533603.21989,5
2026-09-27T07:50:00+00:00,13306000.0,13310000.0,13306000.0,13310000.0,0.03163,420923.83405,50
2026-09-27T07:55:00+00:00,13310000.0,13325491.0,13309999.0,13325370.0,0.03567,474998.97194,79
2026-09-27T08:00:00+00:00,13329999.0,13330000.0,13329999.0,13329999.0,0.00514,68516.19662,58
2026-09-27T08:05:00+00:00,13329999.0,13329999.0,13329999.0,13329999.0,0.0,0.0,0
2026-09-27T08:10:00+00:00,13330000.0,13340000.0,13330000.0,13332459.0,0.01727119766743217,230263.9299,25
2026-09-27T08:15:00+00:00,13332459.0,13332459.0,13332459.0,13332459.0,0.0,0.0,0
2026-09-27T08:20:00+00:00,13335664.0,13339755.0,13334198.0,13334265.0,0.07246,966307.69552,244
2026-09-27T08:25:00+00:00,13334265.0,13336788.0,13329227.0,13335542.0,0.29598,3946407.51078,882
2026-09-27T08:30:00+00:00,13335542.0,13339756.0,13332130.0,13339756.0,0.09772,1303154.84264,318
2026-09-27T08:35:00+00:00,13339756.0,13339756.0,13326902.0,13327646.0,0.06624,883193.85475,235
2026-09-27T08:40:00+00:00,13327646.0,13327658.0,13327646.0,13327646.0,0.00453,60374.25115,59
2026-09-27T08:45:00+00:00,13327646.0,13331211.0,13322573.0,13327184.0,0.10979,1463248.57327,347
2026-09-27T08:50:00+00:00,13327184.0,13338907.0,13327184.0,13334280.0,0.31759,4234056.40609,939
2026-09-27T08:55:00+00:00,13334280.0,13339754.0,13331211.0,13334598.0,0.20132,2684819.80518,616
2026-09-27T09:00:00+00:00,13336342.0,13337214.0,13331210.0,13331210.0,0.10189,1358511.09676,344
2026-09-27T09:05:00+00:00,13331210.0,13331211.0,13322150.0,13322151.0,0.00415,55297.91917,58
2026-09-27T09:10:00+00:00,13322150.0,13322151.0,13315802.0,13315822.0,0.01019,135697.59609,50
2026-09-27T09:15:00+00:00,13318744.0,13318744.0,13318744.0,13318744.0,0.00011,1465.06184,1
2026-09-27T09:20:00+00:00,13318844.0,13318844.0,13318844.0,13318844.0,0.00061,8124.49484,2
2026-09-27T09:25:00+00:00,13318844.0,13318844.0,13318844.0,13318844.0,0.0,0.0,0
2026-09-27T09:30:00+00:00,13321083.0,13321083.0,13321083.0,13321083.0,0.00068,9058.33644,2
2026-09-27T09:35:00+00:00,13321084.0,13326700.0,13321084.0,13326700.0,0.00123,16389.25733,16
2026-09-27T09:40:00+00:00,13326700.0,13336665.0,13326699.0,13335211.0,0.02668,355569.20764,68
2026-09-27T09:45:00+00:00,13335455.0,13350000.0,13335455.0,13349999.0,0.13105,1749362.13452,402
2026-09-27T09:50:00+00:00,13350000.0,13350000.0,13350000.0,13350000.0,0.000756779026217228,10102.999999999995,7
2026-09-27T09:55:00+00:00,13350000.0,13350000.0,13349536.0,13349883.0,0.00341,45522.40651,24
2026-09-27T10:00:00+00:00,13349884.0,13350000.0,13349884.0,13350000.0,0.001768576779026217,23610.450469999996,22
2026-09-27T10:05:00+00:00,13350000.0,13350000.0,13350000.0,13350000.0,0.002307602996254681,30806.499999999993,3
2026-09-27T10:10:00+00:00,13350000.0,13367674.0,13350000.0,13367674.0,0.018667041198501873,249346.12224000003,53
2026-09-27T10:15:00+00:00,13367674.0,13370000.0,13367674.0,13370000.0,0.00387,51741.77913,56
2026-09-27T10:20:00+00:00,13370000.0,13370000.0,13369999.0,13370000.0,0.002673829468960359,35749.09969,5
2026-09-27T10:25:00+00:00,13370000.0,13370000.0,13370000.0,13370000.0,0.0,0.0,0
2026-09-27T10:30:00+00:00,13370000.0,13370000.0,13370000.0,13370000.0,0.0381851009723261,510534.8,8
2026-09-27T10:35:00+00:00,13370000.0,13370000.0,13364168.0,13364905.0,0.02099,280562.68896,71
2026-09-27T10:40:00+00:00,13364906.0,13364906.0,13358792.0,13358969.0,0.0212,283268.93997,109
2026-09-27T10:45:00+00:00,13358969.0,13359491.0,13354376.0,13359491.0,0.00575,76811.07695,61
2026-09-27T10:50:00+00:00,13359491.0,13359491.0,13352082.0,13352093.0,0.0133,177622.47831,43
2026-09-27T10:55:00+00:00,13352093.0,13352093.0,13352093.0,13352093.0,0.0,0.0,0
2026-09-27T11:00:00+00:00,13352094.0,13354786.0,13351927.0,13353694.0,0.30542,4078453.88985,875
2026-09-27T11:05:00+00:00,13353694.0,13355000.0,13352228.0,13355000.0,0.38573,5151104.32633,1141
2026-09-27T11:10:00+00:00,13355000.0,13355000.0,13354749.0,13354749.0,0.01194,159457.84006,95
2026-09-27T11:15:00+00:00,13355000.0,13355000.0,13354499.0,13354499.0,0.12747,1702329.65162,384
2026-09-27T11:20:00+00:00,13351938.0,13355000.0,13351938.0,13355000.0,0.14526,1939603.9635,470
2026-09-27T11:25:00+00:00,13355000.0,13357678.0,13354999.0,13357677.0,0.00423,56492.98053,58
2026-09-27T11:30:00+00:00,13357678.0,13357678.0,13349884.0,13350154.0,0.30981,4136361.48848,949
2026-09-27T11:35:00+00:00,13350154.0,13355000.0,13349884.0,13350834.0,0.6826598042507855,9114660.96785,1977
2026-09-27T11:40:00+00:00,13349884.0,13355000.0,13349884.0,13354999.0,0.22896,3057455.23661,720
2026-09-27T11:45:00+00:00,13355000.0,13355000.0,13349884.0,13351592.0,0.34015,4542365.57082,1027
2026-09-27T11:50:00+00:00,13351411.0,13355000.0,13350648.0,13354798.0,0.55266,7380259.23208,1634
2026-09-27T11:55:00+00:00,13354798.0,13355000.0,13354360.0,13354617.0,0.36738,4906257.75303,1093
2026-09-27T12:00:00+00:00,13354617.0,13355000.0,13354462.0,13355000.0,0.03333,445114.31726,142
2026-09-27T12:05:00+00:00,13355000.0,13355000.0,13355000.0,13355000.0,0.0,0.0,0
2026-09-27T12:10:00+00:00,13355000.0,13355000.0,13355000.0,13355000.0,0.00014,1869.7,2
2026-09-27T12:15:00+00:00,13355000.0,13363519.0,13355000.0,13363519.0,0.01674,223636.15554,47
2026-09-27T12:20:00+00:00,13363519.0,13363519.0,13363518.0,13363519.0,0.00052,6949.02956,6
2026-09-27T12:25:00+00:00,13363519.0,13363519.0,13363519.0,13363519.0,0.0,0.0,0
2026-09-27T12:30:00+00:00,13363519.0,13363519.0,13363519.0,13363519.0,4e-05,534.54076,1
2026-09-27T12:35:00+00:00,13363519.0,13363519.0,13363519.0,13363519.0,0.0,0.0,0
2026-09-27T12:40:00+00:00,13363519.0,13363519.0,13363519.0,13363519.0,0.0,0.0,0
2026-09-27T12:45:00+00:00,13363519.0,13365000.0,13363519.0,13364907.0,0.16482,2202782.02409,487
2026-09-27T12:50:00+00:00,13364928.0,13365000.0,13364893.0,13364986.0,0.93685,12520948.45246,2654
2026-09-27T12:55:00+00:00,13364986.0,13364993.0,13363000.0,13363000.0,0.13337,1782471.06624,411
2026-09-27T13:00:00+00:00,13363000.0,13363000.0,13330879.0,13338856.0,0.01391,185629.5929,82
2026-09-27T13:05:00+00:00,13339394.0,13346418.0,13335206.0,13343270.0,0.07023,936952.27604,251
2026-09-27T13:10:00+00:00,13343264.0,13343264.0,13320007.0,13322160.0,0.18158,2420876.63626,567
2026-09-27T13:15:00+00:00,13320014.0,13340433.0,13320014.0,13338545.0,0.5544,7393032.24944,1620
2026-09-27T13:20:00+00:00,13338545.0,13349926.0,13336794.0,13348140.0,0.70624,9423396.21523,1905
2026-09-27T13:25:00+00:00,13346752.0,13354434.0,13345752.0,13354434.0,0.32246,4304385.64827,934
2026-09-27T13:30:00+00:00,13354434.0,13375000.0,13354434.0,13375000.0,0.04825,644982.03483,18
2026-09-27T13:35:00+00:00,13369189.0,13369189.0,13350000.0,13350534.0,0.128219587631476,1712340.3467,420
2026-09-27T13:40:00+00:00,13350019.0,13350267.0,13336603.0,13336603.0,0.21412,2858284.58833,661
2026-09-27T13:45:00+00:00,13336121.0,13355514.0,13331521.0,13354904.0,0.23368,3119726.28768,704
2026-09-27T13:50:00+00:00,13357970.0,13357970.0,13352266.0,13353672.0,0.19676,2627413.30472,629
2026-09-27T13:55:00+00:00,13353672.0,13373121.0,13352736.0,13372223.0,0.3948521779230156,5274374.13762,1148
2026-09-27T14:00:00+00:00,13372466.0,13374254.0,13371779.0,13371785.0,0.15833,2117255.59489,495
2026-09-27T14:05:00+00:00,13371785.0,13374651.0,13371785.0,13374651.0,0.0057,76227.66938,52
2026-09-27T14:10:00+00:00,13374651.0,13374651.0,13370000.0,13370138.0,0.47553,6358377.81582,1384
2026-09-27T14:15:00+00:00,13370138.0,13372068.0,13370008.0,13371468.0,0.14056,1879421.31983,400
2026-09-27T14:20:00+00:00,13370001.0,13370001.0,13353398.0,13353399.0,0.00818,109293.63496,38
2026-09-27T14:25:00+00:00,13353399.0,13353399.0,13346276.0,13346276.0,0.00204,27226.68796,3
2026-09-27T14:30:00+00:00,13345140.0,13345966.0,13340376.0,13340472.0,0.040439296092518284,539524.05088,137
2026-09-27T14:35:00+00:00,13340189.0,13340944.0,13340000.0,13340000.0,0.00455,60697.42596,22
2026-09-27T14:40:00+00:00,13340982.0,13344269.0,13340110.0,13340220.0,0.12841,1713282.24534,383
2026-09-27T14:45:00+00:00,13340165.0,13340190.0,13300814.0,13302208.0,0.02736,364930.63476,123
2026-09-27T14:50:00+00:00,13311270.0,13322845.0,13311270.0,13322843.0,0.18957,2524627.35733,607
2026-09-27T14:55:00+00:00,13322837.0,13322837.0,13303472.0,13303472.0,0.57379,7640972.69911,1679
2026-09-27T15:00:00+00:00,13303336.0,13312979.0,13292082.0,13295891.0,0.11034,1467987.992,365
2026-09-27T15:05:00+00:00,13289655.0,13297866.0,13279624.0,13297866.0,0.23309,3099107.45085,710
2026-09-27T15:10:00+00:00,13297866.0,13305546.0,13294940.0,13297170.0,0.61018,8113717.60072,1779
2026-09-27T15:15:00+00:00,13297170.0,13312876.0,13296880.0,13307652.0,0.22848,3038982.76366,699
2026-09-27T15:20:00+00:00,13307865.0,13316629.0,13304455.0,13306510.0,0.14321,1906353.45933,467
2026-09-27T15:25:00+00:00,13306678.0,13319294.0,13291356.0,13317198.0,0.33616,4473478.84699,1023
2026-09-27T15:30:00+00:00,13317198.0,13321358.0,13303190.0,13304622.0,0.53991,7187500.52628,1594
2026-09-27T15:35:00+00:00,13304621.0,13305707.0,13295814.0,13297438.0,0.732832555159771,9747378.70836,2130
2026-09-27T15:40:00+00:00,13297438.0,13300668.0,13289937.0,13290472.0,0.72517,9642935.03644,2112
2026-09-27T15:45:00+00:00,13290472.0,13302493.0,13289662.0,13298422.0,0.89404,11887321.36732,2577
2026-09-27T15:50:00+00:00,13302371.0,13303463.0,13287741.0,13292200.0,0.59641,7931017.52027,1747
2026-09-27T15:55:00+00:00,13292134.0,13298316.0,13287781.0,13295872.0,0.61387,8161133.03099,1794
2026-09-27T16:00:00+00:00,13295210.0,13308221.0,13293626.0,13308221.0,0.81887,10888966.69877,2341
2026-09-27T16:05:00+00:00,13308221.0,13316824.0,13307170.0,13316283.0,0.88251,11747554.8474,2541
2026-09-27T16:10:00+00:00,13316824.0,13316824.0,13304654.0,13309968.0,0.872885120068161,11617649.10651,2499
2026-09-27T16:15:00+00:00,13309968.0,13311754.0,13307681.0,13309033.0,0.19906,2649540.4221,568
2026-09-27T16:20:00+00:00,13312022.0,13325141.0,13311182.0,13313936.0,0.43941,5851686.327063858,1321
2026-09-27T16:25:00+00:00,13313936.0,13318072.0,13311957.0,13315171.0,0.73618,9801444.81615,2126
2026-09-27T16:30:00+00:00,13311703.0,13311703.0,13311703.0,13311703.0,0.00068,9051.95804,2
2026-09-27T16:35:00+00:00,13307793.0,13308056.0,13300000.0,13301170.0,0.00427,56795.58042,36
2026-09-27T16:40:00+00:00,13300001.0,13300001.0,13286898.0,13286998.0,0.00333,44287.48161,25
2026-09-27T16:45:00+00:00,13286998.0,13286998.0,13286998.0,13286998.0,0.0,0.0,0
2026-09-27T16:50:00+00:00,13285495.0,13294275.0,13283145.0,13287902.0,0.49429,6568815.28056,1466
2026-09-27T16:55:00+00:00,13287902.0,13294363.0,13285422.0,13290016.0,0.94964,12620557.04221,2718
2026-09-27T17:00:00+00:00,13290016.0,13298510.0,13288458.0,13297936.0,0.8174,10866384.85885,2363
2026-09-27T17:05:00+00:00,13297594.0,13297936.0,13275118.0,13285068.0,0.63521,8442622.93495,1851
2026-09-27T17:10:00+00:00,13285068.0,13289543.0,13280926.0,13285805.0,0.47965,6371893.59038,1434
2026-09-27T17:15:00+00:00,13285805.0,13295527.0,13284512.0,13292140.0,0.54997,7309843.18092,1630
2026-09-27T17:20:00+00:00,13292360.0,13296384.0,13286553.0,13294348.0,0.42581,5659777.91958,1277
2026-09-27T17:25:00+00:00,13294348.0,13294703.0,13287328.0,13288510.0,0.92476,12290675.31955,2649
2026-09-27T17:30:00+00:00,13288510.0,13299138.0,13287315.0,13297440.0,0.9624,12794065.86435,2755
2026-09-27T17:35:00+00:00,13297440.0,13303952.0,13293974.0,13296272.0,0.87773,11672765.45285,2522
2026-09-27T17:40:00+00:00,13296272.0,13298264.0,13291702.0,13294909.0,0.95778,12733554.08302,2728
2026-09-27T17:45:00+00:00,13297224.0,13307988.0,13293176.0,13307335.0,0.99004,13168313.79673,2831
2026-09-27T17:50:00+00:00,13307335.0,13313753.0,13305694.0,13309704.0,0.76628,10197592.85671,2207
2026-09-27T17:55:00+00:00,13309704.0,13312637.0,13306572.0,13311610.0,1.03538,13780378.92261,2941
2026-09-27T18:00:00+00:00,13311610.0,13311992.0,13305914.0,13308289.0,1.02059,13583125.45274,2880
2026-09-27T18:05:00+00:00,13308289.0,13314502.0,13305868.0,13307870.0,1.04588,13920694.12731,2977
2026-09-27T18:10:00+00:00,13307870.0,13316429.0,13305976.0,13314436.0,0.94398,12565643.95881,2704
2026-09-27T18:15:00+00:00,13314436.0,13323623.0,13312456.0,13319224.0,0.89758,11953247.29622,2572
2026-09-27T18:20:00+00:00,13319224.0,13326042.0,13317374.0,13323290.0,0.43883,5846002.88534,1259
2026-09-27T18:25:00+00:00,13322400.0,13332593.0,13320468.0,13331402.0,0.89414,11916095.17719,2561
2026-09-27T18:30:00+00:00,13331402.0,13331403.0,13331402.0,13331403.0,0.00218,29062.45679,6
2026-09-27T18:35:00+00:00,13331378.0,13335936.0,13330272.0,13331454.0,0.5547,7395254.14135,1617
2026-09-27T18:40:00+00:00,13332592.0,13336460.0,13331939.0,13336223.0,0.12013,1601775.86988,342
2026-09-27T18:45:00+00:00,13336223.0,13336223.0,13336223.0,13336223.0,0.0,0.0,0
2026-09-27T18:50:00+00:00,13333742.0,13333766.0,13328049.0,13333254.0,0.74291,9904960.81038,2157
2026-09-27T18:55:00+00:00,13333254.0,13333757.0,13331268.0,13331553.0,0.17345,2312580.22131,505
2026-09-27T19:00:00+00:00,13333745.0,13333745.0,13329553.0,13331144.0,0.10175,1356431.94232,319
2026-09-27T19:05:00+00:00,13331144.0,13339082.0,13329287.0,13338164.0,0.54517,7270310.36096,1629
2026-09-27T19:10:00+00:00,13338164.0,13339836.0,13336598.0,13339092.0,0.99934,13329947.77696,2848
2026-09-27T19:15:00+00:00,13339092.0,13340027.0,13338585.0,13340027.0,0.50081,6680531.47285,1461
2026-09-27T19:20:00+00:00,13340027.0,13340027.0,13330735.0,13335509.0,0.30072,4010130.06585,902
2026-09-27T19:25:00+00:00,13335509.0,13338150.0,13319944.0,13326244.0,0.48119,6413901.83526,1443
2026-09-27T19:30:00+00:00,13326244.0,13326527.0,13316722.0,13321627.0,0.76137,10142220.53897,2189
2026-09-27T19:35:00+00:00,13321627.0,13336891.0,13321216.0,13333814.0,0.57071,7604502.69661,1674
2026-09-27T19:40:00+00:00,13333814.0,13341092.0,13333422.0,13341092.0,0.44048,5874825.95519,1262
2026-09-27T19:45:00+00:00,13341310.0,13341310.0,13341310.0,13341310.0,0.00155,20679.0305,1
2026-09-27T19:50:00+00:00,13342295.0,13343401.0,13337947.0,13338092.0,0.21963,2929938.35078,676
2026-09-27T19:55:00+00:00,13338092.0,13338093.0,13335946.0,13335959.0,0.02101,280192.58083,81
2026-09-27T20:00:00+00:00,13335959.0,13335959.0,13335959.0,13335959.0,0.0,0.0,0
2026-09-27T20:05:00+00:00,13335383.0,13335575.0,13328752.0,13330461.0,0.05332,710989.74955,169
2026-09-27T20:10:00+00:00,13337122.0,13342642.0,13336146.0,13338998.0,0.42915,5724003.11866,1259
2026-09-27T20:15:00+00:00,13338998.0,13340264.0,13337708.0,13340106.0,0.07473,996806.8922,213
2026-09-27T20:20:00+00:00,13335040.0,13335041.0,13313135.0,13315838.0,0.15639,2083325.16734,503
2026-09-27T20:25:00+00:00,13316074.0,13316812.0,13311372.0,13312442.0,0.86092,11462126.09858,2466
2026-09-27T20:30:00+00:00,13312442.0,13316046.0,13311840.0,13315737.0,0.08198,1091428.91168,232
2026-09-27T20:35:00+00:00,13315155.0,13315322.0,13306267.0,13315322.0,0.11565,1539467.2557,352
2026-09-27T20:40:00+00:00,13312810.0,13318666.0,13310548.0,13318663.0,0.19739,2628065.40528,599
2026-09-27T20:45:00+00:00,13318663.0,13319082.0,13301984.0,13306248.0,0.71189,9475330.06928,2059
2026-09-27T20:50:00+00:00,13306248.0,13307635.0,13304354.0,13305451.0,0.26364,3507891.04019,745
2026-09-27T20:55:00+00:00,13305451.0,13305451.0,13305451.0,13305451.0,0.0,0.0,0
2026-09-27T21:00:00+00:00,13307329.0,13316089.0,13307329.0,13312124.0,0.15473,2060037.74821,461
2026-09-27T21:05:00+00:00,13312124.0,13315096.0,13311500.0,13311698.0,0.12129683608706085,1614887.64827,348
2026-09-27T21:10:00+00:00,13311762.0,13322352.0,13311762.0,13322352.0,1.01227,13478558.20954,2858
2026-09-27T21:15:00+00:00,13322352.0,13328452.0,13318076.0,13322826.0,0.94896,12642331.13633,2699
2026-09-27T21:20:00+00:00,13322826.0,13323948.0,13318010.0,13323618.0,1.03796,13826599.69919,2936
2026-09-27T21:25:00+00:00,13323618.0,13324200.0,13308764.0,13311593.0,0.87737,11685709.84206,2510
2026-09-27T21:30:00+00:00,13311593.0,13313600.0,13307917.0,13311054.0,0.81458,10842987.17077,2383
2026-09-27T21:35:00+00:00,13311054.0,13312867.0,13291812.0,13300697.0,0.838,11147218.87953,2417
2026-09-27T21:40:00+00:00,13300697.0,13309002.0,13298139.0,13304683.0,0.77566,10318646.72566,2251
2026-09-27T21:45:00+00:00,13304964.0,13321647.0,13304948.0,13321647.0,0.30391,4047633.45841,918
2026-09-27T21:50:00+00:00,13321647.0,13327798.0,13320915.0,13327698.0,0.93255,12425833.87353,2680
2026-09-27T21:55:00+00:00,13327698.0,13329731.0,13321854.0,13325974.0,0.9743508744321746,12984135.80557,2816
2026-09-27T22:00:00+00:00,13325974.0,13338598.0,13296270.0,13303520.0,0.17595,2341797.37353,562
2026-09-27T22:05:00+00:00,13303520.0,13312508.0,13285394.0,13294342.0,0.74415,9896290.03374,2163
2026-09-27T22:10:00+00:00,13294342.0,13298381.0,13289824.0,13291672.0,0.10834,1440179.80736,316
2026-09-27T22:15:00+00:00,13281303.0,13281303.0,13281303.0,13281303.0,0.0017,22578.2151,1
2026-09-27T22:20:00+00:00,13301064.0,13317055.0,13294971.0,13315185.0,0.60675,8073789.19327,1771
2026-09-27T22:25:00+00:00,13315185.0,13329696.0,13314251.0,13325546.0,0.84512,11257867.71089,2435
2026-09-27T22:30:00+00:00,13325546.0,13325546.0,13293827.0,13296312.0,0.05439,724003.50097,222
2026-09-27T22:35:00+00:00,13290891.0,13290891.0,13275209.0,13279880.0,0.57637,7655923.15916,1685
2026-09-27T22:40:00+00:00,13279880.0,13288210.0,13276518.0,13279739.0,0.91023,12089348.98302,2629
2026-09-27T22:45:00+00:00,13277922.0,13282994.0,13272338.0,13276741.0,0.70662,9381225.4666,2023
2026-09-27T22:50:00+00:00,13280130.0,13288972.0,13277756.0,13284938.0,0.64763,8603549.74651,1889
2026-09-27T22:55:00+00:00,13284938.0,13285773.0,13280000.0,13280000.0,0.67943,9024954.52098,1977
2026-09-27T23:00:00+00:00,13280001.0,13289769.0,13280000.0,13284176.0,0.33208,4411160.42034,1007
2026-09-27T23:05:00+00:00,13284176.0,13288667.0,13280000.0,13280000.0,0.24299,3227911.8855,727
2026-09-27T23:10:00+00:00,13280000.0,13290365.0,13280000.0,13280240.0,0.20223,2686233.39681,624
2026-09-27T23:15:00+00:00,13280240.0,13290793.0,13280000.0,13290513.0,0.45196,6003481.04866,1324
2026-09-27T23:20:00+00:00,13291806.0,13298426.0,13290540.0,13294907.0,0.77785,10341096.59197,2257
2026-09-27T23:25:00+00:00,13295914.0,13311012.0,13292892.0,13303122.0,0.87991,11704470.25146,2522
2026-09-27T23:30:00+00:00,13303122.0,13313557.0,13301362.0,13307449.0,0.84326,11222139.47274,2405
2026-09-27T23:35:00+00:00,13307449.0,13310606.0,13298882.0,13306416.0,0.70647,9399830.81462,2055
2026-09-27T23:40:00+00:00,13306416.0,13308603.0,13300332.0,13300995.0,0.22108,2941445.25285,626
2026-09-27T23:45:00+00:00,13300995.0,13300995.0,13300995.0,13300995.0,0.0,0.0,0
2026-09-27T23:50:00+00:00,13303598.0,13312720.0,13302010.0,13307300.0,0.54088,7198646.1649,1597
2026-09-27T23:55:00+00:00,13307300.0,13316572.0,13299787.0,13303634.0,0.82889,11032309.43115,2389
2026-09-28T00:00:00+00:00,13305602.0,13328137.0,13301985.0,13325919.0,0.55072,7335429.09167,1628
2026-09-28T00:05:00+00:00,13325919.0,13328011.0,13302053.0,13302053.0,0.21027,2800962.34749,662
2026-09-28T00:10:00+00:00,13304274.0,13309755.0,13294301.0,13307254.0,0.6762659069341814,8995801.1584,1990
2026-09-28T00:15:00+00:00,13307254.0,13350826.0,13305718.0,13350826.0,0.38991,5191909.07477,1171
2026-09-28T00:20:00+00:00,13350826.0,13405397.0,13350826.0,13387296.0,0.02709,362685.757,126
2026-09-28T00:25:00+00:00,13386131.0,13391510.0,13356665.0,13375134.0,0.52586,7035498.17414,1539
2026-09-28T00:30:00+00:00,13375134.0,13376738.0,13298358.0,13313828.0,0.24168,3221109.88814,753
2026-09-28T00:35:00+00:00,13314155.0,13314155.0,13289288.0,13296046.0,0.565,7515172.58122,1639
2026-09-28T00:40:00+00:00,13292845.0,13303102.0,13291723.0,13303102.0,0.4349,5782609.80364,1303
2026-09-28T00:45:00+00:00,13304344.0,13337558.0,13304344.0,13330642.0,0.16026,2136823.01782,512
2026-09-28T00:50:00+00:00,13330642.0,13351673.0,13311831.0,13311831.0,0.31854,4248045.17626,962
2026-09-28T00:55:00+00:00,13308528.0,13316982.0,13285000.0,13285000.0,0.09601,1276939.65538,333
2026-09-28T01:00:00+00:00,13285000.0,13285001.0,13261264.0,13275262.0,0.4597,6100120.41199,1357
2026-09-28T01:05:00+00:00,13275262.0,13295525.0,13260754.0,13282936.0,0.17251,2288964.66938,536
2026-09-28T01:10:00+00:00,13282936.0,13282944.0,13260000.0,13262891.0,0.00705,93618.87841,67
2026-09-28T01:15:00+00:00,13262815.0,13268012.0,13260000.0,13260000.0,0.05564,738046.19458,188
2026-09-28T01:20:00+00:00,13260000.0,13285402.0,13260000.0,13266584.0,0.17259,2290700.76305,550
2026-09-28T01:25:00+00:00,13266584.0,13302781.0,13265644.0,13283876.0,0.25817597126645925,3430785.53819,414
2026-09-28T01:30:00+00:00,13283876.0,13283877.0,13272889.0,13273004.0,0.00397,52717.92833,56
2026-09-28T01:35:00+00:00,13273004.0,13273004.0,13247522.0,13258546.0,0.0751,995650.11307,254
2026-09-28T01:40:00+00:00,13258006.0,13261899.0,13244711.0,13251475.0,0.21172,2806246.78879,647
2026-09-28T01:45:00+00:00,13251475.0,13256024.0,13218174.0,13218174.0,0.05662,749769.13476,203
2026-09-28T01:50:00+00:00,13215000.0,13236536.0,13215000.0,13224827.0,0.09139,1208774.65223,318
2026-09-28T01:55:00+00:00,13224827.0,13238231.0,13215000.0,13215000.0,0.24725,3269596.83157,762
2026-09-28T02:00:00+00:00,13215000.0,13215001.0,13200000.0,13200000.0,0.02219,292973.35845,72
2026-09-28T02:05:00+00:00,13205340.0,13205699.0,13190438.0,13194493.0,0.09912,1307676.21988,322
2026-09-28T02:10:00+00:00,13194494.0,13213024.0,13194494.0,13209195.0,0.01925,254286.93071,105
2026-09-28T02:15:00+00:00,13209195.0,13209195.0,13199439.0,13201467.0,0.1623,2142788.94307,510
2026-09-28T02:20:00+00:00,13200336.0,13222981.0,13190000.0,13205358.0,0.12320218305161294,1626331.48819,318
2026-09-28T02:25:00+00:00,13204860.0,13216391.0,13197832.0,13207980.0,0.40176,5305687.28976,1189
2026-09-28T02:30:00+00:00,13207681.0,13223448.0,13190000.0,13190000.0,0.5344571600515993,7058514.30374,936
2026-09-28T02:35:00+00:00,13190000.0,13199652.0,13180000.0,13180000.0,0.11946,1575962.32626,341
2026-09-28T02:40:00+00:00,13180000.0,13188333.0,13180000.0,13188333.0,0.01217,160455.10137,55
2026-09-28T02:45:00+00:00,13188814.0,13188814.0,13188814.0,13188814.0,0.000505428312204569,6665.999999999991,1
2026-09-28T02:50:00+00:00,13180001.0,13180453.0,13180000.0,13180002.0,0.15856,2089820.98594,94
2026-09-28T02:55:00+00:00,13180002.0,13180003.0,13180000.0,13180000.0,0.19529,2573922.57418,67
2026-09-28T03:00:00+00:00,13180000.0,13196387.0,13180000.0,13182806.0,3.4022496322761038,44879401.47002,549
2026-09-28T03:05:00+00:00,13182806.0,13185611.0,13180000.0,13185000.0,0.00679,89519.50507,57
2026-09-28T03:10:00+00:00,13185000.0,13185001.0,13171692.0,13181966.0,0.115,1515722.50803,112
2026-09-28T03:15:00+00:00,13181966.0,13187113.0,13170000.0,13178024.0,1.18444,15612728.96913,1455
2026-09-28T03:20:00+00:00,13178026.0,13190550.0,13171017.0,13180706.0,0.6319727510130647,8330449.41958,792
2026-09-28T03:25:00+00:00,13180706.0,13184647.0,13170000.0,13176556.0,2.34541,30899504.26212,1811
2026-09-28T03:30:00+00:00,13176558.0,13181259.0,13164500.0,13170000.0,3.22943,42536556.11957,1713
2026-09-28T03:35:00+00:00,13173055.0,13189056.0,13169542.0,13189054.0,0.72951,9611325.81535,59
2026-09-28T03:40:00+00:00,13189054.0,13189054.0,13185000.0,13185000.0,0.12708,1675833.01409,406
2026-09-28T03:45:00+00:00,13185000.0,13185001.0,13185000.0,13185000.0,0.00398,52476.30187,57
2026-09-28T03:50:00+00:00,13185000.0,13185001.0,13185000.0,13185000.0,0.00055,7251.75031,7
2026-09-28T03:55:00+00:00,13185000.0,13185000.0,13180000.0,13180000.0,0.0293,386320.45,6
2026-09-28T04:00:00+00:00,13180000.0,13180000.0,13180000.0,13180000.0,0.00099,13048.2,1
2026-09-28T04:05:00+00:00,13170000.0,13170085.0,13168234.0,13168234.0,0.03773,496872.8011,160
2026-09-28T04:10:00+00:00,13168234.0,13178954.0,13168000.0,13174930.0,0.23774,3132112.80394,653
2026-09-28T04:15:00+00:00,13174930.0,13183638.0,13168000.0,13181230.0,0.16644,2193253.56433,535
2026-09-28T04:20:00+00:00,13181170.0,13187211.0,13172219.0,13186196.0,0.89477,11793556.15567,1572
2026-09-28T04:25:00+00:00,13186032.0,13190362.0,13181060.0,13184354.0,1.10159,14527222.70284,649
2026-09-28T04:30:00+00:00,13184316.0,13184316.0,13175385.0,13175647.0,0.08778,1157163.68924,307
2026-09-28T04:35:00+00:00,13175105.0,13180257.0,13175105.0,13179999.0,0.68893,9078844.2711,1993
2026-09-28T04:40:00+00:00,13179999.0,13180000.0,13179514.0,13179999.0,0.02133,281128.80208,113
2026-09-28T04:45:00+00:00,13180000.0,13180000.0,13172720.0,13176206.0,0.23589,3108174.27136,727
2026-09-28T04:50:00+00:00,13176206.0,13180000.0,13173788.0,13180000.0,0.14476,1907716.44039,451
2026-09-28T04:55:00+00:00,13180000.0,13190030.0,13177492.0,13185240.0,0.54057,7126922.15265,1587
2026-09-28T05:00:00+00:00,13185756.0,13193924.0,13170000.0,13175662.0,0.57604,7595975.99007,1694
2026-09-28T05:05:00+00:00,13175662.0,13179910.0,13170000.0,13171196.0,0.1910790172002406,2517290.33639,598
2026-09-28T05:10:00+00:00,13171382.0,13178360.0,13170000.0,13171889.0,1.74481,22979539.84613,1220
2026-09-28T05:15:00+00:00,13170845.0,13179769.0,13154527.0,13164595.0,4.42761,58291740.44643,1039
2026-09-28T05:20:00+00:00,13163595.0,13165000.0,13130166.0,13130166.0,1.66419,21903054.09205,751
2026-09-28T05:25:00+00:00,13130166.0,13135515.0,13120000.0,13132692.0,0.68858,9041676.10381,317
2026-09-28T05:30:00+00:00,13120000.0,13120000.0,13103352.0,13103352.0,0.01162,152386.1966,15
2026-09-28T05:35:00+00:00,13103353.0,13103353.0,13070000.0,13079397.0,0.4461823664704227,5839865.26923,96
2026-09-28T05:40:00+00:00,13076142.0,13124464.0,13076142.0,13124464.0,0.05463408141953748,715655.98061,109
2026-09-28T05:45:00+00:00,13125024.0,13132867.0,13112940.0,13119571.0,0.35284,4629764.98445,1066
2026-09-28T05:50:00+00:00,13119569.0,13119569.0,13106514.0,13118760.0,0.27932,3662804.06295,764
2026-09-28T05:55:00+00:00,13118760.0,13133406.0,13114627.0,13133406.0,1.20493,15816917.2513,620
2026-09-28T06:00:00+00:00,13133027.0,13141809.0,13122196.0,13139247.0,1.3981388215897232,18359115.08119,622
2026-09-28T06:05:00+00:00,13137707.0,13140426.0,13125352.0,13129944.0,0.2937,3856068.20813,894
2026-09-28T06:10:00+00:00,13129944.0,13141584.0,13129687.0,13131192.0,0.37239,4891400.68495,1131
2026-09-28T06:15:00+00:00,13131192.0,13136100.0,13125232.0,13128460.0,0.99097,13012360.17467,2821
2026-09-28T06:20:00+00:00,13128460.0,13135834.0,13120274.0,13120411.0,0.66826,8770930.74804,1945
2026-09-28T06:25:00+00:00,13120411.0,13122995.0,13120000.0,13120000.0,0.12082,1585249.32625,368
2026-09-28T06:30:00+00:00,13120000.0,13120000.0,13120000.0,13120000.0,0.0,0.0,0
2026-09-28T06:35:00+00:00,13120000.0,13120001.0,13105413.0,13105413.0,0.05153,675708.23451,82
2026-09-28T06:40:00+00:00,13104876.0,13123396.0,13104876.0,13117392.0,0.37996,4984621.80234,1079
2026-09-28T06:45:00+00:00,13117392.0,13120728.0,13103770.0,13105160.0,0.65493,8586909.35835,1915
2026-09-28T06:50:00+00:00,13105160.0,13106825.0,13094352.0,13096924.0,0.71642,9385834.45304,2084
2026-09-28T06:55:00+00:00,13096924.0,13107196.0,13094839.0,13106672.0,0.96162,12597057.81558,2777
2026-09-28T07:00:00+00:00,13106672.0,13129895.0,13103992.0,13120074.0,0.32214,4225449.56688,966
2026-09-28T07:05:00+00:00,13123148.0,13123148.0,13102011.0,13109192.0,0.48506,6357807.92004,1321
2026-09-28T07:10:00+00:00,13109192.0,13113598.0,13099840.0,13104308.0,0.5603,7343580.2871,1626
2026-09-28T07:15:00+00:00,13107329.0,13117801.0,13105878.0,13113826.0,0.5109187954839929,6699383.38896,1513
2026-09-28T07:20:00+00:00,13113826.0,13117790.0,13087599.0,13087599.0,0.5776372467175984,7572797.95822,1658
2026-09-28T07:25:00+00:00,13087600.0,13097845.0,13072778.0,13075334.0,0.7709,10085388.04023,2218
2026-09-28T07:30:00+00:00,13075396.0,13084726.0,13072970.0,13078347.0,0.8173941206476029,10691140.2994,2345
2026-09-28T07:35:00+00:00,13078347.0,13091087.0,13078000.0,13078000.0,0.23527,3078240.05773,722
2026-09-28T07:40:00+00:00,13078000.0,13078166.0,13078000.0,13078000.0,0.02286,298964.84205,117
2026-09-28T07:45:00+00:00,13078000.0,13104323.0,13078000.0,13079450.0,0.12037857833856942,1575690.4099,68
2026-09-28T07:50:00+00:00,13079138.0,13111271.0,13079138.0,13085885.0,0.7035869656610713,9209291.1768,1534
2026-09-28T07:55:00+00:00,13085886.0,13090234.0,13063680.0,13063680.0,0.18323,2397385.03713,349
2026-09-28T08:00:00+00:00,13060000.0,13060000.0,13040001.0,13040001.0,0.12454907532497507,1624915.80278,31
2026-09-28T08:05:00+00:00,13040000.0,13040001.0,13020000.0,13028466.0,0.03679511894741988,479536.7129,108
2026-09-28T08:10:00+00:00,13028172.0,13029041.0,13020000.0,13020924.0,0.06246,813377.81999,228
2026-09-28T08:15:00+00:00,13021467.0,13029561.0,13020000.0,13020000.0,0.22195,2890204.36931,670
2026-09-28T08:20:00+00:00,13020000.0,13020001.0,13000000.0,13000000.0,0.06501430769043787,845430.951,200
2026-09-28T08:25:00+00:00,13000000.0,13002641.0,13000000.0,13000000.0,0.05544307692130177,720760.63285,78
2026-09-28T08:30:00+00:00,13000000.0,13009454.0,13000000.0,13009454.0,0.35602,4630230.16228,1043
2026-09-28T08:35:00+00:00,13011340.0,13011340.0,13000000.0,13000001.0,0.23723,3084710.62091,412
2026-09-28T08:40:00+00:00,13000087.0,13019744.0,13000000.0,13019062.0,2.06817,26904151.61386,1813
2026-09-28T08:45:00+00:00,13018888.0,13035183.0,13007779.0,13025587.0,1.73171,22558452.15568,1024
2026-09-28T08:50:00+00:00,13027759.0,13044733.0,13027266.0,13041538.0,0.41934,5465181.13926,247
2026-09-28T08:55:00+00:00,13041538.0,13041538.0,13030056.0,13030393.0,0.10315,1344405.99245,339
2026-09-28T09:00:00+00:00,13030350.0,13038984.0,13000001.0,13003807.0,0.08975303520253056,1169886.4749,282
2026-09-28T09:05:00+00:00,13000000.0,13000001.0,12980000.0,12980000.0,0.10532230710059176,1367918.32576,249
2026-09-28T09:10:00+00:00,12982932.0,13020533.0,12980001.0,13019781.0,0.09662,1256571.98762,250
2026-09-28T09:15:00+00:00,13019781.0,13031265.0,13008762.0,13023465.0,0.49249,6412862.37298,1462
2026-09-28T09:20:00+00:00,13023465.0,13045790.0,13015235.0,13015235.0,0.5915380463958104,7705131.92614,1627
2026-09-28T09:25:00+00:00,13015235.0,13016776.0,13002763.0,13013772.0,0.36629835158368557,4766105.46308,1106
2026-09-28T09:30:00+00:00,13013772.0,13015146.0,13013420.0,13015122.0,0.27031,3518060.78159,833
2026-09-28T09:35:00+00:00,13015121.0,13015122.0,12982750.0,12987398.0,0.23203,3014544.6932,537
2026-09-28T09:40:00+00:00,12986532.0,12991772.0,12985135.0,12985672.0,0.62463,8113281.30989,1800
2026-09-28T09:45:00+00:00,12986728.0,13000547.0,12985645.0,12998567.0,0.54164,7036065.78715,1593
2026-09-28T09:50:00+00:00,13000762.0,13003200.0,12983943.0,12983943.0,0.07622,990808.74786,275
2026-09-28T09:55:00+00:00,12982257.0,12988600.0,12980000.0,12980001.0,0.4649,6036980.62237,1364
2026-09-28T10:00:00+00:00,12984273.0,13013456.0,12984273.0,13012202.0,0.94125,12237298.51618,2681
2026-09-28T10:05:00+00:00,13012202.0,13012760.0,12994956.0,12998044.0,0.35483,4614694.59767,1072
2026-09-28T10:10:00+00:00,12997364.0,13001607.0,12989584.0,13001607.0,0.09769,1269682.6711,289
2026-09-28T10:15:00+00:00,13003488.0,13015000.0,13003488.0,13009155.0,0.81617,10619616.14005,2353
2026-09-28T10:20:00+00:00,13004411.0,13015000.0,13004411.0,13015000.0,0.45448,5913281.65091,1323
2026-09-28T10:25:00+00:00,13015000.0,13015000.0,13010594.0,13011659.0,0.25765,3352745.32555,789
2026-09-28T10:30:00+00:00,13012487.0,13015000.0,13010594.0,13015000.0,0.47154,6136127.92911,1379
2026-09-28T10:35:00+00:00,13015000.0,13033152.0,13014999.0,13031203.0,0.03344,435629.03643,134
2026-09-28T10:40:00+00:00,13031205.0,13038390.0,13031205.0,13037838.0,0.54324,7082423.11111,1571
2026-09-28T10:45:00+00:00,13037838.0,13038859.0,13023717.0,13030362.0,0.8157325715630773,10631242.2672,2377
2026-09-28T10:50:00+00:00,13029184.0,13049757.0,13027712.0,13041204.0,0.59252,7725344.81788,1746
2026-09-28T10:55:00+00:00,13041204.0,13045274.0,13034386.0,13039208.0,0.77909,10158690.90209,2244
2026-09-28T11:00:00+00:00,13039208.0,13051926.0,13036556.0,13045049.0,0.18059,2355594.72751,569
2026-09-28T11:05:00+00:00,13048161.0,13052572.0,13044966.0,13049694.0,0.61388,8010651.73551,1808
2026-09-28T11:10:00+00:00,13049947.0,13050091.0,13040934.0,13045916.0,0.61785,8060901.84088,1821
2026-09-28T11:15:00+00:00,13045916.0,13052563.0,13040430.0,13046125.0,0.7480085606764343,9758310.68435,2160
2026-09-28T11:20:00+00:00,13046125.0,13046125.0,13040000.0,13042984.0,0.40988651822802774,5345791.94531,1218
2026-09-28T11:25:00+00:00,13042984.0,13044778.0,13035163.0,13040106.0,0.81813,10667889.91872,2374
2026-09-28T11:30:00+00:00,13040106.0,13041962.0,13030273.0,13036799.0,0.9395871806354189,12247576.30069,2676
2026-09-28T11:35:00+00:00,13039670.0,13044940.0,13038591.0,13044030.0,0.664293305657933,8663625.25006,1965
2026-09-28T11:40:00+00:00,13044030.0,13050373.0,13044030.0,13046946.0,0.48949906021148737,6385850.07461,1459
2026-09-28T11:45:00+00:00,13046260.0,13046946.0,13035000.0,13038278.0,0.37769,4925291.66903,1138
2026-09-28T11:50:00+00:00,13038278.0,13039976.0,13037438.0,13038456.0,0.60101,7836197.55157,1759
2026-09-28T11:55:00+00:00,13037845.0,13044546.0,13037642.0,13044546.0,0.23416,3053094.39336,717
2026-09-28T12:00:00+00:00,13046126.0,13054786.0,13037438.0,13052021.0,0.3428,4471445.55542,1042
2026-09-28T12:05:00+00:00,13066853.0,13100000.0,13066853.0,13098084.0,0.37809,4950516.9234,1117
2026-09-28T12:10:00+00:00,13099042.0,13100000.0,13079731.0,13095486.0,0.41771,5468148.32729,1230
2026-09-28T12:15:00+00:00,13096437.0,13100000.0,13078813.0,13097827.0,0.53199,6964138.38597,1579
2026-09-28T12:20:00+00:00,13100000.0,13105233.0,13088115.0,13096011.0,0.51839,6787941.80219,1490
2026-09-28T12:25:00+00:00,13101237.0,13107942.0,13086969.0,13107062.0,0.3685032497679148,4829200.91493,1099
2026-09-28T12:30:00+00:00,13107062.0,13108499.0,13094492.0,13107354.0,0.89456,11718779.11785,2569
2026-09-28T12:35:00+00:00,13107354.0,13108500.0,13094458.0,13094750.0,0.32474286559475407,4255930.34758,976
2026-09-28T12:40:00+00:00,13096586.0,13096586.0,13096586.0,13096586.0,0.0002,2619.3172,1
2026-09-28T12:45:00+00:00,13098006.0,13116881.0,13098006.0,13116881.0,0.01204,157841.95821,33
2026-09-28T12:50:00+00:00,13116368.0,13144519.0,13116368.0,13141615.0,0.665370594214287,8737890.17476,1934
2026-09-28T12:55:00+00:00,13142647.0,13154002.0,13131308.0,13141219.0,0.71302,9369660.07686,2051
2026-09-28T13:00:00+00:00,13143608.0,13145548.0,13123168.0,13127632.0,0.67635,8879102.10636,1931
2026-09-28T13:05:00+00:00,13127632.0,13130436.0,13126557.0,13129496.0,0.19503,2560261.86505,581
2026-09-28T13:10:00+00:00,13129496.0,13129497.0,13116997.0,13123886.0,0.29332,3848928.76756,853
2026-09-28T13:15:00+00:00,13125487.0,13128827.0,13123672.0,13127649.0,0.11922,1565071.00849,369
2026-09-28T13:20:00+00:00,13127648.0,13127648.0,13119522.0,13120934.0,0.318882844799176,4185239.97113,932
2026-09-28T13:25:00+00:00,13122366.0,13141007.0,13118993.0,13137842.0,0.60061,7889056.95818,1731
2026-09-28T13:30:00+00:00,13137364.0,13160906.0,13116915.0,13143308.0,0.4444,5838293.47237,1296
2026-09-28T13:35:00+00:00,13143308.0,13173434.0,13113440.0,13161900.0,0.47141,6198187.16951,1389
2026-09-28T13:40:00+00:00,13158376.0,13175266.0,13145589.0,13159094.0,0.69237,9113550.26923,1994
2026-09-28T13:45:00+00:00,13159094.0,13175842.0,13141622.0,13143728.0,0.62034,8162709.7519,1818
2026-09-28T13:50:00+00:00,13143728.0,13182922.0,13127076.0,13173598.0,0.45494,5979080.89431,1147
2026-09-28T13:55:00+00:00,13175306.0,13175306.0,13150760.0,13151762.0,0.72809,9578860.83477,2129
2026-09-28T14:00:00+00:00,13151750.0,13153707.0,13119240.0,13122864.0,0.92061,12089064.60587,2634
2026-09-28T14:05:00+00:00,13122864.0,13141657.0,13110673.0,13125020.0,0.5642,7405232.16165,1650
2026-09-28T14:10:00+00:00,13125020.0,13134962.0,13112104.0,13117229.0,0.77049,10112096.00437,2249
2026-09-28T14:15:00+00:00,13118373.0,13125988.0,13100000.0,13115744.0,0.47535,6231851.4003,1383
2026-09-28T14:20:00+00:00,13116362.0,13144459.0,13109162.0,13140805.0,0.3607,4734813.82622,1090
2026-09-28T14:25:00+00:00,13114268.0,13114268.0,13100000.0,13100000.0,0.01786,233976.37536,55
2026-09-28T14:30:00+00:00,13100000.0,13100000.0,13100000.0,13100000.0,0.0,0.0,0
2026-09-28T14:35:00+00:00,13099937.0,13133255.0,13097055.0,13125766.0,0.2963,3886752.8267,903
2026-09-28T14:40:00+00:00,13124186.0,13127062.0,13050000.0,13055935.0,0.18324,2398972.15713,582
2026-09-28T14:45:00+00:00,13055935.0,13069093.0,13050000.0,13064883.0,0.17136,2238495.96349,547
2026-09-28T14:50:00+00:00,13064883.0,13077999.0,13020000.0,13062604.0,0.18683,2441173.47157,585
2026-09-28T14:55:00+00:00,13063264.0,13085261.0,13050001.0,13085261.0,0.14777,1931810.28476,487
2026-09-28T15:00:00+00:00,13085386.0,13096860.0,13080458.0,13080956.0,0.80814,10577078.20305,2326
2026-09-28T15:05:00+00:00,13080458.0,13110120.0,13078419.0,13110120.0,0.814,10650972.82454,2337
2026-09-28T15:10:00+00:00,13113987.0,13121764.0,13069403.0,13075380.0,0.63697,8334629.60435,1847
2026-09-28T15:15:00+00:00,13075380.0,13076877.0,13064540.0,13066157.0,0.47041,6148084.75428,1357
2026-09-28T15:20:00+00:00,13066000.0,13066158.0,13050000.0,13066158.0,0.15827660832278947,2067723.86062,403
2026-09-28T15:25:00+00:00,13066158.0,13087819.0,13057160.0,13078862.0,0.81833,10698822.21306,2347
2026-09-28T15:30:00+00:00,13078862.0,13079722.0,13078441.0,13078441.0,0.01913,250201.0069,55
2026-09-28T15:35:00+00:00,13083315.0,13124021.0,13082027.0,13109690.0,0.43786,5737686.27673,1305
2026-09-28T15:40:00+00:00,13111729.0,13111729.0,13099297.0,13102021.0,0.27115,3554483.66186,837
2026-09-28T15:45:00+00:00,13102257.0,13117186.0,13102257.0,13114114.0,0.61129,8014286.10738,1778
2026-09-28T15:50:00+00:00,13114114.0,13124322.0,13105856.0,13122479.0,0.67804,8893119.30713,1989
2026-09-28T15:55:00+00:00,13124348.0,13136654.0,13122410.0,13133799.0,0.42763,5615428.39159,1270
2026-09-28T16:00:00+00:00,13133799.0,13133799.0,13105064.0,13112142.0,0.4695714044684087,6161612.16809,1388
2026-09-28T16:05:00+00:00,13112142.0,13129271.0,13107366.0,13128276.0,0.69744,9148281.72086,2016
2026-09-28T16:10:00+00:00,13128276.0,13138011.0,13126504.0,13129160.0,0.17999,2363584.37572,565
2026-09-28T16:15:00+00:00,13130039.0,13176695.0,13126751.0,13165880.0,0.70794,9306614.94003,2052
2026-09-28T16:20:00+00:00,13165880.0,13204038.0,13162446.0,13195035.0,0.8269,10892784.69181,2380
2026-09-28T16:25:00+00:00,13195265.0,13225208.0,13186000.0,13198557.0,0.571682921546804,7548579.58987,1649
2026-09-28T16:30:00+00:00,13200781.0,13220192.0,13195140.0,13199486.0,0.28771,3800033.3557,860
2026-09-28T16:35:00+00:00,13199486.0,13211557.0,13184015.0,13184015.0,0.28571,3771634.03416,869
2026-09-28T16:40:00+00:00,13184015.0,13184015.0,13184015.0,13184015.0,0.0,0.0,0
2026-09-28T16:45:00+00:00,13171670.0,13171670.0,13171670.0,13171670.0,0.02258,297416.3086,9
2026-09-28T16:50:00+00:00,13155780.0,13173037.0,13155780.0,13171866.0,0.08727,1149148.03212,303
2026-09-28T16:55:00+00:00,13171867.0,13181780.0,13167252.0,13175362.0,0.85953,11322825.68501,2450
2026-09-28T17:00:00+00:00,13175362.0,13186849.0,13154863.0,13167140.0,0.67733,8920707.52683,1980
2026-09-28T17:05:00+00:00,13167140.0,13172184.0,13155106.0,13156436.0,0.48234,6348894.22247,1451
2026-09-28T17:10:00+00:00,13156436.0,13243620.0,13154293.0,13234488.0,0.6645,8768195.11819,1922
2026-09-28T17:15:00+00:00,13236246.0,13256024.0,13218014.0,13228811.0,0.539,7138241.87986,1562
2026-09-28T17:20:00+00:00,13215303.0,13226082.0,13209429.0,13214594.0,0.49108,6491949.53544,1466
2026-09-28T17:25:00+00:00,13214594.0,13215698.0,13190395.0,13197676.0,0.24368,3216720.94726,747
2026-09-28T17:30:00+00:00,13197676.0,13210324.0,13195264.0,13195804.0,0.56125,7410876.88517,1640
2026-09-28T17:35:00+00:00,13195804.0,13205790.0,13187935.0,13204366.0,0.61301,8093155.11333,1789
2026-09-28T17:40:00+00:00,13204366.0,13218622.0,13201928.0,13215644.0,0.89614,11838880.22427,2598
2026-09-28T17:45:00+00:00,13215644.0,13223050.0,13198869.0,13198869.0,0.7551827106079584,9977638.46934,2184
2026-09-28T17:50:00+00:00,13198328.0,13204358.0,13194649.0,13197334.0,0.13642,1800621.03979,440
2026-09-28T17:55:00+00:00,13197368.0,13204834.0,13197000.0,13198242.0,0.60777,8023541.325,1789
2026-09-28T18:00:00+00:00,13197000.0,13211603.0,13197000.0,13208532.0,0.57157,7549061.00176,1653
2026-09-28T18:05:00+00:00,13209282.0,13210756.0,13198094.0,13202014.0,0.85344,11268917.11665,2448
2026-09-28T18:10:00+00:00,13202014.0,13205000.0,13198439.0,13204891.0,0.85218,11252101.46811,2467
2026-09-28T18:15:00+00:00,13204891.0,13205000.0,13200852.0,13204323.0,0.30117,3976403.05811,902
2026-09-28T18:20:00+00:00,13204323.0,13210588.0,13202296.0,13208784.0,0.6004,7928343.61863,1737
2026-09-28T18:25:00+00:00,13208784.0,13217758.0,13206483.0,13209658.0,0.61816,8167299.65577,1785
2026-09-28T18:30:00+00:00,13209658.0,13211745.0,13192641.0,13206128.0,0.75321,9945371.16241,2191
2026-09-28T18:35:00+00:00,13206128.0,13210023.0,13196405.0,13200092.0,0.94077,12424293.65999,2687
2026-09-28T18:40:00+00:00,13199379.0,13208544.0,13197933.0,13206694.0,0.73512,9706011.70763,2143
2026-09-28T18:45:00+00:00,13204738.0,13212570.0,13197001.0,13202120.0,0.56693,7485758.80595,1660
2026-09-28T18:50:00+00:00,13202120.0,13229376.0,13202120.0,13226813.0,1.0199,13478617.10718,2880
2026-09-28T18:55:00+00:00,13225796.0,13232525.0,13222635.0,13231070.0,1.03418,13680940.86708,2974
2026-09-28T19:00:00+00:00,13231070.0,13232066.0,13211057.0,13211057.0,0.46348,6127761.2262,1342
2026-09-28T19:05:00+00:00,13192569.0,13197546.0,13171226.0,13171281.0,0.37001,4881066.34462,1110
2026-09-28T19:10:00+00:00,13171320.0,13189017.0,13171082.0,13183304.0,0.78277,10317170.57939,2302
2026-09-28T19:15:00+00:00,13183304.0,13184584.0,13173895.0,13177477.0,0.68058,8969414.07249,2014
2026-09-28T19:20:00+00:00,13177477.0,13183028.0,13174027.0,13175631.0,0.34119,4496373.71255,1033
2026-09-28T19:25:00+00:00,13175631.0,13176789.0,13166362.0,13168548.0,0.42253,5565961.81584,1269
2026-09-28T19:30:00+00:00,13168548.0,13169981.0,13148098.0,13150291.0,0.28617,3767279.64638,897
2026-09-28T19:35:00+00:00,13150291.0,13152095.0,13099725.0,13106489.0,0.34772,4568294.71883,1049
2026-09-28T19:40:00+00:00,13106489.0,13121275.0,13085556.0,13117251.0,0.28725,3763814.88261,880
2026-09-28T19:45:00+00:00,13116764.0,13127486.0,13113439.0,13116444.0,0.56207,7375344.01225,1653
2026-09-28T19:50:00+00:00,13116444.0,13133452.0,13113641.0,13129638.0,0.30098,3949881.66852,910
2026-09-28T19:55:00+00:00,13129638.0,13138698.0,13128298.0,13134062.0,1.04489,13722788.42641,2982
2026-09-28T20:00:00+00:00,13134062.0,13139370.0,13112712.0,13138708.0,0.9207970011564326,12088638.24723,2607
2026-09-28T20:05:00+00:00,13148225.0,13162052.0,13147198.0,13160134.0,0.63107,8301880.79263,1853
2026-09-28T20:10:00+00:00,13160751.0,13166218.0,13152682.0,13158758.0,0.81265,10693079.34146,2368
2026-09-28T20:15:00+00:00,13158758.0,13158758.0,13142140.0,13147998.0,1.03595,13620344.04645,2972
2026-09-28T20:20:00+00:00,13147998.0,13155106.0,13142009.0,13154230.0,1.02405,13465667.79776,2923
2026-09-28T20:25:00+00:00,13153342.0,13156575.0,13143589.0,13147352.0,0.96536,12696935.64352,2791
2026-09-28T20:30:00+00:00,13147016.0,13154352.0,13140688.0,13153270.0,1.00836,13257184.10203,2867
2026-09-28T20:35:00+00:00,13153270.0,13156512.0,13150571.0,13153602.0,1.03194,13573057.77353,2931
2026-09-28T20:40:00+00:00,13153602.0,13158458.0,13141691.0,13144350.0,1.02377,13465048.35797,2908
2026-09-28T20:45:00+00:00,13144844.0,13150694.0,13141661.0,13144298.0,0.7158,9409418.69844,2089
2026-09-28T20:50:00+00:00,13145190.0,13145190.0,13136294.0,13137827.0,0.86539,11369245.81563,2461
2026-09-28T20:55:00+00:00,13137842.0,13151358.0,13137823.0,13150876.0,0.81304,10688539.37246,2348
2026-09-28T21:00:00+00:00,13150876.0,13167610.0,13150469.0,13165171.0,0.40579,5340642.39041,1149
2026-09-28T21:05:00+00:00,13173186.0,13173598.0,13160449.0,13164978.0,0.87775,11556059.90447,2521
2026-09-28T21:10:00+00:00,13164978.0,13167122.0,13161620.0,13162563.0,0.96878,12752976.95889,2737
2026-09-28T21:15:00+00:00,13162563.0,13163325.0,13147851.0,13153298.0,0.8208,10797819.78367,2401
2026-09-28T21:20:00+00:00,13153298.0,13153299.0,13141259.0,13143001.0,1.01999,13410081.40143,2932
2026-09-28T21:25:00+00:00,13143002.0,13146387.0,13139083.0,13140394.0,0.82708,10870018.44167,2398
2026-09-28T21:30:00+00:00,13140394.0,13146552.0,13134916.0,13142732.0,0.95778,12584991.16786,2788
2026-09-28T21:35:00+00:00,13142732.0,13144712.0,13133877.0,13135928.0,1.0183,13381128.1398,2938
2026-09-28T21:40:00+00:00,13135928.0,13138357.0,13132972.0,13136350.0,1.01634,13350525.72964,2936
2026-09-28T21:45:00+00:00,13136350.0,13138396.0,13130758.0,13133921.0,0.83657,10988304.7068,2435
2026-09-28T21:50:00+00:00,13133542.0,13136289.0,13105793.0,13110484.0,0.55456,7282008.36326,1617
2026-09-28T21:55:00+00:00,13110484.0,13113844.0,13104267.0,13106150.0,0.80461,10549496.69502,2337
2026-09-28T22:00:00+00:00,13106150.0,13107967.0,13084623.0,13097878.0,0.6440740413515023,8435890.06137,1885
2026-09-28T22:05:00+00:00,13097878.0,13099221.0,13083748.0,13097120.0,1.03025,13486911.49937,2953
2026-09-28T22:10:00+00:00,13097120.0,13103310.0,13093708.0,13099535.0,1.02025,13364858.87576,2882
2026-09-28T22:15:00+00:00,13099723.0,13104486.0,13089273.0,13101969.0,1.0513192924239836,13769849.3758,2978
2026-09-28T22:20:00+00:00,13103250.0,13104517.0,13096912.0,13099424.0,1.01997,13362871.70778,2907
2026-09-28T22:25:00+00:00,13099424.0,13106461.0,13099284.0,13103887.0,1.03629,13578641.24797,2952
2026-09-28T22:30:00+00:00,13103887.0,13119534.0,13102240.0,13115653.0,1.00904,13228472.36721,2882
2026-09-28T22:35:00+00:00,13116962.0,13141996.0,13115653.0,13139432.0,1.03248,13558962.41249,2941
2026-09-28T22:40:00+00:00,13139432.0,13144818.0,13138212.0,13144002.0,1.03522,13604821.91003,2911
2026-09-28T22:45:00+00:00,13143460.0,13149786.0,13142404.0,13148448.0,1.04663,13758849.37109,2940
2026-09-28T22:50:00+00:00,13148448.0,13151449.0,13147149.0,13150239.0,1.02127,13429704.39929,2882
2026-09-28T22:55:00+00:00,13150239.0,13154057.0,13148758.0,13151064.0,1.04168,13699359.49634,2988
2026-09-28T23:00:00+00:00,13151064.0,13161230.0,13150024.0,13159026.0,0.5378,7073568.00926,1569
2026-09-28T23:05:00+00:00,13159026.0,13159204.0,13142780.0,13150185.0,0.69437,9131345.4131,2025
2026-09-28T23:10:00+00:00,13145630.0,13147595.0,13137161.0,13140701.0,0.73716,9687655.1829,2145
2026-09-28T23:15:00+00:00,13141280.0,13150780.0,13137429.0,13148854.0,1.03181,13564535.99975,2994
2026-09-28T23:20:00+00:00,13148854.0,13152572.0,13141174.0,13152500.0,1.03389,13593110.95009,2986
2026-09-28T23:25:00+00:00,13151340.0,13160600.0,13149518.0,13156734.0,1.01954,13413715.6233,2925
2026-09-28T23:30:00+00:00,13158936.0,13160572.0,13156101.0,13156903.0,1.02188,13445161.6296,2896
2026-09-28T23:35:00+00:00,13156903.0,13160554.0,13154796.0,13158200.0,0.63971,8417189.96107,1852
2026-09-28T23:40:00+00:00,13158200.0,13160670.0,13152533.0,13155276.0,0.55162,7258384.10686,1595
2026-09-28T23:45:00+00:00,13155276.0,13156448.0,13143331.0,13148548.0,0.10404,1368195.09567,355
2026-09-28T23:50:00+00:00,13148964.0,13148977.0,13142759.0,13144352.0,0.87906,11554518.44419,2529
2026-09-28T23:55:00+00:00,13144472.0,13152874.0,13143288.0,13143288.0,0.7033,9246129.83569,2039
2026-09-29T00:00:00+00:00,13143289.0,13153497.0,13140000.0,13152146.0,0.39721,5221866.15017,1177
2026-09-29T00:05:00+00:00,13152146.0,13154152.0,13141588.0,13150526.0,0.81135,10669735.47998,2332
2026-09-29T00:10:00+00:00,13150526.0,13150938.0,13140000.0,13149826.0,0.67088,8819965.19441,1968
2026-09-29T00:15:00+00:00,13149826.0,13150706.0,13133516.0,13133522.0,0.21547,2832800.65221,650
2026-09-29T00:20:00+00:00,13137101.0,13138737.0,13130000.0,13130000.0,0.44441,5836733.8682,1334
2026-09-29T00:25:00+00:00,13130000.0,13153819.0,13130000.0,13152107.0,0.6406941945152831,8421029.893397413,1876
2026-09-29T00:30:00+00:00,13152107.0,13164281.0,13139165.0,13154408.0,0.9787,12870667.70578,2794
2026-09-29T00:35:00+00:00,13154408.0,13167866.0,13148489.0,13152997.0,0.67028,8820677.24684,1944
2026-09-29T00:40:00+00:00,13152997.0,13156121.0,13147904.0,13151392.0,0.13774,1811567.91146,464
2026-09-29T00:45:00+00:00,13151392.0,13152158.0,13123846.0,13123846.0,0.06124,804344.82904,238
2026-09-29T00:50:00+00:00,13123846.0,13128443.0,13110000.0,13111068.0,0.356120686197137,4671948.90583,864
2026-09-29T00:55:00+00:00,13110439.0,13115523.0,13110000.0,13110153.0,0.1391,1823807.66417,415
2026-09-29T01:00:00+00:00,13110153.0,13110153.0,13092398.0,13092398.0,0.11346,1487246.75174,13
2026-09-29T01:05:00+00:00,13090000.0,13116410.0,13080000.0,13080000.0,0.1727215390397677,2262220.6003,96
2026-09-29T01:10:00+00:00,13080000.0,13080000.0,13070000.0,13070000.0,0.28899,3777887.53442,879
2026-09-29T01:15:00+00:00,13070000.0,13070000.0,13050000.0,13050000.0,0.02348,306507.08195,14
2026-09-29T01:20:00+00:00,13040000.0,13063995.0,13040000.0,13053600.0,0.38478,5019798.45754,1150
2026-09-29T01:25:00+00:00,13053602.0,13055890.0,13027023.0,13029679.0,0.10827,1411319.7552,144
2026-09-29T01:30:00+00:00,13027295.0,13047138.0,13022473.0,13039524.0,0.27914,3640036.80621,867
2026-09-29T01:35:00+00:00,13036733.0,13046334.0,13035000.0,13041512.0,0.09282,1210614.28009,315
2026-09-29T01:40:00+00:00,13041512.0,13067141.0,13041512.0,13060371.0,0.53517,6987220.76504,1538
2026-09-29T01:45:00+00:00,13060373.0,13085864.0,13058856.0,13069199.0,0.15293,1999686.81906,495
2026-09-29T01:50:00+00:00,13066436.0,13071137.0,13057346.0,13069854.0,0.18289,2389735.6235,571
2026-09-29T01:55:00+00:00,13069402.0,13102643.0,13069402.0,13076297.0,0.2004209691640076,2620846.95175,438
2026-09-29T02:00:00+00:00,13073228.0,13078120.0,13067152.0,13067152.0,0.1741656597122311,2277063.46731,508
2026-09-29T02:05:00+00:00,13063510.0,13075716.0,13059003.0,13060182.0,0.3569,4664641.78642,1042
2026-09-29T02:10:00+00:00,13060182.0,13077407.0,13057126.0,13072302.0,0.42359,5536294.43866,1244
2026-09-29T02:15:00+00:00,13072301.0,13076476.0,13069550.0,13075532.0,0.00882,115324.79033,70
2026-09-29T02:20:00+00:00,13078878.0,13085946.0,13045872.0,13059363.0,0.537226219234245,7018391.56506,1582
2026-09-29T02:25:00+00:00,13059363.0,13059542.0,13049464.0,13051698.0,0.1443,1883842.30998,468
2026-09-29T02:30:00+00:00,13051140.0,13057485.0,13046827.0,13046827.0,0.07411,967344.42782,264
2026-09-29T02:35:00+00:00,13039512.0,13051766.0,13039048.0,13051194.0,0.10946,1428015.73063,361
2026-09-29T02:40:00+00:00,13051194.0,13075644.0,13045451.0,13058077.0,0.4069768337207712,5317192.59229,595
2026-09-29T02:45:00+00:00,13058509.0,13074346.0,13058509.0,13070096.0,0.32576,4257694.18333,998
2026-09-29T02:50:00+00:00,13060524.0,13061892.0,13045464.0,13057820.0,0.38527,5029353.3509,1159
2026-09-29T02:55:00+00:00,13056836.0,13061840.0,13054561.0,13055688.0,0.56537,7382669.35489,1646
2026-09-29T03:00:00+00:00,13055688.0,13062760.0,13053562.0,13054134.0,0.17293,2258117.87778,543
2026-09-29T03:05:00+00:00,13054134.0,13054134.0,13047317.0,13048455.0,0.48774,6364759.5193,1426
2026-09-29T03:10:00+00:00,13048454.0,13048454.0,13042453.0,13042453.0,0.22696,2960746.84889,705
2026-09-29T03:15:00+00:00,13042453.0,13058017.0,13032558.0,13041773.0,0.4116328306771235,5368379.73088,1009
2026-09-29T03:20:00+00:00,13053119.0,13072392.0,13053119.0,13072290.0,0.4575,5977923.28043,1357
2026-09-29T03:25:00+00:00,13072290.0,13073626.0,13072290.0,13073488.0,0.03348,437698.22959,96
2026-09-29T03:30:00+00:00,13073488.0,13073488.0,13073488.0,13073488.0,0.0,0.0,0
2026-09-29T03:35:00+00:00,13090852.0,13092190.0,13081338.0,13081837.0,0.37467,4903701.53258,1121
2026-09-29T03:40:00+00:00,13082075.0,13087740.0,13079352.0,13085249.0,0.9272,12131516.24038,2693
2026-09-29T03:45:00+00:00,13082094.0,13087312.0,13081347.0,13085830.0,0.26412,3456028.60135,825
2026-09-29T03:50:00+00:00,13085830.0,13090205.0,13072135.0,13074369.0,0.20680411146063268,2706093.08711,657
2026-09-29T03:55:00+00:00,13076300.0,13079078.0,13073475.0,13076154.0,0.54536,7130821.09978,1622
2026-09-29T04:00:00+00:00,13076154.0,13084835.0,13072482.0,13072482.0,0.51012,6672089.4389,1499
2026-09-29T04:05:00+00:00,13076772.0,13092589.0,13074004.0,13081869.0,1.02126,13359186.59303,1775
2026-09-29T04:10:00+00:00,13081869.0,13098261.0,13081265.0,13094813.0,0.7673994254431006,10046946.79101,1006
2026-09-29T04:15:00+00:00,13097958.0,13102093.0,13097958.0,13102093.0,0.000883236835519332,11571.754959999991,4
2026-09-29T04:20:00+00:00,13109071.0,13114707.0,13103629.0,13110196.0,0.18559,2432921.00348,605
2026-09-29T04:25:00+00:00,13110195.0,13112081.0,13108116.0,13108166.0,0.80094,10499135.66362,2299
2026-09-29T04:30:00+00:00,13108166.0,13108203.0,13108107.0,13108115.0,0.24347288107530835,3191478.46784,697
2026-09-29T04:35:00+00:00,13108106.0,13108107.0,13095903.0,13103594.0,0.50458,6611888.22325,1469
2026-09-29T04:40:00+00:00,13103594.0,13106694.0,13101320.0,13104318.0,0.97877,12826022.37938,2772
2026-09-29T04:45:00+00:00,13104318.0,13104492.0,13090591.0,13092718.0,0.56814,7442801.93254,1651
2026-09-29T04:50:00+00:00,13092718.0,13119305.0,13090870.0,13117795.0,0.95353,12496682.02522,716
2026-09-29T04:55:00+00:00,13117795.0,13124047.0,13116818.0,13123088.0,1.445243415314483,18961936.11787,314
2026-09-29T05:00:00+00:00,13123088.0,13123667.0,13123088.0,13123508.0,0.04841,635310.15847,188
2026-09-29T05:05:00+00:00,13123508.0,13123508.0,13119334.0,13120000.0,0.004132865851915712,54225.89145999999,50
2026-09-29T05:10:00+00:00,13120000.0,13124366.0,13116708.0,13118442.0,0.48076,6307163.14132,1387
2026-09-29T05:15:00+00:00,13118930.0,13125836.0,13112956.0,13125216.0,0.98082,12868395.75576,2779
2026-09-29T05:20:00+00:00,13125216.0,13125688.0,13115750.0,13125473.0,0.97771,12828563.21552,2814
2026-09-29T05:25:00+00:00,13125473.0,13127176.0,13121472.0,13125278.0,1.18498,15552646.46701,2876
2026-09-29T05:30:00+00:00,13125278.0,13125278.0,13114211.0,13114695.0,0.25517,3347845.66003,715
2026-09-29T05:35:00+00:00,13090001.0,13105364.0,13075975.0,13091507.0,1.947385107765433,25487213.23658,697
2026-09-29T05:40:00+00:00,13095808.0,13099332.0,13095808.0,13099332.0,0.05213,682854.07776,4
2026-09-29T05:45:00+00:00,13099332.0,13099332.0,13099332.0,13099332.0,0.0,0.0,0
2026-09-29T05:50:00+00:00,13125556.0,13140027.0,13124886.0,13139744.0,0.22289,2927496.60447,182
2026-09-29T05:55:00+00:00,13139528.0,13145807.0,13134736.0,13137881.0,0.7760161771233027,10196176.91183,291
2026-09-29T06:00:00+00:00,13137881.0,13149053.0,13137854.0,13147363.0,0.15795,2075730.35003,484
2026-09-29T06:05:00+00:00,13145875.0,13192318.0,13144889.0,13187424.0,3.06477,40355319.08655,1019
2026-09-29T06:10:00+00:00,13187424.0,13216570.0,13187270.0,13216570.0,1.72545,22777192.00673,213
2026-09-29T06:15:00+00:00,13213493.0,13215039.0,13191657.0,13206472.0,2.1248,28055185.46984,904
2026-09-29T06:20:00+00:00,13206699.0,13222421.0,13206652.0,13210310.0,4.463297205644257,58994059.34325,1242
2026-09-29T06:25:00+00:00,13211054.0,13223000.0,13209804.0,13222390.0,1.10873,14652446.81167,1212
2026-09-29T06:30:00+00:00,13222390.0,13237466.0,13219310.0,13229692.0,0.798870377677783,10569702.12896,2108
2026-09-29T06:35:00+00:00,13223829.0,13240191.0,13214540.0,13221947.0,0.08901690618889108,1177319.24524,169
2026-09-29T06:40:00+00:00,13221370.0,13227512.0,13220000.0,13226561.0,0.83135,10993465.01323,2414
2026-09-29T06:45:00+00:00,13226561.0,13233434.0,13224969.0,13227859.0,0.77288,10222684.18476,2237
2026-09-29T06:50:00+00:00,13228930.0,13235939.0,13225275.0,13235939.0,0.57928,7664985.28245,788
2026-09-29T06:55:00+00:00,13235864.0,13248127.0,13235000.0,13246090.0,2.14795,28445234.79532,673
2026-09-29T07:00:00+00:00,13246090.0,13256024.0,13230251.0,13244054.0,5.31818,70439337.72777,1079
2026-09-29T07:05:00+00:00,13244054.0,13274745.0,13242936.0,13254357.0,2.2987419130919267,30472633.95697,2353
2026-09-29T07:10:00+00:00,13255701.0,13265120.0,13240423.0,13249976.0,2.726838150517724,36145330.57205,2450
2026-09-29T07:15:00+00:00,13249547.0,13250000.0,13231726.0,13232621.0,0.34417,4558134.69523,961
2026-09-29T07:20:00+00:00,13232621.0,13233503.0,13219225.0,13224412.0,0.02759,364837.49006,125
2026-09-29T07:25:00+00:00,13223940.0,13225000.0,13219787.0,13220044.0,0.13151,1739189.83724,424
2026-09-29T07:30:00+00:00,13220044.0,13231278.0,13217744.0,13231038.0,0.52213,6906369.58759,1493
2026-09-29T07:35:00+00:00,13231038.0,13263283.0,13230604.0,13251330.0,1.05628,13980973.57481,2560
2026-09-29T07:40:00+00:00,13240300.0,13240300.0,13226819.0,13227898.0,0.45404,6010215.61305,300
2026-09-29T07:45:00+00:00,13227840.0,13238426.0,13227840.0,13234056.0,0.75092,9938457.15938,620
2026-09-29T07:50:00+00:00,13236018.0,13262081.0,13235814.0,13240847.0,1.0950057330763734,14499449.4344,1149
2026-09-29T07:55:00+00:00,13240848.0,13240853.0,13226979.0,13231376.0,0.67056,8873665.87577,625
2026-09-29T08:00:00+00:00,13231376.0,13254286.0,13229991.0,13246548.0,1.20097,15906551.05749,845
2026-09-29T08:05:00+00:00,13246548.0,13249134.0,13230706.0,13242394.0,0.9181571564270167,12157293.75925,1653
2026-09-29T08:10:00+00:00,13242403.0,13248135.0,13240679.0,13241320.0,0.30988,4104051.70728,946
2026-09-29T08:15:00+00:00,13241320.0,13252866.0,13238243.0,13242255.0,0.50566,6697039.36654,1505
2026-09-29T08:20:00+00:00,13242255.0,13277554.0,13240534.0,13256652.0,0.87375,11584760.02444,2542
2026-09-29T08:25:00+00:00,13256652.0,13289046.0,13254714.0,13257689.0,0.3668988125994898,4865342.73259,999
2026-09-29T08:30:00+00:00,13257357.0,13257357.0,13227877.0,13232765.0,0.12795523009286947,1694638.25175,380
2026-09-29T08:35:00+00:00,13234578.0,13239034.0,13215326.0,13220980.0,0.71091,9402686.8918,2071
2026-09-29T08:40:00+00:00,13220980.0,13225220.0,13202988.0,13205569.0,0.81504,10770789.03408,2356
2026-09-29T08:45:00+00:00,13204312.0,13228556.0,13195967.0,13203026.0,0.3394674607810558,4482039.24699,921
2026-09-29T08:50:00+00:00,13203026.0,13206176.0,13193909.0,13197948.0,0.2664,3517208.19318,823
2026-09-29T08:55:00+00:00,13197948.0,13206261.0,13196347.0,13205616.0,0.58377,7707814.40822,1707
2026-09-29T09:00:00+00:00,13205616.0,13205656.0,13192177.0,13196303.0,0.14807,1955294.20648,476
2026-09-29T09:05:00+00:00,13196518.0,13199529.0,13190177.0,13194118.0,0.43106,5688574.74061,1292
2026-09-29T09:10:00+00:00,13194118.0,13197170.0,13188349.0,13196242.0,0.89627,11825087.99777,2595
2026-09-29T09:15:00+00:00,13196242.0,13199561.0,13194988.0,13197456.0,0.99323,13108443.5707,2825
2026-09-29T09:20:00+00:00,13197456.0,13202409.0,13195132.0,13201870.0,0.97625,12884978.61789,2792
2026-09-29T09:25:00+00:00,13201870.0,13202654.0,13200548.0,13202096.0,0.72058,9513212.47818,2084
2026-09-29T09:30:00+00:00,13202096.0,13202653.0,13201912.0,13202653.0,0.22934,3027819.31455,648
2026-09-29T09:35:00+00:00,13202654.0,13210166.0,13202654.0,13210166.0,0.07484,988482.38589,235
2026-09-29T09:40:00+00:00,13210166.0,13223659.0,13210165.0,13223115.0,0.00449,59341.2906,58
2026-09-29T09:45:00+00:00,13224826.0,13255710.0,13223404.0,13255545.0,0.74533,9866491.93924,2148
2026-09-29T09:50:00+00:00,13255710.0,13268685.0,13255710.0,13268685.0,0.13643,1808919.92533,293
2026-09-29T09:55:00+00:00,13267807.0,13286403.0,13267807.0,13285820.0,0.42912,5698939.10772,1241
2026-09-29T10:00:00+00:00,13285820.0,13286916.0,13285528.0,13285528.0,0.18212,2419633.63686,560
2026-09-29T10:05:00+00:00,13285528.0,13286134.0,13279002.0,13286134.0,0.01158,153806.47289,79
2026-09-29T10:10:00+00:00,13286144.0,13290078.0,13286134.0,13290078.0,0.0326,433142.19214,118
2026-09-29T10:15:00+00:00,13278882.0,13278882.0,13278882.0,13278882.0,0.002,26557.764,1
2026-09-29T10:20:00+00:00,13264387.0,13264387.0,13260558.0,13261360.0,0.25724,3411601.05982,746
2026-09-29T10:25:00+00:00,13261360.0,13265496.0,13258644.0,13259463.0,0.98883,13111904.20271,2825
2026-09-29T10:30:00+00:00,13259463.0,13260405.0,13239395.0,13245316.0,0.97297,12891938.804,2756
2026-09-29T10:35:00+00:00,13243884.0,13245254.0,13239134.0,13239834.0,0.69839,9247865.53279,2026
2026-09-29T10:40:00+00:00,13239834.0,13239911.0,13232651.0,13232651.0,0.44675,5914908.57386,1302
2026-09-29T10:45:00+00:00,13232594.0,13233868.0,13220224.0,13224339.0,0.42303,5594985.5047,1269
2026-09-29T10:50:00+00:00,13224339.0,13231938.0,13221936.0,13230927.0,0.98192,12989403.84531,2793
2026-09-29T10:55:00+00:00,13231788.0,13233169.0,13220021.0,13220707.0,0.68923,9116743.46426,2008
2026-09-29T11:00:00+00:00,13221958.0,13239052.0,13209552.0,13209702.0,0.7297776478315819,9649555.55262,2014
2026-09-29T11:05:00+00:00,13208158.0,13246506.0,13208158.0,13220307.0,0.9296275333178424,12291224.85804,2556
2026-09-29T11:10:00+00:00,13220307.0,13225850.0,13102411.0,13210823.0,1.65937,21907174.22482,2326
2026-09-29T11:15:00+00:00,13211185.0,13219281.0,13098634.0,13214900.0,0.79724,10488753.14324,874
2026-09-29T11:20:00+00:00,13214725.0,13216570.0,13208838.0,13214803.0,0.70657,9337174.17974,2050
2026-09-29T11:25:00+00:00,13215068.0,13220236.0,13213845.0,13217177.0,0.4762,6293304.95513,1383
2026-09-29T11:30:00+00:00,13217177.0,13249235.0,13217177.0,13248056.0,0.05453347459356805,721567.51454,208
2026-09-29T11:35:00+00:00,13248014.0,13255520.0,13240924.0,13251880.0,0.90599,12001780.29736,2595
2026-09-29T11:40:00+00:00,13252455.0,13256061.0,13247054.0,13255782.0,0.94242,12487562.40589,2689
2026-09-29T11:45:00+00:00,13255782.0,13265000.0,13252904.0,13265000.0,0.87489,11601916.84475,2503
2026-09-29T11:50:00+00:00,13265000.0,13265000.0,13264955.0,13265000.0,0.15391,2041613.0973,410
2026-09-29T11:55:00+00:00,13265000.0,13265000.0,13264978.0,13264989.0,0.20337,2697700.51463,642
2026-09-29T12:00:00+00:00,13264989.0,13264999.0,13258544.0,13261005.0,0.6351208011310084,8423906.81235,1833
2026-09-29T12:05:00+00:00,13261998.0,13261998.0,13245694.0,13255824.0,0.87898,11648922.70974,2505
2026-09-29T12:10:00+00:00,13255824.0,13261644.0,13249820.0,13255420.0,0.86793,11505011.92699,2458
2026-09-29T12:15:00+00:00,13253992.0,13279722.0,13240762.0,13241702.0,0.6265636357406155,8306209.90923,1704
2026-09-29T12:20:00+00:00,13243612.0,13245644.0,13231680.0,13231680.0,0.86038,11390683.66858,2468
2026-09-29T12:25:00+00:00,13232828.0,13244147.0,13224293.0,13240796.0,0.85718,11345459.0728,2474
2026-09-29T12:30:00+00:00,13242122.0,13261076.0,13241297.0,13257106.0,0.61566,8156138.75481,1780
2026-09-29T12:35:00+00:00,13257106.0,13283432.0,13256255.0,13273832.0,0.29837,3957650.46157,913
2026-09-29T12:40:00+00:00,13273832.0,13283123.0,13265188.0,13265588.0,0.82609,10964840.31263,2395
2026-09-29T12:45:00+00:00,13268084.0,13271598.0,13265588.0,13267155.0,0.06918,918003.8447,240
2026-09-29T12:50:00+00:00,13264260.0,13266085.0,13262607.0,13266048.0,0.17115,2270374.10852,556
2026-09-29T12:55:00+00:00,13266048.0,13274547.0,13266004.0,13267363.0,0.54575,7241587.15708,1605
2026-09-29T13:00:00+00:00,13267363.0,13270238.0,13258778.0,13265988.0,0.86098,11420770.68,2462
2026-09-29T13:05:00+00:00,13265988.0,13274547.0,13264069.0,13274547.0,0.76119,10100520.72826,2197
2026-09-29T13:10:00+00:00,13274547.0,13274547.0,13274546.0,13274547.0,0.00056,7433.746,7
2026-09-29T13:15:00+00:00,13274547.0,13279994.0,13274547.0,13279994.0,0.003765720123819333,50000.0,3
2026-09-29T13:20:00+00:00,13283432.0,13283432.0,13280165.0,13283431.0,0.69654,9251755.01324,2025
2026-09-29T13:25:00+00:00,13283432.0,13298025.0,13281988.0,13281988.0,0.02023,268830.35248,99
2026-09-29T13:30:00+00:00,13281988.0,13281989.0,13281988.0,13281988.0,0.00336,44627.48001,11
2026-09-29T13:35:00+00:00,13244136.0,13263864.0,13228895.0,13260693.0,0.52904,7011077.02734,1548
2026-09-29T13:40:00+00:00,13261266.0,13266594.0,13254927.0,13259689.0,0.40751,5404224.11161,1212
2026-09-29T13:45:00+00:00,13260676.0,13266594.0,13235592.0,13241727.0,0.29246,3875935.025,873
2026-09-29T13:50:00+00:00,13241727.0,13277604.0,13241726.0,13277604.0,0.00535,70944.38236,48
2026-09-29T13:55:00+00:00,13276404.0,13286538.0,13274757.0,13274757.0,0.0632,839246.06556,240
2026-09-29T14:00:00+00:00,13274757.0,13274757.0,13222482.0,13222806.0,0.47156,6245963.45945,1382
2026-09-29T14:05:00+00:00,13221887.0,13227138.0,13204892.0,13205328.0,0.8232,10879224.09888,2366
2026-09-29T14:10:00+00:00,13207234.0,13219776.0,13203116.0,13214488.0,0.59896,7914149.50055,1723
2026-09-29T14:15:00+00:00,13214488.0,13240756.0,13211650.0,13234596.0,0.604747435934927,7996556.40958,1359
2026-09-29T14:20:00+00:00,13234846.0,13240128.0,13205662.0,13215369.0,0.46358,6126972.38932,1377
2026-09-29T14:25:00+00:00,13215369.0,13234416.0,13209174.0,13214023.0,0.4994,6602537.76136,1475
2026-09-29T14:30:00+00:00,13214023.0,13223890.0,13207368.0,13207665.0,0.80938,10695744.80916,2322
2026-09-29T14:35:00+00:00,13207665.0,13209778.0,13188866.0,13208571.0,0.35194,4647086.99474,1056
2026-09-29T14:40:00+00:00,13208571.0,13221204.0,13195465.0,13205338.0,0.88126,11642460.61985,2538
2026-09-29T14:45:00+00:00,13205338.0,13228633.0,13190143.0,13193766.0,0.56947,7525026.2518,1663
2026-09-29T14:50:00+00:00,13193766.0,13210746.0,13189750.0,13198518.0,0.58244,7688967.03904,1694
2026-09-29T14:55:00+00:00,13198518.0,13219209.0,13196672.0,13198606.0,0.66856,8830289.8829,1921
2026-09-29T15:00:00+00:00,13198606.0,13200226.0,13175214.0,13175937.0,0.34687,4575378.72988,1022
2026-09-29T15:05:00+00:00,13172944.0,13182424.0,13157101.0,13180894.0,0.3029993544879369,3991171.65563,917
2026-09-29T15:10:00+00:00,13180894.0,13186592.0,13136513.0,13146424.0,0.19159,2523583.44305,602
2026-09-29T15:15:00+00:00,13143854.0,13159980.0,13130000.0,13130000.0,0.36306,4773970.37916,1103
2026-09-29T15:20:00+00:00,13130000.0,13137668.0,13113047.0,13117924.0,0.0862,1132117.72622,281
2026-09-29T15:25:00+00:00,13100000.0,13103024.0,13080890.0,13094428.0,0.10255,1342560.71264,345
2026-09-29T15:30:00+00:00,13095074.0,13107254.0,13093025.0,13101887.0,0.01944,254661.51692,65
2026-09-29T15:35:00+00:00,13105054.0,13112042.0,13105053.0,13106491.0,0.25858,3389973.54925,803
2026-09-29T15:40:00+00:00,13107063.0,13112671.0,13100053.0,13107164.0,0.4766,6246157.19116,1412
2026-09-29T15:45:00+00:00,13107164.0,13127330.0,13100000.0,13116745.0,0.271,3552591.92992,820
2026-09-29T15:50:00+00:00,13118166.0,13119640.0,13080000.0,13081270.0,0.05993,785203.6823,226
2026-09-29T15:55:00+00:00,13082257.0,13094091.0,13080184.0,13092821.0,0.39083,5113842.26222,1156
2026-09-29T16:00:00+00:00,13093520.0,13101872.0,13087396.0,13091084.0,0.46597,6102300.92418,1384
2026-09-29T16:05:00+00:00,13091084.0,13095517.0,13071907.0,13076304.0,0.50101,6554534.97791,1493
2026-09-29T16:10:00+00:00,13075481.0,13091614.0,13072235.0,13083378.0,0.63969,8368300.19293,1852
2026-09-29T16:15:00+00:00,13083378.0,13100773.0,13073612.0,13088424.0,0.77778,10177522.29303,2243
2026-09-29T16:20:00+00:00,13088424.0,13105210.0,13088424.0,13099450.0,0.9953,13036777.38488,2860
2026-09-29T16:25:00+00:00,13099450.0,13115458.0,13097408.0,13109773.0,0.95981,12580985.49998,2728
2026-09-29T16:30:00+00:00,13109773.0,13110996.0,13089665.0,13102006.0,0.49864,6532512.34714,1469
2026-09-29T16:35:00+00:00,13102006.0,13112487.0,13100978.0,13101760.0,0.52494,6879650.16854,1536
2026-09-29T16:40:00+00:00,13101760.0,13102308.0,13075227.0,13079964.0,0.65849,8618472.08116,1891
2026-09-29T16:45:00+00:00,13079964.0,13088100.0,13070000.0,13072539.0,0.82974,10853035.30997,2387
2026-09-29T16:50:00+00:00,13072539.0,13085221.0,13070000.0,13070000.0,0.76035,9943200.86087,2186
2026-09-29T16:55:00+00:00,13070000.0,13088016.0,13063663.0,13086310.0,0.44355,5799942.72313,1305
2026-09-29T17:00:00+00:00,13086310.0,13086310.0,13086310.0,13086310.0,0.0,0.0,0
2026-09-29T17:05:00+00:00,13093971.0,13109705.0,13093544.0,13102118.0,0.72341,9478377.1772,2124
2026-09-29T17:10:00+00:00,13102118.0,13105734.0,13086296.0,13094153.0,0.85314,11172416.74523,2434
2026-09-29T17:15:00+00:00,13095149.0,13102992.0,13085031.0,13097792.0,0.99354,13007668.08011,2846
2026-09-29T17:20:00+00:00,13097792.0,13100857.0,13082294.0,13096568.0,0.79679,10430095.29467,2296
2026-09-29T17:25:00+00:00,13096568.0,13101934.0,13089264.0,13101934.0,0.72303,9466970.02351,2117
2026-09-29T17:30:00+00:00,13103552.0,13107475.0,13097880.0,13101641.0,0.51372,6731020.47687,1530
2026-09-29T17:35:00+00:00,13101641.0,13102185.0,13089108.0,13091980.0,1.061685981238514,13902492.08473,3066
2026-09-29T17:40:00+00:00,13091980.0,13103672.0,13091980.0,13093765.0,0.89892,11772307.46733,2578
2026-09-29T17:45:00+00:00,13095954.0,13100382.0,13083767.0,13087709.0,1.06305,13917631.59038,2994
2026-09-29T17:50:00+00:00,13087709.0,13091226.0,13073910.0,13087155.0,1.01422,13270048.23452,2899
2026-09-29T17:55:00+00:00,13087155.0,13090690.0,13075284.0,13089036.0,1.05509,13803407.44261,3009
2026-09-29T18:00:00+00:00,13090690.0,13092741.0,13088023.0,13091226.0,0.01883,246495.95745,54
2026-09-29T18:05:00+00:00,13108042.0,13127900.0,13107710.0,13112850.0,0.36121,4738049.52284,1082
2026-09-29T18:10:00+00:00,13112850.0,13126418.0,13110424.0,13125585.0,0.8072,10589601.82716,2342
2026-09-29T18:15:00+00:00,13125585.0,13128763.0,13124912.0,13128763.0,0.02765,362938.82782,77
2026-09-29T18:20:00+00:00,13126521.0,13138535.0,13124072.0,13136599.0,0.29212,3836717.80454,897
2026-09-29T18:25:00+00:00,13135579.0,13138489.0,13120558.0,13125066.0,0.98546,12938564.09643,2817
2026-09-29T18:30:00+00:00,13125163.0,13148498.0,13120306.0,13146400.0,1.0067,13224572.7181,2896
2026-09-29T18:35:00+00:00,13146400.0,13148502.0,13139332.0,13140538.0,1.04481,13731345.2947,2974
2026-09-29T18:40:00+00:00,13141814.0,13163745.0,13139164.0,13152146.0,0.90025,11840963.8726,2601
2026-09-29T18:45:00+00:00,13152146.0,13160486.0,13147899.0,13153883.0,0.89235,11736601.81727,2587
2026-09-29T18:50:00+00:00,13153883.0,13160199.0,13147878.0,13151388.0,0.99636,13106172.61253,2869
2026-09-29T18:55:00+00:00,13151388.0,13155803.0,13145044.0,13155034.0,0.95894,12611508.27457,2758
2026-09-29T19:00:00+00:00,13155034.0,13157660.0,13145684.0,13154924.0,0.85079,11190771.27147,2457
2026-09-29T19:05:00+00:00,13154924.0,13165632.0,13152850.0,13160644.0,1.04797,13791180.28984,2970
2026-09-29T19:10:00+00:00,13159699.0,13163123.0,13150519.0,13153762.0,1.02485,13483266.86426,2899
2026-09-29T19:15:00+00:00,13152894.0,13161338.0,13147624.0,13155168.0,0.85993,11310502.8985,2454
2026-09-29T19:20:00+00:00,13155168.0,13157205.0,13148486.0,13152029.0,0.95231,12525194.41207,2764
2026-09-29T19:25:00+00:00,13152029.0,13156368.0,13139977.0,13144088.0,1.03815,13649474.80115,2969
2026-09-29T19:30:00+00:00,13142776.0,13155681.0,13139217.0,13149770.0,1.01937,13403240.02362,2887
2026-09-29T19:35:00+00:00,13149605.0,13150764.0,13139626.0,13143454.0,0.95464,12548607.30509,2727
2026-09-29T19:40:00+00:00,13143454.0,13143454.0,13127740.0,13127740.0,0.63777,8377044.1417,1858
2026-09-29T19:45:00+00:00,13127740.0,13150674.0,13122833.0,13142962.0,0.53476,7021062.34828,1537
2026-09-29T19:50:00+00:00,13146927.0,13150674.0,13142919.0,13144577.0,0.57393,7545085.72795,1658
2026-09-29T19:55:00+00:00,13144577.0,13150674.0,13138030.0,13149996.0,0.72103,9479531.29987,2103
2026-09-29T20:00:00+00:00,13149996.0,13150674.0,13139082.0,13146317.0,0.63342,8327482.83514,1847
2026-09-29T20:05:00+00:00,13146317.0,13150660.0,13141726.0,13141726.0,0.93258,12262824.58451,2674
2026-09-29T20:10:00+00:00,13141034.0,13150353.0,13138424.0,13149518.0,0.71802,9439465.61691,2093
2026-09-29T20:15:00+00:00,13149518.0,13150674.0,13145339.0,13150674.0,0.38252,5029967.62649,1143
2026-09-29T20:20:00+00:00,13150674.0,13150674.0,13150674.0,13150674.0,0.0002,2630.1348,5
2026-09-29T20:25:00+00:00,13150674.0,13150674.0,13150674.0,13150674.0,0.0,0.0,0
2026-09-29T20:30:00+00:00,13150674.0,13150674.0,13150674.0,13150674.0,4e-05,526.02696,1
2026-09-29T20:35:00+00:00,13150310.0,13156086.0,13148238.0,13150868.0,0.42619,5605079.97926,1274
2026-09-29T20:40:00+00:00,13151114.0,13158392.0,13151114.0,13155543.0,0.5034328037499398,6623163.16711,1485
2026-09-29T20:45:00+00:00,13155543.0,13196692.0,13151352.0,13156938.0,0.8874348873641971,11682904.20608,1549
2026-09-29T20:50:00+00:00,13156942.0,13163998.0,13156942.0,13160041.0,0.51635,6795772.58254,1515
2026-09-29T20:55:00+00:00,13160041.0,13165602.0,13155798.0,13162436.0,0.59384,7816290.92275,1719
2026-09-29T21:00:00+00:00,13162184.0,13162436.0,13157556.0,13160589.0,0.466,6132856.94489,1327
2026-09-29T21:05:00+00:00,13152656.0,13156858.0,13148697.0,13154232.0,0.69094,9087330.33843,1981
2026-09-29T21:10:00+00:00,13154232.0,13157151.0,13150508.0,13154776.0,0.91415,12024007.05244,2628
2026-09-29T21:15:00+00:00,13155964.0,13156566.0,13139762.0,13143070.0,1.03267,13575843.51821,2948
2026-09-29T21:20:00+00:00,13143070.0,13144559.0,13133860.0,13137058.0,0.58314,7661924.53778,1717
2026-09-29T21:25:00+00:00,13137058.0,13140575.0,13126563.0,13132500.0,0.81601,10715240.79024,2356
2026-09-29T21:30:00+00:00,13132500.0,13138295.0,13129918.0,13137228.0,0.51719,6793159.74143,1519
2026-09-29T21:35:00+00:00,13137228.0,13140651.0,13132704.0,13137132.0,1.0047,13198792.15455,2879
2026-09-29T21:40:00+00:00,13136532.0,13147912.0,13135828.0,13142976.0,0.90483,11893085.02293,2611
2026-09-29T21:45:00+00:00,13142976.0,13143614.0,13127282.0,13130877.0,0.50964,6692496.91776,1517
2026-09-29T21:50:00+00:00,13130877.0,13138188.0,13129037.0,13135232.0,0.40844637495450853,5363610.85636,1196
2026-09-29T21:55:00+00:00,13135232.0,13139128.0,13132432.0,13134923.0,0.6982626700445579,9171224.77828,2032
2026-09-29T22:00:00+00:00,13134923.0,13147635.0,13134922.0,13142813.0,0.01563,205304.21568,59
2026-09-29T22:05:00+00:00,13142013.0,13145752.0,13139411.0,13145752.0,0.15270282755313055,2006797.18417,478
2026-09-29T22:10:00+00:00,13148488.0,13170688.0,13148226.0,13162356.0,0.43702,5751067.92277,1299
2026-09-29T22:15:00+00:00,13162356.0,13165479.0,13144321.0,13165479.0,0.71363,9385869.65198,2061
2026-09-29T22:20:00+00:00,13166607.0,13166607.0,13152377.0,13165738.0,0.54342,7152281.10887,1595
2026-09-29T22:25:00+00:00,13165738.0,13169675.0,13159136.0,13159278.0,0.56728,7467149.01337,1653
2026-09-29T22:30:00+00:00,13159278.0,13161083.0,13149916.0,13156034.0,0.8900040061668216,11709635.862,2542
2026-09-29T22:35:00+00:00,13156034.0,13160797.0,13151510.0,13152658.0,1.02987,13549431.52226,2919
2026-09-29T22:40:00+00:00,13152658.0,13163718.0,13151534.0,13159916.0,1.01059,13296859.95102,2867
2026-09-29T22:45:00+00:00,13159916.0,13163488.0,13154311.0,13160106.0,0.98017,12897495.44072,2814
2026-09-29T22:50:00+00:00,13160106.0,13168088.0,13155638.0,13162990.0,0.84476,11119102.68595,2435
2026-09-29T22:55:00+00:00,13162990.0,13165361.0,13157016.0,13161488.0,0.45197,5948550.87615,1340
2026-09-29T23:00:00+00:00,13159932.0,13170958.0,13158769.0,13169361.0,0.4267,5617193.64314,1218
2026-09-29T23:05:00+00:00,13185179.0,13198315.0,13180554.0,13187208.0,0.50245,6627028.11691,1475
2026-09-29T23:10:00+00:00,13187208.0,13197120.0,13185064.0,13195146.0,0.81452,10743126.9197,2351
2026-09-29T23:15:00+00:00,13195146.0,13196323.0,13186908.0,13189417.0,0.59985,7913757.21861,1759
2026-09-29T23:20:00+00:00,13189417.0,13190281.0,13177538.0,13181436.0,0.68037,8968590.93465,1987
2026-09-29T23:25:00+00:00,13179460.0,13184282.0,13171468.0,13181925.0,0.84227,11101772.61714,1997
2026-09-29T23:30:00+00:00,13182994.0,13184048.0,13177446.0,13177513.0,0.38584,5084851.61627,1170
2026-09-29T23:35:00+00:00,13177505.0,13178352.0,13172283.0,13178352.0,0.38493,5071037.97825,1138
2026-09-29T23:40:00+00:00,13178352.0,13179010.0,13165766.0,13170067.0,0.34487,4542492.44138,1041
2026-09-29T23:45:00+00:00,13170067.0,13183990.0,13169804.0,13181635.0,0.61248,8071628.77181,1783
2026-09-29T23:50:00+00:00,13181635.0,13183027.0,13173651.0,13173651.0,0.06958,917096.77326,245
2026-09-29T23:55:00+00:00,13173651.0,13175243.0,13168943.0,13173826.0,0.27546,3628485.25726,839
2026-09-30T00:00:00+00:00,13173826.0,13181698.0,13167355.0,13167384.0,0.49451,6515256.861,1456
2026-09-30T00:05:00+00:00,13167496.0,13175900.0,13158991.0,13158991.0,0.01697,223493.88945,96
2026-09-30T00:10:00+00:00,13157699.0,13157699.0,13151185.0,13153844.0,0.16169,2126879.06683,520
2026-09-30T00:15:00+00:00,13153844.0,13154692.0,13135286.0,13135416.0,0.39289,5165767.99921,1174
2026-09-30T00:20:00+00:00,13135416.0,13145579.0,13131313.0,13141386.0,0.70764,9296349.82457,2059
2026-09-30T00:25:00+00:00,13141386.0,13159695.0,13137085.0,13155067.0,0.59479,7820899.47272,1770
2026-09-30T00:30:00+00:00,13155662.0,13163533.0,13150631.0,13159732.0,0.73993,9735028.54997,2154
2026-09-30T00:35:00+00:00,13161115.0,13163949.0,13134594.0,13140040.0,0.66475,8740438.22001,1937
2026-09-30T00:40:00+00:00,13140040.0,13151105.0,13134087.0,13139936.0,0.8694992414675421,11427647.34372,2305
2026-09-30T00:45:00+00:00,13139936.0,13141592.0,13131313.0,13131866.0,0.31671,4160076.61437,969
2026-09-30T00:50:00+00:00,13131866.0,13132355.0,13120757.0,13121853.0,0.07469,980489.9002,265
2026-09-30T00:55:00+00:00,13121411.0,13121411.0,13105492.0,13113769.0,0.42116,5522461.33839,1269
2026-09-30T01:00:00+00:00,13118680.0,13121712.0,13115164.0,13115632.0,0.14553,1909030.91718,411
2026-09-30T01:05:00+00:00,13114514.0,13122972.0,13106275.0,13119802.0,0.37376,4902083.59859,1110
2026-09-30T01:10:00+00:00,13119802.0,13121940.0,13099274.0,13109427.0,0.63167,8281233.2423,1858
2026-09-30T01:15:00+00:00,13109427.0,13112120.0,13094760.0,13094761.0,0.26239,3439645.74565,816
2026-09-30T01:20:00+00:00,13094760.0,13108215.0,13092876.0,13107730.0,0.5873025840373751,7692961.90067,1692
2026-09-30T01:25:00+00:00,13107730.0,13121782.0,13103219.0,13105822.0,0.5774,7569418.96432,1686
2026-09-30T01:30:00+00:00,13082643.0,13082643.0,13082642.0,13082642.0,0.004859311462523283,63572.63245999999,15
2026-09-30T01:35:00+00:00,13079525.0,13090585.0,13074068.0,13080056.0,0.6113002037929065,7995824.34018,1644
2026-09-30T01:40:00+00:00,13080056.0,13097793.0,13069719.0,13084684.0,0.5148367227180946,6733395.66059,1247
2026-09-30T01:45:00+00:00,13084686.0,13132449.0,13081484.0,13094002.0,0.43620229430626384,5714239.37203,822
2026-09-30T01:50:00+00:00,13094209.0,13103170.0,13094112.0,13096662.0,0.33149,4341695.12736,987
2026-09-30T01:55:00+00:00,13096662.0,13097902.0,13088965.0,13093725.0,0.39519,5174328.43219,1183
2026-09-30T02:00:00+00:00,13093725.0,13098130.0,13090526.0,13096333.0,0.27713,3629004.21775,799
2026-09-30T02:05:00+00:00,13104240.0,13117914.0,13098962.0,13100144.0,0.45527,5966057.17284,1335
2026-09-30T02:10:00+00:00,13100709.0,13100709.0,13083808.0,13086555.0,0.19308,2528047.14245,602
2026-09-30T02:15:00+00:00,13081777.0,13088394.0,13063046.0,13063046.0,0.50674,6627018.46482,1501
2026-09-30T02:20:00+00:00,13064377.0,13090848.0,13061298.0,13077716.0,0.20762,2716123.25016,636
2026-09-30T02:25:00+00:00,13077444.0,13083156.0,13060000.0,13062678.0,0.23492,3069648.59287,740
2026-09-30T02:30:00+00:00,13062678.0,13069708.0,13053380.0,13055608.0,0.68667,8969147.02191,1994
2026-09-30T02:35:00+00:00,13055608.0,13062594.0,13050000.0,13052977.0,0.50483,6589877.27821,1422
2026-09-30T02:40:00+00:00,13052977.0,13076772.0,13052284.0,13063515.0,1.22316,15984218.9781,480
2026-09-30T02:45:00+00:00,13063514.0,13080764.0,13063492.0,13078382.0,0.08371,1094710.8843,285
2026-09-30T02:50:00+00:00,13076315.0,13081530.0,13075315.0,13077507.0,0.1818,2377647.47584,576
2026-09-30T02:55:00+00:00,13077806.0,13080694.0,13074495.0,13076549.0,0.19661,2571226.8564,612
2026-09-30T03:00:00+00:00,13076549.0,13086926.0,13070491.0,13086926.0,0.57855,7566140.71053,1682
2026-09-30T03:05:00+00:00,13087238.0,13088698.0,13071877.0,13080892.0,0.60698,7938849.47182,1779
2026-09-30T03:10:00+00:00,13080270.0,13080341.0,13067961.0,13068433.0,0.47139,6161898.72411,1405
2026-09-30T03:15:00+00:00,13068433.0,13072170.0,13041460.0,13042168.0,0.23946,3129246.59668,714
2026-09-30T03:20:00+00:00,13043057.0,13064664.0,13040634.0,13051173.0,0.42215,5510580.49811,1267
2026-09-30T03:25:00+00:00,13056296.0,13059558.0,13047447.0,13056409.0,0.95603,12480403.13099,2748
2026-09-30T03:30:00+00:00,13056409.0,13057538.0,13048970.0,13053312.0,0.62702,8184893.12295,1790
2026-09-30T03:35:00+00:00,13062275.0,13080177.0,13058026.0,13080167.0,0.362,4731699.29745,1079
2026-09-30T03:40:00+00:00,13080485.0,13089728.0,13076490.0,13089728.0,0.09429459367528492,1233345.3958,291
2026-09-30T03:45:00+00:00,13089728.0,13089728.0,13089728.0,13089728.0,0.0,0.0,0
2026-09-30T03:50:00+00:00,13083340.0,13083340.0,13072668.0,13080226.0,0.5564282095631765,7276979.45559,1608
2026-09-30T03:55:00+00:00,13080226.0,13088728.0,13077187.0,13086494.0,0.87076,11391064.99235,799
2026-09-30T04:00:00+00:00,13086494.0,13107361.0,13086494.0,13105515.0,0.9641,12629919.05558,129
2026-09-30T04:05:00+00:00,13105472.0,13107866.0,13092585.0,13097015.0,1.76508,23123264.28864,643
2026-09-30T04:10:00+00:00,13095763.0,13108781.0,13094240.0,13108781.0,1.57969,20699287.87346,664
2026-09-30T04:15:00+00:00,13108592.0,13115169.0,13107832.0,13109022.0,0.6001197529581063,7869370.07663,183
2026-09-30T04:20:00+00:00,13109022.0,13109022.0,13104538.0,13104538.0,0.09093,1191810.73586,285
2026-09-30T04:25:00+00:00,13104538.0,13110416.0,13099113.0,13102014.0,0.17944,2351529.38832,585
2026-09-30T04:30:00+00:00,13102014.0,13106673.0,13094715.0,13094940.0,0.71823,9408052.31339,2073
2026-09-30T04:35:00+00:00,13092125.0,13111239.0,13090293.0,13109648.0,0.34915,4576407.35329,1061
2026-09-30T04:40:00+00:00,13109648.0,13139380.0,13102534.0,13139380.0,0.4475241783318543,5869220.20539,750
2026-09-30T04:45:00+00:00,13139380.0,13139380.0,13139380.0,13139380.0,0.0,0.0,0
2026-09-30T04:50:00+00:00,13103057.0,13120479.0,13093315.0,13093350.0,0.6191853090028192,8112489.87144,1698
2026-09-30T04:55:00+00:00,13093452.0,13097574.0,13093359.0,13097173.0,0.43108,5645302.89239,1285
2026-09-30T05:00:00+00:00,13098253.0,13115390.0,13098253.0,13114103.0,0.03588,470535.42132,101
2026-09-30T05:05:00+00:00,13102026.0,13113481.0,13099936.0,13106220.0,0.15634,2049165.97448,492
2026-09-30T05:10:00+00:00,13106220.0,13107548.0,13090772.0,13092444.0,0.32165,4212807.51498,960
2026-09-30T05:15:00+00:00,13091704.0,13114646.0,13084351.0,13107899.0,2.07233,27131581.69214,873
2026-09-30T05:20:00+00:00,13107103.0,13113071.0,13099978.0,13102399.0,1.75655,23023919.95504,308
2026-09-30T05:25:00+00:00,13105975.0,13113750.0,13098186.0,13111578.0,0.09318,1221089.76732,329
2026-09-30T05:30:00+00:00,13111624.0,13122370.0,13111578.0,13118491.0,0.25309,3318969.83925,226
2026-09-30T05:35:00+00:00,13118480.0,13164663.0,13114372.0,13122636.0,1.9689041016868452,25847927.90516,553
