timestamp,open,high,low,close,volume,quote_volume,count
2026-09-09T09:45:00+00:00,383906.0,385028.0,383033.0,383033.0,15.867565693144394,6102292.2277,15
2026-09-09T10:00:00+00:00,383033.0,383033.0,383033.0,383033.0,0.0,0.0,0
2026-09-09T10:15:00+00:00,383033.0,383033.0,383033.0,383033.0,0.0,0.0,0
2026-09-09T10:30:00+00:00,383033.0,383033.0,383033.0,383033.0,0.0,0.0,0
2026-09-09T10:45:00+00:00,382176.0,382176.0,382176.0,382176.0,0.0026,993.6576,1
2026-09-09T11:00:00+00:00,382153.0,382153.0,382153.0,382153.0,0.02,7643.06,1
2026-09-09T11:15:00+00:00,382153.0,382153.0,382153.0,382153.0,0.0,0.0,0
2026-09-09T11:30:00+00:00,382153.0,382153.0,382153.0,382153.0,0.0,0.0,0
2026-09-09T11:45:00+00:00,382153.0,382153.0,382153.0,382153.0,0.0,0.0,0
2026-09-09T12:00:00+00:00,383620.0,383620.0,383620.0,383620.0,0.002,767.24,1
2026-09-09T12:15:00+00:00,383721.0,384491.0,383575.0,384491.0,0.7791,299239.2051,6
2026-09-09T12:30:00+00:00,384491.0,384491.0,384491.0,384491.0,0.0,0.0,0
2026-09-09T12:45:00+00:00,384491.0,384491.0,384491.0,384491.0,0.0,0.0,0
2026-09-09T13:00:00+00:00,384491.0,384491.0,384491.0,384491.0,0.0,0.0,0
2026-09-09T13:15:00+00:00,385399.0,385399.0,385399.0,385399.0,0.02,7707.98,1
2026-09-09T13:30:00+00:00,385667.0,385776.0,385667.0,385776.0,0.38452228702666835,148299.0,3
2026-09-09T13:45:00+00:00,385776.0,385776.0,385776.0,385776.0,0.0,0.0,0
2026-09-09T14:00:00+00:00,385776.0,385776.0,385776.0,385776.0,0.0,0.0,0
2026-09-09T14:15:00+00:00,385776.0,385776.0,385776.0,385776.0,0.0,0.0,0
2026-09-09T14:30:00+00:00,385776.0,385776.0,385776.0,385776.0,0.0,0.0,0
2026-09-09T14:45:00+00:00,385776.0,385776.0,385776.0,385776.0,0.0,0.0,0
2026-09-09T15:00:00+00:00,384032.0,384032.0,384032.0,384032.0,0.5,192016.0,1
2026-09-09T15:15:00+00:00,380905.0,380905.0,380905.0,380905.0,0.02,7618.1,1
2026-09-09T15:30:00+00:00,380905.0,380905.0,380905.0,380905.0,0.0,0.0,0
2026-09-09T15:45:00+00:00,382459.0,382459.0,382459.0,382459.0,0.0792,30290.7528,1
2026-09-09T16:00:00+00:00,382459.0,382459.0,382459.0,382459.0,0.0,0.0,0
2026-09-09T16:15:00+00:00,382459.0,382459.0,382459.0,382459.0,0.0,0.0,0
2026-09-09T16:30:00+00:00,382459.0,382459.0,382459.0,382459.0,0.0,0.0,0
2026-09-09T16:45:00+00:00,382459.0,382459.0,382459.0,382459.0,0.0,0.0,0
2026-09-09T17:00:00+00:00,382459.0,382459.0,382459.0,382459.0,0.0,0.0,0
2026-09-09T17:15:00+00:00,382459.0,382459.0,382459.0,382459.0,0.0,0.0,0
2026-09-09T17:30:00+00:00,383733.0,383733.0,383733.0,383733.0,0.001042391454474856,399.99999999999994,1
2026-09-09T17:45:00+00:00,383733.0,383733.0,383733.0,383733.0,0.0,0.0,0
2026-09-09T18:00:00+00:00,383733.0,383733.0,383733.0,383733.0,0.0,0.0,0
2026-09-09T18:15:00+00:00,383733.0,383733.0,383733.0,383733.0,0.0,0.0,0
2026-09-09T18:30:00+00:00,383733.0,383733.0,383733.0,383733.0,0.0,0.0,0
2026-09-09T18:45:00+00:00,383733.0,383733.0,383733.0,383733.0,0.0,0.0,0
2026-09-09T19:00:00+00:00,383733.0,383733.0,383733.0,383733.0,0.0,0.0,0
2026-09-09T19:15:00+00:00,383733.0,383733.0,383733.0,383733.0,0.0,0.0,0
2026-09-09T19:30:00+00:00,383733.0,383733.0,383733.0,383733.0,0.0,0.0,0
2026-09-09T19:45:00+00:00,380000.0,380000.0,380000.0,380000.0,2.3758,902804.0,14
2026-09-09T20:00:00+00:00,379611.0,379611.0,379609.0,379609.0,0.000105371427036598,39.99999999999943,2
2026-09-09T20:15:00+00:00,378888.0,378888.0,378500.0,378500.0,1.0181,385738.85,7
2026-09-09T20:30:00+00:00,379441.0,379441.0,379441.0,379441.0,0.02,7588.82,1
2026-09-09T20:45:00+00:00,379441.0,379441.0,379441.0,379441.0,0.0,0.0,0
2026-09-09T21:00:00+00:00,379964.0,379964.0,379964.0,379964.0,3.1581939341621e-05,11.999999999999682,1
2026-09-09T21:15:00+00:00,379444.0,379444.0,379444.0,379444.0,0.002635435004901909,1000.0,1
2026-09-09T21:30:00+00:00,379444.0,379444.0,379444.0,379444.0,0.0,0.0,0
2026-09-09T21:45:00+00:00,378782.0,378782.0,378782.0,378782.0,0.0633,23976.9006,1
2026-09-09T22:00:00+00:00,378500.0,378500.0,377500.0,377500.0,0.1019,38509.15,2
2026-09-09T22:15:00+00:00,376918.0,377089.0,376918.0,377089.0,0.027026873750763715,10187.0,2
2026-09-09T22:30:00+00:00,377089.0,377089.0,377089.0,377089.0,0.0,0.0,0
2026-09-09T22:45:00+00:00,377089.0,377089.0,377089.0,377089.0,0.0,0.0,0
2026-09-09T23:00:00+00:00,377619.0,377619.0,377619.0,377619.0,0.026484366517574593,10001.0,1
2026-09-09T23:15:00+00:00,377561.0,377561.0,377561.0,377561.0,0.0027,1019.4147,1
2026-09-09T23:30:00+00:00,377738.0,378794.0,377733.0,378794.0,0.578,218436.774,9
2026-09-09T23:45:00+00:00,379624.0,379801.0,379624.0,379801.0,0.02158862325270339,8196.0,3
2026-09-10T00:00:00+00:00,379790.0,379790.0,379790.0,379790.0,0.000758313804997498,287.9999999999998,2
2026-09-10T00:15:00+00:00,379238.0,379238.0,379238.0,379238.0,0.2,75847.6,2
2026-09-10T00:30:00+00:00,379238.0,379238.0,379238.0,379238.0,0.0,0.0,0
2026-09-10T00:45:00+00:00,379238.0,379238.0,379238.0,379238.0,0.0,0.0,0
2026-09-10T01:00:00+00:00,380206.0,380206.0,380206.0,380206.0,0.5,190103.0,3
2026-09-10T01:15:00+00:00,380206.0,380206.0,380206.0,380206.0,0.0,0.0,0
2026-09-10T01:30:00+00:00,380206.0,380206.0,380206.0,380206.0,0.0,0.0,0
2026-09-10T01:45:00+00:00,379081.0,379081.0,379081.0,379081.0,0.07913875926253228,30000.0,1
2026-09-10T02:00:00+00:00,377703.0,377703.0,377703.0,377703.0,0.0216,8158.3848,1
2026-09-10T02:15:00+00:00,377703.0,377703.0,377703.0,377703.0,0.0,0.0,0
2026-09-10T02:30:00+00:00,379733.0,379733.0,379733.0,379733.0,0.017641342732920236,6699.0,1
2026-09-10T02:45:00+00:00,380570.0,380681.0,380569.0,380569.0,0.4023648799560658,153128.3552,5
2026-09-10T03:00:00+00:00,380561.0,381192.0,380561.0,381192.0,2.6167584222648954,997000.0,6
2026-09-10T03:15:00+00:00,381192.0,381192.0,381192.0,381192.0,0.0,0.0,0
2026-09-10T03:30:00+00:00,381192.0,381192.0,381192.0,381192.0,0.0,0.0,0
2026-09-10T03:45:00+00:00,380000.0,380000.0,380000.0,380000.0,0.02,7600.0,1
2026-09-10T04:00:00+00:00,380000.0,380000.0,380000.0,380000.0,0.0,0.0,0
2026-09-10T04:15:00+00:00,380502.0,381688.0,380502.0,381688.0,10.487321127203371,3999700.0,18
2026-09-10T04:30:00+00:00,380828.0,380828.0,380828.0,380828.0,0.1,38082.8,1
2026-09-10T04:45:00+00:00,380797.0,381755.0,380797.0,380806.0,1.57283878385427,600173.0,7
2026-09-10T05:00:00+00:00,380768.0,380857.0,380768.0,380857.0,0.1,38085.2105,2
2026-09-10T05:15:00+00:00,380857.0,380857.0,380857.0,380857.0,0.0,0.0,0
2026-09-10T05:30:00+00:00,380857.0,380857.0,380857.0,380857.0,0.0,0.0,0
2026-09-10T05:45:00+00:00,380857.0,380857.0,380857.0,380857.0,0.0,0.0,0
2026-09-10T06:00:00+00:00,380857.0,380857.0,380857.0,380857.0,0.0,0.0,0
2026-09-10T06:15:00+00:00,380857.0,380857.0,380857.0,380857.0,0.0,0.0,0
2026-09-10T06:30:00+00:00,381390.0,381390.0,380512.0,381199.0,0.36,137233.1,18
2026-09-10T06:45:00+00:00,381199.0,381199.0,381199.0,381199.0,0.0,0.0,0
2026-09-10T07:00:00+00:00,381076.0,381076.0,381076.0,381076.0,0.07872445391470467,30000.0,2
2026-09-10T07:15:00+00:00,380276.0,380276.0,380000.0,380000.0,0.0481,18280.2356,3
2026-09-10T07:30:00+00:00,379500.0,379500.0,379500.0,379500.0,0.06,22770.0,3
2026-09-10T07:45:00+00:00,379212.0,379848.0,379212.0,379848.0,1.1672,443026.5204,5
2026-09-10T08:00:00+00:00,379815.0,380850.0,379811.0,380850.0,1.3196,501374.934,12
2026-09-10T08:15:00+00:00,380850.0,380850.0,380850.0,380850.0,0.0,0.0,0
2026-09-10T08:30:00+00:00,380288.0,380288.0,379534.0,379534.0,1.3305,505372.1092,9
2026-09-10T08:45:00+00:00,379534.0,379534.0,379534.0,379534.0,0.0,0.0,0
2026-09-10T09:00:00+00:00,380250.0,380250.0,380250.0,380250.0,0.1,38025.0,1
2026-09-10T09:15:00+00:00,380250.0,381313.0,380250.0,381313.0,0.9571,364534.3581,10
2026-09-10T09:30:00+00:00,380111.0,380111.0,379538.0,379538.0,0.1199,45536.407,3
2026-09-10T09:45:00+00:00,379534.0,380136.0,379000.0,380136.0,5.934566538291559,2250645.8227,33
2026-09-10T10:00:00+00:00,380048.0,380048.0,380048.0,380048.0,0.07851902917526207,29841.0,1
2026-09-10T10:15:00+00:00,380270.0,380270.0,380173.0,380173.0,0.1078,40990.5549,3
2026-09-10T10:30:00+00:00,379508.0,380732.0,379433.0,380732.0,4.852492784163139,1846521.3118,12
2026-09-10T10:45:00+00:00,380732.0,380732.0,380732.0,380732.0,0.0,0.0,0
2026-09-10T11:00:00+00:00,378998.0,378998.0,378998.0,378998.0,0.0787,29827.1426,1
2026-09-10T11:15:00+00:00,378998.0,378998.0,378998.0,378998.0,0.0,0.0,0
2026-09-10T11:30:00+00:00,378998.0,378998.0,378998.0,378998.0,0.0,0.0,0
2026-09-10T11:45:00+00:00,379794.0,379794.0,379793.0,379793.0,0.1499,56931.108,2
2026-09-10T12:00:00+00:00,379793.0,379793.0,379793.0,379793.0,0.0,0.0,0
2026-09-10T12:15:00+00:00,379100.0,379100.0,379098.0,379098.0,0.5897,223554.7675,3
2026-09-10T12:30:00+00:00,378500.0,378500.0,376517.0,376517.0,2.9104,1096684.5855,12
2026-09-10T12:45:00+00:00,376500.0,376500.0,372682.0,372682.0,4.314317742695884,1614120.6307,43
2026-09-10T13:00:00+00:00,374256.0,374256.0,372500.0,372500.0,0.18776992432987047,70026.8,6
2026-09-10T13:15:00+00:00,372500.0,372500.0,372500.0,372500.0,0.0,0.0,0
2026-09-10T13:30:00+00:00,373705.0,374326.0,373705.0,374326.0,2.3357,873868.6039,21
2026-09-10T13:45:00+00:00,374326.0,374326.0,374326.0,374326.0,0.0,0.0,0
2026-09-10T14:00:00+00:00,374326.0,374326.0,374326.0,374326.0,0.0,0.0,0
2026-09-10T14:15:00+00:00,374326.0,374326.0,374326.0,374326.0,0.0,0.0,0
2026-09-10T14:30:00+00:00,374326.0,374326.0,374326.0,374326.0,0.0,0.0,0
2026-09-10T14:45:00+00:00,376437.0,376437.0,376437.0,376437.0,0.03320608760562856,12500.0,1
2026-09-10T15:00:00+00:00,375907.0,375916.0,375906.0,375916.0,0.1108,41650.4674,3
2026-09-10T15:15:00+00:00,375571.0,375571.0,375571.0,375571.0,0.001065044958210298,399.99999999999983,1
2026-09-10T15:30:00+00:00,375571.0,375571.0,375571.0,375571.0,0.0,0.0,0
2026-09-10T15:45:00+00:00,375571.0,375571.0,375571.0,375571.0,0.0,0.0,0
2026-09-10T16:00:00+00:00,375571.0,375571.0,375571.0,375571.0,0.0,0.0,0
2026-09-10T16:15:00+00:00,377057.0,377059.0,377057.0,377059.0,0.07956336488454062,30000.0,3
2026-09-10T16:30:00+00:00,377059.0,377059.0,377059.0,377059.0,0.0,0.0,0
2026-09-10T16:45:00+00:00,377059.0,377059.0,377059.0,377059.0,0.0,0.0,0
2026-09-10T17:00:00+00:00,377059.0,377059.0,377059.0,377059.0,0.0,0.0,0
2026-09-10T17:15:00+00:00,377059.0,377059.0,377059.0,377059.0,0.0,0.0,0
2026-09-10T17:30:00+00:00,377059.0,377059.0,377059.0,377059.0,0.0,0.0,0
2026-09-10T17:45:00+00:00,377059.0,377059.0,377059.0,377059.0,0.0,0.0,0
2026-09-10T18:00:00+00:00,377059.0,377059.0,377059.0,377059.0,0.0,0.0,0
2026-09-10T18:15:00+00:00,377059.0,377059.0,377059.0,377059.0,0.0,0.0,0
2026-09-10T18:30:00+00:00,377059.0,377059.0,377059.0,377059.0,0.0,0.0,0
2026-09-10T18:45:00+00:00,377059.0,377059.0,377059.0,377059.0,0.0,0.0,0
2026-09-10T19:00:00+00:00,377059.0,377059.0,377059.0,377059.0,0.0,0.0,0
2026-09-10T19:15:00+00:00,377059.0,377059.0,377059.0,377059.0,0.0,0.0,0
2026-09-10T19:30:00+00:00,377059.0,377059.0,377059.0,377059.0,0.0,0.0,0
2026-09-10T19:45:00+00:00,377059.0,377059.0,377059.0,377059.0,0.0,0.0,0
2026-09-10T20:00:00+00:00,377059.0,377059.0,377059.0,377059.0,0.0,0.0,0
2026-09-10T20:15:00+00:00,377059.0,377059.0,377059.0,377059.0,0.0,0.0,0
2026-09-10T20:30:00+00:00,377059.0,377059.0,377059.0,377059.0,0.0,0.0,0
2026-09-10T20:45:00+00:00,377059.0,377059.0,377059.0,377059.0,0.0,0.0,0
2026-09-10T21:00:00+00:00,377059.0,377059.0,377059.0,377059.0,0.0,0.0,0
2026-09-10T21:15:00+00:00,380482.0,380482.0,380482.0,380482.0,0.003067162178499902,1166.9999999999998,2
2026-09-10T21:30:00+00:00,380482.0,380482.0,380482.0,380482.0,0.0,0.0,0
2026-09-10T21:45:00+00:00,380482.0,380482.0,380482.0,380482.0,0.0,0.0,0
2026-09-10T22:00:00+00:00,380482.0,380482.0,380482.0,380482.0,0.0,0.0,0
2026-09-10T22:15:00+00:00,380254.0,380254.0,380254.0,380254.0,0.013149105597837236,5000.0,1
2026-09-10T22:30:00+00:00,380254.0,380254.0,380254.0,380254.0,0.0,0.0,0
2026-09-10T22:45:00+00:00,380254.0,380254.0,380254.0,380254.0,0.0,0.0,0
2026-09-10T23:00:00+00:00,377720.0,377720.0,377720.0,377720.0,0.0253,9556.316,1
2026-09-10T23:15:00+00:00,377720.0,377720.0,377720.0,377720.0,0.0,0.0,0
2026-09-10T23:30:00+00:00,377720.0,377720.0,377720.0,377720.0,0.0,0.0,0
2026-09-10T23:45:00+00:00,377212.0,377212.0,377212.0,377212.0,0.0223,8411.8276,1
2026-09-11T00:00:00+00:00,377397.0,378022.0,376724.0,376724.0,1.7248990706890075,651506.896,9
2026-09-11T00:15:00+00:00,376724.0,376724.0,376724.0,376724.0,0.0,0.0,0
2026-09-11T00:30:00+00:00,376724.0,376724.0,376724.0,376724.0,0.0,0.0,0
2026-09-11T00:45:00+00:00,379666.0,379768.0,379666.0,379768.0,0.2346,89073.1728,2
2026-09-11T01:00:00+00:00,380257.0,380257.0,380257.0,380257.0,0.002366820334668395,899.9999999999999,1
2026-09-11T01:15:00+00:00,378567.0,378567.0,378566.0,378566.0,0.7478,283092.1521,6
2026-09-11T01:30:00+00:00,378566.0,378566.0,378566.0,378566.0,0.0,0.0,0
2026-09-11T01:45:00+00:00,378566.0,378566.0,378566.0,378566.0,0.0,0.0,0
2026-09-11T02:00:00+00:00,378938.0,378938.0,378938.0,378938.0,0.1499,56802.8062,1
2026-09-11T02:15:00+00:00,378938.0,378938.0,378938.0,378938.0,0.0,0.0,0
2026-09-11T02:30:00+00:00,378823.0,379300.0,378823.0,379300.0,1.3182,499715.3877,4
2026-09-11T02:45:00+00:00,378436.0,378436.0,378309.0,378309.0,0.0099,3745.9576,2
2026-09-11T03:00:00+00:00,377890.0,377890.0,377725.0,377725.0,0.2905,109772.92,6
2026-09-11T03:15:00+00:00,378521.0,378521.0,378521.0,378521.0,0.7953085826149672,301041.0,1
2026-09-11T03:30:00+00:00,378521.0,378521.0,378521.0,378521.0,0.0,0.0,0
2026-09-11T03:45:00+00:00,378521.0,378521.0,378521.0,378521.0,0.0,0.0,0
2026-09-11T04:00:00+00:00,378215.0,379701.0,378215.0,379701.0,9.821290208083923,3727973.0,11
2026-09-11T04:15:00+00:00,378825.0,379190.0,378825.0,379190.0,0.4,151614.0,4
2026-09-11T04:30:00+00:00,379190.0,379190.0,379190.0,379190.0,0.0,0.0,0
2026-09-11T04:45:00+00:00,379291.0,380407.0,379291.0,380407.0,2.0118,763897.9338,15
2026-09-11T05:00:00+00:00,380407.0,380407.0,380407.0,380407.0,0.0,0.0,0
2026-09-11T05:15:00+00:00,380407.0,380407.0,380407.0,380407.0,0.0,0.0,0
2026-09-11T05:30:00+00:00,379934.0,381000.0,379570.0,379570.0,7.9182,3015559.8252,16
2026-09-11T05:45:00+00:00,380703.0,380703.0,380703.0,380703.0,0.021,7994.763,1
2026-09-11T06:00:00+00:00,380703.0,380703.0,380703.0,380703.0,0.0,0.0,0
2026-09-11T06:15:00+00:00,381215.0,382273.0,381188.0,381188.0,12.889212851676145,4925000.0,12
2026-09-11T06:30:00+00:00,381188.0,381188.0,381188.0,381188.0,0.0,0.0,0
2026-09-11T06:45:00+00:00,381188.0,381188.0,381188.0,381188.0,0.0,0.0,0
2026-09-11T07:00:00+00:00,381023.0,381740.0,381023.0,381740.0,1.7890584010059203,681860.2233,8
2026-09-11T07:15:00+00:00,381740.0,381740.0,381740.0,381740.0,0.0,0.0,0
2026-09-11T07:30:00+00:00,381533.0,381560.0,381533.0,381560.0,19.6562,7500011.6909,16
2026-09-11T07:45:00+00:00,381102.0,381102.0,381102.0,381102.0,0.002,762.204,1
2026-09-11T08:00:00+00:00,381127.0,381127.0,381127.0,381127.0,0.1272,48479.3544,2
2026-09-11T08:15:00+00:00,381530.0,387591.0,381526.0,382075.0,28.070345388702673,10733993.31,45
2026-09-11T08:30:00+00:00,383936.0,383936.0,381023.0,381023.0,2.612807342890482,997833.7281,9
2026-09-11T08:45:00+00:00,381023.0,381023.0,381023.0,381023.0,0.0,0.0,0
2026-09-11T09:00:00+00:00,382653.0,382653.0,381807.0,381807.0,0.1631,62338.9289,3
2026-09-11T09:15:00+00:00,382653.0,383019.0,382637.0,383019.0,3.9715429386009573,1519999.8368,11
2026-09-11T09:30:00+00:00,381773.0,381908.0,381023.0,381607.0,45.201709641065385,17227848.4441,120
2026-09-11T09:45:00+00:00,381563.0,394998.0,381304.0,394998.0,5.703937187488257,2237345.3352,11
2026-09-11T10:00:00+00:00,381805.0,382354.0,381805.0,382354.0,0.4179881261867275,159742.26,4
2026-09-11T10:15:00+00:00,382354.0,382354.0,382354.0,382354.0,0.0,0.0,0
2026-09-11T10:30:00+00:00,381304.0,381547.0,381023.0,381242.0,5.597491855566806,2135089.1322,8
2026-09-11T10:45:00+00:00,381023.0,381023.0,381023.0,381023.0,15.4138,5873012.3174,10
2026-09-11T11:00:00+00:00,380000.0,380000.0,379457.0,379457.0,1.3584,516168.8682,2
2026-09-11T11:15:00+00:00,379457.0,379457.0,379457.0,379457.0,0.0,0.0,0
2026-09-11T11:30:00+00:00,379457.0,379457.0,379457.0,379457.0,0.0,0.0,0
2026-09-11T11:45:00+00:00,379110.0,379110.0,378884.0,378884.0,0.0617,23390.4768,2
2026-09-11T12:00:00+00:00,378884.0,378884.0,378884.0,378884.0,0.0,0.0,0
2026-09-11T12:15:00+00:00,378555.0,380255.0,378474.0,380255.0,0.5286,200131.9251,5
2026-09-11T12:30:00+00:00,379682.0,385000.0,379682.0,383670.0,1.8874,725609.621,18
2026-09-11T12:45:00+00:00,384500.0,386000.0,384500.0,386000.0,0.0092,3548.2,3
2026-09-11T13:00:00+00:00,386000.0,386000.0,386000.0,386000.0,0.0928,35820.8,1
2026-09-11T13:15:00+00:00,386000.0,386000.0,386000.0,386000.0,0.0,0.0,0
2026-09-11T13:30:00+00:00,386500.0,386500.0,386500.0,386500.0,0.002,773.0,1
2026-09-11T13:45:00+00:00,387940.0,404921.0,387940.0,404170.0,13.924,5544777.5686,105
2026-09-11T14:00:00+00:00,404416.0,408826.0,402507.0,402507.0,2.5343201504570105,1029173.779,22
2026-09-11T14:15:00+00:00,402507.0,402507.0,402507.0,402507.0,0.0,0.0,0
2026-09-11T14:30:00+00:00,401000.0,401000.0,400095.0,400095.0,2.3356,936532.9066,24
2026-09-11T14:45:00+00:00,399203.0,400091.0,397173.0,400091.0,0.5223,207785.8859,5
2026-09-11T15:00:00+00:00,400091.0,400091.0,400091.0,400091.0,0.0,0.0,0
2026-09-11T15:15:00+00:00,401500.0,402205.0,401418.0,401583.0,0.1423,57158.6245,4
2026-09-11T15:30:00+00:00,401583.0,401583.0,401583.0,401583.0,0.7327,294239.8641,4
2026-09-11T15:45:00+00:00,401583.0,401583.0,394069.0,394296.0,0.7679,306517.7734,15
2026-09-11T16:00:00+00:00,394296.0,394296.0,394296.0,394296.0,0.0,0.0,0
2026-09-11T16:15:00+00:00,391748.0,391748.0,391748.0,391748.0,0.0264,10342.1472,1
2026-09-11T16:30:00+00:00,395293.0,395296.0,395293.0,395296.0,0.012,4743.546,2
2026-09-11T16:45:00+00:00,396548.0,397178.0,396548.0,397178.0,0.0089,3531.9232,2
2026-09-11T17:00:00+00:00,396980.0,396980.0,396980.0,396980.0,0.02,7939.6,2
2026-09-11T17:15:00+00:00,396980.0,396980.0,396980.0,396980.0,0.0,0.0,0
2026-09-11T17:30:00+00:00,396348.0,396348.0,394641.0,394641.0,0.1718,67926.8686,5
2026-09-11T17:45:00+00:00,394641.0,394641.0,394641.0,394641.0,0.0,0.0,0
2026-09-11T18:00:00+00:00,390000.0,391100.0,389895.0,391100.0,1.5414,601121.1835,11
2026-09-11T18:15:00+00:00,391100.0,391100.0,391100.0,391100.0,0.0,0.0,0
2026-09-11T18:30:00+00:00,391100.0,391100.0,391100.0,391100.0,0.0,0.0,0
2026-09-11T18:45:00+00:00,391660.0,392172.0,391660.0,392172.0,0.409,160393.6788,5
2026-09-11T19:00:00+00:00,389914.0,389914.0,389914.0,389914.0,0.0133,5185.8562,1
2026-09-11T19:15:00+00:00,389914.0,389914.0,389914.0,389914.0,0.0,0.0,0
2026-09-11T19:30:00+00:00,389914.0,389914.0,389914.0,389914.0,0.0,0.0,0
2026-09-11T19:45:00+00:00,389914.0,389914.0,389914.0,389914.0,0.0,0.0,0
2026-09-11T20:00:00+00:00,391232.0,391232.0,391232.0,391232.0,0.0204,7981.1328,1
2026-09-11T20:15:00+00:00,391232.0,391232.0,391232.0,391232.0,0.0,0.0,0
2026-09-11T20:30:00+00:00,391232.0,391232.0,391232.0,391232.0,0.0,0.0,0
2026-09-11T20:45:00+00:00,388993.0,389140.0,388993.0,389140.0,0.10102790769388909,39299.4734,3
2026-09-11T21:00:00+00:00,389140.0,389140.0,389140.0,389140.0,0.0,0.0,0
2026-09-11T21:15:00+00:00,389140.0,389140.0,389140.0,389140.0,0.0,0.0,0
2026-09-11T21:30:00+00:00,389140.0,389140.0,389140.0,389140.0,0.0,0.0,0
2026-09-11T21:45:00+00:00,388704.0,388704.0,387610.0,387610.0,0.9130726516835432,354028.705,6
2026-09-11T22:00:00+00:00,386661.0,386661.0,386661.0,386661.0,0.1718,66428.3598,1
2026-09-11T22:15:00+00:00,387756.0,387756.0,387756.0,387756.0,0.002321047256522142,899.9999999999997,1
2026-09-11T22:30:00+00:00,387756.0,387756.0,387756.0,387756.0,0.0,0.0,0
2026-09-11T22:45:00+00:00,386378.0,386378.0,386162.0,386162.0,0.46,177656.12,5
2026-09-11T23:00:00+00:00,386162.0,386162.0,386162.0,386162.0,0.0,0.0,0
2026-09-11T23:15:00+00:00,386162.0,386162.0,386162.0,386162.0,0.0,0.0,0
2026-09-11T23:30:00+00:00,386943.0,386994.0,386943.0,386991.0,0.9527,368652.1461,7
2026-09-11T23:45:00+00:00,386991.0,386991.0,386991.0,386991.0,0.0,0.0,0
2026-09-12T00:00:00+00:00,386991.0,386991.0,386991.0,386991.0,0.0,0.0,0
2026-09-12T00:15:00+00:00,386991.0,386991.0,386991.0,386991.0,0.0,0.0,0
2026-09-12T00:30:00+00:00,386991.0,386991.0,386991.0,386991.0,0.0,0.0,0
2026-09-12T00:45:00+00:00,386991.0,386991.0,386991.0,386991.0,0.0,0.0,0
2026-09-12T01:00:00+00:00,386991.0,386991.0,386991.0,386991.0,0.0,0.0,0
2026-09-12T01:15:00+00:00,386991.0,386991.0,386991.0,386991.0,0.0,0.0,0
2026-09-12T01:30:00+00:00,386991.0,386991.0,386991.0,386991.0,0.0,0.0,0
2026-09-12T01:45:00+00:00,386991.0,386991.0,386991.0,386991.0,0.0,0.0,0
2026-09-12T02:00:00+00:00,387259.0,388188.0,387259.0,388188.0,5.129408769977434,1990000.0,8
2026-09-12T02:15:00+00:00,388188.0,388188.0,388188.0,388188.0,0.0,0.0,0
2026-09-12T02:30:00+00:00,388188.0,388188.0,388188.0,388188.0,0.0,0.0,0
2026-09-12T02:45:00+00:00,388188.0,388188.0,388188.0,388188.0,0.0,0.0,0
2026-09-12T03:00:00+00:00,387435.0,387917.0,386691.0,386691.0,7.443727590180374,2887334.2365,9
2026-09-12T03:15:00+00:00,386691.0,386691.0,386691.0,386691.0,0.0,0.0,0
2026-09-12T03:30:00+00:00,387125.0,387863.0,387114.0,387863.0,18.05666333035118,6999462.3,13
2026-09-12T03:45:00+00:00,386883.0,386883.0,386883.0,386883.0,0.1,38688.3,1
2026-09-12T04:00:00+00:00,386883.0,386883.0,386883.0,386883.0,0.0,0.0,0
2026-09-12T04:15:00+00:00,386756.0,386756.0,386756.0,386756.0,0.2,77351.2,1
2026-09-12T04:30:00+00:00,387307.0,387807.0,387307.0,387807.0,4.588215014169419,1779000.0,4
2026-09-12T04:45:00+00:00,387807.0,387807.0,387807.0,387807.0,0.0,0.0,0
2026-09-12T05:00:00+00:00,386912.0,386912.0,386703.0,386703.0,0.4,154723.0,2
2026-09-12T05:15:00+00:00,387089.0,387315.0,386647.0,386647.0,6.531192440261802,2529329.4,7
2026-09-12T05:30:00+00:00,386647.0,386647.0,386647.0,386647.0,0.0,0.0,0
2026-09-12T05:45:00+00:00,386647.0,386647.0,386647.0,386647.0,0.0,0.0,0
2026-09-12T06:00:00+00:00,386647.0,386647.0,386647.0,386647.0,0.0,0.0,0
2026-09-12T06:15:00+00:00,386647.0,386647.0,386647.0,386647.0,0.0,0.0,0
2026-09-12T06:30:00+00:00,386647.0,386647.0,386647.0,386647.0,0.0,0.0,0
2026-09-12T06:45:00+00:00,387660.0,387660.0,387654.0,387654.0,0.4351,168670.4554,3
2026-09-12T07:00:00+00:00,388650.0,388650.0,388650.0,388650.0,0.4,155460.0,1
2026-09-12T07:15:00+00:00,388650.0,388650.0,388650.0,388650.0,0.0,0.0,0
2026-09-12T07:30:00+00:00,388650.0,388650.0,388650.0,388650.0,0.0,0.0,0
2026-09-12T07:45:00+00:00,388672.0,388672.0,388354.0,388354.0,0.30963708216696856,120252.823,3
2026-09-12T08:00:00+00:00,388399.0,389358.0,388399.0,389358.0,1.0838,421745.8445,9
2026-09-12T08:15:00+00:00,389402.0,389750.0,389237.0,389750.0,1.9846,773348.45,5
2026-09-12T08:30:00+00:00,390169.0,390190.0,390159.0,390159.0,0.3,117051.8,3
2026-09-12T08:45:00+00:00,390597.0,405036.0,390356.0,390472.0,24.165403572186253,9517924.48,33
2026-09-12T09:00:00+00:00,389824.0,390886.0,389824.0,390629.0,0.306,119474.474,5
2026-09-12T09:15:00+00:00,390886.0,395000.0,390886.0,395000.0,1.3665,536769.9,7
2026-09-12T09:30:00+00:00,390425.0,393969.0,390425.0,393969.0,1.277775154897974,500000.0,6
2026-09-12T09:45:00+00:00,389950.0,389950.0,389380.0,389380.0,0.4047,157585.107,3
2026-09-12T10:00:00+00:00,389380.0,389380.0,389380.0,389380.0,0.0,0.0,0
2026-09-12T10:15:00+00:00,390395.0,390395.0,390395.0,390395.0,0.00896527875613161,3500.0,1
2026-09-12T10:30:00+00:00,390395.0,390395.0,390395.0,390395.0,0.0,0.0,0
2026-09-12T10:45:00+00:00,390395.0,390395.0,390395.0,390395.0,0.0,0.0,0
2026-09-12T11:00:00+00:00,390000.0,393000.0,390000.0,390283.0,5.871680828632611,2303500.0,12
2026-09-12T11:15:00+00:00,390283.0,390283.0,390283.0,390283.0,0.0,0.0,0
2026-09-12T11:30:00+00:00,389897.0,391024.0,389897.0,391024.0,2.4524321484666256,958184.6821,13
2026-09-12T11:45:00+00:00,391024.0,391024.0,391024.0,391024.0,0.0,0.0,0
2026-09-12T12:00:00+00:00,391024.0,391024.0,391024.0,391024.0,0.0,0.0,0
2026-09-12T12:15:00+00:00,391123.0,393499.0,391123.0,393499.0,2.4183939476339202,950000.0,5
2026-09-12T12:30:00+00:00,393499.0,393499.0,393499.0,393499.0,0.0,0.0,0
2026-09-12T12:45:00+00:00,391171.0,391171.0,391171.0,391171.0,0.001418816834581295,554.9999999999998,1
2026-09-12T13:00:00+00:00,391045.0,391045.0,390847.0,390847.0,0.72,281449.44,9
2026-09-12T13:15:00+00:00,390847.0,390847.0,390847.0,390847.0,0.0,0.0,0
2026-09-12T13:30:00+00:00,390847.0,390847.0,390847.0,390847.0,0.0,0.0,0
2026-09-12T13:45:00+00:00,390847.0,390847.0,390847.0,390847.0,0.0,0.0,0
2026-09-12T14:00:00+00:00,390847.0,390847.0,390847.0,390847.0,0.0,0.0,0
2026-09-12T14:15:00+00:00,391636.0,391636.0,391020.0,391618.0,0.3088569936450121,120865.162,3
2026-09-12T14:30:00+00:00,390932.0,390932.0,390932.0,390932.0,1.7251159792495883,674403.04,15
2026-09-12T14:45:00+00:00,390932.0,390932.0,390932.0,390932.0,0.0,0.0,0
2026-09-12T15:00:00+00:00,390825.0,390825.0,390735.0,390735.0,0.013817161476504957,5400.0,2
2026-09-12T15:15:00+00:00,390735.0,390735.0,390735.0,390735.0,0.0,0.0,0
2026-09-12T15:30:00+00:00,390042.0,390042.0,390000.0,390000.0,0.5637,219850.98,3
2026-09-12T15:45:00+00:00,390000.0,390000.0,390000.0,390000.0,0.0,0.0,0
2026-09-12T16:00:00+00:00,390000.0,390000.0,390000.0,390000.0,0.0,0.0,0
2026-09-12T16:15:00+00:00,390000.0,390000.0,390000.0,390000.0,0.0,0.0,0
2026-09-12T16:30:00+00:00,390000.0,390000.0,390000.0,390000.0,0.4,156000.0,1
2026-09-12T16:45:00+00:00,390000.0,390000.0,390000.0,390000.0,0.0,0.0,0
2026-09-12T17:00:00+00:00,390000.0,390000.0,390000.0,390000.0,0.0,0.0,0
2026-09-12T17:15:00+00:00,390000.0,390000.0,390000.0,390000.0,0.5584,217776.0,3
2026-09-12T17:30:00+00:00,390000.0,390000.0,390000.0,390000.0,0.0,0.0,0
2026-09-12T17:45:00+00:00,390000.0,390000.0,390000.0,390000.0,0.0,0.0,0
2026-09-12T18:00:00+00:00,390000.0,390000.0,390000.0,390000.0,0.0,0.0,0
2026-09-12T18:15:00+00:00,390000.0,390000.0,390000.0,390000.0,0.0,0.0,0
2026-09-12T18:30:00+00:00,390000.0,390000.0,390000.0,390000.0,0.0,0.0,0
2026-09-12T18:45:00+00:00,390000.0,390000.0,390000.0,390000.0,0.0,0.0,0
2026-09-12T19:00:00+00:00,390000.0,390000.0,390000.0,390000.0,0.0,0.0,0
2026-09-12T19:15:00+00:00,390000.0,390000.0,390000.0,390000.0,0.0,0.0,0
2026-09-12T19:30:00+00:00,390000.0,390000.0,390000.0,390000.0,0.0,0.0,0
2026-09-12T19:45:00+00:00,390000.0,390000.0,390000.0,390000.0,0.0,0.0,0
2026-09-12T20:00:00+00:00,390000.0,390000.0,390000.0,390000.0,0.0,0.0,0
2026-09-12T20:15:00+00:00,390000.0,390000.0,390000.0,390000.0,0.0,0.0,0
2026-09-12T20:30:00+00:00,390000.0,390000.0,390000.0,390000.0,0.0,0.0,0
2026-09-12T20:45:00+00:00,390000.0,390000.0,390000.0,390000.0,0.0,0.0,0
2026-09-12T21:00:00+00:00,390000.0,390000.0,390000.0,390000.0,0.0,0.0,0
2026-09-12T21:15:00+00:00,390000.0,390000.0,390000.0,390000.0,0.0,0.0,0
2026-09-12T21:30:00+00:00,390000.0,390000.0,390000.0,390000.0,0.0,0.0,0
2026-09-12T21:45:00+00:00,390000.0,390000.0,390000.0,390000.0,0.0,0.0,0
2026-09-12T22:00:00+00:00,390000.0,390000.0,390000.0,390000.0,0.0,0.0,0
2026-09-12T22:15:00+00:00,390000.0,390000.0,390000.0,390000.0,0.0,0.0,0
2026-09-12T22:30:00+00:00,390000.0,390000.0,390000.0,390000.0,0.0,0.0,0
2026-09-12T22:45:00+00:00,390000.0,390000.0,390000.0,390000.0,0.0,0.0,0
2026-09-12T23:00:00+00:00,389004.0,389004.0,389004.0,389004.0,0.002570667653803045,999.9999999999998,1
2026-09-12T23:15:00+00:00,389004.0,389004.0,389004.0,389004.0,0.0,0.0,0
2026-09-12T23:30:00+00:00,389004.0,389004.0,389004.0,389004.0,0.0,0.0,0
2026-09-12T23:45:00+00:00,389004.0,389004.0,389004.0,389004.0,0.0,0.0,0
2026-09-13T00:00:00+00:00,388683.0,388683.0,388650.0,388650.0,0.5255,204242.5532,4
2026-09-13T00:15:00+00:00,388650.0,388650.0,388650.0,388650.0,0.0,0.0,0
2026-09-13T00:30:00+00:00,388650.0,388650.0,388650.0,388650.0,0.0,0.0,0
2026-09-13T00:45:00+00:00,388650.0,388650.0,388650.0,388650.0,0.0,0.0,0
2026-09-13T01:00:00+00:00,388576.0,388578.0,388267.0,388285.0,4.3514,1690267.3578,18
2026-09-13T01:15:00+00:00,388142.0,388301.0,388094.0,388094.0,7.6939,2987134.441,45
2026-09-13T01:30:00+00:00,388094.0,388094.0,388094.0,388094.0,0.0,0.0,0
2026-09-13T01:45:00+00:00,388663.0,388663.0,388663.0,388663.0,0.002315630764955758,899.9999999999998,1
2026-09-13T02:00:00+00:00,388154.0,388154.0,388154.0,388154.0,0.2,77630.8,1
2026-09-13T02:15:00+00:00,388154.0,388154.0,388154.0,388154.0,0.0,0.0,0
2026-09-13T02:30:00+00:00,388154.0,388154.0,388154.0,388154.0,0.0,0.0,0
2026-09-13T02:45:00+00:00,388154.0,388154.0,388154.0,388154.0,0.0,0.0,0
2026-09-13T03:00:00+00:00,388154.0,388154.0,388154.0,388154.0,0.0,0.0,0
2026-09-13T03:15:00+00:00,388154.0,388154.0,388154.0,388154.0,0.0,0.0,0
2026-09-13T03:30:00+00:00,388154.0,388154.0,388154.0,388154.0,0.0,0.0,0
2026-09-13T03:45:00+00:00,388154.0,388154.0,388154.0,388154.0,0.0,0.0,0
2026-09-13T04:00:00+00:00,387979.0,388000.0,387979.0,388000.0,0.15463938092783505,60000.0,2
2026-09-13T04:15:00+00:00,388000.0,388000.0,388000.0,388000.0,0.0,0.0,0
2026-09-13T04:30:00+00:00,388000.0,388000.0,388000.0,388000.0,0.0,0.0,0
2026-09-13T04:45:00+00:00,388000.0,388000.0,388000.0,388000.0,0.0,0.0,0
2026-09-13T05:00:00+00:00,387835.0,388000.0,387835.0,388000.0,0.0956851969072165,37124.711,3
2026-09-13T05:15:00+00:00,388000.0,388000.0,388000.0,388000.0,0.0,0.0,0
2026-09-13T05:30:00+00:00,388000.0,388000.0,388000.0,388000.0,0.1,38800.0,1
2026-09-13T05:45:00+00:00,388000.0,388000.0,388000.0,388000.0,1.9041639175257732,738815.6,4
2026-09-13T06:00:00+00:00,388000.0,388000.0,388000.0,388000.0,0.0778,30186.4,1
2026-09-13T06:15:00+00:00,388000.0,388000.0,388000.0,388000.0,0.0,0.0,0
2026-09-13T06:30:00+00:00,387963.0,387964.0,387963.0,387964.0,0.5154,199956.1313,6
2026-09-13T06:45:00+00:00,387500.0,387500.0,385967.0,385967.0,2.716,1048825.79,22
2026-09-13T07:00:00+00:00,386035.0,386399.0,385982.0,386390.0,2.3373,902726.7434,16
2026-09-13T07:15:00+00:00,386383.0,386385.0,386057.0,386348.0,2.9603,1143625.6722,19
2026-09-13T07:30:00+00:00,386347.0,386438.0,386347.0,386429.0,0.3342,129132.2661,5
2026-09-13T07:45:00+00:00,386429.0,386429.0,386429.0,386429.0,0.0,0.0,0
2026-09-13T08:00:00+00:00,387572.0,387572.0,387572.0,387572.0,0.001,387.572,1
2026-09-13T08:15:00+00:00,387572.0,387572.0,387572.0,387572.0,0.0,0.0,0
2026-09-13T08:30:00+00:00,385999.0,385999.0,384093.0,384093.0,0.3271,125689.4131,7
2026-09-13T08:45:00+00:00,384093.0,384093.0,384093.0,384093.0,0.0,0.0,0
2026-09-13T09:00:00+00:00,384093.0,384093.0,384093.0,384093.0,0.0,0.0,0
2026-09-13T09:15:00+00:00,383500.0,383500.0,382145.0,382592.0,0.6119317706590833,234007.35,6
2026-09-13T09:30:00+00:00,381500.0,382359.0,380500.0,382359.0,0.3688069029367688,140873.6214,4
2026-09-13T09:45:00+00:00,382359.0,382359.0,382359.0,382359.0,0.0,0.0,0
2026-09-13T10:00:00+00:00,382359.0,382359.0,382359.0,382359.0,0.0,0.0,0
2026-09-13T10:15:00+00:00,382359.0,382359.0,382359.0,382359.0,0.0,0.0,0
2026-09-13T10:30:00+00:00,381363.0,381363.0,381363.0,381363.0,0.0026,991.5438,1
2026-09-13T10:45:00+00:00,381029.0,381148.0,381029.0,381148.0,1.3508,514818.512,6
2026-09-13T11:00:00+00:00,380217.0,380217.0,380032.0,380032.0,0.2581,98091.3652,2
2026-09-13T11:15:00+00:00,380365.0,380365.0,380365.0,380365.0,0.276,104980.74,2
2026-09-13T11:30:00+00:00,380868.0,381218.0,380518.0,380518.0,0.8218,313222.4674,8
2026-09-13T11:45:00+00:00,380518.0,380518.0,380518.0,380518.0,0.0,0.0,0
2026-09-13T12:00:00+00:00,380855.0,380855.0,380782.0,380782.0,0.1272,48442.7704,2
2026-09-13T12:15:00+00:00,380782.0,380782.0,380782.0,380782.0,0.0,0.0,0
2026-09-13T12:30:00+00:00,380782.0,380782.0,380782.0,380782.0,0.0,0.0,0
2026-09-13T12:45:00+00:00,380782.0,380782.0,380782.0,380782.0,0.0,0.0,0
2026-09-13T13:00:00+00:00,380099.0,380099.0,380099.0,380099.0,0.02,7601.98,1
2026-09-13T13:15:00+00:00,380725.0,380725.0,379000.0,379000.0,0.4457,168981.3525,4
2026-09-13T13:30:00+00:00,379000.0,379000.0,379000.0,379000.0,0.0,0.0,0
2026-09-13T13:45:00+00:00,379000.0,379000.0,379000.0,379000.0,0.0,0.0,0
2026-09-13T14:00:00+00:00,379000.0,379000.0,379000.0,379000.0,0.0,0.0,0
2026-09-13T14:15:00+00:00,379000.0,379000.0,379000.0,379000.0,0.0,0.0,0
2026-09-13T14:30:00+00:00,379000.0,379000.0,379000.0,379000.0,0.0,0.0,0
2026-09-13T14:45:00+00:00,379000.0,379000.0,379000.0,379000.0,0.0,0.0,0
2026-09-13T15:00:00+00:00,379000.0,379000.0,379000.0,379000.0,0.0,0.0,0
2026-09-13T15:15:00+00:00,382069.0,382069.0,382069.0,382069.0,0.0025,955.1725,1
2026-09-13T15:30:00+00:00,382069.0,382069.0,382069.0,382069.0,0.0,0.0,0
2026-09-13T15:45:00+00:00,382069.0,382069.0,382069.0,382069.0,0.0,0.0,0
2026-09-13T16:00:00+00:00,385151.0,385151.0,385151.0,385151.0,0.001298192137629137,499.9999999999998,1
2026-09-13T16:15:00+00:00,385151.0,385151.0,385151.0,385151.0,0.0,0.0,0
2026-09-13T16:30:00+00:00,385151.0,385151.0,385151.0,385151.0,0.0,0.0,0
2026-09-13T16:45:00+00:00,384654.0,384654.0,384654.0,384654.0,0.0256,9847.1424,1
2026-09-13T17:00:00+00:00,384654.0,384654.0,384654.0,384654.0,0.0,0.0,0
2026-09-13T17:15:00+00:00,384654.0,384654.0,384654.0,384654.0,0.0,0.0,0
2026-09-13T17:30:00+00:00,384654.0,384654.0,384654.0,384654.0,0.0,0.0,0
2026-09-13T17:45:00+00:00,384654.0,384654.0,384654.0,384654.0,0.0,0.0,0
2026-09-13T18:00:00+00:00,384654.0,384654.0,384654.0,384654.0,0.0,0.0,0
2026-09-13T18:15:00+00:00,384654.0,384654.0,384654.0,384654.0,0.0,0.0,0
2026-09-13T18:30:00+00:00,384654.0,384654.0,384654.0,384654.0,0.0,0.0,0
2026-09-13T18:45:00+00:00,384654.0,384654.0,384654.0,384654.0,0.0,0.0,0
2026-09-13T19:00:00+00:00,385999.0,385999.0,385999.0,385999.0,0.0962,37133.1038,2
2026-09-13T19:15:00+00:00,385999.0,385999.0,385999.0,385999.0,0.0,0.0,0
2026-09-13T19:30:00+00:00,385999.0,385999.0,385999.0,385999.0,0.0,0.0,0
2026-09-13T19:45:00+00:00,385277.0,385277.0,385277.0,385277.0,0.00259553516041705,999.9999999999998,1
2026-09-13T20:00:00+00:00,385277.0,385277.0,385277.0,385277.0,0.0,0.0,0
2026-09-13T20:15:00+00:00,385277.0,385277.0,385277.0,385277.0,0.0,0.0,0
2026-09-13T20:30:00+00:00,385277.0,385277.0,385277.0,385277.0,0.0,0.0,0
2026-09-13T20:45:00+00:00,385277.0,385277.0,385277.0,385277.0,0.0,0.0,0
2026-09-13T21:00:00+00:00,385277.0,385277.0,385277.0,385277.0,0.0,0.0,0
2026-09-13T21:15:00+00:00,386118.0,386523.0,386118.0,386523.0,0.002034867265337379,786.1179999999997,2
2026-09-13T21:30:00+00:00,386046.0,386046.0,386046.0,386046.0,0.012951824393984136,5000.0,1
2026-09-13T21:45:00+00:00,386032.0,386032.0,386032.0,386032.0,0.002331412939859907,899.9999999999997,1
2026-09-13T22:00:00+00:00,382431.0,382431.0,381592.0,381592.0,0.3,114648.8399,2
2026-09-13T22:15:00+00:00,381592.0,381592.0,381592.0,381592.0,0.0,0.0,0
2026-09-13T22:30:00+00:00,381592.0,381592.0,381592.0,381592.0,0.0,0.0,0
2026-09-13T22:45:00+00:00,381592.0,381592.0,381592.0,381592.0,0.0,0.0,0
2026-09-13T23:00:00+00:00,381430.0,381430.0,381430.0,381430.0,0.000162546207692106,61.99999999999999,1
2026-09-13T23:15:00+00:00,380855.0,380855.0,380855.0,380855.0,0.034,12949.07,1
2026-09-13T23:30:00+00:00,380936.0,380938.0,380936.0,380938.0,1.3033,496476.142,13
2026-09-13T23:45:00+00:00,380938.0,380938.0,380938.0,380938.0,0.0092,3504.6296,1
2026-09-14T00:00:00+00:00,380938.0,380938.0,380938.0,380938.0,0.0,0.0,0
2026-09-14T00:15:00+00:00,380000.0,380000.0,380000.0,380000.0,2.0,760000.0,4
2026-09-14T00:30:00+00:00,380000.0,380000.0,380000.0,380000.0,0.0,0.0,0
2026-09-14T00:45:00+00:00,380000.0,380000.0,380000.0,380000.0,0.0,0.0,0
2026-09-14T01:00:00+00:00,382945.0,394200.0,382556.0,382556.0,20.98965053242239,8086040.0,22
2026-09-14T01:15:00+00:00,381068.0,381068.0,381067.0,381067.0,0.2424,92370.7223,2
2026-09-14T01:30:00+00:00,381067.0,381067.0,381067.0,381067.0,0.0,0.0,0
2026-09-14T01:45:00+00:00,381067.0,381067.0,381067.0,381067.0,0.0,0.0,0
2026-09-14T02:00:00+00:00,383283.0,385000.0,383130.0,385000.0,1.424,547805.317,13
2026-09-14T02:15:00+00:00,384962.0,384990.0,384664.0,384762.0,1.033,397600.5041,7
2026-09-14T02:30:00+00:00,385629.0,385629.0,385489.0,385489.0,0.1566,60367.7174,3
2026-09-14T02:45:00+00:00,385489.0,386739.0,385489.0,386739.0,0.679,261799.5911,7
2026-09-14T03:00:00+00:00,387648.0,388212.0,387502.0,387811.0,2.4979,968830.3199,21
2026-09-14T03:15:00+00:00,388377.0,389343.0,388377.0,389343.0,5.13871635575829,1999000.0,11
2026-09-14T03:30:00+00:00,387222.0,387222.0,387222.0,387222.0,0.0209,8092.9398,1
2026-09-14T03:45:00+00:00,387277.0,388183.0,387277.0,388183.0,4.840906994381516,1877700.0,12
2026-09-14T04:00:00+00:00,387731.0,388524.0,387726.0,388268.0,25.75604852623578,9999000.0,44
2026-09-14T04:15:00+00:00,388268.0,388268.0,388268.0,388268.0,0.0,0.0,0
2026-09-14T04:30:00+00:00,388268.0,388268.0,388268.0,388268.0,0.0,0.0,0
2026-09-14T04:45:00+00:00,387720.0,387720.0,387720.0,387720.0,0.178,69014.16,1
2026-09-14T05:00:00+00:00,387423.0,387423.0,387312.0,387312.0,0.762,295206.685,5
2026-09-14T05:15:00+00:00,387312.0,387312.0,387312.0,387312.0,0.0,0.0,0
2026-09-14T05:30:00+00:00,387600.0,387623.0,387046.0,387623.0,1.6801,650924.8146,8
2026-09-14T05:45:00+00:00,387623.0,387623.0,387623.0,387623.0,0.0,0.0,0
2026-09-14T06:00:00+00:00,388092.0,389943.0,388092.0,388953.0,4.194708505498467,1634319.209,22
2026-09-14T06:15:00+00:00,389190.0,389190.0,389190.0,389190.0,0.001,389.19,1
2026-09-14T06:30:00+00:00,389190.0,389190.0,389190.0,389190.0,0.0,0.0,0
2026-09-14T06:45:00+00:00,388575.0,388575.0,388458.0,388458.0,0.2719,105629.2011,3
2026-09-14T07:00:00+00:00,388451.0,388451.0,388451.0,388451.0,0.0174,6759.0474,1
2026-09-14T07:15:00+00:00,388451.0,388451.0,388451.0,388451.0,0.0,0.0,0
2026-09-14T07:30:00+00:00,389543.0,389543.0,389543.0,389543.0,0.0038,1480.2634,1
2026-09-14T07:45:00+00:00,389543.0,389543.0,389543.0,389543.0,0.0,0.0,0
2026-09-14T08:00:00+00:00,389543.0,389543.0,389543.0,389543.0,0.0,0.0,0
2026-09-14T08:15:00+00:00,390085.0,391466.0,390085.0,391466.0,0.11,43047.45,2
2026-09-14T08:30:00+00:00,390725.0,391035.0,390599.0,390599.0,6.444981573772169,2519646.7969,14
2026-09-14T08:45:00+00:00,390041.0,390400.0,390041.0,390400.0,7.70790056352459,3008891.88,10
2026-09-14T09:00:00+00:00,389545.0,389545.0,389545.0,389545.0,0.2653,103346.2885,3
2026-09-14T09:15:00+00:00,389526.0,389526.0,389526.0,389526.0,0.0002,77.9052,1
2026-09-14T09:30:00+00:00,389545.0,390183.0,389545.0,390183.0,2.1116,822734.9078,14
2026-09-14T09:45:00+00:00,391404.0,391841.0,391404.0,391813.0,5.1053689718533795,1999839.4275,13
2026-09-14T10:00:00+00:00,391138.0,391138.0,390944.0,390944.0,0.000767056158536736,299.9999999999994,2
2026-09-14T10:15:00+00:00,390183.0,390183.0,390183.0,390183.0,1.2732,496780.9956,5
2026-09-14T10:30:00+00:00,389911.0,390608.0,389911.0,390608.0,6.28690024884283,2455000.0,7
2026-09-14T10:45:00+00:00,389416.0,389416.0,389353.0,389353.0,0.1466,57084.8765,2
2026-09-14T11:00:00+00:00,389466.0,389911.0,389462.0,389462.0,2.3395,911526.7342,13
2026-09-14T11:15:00+00:00,388753.0,388753.0,388753.0,388753.0,0.2,77750.6,2
2026-09-14T11:30:00+00:00,388753.0,388753.0,388753.0,388753.0,0.0,0.0,0
2026-09-14T11:45:00+00:00,388753.0,388753.0,388753.0,388753.0,0.0,0.0,0
2026-09-14T12:00:00+00:00,387951.0,387951.0,387717.0,387749.0,2.3937,928280.2749,14
2026-09-14T12:15:00+00:00,388798.0,388798.0,388798.0,388798.0,0.0515,20023.097,1
2026-09-14T12:30:00+00:00,389819.0,390131.0,389819.0,390131.0,2.3778,927342.0724,17
2026-09-14T12:45:00+00:00,390131.0,390131.0,390131.0,390131.0,0.0,0.0,0
2026-09-14T13:00:00+00:00,387868.0,387868.0,387700.0,387700.0,6.7515,2617748.65,34
2026-09-14T13:15:00+00:00,387700.0,387700.0,387700.0,387700.0,0.0,0.0,0
2026-09-14T13:30:00+00:00,389939.0,390573.0,387412.0,387412.0,2.4977,975067.1917,5
2026-09-14T13:45:00+00:00,389113.0,389757.0,389113.0,389757.0,8.983619857500956,3500000.0,11
2026-09-14T14:00:00+00:00,389757.0,389757.0,389757.0,389757.0,0.0,0.0,0
2026-09-14T14:15:00+00:00,387300.0,387300.0,387300.0,387300.0,0.1741,67428.93,3
2026-09-14T14:30:00+00:00,387300.0,387300.0,387300.0,387300.0,0.0,0.0,0
2026-09-14T14:45:00+00:00,387339.0,387339.0,387339.0,387339.0,0.006,2324.034,1
2026-09-14T15:00:00+00:00,387339.0,387339.0,387339.0,387339.0,0.0,0.0,0
2026-09-14T15:15:00+00:00,387339.0,387339.0,387339.0,387339.0,0.0,0.0,0
2026-09-14T15:30:00+00:00,387339.0,387339.0,387339.0,387339.0,0.0,0.0,0
2026-09-14T15:45:00+00:00,387339.0,387339.0,387339.0,387339.0,0.0,0.0,0
2026-09-14T16:00:00+00:00,387902.0,387902.0,387902.0,387902.0,0.00103118828982578,399.9999999999997,1
2026-09-14T16:15:00+00:00,389761.0,390817.0,389760.0,389958.0,0.22863545863043444,89249.5511,5
2026-09-14T16:30:00+00:00,389334.0,389784.0,389334.0,389784.0,0.088,34297.932,2
2026-09-14T16:45:00+00:00,390520.0,390520.0,390520.0,390520.0,0.003,1171.56,1
2026-09-14T17:00:00+00:00,390520.0,390520.0,390520.0,390520.0,0.0,0.0,0
2026-09-14T17:15:00+00:00,390520.0,390520.0,390520.0,390520.0,0.0,0.0,0
2026-09-14T17:30:00+00:00,390520.0,390520.0,390520.0,390520.0,0.0,0.0,0
2026-09-14T17:45:00+00:00,390520.0,390520.0,390520.0,390520.0,0.0,0.0,0
2026-09-14T18:00:00+00:00,390520.0,390520.0,390520.0,390520.0,0.0,0.0,0
2026-09-14T18:15:00+00:00,390520.0,390520.0,390520.0,390520.0,0.0,0.0,0
2026-09-14T18:30:00+00:00,391999.0,391999.0,391999.0,391999.0,0.001,391.999,1
2026-09-14T18:45:00+00:00,392000.0,392000.0,392000.0,392000.0,0.1,39200.0,1
2026-09-14T19:00:00+00:00,392000.0,392000.0,392000.0,392000.0,0.0,0.0,0
2026-09-14T19:15:00+00:00,392000.0,392000.0,392000.0,392000.0,0.16,62720.0,1
2026-09-14T19:30:00+00:00,392000.0,392000.0,392000.0,392000.0,0.0,0.0,0
2026-09-14T19:45:00+00:00,392980.0,393092.0,392980.0,393092.0,0.002,786.072,2
2026-09-14T20:00:00+00:00,393100.0,395929.0,393100.0,395929.0,6.697670558346017,2643585.0582,47
2026-09-14T20:15:00+00:00,397060.0,403000.0,397060.0,403000.0,1.3985185110562635,559579.872,13
2026-09-14T20:30:00+00:00,399772.0,399772.0,399772.0,399772.0,0.0258,10314.1176,1
2026-09-14T20:45:00+00:00,399772.0,399772.0,399772.0,399772.0,0.0,0.0,0
2026-09-14T21:00:00+00:00,395584.0,395584.0,394005.0,394005.0,0.04825988513185569,19019.6255,3
2026-09-14T21:15:00+00:00,394401.0,394401.0,394401.0,394401.0,0.5,197200.5,3
2026-09-14T21:30:00+00:00,393752.0,393752.0,393752.0,393752.0,0.2,78750.4,1
2026-09-14T21:45:00+00:00,393752.0,393752.0,393752.0,393752.0,0.0,0.0,0
2026-09-14T22:00:00+00:00,394377.0,394377.0,394377.0,394377.0,0.0181,7138.2237,1
2026-09-14T22:15:00+00:00,394377.0,394377.0,394377.0,394377.0,0.0,0.0,0
2026-09-14T22:30:00+00:00,394377.0,394377.0,394377.0,394377.0,0.0,0.0,0
2026-09-14T22:45:00+00:00,391436.0,391436.0,391436.0,391436.0,0.0033,1291.7388,1
2026-09-14T23:00:00+00:00,390000.0,390000.0,390000.0,390000.0,1.2821,500019.0,5
2026-09-14T23:15:00+00:00,390000.0,390000.0,390000.0,390000.0,0.0,0.0,0
2026-09-14T23:30:00+00:00,389513.0,389513.0,388971.0,388971.0,1.7088,664869.1056,10
2026-09-14T23:45:00+00:00,388971.0,388971.0,388971.0,388971.0,0.0,0.0,0
2026-09-15T00:00:00+00:00,388971.0,388971.0,388971.0,388971.0,0.0,0.0,0
2026-09-15T00:15:00+00:00,388217.0,388217.0,388217.0,388217.0,0.002318291058866561,899.9999999999997,1
2026-09-15T00:30:00+00:00,388217.0,388217.0,388217.0,388217.0,0.0,0.0,0
2026-09-15T00:45:00+00:00,389407.0,389612.0,389407.0,389612.0,1.3965,544056.8,12
2026-09-15T01:00:00+00:00,388079.0,388775.0,387712.0,388775.0,2.373809581377403,920668.7452,19
2026-09-15T01:15:00+00:00,389807.0,390199.0,389807.0,390055.0,2.296,895538.3839,22
2026-09-15T01:30:00+00:00,389101.0,389642.0,389101.0,389377.0,0.4161645844133846,162040.2921,4
2026-09-15T01:45:00+00:00,389781.0,391133.0,389476.0,391133.0,17.43588171542672,6814906.9397,29
2026-09-15T02:00:00+00:00,390416.0,391355.0,390416.0,391355.0,4.8045383120185,1879000.0,11
2026-09-15T02:15:00+00:00,390483.0,390483.0,389958.0,389958.0,0.26109309496188055,101949.79,2
2026-09-15T02:30:00+00:00,390000.0,390081.0,389558.0,390081.0,0.8387835595683973,327005.7449,6
2026-09-15T02:45:00+00:00,390081.0,390081.0,390081.0,390081.0,0.0,0.0,0
2026-09-15T03:00:00+00:00,388849.0,388849.0,387000.0,387000.0,4.0279,1560385.2125,20
2026-09-15T03:15:00+00:00,387001.0,388371.0,387001.0,388371.0,11.416902304497503,4432973.7051,12
2026-09-15T03:30:00+00:00,388137.0,388545.0,388137.0,388545.0,2.9615,1150020.2293,8
2026-09-15T03:45:00+00:00,388545.0,388545.0,388545.0,388545.0,0.0,0.0,0
2026-09-15T04:00:00+00:00,387327.0,387328.0,387150.0,387150.0,1.0979387268671514,425249.7729,11
2026-09-15T04:15:00+00:00,386835.0,386835.0,386148.0,386816.0,1.8278265211366644,706136.0648,13
2026-09-15T04:30:00+00:00,386816.0,386816.0,386816.0,386816.0,0.0,0.0,0
2026-09-15T04:45:00+00:00,385861.0,385861.0,385861.0,385861.0,0.0285,10997.0385,1
2026-09-15T05:00:00+00:00,385860.0,385860.0,385000.0,385000.0,0.19,73227.4,7
2026-09-15T05:15:00+00:00,384081.0,384081.0,384081.0,384081.0,0.1,38408.1,1
2026-09-15T05:30:00+00:00,385930.0,386140.0,385930.0,386140.0,2.3304,899721.1343,9
2026-09-15T05:45:00+00:00,386140.0,386140.0,386140.0,386140.0,0.0,0.0,0
2026-09-15T06:00:00+00:00,386140.0,386140.0,386140.0,386140.0,0.0,0.0,0
2026-09-15T06:15:00+00:00,386140.0,386140.0,386140.0,386140.0,0.0,0.0,0
2026-09-15T06:30:00+00:00,386189.0,387058.0,386189.0,386290.0,9.654385669863736,3735517.216,9
2026-09-15T06:45:00+00:00,386290.0,386290.0,386290.0,386290.0,12.831,4956486.99,10
2026-09-15T07:00:00+00:00,385480.0,386227.0,385480.0,386227.0,8.158013430961585,3150000.0,14
2026-09-15T07:15:00+00:00,385160.0,385160.0,385160.0,385160.0,0.0297,11439.252,1
2026-09-15T07:30:00+00:00,385160.0,385160.0,385160.0,385160.0,5.7887,2229575.692,3
2026-09-15T07:45:00+00:00,385160.0,385160.0,385160.0,385160.0,0.0,0.0,0
2026-09-15T08:00:00+00:00,385160.0,385160.0,385160.0,385160.0,0.0,0.0,0
2026-09-15T08:15:00+00:00,385160.0,385160.0,385160.0,385160.0,0.0,0.0,0
2026-09-15T08:30:00+00:00,384246.0,384705.0,384012.0,384696.0,3.9666229024345387,1524854.4,19
2026-09-15T08:45:00+00:00,384700.0,384700.0,384692.0,384692.0,1.0293,395964.2756,3
2026-09-15T09:00:00+00:00,384692.0,384692.0,384692.0,384692.0,0.0,0.0,0
2026-09-15T09:15:00+00:00,384692.0,384692.0,384692.0,384692.0,0.0,0.0,0
2026-09-15T09:30:00+00:00,384692.0,384692.0,384692.0,384692.0,0.0,0.0,0
2026-09-15T09:45:00+00:00,384914.0,384914.0,384914.0,384914.0,0.0519,19977.0366,1
2026-09-15T10:00:00+00:00,384718.0,384718.0,384718.0,384718.0,0.25993065050244596,100000.0,1
2026-09-15T10:15:00+00:00,384718.0,384718.0,384718.0,384718.0,0.0,0.0,0
2026-09-15T10:30:00+00:00,384264.0,384623.0,384264.0,384623.0,7.758927569074133,2984000.0,7
2026-09-15T10:45:00+00:00,384997.0,385915.0,384997.0,385915.0,4.969082846373091,1916403.227,13
2026-09-15T11:00:00+00:00,385732.0,385732.0,385732.0,385732.0,0.0002,77.1464,1
2026-09-15T11:15:00+00:00,385732.0,385732.0,385732.0,385732.0,0.0,0.0,0
2026-09-15T11:30:00+00:00,384000.0,384000.0,384000.0,384000.0,1.3021,500006.4,4
2026-09-15T11:45:00+00:00,383542.0,383542.0,383542.0,383542.0,0.013,4986.046,1
2026-09-15T12:00:00+00:00,383542.0,383542.0,383542.0,383542.0,0.0,0.0,0
2026-09-15T12:15:00+00:00,383542.0,383542.0,383542.0,383542.0,0.0,0.0,0
2026-09-15T12:30:00+00:00,384306.0,384306.0,384306.0,384306.0,0.1578,60643.4868,1
2026-09-15T12:45:00+00:00,384306.0,384306.0,384306.0,384306.0,0.0,0.0,0
2026-09-15T13:00:00+00:00,384306.0,384306.0,384306.0,384306.0,0.0,0.0,0
2026-09-15T13:15:00+00:00,385360.0,385360.0,385360.0,385360.0,0.0322,12408.592,1
2026-09-15T13:30:00+00:00,384600.0,384600.0,379144.0,379144.0,7.463,2844465.6808,23
2026-09-15T13:45:00+00:00,379913.0,379913.0,379913.0,379913.0,0.2568,97561.6584,3
2026-09-15T14:00:00+00:00,381386.0,381968.0,379249.0,380317.0,4.6671,1775782.9893,28
2026-09-15T14:15:00+00:00,378886.0,378886.0,378886.0,378886.0,0.1583589786901601,60000.0,1
2026-09-15T14:30:00+00:00,378500.0,378500.0,375000.0,375000.0,2.0835,785890.3461,19
2026-09-15T14:45:00+00:00,373719.0,373719.0,370937.0,370937.0,1.02,379939.96,9
2026-09-15T15:00:00+00:00,373719.0,374903.0,373719.0,374903.0,2.9365,1097428.0931,19
2026-09-15T15:15:00+00:00,375145.0,377521.0,375145.0,377519.0,2.5083,945676.7127,19
2026-09-15T15:30:00+00:00,377608.0,377608.0,377608.0,377608.0,0.09444450329442172,35663.0,1
2026-09-15T15:45:00+00:00,377463.0,377463.0,377463.0,377463.0,0.05,18873.15,1
2026-09-15T16:00:00+00:00,377463.0,377463.0,377463.0,377463.0,0.0,0.0,0
2026-09-15T16:15:00+00:00,377463.0,377463.0,377463.0,377463.0,0.0,0.0,0
2026-09-15T16:30:00+00:00,377463.0,377463.0,377463.0,377463.0,0.0,0.0,0
2026-09-15T16:45:00+00:00,377463.0,377463.0,377463.0,377463.0,0.0,0.0,0
2026-09-15T17:00:00+00:00,377463.0,377463.0,377463.0,377463.0,0.0,0.0,0
2026-09-15T17:15:00+00:00,377463.0,377463.0,377463.0,377463.0,0.0,0.0,0
2026-09-15T17:30:00+00:00,377463.0,377463.0,377463.0,377463.0,0.0,0.0,0
2026-09-15T17:45:00+00:00,377463.0,377463.0,377463.0,377463.0,0.0,0.0,0
2026-09-15T18:00:00+00:00,377463.0,377463.0,377463.0,377463.0,0.0,0.0,0
2026-09-15T18:15:00+00:00,377474.0,378691.0,377474.0,378691.0,1.1,415900.6,6
2026-09-15T18:30:00+00:00,374707.0,374707.0,371000.0,371500.0,3.3575,1247847.0334,18
2026-09-15T18:45:00+00:00,370500.0,370500.0,367500.0,369566.0,2.8735,1062605.8222,21
2026-09-15T19:00:00+00:00,372975.0,372975.0,372975.0,372975.0,0.0268,9995.73,1
2026-09-15T19:15:00+00:00,372975.0,372975.0,372975.0,372975.0,0.0,0.0,0
2026-09-15T19:30:00+00:00,372975.0,372975.0,372975.0,372975.0,0.0,0.0,0
2026-09-15T19:45:00+00:00,372975.0,372975.0,372975.0,372975.0,0.0,0.0,0
2026-09-15T20:00:00+00:00,375206.0,375206.0,374811.0,374811.0,0.02932003716486685,11000.0,2
2026-09-15T20:15:00+00:00,374811.0,374811.0,374811.0,374811.0,0.0,0.0,0
2026-09-15T20:30:00+00:00,373854.0,373854.0,373854.0,373854.0,0.001069936392281478,399.99999999999966,1
2026-09-15T20:45:00+00:00,374491.0,374491.0,374491.0,374491.0,0.05933920975403948,22222.0,1
2026-09-15T21:00:00+00:00,374491.0,374491.0,374491.0,374491.0,0.0,0.0,0
2026-09-15T21:15:00+00:00,374491.0,374491.0,374491.0,374491.0,0.0,0.0,0
2026-09-15T21:30:00+00:00,374491.0,374491.0,374491.0,374491.0,0.0,0.0,0
2026-09-15T21:45:00+00:00,372632.0,372632.0,371301.0,371301.0,0.12113612786878207,45013.6843,2
2026-09-15T22:00:00+00:00,371301.0,371301.0,371301.0,371301.0,0.0,0.0,0
2026-09-15T22:15:00+00:00,371301.0,371301.0,371301.0,371301.0,0.0,0.0,0
2026-09-15T22:30:00+00:00,371301.0,371301.0,371301.0,371301.0,0.0,0.0,0
2026-09-15T22:45:00+00:00,371301.0,371301.0,371301.0,371301.0,0.0,0.0,0
2026-09-15T23:00:00+00:00,374118.0,374118.0,374118.0,374118.0,0.002405658107869709,899.9999999999998,1
2026-09-15T23:15:00+00:00,374118.0,374118.0,374118.0,374118.0,0.0,0.0,0
2026-09-15T23:30:00+00:00,374118.0,374118.0,374118.0,374118.0,0.0,0.0,0
2026-09-15T23:45:00+00:00,374118.0,374118.0,374118.0,374118.0,0.0,0.0,0
2026-09-16T00:00:00+00:00,374118.0,374118.0,374118.0,374118.0,0.0,0.0,0
2026-09-16T00:15:00+00:00,374118.0,374118.0,374118.0,374118.0,0.0,0.0,0
2026-09-16T00:30:00+00:00,374118.0,374118.0,374118.0,374118.0,0.0,0.0,0
2026-09-16T00:45:00+00:00,374118.0,374118.0,374118.0,374118.0,0.0,0.0,0
2026-09-16T01:00:00+00:00,373000.0,373000.0,373000.0,373000.0,0.0643,23983.9,1
2026-09-16T01:15:00+00:00,372793.0,373300.0,372793.0,373300.0,0.0589,21972.667,4
2026-09-16T01:30:00+00:00,373300.0,373300.0,373300.0,373300.0,0.0,0.0,0
2026-09-16T01:45:00+00:00,373300.0,373300.0,373300.0,373300.0,0.0,0.0,0
2026-09-16T02:00:00+00:00,371738.0,371738.0,371738.0,371738.0,0.1055,39218.359,1
2026-09-16T02:15:00+00:00,372141.0,372141.0,371647.0,371647.0,1.2797,476027.4757,6
2026-09-16T02:30:00+00:00,371647.0,371647.0,371647.0,371647.0,0.0,0.0,0
2026-09-16T02:45:00+00:00,373999.0,374972.0,373999.0,374972.0,11.2056195910628,4199000.0,13
2026-09-16T03:00:00+00:00,374972.0,374972.0,374972.0,374972.0,0.0,0.0,0
2026-09-16T03:15:00+00:00,373675.0,373675.0,373675.0,373675.0,0.0027,1008.9225,1
2026-09-16T03:30:00+00:00,374096.0,374500.0,374096.0,374500.0,1.3351,499650.3824,5
2026-09-16T03:45:00+00:00,373648.0,374511.0,373648.0,374511.0,3.4281,1283351.8342,8
2026-09-16T04:00:00+00:00,374511.0,374511.0,374511.0,374511.0,0.0,0.0,0
2026-09-16T04:15:00+00:00,373967.0,373967.0,373967.0,373967.0,4.8994,1832213.9198,9
2026-09-16T04:30:00+00:00,373967.0,373967.0,373967.0,373967.0,1.1664,436195.1088,5
2026-09-16T04:45:00+00:00,374551.0,375122.0,374551.0,375122.0,3.4682,1300501.9352,11
2026-09-16T05:00:00+00:00,373967.0,374000.0,373967.0,373967.0,91.5898,34251606.8543,111
2026-09-16T05:15:00+00:00,373519.0,374110.0,373411.0,373412.0,2.9597,1105499.2613,21
2026-09-16T05:30:00+00:00,373412.0,373412.0,373412.0,373412.0,0.4,149364.8,4
2026-09-16T05:45:00+00:00,373412.0,373412.0,373412.0,373412.0,0.019,7094.828,1
2026-09-16T06:00:00+00:00,373412.0,373723.0,373412.0,373723.0,0.0951,35521.682,4
2026-09-16T06:15:00+00:00,373723.0,373723.0,373723.0,373723.0,0.0,0.0,0
2026-09-16T06:30:00+00:00,372896.0,372896.0,372500.0,372500.0,0.058,21616.682,4
2026-09-16T06:45:00+00:00,372500.0,372500.0,372500.0,372500.0,0.0,0.0,0
2026-09-16T07:00:00+00:00,372500.0,372500.0,372500.0,372500.0,0.0,0.0,0
2026-09-16T07:15:00+00:00,372500.0,372500.0,372500.0,372500.0,0.0,0.0,0
2026-09-16T07:30:00+00:00,372638.0,373110.0,372638.0,373110.0,1.3404420422931576,500000.0,6
2026-09-16T07:45:00+00:00,372500.0,372500.0,371540.0,371540.0,1.271,472408.1768,7
2026-09-16T08:00:00+00:00,371703.0,371703.0,370001.0,370001.0,2.97040961036096,1099221.9378,12
2026-09-16T08:15:00+00:00,370001.0,370001.0,370001.0,370001.0,0.0,0.0,0
2026-09-16T08:30:00+00:00,371087.0,371087.0,371087.0,371087.0,0.025,9277.175,1
2026-09-16T08:45:00+00:00,371253.0,373505.0,371224.0,373505.0,1.8553,691687.5744,17
2026-09-16T09:00:00+00:00,373630.0,373630.0,373469.0,373469.0,0.22806390891881254,85207.0,2
2026-09-16T09:15:00+00:00,373368.0,373775.0,373368.0,373775.0,1.3384720754464585,500000.0,6
2026-09-16T09:30:00+00:00,373775.0,373775.0,373775.0,373775.0,0.0,0.0,0
2026-09-16T09:45:00+00:00,373433.0,373568.0,372952.0,372952.0,0.5258,196129.9704,5
2026-09-16T10:00:00+00:00,372925.0,373824.0,372925.0,373824.0,0.6441,240720.6131,4
2026-09-16T10:15:00+00:00,373824.0,373824.0,373824.0,373824.0,0.0,0.0,0
2026-09-16T10:30:00+00:00,373824.0,373824.0,373824.0,373824.0,0.0,0.0,0
2026-09-16T10:45:00+00:00,373999.0,374000.0,373999.0,374000.0,0.5347,199977.5193,2
2026-09-16T11:00:00+00:00,374000.0,374000.0,374000.0,374000.0,0.0,0.0,0
2026-09-16T11:15:00+00:00,373185.0,373185.0,373185.0,373185.0,0.0026,970.281,1
2026-09-16T11:30:00+00:00,374000.0,377031.0,374000.0,377031.0,4.1302,1550703.141,21
2026-09-16T11:45:00+00:00,376455.0,377135.0,376455.0,377135.0,2.1225622119400214,800020.0,9
2026-09-16T12:00:00+00:00,375529.0,375529.0,375439.0,375439.0,0.1818,68270.6142,2
2026-09-16T12:15:00+00:00,375439.0,375439.0,375439.0,375439.0,0.0,0.0,0
2026-09-16T12:30:00+00:00,373152.0,373152.0,373152.0,373152.0,0.04,14926.08,1
2026-09-16T12:45:00+00:00,374227.0,374227.0,374227.0,374227.0,0.001,374.227,1
2026-09-16T13:00:00+00:00,373027.0,373027.0,373027.0,373027.0,0.0399,14883.7773,1
2026-09-16T13:15:00+00:00,373076.0,373076.0,373076.0,373076.0,0.2814,104983.5864,3
2026-09-16T13:30:00+00:00,372152.0,372152.0,371500.0,371500.0,2.5717,956388.7555,22
2026-09-16T13:45:00+00:00,371500.0,371500.0,371500.0,371500.0,0.0,0.0,0
2026-09-16T14:00:00+00:00,371500.0,371971.0,371500.0,371971.0,1.1283838162114788,419207.25,5
2026-09-16T14:15:00+00:00,371971.0,371971.0,371971.0,371971.0,0.0,0.0,0
2026-09-16T14:30:00+00:00,371971.0,371971.0,371971.0,371971.0,0.0,0.0,0
2026-09-16T14:45:00+00:00,370500.0,370500.0,370001.0,370001.0,0.5604,207363.5304,6
2026-09-16T15:00:00+00:00,371040.0,372322.0,371040.0,372322.0,1.5247,567245.8284,10
2026-09-16T15:15:00+00:00,371347.0,371347.0,371347.0,371347.0,0.1,37134.7,1
2026-09-16T15:30:00+00:00,370001.0,370001.0,370001.0,370001.0,1.4106,521923.4106,1
2026-09-16T15:45:00+00:00,372590.0,373044.0,372590.0,373044.0,2.2781,849703.5992,3
2026-09-16T16:00:00+00:00,373044.0,373044.0,373044.0,373044.0,0.0,0.0,0
2026-09-16T16:15:00+00:00,372308.0,372308.0,372308.0,372308.0,0.001,372.308,1
2026-09-16T16:30:00+00:00,371536.0,371536.0,371536.0,371536.0,0.1591,59111.3776,1
2026-09-16T16:45:00+00:00,371536.0,371536.0,371536.0,371536.0,0.0,0.0,0
2026-09-16T17:00:00+00:00,371536.0,371536.0,371536.0,371536.0,0.0,0.0,0
2026-09-16T17:15:00+00:00,371536.0,371536.0,371536.0,371536.0,0.0,0.0,0
2026-09-16T17:30:00+00:00,370001.0,370001.0,368888.0,368888.0,2.0946,773891.0212,10
2026-09-16T17:45:00+00:00,368888.0,368888.0,368888.0,368888.0,0.0,0.0,0
2026-09-16T18:00:00+00:00,370938.0,377133.0,369189.0,377133.0,6.92575610647768,2574723.1617,40
2026-09-16T18:15:00+00:00,377133.0,377133.0,377133.0,377133.0,0.0,0.0,0
2026-09-16T18:30:00+00:00,373463.0,373463.0,371789.0,373184.0,0.6074,225976.5262,4
2026-09-16T18:45:00+00:00,373184.0,373184.0,373184.0,373184.0,0.0,0.0,0
2026-09-16T19:00:00+00:00,373184.0,373184.0,373184.0,373184.0,0.0,0.0,0
2026-09-16T19:15:00+00:00,376133.0,376133.0,376133.0,376133.0,0.001063453618799733,400.0,1
2026-09-16T19:30:00+00:00,376133.0,376133.0,376133.0,376133.0,0.0,0.0,0
2026-09-16T19:45:00+00:00,376133.0,376133.0,376133.0,376133.0,0.0,0.0,0
2026-09-16T20:00:00+00:00,377326.0,377326.0,377326.0,377326.0,0.002650228184646698,1000.0,1
2026-09-16T20:15:00+00:00,377326.0,377326.0,377326.0,377326.0,0.0,0.0,0
2026-09-16T20:30:00+00:00,377326.0,377326.0,377326.0,377326.0,0.0,0.0,0
2026-09-16T20:45:00+00:00,377326.0,377326.0,377326.0,377326.0,0.0,0.0,0
2026-09-16T21:00:00+00:00,377326.0,377326.0,377326.0,377326.0,0.0,0.0,0
2026-09-16T21:15:00+00:00,377215.0,377236.0,377215.0,377236.0,8.4831076853892e-05,31.999999999999716,2
2026-09-16T21:30:00+00:00,377236.0,377236.0,377236.0,377236.0,0.0,0.0,0
2026-09-16T21:45:00+00:00,375172.0,375172.0,375172.0,375172.0,0.0386,14481.6392,1
2026-09-16T22:00:00+00:00,375172.0,375172.0,375172.0,375172.0,0.0,0.0,0
2026-09-16T22:15:00+00:00,375172.0,375172.0,375172.0,375172.0,0.0,0.0,0
2026-09-16T22:30:00+00:00,375172.0,375172.0,375172.0,375172.0,0.0,0.0,0
2026-09-16T22:45:00+00:00,375172.0,375172.0,375172.0,375172.0,0.0,0.0,0
2026-09-16T23:00:00+00:00,375172.0,375172.0,375172.0,375172.0,0.0,0.0,0
2026-09-16T23:15:00+00:00,375172.0,375172.0,375172.0,375172.0,0.0,0.0,0
2026-09-16T23:30:00+00:00,375172.0,375172.0,375172.0,375172.0,0.0,0.0,0
2026-09-16T23:45:00+00:00,375172.0,375172.0,375172.0,375172.0,0.0,0.0,0
2026-09-17T00:00:00+00:00,375172.0,375172.0,375172.0,375172.0,0.0,0.0,0
2026-09-17T00:15:00+00:00,377958.0,377958.0,377958.0,377958.0,3.0,1133874.0,20
2026-09-17T00:30:00+00:00,378283.0,378283.0,378148.0,378148.0,0.4367,165147.9236,2
2026-09-17T00:45:00+00:00,378148.0,378148.0,378148.0,378148.0,0.0,0.0,0
2026-09-17T01:00:00+00:00,378263.0,379111.0,378263.0,379111.0,3.803920350504206,1440000.0,10
2026-09-17T01:15:00+00:00,379698.0,380000.0,379697.0,380000.0,5.7659,2190812.4942,39
2026-09-17T01:30:00+00:00,381114.0,382269.0,379238.0,379238.0,3.5116241442544385,1338078.855,14
2026-09-17T01:45:00+00:00,380608.0,381577.0,380607.0,380607.0,7.906003378300491,3014418.21,16
2026-09-17T02:00:00+00:00,379410.0,379410.0,378361.0,378361.0,0.058598829326608565,22174.0,2
2026-09-17T02:15:00+00:00,378361.0,378361.0,378361.0,378361.0,0.0,0.0,0
2026-09-17T02:30:00+00:00,378591.0,380000.0,378093.0,380000.0,1.9953,757519.3052,6
2026-09-17T02:45:00+00:00,380000.0,380000.0,380000.0,380000.0,0.0,0.0,0
2026-09-17T03:00:00+00:00,380000.0,380000.0,380000.0,380000.0,1.0458,397404.0,4
2026-09-17T03:15:00+00:00,380000.0,380000.0,380000.0,380000.0,0.0,0.0,0
2026-09-17T03:30:00+00:00,380717.0,381026.0,380374.0,380374.0,2.2731,865816.6658,7
2026-09-17T03:45:00+00:00,380374.0,380374.0,380374.0,380374.0,0.0,0.0,0
2026-09-17T04:00:00+00:00,380374.0,380374.0,380374.0,380374.0,0.0,0.0,0
2026-09-17T04:15:00+00:00,380374.0,380374.0,380374.0,380374.0,0.0,0.0,0
2026-09-17T04:30:00+00:00,379139.0,379139.0,379139.0,379139.0,0.081,30710.259,1
2026-09-17T04:45:00+00:00,379139.0,379139.0,379139.0,379139.0,0.0,0.0,0
2026-09-17T05:00:00+00:00,380932.0,381709.0,380800.0,381163.0,1.9471,742271.5725,18
2026-09-17T05:15:00+00:00,380358.0,380679.0,380358.0,380628.0,2.2726,865085.9454,11
2026-09-17T05:30:00+00:00,381218.0,381994.0,381218.0,381994.0,7.602309633135599,2903000.0,13
2026-09-17T05:45:00+00:00,379887.0,379887.0,379887.0,379887.0,0.1132,43003.2084,1
2026-09-17T06:00:00+00:00,380001.0,380115.0,380001.0,380115.0,1.2024,456960.1222,5
2026-09-17T06:15:00+00:00,380115.0,380115.0,380115.0,380115.0,0.0,0.0,0
2026-09-17T06:30:00+00:00,380432.0,380754.0,380432.0,380754.0,2.2685,863485.7307,5
2026-09-17T06:45:00+00:00,380496.0,380496.0,380496.0,380496.0,0.2628,99994.3488,1
2026-09-17T07:00:00+00:00,381238.0,381238.0,381238.0,381238.0,0.4,152495.2,2
2026-09-17T07:15:00+00:00,381238.0,381238.0,381238.0,381238.0,0.0,0.0,0
2026-09-17T07:30:00+00:00,381238.0,381238.0,381238.0,381238.0,0.0,0.0,0
2026-09-17T07:45:00+00:00,381026.0,381114.0,380065.0,380065.0,4.3117,1641439.6427,12
2026-09-17T08:00:00+00:00,380065.0,380065.0,380065.0,380065.0,0.0,0.0,0
2026-09-17T08:15:00+00:00,380065.0,380065.0,380065.0,380065.0,0.0,0.0,0
2026-09-17T08:30:00+00:00,380065.0,380065.0,380065.0,380065.0,0.0,0.0,0
2026-09-17T08:45:00+00:00,380065.0,380065.0,380065.0,380065.0,0.0,0.0,0
2026-09-17T09:00:00+00:00,380065.0,380065.0,380065.0,380065.0,0.0,0.0,0
2026-09-17T09:15:00+00:00,380065.0,380065.0,380065.0,380065.0,0.0,0.0,0
2026-09-17T09:30:00+00:00,381386.0,381481.0,381386.0,381481.0,0.6028,229922.7458,5
2026-09-17T09:45:00+00:00,380500.0,380500.0,380500.0,380500.0,0.7884,299986.2,19
2026-09-17T10:00:00+00:00,380500.0,380500.0,380500.0,380500.0,0.0,0.0,0
2026-09-17T10:15:00+00:00,380500.0,380500.0,380500.0,380500.0,0.0,0.0,0
2026-09-17T10:30:00+00:00,380500.0,380500.0,380500.0,380500.0,0.0,0.0,0
2026-09-17T10:45:00+00:00,378857.0,378925.0,378857.0,378925.0,0.4745,179774.3697,3
2026-09-17T11:00:00+00:00,378925.0,378925.0,378925.0,378925.0,0.0,0.0,0
2026-09-17T11:15:00+00:00,378925.0,378925.0,378925.0,378925.0,0.0,0.0,0
2026-09-17T11:30:00+00:00,378925.0,378925.0,378925.0,378925.0,0.0,0.0,0
2026-09-17T11:45:00+00:00,378925.0,378925.0,378925.0,378925.0,0.0,0.0,0
2026-09-17T12:00:00+00:00,380538.0,381781.0,380538.0,381781.0,2.2616,860749.0408,21
2026-09-17T12:15:00+00:00,381781.0,381781.0,381781.0,381781.0,0.0,0.0,0
2026-09-17T12:30:00+00:00,383012.0,383012.0,383012.0,383012.0,0.02,7660.24,2
2026-09-17T12:45:00+00:00,382466.0,382466.0,382466.0,382466.0,0.0007,267.7262,1
2026-09-17T13:00:00+00:00,382466.0,382466.0,382466.0,382466.0,0.0,0.0,0
2026-09-17T13:15:00+00:00,382466.0,382466.0,382466.0,382466.0,0.0,0.0,0
2026-09-17T13:30:00+00:00,379347.0,379347.0,379347.0,379347.0,0.022,8345.634,1
2026-09-17T13:45:00+00:00,382648.0,382648.0,382648.0,382648.0,0.02,7652.96,1
2026-09-17T14:00:00+00:00,383660.0,384292.0,383660.0,384292.0,0.012,4605.184,2
2026-09-17T14:15:00+00:00,384851.0,384851.0,384851.0,384851.0,0.051,19627.401,1
2026-09-17T14:30:00+00:00,384851.0,384851.0,384851.0,384851.0,0.0,0.0,0
2026-09-17T14:45:00+00:00,384851.0,384851.0,384851.0,384851.0,0.0,0.0,0
2026-09-17T15:00:00+00:00,381854.0,381854.0,381854.0,381854.0,0.1414153053261194,54000.0,1
2026-09-17T15:15:00+00:00,381448.0,381448.0,381447.0,381447.0,0.063,24031.2166,2
2026-09-17T15:30:00+00:00,382468.0,382468.0,382466.0,382466.0,2.193,838748.3745,17
2026-09-17T15:45:00+00:00,384954.0,384954.0,384954.0,384954.0,0.001,384.954,1
2026-09-17T16:00:00+00:00,384954.0,384954.0,384954.0,384954.0,0.0,0.0,0
2026-09-17T16:15:00+00:00,384954.0,384954.0,384954.0,384954.0,0.0,0.0,0
2026-09-17T16:30:00+00:00,383325.0,383325.0,383325.0,383325.0,0.0227,8701.4775,1
2026-09-17T16:45:00+00:00,383325.0,383325.0,383325.0,383325.0,0.0,0.0,0
2026-09-17T17:00:00+00:00,383325.0,383325.0,383325.0,383325.0,0.0,0.0,0
2026-09-17T17:15:00+00:00,383325.0,383325.0,383325.0,383325.0,0.0,0.0,0
2026-09-17T17:30:00+00:00,385956.0,385956.0,385522.0,385522.0,0.23859720943345228,92044.0,4
2026-09-17T17:45:00+00:00,385522.0,385522.0,385522.0,385522.0,0.0,0.0,0
2026-09-17T18:00:00+00:00,385522.0,385522.0,385522.0,385522.0,0.0,0.0,0
2026-09-17T18:15:00+00:00,385522.0,385522.0,385522.0,385522.0,0.0,0.0,0
2026-09-17T18:30:00+00:00,385522.0,385522.0,385522.0,385522.0,0.0,0.0,0
2026-09-17T18:45:00+00:00,385522.0,385522.0,385522.0,385522.0,0.0,0.0,0
2026-09-17T19:00:00+00:00,382635.0,382635.0,382635.0,382635.0,0.03,11479.05,1
2026-09-17T19:15:00+00:00,382635.0,382635.0,382635.0,382635.0,0.0,0.0,0
2026-09-17T19:30:00+00:00,382635.0,382635.0,382635.0,382635.0,0.0,0.0,0
2026-09-17T19:45:00+00:00,382045.0,382045.0,382045.0,382045.0,0.002617492703739088,999.9999999999999,1
2026-09-17T20:00:00+00:00,382045.0,382045.0,382045.0,382045.0,0.0,0.0,0
2026-09-17T20:15:00+00:00,382045.0,382045.0,382045.0,382045.0,0.0,0.0,0
2026-09-17T20:30:00+00:00,382045.0,382045.0,382045.0,382045.0,0.0,0.0,0
2026-09-17T20:45:00+00:00,382045.0,382045.0,382045.0,382045.0,0.0,0.0,0
2026-09-17T21:00:00+00:00,382445.0,382445.0,382445.0,382445.0,0.001045902025127796,399.99999999999994,1
2026-09-17T21:15:00+00:00,382445.0,382445.0,382445.0,382445.0,0.0,0.0,0
2026-09-17T21:30:00+00:00,382445.0,382445.0,382445.0,382445.0,0.0,0.0,0
2026-09-17T21:45:00+00:00,382445.0,382445.0,382445.0,382445.0,0.0,0.0,0
2026-09-17T22:00:00+00:00,382445.0,382445.0,382445.0,382445.0,0.0,0.0,0
2026-09-17T22:15:00+00:00,382445.0,382445.0,382445.0,382445.0,0.0,0.0,0
2026-09-17T22:30:00+00:00,381561.0,381561.0,381561.0,381561.0,0.05,19078.05,1
2026-09-17T22:45:00+00:00,381258.0,381258.0,381258.0,381258.0,0.0001,38.1258,1
2026-09-17T23:00:00+00:00,381258.0,381258.0,381258.0,381258.0,0.0,0.0,0
2026-09-17T23:15:00+00:00,381258.0,381258.0,381258.0,381258.0,0.0,0.0,0
2026-09-17T23:30:00+00:00,381258.0,381258.0,381258.0,381258.0,0.0,0.0,0
2026-09-17T23:45:00+00:00,381258.0,381258.0,381258.0,381258.0,0.0,0.0,0
2026-09-18T00:00:00+00:00,381258.0,381258.0,381258.0,381258.0,0.0,0.0,0
2026-09-18T00:15:00+00:00,380617.0,380617.0,380617.0,380617.0,0.8168,310887.9656,7
2026-09-18T00:30:00+00:00,380533.0,380533.0,380526.0,380526.0,0.2696,102590.3514,2
2026-09-18T00:45:00+00:00,380526.0,380526.0,380526.0,380526.0,0.0,0.0,0
2026-09-18T01:00:00+00:00,382665.0,382665.0,382665.0,382665.0,0.2613251799877177,100000.0,1
2026-09-18T01:15:00+00:00,382665.0,382665.0,382665.0,382665.0,0.0,0.0,0
2026-09-18T01:30:00+00:00,382665.0,382665.0,382665.0,382665.0,0.0,0.0,0
2026-09-18T01:45:00+00:00,384119.0,385740.0,383784.0,383784.0,13.730528006282944,5284378.4,34
2026-09-18T02:00:00+00:00,383732.0,384173.0,383283.0,383823.0,0.6596,253169.2342,5
2026-09-18T02:15:00+00:00,383823.0,383823.0,383823.0,383823.0,0.0,0.0,0
2026-09-18T02:30:00+00:00,384604.0,384604.0,383875.0,383875.0,0.24,92275.9856,5
2026-09-18T02:45:00+00:00,384861.0,386300.0,384861.0,385654.0,1.0973,423538.4608,6
2026-09-18T03:00:00+00:00,386232.0,387815.0,386232.0,387815.0,3.0299,1171810.352,26
2026-09-18T03:15:00+00:00,388500.0,388500.0,388500.0,388500.0,0.004,1554.0,1
2026-09-18T03:30:00+00:00,388500.0,388500.0,388500.0,388500.0,0.0,0.0,0
2026-09-18T03:45:00+00:00,388500.0,389288.0,388500.0,389288.0,0.8206,319410.3328,2
2026-09-18T04:00:00+00:00,389288.0,389288.0,389288.0,389288.0,0.1585,61702.148,4
2026-09-18T04:15:00+00:00,388732.0,388732.0,387497.0,387497.0,0.023215219740077998,8998.6873,2
2026-09-18T04:30:00+00:00,388026.0,389718.0,388026.0,389718.0,4.11310969855126,1601640.78,17
2026-09-18T04:45:00+00:00,389718.0,389718.0,389718.0,389718.0,0.0,0.0,0
2026-09-18T05:00:00+00:00,389347.0,390657.0,389347.0,390657.0,0.3895,151966.4038,7
2026-09-18T05:15:00+00:00,390859.0,390859.0,390004.0,390485.0,2.3694,924254.5316,8
2026-09-18T05:30:00+00:00,391498.0,391754.0,390184.0,390184.0,8.0187,3135036.7044,28
2026-09-18T05:45:00+00:00,390303.0,390304.0,389250.0,389250.0,0.49180013937853573,191946.25,3
2026-09-18T06:00:00+00:00,389250.0,389250.0,389250.0,389250.0,0.0,0.0,0
2026-09-18T06:15:00+00:00,389250.0,389250.0,389250.0,389250.0,0.0,0.0,0
2026-09-18T06:30:00+00:00,390233.0,390233.0,390233.0,390233.0,0.109,42535.397,1
2026-09-18T06:45:00+00:00,390233.0,390233.0,390233.0,390233.0,0.0,0.0,0
2026-09-18T07:00:00+00:00,390429.0,390982.0,390429.0,390982.0,0.0276,10790.2642,3
2026-09-18T07:15:00+00:00,391038.0,392273.0,391038.0,392057.0,2.4314,951497.5274,18
2026-09-18T07:30:00+00:00,391656.0,392299.0,391656.0,392299.0,0.051,19975.099,2
2026-09-18T07:45:00+00:00,391489.0,392000.0,391489.0,392000.0,0.101,39591.489,2
2026-09-18T08:00:00+00:00,392500.0,392825.0,391205.0,392825.0,1.529366282695857,598817.3368,10
2026-09-18T08:15:00+00:00,393499.0,394955.0,393499.0,394175.0,1.3418,529037.0254,11
2026-09-18T08:30:00+00:00,394154.0,394358.0,394149.0,394149.0,0.8879,349988.3088,4
2026-09-18T08:45:00+00:00,394149.0,394149.0,394149.0,394149.0,0.0,0.0,0
2026-09-18T09:00:00+00:00,395000.0,396930.0,395000.0,396930.0,1.9844313811775511,784534.0026,22
2026-09-18T09:15:00+00:00,397000.0,397000.0,397000.0,397000.0,0.3023,120013.1,2
2026-09-18T09:30:00+00:00,395199.0,395200.0,395199.0,395200.0,0.8856,349988.8544,2
2026-09-18T09:45:00+00:00,395200.0,396514.0,395200.0,396514.0,1.6335098952369904,645579.68,21
2026-09-18T10:00:00+00:00,397189.0,397209.0,397163.0,397209.0,2.2296,885582.4494,16
2026-09-18T10:15:00+00:00,397290.0,397500.0,397170.0,397170.0,0.5597409432109534,222379.568,4
2026-09-18T10:30:00+00:00,397500.0,398000.0,397143.0,397143.0,1.273429038933662,506727.7239,5
2026-09-18T10:45:00+00:00,397951.0,398365.0,396106.0,396106.0,3.8031055522613064,1510535.9899,23
2026-09-18T11:00:00+00:00,396105.0,397428.0,394426.0,394426.0,4.8709,1928709.1784,19
2026-09-18T11:15:00+00:00,394253.0,395100.0,394253.0,395100.0,0.0253,9990.6939,2
2026-09-18T11:30:00+00:00,395100.0,395100.0,395100.0,395100.0,0.0,0.0,0
2026-09-18T11:45:00+00:00,395904.0,396009.0,395328.0,396009.0,2.2282,882280.3782,13
2026-09-18T12:00:00+00:00,395100.0,395100.0,395100.0,395100.0,0.3129,123626.79,2
2026-09-18T12:15:00+00:00,395100.0,395100.0,394221.0,394221.0,2.2062,870173.0778,13
2026-09-18T12:30:00+00:00,395598.0,395890.0,395598.0,395890.0,2.197,869457.0513,9
2026-09-18T12:45:00+00:00,394238.0,394238.0,394238.0,394238.0,0.1156,45573.9128,3
2026-09-18T13:00:00+00:00,394000.0,394012.0,392832.0,394012.0,2.5104,987828.3193,15
2026-09-18T13:15:00+00:00,394803.0,395360.0,394803.0,395360.0,2.1832,862727.6759,10
2026-09-18T13:30:00+00:00,398000.0,400000.0,397426.0,400000.0,1.3656,543522.275,6
2026-09-18T13:45:00+00:00,400000.0,405812.0,400000.0,405812.0,2.6018,1047947.6558,23
2026-09-18T14:00:00+00:00,404022.0,404022.0,402239.0,403843.0,0.5376028020148832,217186.4576,8
2026-09-18T14:15:00+00:00,405099.0,405721.0,405000.0,405400.0,0.9963,403747.2988,11
2026-09-18T14:30:00+00:00,404077.0,405871.0,404000.0,404706.0,0.4205,170086.599,8
2026-09-18T14:45:00+00:00,405660.0,405999.0,404236.0,405867.0,2.5549,1035205.3916,17
2026-09-18T15:00:00+00:00,405207.0,405207.0,404028.0,404028.0,0.1294,52399.1232,3
2026-09-18T15:15:00+00:00,405824.0,405900.0,405824.0,405900.0,0.2,81172.4,2
2026-09-18T15:30:00+00:00,404341.0,404341.0,402898.0,402898.0,1.2694892640123066,512330.4923,12
2026-09-18T15:45:00+00:00,402898.0,402898.0,402898.0,402898.0,0.0,0.0,0
2026-09-18T16:00:00+00:00,405000.0,405000.0,405000.0,405000.0,0.1,40500.0,1
2026-09-18T16:15:00+00:00,406500.0,407500.0,406500.0,407500.0,0.4844,197152.2082,3
2026-09-18T16:30:00+00:00,407500.0,408495.0,407500.0,408495.0,2.311,943310.3861,15
2026-09-18T16:45:00+00:00,406640.0,406640.0,406640.0,406640.0,0.0279,11345.256,1
2026-09-18T17:00:00+00:00,405524.0,405526.0,405524.0,405525.0,2.1498,871797.3607,11
2026-09-18T17:15:00+00:00,407157.0,407251.0,407157.0,407251.0,1.193,485775.4752,6
2026-09-18T17:30:00+00:00,405608.0,405849.0,405608.0,405743.0,0.9504,385579.9689,4
2026-09-18T17:45:00+00:00,405743.0,405743.0,405743.0,405743.0,0.0,0.0,0
2026-09-18T18:00:00+00:00,405743.0,405743.0,405743.0,405743.0,0.0,0.0,0
2026-09-18T18:15:00+00:00,405743.0,405743.0,405743.0,405743.0,0.0,0.0,0
2026-09-18T18:30:00+00:00,408500.0,410000.0,408500.0,410000.0,1.619,663700.0,8
2026-09-18T18:45:00+00:00,410000.0,410000.0,410000.0,410000.0,0.0,0.0,0
2026-09-18T19:00:00+00:00,410308.0,410848.0,410308.0,410848.0,0.0862,35373.3016,4
2026-09-18T19:15:00+00:00,410848.0,412500.0,410848.0,412500.0,4.2053,1732701.0172,16
2026-09-18T19:30:00+00:00,412500.0,412500.0,412500.0,412500.0,0.0,0.0,0
2026-09-18T19:45:00+00:00,412500.0,412500.0,412500.0,412500.0,0.0,0.0,0
2026-09-18T20:00:00+00:00,412500.0,412500.0,412500.0,412500.0,0.0,0.0,0
2026-09-18T20:15:00+00:00,412500.0,412500.0,412500.0,412500.0,0.0,0.0,0
2026-09-18T20:30:00+00:00,410821.0,410821.0,410821.0,410821.0,0.0058,2382.7618,1
2026-09-18T20:45:00+00:00,411328.0,411328.0,411328.0,411328.0,0.0003,123.3984,1
2026-09-18T21:00:00+00:00,411328.0,411328.0,411328.0,411328.0,0.0,0.0,0
2026-09-18T21:15:00+00:00,411570.0,411822.0,411570.0,411822.0,0.1281,52751.8782,2
2026-09-18T21:30:00+00:00,412000.0,412721.0,412000.0,412721.0,2.1414751112737176,882287.8,17
2026-09-18T21:45:00+00:00,411309.0,412068.0,410577.0,410577.0,0.00029949814108351,123.1885999999998,3
2026-09-18T22:00:00+00:00,411021.0,412719.0,411021.0,412706.0,2.1604,891283.1673,16
2026-09-18T22:15:00+00:00,412706.0,412706.0,412706.0,412706.0,0.0,0.0,0
2026-09-18T22:30:00+00:00,412706.0,412706.0,412706.0,412706.0,0.0,0.0,0
2026-09-18T22:45:00+00:00,412706.0,412706.0,412706.0,412706.0,0.0,0.0,0
2026-09-18T23:00:00+00:00,409271.0,409271.0,409271.0,409271.0,0.0005,204.6355,1
2026-09-18T23:15:00+00:00,409271.0,409271.0,409271.0,409271.0,0.0,0.0,0
2026-09-18T23:30:00+00:00,409271.0,409271.0,409271.0,409271.0,0.0,0.0,0
2026-09-18T23:45:00+00:00,409261.0,409261.0,409261.0,409261.0,0.00219908566904738,899.9999999999998,1
2026-09-19T00:00:00+00:00,409261.0,409261.0,409261.0,409261.0,0.0,0.0,0
2026-09-19T00:15:00+00:00,409472.0,409472.0,409472.0,409472.0,0.0197,8066.5984,1
2026-09-19T00:30:00+00:00,409472.0,409472.0,409472.0,409472.0,0.0,0.0,0
2026-09-19T00:45:00+00:00,409472.0,409472.0,409472.0,409472.0,0.0,0.0,0
2026-09-19T01:00:00+00:00,410014.0,410014.0,410014.0,410014.0,0.2538,104061.5532,3
2026-09-19T01:15:00+00:00,409414.0,417000.0,409414.0,417000.0,3.6258924148681055,1498000.0,13
2026-09-19T01:30:00+00:00,409201.0,417617.0,409027.0,409042.0,5.117103711726358,2120744.4,17
2026-09-19T01:45:00+00:00,409205.0,420000.0,409205.0,420000.0,4.879631608571429,2040948.6064,15
2026-09-19T02:00:00+00:00,409372.0,417500.0,408713.0,409731.0,6.531696175568862,2682796.5044,24
2026-09-19T02:15:00+00:00,409847.0,409870.0,409472.0,409762.0,3.2985,1351563.3152,17
2026-09-19T02:30:00+00:00,409830.0,410658.0,409768.0,410658.0,2.3567,967383.9724,11
2026-09-19T02:45:00+00:00,410658.0,410658.0,410658.0,410658.0,0.0,0.0,0
2026-09-19T03:00:00+00:00,411036.0,411204.0,411036.0,411204.0,0.8074,331940.8058,6
2026-09-19T03:15:00+00:00,411204.0,411204.0,411204.0,411204.0,0.0,0.0,0
2026-09-19T03:30:00+00:00,411204.0,411204.0,411204.0,411204.0,0.0,0.0,0
2026-09-19T03:45:00+00:00,410709.0,410709.0,410133.0,410133.0,0.0453,18582.1929,3
2026-09-19T04:00:00+00:00,410133.0,410133.0,410133.0,410133.0,0.0,0.0,0
2026-09-19T04:15:00+00:00,410133.0,410133.0,410133.0,410133.0,0.0,0.0,0
2026-09-19T04:30:00+00:00,410133.0,410133.0,410133.0,410133.0,0.0,0.0,0
2026-09-19T04:45:00+00:00,409767.0,409767.0,409767.0,409767.0,0.1,40976.7,1
2026-09-19T05:00:00+00:00,409767.0,409767.0,409767.0,409767.0,0.0,0.0,0
2026-09-19T05:15:00+00:00,409767.0,409767.0,409767.0,409767.0,0.0,0.0,0
2026-09-19T05:30:00+00:00,409767.0,409767.0,409767.0,409767.0,0.0,0.0,0
2026-09-19T05:45:00+00:00,411535.0,412327.0,411534.0,412327.0,0.2509,103255.7121,3
2026-09-19T06:00:00+00:00,412327.0,412327.0,412327.0,412327.0,0.0,0.0,0
2026-09-19T06:15:00+00:00,412327.0,412327.0,412327.0,412327.0,0.0,0.0,0
2026-09-19T06:30:00+00:00,411358.0,412274.0,411358.0,412274.0,1.1631,478712.887,3
2026-09-19T06:45:00+00:00,412274.0,412274.0,412274.0,412274.0,0.0,0.0,0
2026-09-19T07:00:00+00:00,412015.0,412316.0,412015.0,412316.0,1.2159,501228.3255,8
2026-09-19T07:15:00+00:00,412390.0,412390.0,412390.0,412390.0,0.001,412.39,1
2026-09-19T07:30:00+00:00,411266.0,411266.0,411266.0,411266.0,0.0112,4606.1792,1
2026-09-19T07:45:00+00:00,410823.0,411266.0,410823.0,411266.0,0.9809,403374.9807,10
2026-09-19T08:00:00+00:00,411266.0,411266.0,411266.0,411266.0,1.2575,517166.995,10
2026-09-19T08:15:00+00:00,412119.0,414059.0,412119.0,414059.0,0.5692,235434.5078,8
2026-09-19T08:30:00+00:00,414012.0,415505.0,414012.0,415505.0,2.151,891917.4226,12
2026-09-19T08:45:00+00:00,415505.0,415505.0,415505.0,415505.0,0.0,0.0,0
2026-09-19T09:00:00+00:00,415505.0,415505.0,415505.0,415505.0,0.0,0.0,0
2026-09-19T09:15:00+00:00,414584.0,414584.0,414583.0,414583.0,0.2381,98712.3667,3
2026-09-19T09:30:00+00:00,414583.0,414583.0,414583.0,414583.0,0.0,0.0,0
2026-09-19T09:45:00+00:00,414583.0,414583.0,414583.0,414583.0,0.0,0.0,0
2026-09-19T10:00:00+00:00,414583.0,414583.0,414583.0,414583.0,0.0,0.0,0
2026-09-19T10:15:00+00:00,414583.0,414583.0,414583.0,414583.0,0.0,0.0,0
2026-09-19T10:30:00+00:00,414583.0,414583.0,414583.0,414583.0,0.0,0.0,0
2026-09-19T10:45:00+00:00,414583.0,414583.0,414583.0,414583.0,0.0,0.0,0
2026-09-19T11:00:00+00:00,413900.0,413900.0,413900.0,413900.0,0.01,4139.0,1
2026-09-19T11:15:00+00:00,413900.0,413900.0,413900.0,413900.0,0.0,0.0,0
2026-09-19T11:30:00+00:00,413900.0,413900.0,413900.0,413900.0,0.0,0.0,0
2026-09-19T11:45:00+00:00,413900.0,413900.0,413900.0,413900.0,0.0,0.0,0
2026-09-19T12:00:00+00:00,413006.0,414104.0,413006.0,414104.0,0.0394,16294.067,2
2026-09-19T12:15:00+00:00,414332.0,414332.0,414332.0,414332.0,0.000999198710213065,413.99999999999966,1
2026-09-19T12:30:00+00:00,414332.0,414332.0,414332.0,414332.0,0.0,0.0,0
2026-09-19T12:45:00+00:00,414332.0,414332.0,414332.0,414332.0,0.0,0.0,0
2026-09-19T13:00:00+00:00,414332.0,414332.0,414332.0,414332.0,0.0,0.0,0
2026-09-19T13:15:00+00:00,413300.0,413300.0,413300.0,413300.0,0.02,8266.0,1
2026-09-19T13:30:00+00:00,413300.0,413300.0,413300.0,413300.0,0.0,0.0,0
2026-09-19T13:45:00+00:00,413300.0,413300.0,413300.0,413300.0,0.0,0.0,0
2026-09-19T14:00:00+00:00,413300.0,413300.0,413300.0,413300.0,0.0,0.0,0
2026-09-19T14:15:00+00:00,413300.0,413300.0,413300.0,413300.0,0.0,0.0,0
2026-09-19T14:30:00+00:00,413300.0,413300.0,413300.0,413300.0,0.0,0.0,0
2026-09-19T14:45:00+00:00,413300.0,413300.0,413300.0,413300.0,0.0,0.0,0
2026-09-19T15:00:00+00:00,413300.0,413300.0,413300.0,413300.0,0.0,0.0,0
2026-09-19T15:15:00+00:00,414034.0,414034.0,414034.0,414034.0,0.02,8280.68,1
2026-09-19T15:30:00+00:00,414791.0,414791.0,414791.0,414791.0,0.000964341077795805,399.9999999999998,1
2026-09-19T15:45:00+00:00,414791.0,414791.0,414791.0,414791.0,0.0,0.0,0
2026-09-19T16:00:00+00:00,414791.0,414791.0,414791.0,414791.0,0.0,0.0,0
2026-09-19T16:15:00+00:00,414791.0,414791.0,414791.0,414791.0,0.0,0.0,0
2026-09-19T16:30:00+00:00,414791.0,414791.0,414791.0,414791.0,0.0,0.0,0
2026-09-19T16:45:00+00:00,414791.0,414791.0,414791.0,414791.0,0.0,0.0,0
2026-09-19T17:00:00+00:00,414949.0,414949.0,414949.0,414949.0,0.001,414.949,1
2026-09-19T17:15:00+00:00,416036.0,416265.0,416036.0,416265.0,0.5,208086.6727,6
2026-09-19T17:30:00+00:00,416265.0,416265.0,416265.0,416265.0,0.0,0.0,0
2026-09-19T17:45:00+00:00,416265.0,416265.0,416265.0,416265.0,0.0,0.0,0
2026-09-19T18:00:00+00:00,416265.0,416265.0,416265.0,416265.0,0.0,0.0,0
2026-09-19T18:15:00+00:00,413325.0,413325.0,413325.0,413325.0,0.183,75638.475,1
2026-09-19T18:30:00+00:00,413325.0,413325.0,413325.0,413325.0,0.0,0.0,0
2026-09-19T18:45:00+00:00,413325.0,413325.0,413325.0,413325.0,0.0,0.0,0
2026-09-19T19:00:00+00:00,413325.0,413325.0,413325.0,413325.0,0.0,0.0,0
2026-09-19T19:15:00+00:00,413325.0,413325.0,413325.0,413325.0,0.0,0.0,0
2026-09-19T19:30:00+00:00,413325.0,413325.0,413325.0,413325.0,0.0,0.0,0
2026-09-19T19:45:00+00:00,413325.0,413325.0,413325.0,413325.0,0.0,0.0,0
2026-09-19T20:00:00+00:00,413325.0,413325.0,413325.0,413325.0,0.0,0.0,0
2026-09-19T20:15:00+00:00,413192.0,413192.0,413192.0,413192.0,9.9227477782724e-05,40.9999999999993,2
2026-09-19T20:30:00+00:00,413192.0,413192.0,413192.0,413192.0,0.0,0.0,0
2026-09-19T20:45:00+00:00,413192.0,413192.0,413192.0,413192.0,0.0,0.0,0
2026-09-19T21:00:00+00:00,411750.0,411750.0,411750.0,411750.0,0.2899,119366.325,5
2026-09-19T21:15:00+00:00,411750.0,411750.0,411750.0,411750.0,0.0,0.0,0
2026-09-19T21:30:00+00:00,411750.0,411750.0,411750.0,411750.0,0.0,0.0,0
2026-09-19T21:45:00+00:00,411750.0,411750.0,411750.0,411750.0,0.0,0.0,0
2026-09-19T22:00:00+00:00,411746.0,411746.0,411746.0,411746.0,0.002428681760114245,999.9999999999999,1
2026-09-19T22:15:00+00:00,410281.0,410989.0,410281.0,410989.0,0.031589839630744375,12962.2614,2
2026-09-19T22:30:00+00:00,410989.0,410989.0,410989.0,410989.0,0.0,0.0,0
2026-09-19T22:45:00+00:00,411816.0,412201.0,411816.0,412201.0,0.001227800272197301,505.9079999999997,2
2026-09-19T23:00:00+00:00,412265.0,412265.0,412265.0,412265.0,0.000485124859010587,199.99999999999966,1
2026-09-19T23:15:00+00:00,412265.0,412265.0,412265.0,412265.0,0.0,0.0,0
2026-09-19T23:30:00+00:00,412265.0,412265.0,412265.0,412265.0,0.0,0.0,0
2026-09-19T23:45:00+00:00,412131.0,412132.0,412130.0,412132.0,0.743,306213.3287,3
2026-09-20T00:00:00+00:00,411232.0,411232.0,411232.0,411232.0,0.03,12336.96,1
2026-09-20T00:15:00+00:00,411232.0,411232.0,411232.0,411232.0,0.0,0.0,0
2026-09-20T00:30:00+00:00,411232.0,411232.0,411232.0,411232.0,0.0,0.0,0
2026-09-20T00:45:00+00:00,411523.0,411523.0,411374.0,411374.0,0.0501,20613.175,2
2026-09-20T01:00:00+00:00,411062.0,411062.0,411062.0,411062.0,0.0003,123.3186,1
2026-09-20T01:15:00+00:00,411000.0,411000.0,411000.0,411000.0,0.02,8220.0,1
2026-09-20T01:30:00+00:00,410000.0,410000.0,410000.0,410000.0,0.5615,230215.0,3
2026-09-20T01:45:00+00:00,410000.0,410001.0,410000.0,410001.0,0.502,205820.5,2
2026-09-20T02:00:00+00:00,410001.0,410001.0,410001.0,410001.0,0.9,369000.9,7
2026-09-20T02:15:00+00:00,410001.0,410001.0,409768.0,409768.0,3.7711,1546135.0323,23
2026-09-20T02:30:00+00:00,409768.0,409813.0,407623.0,407623.0,0.5646,230534.9053,8
2026-09-20T02:45:00+00:00,407204.0,407271.0,403500.0,403500.0,3.2054,1298523.9476,29
2026-09-20T03:00:00+00:00,404260.0,404505.0,403500.0,403500.0,0.5922,239019.6921,11
2026-09-20T03:15:00+00:00,404001.0,404001.0,404001.0,404001.0,0.042,16968.042,1
2026-09-20T03:30:00+00:00,404001.0,404001.0,404001.0,404001.0,0.0,0.0,0
2026-09-20T03:45:00+00:00,405898.0,405898.0,405898.0,405898.0,0.053,21512.594,5
2026-09-20T04:00:00+00:00,405898.0,405898.0,405898.0,405898.0,0.1,40589.8,1
2026-09-20T04:15:00+00:00,405898.0,405898.0,405898.0,405898.0,0.0088,3571.9024,1
2026-09-20T04:30:00+00:00,404653.0,404653.0,404653.0,404653.0,0.19,76884.07,1
2026-09-20T04:45:00+00:00,404653.0,404653.0,404653.0,404653.0,0.0,0.0,0
2026-09-20T05:00:00+00:00,405274.0,405696.0,405274.0,405696.0,2.1709,880460.1229,15
2026-09-20T05:15:00+00:00,405671.0,405672.0,405671.0,405672.0,1.2325,499990.54,9
2026-09-20T05:30:00+00:00,404001.0,404001.0,404001.0,404001.0,0.3968,160307.5968,4
2026-09-20T05:45:00+00:00,404001.0,404001.0,404001.0,404001.0,0.0,0.0,0
2026-09-20T06:00:00+00:00,404001.0,404001.0,404001.0,404001.0,0.0,0.0,0
2026-09-20T06:15:00+00:00,404001.0,404001.0,404001.0,404001.0,0.0,0.0,0
2026-09-20T06:30:00+00:00,404135.0,404136.0,404001.0,404001.0,7.6593,3094378.3511,43
2026-09-20T06:45:00+00:00,404113.0,404113.0,404113.0,404113.0,0.01,4041.13,1
2026-09-20T07:00:00+00:00,404113.0,404113.0,404113.0,404113.0,0.0,0.0,0
2026-09-20T07:15:00+00:00,404113.0,404113.0,404113.0,404113.0,0.0,0.0,0
2026-09-20T07:30:00+00:00,404113.0,404113.0,404113.0,404113.0,0.0,0.0,0
2026-09-20T07:45:00+00:00,404113.0,404113.0,404113.0,404113.0,0.0,0.0,0
2026-09-20T08:00:00+00:00,405128.0,405128.0,405128.0,405128.0,0.009,3646.152,1
2026-09-20T08:15:00+00:00,405128.0,405128.0,405128.0,405128.0,0.0,0.0,0
2026-09-20T08:30:00+00:00,405128.0,405128.0,405128.0,405128.0,0.0,0.0,0
2026-09-20T08:45:00+00:00,405128.0,405128.0,405128.0,405128.0,0.0,0.0,0
2026-09-20T09:00:00+00:00,405128.0,405128.0,405128.0,405128.0,0.0,0.0,0
2026-09-20T09:15:00+00:00,405025.0,405174.0,405025.0,405174.0,0.1394,56469.406,3
2026-09-20T09:30:00+00:00,405174.0,405174.0,405174.0,405174.0,0.0,0.0,0
2026-09-20T09:45:00+00:00,405174.0,405174.0,405174.0,405174.0,0.0,0.0,0
2026-09-20T10:00:00+00:00,405174.0,405174.0,405174.0,405174.0,0.0,0.0,0
2026-09-20T10:15:00+00:00,405174.0,405174.0,405174.0,405174.0,0.0,0.0,0
2026-09-20T10:30:00+00:00,404250.0,404728.0,404250.0,404728.0,0.7397,299309.8304,6
2026-09-20T10:45:00+00:00,403378.0,403378.0,403352.0,403352.0,0.2203,88861.0456,2
2026-09-20T11:00:00+00:00,403352.0,403352.0,403352.0,403352.0,0.0,0.0,0
2026-09-20T11:15:00+00:00,403352.0,403352.0,403352.0,403352.0,0.0,0.0,0
2026-09-20T11:30:00+00:00,403352.0,403352.0,403352.0,403352.0,0.0,0.0,0
2026-09-20T11:45:00+00:00,403352.0,403352.0,403352.0,403352.0,0.0,0.0,0
2026-09-20T12:00:00+00:00,403352.0,403352.0,403352.0,403352.0,0.0,0.0,0
2026-09-20T12:15:00+00:00,404612.0,404612.0,404612.0,404612.0,0.0024,971.0688,1
2026-09-20T12:30:00+00:00,404612.0,404612.0,404612.0,404612.0,0.0,0.0,0
2026-09-20T12:45:00+00:00,404612.0,404612.0,404612.0,404612.0,0.0,0.0,0
2026-09-20T13:00:00+00:00,404612.0,404612.0,404612.0,404612.0,0.0,0.0,0
2026-09-20T13:15:00+00:00,405363.0,405363.0,405363.0,405363.0,0.001,405.363,1
2026-09-20T13:30:00+00:00,405363.0,405363.0,405363.0,405363.0,0.0,0.0,0
2026-09-20T13:45:00+00:00,405363.0,405363.0,405363.0,405363.0,0.0,0.0,0
2026-09-20T14:00:00+00:00,405363.0,405363.0,405363.0,405363.0,0.0,0.0,0
2026-09-20T14:15:00+00:00,405000.0,405000.0,404836.0,404836.0,3.9554396031973442,1601953.0,27
2026-09-20T14:30:00+00:00,404836.0,404836.0,404836.0,404836.0,0.0,0.0,0
2026-09-20T14:45:00+00:00,404836.0,404836.0,404836.0,404836.0,0.0,0.0,0
2026-09-20T15:00:00+00:00,407182.0,407182.0,407182.0,407182.0,0.0063,2565.2466,1
2026-09-20T15:15:00+00:00,407182.0,407182.0,407182.0,407182.0,0.0,0.0,0
2026-09-20T15:30:00+00:00,407959.0,407959.0,407959.0,407959.0,0.0243,9913.4037,1
2026-09-20T15:45:00+00:00,408601.0,408601.0,408601.0,408601.0,0.01,4086.01,1
2026-09-20T16:00:00+00:00,410000.0,412000.0,410000.0,411999.0,1.0611893233339689,435160.0,11
2026-09-20T16:15:00+00:00,410709.0,410709.0,410709.0,410709.0,0.01,4107.09,1
2026-09-20T16:30:00+00:00,412000.0,414000.0,412000.0,414000.0,0.1400242718446602,57840.0,9
2026-09-20T16:45:00+00:00,414716.0,414909.0,414716.0,414909.0,0.024106508174081547,10000.0,2
2026-09-20T17:00:00+00:00,414909.0,414909.0,414909.0,414909.0,0.0,0.0,0
2026-09-20T17:15:00+00:00,413390.0,413390.0,411173.0,411173.0,0.02066760927937299,8500.1211,3
2026-09-20T17:30:00+00:00,411770.0,411770.0,411770.0,411770.0,0.000111712849406221,45.99999999999962,1
2026-09-20T17:45:00+00:00,411770.0,411770.0,411770.0,411770.0,0.0,0.0,0
2026-09-20T18:00:00+00:00,411770.0,411770.0,411770.0,411770.0,0.0,0.0,0
2026-09-20T18:15:00+00:00,411770.0,411770.0,411770.0,411770.0,0.0,0.0,0
2026-09-20T18:30:00+00:00,411770.0,411770.0,411770.0,411770.0,0.0,0.0,0
2026-09-20T18:45:00+00:00,411770.0,411770.0,411770.0,411770.0,0.0,0.0,0
2026-09-20T19:00:00+00:00,411770.0,411770.0,411770.0,411770.0,0.0,0.0,0
2026-09-20T19:15:00+00:00,411770.0,411770.0,411770.0,411770.0,0.0,0.0,0
2026-09-20T19:30:00+00:00,411770.0,411770.0,411770.0,411770.0,0.0,0.0,0
2026-09-20T19:45:00+00:00,411770.0,411770.0,411770.0,411770.0,0.0,0.0,0
2026-09-20T20:00:00+00:00,411770.0,411770.0,411770.0,411770.0,0.0,0.0,0
2026-09-20T20:15:00+00:00,411770.0,411770.0,411770.0,411770.0,0.0,0.0,0
2026-09-20T20:30:00+00:00,411770.0,411770.0,411770.0,411770.0,0.0,0.0,0
2026-09-20T20:45:00+00:00,411770.0,411770.0,411770.0,411770.0,0.0,0.0,0
2026-09-20T21:00:00+00:00,410979.0,412117.0,410010.0,410250.0,5.061245792093022,2078097.1068,16
2026-09-20T21:15:00+00:00,411343.0,411343.0,411343.0,411343.0,0.01,4113.43,1
2026-09-20T21:30:00+00:00,411343.0,411343.0,411343.0,411343.0,0.0,0.0,0
2026-09-20T21:45:00+00:00,411343.0,411343.0,411343.0,411343.0,0.0,0.0,0
2026-09-20T22:00:00+00:00,411343.0,411343.0,411343.0,411343.0,0.0,0.0,0
2026-09-20T22:15:00+00:00,411343.0,411343.0,411343.0,411343.0,0.0,0.0,0
2026-09-20T22:30:00+00:00,414092.0,414092.0,414000.0,414000.0,1.2437,514894.0172,11
2026-09-20T22:45:00+00:00,414000.0,414000.0,414000.0,414000.0,0.0,0.0,0
2026-09-20T23:00:00+00:00,414000.0,414000.0,414000.0,414000.0,0.0,0.0,0
2026-09-20T23:15:00+00:00,414000.0,414000.0,414000.0,414000.0,3.0,1242000.0,25
2026-09-20T23:30:00+00:00,414000.0,414000.0,414000.0,414000.0,0.0,0.0,0
2026-09-20T23:45:00+00:00,414000.0,414000.0,414000.0,414000.0,0.0,0.0,0
2026-09-21T00:00:00+00:00,415000.0,419700.0,415000.0,419700.0,0.5,208845.0,13
2026-09-21T00:15:00+00:00,420000.0,421500.0,420000.0,421500.0,4.374265613122719,1838445.5456,19
2026-09-21T00:30:00+00:00,420786.0,421000.0,420786.0,420844.0,0.2368,99669.3248,3
2026-09-21T00:45:00+00:00,421000.0,422500.0,421000.0,422500.0,0.3442,145258.2,5
2026-09-21T01:00:00+00:00,422500.0,422500.0,422500.0,422500.0,0.0,0.0,0
2026-09-21T01:15:00+00:00,421513.0,421513.0,420700.0,420700.0,0.028135165463461387,11838.199999999999,4
2026-09-21T01:30:00+00:00,419240.0,419376.0,419240.0,419330.0,0.346,145085.2336,4
2026-09-21T01:45:00+00:00,415002.0,416000.0,415000.0,415000.0,2.1756408653846155,903957.2368,23
2026-09-21T02:00:00+00:00,416516.0,416537.0,416516.0,416537.0,0.9525,396744.09,6
2026-09-21T02:15:00+00:00,417458.0,417584.0,416517.0,417584.0,2.3559,983328.0894,8
2026-09-21T02:30:00+00:00,416516.0,416881.0,416516.0,416881.0,0.0566,23575.7113,3
2026-09-21T02:45:00+00:00,416881.0,416881.0,416881.0,416881.0,0.0,0.0,0
2026-09-21T03:00:00+00:00,417787.0,418365.0,417787.0,418365.0,1.2036,503135.2922,8
2026-09-21T03:15:00+00:00,418365.0,418365.0,418365.0,418365.0,0.0,0.0,0
2026-09-21T03:30:00+00:00,418287.0,418287.0,418287.0,418287.0,0.0153,6399.7911,1
2026-09-21T03:45:00+00:00,418287.0,418287.0,418287.0,418287.0,0.0,0.0,0
2026-09-21T04:00:00+00:00,418287.0,418287.0,418287.0,418287.0,0.0,0.0,0
2026-09-21T04:15:00+00:00,418287.0,418287.0,418287.0,418287.0,0.0,0.0,0
2026-09-21T04:30:00+00:00,418287.0,418287.0,418287.0,418287.0,0.0,0.0,0
2026-09-21T04:45:00+00:00,417600.0,418584.0,417600.0,418330.0,1.1947,499975.518,9
2026-09-21T05:00:00+00:00,417259.0,417259.0,417259.0,417259.0,0.1677,69974.3343,1
2026-09-21T05:15:00+00:00,418667.0,418667.0,418667.0,418667.0,0.0026,1088.5342,1
2026-09-21T05:30:00+00:00,418666.0,418666.0,418666.0,418666.0,0.0025,1046.665,1
2026-09-21T05:45:00+00:00,418666.0,418666.0,418666.0,418666.0,0.0,0.0,0
2026-09-21T06:00:00+00:00,418640.0,419184.0,418640.0,419184.0,0.7156,299763.7704,5
2026-09-21T06:15:00+00:00,419184.0,419184.0,419184.0,419184.0,0.0,0.0,0
2026-09-21T06:30:00+00:00,418634.0,419355.0,418634.0,418932.0,1.1931,500024.4025,11
2026-09-21T06:45:00+00:00,418708.0,427000.0,417897.0,417922.0,9.859214017330212,4178889.945,25
2026-09-21T07:00:00+00:00,418257.0,418997.0,418000.0,418615.0,1.2939,541849.0371,15
2026-09-21T07:15:00+00:00,418615.0,418615.0,418615.0,418615.0,0.0,0.0,0
2026-09-21T07:30:00+00:00,417300.0,417325.0,416197.0,416197.0,0.8728,363651.1406,7
2026-09-21T07:45:00+00:00,417601.0,417602.0,417555.0,417555.0,0.21973137508919977,91755.5,3
2026-09-21T08:00:00+00:00,418768.0,418768.0,418768.0,418768.0,0.0002,83.7536,1
2026-09-21T08:15:00+00:00,418768.0,418768.0,418768.0,418768.0,0.0,0.0,0
2026-09-21T08:30:00+00:00,421804.0,423476.0,421804.0,423281.0,2.1233,897561.0204,32
2026-09-21T08:45:00+00:00,421999.0,421999.0,421999.0,421999.0,0.0025,1054.9975,1
2026-09-21T09:00:00+00:00,421999.0,421999.0,421999.0,421999.0,0.4366,184244.7634,4
2026-09-21T09:15:00+00:00,422000.0,432499.0,422000.0,425532.0,6.219076137054652,2663375.0421,44
2026-09-21T09:30:00+00:00,426289.0,435000.0,426288.0,430805.0,2.443250856260399,1049613.5983,24
2026-09-21T09:45:00+00:00,430805.0,438999.0,428454.0,428454.0,8.44363393278508,3657015.5529,47
2026-09-21T10:00:00+00:00,427922.0,427922.0,426609.0,427223.0,0.2191,93744.1751,3
2026-09-21T10:15:00+00:00,426691.0,426691.0,426691.0,426691.0,0.0069,2944.1679,1
2026-09-21T10:30:00+00:00,426977.0,427218.0,425999.0,427218.0,1.5292867180221807,652511.9901,16
2026-09-21T10:45:00+00:00,426242.0,426464.0,425821.0,426464.0,2.0386,868477.0248,17
2026-09-21T11:00:00+00:00,426870.0,428021.0,426870.0,428021.0,2.1124,903697.5726,20
2026-09-21T11:15:00+00:00,426800.0,428000.0,426800.0,428000.0,0.0253,10815.57,6
2026-09-21T11:30:00+00:00,428021.0,428572.0,428021.0,428572.0,0.2959,126721.5011,8
2026-09-21T11:45:00+00:00,428516.0,429000.0,428516.0,429000.0,0.6428,275671.2,7
2026-09-21T12:00:00+00:00,429000.0,429000.0,429000.0,429000.0,0.2945,126340.5,7
2026-09-21T12:15:00+00:00,428442.0,428442.0,428442.0,428442.0,0.0003,128.5326,1
2026-09-21T12:30:00+00:00,428442.0,428442.0,428442.0,428442.0,0.0,0.0,0
2026-09-21T12:45:00+00:00,429000.0,429000.0,429000.0,429000.0,0.8008,343543.2,8
2026-09-21T13:00:00+00:00,430000.0,431000.0,430000.0,430182.0,0.047,20219.96,4
2026-09-21T13:15:00+00:00,430182.0,430182.0,430182.0,430182.0,0.0,0.0,0
2026-09-21T13:30:00+00:00,429608.0,429608.0,429608.0,429608.0,0.027,11599.416,1
2026-09-21T13:45:00+00:00,430000.0,430182.0,429659.0,429659.0,0.0712,30617.2952,3
2026-09-21T14:00:00+00:00,429601.0,429601.0,427004.0,427004.0,0.064,27338.644,5
2026-09-21T14:15:00+00:00,427004.0,427004.0,427004.0,427004.0,0.0,0.0,0
2026-09-21T14:30:00+00:00,431000.0,431000.0,428719.0,428719.0,0.356,153383.537,7
2026-09-21T14:45:00+00:00,429570.0,433626.0,429569.0,431370.0,3.9158,1687470.0864,37
2026-09-21T15:00:00+00:00,431697.0,431697.0,431697.0,431697.0,0.7313,315700.0161,5
2026-09-21T15:15:00+00:00,430892.0,431036.0,430891.0,431036.0,2.342,1009182.4424,23
2026-09-21T15:30:00+00:00,431269.0,431706.0,431269.0,431706.0,2.1075,909109.0371,21
2026-09-21T15:45:00+00:00,434040.0,434040.0,434040.0,434040.0,0.001,434.04,1
2026-09-21T16:00:00+00:00,434040.0,434040.0,434040.0,434040.0,0.0,0.0,0
2026-09-21T16:15:00+00:00,434040.0,434040.0,434040.0,434040.0,0.0,0.0,0
2026-09-21T16:30:00+00:00,434040.0,434040.0,434040.0,434040.0,0.0,0.0,0
2026-09-21T16:45:00+00:00,434040.0,434040.0,434040.0,434040.0,0.0,0.0,0
2026-09-21T17:00:00+00:00,434040.0,434040.0,434040.0,434040.0,0.0,0.0,0
2026-09-21T17:15:00+00:00,433174.0,433577.0,433174.0,433577.0,0.8193172147046546,355000.0,6
2026-09-21T17:30:00+00:00,433577.0,433577.0,433577.0,433577.0,0.0,0.0,0
2026-09-21T17:45:00+00:00,433577.0,433577.0,433577.0,433577.0,0.0,0.0,0
2026-09-21T18:00:00+00:00,433577.0,433577.0,433577.0,433577.0,0.0,0.0,0
2026-09-21T18:15:00+00:00,433577.0,433577.0,433577.0,433577.0,0.0,0.0,0
2026-09-21T18:30:00+00:00,433577.0,433577.0,433577.0,433577.0,0.0,0.0,0
2026-09-21T18:45:00+00:00,433577.0,433577.0,433577.0,433577.0,0.0,0.0,0
2026-09-21T19:00:00+00:00,433577.0,433577.0,433577.0,433577.0,0.0,0.0,0
2026-09-21T19:15:00+00:00,434000.0,434000.0,434000.0,434000.0,0.0001,43.4,1
2026-09-21T19:30:00+00:00,435000.0,435562.0,435000.0,435562.0,0.2451,106753.942,5
2026-09-21T19:45:00+00:00,435562.0,435562.0,435562.0,435562.0,0.0,0.0,0
2026-09-21T20:00:00+00:00,435699.0,435699.0,435699.0,435699.0,0.1,43569.9,1
2026-09-21T20:15:00+00:00,436000.0,440345.0,436000.0,440345.0,1.5066804535285696,661961.1913,27
2026-09-21T20:30:00+00:00,440344.0,440344.0,438535.0,438535.0,23.29780838072053,10244913.0595,116
2026-09-21T20:45:00+00:00,437590.0,438451.0,437590.0,438451.0,0.0781,34179.2344,5
2026-09-21T21:00:00+00:00,437590.0,437590.0,436178.0,436178.0,3.9978,1749026.5236,30
2026-09-21T21:15:00+00:00,436067.0,436067.0,435864.0,435864.0,0.004293225582307305,1871.7279999999996,2
2026-09-21T21:30:00+00:00,435781.0,435781.0,435781.0,435781.0,0.2,87156.2,2
2026-09-21T21:45:00+00:00,436625.0,437088.0,436625.0,437088.0,1.3762741473112965,601121.0,8
2026-09-21T22:00:00+00:00,437088.0,437088.0,437088.0,437088.0,0.0,0.0,0
2026-09-21T22:15:00+00:00,437104.0,437104.0,437104.0,437104.0,0.1,43710.4,1
2026-09-21T22:30:00+00:00,436756.0,436756.0,436756.0,436756.0,0.2,87351.2,1
2026-09-21T22:45:00+00:00,436756.0,436756.0,436756.0,436756.0,0.0,0.0,0
2026-09-21T23:00:00+00:00,437539.0,437999.0,437539.0,437999.0,0.1184,51813.0816,2
2026-09-21T23:15:00+00:00,438000.0,438315.0,437679.0,437679.0,0.1442073212187582,63166.8161,5
2026-09-21T23:30:00+00:00,437679.0,437679.0,437679.0,437679.0,0.0,0.0,0
2026-09-21T23:45:00+00:00,437679.0,437679.0,437679.0,437679.0,0.0,0.0,0
2026-09-22T00:00:00+00:00,437679.0,437679.0,437679.0,437679.0,0.0,0.0,0
2026-09-22T00:15:00+00:00,437679.0,437679.0,437679.0,437679.0,0.0,0.0,0
2026-09-22T00:30:00+00:00,435156.0,435942.0,434400.0,435942.0,1.7772,773499.0424,12
2026-09-22T00:45:00+00:00,435979.0,435979.0,432321.0,432397.0,2.1160643196117244,916134.8136,18
2026-09-22T01:00:00+00:00,432590.0,432650.0,431347.0,431347.0,0.4163,180064.5699,7
2026-09-22T01:15:00+00:00,430272.0,430545.0,430272.0,430545.0,0.1176,50604.792,2
2026-09-22T01:30:00+00:00,430545.0,430545.0,430545.0,430545.0,0.0,0.0,0
2026-09-22T01:45:00+00:00,432420.0,442495.0,432420.0,433918.0,35.73717191436146,15640881.1884,82
2026-09-22T02:00:00+00:00,433452.0,434572.0,433452.0,434210.0,2.7202,1181128.3922,13
2026-09-22T02:15:00+00:00,434210.0,434210.0,434210.0,434210.0,0.0,0.0,0
2026-09-22T02:30:00+00:00,434210.0,434210.0,434210.0,434210.0,0.0,0.0,0
2026-09-22T02:45:00+00:00,432862.0,439010.0,432862.0,439010.0,3.324978474294435,1446000.0,11
2026-09-22T03:00:00+00:00,431202.0,431202.0,431202.0,431202.0,0.01,4312.02,1
2026-09-22T03:15:00+00:00,431202.0,431202.0,431202.0,431202.0,0.0,0.0,0
2026-09-22T03:30:00+00:00,430414.0,430414.0,430414.0,430414.0,2.29,985648.06,16
2026-09-22T03:45:00+00:00,430414.0,430414.0,430414.0,430414.0,1.2642,544129.3788,9
2026-09-22T04:00:00+00:00,430414.0,430414.0,430414.0,430414.0,0.0811,34906.5754,4
2026-09-22T04:15:00+00:00,430414.0,430414.0,430414.0,430414.0,0.0,0.0,0
2026-09-22T04:30:00+00:00,430827.0,431358.0,430693.0,431358.0,1.2347614886011156,532487.0243,8
2026-09-22T04:45:00+00:00,431358.0,431358.0,431358.0,431358.0,0.0,0.0,0
2026-09-22T05:00:00+00:00,431358.0,431358.0,431358.0,431358.0,0.0,0.0,0
2026-09-22T05:15:00+00:00,430000.0,430000.0,430000.0,430000.0,1.1628,500004.0,3
2026-09-22T05:30:00+00:00,431344.0,431939.0,431344.0,431895.0,2.3701,1022875.6593,20
2026-09-22T05:45:00+00:00,431895.0,431895.0,431895.0,431895.0,0.0,0.0,0
2026-09-22T06:00:00+00:00,431895.0,431895.0,431895.0,431895.0,0.0,0.0,0
2026-09-22T06:15:00+00:00,430100.0,430256.0,430100.0,430256.0,0.0006,258.1156,6
2026-09-22T06:30:00+00:00,430256.0,430256.0,430256.0,430256.0,0.0,0.0,0
2026-09-22T06:45:00+00:00,430499.0,431134.0,430474.0,431055.0,2.5967,1118172.589,12
2026-09-22T07:00:00+00:00,431055.0,431055.0,431055.0,431055.0,0.0,0.0,0
2026-09-22T07:15:00+00:00,430948.0,430948.0,430948.0,430948.0,0.2,86189.6,1
2026-09-22T07:30:00+00:00,431304.0,431304.0,431304.0,431304.0,0.03,12939.12,1
2026-09-22T07:45:00+00:00,431304.0,431304.0,431304.0,431304.0,0.0,0.0,0
2026-09-22T08:00:00+00:00,431304.0,431304.0,431304.0,431304.0,0.0,0.0,0
2026-09-22T08:15:00+00:00,431254.0,431314.0,431179.0,431314.0,0.1155,49802.595,3
2026-09-22T08:30:00+00:00,432642.0,433023.0,431568.0,431568.0,2.8827,1247403.1199,18
2026-09-22T08:45:00+00:00,433114.0,433526.0,433114.0,433526.0,0.2377,103007.2302,3
2026-09-22T09:00:00+00:00,432958.0,436090.0,432958.0,436090.0,1.1466,497165.894,5
2026-09-22T09:15:00+00:00,436090.0,436090.0,436090.0,436090.0,0.0,0.0,0
2026-09-22T09:30:00+00:00,436090.0,436090.0,436090.0,436090.0,0.0,0.0,0
2026-09-22T09:45:00+00:00,436090.0,436090.0,436090.0,436090.0,0.0,0.0,0
2026-09-22T10:00:00+00:00,436090.0,436090.0,436090.0,436090.0,0.0,0.0,0
2026-09-22T10:15:00+00:00,431712.0,433201.0,431712.0,433201.0,0.20249239452355836,87635.8336,3
2026-09-22T10:30:00+00:00,433201.0,433201.0,433201.0,433201.0,0.0,0.0,0
2026-09-22T10:45:00+00:00,432360.0,432360.0,432360.0,432360.0,0.03,12970.8,1
2026-09-22T11:00:00+00:00,432360.0,432360.0,432360.0,432360.0,0.0,0.0,0
2026-09-22T11:15:00+00:00,432360.0,432360.0,432360.0,432360.0,0.0,0.0,0
2026-09-22T11:30:00+00:00,432360.0,432360.0,432360.0,432360.0,0.0,0.0,0
2026-09-22T11:45:00+00:00,432360.0,432360.0,432360.0,432360.0,0.0,0.0,0
2026-09-22T12:00:00+00:00,431217.0,431219.0,431217.0,431219.0,0.03,12936.564,2
2026-09-22T12:15:00+00:00,431136.0,431136.0,430694.0,430694.0,0.6715,289355.221,4
2026-09-22T12:30:00+00:00,433000.0,433000.0,432335.0,433000.0,0.0187189376443418,8103.903499999999,4
2026-09-22T12:45:00+00:00,433000.0,433000.0,433000.0,433000.0,0.002,866.0,1
2026-09-22T13:00:00+00:00,433000.0,433000.0,432999.0,432999.0,0.02,8659.99,2
2026-09-22T13:15:00+00:00,432999.0,432999.0,432999.0,432999.0,0.0,0.0,0
2026-09-22T13:30:00+00:00,432999.0,432999.0,432999.0,432999.0,0.0,0.0,0
2026-09-22T13:45:00+00:00,433000.0,434289.0,433000.0,434289.0,0.011281062355658199,4897.59,3
2026-09-22T14:00:00+00:00,434936.0,434936.0,433785.0,433785.0,0.0873,37949.1065,4
2026-09-22T14:15:00+00:00,433785.0,433785.0,433785.0,433785.0,0.0,0.0,0
2026-09-22T14:30:00+00:00,430413.0,430413.0,428888.0,428888.0,3.1027,1331325.2789,31
2026-09-22T14:45:00+00:00,430180.0,431198.0,430180.0,431198.0,0.0165,7108.15,2
2026-09-22T15:00:00+00:00,433324.0,433585.0,433324.0,433585.0,1.1975,519007.5352,11
2026-09-22T15:15:00+00:00,433044.0,433489.0,433044.0,433489.0,0.8733,378337.6024,7
2026-09-22T15:30:00+00:00,433489.0,433489.0,433489.0,433489.0,0.0,0.0,0
2026-09-22T15:45:00+00:00,433489.0,433489.0,433489.0,433489.0,0.0,0.0,0
2026-09-22T16:00:00+00:00,433489.0,433489.0,433489.0,433489.0,0.0,0.0,0
2026-09-22T16:15:00+00:00,433489.0,433489.0,433489.0,433489.0,0.0,0.0,0
2026-09-22T16:30:00+00:00,433489.0,433489.0,433489.0,433489.0,0.0,0.0,0
2026-09-22T16:45:00+00:00,433489.0,433489.0,433489.0,433489.0,0.0,0.0,0
2026-09-22T17:00:00+00:00,433489.0,433489.0,433489.0,433489.0,0.0,0.0,0
2026-09-22T17:15:00+00:00,433489.0,433489.0,433489.0,433489.0,0.0,0.0,0
2026-09-22T17:30:00+00:00,433489.0,433489.0,433489.0,433489.0,0.0,0.0,0
2026-09-22T17:45:00+00:00,433489.0,433489.0,433489.0,433489.0,0.0,0.0,0
2026-09-22T18:00:00+00:00,433489.0,433489.0,433489.0,433489.0,0.0,0.0,0
2026-09-22T18:15:00+00:00,433489.0,433489.0,433489.0,433489.0,0.0,0.0,0
2026-09-22T18:30:00+00:00,433621.0,433621.0,433621.0,433621.0,0.000922464548534319,399.99999999999994,1
2026-09-22T18:45:00+00:00,433428.0,433428.0,433399.0,433399.0,0.4451,192915.4949,4
2026-09-22T19:00:00+00:00,434954.0,434954.0,434954.0,434954.0,0.0186,8090.1444,1
2026-09-22T19:15:00+00:00,434954.0,434954.0,434954.0,434954.0,0.0,0.0,0
2026-09-22T19:30:00+00:00,434954.0,434954.0,434954.0,434954.0,0.0,0.0,0
2026-09-22T19:45:00+00:00,434954.0,434954.0,434954.0,434954.0,0.0,0.0,0
2026-09-22T20:00:00+00:00,434275.0,434275.0,434275.0,434275.0,0.0023026883886938,1000.0,1
2026-09-22T20:15:00+00:00,434275.0,434275.0,434275.0,434275.0,0.0,0.0,0
2026-09-22T20:30:00+00:00,433880.0,433880.0,433880.0,433880.0,0.4,173552.0,2
2026-09-22T20:45:00+00:00,433880.0,433880.0,433880.0,433880.0,0.0,0.0,0
2026-09-22T21:00:00+00:00,433722.0,433722.0,433722.0,433722.0,0.002075061906013529,899.9999999999998,1
2026-09-22T21:15:00+00:00,433722.0,433722.0,433722.0,433722.0,0.0,0.0,0
2026-09-22T21:30:00+00:00,433722.0,433722.0,433722.0,433722.0,0.0,0.0,0
2026-09-22T21:45:00+00:00,433722.0,433722.0,433722.0,433722.0,0.0,0.0,0
2026-09-22T22:00:00+00:00,433722.0,433722.0,433722.0,433722.0,0.0,0.0,0
2026-09-22T22:15:00+00:00,433722.0,433722.0,433722.0,433722.0,0.0,0.0,0
2026-09-22T22:30:00+00:00,433880.0,433880.0,433880.0,433880.0,0.6,260328.0,3
2026-09-22T22:45:00+00:00,433880.0,433880.0,433880.0,433880.0,0.0,0.0,0
2026-09-22T23:00:00+00:00,434546.0,437833.0,434546.0,437833.0,1.1944,520794.6286,13
2026-09-22T23:15:00+00:00,437833.0,437833.0,437833.0,437833.0,0.0,0.0,0
2026-09-22T23:30:00+00:00,437833.0,437833.0,437833.0,437833.0,0.0,0.0,0
2026-09-22T23:45:00+00:00,437833.0,437833.0,437833.0,437833.0,0.0,0.0,0
2026-09-23T00:00:00+00:00,433320.0,433320.0,433319.0,433319.0,0.371,160761.639,3
2026-09-23T00:15:00+00:00,433319.0,433319.0,433319.0,433319.0,0.0,0.0,0
2026-09-23T00:30:00+00:00,433319.0,433319.0,433319.0,433319.0,0.0,0.0,0
2026-09-23T00:45:00+00:00,436101.0,436104.0,436101.0,436104.0,0.00019720120404943,85.99999999999962,2
2026-09-23T01:00:00+00:00,437072.0,437072.0,437072.0,437072.0,0.02287723761760076,9999.0,1
2026-09-23T01:15:00+00:00,437072.0,437072.0,437072.0,437072.0,0.0,0.0,0
2026-09-23T01:30:00+00:00,434563.0,434563.0,434563.0,434563.0,0.0233,10125.3179,1
2026-09-23T01:45:00+00:00,433223.0,434972.0,433223.0,434972.0,0.20582188738585472,89480.4095,3
2026-09-23T02:00:00+00:00,434972.0,434972.0,434972.0,434972.0,0.0,0.0,0
2026-09-23T02:15:00+00:00,434972.0,434972.0,434972.0,434972.0,0.0,0.0,0
2026-09-23T02:30:00+00:00,435992.0,435992.0,435992.0,435992.0,0.001,435.992,1
2026-09-23T02:45:00+00:00,436000.0,436000.0,436000.0,436000.0,0.0544,23718.4,1
2026-09-23T03:00:00+00:00,436000.0,436000.0,436000.0,436000.0,0.0,0.0,0
2026-09-23T03:15:00+00:00,436000.0,437000.0,436000.0,437000.0,2.863,1250185.4,20
2026-09-23T03:30:00+00:00,437000.0,439230.0,437000.0,438247.0,0.1715492293331512,75001.67,4
2026-09-23T03:45:00+00:00,438919.0,438919.0,437513.0,437513.0,0.044759782556690414,19644.513,2
2026-09-23T04:00:00+00:00,437513.0,437513.0,437513.0,437513.0,0.0,0.0,0
2026-09-23T04:15:00+00:00,438102.0,438102.0,438102.0,438102.0,0.0516,22606.0632,1
2026-09-23T04:30:00+00:00,439856.0,439958.0,439856.0,439958.0,0.4614311034235086,203000.0,3
2026-09-23T04:45:00+00:00,439958.0,439958.0,439958.0,439958.0,0.0,0.0,0
2026-09-23T05:00:00+00:00,439958.0,439958.0,439958.0,439958.0,0.0,0.0,0
2026-09-23T05:15:00+00:00,439958.0,439958.0,439958.0,439958.0,0.0,0.0,0
2026-09-23T05:30:00+00:00,439958.0,439958.0,439958.0,439958.0,0.0,0.0,0
2026-09-23T05:45:00+00:00,439958.0,439958.0,439958.0,439958.0,0.0,0.0,0
2026-09-23T06:00:00+00:00,435981.0,435981.0,435981.0,435981.0,0.0052,2267.1012,1
2026-09-23T06:15:00+00:00,435981.0,435981.0,435981.0,435981.0,0.0,0.0,0
2026-09-23T06:30:00+00:00,435981.0,435981.0,435981.0,435981.0,0.0,0.0,0
2026-09-23T06:45:00+00:00,435981.0,435981.0,435981.0,435981.0,0.0,0.0,0
2026-09-23T07:00:00+00:00,433857.0,433857.0,433857.0,433857.0,0.0022,954.4854,1
2026-09-23T07:15:00+00:00,433857.0,433857.0,433857.0,433857.0,0.0,0.0,0
2026-09-23T07:30:00+00:00,433857.0,433857.0,433857.0,433857.0,0.0,0.0,0
2026-09-23T07:45:00+00:00,432930.0,432930.0,432930.0,432930.0,0.0274,11862.282,1
2026-09-23T08:00:00+00:00,434411.0,434573.0,434411.0,434573.0,1.1505,499841.2365,6
2026-09-23T08:15:00+00:00,434239.0,434931.0,434239.0,434931.0,1.2183,529319.2373,9
2026-09-23T08:30:00+00:00,434537.0,434635.0,433446.0,433446.0,2.1607,937655.0867,10
2026-09-23T08:45:00+00:00,433756.0,433979.0,433358.0,433358.0,1.4195,615492.8262,9
2026-09-23T09:00:00+00:00,433390.0,439992.0,433390.0,433988.0,16.207261530781714,7075675.776,18
2026-09-23T09:15:00+00:00,433988.0,433988.0,433988.0,433988.0,0.0,0.0,0
2026-09-23T09:30:00+00:00,433988.0,433988.0,433988.0,433988.0,0.0,0.0,0
2026-09-23T09:45:00+00:00,433988.0,433988.0,433988.0,433988.0,0.0,0.0,0
2026-09-23T10:00:00+00:00,433988.0,433988.0,433988.0,433988.0,0.0,0.0,0
2026-09-23T10:15:00+00:00,432476.0,432476.0,432476.0,432476.0,0.004624534078191622,2000.0,1
2026-09-23T10:30:00+00:00,432486.0,432487.0,432486.0,432487.0,0.469,202836.203,2
2026-09-23T10:45:00+00:00,432487.0,432487.0,432487.0,432487.0,0.0,0.0,0
2026-09-23T11:00:00+00:00,432487.0,432487.0,432487.0,432487.0,0.0,0.0,0
2026-09-23T11:15:00+00:00,431448.0,433000.0,431448.0,433000.0,1.0392,448899.1046,6
2026-09-23T11:30:00+00:00,433000.0,433000.0,433000.0,433000.0,0.0,0.0,0
2026-09-23T11:45:00+00:00,431736.0,431896.0,431736.0,431896.0,1.8522,799861.8712,3
2026-09-23T12:00:00+00:00,431723.0,431724.0,431723.0,431724.0,0.007421424217555903,3203.9999999999995,2
2026-09-23T12:15:00+00:00,430521.0,430521.0,430000.0,430000.0,1.3988,601606.956,3
2026-09-23T12:30:00+00:00,432268.0,432269.0,431948.0,432132.0,2.0868,901910.5576,7
2026-09-23T12:45:00+00:00,429935.0,429935.0,429935.0,429935.0,0.0753,32374.1055,1
2026-09-23T13:00:00+00:00,429472.0,429472.0,428405.0,428405.0,2.0847,893870.6939,14
2026-09-23T13:15:00+00:00,428405.0,428405.0,428405.0,428405.0,0.0,0.0,0
2026-09-23T13:30:00+00:00,428405.0,428405.0,428405.0,428405.0,0.0,0.0,0
2026-09-23T13:45:00+00:00,428860.0,430856.0,428860.0,430856.0,1.0362,445581.832,6
2026-09-23T14:00:00+00:00,430929.0,432091.0,422000.0,422000.0,6.1457,2625652.6956,35
2026-09-23T14:15:00+00:00,422000.0,422000.0,422000.0,422000.0,0.0,0.0,0
2026-09-23T14:30:00+00:00,422000.0,422000.0,422000.0,422000.0,0.0,0.0,0
2026-09-23T14:45:00+00:00,422740.0,424686.0,422518.0,424686.0,2.2021,934527.9387,11
2026-09-23T15:00:00+00:00,425025.0,425025.0,425025.0,425025.0,0.0047,1997.6175,1
2026-09-23T15:15:00+00:00,425611.0,425611.0,425611.0,425611.0,0.000939825333461776,399.99999999999994,1
2026-09-23T15:30:00+00:00,425611.0,425611.0,425611.0,425611.0,0.0,0.0,0
2026-09-23T15:45:00+00:00,422277.0,422277.0,420998.0,420998.0,1.3,548557.5488,11
2026-09-23T16:00:00+00:00,420997.0,420997.0,417648.0,417833.0,2.5832118995847093,1080157.2568,26
2026-09-23T16:15:00+00:00,417833.0,417833.0,417833.0,417833.0,0.0,0.0,0
2026-09-23T16:30:00+00:00,422240.0,422240.0,422240.0,422240.0,0.08,33779.2,1
2026-09-23T16:45:00+00:00,421747.0,421747.0,421529.0,421529.0,0.0798,33646.7124,2
2026-09-23T17:00:00+00:00,421957.0,421957.0,419698.0,419698.0,0.4,168397.2534,6
2026-09-23T17:15:00+00:00,421733.0,421733.0,421733.0,421733.0,0.1518,64019.0694,1
2026-09-23T17:30:00+00:00,421803.0,421803.0,421631.0,421631.0,0.1072,45216.0432,2
2026-09-23T17:45:00+00:00,422214.0,422214.0,422214.0,422214.0,0.04,16888.56,1
2026-09-23T18:00:00+00:00,422189.0,422189.0,421522.0,421522.0,0.1261,53194.1823,4
2026-09-23T18:15:00+00:00,421522.0,421522.0,421522.0,421522.0,0.0,0.0,0
2026-09-23T18:30:00+00:00,421669.0,421669.0,421669.0,421669.0,0.0399,16824.5931,1
2026-09-23T18:45:00+00:00,421669.0,421669.0,421669.0,421669.0,0.0,0.0,0
2026-09-23T19:00:00+00:00,422150.0,422150.0,422150.0,422150.0,0.022,9287.3,1
2026-09-23T19:15:00+00:00,422150.0,422150.0,422150.0,422150.0,0.0,0.0,0
2026-09-23T19:30:00+00:00,423230.0,423639.0,423230.0,423639.0,0.0551,23336.2921,2
2026-09-23T19:45:00+00:00,423639.0,423639.0,423639.0,423639.0,0.0,0.0,0
2026-09-23T20:00:00+00:00,424244.0,424244.0,424244.0,424244.0,0.0,0.0,0
2026-09-23T20:15:00+00:00,423430.0,423430.0,423430.0,423430.0,0.0361,15285.823,1
2026-09-23T20:30:00+00:00,423430.0,423430.0,423430.0,423430.0,0.0,0.0,0
2026-09-23T20:45:00+00:00,423430.0,423430.0,423430.0,423430.0,0.0,0.0,0
2026-09-23T21:00:00+00:00,423430.0,423430.0,423430.0,423430.0,0.0,0.0,0
2026-09-23T21:15:00+00:00,423430.0,423430.0,423430.0,423430.0,0.0,0.0,0
2026-09-23T21:30:00+00:00,423430.0,423430.0,423430.0,423430.0,0.0,0.0,0
2026-09-23T21:45:00+00:00,423430.0,423430.0,423430.0,423430.0,0.0,0.0,0
2026-09-23T22:00:00+00:00,423430.0,423430.0,423430.0,423430.0,0.0,0.0,0
2026-09-23T22:15:00+00:00,426811.0,426811.0,426811.0,426811.0,0.002108661679291302,899.9999999999999,1
2026-09-23T22:30:00+00:00,426811.0,426811.0,426811.0,426811.0,0.0,0.0,0
2026-09-23T22:45:00+00:00,426811.0,426811.0,426811.0,426811.0,0.0,0.0,0
2026-09-23T23:00:00+00:00,426472.0,426472.0,426472.0,426472.0,0.009,3838.248,1
2026-09-23T23:15:00+00:00,426472.0,426472.0,426472.0,426472.0,0.0,0.0,0
2026-09-23T23:30:00+00:00,425494.0,425494.0,425494.0,425494.0,0.0178,7573.7932,1
2026-09-23T23:45:00+00:00,425494.0,425494.0,425494.0,425494.0,0.0,0.0,0
2026-09-24T00:00:00+00:00,426640.0,426693.0,426640.0,426693.0,1.2696,541717.689,6
2026-09-24T00:15:00+00:00,426535.0,426535.0,426535.0,426535.0,0.7699,328389.2965,5
2026-09-24T00:30:00+00:00,426535.0,426535.0,426535.0,426535.0,0.0,0.0,0
2026-09-24T00:45:00+00:00,426535.0,426535.0,426535.0,426535.0,0.0,0.0,0
2026-09-24T01:00:00+00:00,426535.0,426535.0,426535.0,426535.0,0.0,0.0,0
2026-09-24T01:15:00+00:00,424606.0,424606.0,424605.0,424605.0,0.0267,11336.9615,6
2026-09-24T01:30:00+00:00,424789.0,425116.0,424058.0,424463.0,24.4303,10382921.1138,18
2026-09-24T01:45:00+00:00,424463.0,424463.0,424463.0,424463.0,0.0,0.0,0
2026-09-24T02:00:00+00:00,422955.0,422955.0,421386.0,421533.0,11.5483,4876194.0081,37
2026-09-24T02:15:00+00:00,422886.0,422886.0,422856.0,422856.0,0.0781,33026.2506,2
2026-09-24T02:30:00+00:00,422857.0,423953.0,422759.0,423953.0,3.5866,1518715.6105,18
2026-09-24T02:45:00+00:00,424084.0,425370.0,424084.0,425370.0,4.743883549145449,2016920.9516,18
2026-09-24T03:00:00+00:00,424659.0,424659.0,423253.0,423253.0,0.8034,340800.2744,9
2026-09-24T03:15:00+00:00,424029.0,425032.0,422609.0,422609.0,3.4853,1479228.5974,18
2026-09-24T03:30:00+00:00,422629.0,422629.0,422629.0,422629.0,0.1,42262.9,1
2026-09-24T03:45:00+00:00,423023.0,423023.0,422857.0,422857.0,0.2784,117756.2734,7
2026-09-24T04:00:00+00:00,423098.0,423098.0,422156.0,422156.0,0.52,219640.2288,5
2026-09-24T04:15:00+00:00,422156.0,422156.0,422156.0,422156.0,0.0,0.0,0
2026-09-24T04:30:00+00:00,422156.0,422156.0,422156.0,422156.0,0.0,0.0,0
2026-09-24T04:45:00+00:00,422156.0,422156.0,422156.0,422156.0,0.0,0.0,0
2026-09-24T05:00:00+00:00,426435.0,426435.0,425204.0,425204.0,0.2466,105012.8864,3
2026-09-24T05:15:00+00:00,425203.0,425203.0,425203.0,425203.0,0.0416,17688.4448,1
2026-09-24T05:30:00+00:00,425203.0,425203.0,425203.0,425203.0,0.0,0.0,0
2026-09-24T05:45:00+00:00,426650.0,426650.0,425783.0,425783.0,0.6961,296956.4717,2
2026-09-24T06:00:00+00:00,425783.0,425783.0,425783.0,425783.0,0.0,0.0,0
2026-09-24T06:15:00+00:00,425965.0,425965.0,425965.0,425965.0,0.04,17038.6,1
2026-09-24T06:30:00+00:00,426396.0,426527.0,426396.0,426527.0,0.22,93833.32,2
2026-09-24T06:45:00+00:00,426527.0,426527.0,426527.0,426527.0,0.0,0.0,0
2026-09-24T07:00:00+00:00,425683.0,425683.0,425683.0,425683.0,0.0116,4937.9228,1
2026-09-24T07:15:00+00:00,426068.0,427000.0,426068.0,427000.0,1.2476812646370024,532606.8,4
2026-09-24T07:30:00+00:00,427000.0,427000.0,426678.0,426678.0,0.6251,266909.6178,6
2026-09-24T07:45:00+00:00,426750.0,426910.0,426718.0,426910.0,0.16,68283.2,3
2026-09-24T08:00:00+00:00,426639.0,426639.0,425896.0,425896.0,0.9642,410824.5254,25
2026-09-24T08:15:00+00:00,425552.0,425800.0,423373.0,423464.0,2.8724,1218632.8644,29
2026-09-24T08:30:00+00:00,423611.0,424044.0,423205.0,424044.0,0.5184,219574.6,6
2026-09-24T08:45:00+00:00,422100.0,422100.0,421501.0,421501.0,0.2295,96847.99,2
2026-09-24T09:00:00+00:00,423998.0,424330.0,423998.0,424330.0,2.3565,999768.4684,6
2026-09-24T09:15:00+00:00,422009.0,422009.0,422008.0,422008.0,1.2636,533250.4724,7
2026-09-24T09:30:00+00:00,421000.0,421000.0,418000.0,420719.0,3.8240234148182317,1602790.9404,30
2026-09-24T09:45:00+00:00,420719.0,420719.0,420719.0,420719.0,0.0,0.0,0
2026-09-24T10:00:00+00:00,420285.0,420285.0,420285.0,420285.0,0.005948344575704581,2500.0,1
2026-09-24T10:15:00+00:00,420285.0,420285.0,420285.0,420285.0,0.0,0.0,0
2026-09-24T10:30:00+00:00,420285.0,420285.0,420285.0,420285.0,0.0,0.0,0
2026-09-24T10:45:00+00:00,420385.0,420385.0,420385.0,420385.0,0.12,50446.2,1
2026-09-24T11:00:00+00:00,421714.0,421798.0,421013.0,421013.0,2.0932,882690.2764,19
2026-09-24T11:15:00+00:00,421435.0,421435.0,421435.0,421435.0,0.711,299640.285,3
2026-09-24T11:30:00+00:00,421435.0,421435.0,421435.0,421435.0,0.0,0.0,0
2026-09-24T11:45:00+00:00,421435.0,421435.0,421435.0,421435.0,0.0,0.0,0
2026-09-24T12:00:00+00:00,421592.0,422009.0,421592.0,422009.0,2.369989504252279,1000000.0,5
2026-09-24T12:15:00+00:00,421708.0,422009.0,420880.0,420880.0,1.376,580302.4911,8
2026-09-24T12:30:00+00:00,420880.0,420880.0,420880.0,420880.0,0.0,0.0,0
2026-09-24T12:45:00+00:00,420880.0,420880.0,420880.0,420880.0,0.0,0.0,0
2026-09-24T13:00:00+00:00,421174.0,422009.0,421174.0,421314.0,0.3948,166396.0511,5
2026-09-24T13:15:00+00:00,422009.0,422009.0,422009.0,422009.0,4.533310495747721,1913097.829,29
2026-09-24T13:30:00+00:00,423644.0,423644.0,423644.0,423644.0,0.7299,309217.7556,4
2026-09-24T13:45:00+00:00,423644.0,423644.0,423644.0,423644.0,0.0,0.0,0
2026-09-24T14:00:00+00:00,423644.0,423644.0,423644.0,423644.0,0.0,0.0,0
2026-09-24T14:15:00+00:00,425315.0,427838.0,425315.0,427838.0,4.1705187353629976,1775390.0411,25
2026-09-24T14:30:00+00:00,427415.0,428000.0,427415.0,427701.0,1.62,693031.0684,10
2026-09-24T14:45:00+00:00,422602.0,422602.0,422602.0,422602.0,0.12,50712.24,1
2026-09-24T15:00:00+00:00,422602.0,422602.0,422602.0,422602.0,0.0,0.0,0
2026-09-24T15:15:00+00:00,424586.0,425412.0,424586.0,425412.0,0.48237987456865344,205000.0,4
2026-09-24T15:30:00+00:00,425412.0,425412.0,425412.0,425412.0,0.0,0.0,0
2026-09-24T15:45:00+00:00,425412.0,425412.0,425412.0,425412.0,0.0,0.0,0
2026-09-24T16:00:00+00:00,425412.0,425412.0,425412.0,425412.0,0.0,0.0,0
2026-09-24T16:15:00+00:00,427999.0,427999.0,427999.0,427999.0,0.2322,99381.3678,2
2026-09-24T16:30:00+00:00,428000.0,428819.0,428000.0,428819.0,0.9363,400834.68,6
2026-09-24T16:45:00+00:00,427044.0,427045.0,427044.0,427045.0,0.538,229750.0579,2
2026-09-24T17:00:00+00:00,427045.0,427045.0,427045.0,427045.0,0.0,0.0,0
2026-09-24T17:15:00+00:00,427045.0,427045.0,427045.0,427045.0,0.0,0.0,0
2026-09-24T17:30:00+00:00,426481.0,426481.0,423844.0,423844.0,0.012137908136587562,5147.0527999999995,2
2026-09-24T17:45:00+00:00,423844.0,423844.0,423844.0,423844.0,0.0,0.0,0
2026-09-24T18:00:00+00:00,423844.0,423844.0,423844.0,423844.0,0.0,0.0,0
2026-09-24T18:15:00+00:00,423844.0,423844.0,423844.0,423844.0,0.0,0.0,0
2026-09-24T18:30:00+00:00,425781.0,425781.0,425781.0,425781.0,0.0026,1107.0306,1
2026-09-24T18:45:00+00:00,425781.0,425781.0,425781.0,425781.0,0.0,0.0,0
2026-09-24T19:00:00+00:00,425781.0,425781.0,425781.0,425781.0,0.0,0.0,0
2026-09-24T19:15:00+00:00,425781.0,425781.0,425781.0,425781.0,0.0,0.0,0
2026-09-24T19:30:00+00:00,428615.0,429024.0,428419.0,428937.0,0.4570258536280293,196000.0,5
2026-09-24T19:45:00+00:00,428882.0,428882.0,428882.0,428882.0,0.002331643668887945,999.9999999999997,1
2026-09-24T20:00:00+00:00,428882.0,428882.0,428882.0,428882.0,0.0,0.0,0
2026-09-24T20:15:00+00:00,428882.0,428882.0,428882.0,428882.0,0.0,0.0,0
2026-09-24T20:30:00+00:00,428882.0,428882.0,428882.0,428882.0,0.0,0.0,0
2026-09-24T20:45:00+00:00,428882.0,428882.0,428882.0,428882.0,0.0,0.0,0
2026-09-24T21:00:00+00:00,428882.0,428882.0,428882.0,428882.0,0.0,0.0,0
2026-09-24T21:15:00+00:00,428882.0,428882.0,428882.0,428882.0,0.0,0.0,0
2026-09-24T21:30:00+00:00,428882.0,428882.0,428882.0,428882.0,0.0,0.0,0
2026-09-24T21:45:00+00:00,427054.0,427054.0,427054.0,427054.0,0.0505,21566.227,1
2026-09-24T22:00:00+00:00,427054.0,427054.0,426061.0,426061.0,0.3707,158154.1091,4
2026-09-24T22:15:00+00:00,426061.0,426061.0,426061.0,426061.0,0.0,0.0,0
2026-09-24T22:30:00+00:00,426061.0,426061.0,426061.0,426061.0,0.0,0.0,0
2026-09-24T22:45:00+00:00,426061.0,426061.0,426061.0,426061.0,0.0,0.0,0
2026-09-24T23:00:00+00:00,426822.0,426822.0,426822.0,426822.0,0.000374863526247475,159.99999999999977,2
2026-09-24T23:15:00+00:00,426822.0,426822.0,426822.0,426822.0,0.0,0.0,0
2026-09-24T23:30:00+00:00,426822.0,426822.0,426822.0,426822.0,0.0,0.0,0
2026-09-24T23:45:00+00:00,426822.0,426822.0,426822.0,426822.0,0.0,0.0,0
2026-09-25T00:00:00+00:00,426822.0,426822.0,426822.0,426822.0,0.0,0.0,0
2026-09-25T00:15:00+00:00,426822.0,426822.0,426822.0,426822.0,0.0,0.0,0
2026-09-25T00:30:00+00:00,427416.0,428705.0,427416.0,428705.0,5.370011370989375,2300000.0,15
2026-09-25T00:45:00+00:00,426911.0,426911.0,426909.0,426909.0,0.39,166494.91,2
2026-09-25T01:00:00+00:00,426909.0,426909.0,426909.0,426909.0,0.0,0.0,0
2026-09-25T01:15:00+00:00,426909.0,426909.0,426909.0,426909.0,0.0,0.0,0
2026-09-25T01:30:00+00:00,426909.0,426909.0,426909.0,426909.0,0.0,0.0,0
2026-09-25T01:45:00+00:00,426909.0,426909.0,426909.0,426909.0,0.0,0.0,0
2026-09-25T02:00:00+00:00,427333.0,427871.0,427333.0,427871.0,0.419,179224.7946,3
2026-09-25T02:15:00+00:00,427914.0,427914.0,427000.0,427000.0,0.9085,388551.2942,9
2026-09-25T02:30:00+00:00,426000.0,426000.0,426000.0,426000.0,0.1716,73101.6,5
2026-09-25T02:45:00+00:00,425023.0,425023.0,423913.0,423913.0,0.567,240691.9322,4
2026-09-25T03:00:00+00:00,424869.0,424869.0,424869.0,424869.0,7.0653,3001826.9457,30
2026-09-25T03:15:00+00:00,424869.0,424869.0,424869.0,424869.0,0.0109,4631.0721,1
2026-09-25T03:30:00+00:00,424869.0,424869.0,424869.0,424869.0,0.0,0.0,0
2026-09-25T03:45:00+00:00,424565.0,424984.0,424565.0,424984.0,0.5884,249883.6969,4
2026-09-25T04:00:00+00:00,424723.0,424723.0,424723.0,424723.0,0.1,42472.3,1
2026-09-25T04:15:00+00:00,424141.0,424141.0,423711.0,423711.0,0.075,31808.726,2
2026-09-25T04:30:00+00:00,425114.0,426146.0,425114.0,426146.0,3.0558,1299803.148,14
2026-09-25T04:45:00+00:00,426146.0,426146.0,426146.0,426146.0,0.0,0.0,0
2026-09-25T05:00:00+00:00,424807.0,425032.0,424807.0,425032.0,1.3434,570920.6113,8
2026-09-25T05:15:00+00:00,425032.0,425032.0,425032.0,425032.0,0.0,0.0,0
2026-09-25T05:30:00+00:00,425032.0,425032.0,425032.0,425032.0,0.0,0.0,0
2026-09-25T05:45:00+00:00,425032.0,425032.0,425032.0,425032.0,0.0,0.0,0
2026-09-25T06:00:00+00:00,424295.0,424295.0,423985.0,423985.0,0.495,210019.825,4
2026-09-25T06:15:00+00:00,423985.0,423985.0,423985.0,423985.0,0.0,0.0,0
2026-09-25T06:30:00+00:00,422767.0,423356.0,422767.0,423356.0,0.3116,131751.8672,3
2026-09-25T06:45:00+00:00,422778.0,422778.0,422778.0,422778.0,0.2,84555.6,2
2026-09-25T07:00:00+00:00,422778.0,422778.0,422778.0,422778.0,0.20473061512188429,86555.6,3
2026-09-25T07:15:00+00:00,422778.0,424225.0,422778.0,424157.0,10.424269384878116,4421651.853,43
2026-09-25T07:30:00+00:00,424156.0,424156.0,422805.0,423353.0,9.084,3847865.48,38
2026-09-25T07:45:00+00:00,423324.0,424372.0,423324.0,424297.0,42.0517,17830203.8084,234
2026-09-25T08:00:00+00:00,423922.0,423922.0,423922.0,423922.0,0.0008,339.1376,1
2026-09-25T08:15:00+00:00,427278.0,428186.0,427278.0,428186.0,3.4943422514981806,1496000.0,9
2026-09-25T08:30:00+00:00,426742.0,427758.0,426742.0,426999.0,14.873682256403256,6361531.0,10
2026-09-25T08:45:00+00:00,426701.0,426701.0,426701.0,426701.0,1.169437146854589,499000.0,1
2026-09-25T09:00:00+00:00,426999.0,427905.0,426999.0,427905.0,3.4626,1479363.9651,28
2026-09-25T09:15:00+00:00,427427.0,427488.0,426585.0,426585.0,1.3694,585182.2472,7
2026-09-25T09:30:00+00:00,430000.0,430576.0,430000.0,430576.0,0.055360529151648026,23808.0212,3
2026-09-25T09:45:00+00:00,429329.0,430050.0,429054.0,429054.0,16.2123,6966142.935,8
2026-09-25T10:00:00+00:00,428079.0,428203.0,427688.0,428203.0,4.3535,1863691.9231,11
2026-09-25T10:15:00+00:00,426866.0,428796.0,426866.0,428796.0,1.4052,602415.7032,15
2026-09-25T10:30:00+00:00,428687.0,428687.0,428687.0,428687.0,0.0194,8316.5278,1
2026-09-25T10:45:00+00:00,429796.0,430268.0,428896.0,428896.0,16.0301,6895193.7301,15
2026-09-25T11:00:00+00:00,431999.0,432297.0,431999.0,432297.0,4.6335,2002550.5309,36
2026-09-25T11:15:00+00:00,432297.0,432297.0,431294.0,431593.0,0.1818426765494343,78503.5607,7
2026-09-25T11:30:00+00:00,431086.0,431086.0,431086.0,431086.0,0.01,4310.86,1
2026-09-25T11:45:00+00:00,430300.0,430300.0,429965.0,430042.0,1.1751368657014896,505327.2,8
2026-09-25T12:00:00+00:00,428079.0,428079.0,428079.0,428079.0,0.805,344603.595,1
2026-09-25T12:15:00+00:00,425874.0,425874.0,425791.0,425791.0,2.0368,867413.72,15
2026-09-25T12:30:00+00:00,428418.0,428526.0,428418.0,428526.0,0.522,223688.196,3
2026-09-25T12:45:00+00:00,428526.0,428526.0,428526.0,428526.0,0.0,0.0,0
2026-09-25T13:00:00+00:00,429240.0,430250.0,428627.0,428627.0,23.299,10016620.3581,57
2026-09-25T13:15:00+00:00,428627.0,428627.0,428627.0,428627.0,0.0,0.0,0
2026-09-25T13:30:00+00:00,428627.0,428627.0,428627.0,428627.0,0.0,0.0,0
2026-09-25T13:45:00+00:00,424011.0,424011.0,424011.0,424011.0,0.2204,93452.0244,2
2026-09-25T14:00:00+00:00,422000.0,422000.0,422000.0,422000.0,0.2385,100647.0,4
2026-09-25T14:15:00+00:00,422000.0,422000.0,422000.0,422000.0,0.0,0.0,0
2026-09-25T14:30:00+00:00,422000.0,422000.0,422000.0,422000.0,0.0,0.0,0
2026-09-25T14:45:00+00:00,425000.0,425000.0,424000.0,424000.0,0.6,254700.0,4
2026-09-25T15:00:00+00:00,425199.0,425199.0,425199.0,425199.0,0.1,42519.9,1
2026-09-25T15:15:00+00:00,426552.0,426552.0,426552.0,426552.0,0.000937752020855604,399.9999999999996,1
2026-09-25T15:30:00+00:00,426552.0,426552.0,426552.0,426552.0,0.0,0.0,0
2026-09-25T15:45:00+00:00,422000.0,422000.0,422000.0,422000.0,0.2311,97524.2,1
2026-09-25T16:00:00+00:00,422000.0,422000.0,422000.0,422000.0,0.0,0.0,0
2026-09-25T16:15:00+00:00,425638.0,425638.0,425638.0,425638.0,2.0181,858980.0478,1
2026-09-25T16:30:00+00:00,425638.0,425638.0,425638.0,425638.0,0.0,0.0,0
2026-09-25T16:45:00+00:00,425638.0,425638.0,425638.0,425638.0,0.0,0.0,0
2026-09-25T17:00:00+00:00,425638.0,425638.0,425638.0,425638.0,0.0,0.0,0
2026-09-25T17:15:00+00:00,425638.0,425638.0,425638.0,425638.0,0.0,0.0,0
2026-09-25T17:30:00+00:00,424622.0,424871.0,424622.0,424871.0,0.5179804943147449,220000.0,4
2026-09-25T17:45:00+00:00,424871.0,424871.0,424871.0,424871.0,0.0,0.0,0
2026-09-25T18:00:00+00:00,424979.0,426009.0,424979.0,426009.0,0.4521052372132983,192497.9,2
2026-09-25T18:15:00+00:00,426009.0,426009.0,426009.0,426009.0,0.0,0.0,0
2026-09-25T18:30:00+00:00,426009.0,426009.0,426009.0,426009.0,0.0,0.0,0
2026-09-25T18:45:00+00:00,425273.0,425273.0,425273.0,425273.0,0.0024,1020.6552,1
2026-09-25T19:00:00+00:00,425273.0,425273.0,425273.0,425273.0,0.0,0.0,0
2026-09-25T19:15:00+00:00,425398.0,425398.0,425398.0,425398.0,0.0391,16633.0618,1
2026-09-25T19:30:00+00:00,425398.0,425398.0,425398.0,425398.0,0.0,0.0,0
2026-09-25T19:45:00+00:00,425398.0,425398.0,425398.0,425398.0,0.0,0.0,0
2026-09-25T20:00:00+00:00,425398.0,425398.0,425398.0,425398.0,0.0,0.0,0
2026-09-25T20:15:00+00:00,425398.0,425398.0,425398.0,425398.0,0.0,0.0,0
2026-09-25T20:30:00+00:00,425398.0,425398.0,425398.0,425398.0,0.0,0.0,0
2026-09-25T20:45:00+00:00,425398.0,425398.0,425398.0,425398.0,0.0,0.0,0
2026-09-25T21:00:00+00:00,423544.0,423544.0,423544.0,423544.0,0.0002,84.7088,1
2026-09-25T21:15:00+00:00,423544.0,423544.0,423544.0,423544.0,0.0,0.0,0
2026-09-25T21:30:00+00:00,423472.0,423472.0,423472.0,423472.0,0.00425057618921676,1799.9999999999998,1
2026-09-25T21:45:00+00:00,423472.0,423472.0,423472.0,423472.0,0.0,0.0,0
2026-09-25T22:00:00+00:00,423472.0,423472.0,423472.0,423472.0,0.0,0.0,0
2026-09-25T22:15:00+00:00,423472.0,423472.0,423472.0,423472.0,0.0,0.0,0
2026-09-25T22:30:00+00:00,423472.0,423472.0,423472.0,423472.0,0.0,0.0,0
2026-09-25T22:45:00+00:00,423472.0,423472.0,423472.0,423472.0,0.0,0.0,0
2026-09-25T23:00:00+00:00,425449.0,425449.0,425449.0,425449.0,0.002350457986738716,1000.0,1
2026-09-25T23:15:00+00:00,425449.0,425449.0,425449.0,425449.0,0.0,0.0,0
2026-09-25T23:30:00+00:00,425449.0,425449.0,425449.0,425449.0,0.0,0.0,0
2026-09-25T23:45:00+00:00,425449.0,425449.0,425449.0,425449.0,0.0,0.0,0
2026-09-26T00:00:00+00:00,424065.0,424065.0,423869.0,423869.0,0.5,212012.4,4
2026-09-26T00:15:00+00:00,423527.0,423527.0,423527.0,423527.0,0.1,42352.7,1
2026-09-26T00:30:00+00:00,423986.0,429999.0,423986.0,429999.0,4.672628657275947,2000000.0,8
2026-09-26T00:45:00+00:00,429999.0,429999.0,429999.0,429999.0,0.0,0.0,0
2026-09-26T01:00:00+00:00,429999.0,429999.0,429999.0,429999.0,0.0,0.0,0
2026-09-26T01:15:00+00:00,423813.0,425000.0,423812.0,425000.0,2.3247,986507.69,16
2026-09-26T01:30:00+00:00,424985.0,425327.0,424985.0,425327.0,3.8629917686862107,1643000.0,3
2026-09-26T01:45:00+00:00,425732.0,425917.0,424337.0,424337.0,0.398,169394.246,4
2026-09-26T02:00:00+00:00,424337.0,424337.0,424337.0,424337.0,0.0,0.0,0
2026-09-26T02:15:00+00:00,424559.0,424559.0,424559.0,424559.0,0.0353,14986.9327,1
2026-09-26T02:30:00+00:00,424559.0,424559.0,424559.0,424559.0,0.0,0.0,0
2026-09-26T02:45:00+00:00,424559.0,424559.0,424559.0,424559.0,0.0,0.0,0
2026-09-26T03:00:00+00:00,425073.0,431000.0,425073.0,431000.0,4.371050881670533,1870800.0,12
2026-09-26T03:15:00+00:00,424667.0,424667.0,424667.0,424667.0,1.2054,511893.6018,2
2026-09-26T03:30:00+00:00,424667.0,424667.0,424667.0,424667.0,0.0,0.0,0
2026-09-26T03:45:00+00:00,424667.0,424667.0,424667.0,424667.0,0.0,0.0,0
2026-09-26T04:00:00+00:00,424667.0,424667.0,424667.0,424667.0,0.0,0.0,0
2026-09-26T04:15:00+00:00,424667.0,424667.0,424667.0,424667.0,0.0,0.0,0
2026-09-26T04:30:00+00:00,424667.0,424667.0,424667.0,424667.0,0.0,0.0,0
2026-09-26T04:45:00+00:00,425000.0,425000.0,425000.0,425000.0,0.1,42500.0,1
2026-09-26T05:00:00+00:00,425245.0,425436.0,425245.0,425436.0,0.45575362686749593,193837.0,3
2026-09-26T05:15:00+00:00,425204.0,425204.0,425204.0,425204.0,0.12934967686098908,55000.0,1
2026-09-26T05:30:00+00:00,424987.0,425393.0,424987.0,425393.0,3.5246,1499099.0678,4
2026-09-26T05:45:00+00:00,424660.0,424660.0,424000.0,424000.0,0.2104,89214.904,4
2026-09-26T06:00:00+00:00,424000.0,424000.0,424000.0,424000.0,0.0,0.0,0
2026-09-26T06:15:00+00:00,424000.0,424000.0,424000.0,424000.0,0.0,0.0,0
2026-09-26T06:30:00+00:00,424000.0,424000.0,423074.0,423074.0,2.016,853511.0938,14
2026-09-26T06:45:00+00:00,423598.0,423598.0,423312.0,423492.0,0.1848,78273.2926,3
2026-09-26T07:00:00+00:00,424078.0,424078.0,424078.0,424078.0,0.1,42407.8,1
2026-09-26T07:15:00+00:00,424077.0,424925.0,424077.0,424925.0,0.8857,376222.3429,3
2026-09-26T07:30:00+00:00,424925.0,424925.0,424925.0,424925.0,0.0,0.0,0
2026-09-26T07:45:00+00:00,424971.0,425053.0,424971.0,425053.0,0.7463,317210.0839,3
2026-09-26T08:00:00+00:00,424856.0,433032.0,424856.0,425464.0,19.185189004443238,8200862.0,20
2026-09-26T08:15:00+00:00,424027.0,425172.0,423914.0,423914.0,2.0328,863323.3311,8
2026-09-26T08:30:00+00:00,424849.0,424849.0,424849.0,424849.0,0.1,42484.9,1
2026-09-26T08:45:00+00:00,424189.0,425748.0,424189.0,425698.0,3.633768176149284,1546684.2738,8
2026-09-26T09:00:00+00:00,424191.0,425547.0,423000.0,423000.0,9.851628848752311,4189278.5607,13
2026-09-26T09:15:00+00:00,424215.0,424529.0,423049.0,423049.0,0.21785154842189816,92304.9,3
2026-09-26T09:30:00+00:00,423049.0,423049.0,423049.0,423049.0,0.0,0.0,0
2026-09-26T09:45:00+00:00,423121.0,430991.0,423121.0,423122.0,5.036181781290097,2143730.45,18
2026-09-26T10:00:00+00:00,423755.0,424522.0,423755.0,423756.0,0.9097,385853.419,5
2026-09-26T10:15:00+00:00,424022.0,424022.0,423874.0,423874.0,0.2193,92970.4582,3
2026-09-26T10:30:00+00:00,423611.0,423611.0,423611.0,423611.0,0.000542950962085497,229.99999999999946,2
2026-09-26T10:45:00+00:00,423611.0,423611.0,423611.0,423611.0,0.0,0.0,0
2026-09-26T11:00:00+00:00,423611.0,423611.0,423611.0,423611.0,0.0,0.0,0
2026-09-26T11:15:00+00:00,425112.0,425112.0,425112.0,425112.0,0.5534,235256.9808,2
2026-09-26T11:30:00+00:00,425112.0,425112.0,425112.0,425112.0,0.0,0.0,0
2026-09-26T11:45:00+00:00,425139.0,425139.0,425139.0,425139.0,0.04233909380226232,18000.0,1
2026-09-26T12:00:00+00:00,424956.0,424956.0,424956.0,424956.0,2.0064,852631.7184,2
2026-09-26T12:15:00+00:00,425178.0,425179.0,425178.0,425179.0,0.3527930589234181,150000.0,2
2026-09-26T12:30:00+00:00,424262.0,424262.0,424262.0,424262.0,0.1,42426.2,1
2026-09-26T12:45:00+00:00,424262.0,424262.0,424262.0,424262.0,0.0,0.0,0
2026-09-26T13:00:00+00:00,424262.0,424262.0,424262.0,424262.0,0.0,0.0,0
2026-09-26T13:15:00+00:00,424262.0,424262.0,424262.0,424262.0,0.0,0.0,0
2026-09-26T13:30:00+00:00,424262.0,424262.0,424262.0,424262.0,0.0,0.0,0
2026-09-26T13:45:00+00:00,424861.0,425106.0,424861.0,425106.0,2.3527616641496474,1000000.0,4
2026-09-26T14:00:00+00:00,425106.0,425106.0,425106.0,425106.0,0.0,0.0,0
2026-09-26T14:15:00+00:00,425106.0,425106.0,425106.0,425106.0,0.0,0.0,0
2026-09-26T14:30:00+00:00,424191.0,424191.0,424191.0,424191.0,0.1,42419.1,1
2026-09-26T14:45:00+00:00,424191.0,424191.0,424191.0,424191.0,0.1,42419.1,1
2026-09-26T15:00:00+00:00,424191.0,424191.0,424191.0,424191.0,0.0,0.0,0
2026-09-26T15:15:00+00:00,424191.0,424191.0,424191.0,424191.0,0.0,0.0,0
2026-09-26T15:30:00+00:00,424191.0,424191.0,424191.0,424191.0,0.0,0.0,0
2026-09-26T15:45:00+00:00,424191.0,424191.0,424191.0,424191.0,0.0,0.0,0
2026-09-26T16:00:00+00:00,424191.0,424191.0,424191.0,424191.0,0.0,0.0,0
2026-09-26T16:15:00+00:00,424191.0,424191.0,424191.0,424191.0,0.0,0.0,0
2026-09-26T16:30:00+00:00,424191.0,424191.0,424191.0,424191.0,0.0,0.0,0
2026-09-26T16:45:00+00:00,424191.0,424191.0,424191.0,424191.0,0.0,0.0,0
2026-09-26T17:00:00+00:00,425201.0,425201.0,425201.0,425201.0,0.000940731559897554,399.9999999999999,1
2026-09-26T17:15:00+00:00,425201.0,425201.0,425201.0,425201.0,0.0,0.0,0
2026-09-26T17:30:00+00:00,425201.0,425201.0,425201.0,425201.0,0.0,0.0,0
2026-09-26T17:45:00+00:00,425201.0,425201.0,425201.0,425201.0,0.0,0.0,0
2026-09-26T18:00:00+00:00,425201.0,425201.0,425201.0,425201.0,0.0,0.0,0
2026-09-26T18:15:00+00:00,425201.0,425201.0,425201.0,425201.0,0.0,0.0,0
2026-09-26T18:30:00+00:00,425201.0,425201.0,425201.0,425201.0,0.0,0.0,0
2026-09-26T18:45:00+00:00,425201.0,425201.0,425201.0,425201.0,0.0,0.0,0
2026-09-26T19:00:00+00:00,425201.0,425201.0,425201.0,425201.0,0.0,0.0,0
2026-09-26T19:15:00+00:00,425201.0,425201.0,425201.0,425201.0,0.0,0.0,0
2026-09-26T19:30:00+00:00,425201.0,425201.0,425201.0,425201.0,0.0,0.0,0
2026-09-26T19:45:00+00:00,425201.0,425201.0,425201.0,425201.0,0.0,0.0,0
2026-09-26T20:00:00+00:00,425201.0,425201.0,425201.0,425201.0,0.0,0.0,0
2026-09-26T20:15:00+00:00,425201.0,425201.0,425201.0,425201.0,0.0,0.0,0
2026-09-26T20:30:00+00:00,424000.0,424000.0,421824.0,421824.0,2.6821,1134148.986,15
2026-09-26T20:45:00+00:00,421000.0,421000.0,421000.0,421000.0,0.3,126300.0,1
2026-09-26T21:00:00+00:00,421000.0,421000.0,421000.0,421000.0,0.0,0.0,0
2026-09-26T21:15:00+00:00,421000.0,421000.0,421000.0,421000.0,0.0,0.0,0
2026-09-26T21:30:00+00:00,421000.0,421000.0,421000.0,421000.0,0.0,0.0,0
2026-09-26T21:45:00+00:00,421000.0,421000.0,421000.0,421000.0,0.0,0.0,0
2026-09-26T22:00:00+00:00,424639.0,424639.0,424639.0,424639.0,0.002119447342330779,899.9999999999997,1
2026-09-26T22:15:00+00:00,424639.0,424639.0,424639.0,424639.0,0.0,0.0,0
2026-09-26T22:30:00+00:00,424639.0,424639.0,424639.0,424639.0,0.0,0.0,0
2026-09-26T22:45:00+00:00,424639.0,424639.0,424639.0,424639.0,0.0,0.0,0
2026-09-26T23:00:00+00:00,425385.0,425385.0,425385.0,425385.0,0.002350811617711014,999.9999999999997,1
2026-09-26T23:15:00+00:00,425385.0,425385.0,425385.0,425385.0,0.0,0.0,0
2026-09-26T23:30:00+00:00,425385.0,425385.0,425385.0,425385.0,0.0,0.0,0
2026-09-26T23:45:00+00:00,425385.0,425385.0,425385.0,425385.0,0.0,0.0,0
2026-09-27T00:00:00+00:00,424696.0,424696.0,424696.0,424696.0,0.1387,58905.3352,1
2026-09-27T00:15:00+00:00,425464.0,425464.0,424379.0,424379.0,0.21999373513010279,93478.5128,4
2026-09-27T00:30:00+00:00,424379.0,424379.0,424379.0,424379.0,0.0,0.0,0
2026-09-27T00:45:00+00:00,424870.0,424870.0,424870.0,424870.0,0.1,42487.0,1
2026-09-27T01:00:00+00:00,424870.0,424870.0,424870.0,424870.0,0.0,0.0,0
2026-09-27T01:15:00+00:00,424604.0,424604.0,424604.0,424604.0,0.0025670978134921,1089.9999999999995,1
2026-09-27T01:30:00+00:00,424604.0,424604.0,424604.0,424604.0,0.0,0.0,0
2026-09-27T01:45:00+00:00,424604.0,424604.0,424604.0,424604.0,0.0,0.0,0
2026-09-27T02:00:00+00:00,424604.0,424604.0,424604.0,424604.0,0.0,0.0,0
2026-09-27T02:15:00+00:00,424604.0,424604.0,424604.0,424604.0,0.0,0.0,0
2026-09-27T02:30:00+00:00,426085.0,426085.0,425678.0,425678.0,0.0604,25731.3012,2
2026-09-27T02:45:00+00:00,426503.0,426503.0,421893.0,425398.0,4.6924446511300335,1987384.818,15
2026-09-27T03:00:00+00:00,425398.0,425398.0,425398.0,425398.0,0.0,0.0,0
2026-09-27T03:15:00+00:00,425398.0,425398.0,425398.0,425398.0,0.0,0.0,0
2026-09-27T03:30:00+00:00,425398.0,425398.0,425398.0,425398.0,0.0,0.0,0
2026-09-27T03:45:00+00:00,425398.0,425398.0,425398.0,425398.0,0.0,0.0,0
2026-09-27T04:00:00+00:00,425197.0,425217.0,425197.0,425217.0,0.99,420950.12,4
2026-09-27T04:15:00+00:00,425646.0,425682.0,425646.0,425682.0,0.0688,29285.4816,2
2026-09-27T04:30:00+00:00,425362.0,425362.0,425042.0,425046.0,0.6092053850602546,258982.743,4
2026-09-27T04:45:00+00:00,425046.0,425046.0,425046.0,425046.0,0.0,0.0,0
2026-09-27T05:00:00+00:00,425046.0,425046.0,425046.0,425046.0,0.0,0.0,0
2026-09-27T05:15:00+00:00,425617.0,425757.0,425617.0,425757.0,0.9395,399873.8015,4
2026-09-27T05:30:00+00:00,425757.0,425757.0,425757.0,425757.0,0.0,0.0,0
2026-09-27T05:45:00+00:00,425757.0,425757.0,425757.0,425757.0,0.0,0.0,0
2026-09-27T06:00:00+00:00,426886.0,426886.0,426886.0,426886.0,0.010876440080021364,4643.0,1
2026-09-27T06:15:00+00:00,426886.0,426886.0,426886.0,426886.0,0.0,0.0,0
2026-09-27T06:30:00+00:00,426886.0,426886.0,426886.0,426886.0,0.0,0.0,0
2026-09-27T06:45:00+00:00,427300.0,427334.0,427300.0,427334.0,0.4634,198016.4756,3
2026-09-27T07:00:00+00:00,426670.0,426670.0,426670.0,426670.0,0.1,42667.0,1
2026-09-27T07:15:00+00:00,426670.0,426670.0,426670.0,426670.0,0.0,0.0,0
2026-09-27T07:30:00+00:00,426383.0,426670.0,426383.0,426670.0,1.3154,561237.2982,11
2026-09-27T07:45:00+00:00,426670.0,426670.0,426670.0,426670.0,0.0467,19925.489,3
2026-09-27T08:00:00+00:00,426670.0,426670.0,426670.0,426670.0,0.0,0.0,0
2026-09-27T08:15:00+00:00,427499.0,427499.0,427499.0,427499.0,0.001,427.499,1
2026-09-27T08:30:00+00:00,427471.0,428159.0,427470.0,427906.0,0.3796,162311.581,6
2026-09-27T08:45:00+00:00,427347.0,427347.0,427347.0,427347.0,0.0076,3247.8372,1
2026-09-27T09:00:00+00:00,427358.0,427358.0,427358.0,427358.0,0.0106,4529.9948,1
2026-09-27T09:15:00+00:00,427358.0,427358.0,427358.0,427358.0,0.0,0.0,0
2026-09-27T09:30:00+00:00,426907.0,426907.0,426906.0,426906.0,0.19,81112.23,2
2026-09-27T09:45:00+00:00,426906.0,426906.0,426906.0,426906.0,0.1808,77184.6048,2
2026-09-27T10:00:00+00:00,428282.0,428475.0,428180.0,428475.0,0.002736719448124107,1171.999999999999,4
2026-09-27T10:15:00+00:00,428475.0,428475.0,428475.0,428475.0,0.0,0.0,0
2026-09-27T10:30:00+00:00,428475.0,428475.0,428475.0,428475.0,0.0,0.0,0
2026-09-27T10:45:00+00:00,426871.0,426871.0,426871.0,426871.0,0.7339,313280.6269,5
2026-09-27T11:00:00+00:00,426871.0,426871.0,426871.0,426871.0,0.0,0.0,0
2026-09-27T11:15:00+00:00,426871.0,426871.0,426871.0,426871.0,0.0,0.0,0
2026-09-27T11:30:00+00:00,426594.0,426594.0,426575.0,426575.0,0.5,213289.4,2
2026-09-27T11:45:00+00:00,426575.0,426575.0,426575.0,426575.0,0.0,0.0,0
2026-09-27T12:00:00+00:00,426871.0,426871.0,426871.0,426871.0,0.1,42687.1,2
2026-09-27T12:15:00+00:00,426871.0,426871.0,426871.0,426871.0,0.0,0.0,0
2026-09-27T12:30:00+00:00,426871.0,426871.0,426871.0,426871.0,0.0,0.0,0
2026-09-27T12:45:00+00:00,426871.0,426871.0,426871.0,426871.0,0.0,0.0,0
2026-09-27T13:00:00+00:00,426575.0,426575.0,426575.0,426575.0,1.4754,629368.755,7
2026-09-27T13:15:00+00:00,426575.0,426575.0,426575.0,426575.0,0.0,0.0,0
2026-09-27T13:30:00+00:00,426576.0,426576.0,426156.0,426156.0,0.2,85273.2,2
2026-09-27T13:45:00+00:00,426156.0,426156.0,426156.0,426156.0,0.0,0.0,0
2026-09-27T14:00:00+00:00,426156.0,426156.0,426156.0,426156.0,0.0,0.0,0
2026-09-27T14:15:00+00:00,426129.0,426129.0,426129.0,426129.0,0.1,42612.9,1
2026-09-27T14:30:00+00:00,426129.0,426129.0,426129.0,426129.0,0.0,0.0,0
2026-09-27T14:45:00+00:00,426129.0,426129.0,426129.0,426129.0,0.0,0.0,0
2026-09-27T15:00:00+00:00,423946.0,424075.0,423946.0,424075.0,0.353768814478571,150000.0,4
2026-09-27T15:15:00+00:00,424075.0,424075.0,424075.0,424075.0,0.0,0.0,0
2026-09-27T15:30:00+00:00,424429.0,424429.0,424429.0,424429.0,0.000942442670034328,399.9999999999998,1
2026-09-27T15:45:00+00:00,424429.0,424429.0,424429.0,424429.0,0.0,0.0,0
2026-09-27T16:00:00+00:00,424429.0,424429.0,424429.0,424429.0,0.0,0.0,0
2026-09-27T16:15:00+00:00,424429.0,424429.0,424429.0,424429.0,0.0,0.0,0
2026-09-27T16:30:00+00:00,424429.0,424429.0,424429.0,424429.0,0.0,0.0,0
2026-09-27T16:45:00+00:00,424429.0,424429.0,424429.0,424429.0,0.0,0.0,0
2026-09-27T17:00:00+00:00,424429.0,424429.0,424429.0,424429.0,0.0,0.0,0
2026-09-27T17:15:00+00:00,424429.0,424429.0,424429.0,424429.0,0.0,0.0,0
2026-09-27T17:30:00+00:00,424429.0,424429.0,424429.0,424429.0,0.0,0.0,0
2026-09-27T17:45:00+00:00,424429.0,424429.0,424429.0,424429.0,0.0,0.0,0
2026-09-27T18:00:00+00:00,424429.0,424429.0,424429.0,424429.0,0.0,0.0,0
2026-09-27T18:15:00+00:00,424429.0,424429.0,424429.0,424429.0,0.0,0.0,0
2026-09-27T18:30:00+00:00,424429.0,424429.0,424429.0,424429.0,0.0,0.0,0
2026-09-27T18:45:00+00:00,424429.0,424429.0,424429.0,424429.0,0.0,0.0,0
2026-09-27T19:00:00+00:00,424429.0,424429.0,424429.0,424429.0,0.0,0.0,0
2026-09-27T19:15:00+00:00,424429.0,424429.0,424429.0,424429.0,0.0,0.0,0
2026-09-27T19:30:00+00:00,424429.0,424429.0,424429.0,424429.0,0.0,0.0,0
2026-09-27T19:45:00+00:00,424769.0,424769.0,424769.0,424769.0,0.002354220764697988,999.9999999999997,1
2026-09-27T20:00:00+00:00,424769.0,424769.0,424769.0,424769.0,0.0,0.0,0
2026-09-27T20:15:00+00:00,424769.0,424769.0,424769.0,424769.0,0.0,0.0,0
2026-09-27T20:30:00+00:00,424769.0,424769.0,424769.0,424769.0,0.0,0.0,0
2026-09-27T20:45:00+00:00,424769.0,424769.0,424769.0,424769.0,0.0,0.0,0
2026-09-27T21:00:00+00:00,424501.0,424501.0,424501.0,424501.0,0.000647819439765747,274.9999999999994,2
2026-09-27T21:15:00+00:00,424501.0,424501.0,424501.0,424501.0,0.0,0.0,0
2026-09-27T21:30:00+00:00,424500.0,424500.0,424500.0,424500.0,0.0019,806.55,1
2026-09-27T21:45:00+00:00,424500.0,424500.0,424500.0,424500.0,0.0,0.0,0
2026-09-27T22:00:00+00:00,423138.0,423138.0,422000.0,422000.0,1.1870269656707741,500927.8,2
2026-09-27T22:15:00+00:00,422000.0,422000.0,422000.0,422000.0,0.0,0.0,0
2026-09-27T22:30:00+00:00,422000.0,422000.0,422000.0,422000.0,0.0,0.0,0
2026-09-27T22:45:00+00:00,422000.0,422000.0,422000.0,422000.0,0.0,0.0,0
2026-09-27T23:00:00+00:00,422000.0,422000.0,422000.0,422000.0,0.0,0.0,0
2026-09-27T23:15:00+00:00,422000.0,422000.0,422000.0,422000.0,0.0,0.0,0
2026-09-27T23:30:00+00:00,423877.0,423877.0,423877.0,423877.0,0.025,10596.925,1
2026-09-27T23:45:00+00:00,423877.0,423877.0,423877.0,423877.0,0.0,0.0,0
2026-09-28T00:00:00+00:00,423877.0,423877.0,423877.0,423877.0,0.0,0.0,0
2026-09-28T00:15:00+00:00,425544.0,425544.0,425544.0,425544.0,0.7,297880.8,4
2026-09-28T00:30:00+00:00,423964.0,424137.0,423964.0,424137.0,0.7075586426084025,300000.0,5
2026-09-28T00:45:00+00:00,424137.0,424137.0,424137.0,424137.0,0.0,0.0,0
2026-09-28T01:00:00+00:00,423108.0,423108.0,421922.0,421922.0,0.7534,318099.7021,8
2026-09-28T01:15:00+00:00,421604.0,422767.0,421510.0,422767.0,0.3214,135687.0112,4
2026-09-28T01:30:00+00:00,422765.0,423440.0,421501.0,421501.0,2.1609761595503496,913449.2961,17
2026-09-28T01:45:00+00:00,421505.0,421505.0,420000.0,420151.0,1.7315,727342.6999,11
2026-09-28T02:00:00+00:00,419707.0,419707.0,418988.0,418988.0,0.4078,170917.6945,4
2026-09-28T02:15:00+00:00,418988.0,418988.0,418988.0,418988.0,0.0,0.0,0
2026-09-28T02:30:00+00:00,419483.0,419483.0,418532.0,418532.0,0.1881,78811.9017,4
2026-09-28T02:45:00+00:00,418632.0,419302.0,418588.0,419302.0,1.0616,445058.5054,5
2026-09-28T03:00:00+00:00,419558.0,420469.0,419558.0,420469.0,0.1378,57847.524,4
2026-09-28T03:15:00+00:00,419443.0,420061.0,418000.0,418000.0,1.4567,610097.4616,19
2026-09-28T03:30:00+00:00,418000.0,418145.0,418000.0,418135.0,0.2638,110297.0783,4
2026-09-28T03:45:00+00:00,418135.0,418135.0,418135.0,418135.0,0.0,0.0,0
2026-09-28T04:00:00+00:00,419059.0,419059.0,418365.0,418365.0,0.7039,294552.9141,5
2026-09-28T04:15:00+00:00,418365.0,418365.0,418365.0,418365.0,0.0,0.0,0
2026-09-28T04:30:00+00:00,418365.0,418365.0,418365.0,418365.0,0.0,0.0,0
2026-09-28T04:45:00+00:00,419996.0,419996.0,419996.0,419996.0,0.0103,4325.9588,1
2026-09-28T05:00:00+00:00,420230.0,420488.0,419528.0,419528.0,0.5203,218730.8696,3
2026-09-28T05:15:00+00:00,419528.0,419528.0,419528.0,419528.0,0.0,0.0,0
2026-09-28T05:30:00+00:00,418754.0,419037.0,417308.0,417308.0,5.7292810606223314,2399480.8,11
2026-09-28T05:45:00+00:00,417308.0,417308.0,417308.0,417308.0,0.0,0.0,0
2026-09-28T06:00:00+00:00,419044.0,419044.0,419044.0,419044.0,0.2625,109999.05,2
2026-09-28T06:15:00+00:00,418588.0,418897.0,418481.0,418897.0,0.5114933938414455,214152.3296,5
2026-09-28T06:30:00+00:00,418897.0,418897.0,418897.0,418897.0,0.0,0.0,0
2026-09-28T06:45:00+00:00,418466.0,419034.0,418466.0,419034.0,11.9322,4999400.7068,14
2026-09-28T07:00:00+00:00,418385.0,419181.0,417945.0,417945.0,3.9793784646727786,1666914.507,17
2026-09-28T07:15:00+00:00,417455.0,417455.0,417209.0,417209.0,0.1512,63107.997,3
2026-09-28T07:30:00+00:00,417127.0,418351.0,417127.0,418351.0,2.782734049159677,1163732.5228,9
2026-09-28T07:45:00+00:00,417246.0,417477.0,417246.0,417477.0,2.4116054374252953,1006680.1072,8
2026-09-28T08:00:00+00:00,416001.0,416001.0,416000.0,416000.0,0.5,208000.45,2
2026-09-28T08:15:00+00:00,416709.0,416709.0,416000.0,416000.0,1.2496,520684.1164,2
2026-09-28T08:30:00+00:00,416000.0,416000.0,416000.0,416000.0,0.0,0.0,0
2026-09-28T08:45:00+00:00,416000.0,416000.0,416000.0,416000.0,0.0,0.0,0
2026-09-28T09:00:00+00:00,416661.0,416661.0,414726.0,414728.0,1.0180118009803878,422390.7288,15
2026-09-28T09:15:00+00:00,417362.0,417362.0,416407.0,416407.0,0.04005031603260479,16677.28,2
2026-09-28T09:30:00+00:00,415769.0,415769.0,415158.0,415158.0,0.0599,24892.4042,2
2026-09-28T09:45:00+00:00,415158.0,415158.0,415158.0,415158.0,0.0,0.0,0
2026-09-28T10:00:00+00:00,415158.0,415158.0,415158.0,415158.0,0.0,0.0,0
2026-09-28T10:15:00+00:00,415158.0,415158.0,415158.0,415158.0,0.0,0.0,0
2026-09-28T10:30:00+00:00,417096.0,417096.0,417096.0,417096.0,0.1,41709.6,1
2026-09-28T10:45:00+00:00,418066.0,418066.0,418066.0,418066.0,0.00797242540651476,3332.9999999999995,1
2026-09-28T11:00:00+00:00,418700.0,418700.0,418700.0,418700.0,0.0117,4898.79,1
2026-09-28T11:15:00+00:00,418700.0,419292.0,418643.0,419292.0,0.267784972763611,112136.2533,8
2026-09-28T11:30:00+00:00,419292.0,419292.0,419292.0,419292.0,0.0,0.0,0
2026-09-28T11:45:00+00:00,419292.0,419292.0,419292.0,419292.0,0.0,0.0,0
2026-09-28T12:00:00+00:00,419800.0,423026.0,419800.0,422779.0,19.1051,8076897.1429,33
2026-09-28T12:15:00+00:00,421700.0,421700.0,421700.0,421700.0,0.06,25302.0,3
2026-09-28T12:30:00+00:00,421700.0,421700.0,421700.0,421700.0,0.0,0.0,0
2026-09-28T12:45:00+00:00,421700.0,421700.0,421700.0,421700.0,0.0,0.0,0
2026-09-28T13:00:00+00:00,422100.0,422100.0,422100.0,422100.0,0.034,14351.4,1
2026-09-28T13:15:00+00:00,422379.0,422379.0,422128.0,422128.0,0.3489,147305.5592,2
2026-09-28T13:30:00+00:00,423133.0,423133.0,422100.0,422100.0,0.35839685678025585,151459.1068,5
2026-09-28T13:45:00+00:00,423981.0,423981.0,423981.0,423981.0,0.010000448133288991,4240.0,1
2026-09-28T14:00:00+00:00,422100.0,422100.0,421879.0,422000.0,0.3232,136395.47,4
2026-09-28T14:15:00+00:00,423220.0,423220.0,420967.0,420967.0,7.8237,3310921.014,6
2026-09-28T14:30:00+00:00,420734.0,421995.0,419543.0,420433.0,26.2013,11036465.0552,76
2026-09-28T14:45:00+00:00,419624.0,419624.0,419624.0,419624.0,0.0023,965.1352,1
2026-09-28T15:00:00+00:00,419624.0,419624.0,419624.0,419624.0,0.0,0.0,0
2026-09-28T15:15:00+00:00,419675.0,419675.0,419675.0,419675.0,0.002382796211354023,999.9999999999997,1
2026-09-28T15:30:00+00:00,419675.0,419675.0,419675.0,419675.0,0.0,0.0,0
2026-09-28T15:45:00+00:00,419675.0,419675.0,419675.0,419675.0,0.0,0.0,0
2026-09-28T16:00:00+00:00,419675.0,419675.0,419675.0,419675.0,0.0,0.0,0
2026-09-28T16:15:00+00:00,423813.0,423813.0,423813.0,423813.0,0.001,423.813,1
2026-09-28T16:30:00+00:00,424654.0,424654.0,424654.0,424654.0,0.02354858308175597,10000.0,1
2026-09-28T16:45:00+00:00,424654.0,424654.0,424654.0,424654.0,0.0,0.0,0
2026-09-28T17:00:00+00:00,426000.0,426275.0,426000.0,426275.0,1.7962,765346.2,7
2026-09-28T17:15:00+00:00,426275.0,426275.0,426275.0,426275.0,0.0,0.0,0
2026-09-28T17:30:00+00:00,426275.0,426275.0,426275.0,426275.0,0.0,0.0,0
2026-09-28T17:45:00+00:00,425484.0,425484.0,425484.0,425484.0,0.000940105855919376,399.9999999999998,1
2026-09-28T18:00:00+00:00,425484.0,425484.0,425484.0,425484.0,0.0,0.0,0
2026-09-28T18:15:00+00:00,425484.0,425484.0,425484.0,425484.0,0.0,0.0,0
2026-09-28T18:30:00+00:00,425484.0,425484.0,425484.0,425484.0,0.0,0.0,0
2026-09-28T18:45:00+00:00,425484.0,425484.0,425484.0,425484.0,0.0,0.0,0
2026-09-28T19:00:00+00:00,423900.0,423900.0,423900.0,423900.0,0.0117,4959.63,1
2026-09-28T19:15:00+00:00,423900.0,423900.0,423900.0,423900.0,0.0,0.0,0
2026-09-28T19:30:00+00:00,423900.0,423900.0,423900.0,423900.0,0.0,0.0,0
2026-09-28T19:45:00+00:00,421865.0,421865.0,421865.0,421865.0,0.002370426558259158,999.9999999999997,1
2026-09-28T20:00:00+00:00,422172.0,423383.0,420999.0,422270.0,0.190684986269506,80463.784,8
2026-09-28T20:15:00+00:00,422270.0,422270.0,422270.0,422270.0,0.0,0.0,0
2026-09-28T20:30:00+00:00,422999.0,422999.0,422999.0,422999.0,0.023640717826756093,10000.0,1
2026-09-28T20:45:00+00:00,422999.0,422999.0,422999.0,422999.0,0.0,0.0,0
2026-09-28T21:00:00+00:00,422999.0,422999.0,422999.0,422999.0,0.0,0.0,0
2026-09-28T21:15:00+00:00,422999.0,422999.0,422999.0,422999.0,0.0,0.0,0
2026-09-28T21:30:00+00:00,422142.0,422142.0,422142.0,422142.0,0.0004,168.8568,1
2026-09-28T21:45:00+00:00,422142.0,422142.0,422142.0,422142.0,0.0,0.0,0
2026-09-28T22:00:00+00:00,422142.0,422142.0,422142.0,422142.0,0.0,0.0,0
2026-09-28T22:15:00+00:00,422142.0,422142.0,422142.0,422142.0,0.0,0.0,0
2026-09-28T22:30:00+00:00,422142.0,422142.0,422142.0,422142.0,0.0,0.0,0
2026-09-28T22:45:00+00:00,422912.0,422912.0,422912.0,422912.0,0.1,42291.2,1
2026-09-28T23:00:00+00:00,422912.0,423567.0,422912.0,423567.0,0.066,27921.5585,5
2026-09-28T23:15:00+00:00,423810.0,423810.0,423810.0,423810.0,0.0247,10468.107,1
2026-09-28T23:30:00+00:00,423810.0,423810.0,423810.0,423810.0,0.0,0.0,0
2026-09-28T23:45:00+00:00,423810.0,423810.0,423810.0,423810.0,0.0,0.0,0
2026-09-29T00:00:00+00:00,423830.0,423830.0,423830.0,423830.0,0.0126,5340.258,1
2026-09-29T00:15:00+00:00,424217.0,424217.0,424217.0,424217.0,0.002121555713231671,899.9999999999998,1
2026-09-29T00:30:00+00:00,424217.0,424217.0,424217.0,424217.0,0.0,0.0,0
2026-09-29T00:45:00+00:00,423411.0,423462.0,422900.0,422900.0,1.4232,602662.3692,4
2026-09-29T01:00:00+00:00,421987.0,421987.0,421300.0,421300.0,0.1598,67381.361,4
2026-09-29T01:15:00+00:00,419614.0,420645.0,418683.0,420036.0,0.3351084605320389,140551.8155,10
2026-09-29T01:30:00+00:00,419194.0,420026.0,418718.0,419397.0,0.8558668813359173,359253.8892,12
2026-09-29T01:45:00+00:00,420645.0,420645.0,419520.0,419520.0,0.2118,88992.2347,4
2026-09-29T02:00:00+00:00,420203.0,420255.0,419438.0,419438.0,0.4995743845998263,209821.5911,8
2026-09-29T02:15:00+00:00,418728.0,418971.0,417937.0,418971.0,0.7942988946729009,332443.278,11
2026-09-29T02:30:00+00:00,418051.0,418051.0,418051.0,418051.0,0.0569,23787.1019,1
2026-09-29T02:45:00+00:00,418407.0,418407.0,418407.0,418407.0,0.04,16736.28,1
2026-09-29T03:00:00+00:00,418407.0,418407.0,418407.0,418407.0,0.0,0.0,0
2026-09-29T03:15:00+00:00,419170.0,419403.0,419170.0,419403.0,8.002004863818332,3355500.0,10
2026-09-29T03:30:00+00:00,419403.0,419403.0,419403.0,419403.0,0.0,0.0,0
2026-09-29T03:45:00+00:00,420839.0,420839.0,420839.0,420839.0,0.023762056273301666,10000.0,1
2026-09-29T04:00:00+00:00,420685.0,420972.0,420560.0,420699.0,13.966955660813928,5879000.0,7
2026-09-29T04:15:00+00:00,420523.0,421493.0,420523.0,421493.0,0.2026,85212.3818,3
2026-09-29T04:30:00+00:00,421493.0,421493.0,421493.0,421493.0,0.0,0.0,0
2026-09-29T04:45:00+00:00,421214.0,421214.0,421214.0,421214.0,0.023740901299576938,10000.0,1
2026-09-29T05:00:00+00:00,421214.0,421214.0,421214.0,421214.0,0.0,0.0,0
2026-09-29T05:15:00+00:00,421214.0,421214.0,421214.0,421214.0,0.0,0.0,0
2026-09-29T05:30:00+00:00,420801.0,420801.0,420801.0,420801.0,0.0039,1641.1239,1
2026-09-29T05:45:00+00:00,421611.0,422149.0,421611.0,422149.0,13.6556,5764259.3056,16
2026-09-29T06:00:00+00:00,422150.0,424263.0,422150.0,424263.0,13.0856,5525514.4054,23
2026-09-29T06:15:00+00:00,424609.0,424609.0,424609.0,424609.0,0.23551078757162472,100000.0,1
2026-09-29T06:30:00+00:00,424609.0,424609.0,424609.0,424609.0,0.0,0.0,0
2026-09-29T06:45:00+00:00,426051.0,426051.0,426051.0,426051.0,0.1059,45118.8009,1
2026-09-29T07:00:00+00:00,426871.0,428063.0,426871.0,427145.0,4.7122,2016966.9586,9
2026-09-29T07:15:00+00:00,427696.0,427727.0,427259.0,427452.0,0.7503026678231676,320857.5433,8
2026-09-29T07:30:00+00:00,427993.0,427993.0,427993.0,427993.0,0.1,42799.3,1
2026-09-29T07:45:00+00:00,427993.0,427993.0,427993.0,427993.0,0.0,0.0,0
2026-09-29T08:00:00+00:00,427638.0,428000.0,427638.0,428000.0,0.3155,134998.4244,5
2026-09-29T08:15:00+00:00,428000.0,429000.0,427656.0,428951.0,3.0507,1307333.7398,31
2026-09-29T08:30:00+00:00,427304.0,427653.0,427304.0,427653.0,0.2441,104386.5345,3
2026-09-29T08:45:00+00:00,426723.0,426723.0,426663.0,426663.0,0.296,126298.248,2
2026-09-29T09:00:00+00:00,425790.0,425790.0,425790.0,425790.0,0.1,42579.0,1
2026-09-29T09:15:00+00:00,425790.0,425790.0,425790.0,425790.0,0.0,0.0,0
2026-09-29T09:30:00+00:00,427017.0,427165.0,427017.0,427165.0,0.068,29041.3,2
2026-09-29T09:45:00+00:00,427579.0,428246.0,427579.0,428246.0,0.1669,71363.6021,2
2026-09-29T10:00:00+00:00,428414.0,430583.0,428414.0,430583.0,11.58022579270431,4983362.6292,15
2026-09-29T10:15:00+00:00,428971.0,429429.0,428971.0,429429.0,9.291915861062014,3990000.0,6
2026-09-29T10:30:00+00:00,427858.0,428209.0,427573.0,428209.0,0.5249979084979531,224710.1131,4
2026-09-29T10:45:00+00:00,428209.0,428209.0,428209.0,428209.0,0.0,0.0,0
2026-09-29T11:00:00+00:00,427785.0,427806.0,427480.0,427806.0,0.0564,24110.0329,3
2026-09-29T11:15:00+00:00,427806.0,427806.0,427806.0,427806.0,0.0,0.0,0
2026-09-29T11:30:00+00:00,428722.0,429026.0,428722.0,429026.0,0.4447,190747.6622,5
2026-09-29T11:45:00+00:00,430000.0,430000.0,430000.0,430000.0,1.2821,551303.0,7
2026-09-29T12:00:00+00:00,430000.0,430000.0,430000.0,430000.0,0.0,0.0,0
2026-09-29T12:15:00+00:00,431000.0,431316.0,430975.0,430975.0,0.3713,160060.1175,4
2026-09-29T12:30:00+00:00,431104.0,431104.0,431104.0,431104.0,0.2,86220.8,1
2026-09-29T12:45:00+00:00,430499.0,430499.0,429919.0,429919.0,1.106,475954.8768,6
2026-09-29T13:00:00+00:00,430560.0,430560.0,430560.0,430560.0,0.01,4305.6,1
2026-09-29T13:15:00+00:00,430211.0,430304.0,430211.0,430214.0,0.3,129072.9,3
2026-09-29T13:30:00+00:00,429719.0,429719.0,429719.0,429719.0,0.1,42971.9,1
2026-09-29T13:45:00+00:00,429719.0,429719.0,429719.0,429719.0,0.0,0.0,0
2026-09-29T14:00:00+00:00,429930.0,429955.0,429930.0,429955.0,1.1613,499284.2079,5
2026-09-29T14:15:00+00:00,429955.0,429955.0,429955.0,429955.0,0.0,0.0,0
2026-09-29T14:30:00+00:00,427020.0,427020.0,427020.0,427020.0,0.0586,25023.372,2
2026-09-29T14:45:00+00:00,427020.0,427020.0,427020.0,427020.0,0.0,0.0,0
2026-09-29T15:00:00+00:00,426504.0,426504.0,425955.0,425955.0,0.005801714969891185,2472.8615999999997,2
2026-09-29T15:15:00+00:00,425248.0,426224.0,422531.0,422531.0,0.053643370097450335,22714.577999999998,14
2026-09-29T15:30:00+00:00,423317.0,423702.0,422800.0,423702.0,0.720347105798792,304877.06942115974,17
2026-09-29T15:45:00+00:00,423771.0,423805.0,420528.0,420528.0,1.3013998337319808,548439.0488,12
2026-09-29T16:00:00+00:00,422377.0,422377.0,422377.0,422377.0,2.034,859114.818,10
2026-09-29T16:15:00+00:00,422377.0,422377.0,422377.0,422377.0,0.0,0.0,0
2026-09-29T16:30:00+00:00,422377.0,422377.0,422377.0,422377.0,0.0,0.0,0
2026-09-29T16:45:00+00:00,422377.0,422377.0,422377.0,422377.0,0.0,0.0,0
2026-09-29T17:00:00+00:00,422377.0,422377.0,422377.0,422377.0,0.0,0.0,0
2026-09-29T17:15:00+00:00,422377.0,422377.0,422377.0,422377.0,0.0,0.0,0
2026-09-29T17:30:00+00:00,422377.0,422377.0,422377.0,422377.0,0.0,0.0,0
2026-09-29T17:45:00+00:00,422377.0,422377.0,422377.0,422377.0,0.0,0.0,0
2026-09-29T18:00:00+00:00,422377.0,422377.0,422377.0,422377.0,0.0,0.0,0
2026-09-29T18:15:00+00:00,422377.0,422377.0,422377.0,422377.0,0.0,0.0,0
2026-09-29T18:30:00+00:00,422377.0,422377.0,422377.0,422377.0,0.0,0.0,0
2026-09-29T18:45:00+00:00,422377.0,422377.0,422377.0,422377.0,0.0,0.0,0
2026-09-29T19:00:00+00:00,422377.0,422377.0,422377.0,422377.0,0.0,0.0,0
2026-09-29T19:15:00+00:00,422377.0,422377.0,422377.0,422377.0,0.0,0.0,0
2026-09-29T19:30:00+00:00,422377.0,422377.0,422377.0,422377.0,0.0,0.0,0
2026-09-29T19:45:00+00:00,422377.0,422377.0,422377.0,422377.0,0.0,0.0,0
2026-09-29T20:00:00+00:00,423890.0,423890.0,423890.0,423890.0,0.007077307792115879,3000.0,1
2026-09-29T20:15:00+00:00,423890.0,423890.0,423890.0,423890.0,0.0,0.0,0
2026-09-29T20:30:00+00:00,423890.0,423890.0,423890.0,423890.0,0.0,0.0,0
2026-09-29T20:45:00+00:00,423890.0,423890.0,423890.0,423890.0,0.0,0.0,0
2026-09-29T21:00:00+00:00,423890.0,423890.0,423890.0,423890.0,0.0,0.0,0
2026-09-29T21:15:00+00:00,423890.0,423890.0,423890.0,423890.0,0.0,0.0,0
2026-09-29T21:30:00+00:00,423890.0,423890.0,423890.0,423890.0,0.0,0.0,0
2026-09-29T21:45:00+00:00,421396.0,421396.0,421396.0,421396.0,0.1,42139.6,1
2026-09-29T22:00:00+00:00,421396.0,423074.0,421396.0,423074.0,0.6883454610777311,290067.6104,7
2026-09-29T22:15:00+00:00,422402.0,422402.0,422402.0,422402.0,0.1557,65767.9914,1
2026-09-29T22:30:00+00:00,421648.0,422440.0,421648.0,422339.0,0.01603458278000082,6765.3488,4
2026-09-29T22:45:00+00:00,422339.0,422339.0,422339.0,422339.0,0.0,0.0,0
2026-09-29T23:00:00+00:00,422481.0,422481.0,422481.0,422481.0,0.001,422.481,1
2026-09-29T23:15:00+00:00,422481.0,422481.0,422481.0,422481.0,0.0,0.0,0
2026-09-29T23:30:00+00:00,421963.0,421963.0,421963.0,421963.0,0.0296,12490.1048,1
2026-09-29T23:45:00+00:00,421963.0,421963.0,421963.0,421963.0,0.0,0.0,0
2026-09-30T00:00:00+00:00,421963.0,421963.0,421963.0,421963.0,0.0,0.0,0
2026-09-30T00:15:00+00:00,421963.0,421963.0,421963.0,421963.0,0.0,0.0,0
2026-09-30T00:30:00+00:00,421963.0,421963.0,421963.0,421963.0,0.0,0.0,0
2026-09-30T00:45:00+00:00,420614.0,420614.0,420614.0,420614.0,0.2171324302091704,91328.94,2
2026-09-30T01:00:00+00:00,420139.0,420404.0,420139.0,420404.0,0.5995308560337199,252013.9,3
2026-09-30T01:15:00+00:00,420404.0,420404.0,420404.0,420404.0,0.0,0.0,0
2026-09-30T01:30:00+00:00,420001.0,420001.0,420000.0,420000.0,6.1905,2600015.0,14
2026-09-30T01:45:00+00:00,420000.0,420000.0,420000.0,420000.0,0.0,0.0,0
2026-09-30T02:00:00+00:00,420000.0,420000.0,420000.0,420000.0,0.0,0.0,0
2026-09-30T02:15:00+00:00,418572.0,419428.0,418572.0,419428.0,6.813556711044566,2856400.0,12
2026-09-30T02:30:00+00:00,419428.0,419428.0,419428.0,419428.0,0.0,0.0,0
2026-09-30T02:45:00+00:00,419428.0,419428.0,419428.0,419428.0,0.0,0.0,0
2026-09-30T03:00:00+00:00,419428.0,419428.0,419428.0,419428.0,0.0,0.0,0
2026-09-30T03:15:00+00:00,419550.0,420210.0,419550.0,420210.0,2.3330642976130984,980000.0,6
2026-09-30T03:30:00+00:00,420210.0,420210.0,420210.0,420210.0,0.0,0.0,0
2026-09-30T03:45:00+00:00,420120.0,420120.0,420120.0,420120.0,0.021422450728363324,9000.0,1
2026-09-30T04:00:00+00:00,420072.0,420072.0,420072.0,420072.0,0.1,42007.2,1
2026-09-30T04:15:00+00:00,420072.0,420072.0,420072.0,420072.0,0.0,0.0,0
2026-09-30T04:30:00+00:00,420605.0,421414.0,420605.0,420817.0,2.1486161680762708,904888.0,8
2026-09-30T04:45:00+00:00,420817.0,420817.0,420817.0,420817.0,0.0,0.0,0
2026-09-30T05:00:00+00:00,420001.0,420001.0,419887.0,419887.0,0.7383,310046.7183,3
2026-09-30T05:15:00+00:00,419887.0,419887.0,419887.0,419887.0,0.0,0.0,0
2026-09-30T05:30:00+00:00,419887.0,419887.0,419887.0,419887.0,0.0,0.0,0
2026-09-30T05:45:00+00:00,421000.0,421000.0,421000.0,421000.0,0.7175,302067.5,4
2026-09-30T06:00:00+00:00,419887.0,419887.0,419887.0,419887.0,0.4125,173203.3875,1
2026-09-30T06:15:00+00:00,419345.0,420070.0,419345.0,420070.0,3.572320688456686,1500000.0,12
2026-09-30T06:30:00+00:00,420070.0,420070.0,420070.0,420070.0,0.0,0.0,0
2026-09-30T06:45:00+00:00,420070.0,420070.0,420070.0,420070.0,0.0,0.0,0
2026-09-30T07:00:00+00:00,418016.0,419239.0,418016.0,419239.0,0.9119102986601915,381913.456,6
2026-09-30T07:15:00+00:00,419239.0,419239.0,419239.0,419239.0,0.0,0.0,0
2026-09-30T07:30:00+00:00,419239.0,419239.0,419239.0,419239.0,0.0,0.0,0
2026-09-30T07:45:00+00:00,419239.0,419239.0,419239.0,419239.0,0.0,0.0,0
2026-09-30T08:00:00+00:00,419239.0,419239.0,419239.0,419239.0,0.0,0.0,0
2026-09-30T08:15:00+00:00,419513.0,420133.0,419513.0,420133.0,0.332521787862415,139541.4943,3
2026-09-30T08:30:00+00:00,419405.0,420077.0,419355.0,419936.0,2.5689397813000077,1077687.886,12
2026-09-30T08:45:00+00:00,419417.0,420444.0,419417.0,420444.0,4.765758841605541,2003000.0,3
2026-09-30T09:00:00+00:00,420286.0,420286.0,420286.0,420286.0,0.2,84057.2,2
2026-09-30T09:15:00+00:00,421202.0,422115.0,418070.0,421112.0,14.272812745266487,6000919.9409,19
2026-09-30T09:30:00+00:00,423000.0,423000.0,423000.0,423000.0,5.0,2115000.0,25
2026-09-30T09:45:00+00:00,423000.0,423000.0,423000.0,423000.0,0.0,0.0,0
2026-09-30T10:00:00+00:00,422352.0,422352.0,421972.0,421972.0,1.1411,481833.8348,8
2026-09-30T10:15:00+00:00,422354.0,422354.0,422353.0,422354.0,0.1491,62972.9794,5
2026-09-30T10:30:00+00:00,422354.0,422354.0,422354.0,422354.0,0.0,0.0,0
2026-09-30T10:45:00+00:00,423228.0,423228.0,423228.0,423228.0,0.1,42322.8,1
2026-09-30T11:00:00+00:00,423228.0,423228.0,423228.0,423228.0,0.0,0.0,0
2026-09-30T11:15:00+00:00,423228.0,423228.0,423228.0,423228.0,0.0,0.0,0
2026-09-30T11:30:00+00:00,423501.0,423501.0,423501.0,423501.0,0.011806347564704688,5000.0,1
2026-09-30T11:45:00+00:00,423501.0,423501.0,423501.0,423501.0,0.001993652435295313,844.3138000000004,1
2026-09-30T12:00:00+00:00,423501.0,424021.0,423501.0,424021.0,2.6133,1107827.5662,14
2026-09-30T12:15:00+00:00,423501.0,424446.0,423501.0,424446.0,0.20250634756470468,85911.1997,5
2026-09-30T12:30:00+00:00,424635.0,428331.0,424635.0,428331.0,0.3578,152481.0606,6
2026-09-30T12:45:00+00:00,429000.0,429000.0,429000.0,429000.0,0.4998,214414.2,5
2026-09-30T13:00:00+00:00,427479.0,429000.0,427027.0,429000.0,2.0913,895670.8976,14
2026-09-30T13:15:00+00:00,429000.0,429000.0,429000.0,429000.0,0.0,0.0,0
2026-09-30T13:30:00+00:00,429000.0,429000.0,429000.0,429000.0,0.0,0.0,0
2026-09-30T13:45:00+00:00,424548.0,425155.0,423712.0,425043.0,0.4795047656133515,203495.2325,14
2026-09-30T14:00:00+00:00,425121.0,425121.0,423538.0,423538.0,0.5211704432385132,220769.0,2
2026-09-30T14:15:00+00:00,423538.0,423538.0,423538.0,423538.0,0.0,0.0,0
2026-09-30T14:30:00+00:00,420001.0,420001.0,419998.0,419998.0,6.2014,2604592.9782,47
2026-09-30T14:45:00+00:00,420627.0,422668.0,420627.0,422668.0,5.0362236426698965,2126359.405,14
2026-09-30T15:00:00+00:00,421156.0,421684.0,421156.0,421684.0,0.42,176974.06,5
2026-09-30T15:15:00+00:00,421222.0,421222.0,420962.0,420962.0,0.3099,130534.1238,4
2026-09-30T15:30:00+00:00,422275.0,422275.0,422275.0,422275.0,0.1,42227.5,1
2026-09-30T15:45:00+00:00,421715.0,421715.0,421692.0,421692.0,0.4346,183274.5032,4
2026-09-30T16:00:00+00:00,421692.0,421692.0,421692.0,421692.0,0.0,0.0,0
2026-09-30T16:15:00+00:00,422743.0,422743.0,422743.0,422743.0,0.0212,8962.1516,1
2026-09-30T16:30:00+00:00,422743.0,422743.0,422743.0,422743.0,0.0,0.0,0
2026-09-30T16:45:00+00:00,422743.0,422743.0,422743.0,422743.0,0.0,0.0,0
2026-09-30T17:00:00+00:00,422743.0,422743.0,422743.0,422743.0,0.0,0.0,0
2026-09-30T17:15:00+00:00,422743.0,422743.0,422743.0,422743.0,0.0,0.0,0
2026-09-30T17:30:00+00:00,421950.0,422491.0,421950.0,422491.0,0.17690222892321966,74655.42,4
2026-09-30T17:45:00+00:00,421083.0,422778.0,421083.0,422778.0,0.21294166856831398,89852.2976,11
2026-09-30T18:00:00+00:00,422659.0,422659.0,422659.0,422659.0,0.000946389406116987,399.9999999999996,1
2026-09-30T18:15:00+00:00,422659.0,422659.0,422659.0,422659.0,0.0,0.0,0
2026-09-30T18:30:00+00:00,421471.0,422341.0,421229.0,421991.0,0.21312403848746136,89874.627,11
2026-09-30T18:45:00+00:00,421991.0,421991.0,421991.0,421991.0,0.0,0.0,0
2026-09-30T19:00:00+00:00,421991.0,421991.0,421991.0,421991.0,0.0,0.0,0
2026-09-30T19:15:00+00:00,421991.0,421991.0,421991.0,421991.0,0.0,0.0,0
2026-09-30T19:30:00+00:00,421991.0,421991.0,421991.0,421991.0,0.0,0.0,0
2026-09-30T19:45:00+00:00,421991.0,421991.0,421991.0,421991.0,0.0,0.0,0
2026-09-30T20:00:00+00:00,421991.0,421991.0,421991.0,421991.0,0.0,0.0,0
2026-09-30T20:15:00+00:00,421784.0,421784.0,421108.0,421784.0,0.04500881778351004,18969.6004,3
2026-09-30T20:30:00+00:00,421784.0,421784.0,421784.0,421784.0,0.0,0.0,0
2026-09-30T20:45:00+00:00,421784.0,421784.0,421784.0,421784.0,0.0,0.0,0
2026-09-30T21:00:00+00:00,421784.0,421784.0,421784.0,421784.0,0.0,0.0,0
2026-09-30T21:15:00+00:00,421784.0,421784.0,421784.0,421784.0,0.0,0.0,0
2026-09-30T21:30:00+00:00,422820.0,422820.0,422820.0,422820.0,0.021285653469561516,9000.0,1
2026-09-30T21:45:00+00:00,422820.0,422820.0,422820.0,422820.0,0.3969143465304385,167823.324,18
2026-09-30T22:00:00+00:00,422820.0,422820.0,422820.0,422820.0,0.12858565346956152,54368.586,2
2026-09-30T22:15:00+00:00,422820.0,422820.0,422820.0,422820.0,0.0,0.0,0
2026-09-30T22:30:00+00:00,422820.0,422820.0,422820.0,422820.0,0.0,0.0,0
2026-09-30T22:45:00+00:00,423795.0,423795.0,423795.0,423795.0,0.002123668283014193,899.9999999999999,1
2026-09-30T23:00:00+00:00,423795.0,423795.0,423795.0,423795.0,0.0,0.0,0
2026-09-30T23:15:00+00:00,424262.0,424262.0,424011.0,424011.0,0.0315,13363.8765,3
2026-09-30T23:30:00+00:00,424011.0,424011.0,424011.0,424011.0,0.0,0.0,0
2026-09-30T23:45:00+00:00,424011.0,424011.0,424011.0,424011.0,0.0,0.0,0
2026-10-01T00:00:00+00:00,424011.0,424011.0,424011.0,424011.0,0.0,0.0,0
2026-10-01T00:15:00+00:00,423625.0,424229.0,422673.0,423776.0,21.875063123395005,9278715.1536,28
2026-10-01T00:30:00+00:00,423775.0,423775.0,423775.0,423775.0,0.1,42377.5,1
2026-10-01T00:45:00+00:00,424426.0,425205.0,424106.0,424107.0,7.173463894006933,3048579.493,11
2026-10-01T01:00:00+00:00,424107.0,424107.0,424107.0,424107.0,0.0,0.0,0
2026-10-01T01:15:00+00:00,424912.0,426821.0,424912.0,426244.0,46.89453256440062,19999245.366,37
2026-10-01T01:30:00+00:00,426244.0,426244.0,426244.0,426244.0,0.0,0.0,0
2026-10-01T01:45:00+00:00,426124.0,430999.0,426123.0,426906.0,44.95659027626146,19200000.0,26
2026-10-01T02:00:00+00:00,426463.0,438998.0,426070.0,426070.0,40.25069408952246,17247763.3909,56
2026-10-01T02:15:00+00:00,425772.0,425772.0,423931.0,423931.0,5.4186,2301283.1053,29
2026-10-01T02:30:00+00:00,425636.0,426811.0,424754.0,424754.0,7.324472799435815,3123182.15,13
2026-10-01T02:45:00+00:00,425267.0,425267.0,425267.0,425267.0,0.0194,8250.1798,1
2026-10-01T03:00:00+00:00,425439.0,426488.0,425438.0,425438.0,7.057613521370536,3009000.0,16
2026-10-01T03:15:00+00:00,425559.0,426463.0,425559.0,426463.0,5.7404,2447645.506,6
2026-10-01T03:30:00+00:00,426463.0,426463.0,426463.0,426463.0,0.0,0.0,0
2026-10-01T03:45:00+00:00,425905.0,426230.0,425905.0,426230.0,0.1023,43602.5815,2
2026-10-01T04:00:00+00:00,426230.0,426230.0,426230.0,426230.0,0.0,0.0,0
2026-10-01T04:15:00+00:00,427187.0,427187.0,427187.0,427187.0,0.1,42718.7,1
2026-10-01T04:30:00+00:00,427070.0,427070.0,427070.0,427070.0,0.0003,128.121,1
2026-10-01T04:45:00+00:00,427171.0,430146.0,427171.0,430146.0,12.217938583450179,5253048.4042,19
2026-10-01T05:00:00+00:00,428407.0,430537.0,428407.0,429590.0,2.6162419386656577,1124952.3381,13
2026-10-01T05:15:00+00:00,430150.0,430150.0,430150.0,430150.0,0.15575961873764965,67000.0,2
2026-10-01T05:30:00+00:00,430492.0,430492.0,430415.0,430415.0,1.0682,459844.2009,4
2026-10-01T05:45:00+00:00,430415.0,430415.0,430415.0,430415.0,0.0,0.0,0
2026-10-01T06:00:00+00:00,430329.0,430329.0,429953.0,429953.0,1.0,430149.4,5
2026-10-01T06:15:00+00:00,430716.0,430717.0,430716.0,430717.0,0.2327,100227.8059,2
2026-10-01T06:30:00+00:00,430717.0,430717.0,430717.0,430717.0,0.0,0.0,0
2026-10-01T06:45:00+00:00,430717.0,430717.0,430717.0,430717.0,0.0,0.0,0
2026-10-01T07:00:00+00:00,430105.0,431127.0,430105.0,431126.0,4.665575519278542,2009062.2282,14
2026-10-01T07:15:00+00:00,429095.0,429095.0,425986.0,425986.0,0.5049869626339022,215803.457,7
2026-10-01T07:30:00+00:00,425454.0,425454.0,425454.0,425454.0,6.8162480550188e-05,28.999999999999684,1
2026-10-01T07:45:00+00:00,425418.0,425418.0,425418.0,425418.0,0.005,2127.09,1
2026-10-01T08:00:00+00:00,425418.0,425418.0,425418.0,425418.0,0.0,0.0,0
2026-10-01T08:15:00+00:00,424574.0,424574.0,424574.0,424574.0,0.1,42457.4,1
2026-10-01T08:30:00+00:00,424707.0,424707.0,424707.0,424707.0,1.1066,469980.7662,6
2026-10-01T08:45:00+00:00,425738.0,425738.0,425738.0,425738.0,0.02348862445917442,10000.0,1
2026-10-01T09:00:00+00:00,426051.0,426051.0,426051.0,426051.0,0.5868728739047673,250037.7748,2
2026-10-01T09:15:00+00:00,425891.0,426757.0,425750.0,426757.0,1.6802,715787.4741,12
2026-10-01T09:30:00+00:00,426757.0,426757.0,426757.0,426757.0,0.0,0.0,0
2026-10-01T09:45:00+00:00,427603.0,427957.0,427038.0,427573.0,3.5179,1504128.5076,26
2026-10-01T10:00:00+00:00,426632.0,426632.0,425500.0,426536.0,0.9077082600461287,386991.3168,11
2026-10-01T10:15:00+00:00,425370.0,426254.0,425370.0,426254.0,0.4058069247444012,172932.77,4
2026-10-01T10:30:00+00:00,426254.0,426254.0,426254.0,426254.0,0.0,0.0,0
2026-10-01T10:45:00+00:00,427424.0,427641.0,427357.0,427641.0,0.6253563749344913,267314.734,5
2026-10-01T11:00:00+00:00,427428.0,427428.0,427428.0,427428.0,0.3167,135366.4476,4
2026-10-01T11:15:00+00:00,427428.0,427428.0,427428.0,427428.0,0.0,0.0,0
2026-10-01T11:30:00+00:00,427428.0,427428.0,427428.0,427428.0,0.0,0.0,0
2026-10-01T11:45:00+00:00,427428.0,427428.0,427428.0,427428.0,0.0,0.0,0
2026-10-01T12:00:00+00:00,427428.0,427428.0,427428.0,427428.0,0.0,0.0,0
2026-10-01T12:15:00+00:00,427723.0,427723.0,427723.0,427723.0,0.0211,9024.9553,1
2026-10-01T12:30:00+00:00,427996.0,427996.0,427464.0,427464.0,0.1809,77365.7968,2
2026-10-01T12:45:00+00:00,426291.0,427333.0,426118.0,426188.0,1.8331608588618244,781480.8306,17
2026-10-01T13:00:00+00:00,425000.0,425000.0,425000.0,425000.0,0.0083,3527.5,1
2026-10-01T13:15:00+00:00,425000.0,425000.0,425000.0,425000.0,0.0271,11517.5,3
2026-10-01T13:30:00+00:00,425000.0,425000.0,425000.0,425000.0,0.0,0.0,0
2026-10-01T13:45:00+00:00,425000.0,425000.0,425000.0,425000.0,0.0,0.0,0
2026-10-01T14:00:00+00:00,425000.0,425000.0,425000.0,425000.0,0.0,0.0,0
