timestamp,open,high,low,close,volume,quote_volume,count
2026-07-08T22:00:00+00:00,282718.0,283026.0,282685.0,283026.0,2.8473141329771825,804946.3105,20
2026-07-08T23:00:00+00:00,283587.0,283664.0,282850.0,283537.0,6.0076,1701747.8204,18
2026-07-09T00:00:00+00:00,283183.0,283183.0,282573.0,282615.0,4.9304,1394706.832,31
2026-07-09T01:00:00+00:00,282884.0,284582.0,281141.0,281141.0,21.950921283121257,6222636.7108,79
2026-07-09T02:00:00+00:00,282311.0,282575.0,280500.0,281008.0,7.4244,2088860.1584,38
2026-07-09T03:00:00+00:00,280500.0,281439.0,280500.0,281439.0,1.7949,505065.9244,13
2026-07-09T04:00:00+00:00,281633.0,282488.0,281633.0,282488.0,6.3775,1799083.4926,36
2026-07-09T05:00:00+00:00,282921.0,283208.0,282921.0,283208.0,1.7653,499579.7849,6
2026-07-09T06:00:00+00:00,284000.0,284720.0,284000.0,284639.0,6.2877,1788414.1235,29
2026-07-09T07:00:00+00:00,285279.0,285911.0,284298.0,284298.0,16.39460386678126,4682406.2247,22
2026-07-09T08:00:00+00:00,285500.0,285540.0,285162.0,285162.0,1.7523,500278.1968,7
2026-07-09T09:00:00+00:00,284480.0,284828.0,283926.0,283962.0,3.037,862567.0533,21
2026-07-09T10:00:00+00:00,283700.0,283721.0,283700.0,283721.0,0.879,249372.9061,4
2026-07-09T11:00:00+00:00,283721.0,283721.0,283721.0,283721.0,0.0,0.0,0
2026-07-09T12:00:00+00:00,283224.0,284104.0,282500.0,282500.0,14.181915866020894,4027022.97,19
2026-07-09T13:00:00+00:00,283786.0,284014.0,282426.0,284014.0,4.119,1167355.3508,23
2026-07-09T14:00:00+00:00,282308.0,282500.0,282084.0,282500.0,2.887222304716834,814472.006,22
2026-07-09T15:00:00+00:00,282500.0,282500.0,282500.0,282500.0,0.0,0.0,0
2026-07-09T16:00:00+00:00,282500.0,282500.0,282500.0,282500.0,0.0,0.0,0
2026-07-09T17:00:00+00:00,282500.0,282500.0,282500.0,282500.0,0.0,0.0,0
2026-07-09T18:00:00+00:00,284295.0,284462.0,284295.0,284462.0,0.4,113749.2624,3
2026-07-09T19:00:00+00:00,284462.0,284462.0,284462.0,284462.0,0.0,0.0,0
2026-07-09T20:00:00+00:00,284462.0,284462.0,284462.0,284462.0,0.0,0.0,0
2026-07-09T21:00:00+00:00,283719.0,283952.0,283719.0,283952.0,0.004228669322934013,1199.9999999999998,2
2026-07-09T22:00:00+00:00,284145.0,284191.0,283540.0,283540.0,1.5027,427003.7092,9
2026-07-09T23:00:00+00:00,283500.0,283500.0,283240.0,283240.0,1.5139,428906.336,15
2026-07-10T00:00:00+00:00,282500.0,282500.0,281737.0,281737.0,0.1058,29845.9246,3
2026-07-10T01:00:00+00:00,283362.0,286501.0,283362.0,285612.0,40.7428,11589343.3897,125
2026-07-10T02:00:00+00:00,285328.0,286168.0,284871.0,286168.0,6.2718,1792258.7491,33
2026-07-10T03:00:00+00:00,286170.0,287138.0,285663.0,287138.0,41.694911768516974,11953034.8265,133
2026-07-10T04:00:00+00:00,287070.0,288400.0,287070.0,287694.0,26.257647379025254,7554716.514559274,72
2026-07-10T05:00:00+00:00,286605.0,288263.0,286468.0,288263.0,13.120553005660417,3770937.0021,47
2026-07-10T06:00:00+00:00,287050.0,287156.0,286040.0,286040.0,4.1269,1183342.5422,17
2026-07-10T07:00:00+00:00,286541.0,286686.0,286521.0,286681.0,2.1178,606933.8913,11
2026-07-10T08:00:00+00:00,287776.0,289650.0,287776.0,288650.0,5.8908,1704188.4179,33
2026-07-10T09:00:00+00:00,288211.0,290810.0,288200.0,290810.0,6.159420266231861,1779974.662,28
2026-07-10T10:00:00+00:00,290993.0,290993.0,290993.0,290993.0,0.0003,87.2979,1
2026-07-10T11:00:00+00:00,291003.0,291969.0,290853.0,291969.0,1.5427581171288733,449014.2359,13
2026-07-10T12:00:00+00:00,291767.0,292200.0,291644.0,291644.0,0.4646,135612.2126,12
2026-07-10T13:00:00+00:00,290951.0,293410.0,290951.0,292056.0,12.203716439128577,3562692.7891,39
2026-07-10T14:00:00+00:00,289855.0,289855.0,288922.0,289307.0,1.8412,533163.5785,18
2026-07-10T15:00:00+00:00,289252.0,290045.0,289252.0,290045.0,0.502845719303583,145847.1714,5
2026-07-10T16:00:00+00:00,289629.0,289629.0,289242.0,289242.0,0.14513799932236673,42030.5474,3
2026-07-10T17:00:00+00:00,290828.0,290828.0,290828.0,290828.0,0.01,2908.28,1
2026-07-10T18:00:00+00:00,289542.0,289542.0,289542.0,289542.0,0.001036119112253144,299.99999999999983,1
2026-07-10T19:00:00+00:00,289400.0,289400.0,289400.0,289400.0,0.1,28940.0,1
2026-07-10T20:00:00+00:00,289400.0,289400.0,289400.0,289400.0,0.0,0.0,0
2026-07-10T21:00:00+00:00,290818.0,290818.0,290818.0,290818.0,3.0947190338974e-05,8.99999999999974,1
2026-07-10T22:00:00+00:00,290500.0,291048.0,290500.0,291010.0,2.8802630803065186,837944.8335,17
2026-07-10T23:00:00+00:00,291010.0,291010.0,291010.0,291010.0,0.0,0.0,0
2026-07-11T00:00:00+00:00,290500.0,290500.0,290500.0,290500.0,0.5818,169012.9,1
2026-07-11T01:00:00+00:00,290500.0,291506.0,289900.0,289900.0,7.336172665622472,2133343.9275,43
2026-07-11T02:00:00+00:00,289396.0,291833.0,289396.0,291833.0,27.05613010551052,7872158.9957,54
2026-07-11T03:00:00+00:00,290708.0,290708.0,290530.0,290530.0,0.4791,139264.7638,5
2026-07-11T04:00:00+00:00,291205.0,292200.0,290888.0,292000.0,3.63542529895018,1060902.4383,19
2026-07-11T05:00:00+00:00,291523.0,291900.0,291003.0,291062.0,5.06,1475655.98,13
2026-07-11T06:00:00+00:00,290907.0,291171.0,290666.0,291171.0,1.2084,351269.0647,7
2026-07-11T07:00:00+00:00,290902.0,291586.0,290902.0,291287.0,0.3124,90960.0059,4
2026-07-11T08:00:00+00:00,291460.0,291460.0,291288.0,291288.0,0.21,61204.88,2
2026-07-11T09:00:00+00:00,291288.0,291288.0,291288.0,291288.0,0.0,0.0,0
2026-07-11T10:00:00+00:00,291171.0,291171.0,291171.0,291171.0,0.017172039797919435,5000.0,1
2026-07-11T11:00:00+00:00,290813.0,291603.0,290813.0,291603.0,0.419300686206932,122189.0319,4
2026-07-11T12:00:00+00:00,291190.0,291634.0,291190.0,291329.0,0.17112411310066727,49850.717599999996,4
2026-07-11T13:00:00+00:00,291188.0,292200.0,291188.0,292200.0,0.6135,179151.1566,7
2026-07-11T14:00:00+00:00,291657.0,293500.0,278500.0,293072.0,11.31896530732375,3278762.0548,48
2026-07-11T15:00:00+00:00,294074.0,295891.0,293290.0,293290.0,7.6628,2258013.0352,56
2026-07-11T16:00:00+00:00,293290.0,293290.0,293290.0,293290.0,0.0,0.0,0
2026-07-11T17:00:00+00:00,295610.0,295610.0,295610.0,295610.0,0.1,29561.0,1
2026-07-11T18:00:00+00:00,295610.0,295610.0,295610.0,295610.0,0.0,0.0,0
2026-07-11T19:00:00+00:00,295267.0,295267.0,295267.0,295267.0,0.002540073899216641,749.9999999999999,1
2026-07-11T20:00:00+00:00,295267.0,295267.0,295267.0,295267.0,0.0,0.0,0
2026-07-11T21:00:00+00:00,296042.0,296042.0,295291.0,295291.0,2.032013369724566,601235.0077,22
2026-07-11T22:00:00+00:00,293806.0,293806.0,293018.0,293018.0,0.6949,203756.139,5
2026-07-11T23:00:00+00:00,289800.0,289925.0,289800.0,289800.0,3.9619,1148475.9508,17
2026-07-12T00:00:00+00:00,289800.0,289800.0,288986.0,288987.0,2.4121,697514.1439,14
2026-07-12T01:00:00+00:00,290357.0,292772.0,290357.0,292772.0,6.240078950172831,1817501.8958,31
2026-07-12T02:00:00+00:00,292216.0,305000.0,292216.0,292724.0,14.12620059206071,4174338.5243,39
2026-07-12T03:00:00+00:00,292500.0,319988.0,292500.0,292980.0,28.310830284885682,8741743.1726,73
2026-07-12T04:00:00+00:00,293570.0,293570.0,292596.0,293438.0,8.961528987983794,2627596.0859,23
2026-07-12T05:00:00+00:00,293136.0,293285.0,291494.0,291992.0,2.6368,769944.9228,18
2026-07-12T06:00:00+00:00,292201.0,292201.0,290555.0,290555.0,2.572565193969215,748244.6297,6
2026-07-12T07:00:00+00:00,290779.0,290779.0,290779.0,290779.0,0.1445,42017.5655,1
2026-07-12T08:00:00+00:00,292020.0,292600.0,291931.0,292457.0,7.233427326895418,2114268.7134,38
2026-07-12T09:00:00+00:00,292457.0,292457.0,292457.0,292457.0,0.0,0.0,0
2026-07-12T10:00:00+00:00,291255.0,291255.0,291102.0,291102.0,0.1728,50328.4356,2
2026-07-12T11:00:00+00:00,291102.0,291102.0,291102.0,291102.0,0.0,0.0,0
2026-07-12T12:00:00+00:00,292620.0,292620.0,292620.0,292620.0,0.5,146310.0,1
2026-07-12T13:00:00+00:00,292620.0,292620.0,292150.0,292150.0,1.0,292292.2,5
2026-07-12T14:00:00+00:00,293493.0,294324.0,293493.0,294324.0,0.51,149689.74,4
2026-07-12T15:00:00+00:00,294791.0,295022.0,294791.0,295022.0,0.02,5898.13,2
2026-07-12T16:00:00+00:00,294657.0,294700.0,294657.0,294700.0,0.051018132947800325,15033.565,3
2026-07-12T17:00:00+00:00,294700.0,294700.0,294700.0,294700.0,0.0,0.0,0
2026-07-12T18:00:00+00:00,294700.0,294700.0,294700.0,294700.0,0.0,0.0,0
2026-07-12T19:00:00+00:00,294837.0,294898.0,294837.0,294898.0,0.001695782126672552,499.9999999999995,2
2026-07-12T20:00:00+00:00,294898.0,294898.0,294898.0,294898.0,0.0,0.0,0
2026-07-12T21:00:00+00:00,294489.0,294489.0,293749.0,293749.0,3.5214,1036309.1521,29
2026-07-12T22:00:00+00:00,293084.0,293084.0,292136.0,292136.0,1.5683053750850113,459430.4648,18
2026-07-12T23:00:00+00:00,292136.0,292136.0,292136.0,292136.0,0.0,0.0,0
2026-07-13T00:00:00+00:00,293758.0,298389.0,293700.0,293700.0,4.811655203262549,1430398.6118,48
2026-07-13T01:00:00+00:00,294309.0,295765.0,294309.0,295765.0,5.082798973168874,1500000.0,19
2026-07-13T02:00:00+00:00,291668.0,294700.0,291449.0,294700.0,40.34724394396392,11858580.2511,50
2026-07-13T03:00:00+00:00,292058.0,292058.0,288592.0,288592.0,9.3991,2738196.9286,27
2026-07-13T04:00:00+00:00,289231.0,290000.0,289169.0,289487.0,4.551438235161322,1318517.4882,16
2026-07-13T05:00:00+00:00,288176.0,289294.0,288046.0,288983.0,1.3155419683781897,379469.7522,16
2026-07-13T06:00:00+00:00,288888.0,288915.0,288888.0,288915.0,0.01730930723569216,5000.5432,2
2026-07-13T07:00:00+00:00,289374.0,290365.0,289374.0,290136.0,2.6582,770481.2025,25
2026-07-13T08:00:00+00:00,290132.0,291265.0,290132.0,291265.0,2.6000781990772714,755456.4,12
2026-07-13T09:00:00+00:00,290047.0,290634.0,290047.0,290634.0,9.737946096809045,2828827.2838,15
2026-07-13T10:00:00+00:00,289745.0,289745.0,288856.0,288958.0,3.7109101828958853,1072386.2614,31
2026-07-13T11:00:00+00:00,289017.0,289017.0,288607.0,289017.0,1.3380138400163313,386394.4902,9
2026-07-13T12:00:00+00:00,289005.0,289016.0,287954.0,287954.0,1.8186600819013916,523847.4294,15
2026-07-13T13:00:00+00:00,287000.0,288302.0,286850.0,288300.0,0.1377109704570808,39607.845,4
2026-07-13T14:00:00+00:00,287560.0,289002.0,283986.0,289001.0,39.8082,11334149.0016,45
2026-07-13T15:00:00+00:00,289017.0,289862.0,289017.0,289862.0,0.4089770901504378,118522.0015,4
2026-07-13T16:00:00+00:00,288133.0,288133.0,288133.0,288133.0,0.001041185841260806,299.99999999999983,1
2026-07-13T17:00:00+00:00,286023.0,286023.0,286023.0,286023.0,0.0114,3260.6622,1
2026-07-13T18:00:00+00:00,286023.0,286023.0,286023.0,286023.0,0.0,0.0,0
2026-07-13T19:00:00+00:00,286023.0,286023.0,286023.0,286023.0,0.0,0.0,0
2026-07-13T20:00:00+00:00,286023.0,286023.0,286023.0,286023.0,0.0,0.0,0
2026-07-13T21:00:00+00:00,286632.0,286632.0,285000.0,285479.0,0.019767064751755513,5634.0,4
2026-07-13T22:00:00+00:00,286604.0,287586.0,286077.0,286077.0,0.0631550326447877,18094.6888,3
2026-07-13T23:00:00+00:00,285828.0,288798.0,285828.0,288798.0,2.7937,804658.02,17
2026-07-14T00:00:00+00:00,289688.0,290824.0,289687.0,290824.0,3.2072347371606194,931133.8424,17
2026-07-14T01:00:00+00:00,290391.0,291896.0,290000.0,290000.0,10.66022472740719,3105007.4,21
2026-07-14T02:00:00+00:00,290000.0,300000.0,288844.0,289554.0,37.25295534389936,10870379.6524,53
2026-07-14T03:00:00+00:00,289500.0,289900.0,288581.0,289900.0,6.2537,1809223.3804,16
2026-07-14T04:00:00+00:00,289796.0,290800.0,289796.0,290800.0,1.789,520077.5472,5
2026-07-14T05:00:00+00:00,290188.0,290817.0,290188.0,290817.0,9.531,2769702.2876,33
2026-07-14T06:00:00+00:00,290817.0,290817.0,290817.0,290817.0,0.0,0.0,0
2026-07-14T07:00:00+00:00,290817.0,290817.0,290817.0,290817.0,0.0,0.0,0
2026-07-14T08:00:00+00:00,290000.0,290999.0,290000.0,290999.0,21.4805,6248145.9167,42
2026-07-14T09:00:00+00:00,290239.0,290360.0,289602.0,289922.0,3.0112,873240.042,18
2026-07-14T10:00:00+00:00,290025.0,292200.0,290025.0,292200.0,4.397,1282267.5115,23
2026-07-14T11:00:00+00:00,292286.0,292286.0,291488.0,291488.0,2.5503,743473.9828,20
2026-07-14T12:00:00+00:00,292125.0,301946.0,292125.0,301250.0,15.4282,4584370.6126,116
2026-07-14T13:00:00+00:00,301080.0,304390.0,300024.0,302381.0,13.303909073555857,4023206.3449,96
2026-07-14T14:00:00+00:00,301506.0,304611.0,300888.0,304611.0,3.160762757884594,958059.8104,31
2026-07-14T15:00:00+00:00,304380.0,305205.0,304380.0,305205.0,0.223,67964.4595,5
2026-07-14T16:00:00+00:00,303514.0,304015.0,303514.0,303648.0,0.5208043806552056,158317.0205,5
2026-07-14T17:00:00+00:00,302674.0,302791.0,302286.0,302791.0,0.3343146695245235,101081.1063,5
2026-07-14T18:00:00+00:00,303238.0,303665.0,303238.0,303665.0,0.10065954794583792,30566.5,2
2026-07-14T19:00:00+00:00,304911.0,304911.0,304909.0,304909.0,0.3148,95985.5828,3
2026-07-14T20:00:00+00:00,304562.0,304562.0,304562.0,304562.0,0.05,15228.1,1
2026-07-14T21:00:00+00:00,304298.0,304298.0,304260.0,304260.0,2.022041326497075,615303.1262,15
2026-07-14T22:00:00+00:00,304826.0,307719.0,304826.0,305807.0,1.7698860653941866,541618.7621,17
2026-07-14T23:00:00+00:00,306198.0,307736.0,305618.0,307736.0,7.799772650908571,2397479.5084,22
2026-07-15T00:00:00+00:00,306733.0,306989.0,304800.0,305762.0,5.343548900779037,1636160.6731,26
2026-07-15T01:00:00+00:00,304800.0,305179.0,303859.0,303859.0,9.065875421466993,2764763.8981,35
2026-07-15T02:00:00+00:00,303000.0,303400.0,302820.0,303400.0,1.7479,530036.508,8
2026-07-15T03:00:00+00:00,303558.0,303900.0,303558.0,303596.0,1.6674,506509.0862,6
2026-07-15T04:00:00+00:00,304728.0,304883.0,304728.0,304883.0,0.7359,224310.2767,4
2026-07-15T05:00:00+00:00,304302.0,305247.0,304091.0,304779.0,23.68302862006489,7224013.2376,40
2026-07-15T06:00:00+00:00,305500.0,307047.0,305500.0,305841.0,1.1041,337664.1044,15
2026-07-15T07:00:00+00:00,303941.0,304414.0,302782.0,303215.0,3.138603830716172,953943.9178,17
2026-07-15T08:00:00+00:00,304423.0,304637.0,303989.0,304248.0,4.9372,1502353.6062,38
2026-07-15T09:00:00+00:00,305999.0,305999.0,305168.0,305168.0,0.29947320318040255,91389.7824,2
2026-07-15T10:00:00+00:00,306000.0,306000.0,304901.0,305153.0,0.5511669028068129,168077.4518,6
2026-07-15T11:00:00+00:00,305153.0,305153.0,305153.0,305153.0,0.0,0.0,0
2026-07-15T12:00:00+00:00,305999.0,311965.0,305999.0,311931.0,8.90508474687277,2749449.3816,59
2026-07-15T13:00:00+00:00,312500.0,315629.0,312500.0,315161.0,3.2873,1032891.4206,36
2026-07-15T14:00:00+00:00,312568.0,313399.0,312568.0,313399.0,0.18996500356721235,59401.97,4
2026-07-15T15:00:00+00:00,313453.0,313453.0,312957.0,313201.0,0.05454254083171,17078.209899999998,4
2026-07-15T16:00:00+00:00,312334.0,312569.0,310445.0,310445.0,3.546,1104117.9365,21
2026-07-15T17:00:00+00:00,311334.0,311334.0,311308.0,311308.0,0.7537,234646.5451,4
2026-07-15T18:00:00+00:00,311308.0,311308.0,311308.0,311308.0,0.0,0.0,0
2026-07-15T19:00:00+00:00,311308.0,311308.0,311308.0,311308.0,0.0,0.0,0
2026-07-15T20:00:00+00:00,312545.0,312803.0,312245.0,312414.0,0.004772150632365216,1491.2449999999994,5
2026-07-15T21:00:00+00:00,312414.0,312414.0,312414.0,312414.0,0.0,0.0,0
2026-07-15T22:00:00+00:00,312414.0,312414.0,312414.0,312414.0,0.0,0.0,0
2026-07-15T23:00:00+00:00,312414.0,312414.0,312414.0,312414.0,0.0,0.0,0
2026-07-16T00:00:00+00:00,311631.0,311631.0,309851.0,309853.0,1.2370992080718182,383464.4688,12
2026-07-16T01:00:00+00:00,310613.0,312238.0,310613.0,311275.0,11.160001789487314,3477371.776,31
2026-07-16T02:00:00+00:00,311899.0,312600.0,311802.0,312600.0,3.6278855494887767,1132155.0991,27
2026-07-16T03:00:00+00:00,312293.0,312954.0,310945.0,310945.0,11.600252529429753,3628394.0924,22
2026-07-16T04:00:00+00:00,311575.0,312252.0,310902.0,312100.0,6.446053521728824,2009830.7868,23
2026-07-16T05:00:00+00:00,311478.0,312800.0,311478.0,312800.0,4.665719827365729,1458055.1934,16
2026-07-16T06:00:00+00:00,312500.0,312500.0,311996.0,312029.0,5.4723,1708510.033,24
2026-07-16T07:00:00+00:00,312029.0,312158.0,309800.0,310374.0,16.996463190469118,5288954.5897,35
2026-07-16T08:00:00+00:00,310181.0,310421.0,304958.0,305834.0,2.3426,722008.6456,16
2026-07-16T09:00:00+00:00,306000.0,306000.0,306000.0,306000.0,6.5365,2000169.0,23
2026-07-16T10:00:00+00:00,306460.0,307270.0,306460.0,306733.0,20.67246179428493,6347580.1863,41
2026-07-16T11:00:00+00:00,305600.0,305600.0,305600.0,305600.0,0.9222,281824.32,12
2026-07-16T12:00:00+00:00,305000.0,305000.0,304990.0,304990.0,0.086,26229.39,2
2026-07-16T13:00:00+00:00,305873.0,305873.0,305873.0,305873.0,0.000248469135883193,75.99999999999989,2
2026-07-16T14:00:00+00:00,305873.0,305873.0,305873.0,305873.0,0.0,0.0,0
2026-07-16T15:00:00+00:00,305000.0,306764.0,305000.0,306248.0,0.06600658290013323,20156.112,5
2026-07-16T16:00:00+00:00,306248.0,306248.0,306248.0,306248.0,0.0,0.0,0
2026-07-16T17:00:00+00:00,306248.0,306248.0,306248.0,306248.0,0.0,0.0,0
2026-07-16T18:00:00+00:00,306248.0,306248.0,306248.0,306248.0,0.0,0.0,0
2026-07-16T19:00:00+00:00,304910.0,304910.0,304910.0,304910.0,0.000655931258404119,199.99999999999991,1
2026-07-16T20:00:00+00:00,304694.0,304694.0,304694.0,304694.0,0.000213328782319309,64.99999999999953,3
2026-07-16T21:00:00+00:00,304694.0,305691.0,304694.0,305690.0,0.007263367638265514,2217.073,3
2026-07-16T22:00:00+00:00,304344.0,304344.0,304328.0,304328.0,0.012957335506427275,3943.4399999999996,2
2026-07-16T23:00:00+00:00,303284.0,303284.0,301837.0,302399.0,2.2356,677015.765,23
2026-07-17T00:00:00+00:00,302683.0,303289.0,301188.0,301188.0,2.426152798815651,730796.7897,13
2026-07-17T01:00:00+00:00,304033.0,304041.0,300644.0,300644.0,1.5602412414949742,473759.974,19
2026-07-17T02:00:00+00:00,300516.0,302123.0,299800.0,300802.0,25.95654512742465,7815736.5955,52
2026-07-17T03:00:00+00:00,300487.0,301982.0,300486.0,301600.0,7.0601,2128784.2919,31
2026-07-17T04:00:00+00:00,301212.0,301700.0,300125.0,300870.0,11.5562,3479287.9115,31
2026-07-17T05:00:00+00:00,299800.0,299800.0,296820.0,296820.0,1.799412236372212,539028.9,15
2026-07-17T06:00:00+00:00,297075.0,298205.0,296791.0,297416.0,22.285566890561864,6640201.6768,47
2026-07-17T07:00:00+00:00,297250.0,298906.0,297248.0,297264.0,15.39013987976153,4585540.0781,29
2026-07-17T08:00:00+00:00,296982.0,298180.0,296012.0,297524.0,7.074271897175332,2101348.0723379706,43
2026-07-17T09:00:00+00:00,298034.0,298324.0,298034.0,298227.0,0.4371,130346.5404,4
2026-07-17T10:00:00+00:00,298906.0,311941.0,298880.0,299431.0,30.68939236074722,9323923.617,51
2026-07-17T11:00:00+00:00,298580.0,298677.0,298544.0,298677.0,0.1663809844748675,49678.3531,4
2026-07-17T12:00:00+00:00,297611.0,297634.0,297611.0,297634.0,0.3,89287.9,3
2026-07-17T13:00:00+00:00,295046.0,296050.0,293957.0,296050.0,3.0045,886766.4048,26
2026-07-17T14:00:00+00:00,297000.0,298543.0,296923.0,296923.0,2.792977815869162,833254.5548,12
2026-07-17T15:00:00+00:00,295795.0,295795.0,295571.0,295571.0,0.6542,193418.5753,5
2026-07-17T16:00:00+00:00,295571.0,295571.0,295571.0,295571.0,0.0,0.0,0
2026-07-17T17:00:00+00:00,299559.0,300150.0,299559.0,300150.0,0.1896,56855.4864,2
2026-07-17T18:00:00+00:00,298979.0,300062.0,298978.0,300062.0,0.6127,183511.4782,8
2026-07-17T19:00:00+00:00,299736.0,300027.0,299736.0,300027.0,0.26665193665903403,79973.6,3
2026-07-17T20:00:00+00:00,299482.0,299482.0,299482.0,299482.0,0.1085,32493.797,1
2026-07-17T21:00:00+00:00,299419.0,299705.0,299296.0,299296.0,0.6738034350444604,201722.5029,6
2026-07-17T22:00:00+00:00,299705.0,299705.0,298913.0,299155.0,2.5218009843012297,754354.6343,19
2026-07-17T23:00:00+00:00,299155.0,299155.0,299155.0,299155.0,2.3433,701009.9115,20
2026-07-18T00:00:00+00:00,299422.0,299422.0,299422.0,299422.0,0.16738583003252933,50119.0,2
2026-07-18T01:00:00+00:00,299273.0,309407.0,299213.0,300360.0,29.532449640473683,8909033.6737,80
2026-07-18T02:00:00+00:00,300276.0,301301.0,299617.0,300500.0,26.42522744344332,7948408.6947,65
2026-07-18T03:00:00+00:00,300286.0,301128.0,300286.0,301000.0,5.0125,1508881.012,9
2026-07-18T04:00:00+00:00,300441.0,301000.0,300441.0,301000.0,2.193,660001.7,3
2026-07-18T05:00:00+00:00,300397.0,301307.0,300397.0,301307.0,6.347401148994215,1909938.3622,19
2026-07-18T06:00:00+00:00,300814.0,301210.0,300814.0,301210.0,3.0264,911107.383,10
2026-07-18T07:00:00+00:00,300456.0,300456.0,300456.0,300456.0,0.1,30045.6,1
2026-07-18T08:00:00+00:00,300662.0,301321.0,300662.0,300920.0,26.890137620706067,8100000.0,7
2026-07-18T09:00:00+00:00,300920.0,300920.0,300920.0,300920.0,0.0,0.0,0
2026-07-18T10:00:00+00:00,300920.0,300920.0,300920.0,300920.0,0.0,0.0,0
2026-07-18T11:00:00+00:00,300263.0,300263.0,300263.0,300263.0,0.005,1501.315,1
2026-07-18T12:00:00+00:00,300263.0,300263.0,300263.0,300263.0,0.0,0.0,0
2026-07-18T13:00:00+00:00,300263.0,300263.0,299478.0,299478.0,0.2997,89912.908,4
2026-07-18T14:00:00+00:00,299478.0,299478.0,299478.0,299478.0,0.0,0.0,0
2026-07-18T15:00:00+00:00,299478.0,299478.0,299478.0,299478.0,0.0,0.0,0
2026-07-18T16:00:00+00:00,299478.0,299478.0,299478.0,299478.0,0.0,0.0,0
2026-07-18T17:00:00+00:00,300300.0,301008.0,300292.0,301008.0,0.8803,264706.6911,8
2026-07-18T18:00:00+00:00,301008.0,301008.0,301008.0,301008.0,0.0,0.0,0
2026-07-18T19:00:00+00:00,301956.0,301956.0,301900.0,301900.0,0.65,196251.54,6
2026-07-18T20:00:00+00:00,301900.0,301900.0,301900.0,301900.0,0.0,0.0,0
2026-07-18T21:00:00+00:00,302564.0,302801.0,302232.0,302801.0,0.2230907497002982,67453.1192,5
2026-07-18T22:00:00+00:00,303000.0,303000.0,303000.0,303000.0,0.1,30300.0,1
2026-07-18T23:00:00+00:00,302463.0,302734.0,302268.0,302645.0,2.2274,673659.5394,14
2026-07-19T00:00:00+00:00,302878.0,303000.0,302878.0,303000.0,1.6543016594140214,501195.3,7
2026-07-19T01:00:00+00:00,302012.0,302012.0,302012.0,302012.0,0.1632,49288.3584,1
2026-07-19T02:00:00+00:00,304000.0,304000.0,304000.0,304000.0,1.6828,511571.2,14
2026-07-19T03:00:00+00:00,303500.0,303500.0,303500.0,303500.0,0.19769357495881384,60000.0,3
2026-07-19T04:00:00+00:00,303500.0,303500.0,303500.0,303500.0,0.0,0.0,0
2026-07-19T05:00:00+00:00,303549.0,304591.0,303270.0,303548.0,6.203337318544525,1887151.635,17
2026-07-19T06:00:00+00:00,304195.0,304224.0,304195.0,304223.0,1.3,395471.2,5
2026-07-19T07:00:00+00:00,304196.0,304699.0,303806.0,304462.0,2.8729,873754.6611,21
2026-07-19T08:00:00+00:00,303688.0,303688.0,303417.0,303417.0,0.7919,240408.8223,4
2026-07-19T09:00:00+00:00,303219.0,303860.0,302985.0,303860.0,1.7752770157309288,538218.8905,8
2026-07-19T10:00:00+00:00,303400.0,303600.0,303291.0,303500.0,2.5938,787291.3668,15
2026-07-19T11:00:00+00:00,303500.0,303500.0,303500.0,303500.0,0.0,0.0,0
2026-07-19T12:00:00+00:00,303500.0,303500.0,303500.0,303500.0,0.0,0.0,0
2026-07-19T13:00:00+00:00,303611.0,304481.0,303611.0,304481.0,0.06577712100868008,20000.0,3
2026-07-19T14:00:00+00:00,304607.0,304607.0,304313.0,304313.0,0.1,30446.0,2
2026-07-19T15:00:00+00:00,304312.0,304312.0,304312.0,304312.0,0.04,12172.48,1
2026-07-19T16:00:00+00:00,303984.0,303984.0,303883.0,303883.0,0.001645151420560428,499.9999999999996,2
2026-07-19T17:00:00+00:00,302504.0,302504.0,302408.0,302408.0,0.5947,179878.0376,5
2026-07-19T18:00:00+00:00,301507.0,301572.0,301501.0,301572.0,0.7581,228592.6234,7
2026-07-19T19:00:00+00:00,301572.0,301572.0,301572.0,301572.0,0.0,0.0,0
2026-07-19T20:00:00+00:00,301572.0,301572.0,301572.0,301572.0,0.0,0.0,0
2026-07-19T21:00:00+00:00,302860.0,302860.0,302860.0,302860.0,0.0844,25561.384,1
2026-07-19T22:00:00+00:00,304691.0,304691.0,304691.0,304691.0,0.0858,26142.4878,1
2026-07-19T23:00:00+00:00,304691.0,304691.0,304691.0,304691.0,0.0,0.0,0
2026-07-20T00:00:00+00:00,305357.0,306490.0,305357.0,306490.0,2.229521866945088,682394.7643,12
2026-07-20T01:00:00+00:00,307351.0,307351.0,304890.0,305074.0,6.54164283061067,2000099.9634,18
2026-07-20T02:00:00+00:00,305955.0,318358.0,304497.0,305900.0,18.34322997568618,5652955.725,42
2026-07-20T03:00:00+00:00,305724.0,306800.0,305724.0,306800.0,6.1398,1879855.81,18
2026-07-20T04:00:00+00:00,305980.0,306400.0,304525.0,305000.0,14.000722169808599,4278444.7536,24
2026-07-20T05:00:00+00:00,304500.0,304500.0,302193.0,302536.0,7.063516526958775,2145913.462,16
2026-07-20T06:00:00+00:00,302049.0,302049.0,300002.0,300002.0,2.0751,623175.0953,19
2026-07-20T07:00:00+00:00,301821.0,309000.0,301821.0,303449.0,12.720126280157992,3860270.0,16
2026-07-20T08:00:00+00:00,303800.0,303800.0,302500.0,302500.0,1.7131,520010.6851,3
2026-07-20T09:00:00+00:00,302811.0,303300.0,302811.0,303300.0,1.5332,464618.96,5
2026-07-20T10:00:00+00:00,304262.0,304887.0,304262.0,304501.0,1.6001,487429.4794,14
2026-07-20T11:00:00+00:00,304875.0,306990.0,304875.0,306990.0,0.747,227768.3804,4
2026-07-20T12:00:00+00:00,306000.0,306000.0,304982.0,304982.0,2.3639339078806265,722489.6418,25
2026-07-20T13:00:00+00:00,304982.0,304982.0,304982.0,304982.0,0.0,0.0,0
2026-07-20T14:00:00+00:00,303446.0,303446.0,303446.0,303446.0,0.0685,20786.051,1
2026-07-20T15:00:00+00:00,306314.0,309000.0,306263.0,309000.0,0.744,229683.08,11
2026-07-20T16:00:00+00:00,309000.0,309705.0,309000.0,309705.0,0.04498398381877023,13901.255000000001,5
2026-07-20T17:00:00+00:00,308493.0,309999.0,308493.0,309999.0,0.442,136956.306,5
2026-07-20T18:00:00+00:00,310000.0,310200.0,310000.0,310200.0,0.1184,36717.68,3
2026-07-20T19:00:00+00:00,308247.0,308247.0,307756.0,308247.0,0.002028396059004629,624.7559999999999,3
2026-07-20T20:00:00+00:00,309895.0,309895.0,309895.0,309895.0,0.0004,123.958,1
2026-07-20T21:00:00+00:00,309965.0,309965.0,309965.0,309965.0,0.0214,6633.251,2
2026-07-20T22:00:00+00:00,308730.0,308730.0,308730.0,308730.0,0.066,20376.18,1
2026-07-20T23:00:00+00:00,309425.0,309975.0,309425.0,309975.0,0.006969497423850146,2157.9999999999995,3
2026-07-21T00:00:00+00:00,309999.0,311413.0,309999.0,311413.0,1.9297,598269.3207,19
2026-07-21T01:00:00+00:00,311160.0,311600.0,310288.0,310288.0,15.9133,4952063.3323,64
2026-07-21T02:00:00+00:00,310273.0,312425.0,310000.0,312425.0,28.335344759031585,8805117.2443,76
2026-07-21T03:00:00+00:00,312120.0,313708.0,312120.0,312982.0,4.7734,1494791.7882,38
2026-07-21T04:00:00+00:00,313933.0,314372.0,312623.0,312738.0,9.6114,3012457.3103,47
2026-07-21T05:00:00+00:00,313566.0,319986.0,313387.0,314384.0,17.80425760845787,5620737.0662,43
2026-07-21T06:00:00+00:00,314862.0,315847.0,314483.0,315847.0,0.6689,210596.1942,7
2026-07-21T07:00:00+00:00,315379.0,319988.0,312288.0,315279.0,44.389674205267916,14063554.9173,66
2026-07-21T08:00:00+00:00,315234.0,317055.0,314674.0,315782.0,2.3267,734749.2706,24
2026-07-21T09:00:00+00:00,315636.0,316372.0,315628.0,315958.0,3.7187899859474105,1174962.519,21
2026-07-21T10:00:00+00:00,316257.0,316859.0,315745.0,315745.0,1.9349923420603314,612757.8515,10
2026-07-21T11:00:00+00:00,314707.0,314707.0,314511.0,314511.0,1.6415,516396.0265,14
2026-07-21T12:00:00+00:00,315073.0,316564.0,315057.0,316564.0,0.2005,63171.282,3
2026-07-21T13:00:00+00:00,315518.0,315518.0,314353.0,314353.0,0.34,107205.22,5
2026-07-21T14:00:00+00:00,316065.0,316065.0,316065.0,316065.0,0.06,18963.9,1
2026-07-21T15:00:00+00:00,314300.0,314300.0,313660.0,313660.0,1.9313,606877.0928,20
2026-07-21T16:00:00+00:00,314313.0,314313.0,314313.0,314313.0,0.04,12572.52,1
2026-07-21T17:00:00+00:00,313668.0,313968.0,313666.0,313666.0,0.48,150571.84,4
2026-07-21T18:00:00+00:00,312801.0,312801.0,312801.0,312801.0,0.04,12512.04,1
2026-07-21T19:00:00+00:00,313643.0,314053.0,313643.0,314053.0,0.10095525277580536,31665.427,3
2026-07-21T20:00:00+00:00,314053.0,314053.0,314053.0,314053.0,0.0,0.0,0
2026-07-21T21:00:00+00:00,313983.0,314841.0,313983.0,314838.0,0.9123,287008.3861,12
2026-07-21T22:00:00+00:00,314253.0,314253.0,313989.0,313989.0,1.305084824946097,409945.5099,10
2026-07-21T23:00:00+00:00,313989.0,313989.0,313989.0,313989.0,0.0,0.0,0
2026-07-22T00:00:00+00:00,315500.0,317408.0,315500.0,316828.0,4.7842,1513670.1268,23
2026-07-22T01:00:00+00:00,315586.0,320000.0,315586.0,320000.0,9.4203663384375,2991682.5846,36
2026-07-22T02:00:00+00:00,315755.0,316200.0,314918.0,315200.0,5.172045169048493,1633078.2546,19
2026-07-22T03:00:00+00:00,315341.0,316110.0,315341.0,315358.0,39.80556767026824,12574467.3479,50
2026-07-22T04:00:00+00:00,316120.0,316963.0,316120.0,316425.0,66.66353986490537,21101153.2549,44
2026-07-22T05:00:00+00:00,316511.0,317029.0,314032.0,314032.0,8.917477004311909,2816230.6051,29
2026-07-22T06:00:00+00:00,313873.0,314300.0,312910.0,313332.0,51.39696179054463,16136989.5972,55
2026-07-22T07:00:00+00:00,313517.0,314060.0,311970.0,312732.0,23.606443749235137,7399661.3058,32
2026-07-22T08:00:00+00:00,312152.0,314301.0,312151.0,314301.0,5.4955189493511,1724723.2728,19
2026-07-22T09:00:00+00:00,313737.0,314073.0,313490.0,313490.0,4.2066,1320721.1526,10
2026-07-22T10:00:00+00:00,313490.0,313490.0,313490.0,313490.0,0.0,0.0,0
2026-07-22T11:00:00+00:00,315044.0,315044.0,314400.0,314400.0,0.7626,239814.4544,5
2026-07-22T12:00:00+00:00,314505.0,314898.0,313301.0,313301.0,16.214455005112768,5105018.4952,9
2026-07-22T13:00:00+00:00,313467.0,316649.0,313467.0,316354.0,0.09517797283468821,30004.574,8
2026-07-22T14:00:00+00:00,316588.0,318500.0,315123.0,315123.0,2.3832,756728.2778,26
2026-07-22T15:00:00+00:00,317800.0,318118.0,317416.0,317650.0,2.5677,815868.9178,29
2026-07-22T16:00:00+00:00,317655.0,318500.0,316659.0,318500.0,1.3021,414103.991,12
2026-07-22T17:00:00+00:00,318164.0,318164.0,317144.0,317144.0,0.2009429099458141,63728.8,2
2026-07-22T18:00:00+00:00,315929.0,315929.0,314800.0,314800.0,1.6283,512633.8871,9
2026-07-22T19:00:00+00:00,314800.0,314800.0,314800.0,314800.0,0.0,0.0,0
2026-07-22T20:00:00+00:00,314688.0,314688.0,314688.0,314688.0,0.0005,157.344,1
2026-07-22T21:00:00+00:00,314912.0,315804.0,314912.0,315804.0,0.11,34649.24,2
2026-07-22T22:00:00+00:00,316344.0,316389.0,315847.0,316389.0,2.2161611157474144,701011.0212,15
2026-07-22T23:00:00+00:00,316146.0,316146.0,315528.0,315528.0,0.8028467859786301,253376.4,3
2026-07-23T00:00:00+00:00,316538.0,316538.0,316538.0,316538.0,0.0031,981.2678,1
2026-07-23T01:00:00+00:00,315437.0,315900.0,314413.0,314413.0,3.3414,1055057.4392,12
2026-07-23T02:00:00+00:00,314692.0,315100.0,314154.0,315100.0,7.970871026908851,2509454.5871,28
2026-07-23T03:00:00+00:00,314638.0,314798.0,313890.0,313980.0,15.108732165694917,4749134.9345,22
2026-07-23T04:00:00+00:00,313987.0,314520.0,313272.0,314520.0,3.739962434821315,1175033.0029,16
2026-07-23T05:00:00+00:00,313509.0,315067.0,313450.0,314912.0,15.229689615021217,4792706.9944,30
2026-07-23T06:00:00+00:00,314433.0,330100.0,314433.0,314971.0,31.501478392232528,9962415.0463,53
2026-07-23T07:00:00+00:00,314681.0,314681.0,312949.0,312949.0,2.2291,698760.1285,12
2026-07-23T08:00:00+00:00,314011.0,315405.0,311574.0,315405.0,36.000653997471424,11236002.3859,25
2026-07-23T09:00:00+00:00,315405.0,316083.0,315405.0,316020.0,9.307,2938803.0991,27
2026-07-23T10:00:00+00:00,315967.0,316364.0,315451.0,315451.0,23.368185629211922,7392050.4315,8
2026-07-23T11:00:00+00:00,315587.0,315587.0,315216.0,315216.0,0.07479064029887163,23589.0784,2
2026-07-23T12:00:00+00:00,315400.0,315400.0,310542.0,310542.0,4.385808684448395,1365854.0565,23
2026-07-23T13:00:00+00:00,312584.0,313131.0,310964.0,311437.0,8.975,2798990.6599,67
2026-07-23T14:00:00+00:00,311345.0,311345.0,311000.0,311000.0,0.1012,31497.3104,3
2026-07-23T15:00:00+00:00,311000.0,311000.0,310000.0,310000.0,1.6298,506814.5,2
2026-07-23T16:00:00+00:00,309173.0,309173.0,309173.0,309173.0,0.0036,1113.0228,1
2026-07-23T17:00:00+00:00,309800.0,309801.0,308500.0,308500.0,0.2832,87703.0282,3
2026-07-23T18:00:00+00:00,308696.0,308790.0,308201.0,308201.0,0.0728718298908959,22500.1162,3
2026-07-23T19:00:00+00:00,308000.0,308000.0,307500.0,307500.0,0.15,46166.0,4
2026-07-23T20:00:00+00:00,309558.0,309558.0,309558.0,309558.0,0.003230412394446275,1000.0,1
2026-07-23T21:00:00+00:00,308951.0,308951.0,308951.0,308951.0,0.000666772400801421,205.99999999999983,2
2026-07-23T22:00:00+00:00,308866.0,308866.0,308354.0,308428.0,0.6281882499206776,193773.2232,7
2026-07-23T23:00:00+00:00,308879.0,308879.0,308879.0,308879.0,0.03237513718964384,10000.0,1
2026-07-24T00:00:00+00:00,307777.0,307777.0,306259.0,306259.0,0.2774,85231.5648,6
2026-07-24T01:00:00+00:00,307398.0,307500.0,307268.0,307385.0,2.7322,839810.8776,15
2026-07-24T02:00:00+00:00,307295.0,307768.0,305692.0,305692.0,3.5972925810461645,1104431.2957,15
2026-07-24T03:00:00+00:00,306752.0,308900.0,306752.0,308900.0,7.6151,2350558.758,21
2026-07-24T04:00:00+00:00,308524.0,308876.0,307751.0,308487.0,18.767418325964563,5791197.1137,26
2026-07-24T05:00:00+00:00,307494.0,308300.0,307494.0,308207.0,2.8433390751955416,875712.7866,26
2026-07-24T06:00:00+00:00,308207.0,308207.0,308207.0,308207.0,0.0,0.0,0
2026-07-24T07:00:00+00:00,309800.0,313056.0,309800.0,311724.0,2.1797271528565596,679470.7918,16
2026-07-24T08:00:00+00:00,311001.0,311002.0,309382.0,309382.0,13.8319,4285736.89,16
2026-07-24T09:00:00+00:00,309092.0,309502.0,309091.0,309502.0,4.849977355235184,1499972.7169,13
2026-07-24T10:00:00+00:00,309310.0,309552.0,308970.0,308970.0,2.2449,694779.4512,9
2026-07-24T11:00:00+00:00,308859.0,308859.0,308859.0,308859.0,0.002913951026196419,899.9999999999998,1
2026-07-24T12:00:00+00:00,307655.0,307655.0,307655.0,307655.0,0.0721,22181.9255,1
2026-07-24T13:00:00+00:00,306300.0,306300.0,303130.0,303130.0,4.411652663586618,1348117.4736,26
2026-07-24T14:00:00+00:00,303400.0,304784.0,303400.0,304784.0,0.0751,22834.472,2
2026-07-24T15:00:00+00:00,305700.0,305700.0,305364.0,305364.0,0.0206,6292.6824,3
2026-07-24T16:00:00+00:00,305447.0,305447.0,305447.0,305447.0,0.000982167119009189,299.9999999999998,1
2026-07-24T17:00:00+00:00,305447.0,305447.0,305447.0,305447.0,0.0,0.0,0
2026-07-24T18:00:00+00:00,305447.0,305447.0,305447.0,305447.0,0.0,0.0,0
2026-07-24T19:00:00+00:00,305501.0,305501.0,305501.0,305501.0,0.001492630138690217,456.0,1
2026-07-24T20:00:00+00:00,305525.0,305525.0,305525.0,305525.0,0.000585876769495131,178.9999999999999,1
2026-07-24T21:00:00+00:00,305193.0,305193.0,305193.0,305193.0,0.003276615125510742,999.9999999999999,1
2026-07-24T22:00:00+00:00,305074.0,305233.0,305072.0,305224.0,0.43276282336906663,132060.2474,6
2026-07-24T23:00:00+00:00,305224.0,305350.0,305224.0,305350.0,1.0320371766309333,315121.505,8
2026-07-25T00:00:00+00:00,305442.0,305741.0,304718.0,304718.0,4.6737,1427051.3691,26
2026-07-25T01:00:00+00:00,304718.0,304718.0,304718.0,304718.0,0.0,0.0,0
2026-07-25T02:00:00+00:00,304718.0,304718.0,304718.0,304718.0,0.0,0.0,0
2026-07-25T03:00:00+00:00,304931.0,309000.0,304929.0,304929.0,10.139594159546926,3103145.6653,21
2026-07-25T04:00:00+00:00,305007.0,305700.0,305007.0,305700.0,0.04429501093417528,13538.84,2
2026-07-25T05:00:00+00:00,305287.0,306170.0,304932.0,304935.0,9.855197381745452,3009391.431,32
2026-07-25T06:00:00+00:00,304884.0,305600.0,304550.0,304780.0,14.3623,4380598.9367,62
2026-07-25T07:00:00+00:00,304780.0,304780.0,304780.0,304780.0,0.0,0.0,0
2026-07-25T08:00:00+00:00,303915.0,303915.0,303915.0,303915.0,0.9,273523.5,5
2026-07-25T09:00:00+00:00,303915.0,303915.0,303915.0,303915.0,0.0,0.0,0
2026-07-25T10:00:00+00:00,303915.0,303915.0,303915.0,303915.0,0.0,0.0,0
2026-07-25T11:00:00+00:00,305180.0,305180.0,305180.0,305180.0,0.0018,549.324,1
2026-07-25T12:00:00+00:00,304695.0,305019.0,304695.0,305019.0,0.003337696340227985,1017.0239999999998,2
2026-07-25T13:00:00+00:00,305099.0,305906.0,305099.0,305906.0,2.173455524927974,664713.6464,9
2026-07-25T14:00:00+00:00,305913.0,305913.0,305913.0,305913.0,0.0032,978.9216,1
2026-07-25T15:00:00+00:00,306461.0,306461.0,306461.0,306461.0,0.1,30646.1,1
2026-07-25T16:00:00+00:00,305926.0,305926.0,305926.0,305926.0,0.0655,20038.153,1
2026-07-25T17:00:00+00:00,305926.0,305926.0,305926.0,305926.0,0.0,0.0,0
2026-07-25T18:00:00+00:00,307200.0,307200.0,307199.0,307200.0,1.6414765656789247,504261.6,15
2026-07-25T19:00:00+00:00,307200.0,307200.0,307200.0,307200.0,0.0,0.0,0
2026-07-25T20:00:00+00:00,307200.0,307200.0,307200.0,307200.0,0.0,0.0,0
2026-07-25T21:00:00+00:00,306837.0,306837.0,306837.0,306837.0,0.003259059370284548,999.9999999999999,1
2026-07-25T22:00:00+00:00,306837.0,306837.0,306837.0,306837.0,0.0,0.0,0
2026-07-25T23:00:00+00:00,306837.0,306837.0,306837.0,306837.0,0.0,0.0,0
2026-07-26T00:00:00+00:00,307500.0,307500.0,307500.0,307500.0,2.1713,667674.75,18
2026-07-26T01:00:00+00:00,307500.0,307500.0,307500.0,307500.0,0.0,0.0,0
2026-07-26T02:00:00+00:00,308186.0,308700.0,308186.0,308700.0,4.865,1500392.8115,25
2026-07-26T03:00:00+00:00,308043.0,308991.0,308042.0,308802.0,1.687,520713.794,14
2026-07-26T04:00:00+00:00,308802.0,309609.0,308333.0,309287.0,3.4779,1075241.792243164,21
2026-07-26T05:00:00+00:00,309141.0,309644.0,309107.0,309107.0,1.6187,500747.2575,9
2026-07-26T06:00:00+00:00,309107.0,309107.0,309107.0,309107.0,0.0,0.0,0
2026-07-26T07:00:00+00:00,308812.0,308812.0,308272.0,308299.0,0.0737,22722.4706,3
2026-07-26T08:00:00+00:00,308481.0,308481.0,307841.0,307841.0,2.633700823065278,811254.1076,12
2026-07-26T09:00:00+00:00,308818.0,309066.0,308818.0,309066.0,0.9543,294857.3638,4
2026-07-26T10:00:00+00:00,309214.0,309437.0,308699.0,308699.0,2.1931201866668393,677554.3551,13
2026-07-26T11:00:00+00:00,309022.0,309022.0,309005.0,309005.0,0.5,154507.4,3
2026-07-26T12:00:00+00:00,309005.0,309005.0,309005.0,309005.0,0.0,0.0,0
2026-07-26T13:00:00+00:00,309005.0,309005.0,309005.0,309005.0,0.0,0.0,0
2026-07-26T14:00:00+00:00,309119.0,310533.0,309094.0,310500.0,0.8461,261990.4848,7
2026-07-26T15:00:00+00:00,310678.0,313976.0,310678.0,313180.0,10.574599385835839,3306716.3958,48
2026-07-26T16:00:00+00:00,313547.0,315190.0,313391.0,314114.0,1.536344619096336,482523.4241,20
2026-07-26T17:00:00+00:00,314114.0,314114.0,314114.0,314114.0,0.0,0.0,0
2026-07-26T18:00:00+00:00,313479.0,313479.0,313479.0,313479.0,0.0048,1504.6992,1
2026-07-26T19:00:00+00:00,313479.0,313479.0,313479.0,313479.0,0.0,0.0,0
2026-07-26T20:00:00+00:00,313442.0,313442.0,313442.0,313442.0,0.003190382909756829,1000.0,1
2026-07-26T21:00:00+00:00,313742.0,315630.0,313742.0,315630.0,0.7197770154410903,226770.204,10
2026-07-26T22:00:00+00:00,315422.0,319097.0,315422.0,319097.0,11.9488,3788445.6627,73
2026-07-26T23:00:00+00:00,320000.0,320821.0,318372.0,319766.0,10.096497113655278,3228752.972,51
2026-07-27T00:00:00+00:00,319147.0,319176.0,317323.0,317537.0,6.4419,2051061.8884,34
2026-07-27T01:00:00+00:00,318300.0,318439.0,318300.0,318439.0,2.0685,658558.664,3
2026-07-27T02:00:00+00:00,318517.0,318554.0,318140.0,318140.0,3.1957,1017828.0464,5
2026-07-27T03:00:00+00:00,318303.0,318643.0,318303.0,318643.0,1.5699738578911195,500000.0,5
2026-07-27T04:00:00+00:00,319305.0,320753.0,319255.0,319255.0,10.9307,3494530.0532,42
2026-07-27T05:00:00+00:00,319535.0,322092.0,319535.0,322038.0,10.912758272873935,3501470.5911,45
2026-07-27T06:00:00+00:00,322160.0,322980.0,321360.0,321683.0,12.77881003974299,4119898.6714,34
2026-07-27T07:00:00+00:00,321568.0,321973.0,321481.0,321524.0,20.819024846803924,6697233.8071,61
2026-07-27T08:00:00+00:00,321611.0,322000.0,320857.0,322000.0,8.456966320380749,2721535.8758,32
2026-07-27T09:00:00+00:00,320100.0,321963.0,319832.0,321963.0,5.5059,1766215.9303,20
2026-07-27T10:00:00+00:00,321654.0,322000.0,321654.0,322000.0,0.231089307143701,74400.0,2
2026-07-27T11:00:00+00:00,321364.0,321364.0,320548.0,320548.0,0.4512,144748.1734,4
2026-07-27T12:00:00+00:00,320300.0,320300.0,319102.0,319460.0,7.1348,2279779.4688,33
2026-07-27T13:00:00+00:00,322000.0,323093.0,322000.0,323093.0,3.8888,1252692.7729,21
2026-07-27T14:00:00+00:00,320300.0,320300.0,315000.0,315894.0,8.135833482214673,2584647.4709,37
2026-07-27T15:00:00+00:00,315705.0,315859.0,315493.0,315493.0,0.0908,28648.9756,4
2026-07-27T16:00:00+00:00,316506.0,316882.0,316506.0,316882.0,0.078,24687.7312,2
2026-07-27T17:00:00+00:00,316882.0,316882.0,316882.0,316882.0,0.0,0.0,0
2026-07-27T18:00:00+00:00,317032.0,317032.0,316136.0,316136.0,0.3166,100294.4069,7
2026-07-27T19:00:00+00:00,319465.0,319982.0,319465.0,319982.0,0.004064245798807322,1299.9999999999995,2
2026-07-27T20:00:00+00:00,318121.0,318121.0,318045.0,318045.0,0.2786,88623.2086,4
2026-07-27T21:00:00+00:00,318236.0,318236.0,318236.0,318236.0,0.000226247187621764,71.99999999999969,1
2026-07-27T22:00:00+00:00,315197.0,315197.0,311401.0,311401.0,4.3226,1357687.6607,21
2026-07-27T23:00:00+00:00,309800.0,310695.0,307838.0,309750.0,5.918345279894433,1833404.7033,23
2026-07-28T00:00:00+00:00,309605.0,309605.0,308449.0,308729.0,0.16810692979764538,51888.1413,4
2026-07-28T01:00:00+00:00,308102.0,308876.0,307425.0,307425.0,7.137100657063384,2203000.0,13
2026-07-28T02:00:00+00:00,307425.0,307425.0,307425.0,307425.0,0.0,0.0,0
2026-07-28T03:00:00+00:00,307967.0,308896.0,307967.0,308896.0,9.76669714920232,3014997.9929,13
2026-07-28T04:00:00+00:00,308284.0,308681.0,307758.0,307758.0,9.9152,3058050.0482,32
2026-07-28T05:00:00+00:00,307758.0,309765.0,307758.0,309382.0,19.7178,6099037.3326,45
2026-07-28T06:00:00+00:00,308810.0,308810.0,308810.0,308810.0,0.004047796379650918,1250.0,1
2026-07-28T07:00:00+00:00,308490.0,308490.0,308490.0,308490.0,0.0951,29337.399,1
2026-07-28T08:00:00+00:00,309082.0,309431.0,309082.0,309431.0,4.8180247577004245,1490000.0,5
2026-07-28T09:00:00+00:00,308340.0,309181.0,308234.0,309181.0,7.623860344587798,2354530.3784,19
2026-07-28T10:00:00+00:00,307811.0,308533.0,307811.0,308533.0,6.490080742740647,2001000.0,12
2026-07-28T11:00:00+00:00,307563.0,307563.0,307563.0,307563.0,0.0325,9995.7975,1
2026-07-28T12:00:00+00:00,307838.0,310454.0,307838.0,310362.0,4.5017,1387674.905,33
2026-07-28T13:00:00+00:00,305682.0,306100.0,305376.0,305598.0,0.5938,181424.9085,8
2026-07-28T14:00:00+00:00,307036.0,307036.0,307036.0,307036.0,0.2,61407.2,1
2026-07-28T15:00:00+00:00,309469.0,314000.0,309469.0,312903.0,2.7329,853836.0276,24
2026-07-28T16:00:00+00:00,315000.0,315898.0,315000.0,315898.0,0.07,22067.96,3
2026-07-28T17:00:00+00:00,315898.0,315898.0,315898.0,315898.0,0.0,0.0,0
2026-07-28T18:00:00+00:00,312598.0,312827.0,312598.0,312827.0,0.1,31269.8989,2
2026-07-28T19:00:00+00:00,312827.0,312827.0,312827.0,312827.0,0.0,0.0,0
2026-07-28T20:00:00+00:00,314551.0,314551.0,314551.0,314551.0,0.002861221232804855,900.0,1
2026-07-28T21:00:00+00:00,315006.0,315376.0,315006.0,315376.0,1.0617,334729.3413,10
2026-07-28T22:00:00+00:00,315528.0,315528.0,314000.0,314000.0,0.054127326602814003,17000.0,5
2026-07-28T23:00:00+00:00,312688.0,312957.0,312688.0,312922.0,2.0886,653540.1978,16
2026-07-29T00:00:00+00:00,315422.0,315422.0,313885.0,314000.0,7.0891,2228979.0782,39
2026-07-29T01:00:00+00:00,312978.0,313303.0,311857.0,312132.0,8.4247,2633085.5834,32
2026-07-29T02:00:00+00:00,312830.0,313500.0,312830.0,313500.0,2.1657,678376.131,17
2026-07-29T03:00:00+00:00,311899.0,311899.0,309883.0,310030.0,4.139,1286931.5791,19
2026-07-29T04:00:00+00:00,309287.0,309287.0,309201.0,309201.0,2.0727,640936.6063,4
2026-07-29T05:00:00+00:00,311873.0,312756.0,311873.0,312756.0,1.3278,414765.8834,11
2026-07-29T06:00:00+00:00,312285.0,314813.0,312285.0,314546.0,13.49695817674364,4236235.25,33
2026-07-29T07:00:00+00:00,313651.0,313651.0,313361.0,313649.0,2.1508,674252.7115,10
2026-07-29T08:00:00+00:00,313128.0,313632.0,312874.0,313632.0,4.1664,1305251.4482,20
2026-07-29T09:00:00+00:00,314049.0,314742.0,314049.0,314742.0,4.767955539775435,1499833.0,11
2026-07-29T10:00:00+00:00,314103.0,314881.0,313425.0,313425.0,5.1467,1617225.5837,24
2026-07-29T11:00:00+00:00,313447.0,313971.0,312988.0,313457.0,7.289810592048106,2287594.7727,41
2026-07-29T12:00:00+00:00,312600.0,312727.0,312454.0,312727.0,0.6179,193171.7427,7
2026-07-29T13:00:00+00:00,311412.0,311412.0,310931.0,310931.0,0.1212,37697.6318,4
2026-07-29T14:00:00+00:00,310931.0,310931.0,310931.0,310931.0,0.0,0.0,0
2026-07-29T15:00:00+00:00,310931.0,310931.0,310931.0,310931.0,0.0,0.0,0
2026-07-29T16:00:00+00:00,310931.0,310931.0,310931.0,310931.0,0.0,0.0,0
2026-07-29T17:00:00+00:00,311656.0,311656.0,311656.0,311656.0,0.3,93496.8,2
2026-07-29T18:00:00+00:00,313213.0,315665.0,313213.0,314424.0,8.398004187975472,2644240.0241,34
2026-07-29T19:00:00+00:00,312258.0,312575.0,310073.0,310663.0,0.5309112439544994,164923.8861,7
2026-07-29T20:00:00+00:00,308055.0,308055.0,307748.0,307748.0,0.132,40653.436,2
2026-07-29T21:00:00+00:00,308094.0,309130.0,308094.0,309130.0,0.104,32145.376,2
2026-07-29T22:00:00+00:00,311526.0,311526.0,311526.0,311526.0,0.000963001483022283,299.9999999999997,1
2026-07-29T23:00:00+00:00,311000.0,311000.0,311000.0,311000.0,1.4163,440469.3,6
2026-07-30T00:00:00+00:00,311000.0,311000.0,311000.0,311000.0,0.1915,59556.5,4
2026-07-30T01:00:00+00:00,311673.0,313886.0,311673.0,313591.0,4.7592699803246905,1489911.0113,22
2026-07-30T02:00:00+00:00,313595.0,314369.0,312392.0,312392.0,10.928224308608833,3431239.2,23
2026-07-30T03:00:00+00:00,312216.0,313016.0,312208.0,313016.0,0.6507,203158.9816,4
2026-07-30T04:00:00+00:00,312100.0,312447.0,311400.0,311400.0,3.638177215015667,1134078.48,17
2026-07-30T05:00:00+00:00,311881.0,312851.0,311583.0,311633.0,4.96076654253942,1549118.7994,24
2026-07-30T06:00:00+00:00,311638.0,311638.0,311378.0,311378.0,0.2,62301.6,2
2026-07-30T07:00:00+00:00,311106.0,312876.0,311106.0,312590.0,7.096194334743094,2216004.4819,31
2026-07-30T08:00:00+00:00,312160.0,312922.0,312160.0,312922.0,0.6,187538.0,4
2026-07-30T09:00:00+00:00,313413.0,314761.0,313382.0,314761.0,7.9319470523506626,2491038.3728751075,33
2026-07-30T10:00:00+00:00,313430.0,313853.0,312437.0,312437.0,5.223513502376736,1635233.4767,23
2026-07-30T11:00:00+00:00,312560.0,313756.0,312560.0,313756.0,2.236774510179641,700279.6194,16
2026-07-30T12:00:00+00:00,313756.0,313756.0,313756.0,313756.0,0.0,0.0,0
2026-07-30T13:00:00+00:00,313701.0,313701.0,309224.0,311494.0,0.9793,304908.3994,9
2026-07-30T14:00:00+00:00,308411.0,308411.0,304000.0,305867.0,0.8063,246156.6112,12
2026-07-30T15:00:00+00:00,305538.0,305538.0,305538.0,305538.0,0.0995,30401.031,1
2026-07-30T16:00:00+00:00,305538.0,305538.0,305538.0,305538.0,0.0,0.0,0
2026-07-30T17:00:00+00:00,305538.0,305538.0,305538.0,305538.0,0.0,0.0,0
2026-07-30T18:00:00+00:00,305329.0,305329.0,305148.0,305150.0,2.0856751556517725,636440.226,9
2026-07-30T19:00:00+00:00,305148.0,305148.0,305148.0,305148.0,0.344,104970.912,3
2026-07-30T20:00:00+00:00,306588.0,307000.0,306588.0,307000.0,0.2032617062637807,62400.0,2
2026-07-30T21:00:00+00:00,306576.0,307000.0,306576.0,306958.0,0.2386,73234.483,3
2026-07-30T22:00:00+00:00,307000.0,308075.0,307000.0,308075.0,3.7568,1155547.1441,26
2026-07-30T23:00:00+00:00,307796.0,308523.0,307786.0,308523.0,1.6382954693815373,505020.4448,11
2026-07-31T00:00:00+00:00,307135.0,307135.0,307135.0,307135.0,0.0815,25031.5025,1
2026-07-31T01:00:00+00:00,310000.0,310000.0,307190.0,307190.0,4.325875741547476,1336790.0,19
2026-07-31T02:00:00+00:00,306304.0,306304.0,306304.0,306304.0,0.032647304638529044,10000.0,1
2026-07-31T03:00:00+00:00,305600.0,306425.0,305302.0,306425.0,2.8711320626580727,877805.7365,9
2026-07-31T04:00:00+00:00,306425.0,306695.0,306087.0,306695.0,0.4499,137893.3693,4
2026-07-31T05:00:00+00:00,306695.0,306695.0,306695.0,306695.0,0.0,0.0,0
2026-07-31T06:00:00+00:00,306599.0,306599.0,306189.0,306189.0,4.156,1274225.034,10
2026-07-31T07:00:00+00:00,305333.0,305565.0,303657.0,303657.0,0.6788935209792628,207143.8271,5
2026-07-31T08:00:00+00:00,303148.0,304176.0,301111.0,301111.0,4.051292791015728,1226550.2232,23
2026-07-31T09:00:00+00:00,301796.0,305200.0,300992.0,302455.0,11.634382372522303,3519054.6346,42
2026-07-31T10:00:00+00:00,301732.0,306807.0,301259.0,302513.0,62.518289512232485,18990378.1392,109
2026-07-31T11:00:00+00:00,302813.0,306964.0,301963.0,302432.0,3.710480201146524,1130225.2515,18
2026-07-31T12:00:00+00:00,302143.0,302143.0,300846.0,301687.0,2.477043411489018,747584.3009,18
2026-07-31T13:00:00+00:00,302341.0,303214.0,299106.0,299145.0,1.7179,515513.7632,11
2026-07-31T14:00:00+00:00,298143.0,298143.0,296466.0,296466.0,0.6937,205803.7201,6
2026-07-31T15:00:00+00:00,296401.0,296774.0,296223.0,296636.0,2.6072670725872213,773489.2287,12
2026-07-31T16:00:00+00:00,297176.0,297176.0,297176.0,297176.0,0.001,297.176,1
2026-07-31T17:00:00+00:00,296895.0,297583.0,296895.0,297583.0,0.002090730989337428,620.7899999999998,2
2026-07-31T18:00:00+00:00,297583.0,297583.0,297583.0,297583.0,0.0,0.0,0
2026-07-31T19:00:00+00:00,297583.0,297583.0,297583.0,297583.0,0.0,0.0,0
2026-07-31T20:00:00+00:00,294349.0,294349.0,294349.0,294349.0,0.2382,70113.9318,2
2026-07-31T21:00:00+00:00,293719.0,294073.0,293719.0,294060.0,0.30481200248179935,89597.3533,7
2026-07-31T22:00:00+00:00,294149.0,294540.0,293748.0,294540.0,1.6662866995243668,490425.3748,12
2026-07-31T23:00:00+00:00,294540.0,294540.0,294540.0,294540.0,0.0,0.0,0
2026-08-01T00:00:00+00:00,294530.0,294744.0,294530.0,294744.0,0.037435175309344544,11026.0,2
2026-08-01T01:00:00+00:00,294726.0,294726.0,293988.0,294153.0,0.2278,67040.5128,6
2026-08-01T02:00:00+00:00,294153.0,298599.0,294152.0,298599.0,6.953962589626891,2053338.042,15
2026-08-01T03:00:00+00:00,294581.0,296056.0,294581.0,295195.0,10.359696537588965,3061972.94,28
2026-08-01T04:00:00+00:00,295301.0,295520.0,295301.0,295312.0,0.2701624911957523,79788.776,4
2026-08-01T05:00:00+00:00,295027.0,296045.0,295027.0,295218.0,6.493276564440213,1921061.836,10
2026-08-01T06:00:00+00:00,294715.0,295386.0,294715.0,295386.0,0.12484230971270932,36836.8318,5
2026-08-01T07:00:00+00:00,295369.0,296196.0,295270.0,296196.0,7.004202509824576,2073177.95,14
2026-08-01T08:00:00+00:00,295673.0,295709.0,294766.0,294767.0,0.9786818646033769,288638.6165,12
2026-08-01T09:00:00+00:00,295056.0,295489.0,294688.0,294688.0,2.630084414648261,775669.1971,13
2026-08-01T10:00:00+00:00,294564.0,298599.0,294299.0,298599.0,5.130670362928208,1521474.7779,13
2026-08-01T11:00:00+00:00,294693.0,294693.0,294630.0,294630.0,0.1773,52244.6919,3
2026-08-01T12:00:00+00:00,295224.0,295224.0,295224.0,295224.0,0.1355,40002.852,1
2026-08-01T13:00:00+00:00,295224.0,295224.0,295224.0,295224.0,0.0,0.0,0
2026-08-01T14:00:00+00:00,295402.0,295402.0,295402.0,295402.0,0.2,59080.4,2
2026-08-01T15:00:00+00:00,295389.0,295389.0,295389.0,295389.0,0.001015609924540182,299.99999999999983,1
2026-08-01T16:00:00+00:00,295037.0,295037.0,295037.0,295037.0,0.0075,2212.7775,1
2026-08-01T17:00:00+00:00,294320.0,294320.0,294320.0,294320.0,0.1017,29932.344,2
2026-08-01T18:00:00+00:00,293909.0,293909.0,288888.0,288888.0,3.318002413672259,967566.8477,24
2026-08-01T19:00:00+00:00,289982.0,289984.0,289982.0,289984.0,0.3241394293438903,93995.2,3
2026-08-01T20:00:00+00:00,289712.0,289712.0,289649.0,289649.0,0.006307209070288521,1827.0783999999999,2
2026-08-01T21:00:00+00:00,290340.0,290340.0,290340.0,290340.0,0.2,58068.0,1
2026-08-01T22:00:00+00:00,290340.0,290340.0,290340.0,290340.0,0.0,0.0,0
2026-08-01T23:00:00+00:00,291304.0,291728.0,290588.0,290588.0,2.1335079142214664,620577.1018,16
2026-08-02T00:00:00+00:00,291499.0,291750.0,291499.0,291750.0,2.0989,612079.4402,16
2026-08-02T01:00:00+00:00,291991.0,292740.0,291991.0,292446.0,1.594,466151.2382,9
2026-08-02T02:00:00+00:00,292674.0,296317.0,292456.0,294843.0,2.6146,771146.5172,17
2026-08-02T03:00:00+00:00,295358.0,295500.0,295358.0,295500.0,2.1633,639245.707,10
2026-08-02T04:00:00+00:00,296367.0,296777.0,296138.0,296625.0,3.3678,998492.0497,15
2026-08-02T05:00:00+00:00,296207.0,296207.0,295664.0,295664.0,0.1405,41542.6925,4
2026-08-02T06:00:00+00:00,295664.0,295664.0,295664.0,295664.0,0.0,0.0,0
2026-08-02T07:00:00+00:00,295836.0,295836.0,295515.0,295515.0,0.1379,40763.6844,2
2026-08-02T08:00:00+00:00,295125.0,295125.0,294901.0,294901.0,0.3482,102714.8244,7
2026-08-02T09:00:00+00:00,294900.0,295080.0,294470.0,295080.0,2.2979,677640.031,4
2026-08-02T10:00:00+00:00,295080.0,295080.0,295080.0,295080.0,0.0,0.0,0
2026-08-02T11:00:00+00:00,294578.0,294588.0,293470.0,293470.0,2.2684319646421445,666292.479,16
2026-08-02T12:00:00+00:00,292481.0,292699.0,292153.0,292153.0,4.2581,1244768.2777,20
2026-08-02T13:00:00+00:00,292740.0,292741.0,292740.0,292741.0,0.0683,19994.1603,2
2026-08-02T14:00:00+00:00,292426.0,292709.0,292076.0,292076.0,2.2973,672276.1791,10
2026-08-02T15:00:00+00:00,291998.0,291998.0,291952.0,291952.0,0.598,174601.796,4
2026-08-02T16:00:00+00:00,292557.0,293000.0,292557.0,293000.0,0.34460906866012436,100969.7,5
2026-08-02T17:00:00+00:00,293000.0,293000.0,293000.0,293000.0,0.0,0.0,0
2026-08-02T18:00:00+00:00,294310.0,296197.0,294310.0,296197.0,0.20101933335598518,59539.0,3
2026-08-02T19:00:00+00:00,296197.0,296197.0,296197.0,296197.0,0.0,0.0,0
2026-08-02T20:00:00+00:00,296172.0,296172.0,296172.0,296172.0,0.003376416406682603,999.9999999999999,1
2026-08-02T21:00:00+00:00,297049.0,297988.0,297021.0,297988.0,1.0319,307113.2259,9
2026-08-02T22:00:00+00:00,298225.0,298225.0,295987.0,295987.0,0.42849309715573836,127257.8419,8
2026-08-02T23:00:00+00:00,295987.0,295987.0,295987.0,295987.0,0.0,0.0,0
2026-08-03T00:00:00+00:00,297288.0,297288.0,291137.0,291166.0,2.1052,613169.2478,10
2026-08-03T01:00:00+00:00,292957.0,292957.0,292957.0,292957.0,0.10240752055762449,30001.0,1
2026-08-03T02:00:00+00:00,292415.0,292415.0,291288.0,291288.0,0.3524,102867.0958,5
2026-08-03T03:00:00+00:00,291245.0,291245.0,290378.0,290378.0,2.8936,842086.9208,13
2026-08-03T04:00:00+00:00,290665.0,291835.0,290665.0,291823.0,9.148744959444596,2667705.905,18
2026-08-03T05:00:00+00:00,290532.0,290532.0,290532.0,290532.0,0.0375,10894.95,1
2026-08-03T06:00:00+00:00,290307.0,290626.0,290307.0,290626.0,1.7217497804738737,500000.0,5
2026-08-03T07:00:00+00:00,289384.0,289898.0,287983.0,288980.0,9.017260030769442,2606714.8133,46
2026-08-03T08:00:00+00:00,288319.0,289219.0,288319.0,289044.0,9.039553445658825,2612002.4779,16
2026-08-03T09:00:00+00:00,288514.0,289600.0,288514.0,289570.0,1.8532,536463.0716,10
2026-08-03T10:00:00+00:00,290441.0,291131.0,289036.0,289159.0,8.272619104114643,2402537.4047,24
2026-08-03T11:00:00+00:00,289000.0,290288.0,288981.0,289161.0,10.089679599570083,2922003.2575,41
2026-08-03T12:00:00+00:00,288825.0,289197.0,288825.0,289197.0,2.0840580368735395,602666.0667,12
2026-08-03T13:00:00+00:00,289695.0,289695.0,288869.0,288869.0,0.0794,22993.1926,2
2026-08-03T14:00:00+00:00,291052.0,291532.0,290427.0,291532.0,0.3751196886577931,109241.8792,5
2026-08-03T15:00:00+00:00,292464.0,292464.0,292464.0,292464.0,0.15386509108813393,45000.0,1
2026-08-03T16:00:00+00:00,292464.0,292464.0,292464.0,292464.0,0.0,0.0,0
2026-08-03T17:00:00+00:00,293822.0,293822.0,293587.0,293587.0,0.002457443655204946,721.9999999999991,4
2026-08-03T18:00:00+00:00,293120.0,293254.0,293117.0,293254.0,5.181523003948795,1518798.468,33
2026-08-03T19:00:00+00:00,292868.0,292868.0,292868.0,292868.0,0.0015,439.302,1
2026-08-03T20:00:00+00:00,293978.0,293978.0,293978.0,293978.0,0.003401615086843233,1000.0,1
2026-08-03T21:00:00+00:00,293978.0,293978.0,293978.0,293978.0,0.0,0.0,0
2026-08-03T22:00:00+00:00,292484.0,292512.0,292484.0,292512.0,0.011377091396452455,3327.8496,2
2026-08-03T23:00:00+00:00,292788.0,293727.0,292730.0,293727.0,2.0513376481867023,601610.015,16
2026-08-04T00:00:00+00:00,292187.0,292187.0,290950.0,290950.0,2.0814,606205.9981,12
2026-08-04T01:00:00+00:00,292942.0,293185.0,292942.0,293183.0,2.0669,605636.3575,5
2026-08-04T02:00:00+00:00,294909.0,295374.0,294096.0,294096.0,2.8857628674155476,851624.586,10
2026-08-04T03:00:00+00:00,294096.0,294096.0,294096.0,294096.0,0.0,0.0,0
2026-08-04T04:00:00+00:00,293823.0,294882.0,293823.0,294882.0,1.7224741649202053,507541.2331,11
2026-08-04T05:00:00+00:00,294116.0,294167.0,294116.0,294167.0,0.3,88239.9,2
2026-08-04T06:00:00+00:00,293950.0,293950.0,293772.0,293854.0,2.0649,606817.6694,17
2026-08-04T07:00:00+00:00,293147.0,294510.0,292241.0,294510.0,8.322791101789976,2444148.4249,26
2026-08-04T08:00:00+00:00,293144.0,293700.0,292966.0,293700.0,3.8487,1128893.732,19
2026-08-04T09:00:00+00:00,293700.0,293700.0,293700.0,293700.0,0.0,0.0,0
2026-08-04T10:00:00+00:00,294694.0,294694.0,294694.0,294694.0,0.2,58938.8,2
2026-08-04T11:00:00+00:00,294946.0,295196.0,294946.0,295188.0,2.0293,598952.267,4
2026-08-04T12:00:00+00:00,295412.0,296415.0,295412.0,296415.0,9.712479163229647,2877200.0,19
2026-08-04T13:00:00+00:00,295001.0,295001.0,294310.0,294911.0,0.1615,47627.9913,3
2026-08-04T14:00:00+00:00,293135.0,293232.0,293073.0,293232.0,1.1597,339986.9755,6
2026-08-04T15:00:00+00:00,294862.0,294862.0,294862.0,294862.0,0.1144,33732.2128,1
2026-08-04T16:00:00+00:00,294862.0,294862.0,294862.0,294862.0,0.0,0.0,0
2026-08-04T17:00:00+00:00,295166.0,295166.0,295128.0,295128.0,0.4352,128451.1056,3
2026-08-04T18:00:00+00:00,295128.0,295128.0,295128.0,295128.0,0.0,0.0,0
2026-08-04T19:00:00+00:00,296612.0,296612.0,296612.0,296612.0,0.1,29661.2,1
2026-08-04T20:00:00+00:00,295892.0,296491.0,294767.0,296430.0,1.832907028909436,540412.4285,11
2026-08-04T21:00:00+00:00,295805.0,295805.0,295805.0,295805.0,0.001014181639931711,299.9999999999998,1
2026-08-04T22:00:00+00:00,295648.0,296013.0,295648.0,296013.0,0.30304040700915164,89594.4,3
2026-08-04T23:00:00+00:00,296344.0,296344.0,295039.0,295039.0,1.2668304422240413,374577.3476,8
2026-08-05T00:00:00+00:00,295039.0,295039.0,293617.0,293617.0,11.264575915985066,3315373.6862,22
2026-08-05T01:00:00+00:00,294779.0,295648.0,294779.0,295648.0,3.3162,978106.2849,17
2026-08-05T02:00:00+00:00,295822.0,298999.0,295822.0,298999.0,6.715600528095412,2000000.0,15
2026-08-05T03:00:00+00:00,293849.0,293849.0,293849.0,293849.0,0.0169,4966.0481,1
2026-08-05T04:00:00+00:00,294141.0,294469.0,294141.0,294371.0,1.8351647175084644,540017.228,5
2026-08-05T05:00:00+00:00,294371.0,294371.0,294371.0,294371.0,0.0,0.0,0
2026-08-05T06:00:00+00:00,295380.0,295380.0,294589.0,294589.0,0.0698,20599.8056,2
2026-08-05T07:00:00+00:00,294293.0,295000.0,294293.0,295000.0,0.2114,62318.2581,3
2026-08-05T08:00:00+00:00,295079.0,295079.0,295078.0,295078.0,0.1007,29714.4355,2
2026-08-05T09:00:00+00:00,295040.0,295754.0,295040.0,295754.0,1.6567334013377586,489853.9143,7
2026-08-05T10:00:00+00:00,295574.0,296075.0,295087.0,295087.0,13.9229,4121310.9723,59
2026-08-05T11:00:00+00:00,295087.0,295087.0,295087.0,295087.0,0.0,0.0,0
2026-08-05T12:00:00+00:00,295087.0,295087.0,295087.0,295087.0,0.0,0.0,0
2026-08-05T13:00:00+00:00,295313.0,296549.0,292492.0,296549.0,9.7748,2873832.5678,39
2026-08-05T14:00:00+00:00,295355.0,296525.0,294914.0,296250.0,10.2576,3034759.5349,63
2026-08-05T15:00:00+00:00,296250.0,296250.0,296250.0,296250.0,0.0,0.0,0
2026-08-05T16:00:00+00:00,298368.0,298888.0,298368.0,298888.0,0.5275,157403.42,2
2026-08-05T17:00:00+00:00,298888.0,300172.0,298888.0,300172.0,2.4868,743742.5337,21
2026-08-05T18:00:00+00:00,302000.0,302860.0,302000.0,302860.0,3.3751,1020832.4588,17
2026-08-05T19:00:00+00:00,302860.0,302860.0,302860.0,302860.0,0.0,0.0,0
2026-08-05T20:00:00+00:00,303000.0,303000.0,303000.0,303000.0,0.425,128775.0,3
2026-08-05T21:00:00+00:00,302507.0,302507.0,301253.0,301332.0,0.06445083420903458,19491.3165,4
2026-08-05T22:00:00+00:00,301744.0,301744.0,301744.0,301744.0,0.000994220266185905,299.9999999999997,1
2026-08-05T23:00:00+00:00,301000.0,301000.0,301000.0,301000.0,0.01,3010.0,1
2026-08-06T00:00:00+00:00,301700.0,313800.0,301612.0,301797.0,35.937986744053376,10897301.9328,52
2026-08-06T01:00:00+00:00,301219.0,301645.0,300065.0,301430.0,73.34980614651995,22114883.3302,49
2026-08-06T02:00:00+00:00,300895.0,312000.0,299423.0,300370.0,99.96560291536392,30035344.8392,79
2026-08-06T03:00:00+00:00,299486.0,299730.0,299409.0,299456.0,2.7774,832273.7049,12
2026-08-06T04:00:00+00:00,299558.0,301437.0,299558.0,301437.0,4.525289463469979,1360561.546,25
2026-08-06T05:00:00+00:00,301752.0,302526.0,301752.0,302296.0,2.1909,661462.9823,8
2026-08-06T06:00:00+00:00,302004.0,302694.0,301718.0,302452.0,1.5858866808617567,479244.0941,9
2026-08-06T07:00:00+00:00,302066.0,302066.0,301954.0,301954.0,2.0527,620017.6755,7
2026-08-06T08:00:00+00:00,301503.0,302614.0,301503.0,302608.0,1.2696381589382963,383965.4423,8
2026-08-06T09:00:00+00:00,301985.0,302123.0,301167.0,301963.0,7.294354287445813,2201840.2685,19
2026-08-06T10:00:00+00:00,300901.0,301726.0,300881.0,300888.0,6.939625377478396,2091317.8812,27
2026-08-06T11:00:00+00:00,300452.0,301329.0,300000.0,301329.0,1.0621,319266.8016,10
2026-08-06T12:00:00+00:00,300423.0,301379.0,300423.0,300674.0,0.7926,238706.7664,5
2026-08-06T13:00:00+00:00,299989.0,301849.0,299026.0,301849.0,3.8875,1167331.2011,17
2026-08-06T14:00:00+00:00,301462.0,302693.0,300952.0,302693.0,5.65,1704659.8074,34
2026-08-06T15:00:00+00:00,303617.0,303617.0,303617.0,303617.0,0.000988086964827397,299.9999999999998,1
2026-08-06T16:00:00+00:00,303617.0,303617.0,303617.0,303617.0,0.0,0.0,0
2026-08-06T17:00:00+00:00,303617.0,303617.0,303617.0,303617.0,0.0,0.0,0
2026-08-06T18:00:00+00:00,302556.0,303188.0,302556.0,303188.0,0.2596157275353906,78548.7484,2
2026-08-06T19:00:00+00:00,303188.0,303188.0,303188.0,303188.0,0.0,0.0,0
2026-08-06T20:00:00+00:00,302753.0,302753.0,302753.0,302753.0,0.003303022595977579,1000.0,1
2026-08-06T21:00:00+00:00,302753.0,302753.0,302753.0,302753.0,0.0,0.0,0
2026-08-06T22:00:00+00:00,302753.0,302753.0,302753.0,302753.0,0.0,0.0,0
2026-08-06T23:00:00+00:00,301082.0,301540.0,301082.0,301540.0,0.11,33123.6,2
2026-08-07T00:00:00+00:00,301599.0,301599.0,301599.0,301599.0,0.002984094774850049,899.9999999999999,1
2026-08-07T01:00:00+00:00,301779.0,301945.0,301569.0,301812.0,16.6527,5025647.5728,33
2026-08-07T02:00:00+00:00,301308.0,301308.0,301308.0,301308.0,0.0233,7020.4764,1
2026-08-07T03:00:00+00:00,301013.0,321000.0,301013.0,301370.0,47.9525,14848980.9156,59
2026-08-07T04:00:00+00:00,301159.0,301790.0,301114.0,301790.0,4.6211,1392751.2197,18
2026-08-07T05:00:00+00:00,300885.0,301322.0,300885.0,301322.0,0.4313,129916.4786,6
2026-08-07T06:00:00+00:00,301480.0,301848.0,301480.0,301848.0,0.5243,158181.6264,3
2026-08-07T07:00:00+00:00,302158.0,302268.0,302158.0,302268.0,0.1661,50202.6558,2
2026-08-07T08:00:00+00:00,302351.0,303500.0,302351.0,303500.0,2.663952622614114,807856.2464,15
2026-08-07T09:00:00+00:00,303321.0,304623.0,302980.0,303438.0,10.045822631642356,3052172.1132,35
2026-08-07T10:00:00+00:00,303527.0,315000.0,303214.0,303269.0,5.283609636418668,1616054.1712,36
2026-08-07T11:00:00+00:00,303271.0,304923.0,303271.0,303627.0,14.500825775687632,4418103.9155,25
2026-08-07T12:00:00+00:00,304500.0,306754.0,302037.0,304529.0,3.4313,1045173.017,28
2026-08-07T13:00:00+00:00,304113.0,304113.0,303806.0,303806.0,2.0102,611123.1312,12
2026-08-07T14:00:00+00:00,302300.0,302903.0,301879.0,302230.0,5.528,1671580.1939,49
2026-08-07T15:00:00+00:00,302850.0,303145.0,302662.0,302662.0,2.5171,762357.1201,19
2026-08-07T16:00:00+00:00,302662.0,302662.0,301500.0,301500.0,0.4286,129293.5534,7
2026-08-07T17:00:00+00:00,301500.0,301500.0,301500.0,301500.0,0.0,0.0,0
2026-08-07T18:00:00+00:00,301500.0,301500.0,301500.0,301500.0,0.0,0.0,0
2026-08-07T19:00:00+00:00,302198.0,302198.0,302198.0,302198.0,0.06618177486283827,20000.0,1
2026-08-07T20:00:00+00:00,302198.0,302198.0,302198.0,302198.0,0.0,0.0,0
2026-08-07T21:00:00+00:00,302460.0,303190.0,302460.0,302725.0,0.7495894785448068,226925.9209,8
2026-08-07T22:00:00+00:00,302750.0,302799.0,302750.0,302799.0,0.03330252081413743,10082.5,3
2026-08-07T23:00:00+00:00,302799.0,302799.0,302799.0,302799.0,0.0,0.0,0
2026-08-08T00:00:00+00:00,302799.0,302799.0,302799.0,302799.0,0.0,0.0,0
2026-08-08T01:00:00+00:00,302669.0,303096.0,302669.0,303096.0,0.9906159104706099,300000.0,5
2026-08-08T02:00:00+00:00,302580.0,302804.0,302154.0,302154.0,1.1865,359000.7418,7
2026-08-08T03:00:00+00:00,302482.0,303454.0,302482.0,302791.0,1.031875383659193,312903.8852,9
2026-08-08T04:00:00+00:00,303000.0,303000.0,303000.0,303000.0,0.1,30300.0,1
2026-08-08T05:00:00+00:00,302999.0,302999.0,302999.0,302999.0,0.003,908.997,2
2026-08-08T06:00:00+00:00,302965.0,303000.0,302965.0,303000.0,1.3187,399559.5685,4
2026-08-08T07:00:00+00:00,302813.0,303048.0,302408.0,302408.0,1.7198,520973.1159,7
2026-08-08T08:00:00+00:00,302701.0,302701.0,302701.0,302701.0,0.0231,6992.3931,1
2026-08-08T09:00:00+00:00,302701.0,302701.0,302701.0,302701.0,0.0,0.0,0
2026-08-08T10:00:00+00:00,303300.0,303300.0,303300.0,303300.0,0.001,303.3,1
2026-08-08T11:00:00+00:00,303202.0,303202.0,303202.0,303202.0,0.0031,939.9262,1
2026-08-08T12:00:00+00:00,303904.0,303934.0,303314.0,303314.0,2.486,755216.633,18
2026-08-08T13:00:00+00:00,303314.0,303314.0,303314.0,303314.0,0.0,0.0,0
2026-08-08T14:00:00+00:00,303314.0,303314.0,303314.0,303314.0,0.0,0.0,0
2026-08-08T15:00:00+00:00,303700.0,303700.0,303700.0,303700.0,0.1213,36838.81,3
2026-08-08T16:00:00+00:00,303767.0,303767.0,303767.0,303767.0,0.000987599047954517,299.9999999999998,1
2026-08-08T17:00:00+00:00,303908.0,303908.0,303709.0,303709.0,0.3474,105577.2412,3
2026-08-08T18:00:00+00:00,303709.0,303709.0,303709.0,303709.0,0.0,0.0,0
2026-08-08T19:00:00+00:00,303709.0,303709.0,303709.0,303709.0,0.0,0.0,0
2026-08-08T20:00:00+00:00,303709.0,303709.0,303709.0,303709.0,0.0,0.0,0
2026-08-08T21:00:00+00:00,303709.0,303709.0,303709.0,303709.0,0.0,0.0,0
2026-08-08T22:00:00+00:00,302966.0,302966.0,302436.0,302472.0,1.908,577565.5388,15
2026-08-08T23:00:00+00:00,302472.0,302472.0,302472.0,302472.0,0.0,0.0,0
2026-08-09T00:00:00+00:00,302891.0,311999.0,302888.0,302911.0,7.295012526937807,2228946.6005,25
2026-08-09T01:00:00+00:00,302338.0,302338.0,302338.0,302338.0,0.004,1209.352,1
2026-08-09T02:00:00+00:00,302338.0,302338.0,302338.0,302338.0,0.0,0.0,0
2026-08-09T03:00:00+00:00,302276.0,302276.0,302276.0,302276.0,0.005,1511.38,1
2026-08-09T04:00:00+00:00,302414.0,302600.0,302414.0,302600.0,1.6546,500679.3746,8
2026-08-09T05:00:00+00:00,302297.0,302800.0,302297.0,302800.0,3.3834,1023759.3119,22
2026-08-09T06:00:00+00:00,303337.0,303337.0,303231.0,303232.0,1.969,597070.4581,8
2026-08-09T07:00:00+00:00,302837.0,302837.0,302562.0,302562.0,1.9026,575918.2612,14
2026-08-09T08:00:00+00:00,303000.0,304066.0,302104.0,302136.0,5.9584873032901795,1804787.8588,33
2026-08-09T09:00:00+00:00,302449.0,302633.0,302449.0,302633.0,1.8907,572100.9943,7
2026-08-09T10:00:00+00:00,303121.0,303121.0,302874.0,302874.0,2.5125,761171.6872,21
2026-08-09T11:00:00+00:00,302799.0,302836.0,302799.0,302836.0,0.004,1211.27,2
2026-08-09T12:00:00+00:00,302907.0,303025.0,302906.0,303025.0,1.0264,310979.4054,5
2026-08-09T13:00:00+00:00,303019.0,303391.0,303019.0,303391.0,0.8653,262267.8874,7
2026-08-09T14:00:00+00:00,303562.0,303562.0,303389.0,303389.0,0.0021,637.2899,2
2026-08-09T15:00:00+00:00,304071.0,304071.0,304071.0,304071.0,0.00164435279918177,500.0,1
2026-08-09T16:00:00+00:00,304071.0,304071.0,304071.0,304071.0,0.0,0.0,0
2026-08-09T17:00:00+00:00,304071.0,304071.0,304071.0,304071.0,0.0,0.0,0
2026-08-09T18:00:00+00:00,304071.0,304071.0,304071.0,304071.0,0.0,0.0,0
2026-08-09T19:00:00+00:00,304071.0,304071.0,304071.0,304071.0,0.0,0.0,0
2026-08-09T20:00:00+00:00,303109.0,303109.0,303109.0,303109.0,0.022084464664526623,6694.0,1
2026-08-09T21:00:00+00:00,303227.0,303227.0,303227.0,303227.0,0.003297859359489755,999.9999999999999,1
2026-08-09T22:00:00+00:00,304266.0,305000.0,304266.0,304929.0,2.9858,910191.364,20
2026-08-09T23:00:00+00:00,303245.0,303245.0,303245.0,303245.0,0.000989299081600685,299.9999999999997,1
2026-08-10T00:00:00+00:00,303096.0,303096.0,301255.0,301676.0,2.1425,646569.0671,15
2026-08-10T01:00:00+00:00,302609.0,303861.0,302609.0,303861.0,1.2384482698796135,375312.9038,14
2026-08-10T02:00:00+00:00,304456.0,304722.0,303750.0,304255.0,2.0107,611914.8951,11
2026-08-10T03:00:00+00:00,304500.0,304500.0,303827.0,303827.0,3.692,1123011.4634,10
2026-08-10T04:00:00+00:00,303557.0,304004.0,303555.0,304004.0,0.33866829120669467,102809.2184,4
2026-08-10T05:00:00+00:00,303616.0,304604.0,303616.0,304604.0,1.741495278504745,530000.0,10
2026-08-10T06:00:00+00:00,304841.0,305367.0,304841.0,305367.0,3.7012,1128766.956,21
2026-08-10T07:00:00+00:00,305046.0,305625.0,302923.0,305625.0,2.719245979612353,829096.1944,16
2026-08-10T08:00:00+00:00,305512.0,305810.0,305274.0,305623.0,4.381540040336494,1338982.3717,10
2026-08-10T09:00:00+00:00,305794.0,305794.0,304839.0,305162.0,2.3071761821589845,704279.6514,12
2026-08-10T10:00:00+00:00,305078.0,305078.0,304368.0,304368.0,0.3982,121304.6688,5
2026-08-10T11:00:00+00:00,304777.0,304777.0,304001.0,304529.0,1.2929,393281.991,8
2026-08-10T12:00:00+00:00,304575.0,304894.0,303190.0,303190.0,2.0734,630228.0457,22
2026-08-10T13:00:00+00:00,303207.0,303688.0,301724.0,301986.0,5.2004,1574623.8763,37
2026-08-10T14:00:00+00:00,301984.0,302414.0,300356.0,300356.0,5.984,1804738.8774,29
2026-08-10T15:00:00+00:00,300304.0,300922.0,298000.0,298262.0,5.032542894171912,1506171.0504,29
2026-08-10T16:00:00+00:00,298234.0,298234.0,297651.0,297651.0,0.15793537893063836,47098.9597,4
2026-08-10T17:00:00+00:00,297651.0,297651.0,297651.0,297651.0,0.0,0.0,0
2026-08-10T18:00:00+00:00,298285.0,298285.0,298095.0,298138.0,0.1413764098947932,42146.9568,3
2026-08-10T19:00:00+00:00,298138.0,298138.0,298138.0,298138.0,0.0,0.0,0
2026-08-10T20:00:00+00:00,299384.0,299384.0,299384.0,299384.0,0.002672153488496379,799.9999999999999,1
2026-08-10T21:00:00+00:00,299265.0,299265.0,299265.0,299265.0,0.0468,14005.602,1
2026-08-10T22:00:00+00:00,299452.0,299452.0,299452.0,299452.0,0.003005490028451972,899.9999999999999,1
2026-08-10T23:00:00+00:00,298523.0,298523.0,298523.0,298523.0,0.003349825641575356,1000.0,1
2026-08-11T00:00:00+00:00,298334.0,298450.0,298334.0,298450.0,0.12328993477109548,36795.395,3
2026-08-11T01:00:00+00:00,298450.0,298450.0,298450.0,298450.0,0.0,0.0,0
2026-08-11T02:00:00+00:00,299000.0,299403.0,299000.0,299403.0,0.1036,31012.1058,2
2026-08-11T03:00:00+00:00,299671.0,299909.0,299046.0,299909.0,4.491341570765756,1345722.0709,20
2026-08-11T04:00:00+00:00,299598.0,299897.0,299362.0,299389.0,3.921335757276665,1174981.5761,19
2026-08-11T05:00:00+00:00,299022.0,299444.0,298707.0,299444.0,1.7588899788686547,526361.8646,11
2026-08-11T06:00:00+00:00,298318.0,298318.0,298317.0,298317.0,0.2441,72819.3818,4
2026-08-11T07:00:00+00:00,298318.0,299152.0,298318.0,299152.0,1.8079,539329.279,18
2026-08-11T08:00:00+00:00,299863.0,299863.0,298974.0,298974.0,1.6467,492708.9399,9
2026-08-11T09:00:00+00:00,300240.0,300240.0,300240.0,300240.0,0.025,7506.0,1
2026-08-11T10:00:00+00:00,300240.0,300240.0,300240.0,300240.0,0.0,0.0,0
2026-08-11T11:00:00+00:00,300240.0,300240.0,300240.0,300240.0,0.0,0.0,0
2026-08-11T12:00:00+00:00,301200.0,302032.0,300432.0,300432.0,2.171145918624217,652684.4375,22
2026-08-11T13:00:00+00:00,301371.0,301571.0,297713.0,301570.0,10.134,3044791.7876,46
2026-08-11T14:00:00+00:00,298491.0,299195.0,298412.0,298811.0,2.0052,598525.3128,15
2026-08-11T15:00:00+00:00,297980.0,298984.0,296135.0,296135.0,2.4708033981751534,733875.2602,23
2026-08-11T16:00:00+00:00,296135.0,296135.0,296135.0,296135.0,0.0,0.0,0
2026-08-11T17:00:00+00:00,296966.0,296966.0,296966.0,296966.0,0.0746,22153.6636,1
2026-08-11T18:00:00+00:00,296966.0,296966.0,296966.0,296966.0,0.0,0.0,0
2026-08-11T19:00:00+00:00,296966.0,296966.0,296966.0,296966.0,0.0,0.0,0
2026-08-11T20:00:00+00:00,296966.0,296966.0,296966.0,296966.0,0.0,0.0,0
2026-08-11T21:00:00+00:00,300295.0,300477.0,300295.0,300477.0,0.0002,60.0772,2
2026-08-11T22:00:00+00:00,299795.0,300074.0,299795.0,300074.0,0.10333251131387591,30979.5,2
2026-08-11T23:00:00+00:00,299795.0,300372.0,299206.0,300372.0,2.0863,626345.8318,16
2026-08-12T00:00:00+00:00,299890.0,299890.0,299634.0,299634.0,0.1079,32342.2334,2
2026-08-12T01:00:00+00:00,300281.0,301065.0,300070.0,301065.0,41.54970013642111,12500900.0,32
2026-08-12T02:00:00+00:00,300726.0,301913.0,300726.0,300786.0,28.28469146277239,8532321.9654,17
2026-08-12T03:00:00+00:00,300447.0,301786.0,300446.0,301200.0,132.76943924381618,40023236.0593208,69
2026-08-12T04:00:00+00:00,301064.0,301702.0,300953.0,301702.0,3.0696826267016504,924681.0828,15
2026-08-12T05:00:00+00:00,301100.0,301601.0,301100.0,301601.0,3.8933,1173172.6317,19
2026-08-12T06:00:00+00:00,301700.0,301700.0,300572.0,300664.0,5.7764,1738320.4558,24
2026-08-12T07:00:00+00:00,301092.0,301284.0,301092.0,301284.0,1.8505,557418.6072,4
2026-08-12T08:00:00+00:00,301459.0,301987.0,299506.0,301813.0,6.635968081221592,1998985.7741,26
2026-08-12T09:00:00+00:00,301388.0,303715.0,301388.0,303031.0,4.546743063183628,1377111.2618,33
2026-08-12T10:00:00+00:00,303999.0,304351.0,303999.0,304112.0,1.7122971947058943,520538.9868,20
2026-08-12T11:00:00+00:00,304152.0,304876.0,304087.0,304828.0,3.7032,1127526.8274,18
2026-08-12T12:00:00+00:00,304558.0,305794.0,303006.0,303473.0,10.8342,3299051.2963,56
2026-08-12T13:00:00+00:00,303826.0,303885.0,302999.0,303171.0,3.6369230892796476,1103510.2465,21
2026-08-12T14:00:00+00:00,301500.0,302346.0,298954.0,301085.0,1.9381546996934336,584044.6147,14
2026-08-12T15:00:00+00:00,301816.0,301935.0,301816.0,301935.0,1.8254935913358836,551049.2986,10
2026-08-12T16:00:00+00:00,301000.0,301014.0,300734.0,301014.0,2.1833,656773.0161,20
2026-08-12T17:00:00+00:00,300937.0,300937.0,300913.0,300913.0,0.6889,207307.6657,4
2026-08-12T18:00:00+00:00,301374.0,301469.0,301374.0,301469.0,0.4311,129930.1879,2
2026-08-12T19:00:00+00:00,301469.0,301469.0,301469.0,301469.0,0.0,0.0,0
2026-08-12T20:00:00+00:00,300000.0,300422.0,300000.0,300422.0,0.0057,1711.5572,3
2026-08-12T21:00:00+00:00,299419.0,300353.0,299315.0,300353.0,0.4108264002690168,122967.8414,4
2026-08-12T22:00:00+00:00,300353.0,300353.0,300353.0,300353.0,0.0,0.0,0
2026-08-12T23:00:00+00:00,299229.0,299554.0,299229.0,299554.0,0.002530077298657549,757.8849999999998,2
2026-08-13T00:00:00+00:00,300497.0,300696.0,300497.0,300696.0,1.6631746983664566,500000.0,8
2026-08-13T01:00:00+00:00,298622.0,298622.0,298622.0,298622.0,0.0117,3493.8774,1
2026-08-13T02:00:00+00:00,299103.0,300012.0,298584.0,299764.0,18.794507941304577,5633159.9249,38
2026-08-13T03:00:00+00:00,299846.0,301048.0,299846.0,301048.0,0.7465,224677.0573,9
2026-08-13T04:00:00+00:00,301058.0,307000.0,300971.0,301637.0,19.135527835179154,5795328.8034,40
2026-08-13T05:00:00+00:00,302112.0,312000.0,302112.0,302500.0,46.7266288511503,14190605.5485,31
2026-08-13T06:00:00+00:00,301884.0,302179.0,301884.0,302000.0,4.3959,1327709.6121,29
2026-08-13T07:00:00+00:00,302523.0,302706.0,302297.0,302545.0,1.973505293427424,597225.3376,15
2026-08-13T08:00:00+00:00,302323.0,302323.0,301047.0,301047.0,2.5139769484954835,757153.6265,20
2026-08-13T09:00:00+00:00,300500.0,301378.0,299985.0,301378.0,3.8357382863463423,1153814.9207,18
2026-08-13T10:00:00+00:00,300440.0,300602.0,299611.0,300201.0,2.431883261214986,729781.3439,23
2026-08-13T11:00:00+00:00,300201.0,300201.0,298794.0,299656.0,3.0764417523592527,921479.899,20
2026-08-13T12:00:00+00:00,299924.0,300595.0,299924.0,300595.0,1.3996,420363.646,8
2026-08-13T13:00:00+00:00,301505.0,301505.0,301499.0,301499.0,0.06301658380293135,18999.815,2
2026-08-13T14:00:00+00:00,301499.0,301499.0,301499.0,301499.0,0.0,0.0,0
2026-08-13T15:00:00+00:00,301499.0,301499.0,301499.0,301499.0,0.0,0.0,0
2026-08-13T16:00:00+00:00,300000.0,300000.0,298816.0,298816.0,7.3989,2216791.6658,37
2026-08-13T17:00:00+00:00,298816.0,298816.0,298816.0,298816.0,0.0,0.0,0
2026-08-13T18:00:00+00:00,300550.0,300550.0,300550.0,300550.0,0.000998170021627017,299.99999999999994,1
2026-08-13T19:00:00+00:00,300550.0,300550.0,300550.0,300550.0,0.0,0.0,0
2026-08-13T20:00:00+00:00,300550.0,300550.0,300550.0,300550.0,0.0,0.0,0
2026-08-13T21:00:00+00:00,300550.0,300550.0,300550.0,300550.0,0.0,0.0,0
2026-08-13T22:00:00+00:00,301562.0,301562.0,301562.0,301562.0,0.003316067674309097,999.9999999999999,1
2026-08-13T23:00:00+00:00,301562.0,301562.0,301562.0,301562.0,0.0,0.0,0
2026-08-14T00:00:00+00:00,301003.0,330000.0,301003.0,301378.0,85.97424675566351,26337287.1822,105
2026-08-14T01:00:00+00:00,300842.0,302555.0,300842.0,302555.0,33.39283624597181,10096176.8219,25
2026-08-14T02:00:00+00:00,301518.0,306879.0,301263.0,301263.0,38.49308934747517,11637227.99,39
2026-08-14T03:00:00+00:00,301061.0,301061.0,300718.0,300718.0,2.0325,611801.7193,10
2026-08-14T04:00:00+00:00,300510.0,300814.0,300510.0,300814.0,0.03513460450567369,10567.42,4
2026-08-14T05:00:00+00:00,300000.0,300400.0,299823.0,300400.0,2.1825,655177.2282,5
2026-08-14T06:00:00+00:00,300000.0,300001.0,298695.0,298695.0,7.5133,2251596.7802,30
2026-08-14T07:00:00+00:00,298884.0,299301.0,298884.0,299301.0,0.10039759305849295,30007.399999999998,3
2026-08-14T08:00:00+00:00,298128.0,298128.0,298128.0,298128.0,0.0515,15353.592,1
2026-08-14T09:00:00+00:00,298871.0,298871.0,298814.0,298814.0,0.3516,105074.4024,2
2026-08-14T10:00:00+00:00,299129.0,299129.0,299129.0,299129.0,0.03,8973.87,1
2026-08-14T11:00:00+00:00,298894.0,299033.0,298894.0,298904.0,1.9488,582654.2436,12
2026-08-14T12:00:00+00:00,298697.0,298697.0,297924.0,298003.0,0.6465805361019855,192870.0659,15
2026-08-14T13:00:00+00:00,297868.0,298033.0,297000.0,297000.0,2.949704207985693,877667.1452,15
2026-08-14T14:00:00+00:00,297500.0,297928.0,296393.0,297350.0,2.5026132859621604,744152.7507,15
2026-08-14T15:00:00+00:00,297350.0,297350.0,297350.0,297350.0,0.0,0.0,0
2026-08-14T16:00:00+00:00,297350.0,297350.0,297350.0,297350.0,0.0,0.0,0
2026-08-14T17:00:00+00:00,297350.0,297350.0,297350.0,297350.0,0.0,0.0,0
2026-08-14T18:00:00+00:00,298751.0,298751.0,298751.0,298751.0,0.0016,478.0016,1
2026-08-14T19:00:00+00:00,298751.0,298751.0,298751.0,298751.0,0.0,0.0,0
2026-08-14T20:00:00+00:00,298751.0,298751.0,298751.0,298751.0,0.0,0.0,0
2026-08-14T21:00:00+00:00,299878.0,299879.0,299188.0,299188.0,0.8400376277477021,251906.5435,4
2026-08-14T22:00:00+00:00,299188.0,299188.0,299188.0,299188.0,0.0,0.0,0
2026-08-14T23:00:00+00:00,299188.0,299188.0,299188.0,299188.0,0.0,0.0,0
2026-08-15T00:00:00+00:00,300174.0,300174.0,299989.0,299989.0,0.082699420336205,24809.1013,2
2026-08-15T01:00:00+00:00,299989.0,299989.0,299989.0,299989.0,0.0,0.0,0
2026-08-15T02:00:00+00:00,300333.0,300333.0,300333.0,300333.0,0.48728879144149995,146348.9046,3
2026-08-15T03:00:00+00:00,300333.0,300333.0,300333.0,300333.0,0.002996673692201656,900.0,1
2026-08-15T04:00:00+00:00,300300.0,300306.0,300102.0,300102.0,0.13998981039339872,42019.2,4
2026-08-15T05:00:00+00:00,299982.0,300096.0,299980.0,300011.0,1.2598,377962.7357,13
2026-08-15T06:00:00+00:00,300001.0,300001.0,300001.0,300001.0,0.023399922000259997,7020.0,2
2026-08-15T07:00:00+00:00,300000.0,300000.0,299582.0,299911.0,0.14332992120995897,42979.6818,4
2026-08-15T08:00:00+00:00,299911.0,299911.0,299911.0,299911.0,0.0,0.0,0
2026-08-15T09:00:00+00:00,299269.0,299269.0,298945.0,298945.0,1.1386,340402.591,15
2026-08-15T10:00:00+00:00,298945.0,298945.0,298945.0,298945.0,0.0,0.0,0
2026-08-15T11:00:00+00:00,298945.0,298945.0,298945.0,298945.0,0.0,0.0,0
2026-08-15T12:00:00+00:00,299451.0,299660.0,299451.0,299660.0,1.0014055849963293,300000.0,6
2026-08-15T13:00:00+00:00,300142.0,300142.0,299970.0,300100.0,0.2717666351260403,81548.694,3
2026-08-15T14:00:00+00:00,299874.0,299987.0,299874.0,299935.0,1.1153,334481.6277,7
2026-08-15T15:00:00+00:00,299935.0,299935.0,299935.0,299935.0,0.0,0.0,0
2026-08-15T16:00:00+00:00,299935.0,299935.0,299935.0,299935.0,0.0,0.0,0
2026-08-15T17:00:00+00:00,300263.0,300263.0,300263.0,300263.0,0.00099912410120461,299.99999999999983,1
2026-08-15T18:00:00+00:00,300263.0,300263.0,300263.0,300263.0,0.0,0.0,0
2026-08-15T19:00:00+00:00,300263.0,300263.0,300263.0,300263.0,0.0,0.0,0
2026-08-15T20:00:00+00:00,300263.0,300263.0,300263.0,300263.0,0.0,0.0,0
2026-08-15T21:00:00+00:00,300263.0,300263.0,300263.0,300263.0,0.0,0.0,0
2026-08-15T22:00:00+00:00,300484.0,300484.0,300484.0,300484.0,0.00332796421772873,999.9999999999997,1
2026-08-15T23:00:00+00:00,300484.0,300484.0,300484.0,300484.0,0.0,0.0,0
2026-08-16T00:00:00+00:00,300484.0,300484.0,300484.0,300484.0,0.0,0.0,0
2026-08-16T01:00:00+00:00,299935.0,299935.0,299462.0,299462.0,0.0191,5719.7715,2
2026-08-16T02:00:00+00:00,299391.0,300480.0,299391.0,299568.0,4.57527493048919,1372792.4855,29
2026-08-16T03:00:00+00:00,300208.0,300248.0,300100.0,300100.0,1.1377868251399013,341583.3349,9
2026-08-16T04:00:00+00:00,300000.0,300075.0,299623.0,300075.0,2.4895,746339.8265,12
2026-08-16T05:00:00+00:00,299707.0,299707.0,299707.0,299707.0,0.0001,29.9707,1
2026-08-16T06:00:00+00:00,299606.0,299730.0,299606.0,299730.0,0.6677,200079.0714,4
2026-08-16T07:00:00+00:00,299730.0,299730.0,299730.0,299730.0,0.0,0.0,0
2026-08-16T08:00:00+00:00,299730.0,299730.0,299730.0,299730.0,0.0,0.0,0
2026-08-16T09:00:00+00:00,299730.0,299730.0,299730.0,299730.0,0.0,0.0,0
2026-08-16T10:00:00+00:00,299730.0,299730.0,299730.0,299730.0,0.0,0.0,0
2026-08-16T11:00:00+00:00,299414.0,299414.0,299414.0,299414.0,0.3,89824.2,2
2026-08-16T12:00:00+00:00,299335.0,299335.0,299335.0,299335.0,0.0396,11853.666,1
2026-08-16T13:00:00+00:00,299829.0,299854.0,299829.0,299854.0,0.2916,87436.3464,3
2026-08-16T14:00:00+00:00,300043.0,300043.0,300043.0,300043.0,0.2562,76871.0166,1
2026-08-16T15:00:00+00:00,300043.0,300043.0,300043.0,300043.0,0.0,0.0,0
2026-08-16T16:00:00+00:00,300286.0,300711.0,300286.0,300711.0,0.002662714894695262,799.9999999999997,2
2026-08-16T17:00:00+00:00,300711.0,300711.0,300711.0,300711.0,0.0,0.0,0
2026-08-16T18:00:00+00:00,300711.0,300711.0,300711.0,300711.0,0.0,0.0,0
2026-08-16T19:00:00+00:00,300447.0,300447.0,300447.0,300447.0,0.001830605730794449,549.9999999999998,1
2026-08-16T20:00:00+00:00,300384.0,300384.0,300384.0,300384.0,0.003329072121018429,999.9999999999998,1
2026-08-16T21:00:00+00:00,300000.0,300000.0,298383.0,299289.0,0.2371,70791.5983,7
2026-08-16T22:00:00+00:00,298657.0,298657.0,298657.0,298657.0,0.03,8959.71,1
2026-08-16T23:00:00+00:00,298657.0,298657.0,298657.0,298657.0,0.0,0.0,0
2026-08-17T00:00:00+00:00,298315.0,298315.0,298267.0,298267.0,0.0032,954.5312,2
2026-08-17T01:00:00+00:00,299687.0,300796.0,299687.0,300130.0,4.387157838190243,1317425.8348,30
2026-08-17T02:00:00+00:00,301786.0,303498.0,301786.0,302953.0,3.2452,983208.3671,19
2026-08-17T03:00:00+00:00,302587.0,302945.0,302054.0,302883.0,10.440860209046376,3161834.2086,17
2026-08-17T04:00:00+00:00,302688.0,302688.0,302518.0,302518.0,0.0572,17313.6686,2
2026-08-17T05:00:00+00:00,302516.0,303011.0,302450.0,303011.0,1.8772063067017368,567876.49,8
2026-08-17T06:00:00+00:00,302866.0,302924.0,302866.0,302924.0,1.774,537333.4912,2
2026-08-17T07:00:00+00:00,303105.0,303366.0,302185.0,302185.0,2.7846,842417.1496,19
2026-08-17T08:00:00+00:00,302185.0,302185.0,302185.0,302185.0,0.0,0.0,0
2026-08-17T09:00:00+00:00,302006.0,302007.0,301035.0,301738.0,5.3822,1622593.0761,32
2026-08-17T10:00:00+00:00,301332.0,303608.0,301332.0,303608.0,3.451321708584754,1046105.2128,13
2026-08-17T11:00:00+00:00,303161.0,303236.0,303137.0,303236.0,2.4596,745807.8826,27
2026-08-17T12:00:00+00:00,303514.0,303514.0,302442.0,302578.0,1.61225686788949,488454.9056,17
2026-08-17T13:00:00+00:00,302578.0,304000.0,301874.0,303041.0,7.7354,2347988.1295,45
2026-08-17T14:00:00+00:00,303088.0,303366.0,303088.0,303366.0,1.3194920960160335,400000.0,8
2026-08-17T15:00:00+00:00,303823.0,305000.0,303736.0,305000.0,2.2333,679602.6128,15
2026-08-17T16:00:00+00:00,304073.0,304086.0,304052.0,304062.0,1.7486,531679.5822,11
2026-08-17T17:00:00+00:00,303959.0,303959.0,303959.0,303959.0,0.005,1519.795,1
2026-08-17T18:00:00+00:00,304998.0,304999.0,304963.0,304963.0,0.432808631538908,131994.2911,3
2026-08-17T19:00:00+00:00,304963.0,304963.0,304963.0,304963.0,0.0,0.0,0
2026-08-17T20:00:00+00:00,304273.0,304273.0,304079.0,304079.0,0.003686522300697071,1121.6316,2
2026-08-17T21:00:00+00:00,304444.0,304444.0,304076.0,304076.0,0.004685766840535533,1424.9343999999999,2
2026-08-17T22:00:00+00:00,303641.0,303641.0,303641.0,303641.0,0.001317345154310518,400.0,1
2026-08-17T23:00:00+00:00,305000.0,305729.0,305000.0,305729.0,1.6744,510781.8835,11
2026-08-18T00:00:00+00:00,304979.0,304979.0,304979.0,304979.0,0.002951022857311487,900.0,1
2026-08-18T01:00:00+00:00,304076.0,304184.0,301358.0,303355.0,6.918797905739671,2094360.8819,20
2026-08-18T02:00:00+00:00,303570.0,303571.0,301869.0,301869.0,0.854038401163271,258781.25,9
2026-08-18T03:00:00+00:00,301682.0,302188.0,301079.0,302034.0,0.9074,273935.818,9
2026-08-18T04:00:00+00:00,302188.0,303045.0,302188.0,302703.0,3.2197,973484.2026,15
2026-08-18T05:00:00+00:00,303019.0,303163.0,302931.0,302932.0,2.6401692844274147,799999.5693,9
2026-08-18T06:00:00+00:00,303500.0,304735.0,303500.0,304735.0,3.5851232480679935,1091100.0,15
2026-08-18T07:00:00+00:00,303842.0,304019.0,303842.0,304019.0,0.5341043168354609,162363.0,5
2026-08-18T08:00:00+00:00,304019.0,304019.0,304019.0,304019.0,0.0,0.0,0
2026-08-18T09:00:00+00:00,303380.0,303679.0,303380.0,303679.0,1.9758,599904.5661,6
2026-08-18T10:00:00+00:00,303196.0,303706.0,303196.0,303706.0,5.272092264558488,1600000.0,10
2026-08-18T11:00:00+00:00,304000.0,304944.0,304000.0,304315.0,1.9720669529487382,600608.1575,11
2026-08-18T12:00:00+00:00,303662.0,303806.0,303625.0,303806.0,0.8184,248534.9649,4
2026-08-18T13:00:00+00:00,303109.0,303277.0,302259.0,302259.0,3.9218,1186960.709,24
2026-08-18T14:00:00+00:00,304000.0,307068.0,304000.0,304889.0,10.8118,3301574.0393,37
2026-08-18T15:00:00+00:00,305000.0,305676.0,305000.0,305676.0,1.5674,478076.7392,10
2026-08-18T16:00:00+00:00,305763.0,305932.0,305763.0,305932.0,0.9858,301505.531,6
2026-08-18T17:00:00+00:00,305579.0,305810.0,305579.0,305810.0,0.001058860076518099,323.57899999999984,2
2026-08-18T18:00:00+00:00,305810.0,305810.0,305810.0,305810.0,0.0,0.0,0
2026-08-18T19:00:00+00:00,305950.0,305950.0,305950.0,305950.0,0.001307403170452688,399.9999999999999,1
2026-08-18T20:00:00+00:00,305617.0,305617.0,305617.0,305617.0,0.003272069289339271,1000.0,1
2026-08-18T21:00:00+00:00,305617.0,305617.0,305617.0,305617.0,0.0,0.0,0
2026-08-18T22:00:00+00:00,305796.0,305796.0,305106.0,305652.0,0.8844693612735287,270304.8428,5
2026-08-18T23:00:00+00:00,305844.0,306230.0,305844.0,305977.0,0.8145426766586887,249259.1854,5
2026-08-19T00:00:00+00:00,305851.0,306072.0,302500.0,302500.0,4.8576,1480432.3555,14
2026-08-19T01:00:00+00:00,305132.0,305132.0,305132.0,305132.0,0.001,305.132,1
2026-08-19T02:00:00+00:00,304578.0,305373.0,304210.0,305373.0,14.181753139275575,4326679.4702,19
2026-08-19T03:00:00+00:00,305273.0,305397.0,305273.0,305397.0,0.7409,226190.1292,3
2026-08-19T04:00:00+00:00,305397.0,305397.0,305397.0,305397.0,0.0,0.0,0
2026-08-19T05:00:00+00:00,304737.0,305605.0,304737.0,305605.0,6.5359,1995149.214,12
2026-08-19T06:00:00+00:00,305203.0,305997.0,305203.0,305997.0,6.539575453680919,2000000.0,9
2026-08-19T07:00:00+00:00,305997.0,305997.0,305997.0,305997.0,0.0,0.0,0
2026-08-19T08:00:00+00:00,305122.0,306799.0,305097.0,305976.0,4.140076924716445,1266395.7717,29
2026-08-19T09:00:00+00:00,305982.0,305982.0,305417.0,305605.0,0.6738488997234993,205898.4247,5
2026-08-19T10:00:00+00:00,305537.0,306270.0,305217.0,305744.0,23.686892153540118,7249264.7515,27
2026-08-19T11:00:00+00:00,305901.0,305964.0,305901.0,305964.0,0.057,17439.318,2
2026-08-19T12:00:00+00:00,306351.0,308000.0,305708.0,308000.0,4.0395,1240863.0501,15
2026-08-19T13:00:00+00:00,305721.0,305721.0,305587.0,305587.0,1.7224,526477.5409,5
2026-08-19T14:00:00+00:00,307156.0,313025.0,307156.0,313025.0,4.180553233910122,1294206.5912,26
2026-08-19T15:00:00+00:00,312622.0,333500.0,312622.0,330600.0,44.5865674132618,14491974.3493,286
2026-08-19T16:00:00+00:00,330947.0,332784.0,330947.0,331945.0,4.8803,1620804.9358,29
2026-08-19T17:00:00+00:00,329896.0,330832.0,329896.0,330832.0,0.2547,84038.936,6
2026-08-19T18:00:00+00:00,329866.0,330781.0,329866.0,330781.0,0.8398,277517.2168,7
2026-08-19T19:00:00+00:00,331680.0,332025.0,330949.0,331824.0,2.401111821398991,796362.506,14
2026-08-19T20:00:00+00:00,332895.0,352499.0,332895.0,350520.0,41.4104,14332422.7653,223
2026-08-19T21:00:00+00:00,351298.0,368292.0,350813.0,360866.0,39.26202398846605,14151333.0982,282
2026-08-19T22:00:00+00:00,356712.0,357839.0,355677.0,355679.0,1.685772887932001,599955.4566,8
2026-08-19T23:00:00+00:00,355738.0,356754.0,354817.0,356754.0,5.268750643168237,1873974.5576,38
2026-08-20T00:00:00+00:00,356537.0,359000.0,356537.0,359000.0,3.13629781322918,1125506.077,31
2026-08-20T01:00:00+00:00,356298.0,358639.0,356252.0,358500.0,3.4924,1248772.3703,22
2026-08-20T02:00:00+00:00,358651.0,360000.0,355942.0,357017.0,6.670416257211981,2391097.183,55
2026-08-20T03:00:00+00:00,355042.0,355813.0,351992.0,355317.0,2.232340362549498,788978.4026,22
2026-08-20T04:00:00+00:00,356866.0,357527.0,355828.0,357022.0,5.3724,1916602.3571,34
2026-08-20T05:00:00+00:00,356859.0,358668.0,356859.0,357797.0,6.584473242106907,2356333.1186,18
2026-08-20T06:00:00+00:00,356191.0,358429.0,355000.0,358429.0,7.725530289368392,2752488.2186,33
2026-08-20T07:00:00+00:00,356405.0,356405.0,356405.0,356405.0,0.2154,76769.637,2
2026-08-20T08:00:00+00:00,359000.0,360631.0,359000.0,360631.0,2.1456,772368.4879,8
2026-08-20T09:00:00+00:00,362299.0,363401.0,360696.0,360696.0,3.39687689560611,1232339.2436,28
2026-08-20T10:00:00+00:00,362982.0,363345.0,361122.0,362839.0,10.765166246342027,3899927.7908,34
2026-08-20T11:00:00+00:00,362316.0,366953.0,362022.0,366073.0,7.7410732626386585,2826012.082,60
2026-08-20T12:00:00+00:00,361765.0,362146.0,360724.0,361028.0,4.286937660398461,1547834.2782,37
2026-08-20T13:00:00+00:00,363000.0,364121.0,358159.0,358159.0,6.5378,2365439.2609,40
2026-08-20T14:00:00+00:00,361377.0,361377.0,360978.0,360978.0,0.0708,25575.756,3
2026-08-20T15:00:00+00:00,363700.0,370000.0,363700.0,370000.0,14.1704,5203205.3399,71
2026-08-20T16:00:00+00:00,371399.0,374000.0,371399.0,374000.0,1.4308,533351.0298,19
2026-08-20T17:00:00+00:00,372138.0,372510.0,371888.0,371888.0,0.539075592651551,200647.7452,5
2026-08-20T18:00:00+00:00,369009.0,369486.0,368874.0,369259.0,0.7222,266595.3748,7
2026-08-20T19:00:00+00:00,368609.0,370909.0,368608.0,370179.0,0.5380960790921763,198510.4819,6
2026-08-20T20:00:00+00:00,369680.0,369680.0,368149.0,368149.0,0.4354,160779.4746,7
2026-08-20T21:00:00+00:00,369085.0,369613.0,367736.0,369108.0,0.10610199246104841,39042.1091,7
2026-08-20T22:00:00+00:00,367543.0,368184.0,366875.0,367700.0,0.2843392042006644,104531.8072,11
2026-08-20T23:00:00+00:00,368000.0,370663.0,368000.0,370663.0,4.1782,1542075.6804,30
2026-08-21T00:00:00+00:00,372000.0,373057.0,372000.0,372871.0,2.4318,905626.2297,10
2026-08-21T01:00:00+00:00,372849.0,377530.0,371686.0,377530.0,6.7735,2540079.5116,36
2026-08-21T02:00:00+00:00,374327.0,374327.0,373061.0,373888.0,0.9799,366212.0139,4
2026-08-21T03:00:00+00:00,372322.0,375085.0,372322.0,375085.0,5.434094756416644,2034069.5857,11
2026-08-21T04:00:00+00:00,373478.0,374619.0,373142.0,374135.0,0.919015773434658,343522.9635,16
2026-08-21T05:00:00+00:00,374258.0,375517.0,374258.0,375152.0,5.419964592814706,2032530.4,18
2026-08-21T06:00:00+00:00,377186.0,377296.0,376600.0,377245.0,0.3334,125760.3088,6
2026-08-21T07:00:00+00:00,378000.0,380994.0,377496.0,377496.0,4.688094007918386,1779930.6245851852,45
2026-08-21T08:00:00+00:00,377245.0,387500.0,377245.0,387500.0,1.1431782939908615,439892.1238,18
2026-08-21T09:00:00+00:00,385835.0,385835.0,378090.0,382821.0,11.036247671141775,4203788.1646,66
2026-08-21T10:00:00+00:00,380642.0,387320.0,380189.0,380189.0,5.783066231822418,2214829.849,28
2026-08-21T11:00:00+00:00,380046.0,380046.0,376511.0,376975.0,5.217372210358777,1969622.1919,40
2026-08-21T12:00:00+00:00,376110.0,400000.0,376110.0,380458.0,23.33666295295338,8972604.9807,85
2026-08-21T13:00:00+00:00,379024.0,380691.0,376923.0,380691.0,2.504006358978535,947164.8452,13
2026-08-21T14:00:00+00:00,376923.0,378604.0,376923.0,378604.0,0.031882564368046824,12026.1518,2
2026-08-21T15:00:00+00:00,381841.0,382063.0,381841.0,382063.0,1.2895,492648.0385,7
2026-08-21T16:00:00+00:00,383024.0,383029.0,382789.0,382789.0,0.5310501385012623,203356.268,9
2026-08-21T17:00:00+00:00,383681.0,385393.0,383681.0,385393.0,0.1054,40611.1774,2
2026-08-21T18:00:00+00:00,384751.0,385799.0,382254.0,382254.0,0.8100368093229894,310185.9825,6
2026-08-21T19:00:00+00:00,383587.0,383587.0,383311.0,383346.0,0.3255,124843.5062,3
2026-08-21T20:00:00+00:00,387000.0,387948.0,387000.0,387948.0,1.4454,559486.0248,9
2026-08-21T21:00:00+00:00,388980.0,399369.0,388980.0,399369.0,1.5351026667421797,608331.8628,26
2026-08-21T22:00:00+00:00,399076.0,404213.0,398960.0,399235.0,6.0804897355205245,2436448.8496,79
2026-08-21T23:00:00+00:00,403228.0,403228.0,399500.0,399501.0,2.0445537104765408,818491.7986,39
2026-08-22T00:00:00+00:00,399501.0,400580.0,397929.0,399174.0,3.169621949207001,1265237.2268,45
2026-08-22T01:00:00+00:00,401002.0,414551.0,398408.0,398408.0,12.421943572350532,4998142.2954,63
2026-08-22T02:00:00+00:00,399251.0,413259.0,397044.0,398925.0,13.200576964272122,5312096.5215,93
2026-08-22T03:00:00+00:00,400395.0,400979.0,399768.0,399768.0,3.679788475441385,1474146.7358,38
2026-08-22T04:00:00+00:00,399768.0,401385.0,399768.0,401022.0,1.0888,436829.9712,10
2026-08-22T05:00:00+00:00,399768.0,399768.0,381007.0,386514.0,11.189380852251775,4357164.7516,103
2026-08-22T06:00:00+00:00,386129.0,398000.0,385769.0,387619.0,4.064894528161705,1587382.0851,25
2026-08-22T07:00:00+00:00,389290.0,389290.0,385000.0,387671.0,5.374088725628709,2073571.7112,17
2026-08-22T08:00:00+00:00,386938.0,387677.0,384212.0,385097.0,3.2288439336534536,1247150.1103,25
2026-08-22T09:00:00+00:00,385097.0,385097.0,383977.0,384094.0,0.5313,204076.9027,7
2026-08-22T10:00:00+00:00,382920.0,382920.0,380001.0,382315.0,4.0828,1553102.7594,16
2026-08-22T11:00:00+00:00,383040.0,384407.0,380559.0,384407.0,1.4414,551479.5997,10
2026-08-22T12:00:00+00:00,384750.0,385991.0,382548.0,382548.0,2.1491,826308.3121,16
2026-08-22T13:00:00+00:00,385328.0,386209.0,385328.0,386209.0,0.2767,106626.1603,6
2026-08-22T14:00:00+00:00,384007.0,384008.0,384007.0,384008.0,0.5207,199952.8268,2
2026-08-22T15:00:00+00:00,383200.0,383493.0,382374.0,383493.0,1.7866535941841275,684044.9946,21
2026-08-22T16:00:00+00:00,384947.0,385401.0,384947.0,385401.0,1.0010378800262583,385348.1988,6
2026-08-22T17:00:00+00:00,385401.0,385401.0,385401.0,385401.0,0.0,0.0,0
2026-08-22T18:00:00+00:00,385401.0,385401.0,385401.0,385401.0,0.0,0.0,0
2026-08-22T19:00:00+00:00,386302.0,386302.0,386302.0,386302.0,0.0095,3669.869,1
2026-08-22T20:00:00+00:00,386302.0,386302.0,386302.0,386302.0,0.0,0.0,0
2026-08-22T21:00:00+00:00,385036.0,385036.0,384247.0,384247.0,0.09309715974610167,35774.3535,2
2026-08-22T22:00:00+00:00,383201.0,383201.0,383201.0,383201.0,0.0161,6169.5361,1
2026-08-22T23:00:00+00:00,383712.0,385465.0,383712.0,385465.0,0.010136190200308011,3899.9999999999995,3
2026-08-23T00:00:00+00:00,385465.0,385465.0,385465.0,385465.0,0.0,0.0,0
2026-08-23T01:00:00+00:00,385703.0,385781.0,385703.0,385781.0,1.0,385723.0653,6
2026-08-23T02:00:00+00:00,383291.0,383291.0,383290.0,383291.0,1.5945,611156.5151,5
2026-08-23T03:00:00+00:00,383364.0,383364.0,383364.0,383364.0,0.1,38336.4,1
2026-08-23T04:00:00+00:00,382807.0,382809.0,378923.0,378923.0,2.4721652134615435,940280.0371,34
2026-08-23T05:00:00+00:00,377500.0,377500.0,375000.0,377044.0,0.1217,45806.8548,3
2026-08-23T06:00:00+00:00,377313.0,379615.0,377313.0,379615.0,0.4021,151815.1915,4
2026-08-23T07:00:00+00:00,380058.0,380248.0,378963.0,378963.0,1.0562991731711935,401002.9426,11
2026-08-23T08:00:00+00:00,380444.0,383827.0,380444.0,383015.0,12.9731,4954669.0413,56
2026-08-23T09:00:00+00:00,383300.0,383300.0,383300.0,383300.0,0.0103,3947.99,1
2026-08-23T10:00:00+00:00,383300.0,383300.0,383300.0,383300.0,0.0,0.0,0
2026-08-23T11:00:00+00:00,385000.0,386403.0,385000.0,386403.0,0.4378,169097.0834,10
2026-08-23T12:00:00+00:00,385215.0,385255.0,384374.0,384685.0,0.17187841689270741,66178.2361,6
2026-08-23T13:00:00+00:00,386362.0,393000.0,386362.0,389264.0,6.7724510630040875,2643565.448,41
2026-08-23T14:00:00+00:00,392323.0,392323.0,381395.0,381395.0,0.531891668476109,207524.8347,13
2026-08-23T15:00:00+00:00,386553.0,387585.0,386553.0,387585.0,0.5010320316833726,193676.5,8
2026-08-23T16:00:00+00:00,388518.0,388592.0,388518.0,388592.0,0.001407891139505873,546.9999999999995,2
2026-08-23T17:00:00+00:00,387518.0,387518.0,387518.0,387518.0,0.4,155007.2,3
2026-08-23T18:00:00+00:00,387518.0,387518.0,387518.0,387518.0,0.0,0.0,0
2026-08-23T19:00:00+00:00,389470.0,389470.0,389470.0,389470.0,0.002567591855598634,1000.0,1
2026-08-23T20:00:00+00:00,389470.0,389470.0,389470.0,389470.0,0.0,0.0,0
2026-08-23T21:00:00+00:00,393237.0,393237.0,392154.0,392154.0,0.004288696129814844,1684.3079999999998,2
2026-08-23T22:00:00+00:00,392154.0,392154.0,392154.0,392154.0,0.0,0.0,0
2026-08-23T23:00:00+00:00,390841.0,391786.0,390841.0,391786.0,0.003228896050255181,1264.9999999999993,2
2026-08-24T00:00:00+00:00,391298.0,391298.0,389590.0,389590.0,0.3278,127890.718,6
2026-08-24T01:00:00+00:00,389590.0,389590.0,389590.0,389590.0,0.0,0.0,0
2026-08-24T02:00:00+00:00,386908.0,388326.0,386298.0,388326.0,3.1852,1233942.5223,18
2026-08-24T03:00:00+00:00,387385.0,388888.0,386305.0,388888.0,8.949170426097979,3471632.6968,38
2026-08-24T04:00:00+00:00,388090.0,388090.0,388090.0,388090.0,0.012,4657.08,1
2026-08-24T05:00:00+00:00,388584.0,390594.0,388525.0,390594.0,9.621755150616753,3756084.1984,21
2026-08-24T06:00:00+00:00,390155.0,392198.0,390155.0,391093.0,8.18956988584234,3208415.377,19
2026-08-24T07:00:00+00:00,391045.0,393784.0,391036.0,391750.0,7.11882896643829,2794518.3723,28
2026-08-24T08:00:00+00:00,389922.0,391445.0,384971.0,391445.0,6.559727461073714,2539232.4074,18
2026-08-24T09:00:00+00:00,392381.0,392500.0,392246.0,392500.0,7.265668580636943,2851203.923,31
2026-08-24T10:00:00+00:00,392500.0,395080.0,392080.0,392080.0,12.651147551649172,4987000.0241,45
2026-08-24T11:00:00+00:00,392635.0,398809.0,392635.0,396825.0,4.966595042129487,1953528.9778,15
2026-08-24T12:00:00+00:00,396355.0,399997.0,393648.0,399997.0,19.45104387227393,7727277.9134,107
2026-08-24T13:00:00+00:00,399028.0,400749.0,394240.0,397237.0,3.320106551715284,1320433.9746762181,34
2026-08-24T14:00:00+00:00,401112.0,402102.0,399050.0,400407.0,1.7881,716449.0034,23
2026-08-24T15:00:00+00:00,400308.0,402499.0,395726.0,395726.0,1.4469940530116159,578165.1866,15
2026-08-24T16:00:00+00:00,396886.0,397900.0,395000.0,395000.0,1.8159,718824.8,13
2026-08-24T17:00:00+00:00,392516.0,393815.0,392516.0,393815.0,0.00161570534387974,635.5095999999999,2
2026-08-24T18:00:00+00:00,393363.0,394463.0,393363.0,394463.0,0.1241,48926.3483,4
2026-08-24T19:00:00+00:00,394463.0,394463.0,394463.0,394463.0,0.0,0.0,0
2026-08-24T20:00:00+00:00,392725.0,394312.0,392725.0,394312.0,0.07916564503995922,31211.175,3
2026-08-24T21:00:00+00:00,394860.0,395569.0,394860.0,395569.0,0.265845519925036,105080.3702,5
2026-08-24T22:00:00+00:00,394659.0,395789.0,394658.0,395789.0,0.2322384114008997,91845.10087840591,8
2026-08-24T23:00:00+00:00,394786.0,394786.0,394786.0,394786.0,0.01,3947.86,1
2026-08-25T00:00:00+00:00,395371.0,396932.0,395371.0,396932.0,0.6746949872950988,267429.9936,6
2026-08-25T01:00:00+00:00,396446.0,397721.0,396000.0,397721.0,3.5237,1400335.8353,16
2026-08-25T02:00:00+00:00,398334.0,402707.0,398334.0,400830.0,56.03792500841572,22545859.0283,44
2026-08-25T03:00:00+00:00,399311.0,401598.0,397851.0,397862.0,7.076785111728644,2834165.5678,39
2026-08-25T04:00:00+00:00,397924.0,397924.0,396935.0,397074.0,1.3469,535093.5549,10
2026-08-25T05:00:00+00:00,398057.0,398786.0,397019.0,398786.0,1.299325108252978,516072.325,8
2026-08-25T06:00:00+00:00,400638.0,400639.0,400638.0,400639.0,0.6240034045612135,250000.0,2
2026-08-25T07:00:00+00:00,400000.0,400000.0,395545.0,395545.0,2.7488075300918635,1096828.1953,21
2026-08-25T08:00:00+00:00,395978.0,397749.0,395978.0,397749.0,1.2675333328305036,503959.78,8
2026-08-25T09:00:00+00:00,397749.0,397749.0,397749.0,397749.0,0.0,0.0,0
2026-08-25T10:00:00+00:00,394357.0,395286.0,394209.0,395286.0,2.343777021700743,924110.5737,19
2026-08-25T11:00:00+00:00,395615.0,395629.0,394853.0,394891.0,6.494390758181175,2568466.7994,40
2026-08-25T12:00:00+00:00,393159.0,394077.0,392718.0,394077.0,0.555,218215.8189,3
2026-08-25T13:00:00+00:00,393632.0,393632.0,389030.0,389030.0,4.503012404284799,1755929.4003,18
2026-08-25T14:00:00+00:00,395359.0,395477.0,395359.0,395477.0,1.2201,482392.4442,8
2026-08-25T15:00:00+00:00,395477.0,395477.0,395477.0,395477.0,0.0,0.0,0
2026-08-25T16:00:00+00:00,394127.0,395161.0,394127.0,395161.0,0.4304,169983.2254,7
2026-08-25T17:00:00+00:00,391787.0,391935.0,391640.0,391898.0,1.2194,477759.855,12
2026-08-25T18:00:00+00:00,391898.0,391898.0,391898.0,391898.0,0.0,0.0,0
2026-08-25T19:00:00+00:00,391898.0,391898.0,391898.0,391898.0,0.0,0.0,0
2026-08-25T20:00:00+00:00,388500.0,388500.0,388500.0,388500.0,0.074,28749.0,5
2026-08-25T21:00:00+00:00,387500.0,389253.0,387410.0,389245.0,0.078577898320582,30468.2308,6
2026-08-25T22:00:00+00:00,389606.0,390814.0,389255.0,389255.0,0.04744145070096461,18479.25,5
2026-08-25T23:00:00+00:00,389255.0,389255.0,389255.0,389255.0,0.0,0.0,0
2026-08-26T00:00:00+00:00,389290.0,391276.0,389290.0,391276.0,13.075650086128462,5101729.7974,45
2026-08-26T01:00:00+00:00,391480.0,391740.0,391480.0,391545.0,1.5391,602713.8522,10
2026-08-26T02:00:00+00:00,391939.0,392499.0,391937.0,392499.0,0.6503,254968.3531,4
2026-08-26T03:00:00+00:00,392438.0,393460.0,392430.0,392430.0,7.042487594147549,2769243.0,12
2026-08-26T04:00:00+00:00,393101.0,394347.0,391471.0,391471.0,5.732089444575463,2258498.6238,13
2026-08-26T05:00:00+00:00,391123.0,392442.0,391123.0,392440.0,10.366797363349226,4065815.4126,8
2026-08-26T06:00:00+00:00,391829.0,391829.0,391260.0,391533.0,0.7677,300663.7841,5
2026-08-26T07:00:00+00:00,393189.0,393189.0,392705.0,392705.0,0.34365978633808353,135000.0,2
2026-08-26T08:00:00+00:00,392252.0,393005.0,391622.0,391622.0,0.7823755428047989,307106.5754,6
2026-08-26T09:00:00+00:00,390863.0,391691.0,389354.0,389749.0,13.46056637782601,5267492.1912,33
2026-08-26T10:00:00+00:00,389747.0,391517.0,389747.0,391517.0,3.272925483330954,1279523.531728352,10
2026-08-26T11:00:00+00:00,391517.0,391517.0,391517.0,391517.0,0.0,0.0,0
2026-08-26T12:00:00+00:00,391580.0,392164.0,390861.0,391800.0,4.9632,1944701.4672,29
2026-08-26T13:00:00+00:00,389597.0,389597.0,389597.0,389597.0,0.0229,8921.7713,2
2026-08-26T14:00:00+00:00,391731.0,391731.0,391731.0,391731.0,0.0053,2076.1743,1
2026-08-26T15:00:00+00:00,390152.0,390152.0,390152.0,390152.0,0.0084,3277.2768,1
2026-08-26T16:00:00+00:00,390635.0,390635.0,390635.0,390635.0,0.1506,58829.631,1
2026-08-26T17:00:00+00:00,390826.0,392395.0,390826.0,392395.0,0.004265576344510677,1671.5309999999997,3
2026-08-26T18:00:00+00:00,393212.0,393212.0,393211.0,393212.0,0.4694178021469389,184580.7128,7
2026-08-26T19:00:00+00:00,394000.0,396033.0,394000.0,396033.0,1.6716,660274.2098,19
2026-08-26T20:00:00+00:00,393897.0,393897.0,393874.0,393874.0,0.00482374426387822,1899.9999999999993,2
2026-08-26T21:00:00+00:00,394890.0,398266.0,394890.0,397566.0,0.6741691571334384,266899.44,17
2026-08-26T22:00:00+00:00,398013.0,400109.0,397637.0,397637.0,0.3590804754084756,143581.397,9
2026-08-26T23:00:00+00:00,398438.0,398438.0,398438.0,398438.0,0.0075,2988.285,1
2026-08-27T00:00:00+00:00,399361.0,400526.0,399361.0,400526.0,2.748875716932234,1100000.0,10
2026-08-27T01:00:00+00:00,397639.0,398906.0,397432.0,398491.0,5.9465,2368883.3752,28
2026-08-27T02:00:00+00:00,398629.0,399905.0,397965.0,399295.0,38.282283443518246,15295458.2716,30
2026-08-27T03:00:00+00:00,398032.0,398079.0,397422.0,397471.0,0.9385210957912932,373276.0497,17
2026-08-27T04:00:00+00:00,397812.0,397813.0,397397.0,397397.0,0.8365521198792736,332757.0203,4
2026-08-27T05:00:00+00:00,396811.0,397997.0,395889.0,397997.0,5.605678610138518,2225100.2543,28
2026-08-27T06:00:00+00:00,396865.0,396865.0,396865.0,396865.0,0.000131026923513033,51.999999999999844,1
2026-08-27T07:00:00+00:00,398203.0,398203.0,398203.0,398203.0,3.0135383209066e-05,11.999999999999709,1
2026-08-27T08:00:00+00:00,400000.0,405487.0,400000.0,404431.0,14.253513479699118,5760903.3325,47
2026-08-27T09:00:00+00:00,403000.0,408824.0,403000.0,404200.0,2.734585988078115,1106990.1255,26
2026-08-27T10:00:00+00:00,404300.0,404600.0,396804.0,398867.0,26.561840863012293,10666627.0864,112
2026-08-27T11:00:00+00:00,399310.0,400603.0,398097.0,398097.0,11.3381,4528260.8692,75
2026-08-27T12:00:00+00:00,399034.0,400019.0,398439.0,398439.0,2.8664,1146210.2553,17
2026-08-27T13:00:00+00:00,396000.0,396741.0,395672.0,395672.0,2.7532,1089925.7314,8
2026-08-27T14:00:00+00:00,397445.0,401561.0,397445.0,401059.0,3.030098238663139,1213918.4026,18
2026-08-27T15:00:00+00:00,401059.0,401059.0,401059.0,401059.0,0.0,0.0,0
2026-08-27T16:00:00+00:00,402217.0,402217.0,402217.0,402217.0,0.0133,5349.4861,1
2026-08-27T17:00:00+00:00,402073.0,402073.0,402073.0,402073.0,0.02487110549576818,10000.0,1
2026-08-27T18:00:00+00:00,401182.0,401182.0,398398.0,398398.0,0.8554,341932.6162,5
2026-08-27T19:00:00+00:00,398398.0,398398.0,398398.0,398398.0,0.0,0.0,0
2026-08-27T20:00:00+00:00,398398.0,398398.0,398398.0,398398.0,0.0,0.0,0
2026-08-27T21:00:00+00:00,399613.0,399650.0,398853.0,399343.0,0.008603157852701533,3436.1593,4
2026-08-27T22:00:00+00:00,400642.0,401058.0,400121.0,401058.0,0.2336,93589.432,5
2026-08-27T23:00:00+00:00,400793.0,400793.0,400793.0,400793.0,0.002245548200692127,899.9999999999997,1
2026-08-28T00:00:00+00:00,400632.0,401059.0,400178.0,401059.0,0.2912,116637.2642,4
2026-08-28T01:00:00+00:00,401059.0,403864.0,401059.0,401888.0,2.0485,825972.0831,18
2026-08-28T02:00:00+00:00,400676.0,400774.0,397636.0,398131.0,4.176792441874972,1666411.76,20
2026-08-28T03:00:00+00:00,397282.0,398777.0,397282.0,398777.0,7.460869259260188,2972161.778,21
2026-08-28T04:00:00+00:00,396759.0,398408.0,395548.0,397742.0,13.368934099214876,5307879.9826,63
2026-08-28T05:00:00+00:00,396802.0,398517.0,396527.0,398516.0,4.105360397909715,1633345.95,23
2026-08-28T06:00:00+00:00,398516.0,398516.0,398516.0,398516.0,0.0,0.0,0
2026-08-28T07:00:00+00:00,398858.0,398858.0,398858.0,398858.0,0.07521473807721044,30000.0,1
2026-08-28T08:00:00+00:00,398858.0,398858.0,398858.0,398858.0,0.0,0.0,0
2026-08-28T09:00:00+00:00,398858.0,398858.0,398858.0,398858.0,0.0,0.0,0
2026-08-28T10:00:00+00:00,397768.0,405216.0,396753.0,399200.0,4.0786072872245915,1629181.9397,19
2026-08-28T11:00:00+00:00,401128.0,401129.0,401100.0,401100.0,3.2484,1302989.3832,17
2026-08-28T12:00:00+00:00,400125.0,400305.0,399663.0,400305.0,0.7145099923808096,285840.0681,6
2026-08-28T13:00:00+00:00,399111.0,402337.0,399111.0,402337.0,3.0481,1223598.371,11
2026-08-28T14:00:00+00:00,397104.0,403744.0,395000.0,401843.0,6.734053633985892,2684491.007,41
2026-08-28T15:00:00+00:00,403067.0,403540.0,396757.0,396757.0,3.884789996439305,1565170.2805,43
2026-08-28T16:00:00+00:00,395000.0,395000.0,385634.0,391434.0,4.09362188363811,1605373.1942,33
2026-08-28T17:00:00+00:00,391266.0,391611.0,391266.0,391611.0,0.1531,59929.1826,2
2026-08-28T18:00:00+00:00,391611.0,391611.0,391611.0,391611.0,0.0,0.0,0
2026-08-28T19:00:00+00:00,391611.0,391611.0,391611.0,391611.0,0.0,0.0,0
2026-08-28T20:00:00+00:00,391611.0,391611.0,391611.0,391611.0,0.0,0.0,0
2026-08-28T21:00:00+00:00,389271.0,389271.0,388757.0,388757.0,0.13071507085402964,50882.3964,2
2026-08-28T22:00:00+00:00,389028.0,389028.0,389028.0,389028.0,0.002570509063614958,999.9999999999999,1
2026-08-28T23:00:00+00:00,390627.0,390627.0,390627.0,390627.0,0.03,11718.81,1
2026-08-29T00:00:00+00:00,392295.0,392295.0,392295.0,392295.0,0.0182,7139.769,1
2026-08-29T01:00:00+00:00,391949.0,393194.0,391949.0,393194.0,10.992417837250823,4320000.0,12
2026-08-29T02:00:00+00:00,391237.0,392703.0,391237.0,392703.0,4.765842534943711,1870000.0,11
2026-08-29T03:00:00+00:00,391380.0,392166.0,390965.0,390965.0,1.0736769255876337,420373.7,8
2026-08-29T04:00:00+00:00,390965.0,390965.0,390965.0,390965.0,0.0,0.0,0
2026-08-29T05:00:00+00:00,390965.0,390965.0,390965.0,390965.0,0.0,0.0,0
2026-08-29T06:00:00+00:00,390965.0,390965.0,390965.0,390965.0,0.0,0.0,0
2026-08-29T07:00:00+00:00,390965.0,390965.0,390965.0,390965.0,0.0,0.0,0
2026-08-29T08:00:00+00:00,390965.0,390965.0,390965.0,390965.0,0.0,0.0,0
2026-08-29T09:00:00+00:00,390965.0,390965.0,390965.0,390965.0,0.0,0.0,0
2026-08-29T10:00:00+00:00,390838.0,390838.0,390481.0,390481.0,0.004,1562.638,4
2026-08-29T11:00:00+00:00,390524.0,390524.0,390524.0,390524.0,0.0991,38700.9284,1
2026-08-29T12:00:00+00:00,390433.0,390433.0,390433.0,390433.0,0.0498,19443.5634,1
2026-08-29T13:00:00+00:00,390812.0,391980.0,390053.0,390053.0,10.628620452619405,4160751.5131,17
2026-08-29T14:00:00+00:00,390964.0,391684.0,390964.0,391684.0,1.2775449648185782,500000.0,8
2026-08-29T15:00:00+00:00,392559.0,392559.0,391779.0,391938.0,0.4849,189994.7017,5
2026-08-29T16:00:00+00:00,391938.0,391938.0,391938.0,391938.0,0.0,0.0,0
2026-08-29T17:00:00+00:00,391938.0,391938.0,391938.0,391938.0,0.0,0.0,0
2026-08-29T18:00:00+00:00,393248.0,393248.0,393248.0,393248.0,0.0003,117.9744,1
2026-08-29T19:00:00+00:00,393248.0,393248.0,393248.0,393248.0,0.0,0.0,0
2026-08-29T20:00:00+00:00,393449.0,394212.0,393449.0,394212.0,0.015136706137814171,5966.83,3
2026-08-29T21:00:00+00:00,394211.0,394211.0,393563.0,393563.0,2.571316355704169,1012027.4525,19
2026-08-29T22:00:00+00:00,392701.0,392701.0,392701.0,392701.0,0.0132,5183.6532,1
2026-08-29T23:00:00+00:00,393961.0,394429.0,393961.0,394429.0,0.004819800626631683,1899.9999999999998,2
2026-08-30T00:00:00+00:00,394441.0,395632.0,394117.0,394170.0,0.4975101104056295,196245.0434,7
2026-08-30T01:00:00+00:00,394657.0,395792.0,393717.0,395792.0,17.12291793914969,6767762.37,39
2026-08-30T02:00:00+00:00,394267.0,400000.0,394267.0,400000.0,0.94968876,377000.0,5
2026-08-30T03:00:00+00:00,400000.0,400000.0,400000.0,400000.0,0.0,0.0,0
2026-08-30T04:00:00+00:00,394576.0,395752.0,393608.0,393608.0,8.970984677272636,3549792.1815,6
2026-08-30T05:00:00+00:00,393700.0,394248.0,393586.0,393645.0,0.9616558024390739,378574.236,9
2026-08-30T06:00:00+00:00,394389.0,394508.0,394389.0,394508.0,0.012707741427490916,5012.999999999999,2
2026-08-30T07:00:00+00:00,393735.0,394225.0,393735.0,394225.0,0.49934182256325704,196668.938,4
2026-08-30T08:00:00+00:00,394145.0,395190.0,393644.0,393644.0,1.9194954081184434,756883.0004,11
2026-08-30T09:00:00+00:00,394306.0,394306.0,393494.0,393494.0,0.1520830421043555,59905.544,2
2026-08-30T10:00:00+00:00,393494.0,393494.0,393494.0,393494.0,0.0,0.0,0
2026-08-30T11:00:00+00:00,393999.0,393999.0,393999.0,393999.0,0.0559,22024.5441,1
2026-08-30T12:00:00+00:00,395010.0,396703.0,394937.0,394938.0,3.6206207775086146,1430373.1114,38
2026-08-30T13:00:00+00:00,394938.0,396500.0,394938.0,396500.0,0.33765639230926675,133563.0,7
2026-08-30T14:00:00+00:00,396750.0,397585.0,396221.0,397283.0,0.02660517276541525,10561.662999999999,6
2026-08-30T15:00:00+00:00,396558.0,397672.0,396320.0,397672.0,0.8979953831298155,356039.8846,9
2026-08-30T16:00:00+00:00,398493.0,405000.0,398493.0,405000.0,3.725465967184668,1499722.1825,29
2026-08-30T17:00:00+00:00,403207.0,403207.0,400572.0,400572.0,0.2139,85821.0273,4
2026-08-30T18:00:00+00:00,401572.0,402136.0,400593.0,402136.0,0.020996085384439155,8427.289999999999,3
2026-08-30T19:00:00+00:00,400596.0,400596.0,400289.0,400289.0,0.18539628054199242,74212.8581,2
2026-08-30T20:00:00+00:00,400278.0,400278.0,400278.0,400278.0,0.002,800.556,1
2026-08-30T21:00:00+00:00,397678.0,397678.0,397579.0,397579.0,0.4915637010506088,195475.0454,3
2026-08-30T22:00:00+00:00,395139.0,395139.0,395139.0,395139.0,0.0103,4069.9317,1
2026-08-30T23:00:00+00:00,395139.0,395139.0,384890.0,387131.0,3.6334,1410724.3759,34
2026-08-31T00:00:00+00:00,387326.0,388284.0,387326.0,388284.0,2.887219293094745,1118970.8301,10
2026-08-31T01:00:00+00:00,388339.0,388339.0,387000.0,387000.0,0.7989,310056.33,5
2026-08-31T02:00:00+00:00,384625.0,384625.0,384170.0,384260.0,2.603,1000274.38,25
2026-08-31T03:00:00+00:00,386164.0,396000.0,386164.0,387819.0,8.018654315369716,3119976.918,23
2026-08-31T04:00:00+00:00,386620.0,387193.0,386176.0,386605.0,3.4450450760681157,1332984.9818,22
2026-08-31T05:00:00+00:00,387183.0,390356.0,387078.0,390356.0,16.201942480972622,6293354.8715,60
2026-08-31T06:00:00+00:00,389889.0,391172.0,389889.0,391065.0,6.977733732821359,2727322.8223,13
2026-08-31T07:00:00+00:00,390472.0,391372.0,389231.0,389231.0,5.647607225350817,2204846.9608,22
2026-08-31T08:00:00+00:00,389682.0,392207.0,388509.0,392207.0,22.98142567770294,8981956.715,73
2026-08-31T09:00:00+00:00,391879.0,392190.0,391879.0,392190.0,3.4501197890348303,1353000.0,5
2026-08-31T10:00:00+00:00,391152.0,392486.0,391152.0,392486.0,3.8928121492271184,1523823.9002,9
2026-08-31T11:00:00+00:00,392486.0,393315.0,391984.0,392079.0,10.756147304473874,4223791.6626,57
2026-08-31T12:00:00+00:00,392666.0,393264.0,391258.0,391258.0,9.633796000299997,3784544.5942,34
2026-08-31T13:00:00+00:00,393002.0,393004.0,391801.0,391873.0,2.6176,1027498.968,16
2026-08-31T14:00:00+00:00,390761.0,394309.0,390761.0,394155.0,0.6839,269573.503,9
2026-08-31T15:00:00+00:00,393459.0,395000.0,393459.0,395000.0,0.07,27634.59,6
2026-08-31T16:00:00+00:00,395000.0,395000.0,395000.0,395000.0,0.0,0.0,0
2026-08-31T17:00:00+00:00,395372.0,395373.0,395372.0,395373.0,0.4,158149.0,2
2026-08-31T18:00:00+00:00,396000.0,396000.0,396000.0,396000.0,1.1961264005050505,473666.0546,10
2026-08-31T19:00:00+00:00,397108.0,397108.0,397108.0,397108.0,0.002518206633963556,999.9999999999998,1
2026-08-31T20:00:00+00:00,397108.0,397108.0,397108.0,397108.0,0.0,0.0,0
2026-08-31T21:00:00+00:00,396131.0,396655.0,396131.0,396553.0,0.10272534276522838,40694.1,3
2026-08-31T22:00:00+00:00,396868.0,396868.0,395538.0,395538.0,2.583856568793927,1022016.6856,15
2026-08-31T23:00:00+00:00,394127.0,394127.0,394127.0,394127.0,0.1308,51551.8116,1
2026-09-01T00:00:00+00:00,394338.0,394338.0,394338.0,394338.0,0.0254,10016.1852,1
2026-09-01T01:00:00+00:00,395639.0,396299.0,393948.0,394949.0,18.65910294642811,7380000.0,35
2026-09-01T02:00:00+00:00,393500.0,393500.0,392879.0,392879.0,0.202,79406.2079,3
2026-09-01T03:00:00+00:00,394767.0,396149.0,394261.0,396149.0,3.912120997312641,1546133.1561,16
2026-09-01T04:00:00+00:00,395792.0,396726.0,395077.0,395157.0,2.5400488762557156,1005284.1112,14
2026-09-01T05:00:00+00:00,396159.0,397919.0,396131.0,397919.0,5.019274117456196,1993400.0,11
2026-09-01T06:00:00+00:00,396709.0,397000.0,395993.0,395993.0,1.1632,461224.4379,6
2026-09-01T07:00:00+00:00,396537.0,397117.0,395710.0,395710.0,3.888052634243808,1542023.7,9
2026-09-01T08:00:00+00:00,395852.0,395852.0,391738.0,392115.0,14.109646206544657,5566460.515,43
2026-09-01T09:00:00+00:00,392115.0,392115.0,392115.0,392115.0,0.0,0.0,0
2026-09-01T10:00:00+00:00,392115.0,392115.0,392115.0,392115.0,0.0,0.0,0
2026-09-01T11:00:00+00:00,393968.0,395070.0,393968.0,395070.0,1.5011,591983.6423,14
2026-09-01T12:00:00+00:00,391500.0,391501.0,391499.0,391501.0,2.6419,1034303.9539,19
2026-09-01T13:00:00+00:00,390618.0,392668.0,390000.0,390983.0,4.2559,1664126.1269,39
2026-09-01T14:00:00+00:00,392672.0,392815.0,391569.0,392567.0,3.9514,1551069.4944,27
2026-09-01T15:00:00+00:00,390983.0,390983.0,390983.0,390983.0,1.778,695167.774,8
2026-09-01T16:00:00+00:00,390983.0,390983.0,390983.0,390983.0,0.0,0.0,0
2026-09-01T17:00:00+00:00,390983.0,390983.0,390983.0,390983.0,0.0,0.0,0
2026-09-01T18:00:00+00:00,386051.0,386051.0,385000.0,385000.0,1.4587,561704.6,8
2026-09-01T19:00:00+00:00,388452.0,388452.0,388452.0,388452.0,0.000422188584432568,163.99999999999991,1
2026-09-01T20:00:00+00:00,387714.0,387957.0,387714.0,387957.0,0.03997922076582223,15509.5918,2
2026-09-01T21:00:00+00:00,386803.0,386967.0,386803.0,386967.0,0.2531337867349655,97945.8363,3
2026-09-01T22:00:00+00:00,386888.0,387036.0,385742.0,385742.0,0.3116,120430.8804,4
2026-09-01T23:00:00+00:00,388912.0,388913.0,388912.0,388913.0,0.2508,97539.1565,2
2026-09-02T00:00:00+00:00,387215.0,387215.0,387215.0,387215.0,0.1,38721.5,1
2026-09-02T01:00:00+00:00,387286.0,387286.0,383542.0,383542.0,0.993523864017806,382121.2749,17
2026-09-02T02:00:00+00:00,385528.0,385730.0,385528.0,385730.0,0.5,192784.2,5
2026-09-02T03:00:00+00:00,385730.0,387787.0,385730.0,387787.0,1.7241230763279842,667623.0881,12
2026-09-02T04:00:00+00:00,386430.0,386675.0,386430.0,386675.0,0.723,279446.449,4
2026-09-02T05:00:00+00:00,388275.0,388275.0,388275.0,388275.0,0.2,77655.0,1
2026-09-02T06:00:00+00:00,386478.0,386478.0,386478.0,386478.0,0.0309,11942.1702,1
2026-09-02T07:00:00+00:00,385967.0,387601.0,385967.0,387600.0,0.3269,126702.1061,3
2026-09-02T08:00:00+00:00,387026.0,387740.0,382508.0,382544.0,5.275277463694686,2044143.2308,18
2026-09-02T09:00:00+00:00,383792.0,383792.0,379000.0,380800.0,11.910632401785714,4540396.5003,44
2026-09-02T10:00:00+00:00,379840.0,380323.0,377500.0,377500.0,9.634179124323273,3661184.4622,17
2026-09-02T11:00:00+00:00,380357.0,380857.0,380357.0,380857.0,2.5384,966744.9612,15
2026-09-02T12:00:00+00:00,379627.0,381085.0,379627.0,381085.0,0.19172881177707676,73020.0304,5
2026-09-02T13:00:00+00:00,380902.0,383078.0,380902.0,383078.0,0.3461,132363.3022,3
2026-09-02T14:00:00+00:00,381000.0,381000.0,381000.0,381000.0,0.3461,131864.1,6
2026-09-02T15:00:00+00:00,379671.0,379671.0,377687.0,378207.0,2.8218535437260153,1065927.4981,22
2026-09-02T16:00:00+00:00,378207.0,378207.0,378207.0,378207.0,0.0,0.0,0
2026-09-02T17:00:00+00:00,378435.0,378435.0,377581.0,377581.0,0.18,67966.288,2
2026-09-02T18:00:00+00:00,377581.0,377581.0,377581.0,377581.0,0.0,0.0,0
2026-09-02T19:00:00+00:00,377581.0,377581.0,377581.0,377581.0,0.0,0.0,0
2026-09-02T20:00:00+00:00,377581.0,377581.0,377581.0,377581.0,0.0,0.0,0
2026-09-02T21:00:00+00:00,380040.0,380040.0,379492.0,379492.0,0.06813130196821388,25856.726,2
2026-09-02T22:00:00+00:00,378523.0,378523.0,378523.0,378523.0,0.02641847391043609,10000.0,1
2026-09-02T23:00:00+00:00,378347.0,378347.0,378347.0,378347.0,0.002378768696461185,900.0,1
2026-09-03T00:00:00+00:00,379333.0,379357.0,377738.0,377738.0,0.7181207880703401,272252.7812,8
2026-09-03T01:00:00+00:00,377500.0,377500.0,376792.0,376792.0,0.2834,106804.0928,2
2026-09-03T02:00:00+00:00,380023.0,380988.0,380023.0,380712.0,2.5157,957952.7278,29
2026-09-03T03:00:00+00:00,379920.0,380000.0,378999.0,378999.0,1.3346,506108.0427,11
2026-09-03T04:00:00+00:00,380172.0,380172.0,379683.0,379683.0,0.000552472038971833,209.9365999999997,2
2026-09-03T05:00:00+00:00,380312.0,381363.0,375750.0,375765.0,25.765726011175705,9809424.8313,25
2026-09-03T06:00:00+00:00,379190.0,379445.0,379190.0,379445.0,1.7911,679422.209,3
2026-09-03T07:00:00+00:00,378508.0,379720.0,378508.0,379720.0,1.2768,484655.2035,6
2026-09-03T08:00:00+00:00,378636.0,378636.0,377588.0,377705.0,11.052906228528345,4184447.3404,26
2026-09-03T09:00:00+00:00,376556.0,377697.0,375000.0,375000.0,3.7324,1405281.9399,21
2026-09-03T10:00:00+00:00,374695.0,374968.0,374438.0,374438.0,0.14882198120917214,55789.8125,4
2026-09-03T11:00:00+00:00,374893.0,377079.0,374467.0,376918.0,15.26789848526458,5740524.0692,64
2026-09-03T12:00:00+00:00,376251.0,376251.0,376251.0,376251.0,0.2,75250.2,2
2026-09-03T13:00:00+00:00,377212.0,377500.0,376829.0,377500.0,0.22820591315056102,86024.2036,6
2026-09-03T14:00:00+00:00,378440.0,386330.0,378440.0,386330.0,0.8131,309747.8834,13
2026-09-03T15:00:00+00:00,386400.0,390993.0,385667.0,390993.0,6.2508,2422689.531,53
2026-09-03T16:00:00+00:00,390313.0,390313.0,387274.0,387423.0,1.4,543608.1,15
2026-09-03T17:00:00+00:00,387523.0,388015.0,387523.0,388015.0,0.7024321967986417,272553.2441,7
2026-09-03T18:00:00+00:00,390000.0,390000.0,390000.0,390000.0,0.2,78000.0,1
2026-09-03T19:00:00+00:00,391686.0,393000.0,391685.0,393000.0,5.1411,2018137.2281,33
2026-09-03T20:00:00+00:00,393000.0,393000.0,393000.0,393000.0,0.0,0.0,0
2026-09-03T21:00:00+00:00,390302.0,393000.0,390302.0,392497.0,0.8900495065507534,348594.8183,11
2026-09-03T22:00:00+00:00,390767.0,390767.0,390767.0,390767.0,0.002303162754275565,899.9999999999997,1
2026-09-03T23:00:00+00:00,390767.0,390767.0,390767.0,390767.0,0.0,0.0,0
2026-09-04T00:00:00+00:00,390373.0,390373.0,390373.0,390373.0,0.0454,17722.9342,1
2026-09-04T01:00:00+00:00,390864.0,391803.0,390142.0,390142.0,13.654653003167407,5347520.3328,29
2026-09-04T02:00:00+00:00,390142.0,390142.0,390142.0,390142.0,0.0,0.0,0
2026-09-04T03:00:00+00:00,392000.0,393115.0,391981.0,391981.0,3.2488,1273784.1427,27
2026-09-04T04:00:00+00:00,393894.0,393894.0,392758.0,392906.0,0.8055982591255924,317242.988,5
2026-09-04T05:00:00+00:00,392800.0,393718.0,392317.0,392317.0,7.5712,2980298.4802,21
2026-09-04T06:00:00+00:00,393445.0,394577.0,392288.0,392288.0,10.245628203458107,4040945.6,19
2026-09-04T07:00:00+00:00,393367.0,393367.0,393367.0,393367.0,0.002,786.734,1
2026-09-04T08:00:00+00:00,393325.0,396344.0,393325.0,395989.0,10.886681716990772,4293534.9381,44
2026-09-04T09:00:00+00:00,395836.0,399000.0,395063.0,395393.0,4.612912915546269,1834378.9636,27
2026-09-04T10:00:00+00:00,394812.0,397137.0,394432.0,395289.0,9.307246881027698,3687081.54,25
2026-09-04T11:00:00+00:00,395285.0,395500.0,395285.0,395500.0,1.0319,407898.8915,14
2026-09-04T12:00:00+00:00,395526.0,395534.0,383526.0,383983.0,11.43297944814263,4471791.6135,68
2026-09-04T13:00:00+00:00,383004.0,383763.0,380816.0,383763.0,7.403612898037618,2833058.2085,40
2026-09-04T14:00:00+00:00,383239.0,383259.0,381902.0,381902.0,0.3663,140168.336,7
2026-09-04T15:00:00+00:00,381902.0,381902.0,381902.0,381902.0,0.0,0.0,0
2026-09-04T16:00:00+00:00,381902.0,381902.0,381902.0,381902.0,0.0,0.0,0
2026-09-04T17:00:00+00:00,381902.0,381902.0,381902.0,381902.0,0.0,0.0,0
2026-09-04T18:00:00+00:00,383526.0,383732.0,383526.0,383732.0,0.003505610291914658,1344.9999999999993,3
2026-09-04T19:00:00+00:00,383732.0,383732.0,383732.0,383732.0,0.0,0.0,0
2026-09-04T20:00:00+00:00,383732.0,383732.0,383732.0,383732.0,0.0,0.0,0
2026-09-04T21:00:00+00:00,383732.0,383732.0,383732.0,383732.0,0.0,0.0,0
2026-09-04T22:00:00+00:00,384027.0,384027.0,383762.0,383762.0,0.034947595913940394,13412.942,4
2026-09-04T23:00:00+00:00,383762.0,383762.0,383762.0,383762.0,0.2682,102924.9684,1
2026-09-05T00:00:00+00:00,383762.0,383762.0,383762.0,383762.0,0.0,0.0,0
2026-09-05T01:00:00+00:00,384336.0,384367.0,384335.0,384335.0,2.6649,1024220.8111,3
2026-09-05T02:00:00+00:00,384335.0,385128.0,383687.0,383696.0,7.792775812197503,3000008.86,14
2026-09-05T03:00:00+00:00,383696.0,383696.0,383696.0,383696.0,0.0,0.0,0
2026-09-05T04:00:00+00:00,384215.0,384215.0,383898.0,383917.0,2.4802,952903.9113,15
2026-09-05T05:00:00+00:00,383000.0,385078.0,383000.0,385078.0,4.420745401451135,1701570.3,9
2026-09-05T06:00:00+00:00,383921.0,397999.0,383820.0,384967.0,42.865130656932315,16666978.8239,86
2026-09-05T07:00:00+00:00,385194.0,385194.0,385194.0,385194.0,0.2725,104965.365,1
2026-09-05T08:00:00+00:00,385195.0,385195.0,385195.0,385195.0,0.0172,6625.354,1
2026-09-05T09:00:00+00:00,385194.0,385194.0,384782.0,384782.0,1.2664,487330.866,8
2026-09-05T10:00:00+00:00,384252.0,384252.0,384252.0,384252.0,0.0922,35428.0344,1
2026-09-05T11:00:00+00:00,384680.0,384680.0,384680.0,384680.0,0.5199,199995.132,2
2026-09-05T12:00:00+00:00,384853.0,384853.0,384853.0,384853.0,0.6132,235991.8596,6
2026-09-05T13:00:00+00:00,384853.0,384853.0,384000.0,384328.0,1.0974770841572823,422311.939,13
2026-09-05T14:00:00+00:00,384328.0,384328.0,384328.0,384328.0,0.0,0.0,0
2026-09-05T15:00:00+00:00,384383.0,384853.0,384383.0,384853.0,0.014139357884698833,5435.4173,2
2026-09-05T16:00:00+00:00,384853.0,387143.0,384725.0,387143.0,1.0096606421153012,388563.4891,9
2026-09-05T17:00:00+00:00,387143.0,388254.0,387143.0,388254.0,0.3651781673852684,141519.2399,7
2026-09-05T18:00:00+00:00,388254.0,388254.0,388254.0,388254.0,0.0,0.0,0
2026-09-05T19:00:00+00:00,387695.0,387702.0,387695.0,387702.0,0.000559716565614829,216.9999999999999,2
2026-09-05T20:00:00+00:00,387702.0,387702.0,387702.0,387702.0,0.0,0.0,0
2026-09-05T21:00:00+00:00,388636.0,389236.0,388636.0,389236.0,1.6234731018227853,631612.6324,16
2026-09-05T22:00:00+00:00,388638.0,388638.0,388638.0,388638.0,0.6523,253508.5674,7
2026-09-05T23:00:00+00:00,388638.0,388638.0,388638.0,388638.0,2.167,842178.546,15
2026-09-06T00:00:00+00:00,388954.0,390083.0,388954.0,390083.0,3.261607804739205,1269265.4734,24
2026-09-06T01:00:00+00:00,390155.0,391087.0,390155.0,391087.0,0.021319565783686108,8337.0,2
2026-09-06T02:00:00+00:00,392630.0,392923.0,392630.0,392923.0,0.12731105076567165,50000.0,2
2026-09-06T03:00:00+00:00,391048.0,391080.0,391031.0,391069.0,2.3934,935944.6572,17
2026-09-06T04:00:00+00:00,392337.0,392337.0,391247.0,391557.0,0.6429,251682.6226,5
2026-09-06T05:00:00+00:00,394423.0,394768.0,393694.0,393694.0,2.4723,975478.3638,20
2026-09-06T06:00:00+00:00,392603.0,392609.0,392603.0,392609.0,0.0101,3965.2909,2
2026-09-06T07:00:00+00:00,389012.0,389111.0,389012.0,389111.0,2.3679,921198.9546,15
2026-09-06T08:00:00+00:00,391274.0,391274.0,391274.0,391274.0,0.12778768842294658,50000.0,1
2026-09-06T09:00:00+00:00,391127.0,391491.0,391127.0,391490.0,1.2253,479661.3233,10
2026-09-06T10:00:00+00:00,390854.0,392163.0,390822.0,391783.0,3.4034933063073045,1333201.9789,24
2026-09-06T11:00:00+00:00,391896.0,392100.0,391896.0,392026.0,0.7518,294752.0698,4
2026-09-06T12:00:00+00:00,392004.0,392004.0,392004.0,392004.0,0.102,39984.408,1
2026-09-06T13:00:00+00:00,389886.0,390812.0,389772.0,390812.0,3.5871,1399498.7499,20
2026-09-06T14:00:00+00:00,389089.0,389214.0,387199.0,387199.0,4.5847,1780571.5998,41
2026-09-06T15:00:00+00:00,387596.0,388904.0,386678.0,388853.0,2.559329786576732,994378.9175,25
2026-09-06T16:00:00+00:00,389023.0,389023.0,388937.0,388937.0,0.01414082349246698,5500.0,2
2026-09-06T17:00:00+00:00,388937.0,388937.0,388937.0,388937.0,0.0,0.0,0
2026-09-06T18:00:00+00:00,388937.0,388937.0,388937.0,388937.0,0.0,0.0,0
2026-09-06T19:00:00+00:00,388937.0,388937.0,388937.0,388937.0,0.0,0.0,0
2026-09-06T20:00:00+00:00,390433.0,390433.0,390433.0,390433.0,0.002561258909979433,1000.0,1
2026-09-06T21:00:00+00:00,392062.0,392062.0,392062.0,392062.0,0.0578,22661.1836,2
2026-09-06T22:00:00+00:00,391641.0,391641.0,391641.0,391641.0,0.0001,39.1641,1
2026-09-06T23:00:00+00:00,393043.0,394318.0,392600.0,394318.0,2.556089825795142,1007877.4946,16
2026-09-07T00:00:00+00:00,393490.0,393490.0,392096.0,392096.0,0.09489724770642202,37267.9672,3
2026-09-07T01:00:00+00:00,392096.0,392096.0,392096.0,392096.0,0.0,0.0,0
2026-09-07T02:00:00+00:00,394000.0,395903.0,392504.0,392504.0,10.729588557298126,4237149.3337,35
2026-09-07T03:00:00+00:00,391867.0,392599.0,391093.0,391093.0,2.5627245199267756,1005800.0,10
2026-09-07T04:00:00+00:00,390552.0,390902.0,390518.0,390902.0,2.3627177778875263,923295.128,6
2026-09-07T05:00:00+00:00,391390.0,391397.0,390846.0,391397.0,0.32386844744163684,126736.1716,4
2026-09-07T06:00:00+00:00,390474.0,390474.0,390474.0,390474.0,0.0912,35611.2288,1
2026-09-07T07:00:00+00:00,389538.0,389538.0,384388.0,384388.0,13.0913,5066030.1262,46
2026-09-07T08:00:00+00:00,385342.0,386183.0,384579.0,385180.0,4.9352,1901742.9039,18
2026-09-07T09:00:00+00:00,385713.0,386120.0,385233.0,386120.0,6.186949204241295,2387304.5452,13
2026-09-07T10:00:00+00:00,385291.0,385291.0,385291.0,385291.0,0.0026,1001.7566,1
2026-09-07T11:00:00+00:00,386179.0,386179.0,385278.0,385278.0,0.027894727574518552,10770.556,2
2026-09-07T12:00:00+00:00,385862.0,386303.0,385178.0,386303.0,2.6497,1022006.4755,14
2026-09-07T13:00:00+00:00,388040.0,388040.0,385839.0,385988.0,1.3374214204721162,516748.5698,11
2026-09-07T14:00:00+00:00,385123.0,385405.0,382583.0,385369.0,5.1140031359865,1968445.6911,42
2026-09-07T15:00:00+00:00,382875.0,384624.0,381800.0,381800.0,2.4756,947691.0211,17
2026-09-07T16:00:00+00:00,382409.0,382984.0,382409.0,382968.0,2.3533,900801.3521,11
2026-09-07T17:00:00+00:00,384158.0,384158.0,384158.0,384158.0,0.002,768.316,1
2026-09-07T18:00:00+00:00,384158.0,384158.0,384158.0,384158.0,0.0,0.0,0
2026-09-07T19:00:00+00:00,384682.0,385436.0,384652.0,385436.0,0.8781,337948.6316,7
2026-09-07T20:00:00+00:00,384272.0,385684.0,384272.0,385684.0,0.028627961751070824,11037.5344,2
2026-09-07T21:00:00+00:00,385513.0,385513.0,385362.0,385362.0,0.00245910983102865,947.9999999999992,3
2026-09-07T22:00:00+00:00,384484.0,384484.0,383500.0,383500.0,0.12181011433505685,46775.0,2
2026-09-07T23:00:00+00:00,384045.0,384045.0,384045.0,384045.0,0.2,76809.0,1
2026-09-08T00:00:00+00:00,382500.0,384584.0,382500.0,384584.0,3.5571926043104005,1366096.0,12
2026-09-08T01:00:00+00:00,384296.0,384296.0,384296.0,384296.0,0.5255,201947.548,1
2026-09-08T02:00:00+00:00,383692.0,384296.0,383233.0,383233.0,2.7951,1073068.7631,9
2026-09-08T03:00:00+00:00,381500.0,381500.0,381500.0,381500.0,0.06,22890.0,5
2026-09-08T04:00:00+00:00,381294.0,382165.0,380930.0,380930.0,0.2768466683238915,105554.6888,5
2026-09-08T05:00:00+00:00,381037.0,381933.0,380173.0,380173.0,2.1989438616197083,839040.4144,13
2026-09-08T06:00:00+00:00,380000.0,381226.0,379249.0,379989.0,10.239317696498189,3897874.112,31
2026-09-08T07:00:00+00:00,380435.0,381357.0,380435.0,381357.0,1.520061297978335,579221.52,6
2026-09-08T08:00:00+00:00,381371.0,382832.0,381371.0,382072.0,2.9924426517424045,1142896.4664,12
2026-09-08T09:00:00+00:00,382604.0,384458.0,382153.0,384458.0,1.3281906721451062,508329.0646,7
2026-09-08T10:00:00+00:00,384000.0,384541.0,383500.0,383500.0,1.3869,532543.9461,20
2026-09-08T11:00:00+00:00,383412.0,383857.0,382500.0,382500.0,0.08710241704593116,33347.0,5
2026-09-08T12:00:00+00:00,381500.0,382471.0,381028.0,381028.0,4.775591650347347,1825336.8606,16
2026-09-08T13:00:00+00:00,380800.0,380800.0,376500.0,377965.0,4.7657,1805338.4903,42
2026-09-08T14:00:00+00:00,379030.0,383009.0,379030.0,383008.0,3.6241805866116925,1382899.4643,25
2026-09-08T15:00:00+00:00,382768.0,385000.0,382768.0,385000.0,1.6478434165631946,634102.3826,18
2026-09-08T16:00:00+00:00,385000.0,385000.0,385000.0,385000.0,0.0,0.0,0
2026-09-08T17:00:00+00:00,385000.0,385000.0,385000.0,385000.0,0.0,0.0,0
2026-09-08T18:00:00+00:00,385047.0,385047.0,382500.0,382500.0,0.1334,51212.4498,2
2026-09-08T19:00:00+00:00,382537.0,382537.0,381674.0,381674.0,0.1114,42523.1438,2
2026-09-08T20:00:00+00:00,383767.0,383767.0,383767.0,383767.0,0.00260574775840549,999.9999999999997,1
2026-09-08T21:00:00+00:00,382175.0,382175.0,382175.0,382175.0,0.0182,6955.585,1
2026-09-08T22:00:00+00:00,381870.0,381870.0,381870.0,381870.0,0.1377,52583.499,1
2026-09-08T23:00:00+00:00,381500.0,382123.0,381181.0,382123.0,2.7994958413913844,1067572.8806,16
2026-09-09T00:00:00+00:00,382249.0,382483.0,381825.0,382483.0,0.022153045756281978,8462.4246,3
2026-09-09T01:00:00+00:00,383782.0,383782.0,383782.0,383782.0,0.001,383.782,1
2026-09-09T02:00:00+00:00,383436.0,384041.0,383436.0,384041.0,0.244450255050893,93872.7036,3
2026-09-09T03:00:00+00:00,382657.0,382657.0,382175.0,382657.0,0.5898,225527.4145,8
2026-09-09T04:00:00+00:00,384753.0,385886.0,384753.0,385886.0,0.07776727738243937,30006.3578,2
2026-09-09T05:00:00+00:00,385522.0,386300.0,383614.0,383614.0,7.8319,3007679.5509,26
2026-09-09T06:00:00+00:00,383614.0,383614.0,383614.0,383614.0,0.0,0.0,0
2026-09-09T07:00:00+00:00,384592.0,386195.0,384592.0,386195.0,1.6342088064319837,630527.34,8
2026-09-09T08:00:00+00:00,385612.0,387526.0,385612.0,387526.0,0.0243,9404.2016,3
2026-09-09T09:00:00+00:00,387463.0,387463.0,383033.0,383033.0,17.584592307674544,6764279.1506,26
2026-09-09T10:00:00+00:00,382176.0,382176.0,382176.0,382176.0,0.0026,993.6576,1
2026-09-09T11:00:00+00:00,382153.0,382153.0,382153.0,382153.0,0.02,7643.06,1
2026-09-09T12:00:00+00:00,383620.0,384491.0,383575.0,384491.0,0.7811,300006.4451,7
2026-09-09T13:00:00+00:00,385399.0,385776.0,385399.0,385776.0,0.4045222870266683,156006.98,4
2026-09-09T14:00:00+00:00,385776.0,385776.0,385776.0,385776.0,0.0,0.0,0
2026-09-09T15:00:00+00:00,384032.0,384032.0,380905.0,382459.0,0.5992,229924.8528,3
2026-09-09T16:00:00+00:00,382459.0,382459.0,382459.0,382459.0,0.0,0.0,0
2026-09-09T17:00:00+00:00,383733.0,383733.0,383733.0,383733.0,0.001042391454474856,399.99999999999994,1
2026-09-09T18:00:00+00:00,383733.0,383733.0,383733.0,383733.0,0.0,0.0,0
2026-09-09T19:00:00+00:00,380000.0,380000.0,380000.0,380000.0,2.3758,902804.0,14
2026-09-09T20:00:00+00:00,379611.0,379611.0,378500.0,379441.0,1.0382053714270365,393367.67,10
2026-09-09T21:00:00+00:00,379964.0,379964.0,378782.0,378782.0,0.06596701694424353,24988.9006,3
2026-09-09T22:00:00+00:00,378500.0,378500.0,376918.0,377089.0,0.12892687375076373,48696.15,4
2026-09-09T23:00:00+00:00,377619.0,379801.0,377561.0,379801.0,0.628772989770278,237653.1887,14
2026-09-10T00:00:00+00:00,379790.0,379790.0,379238.0,379238.0,0.2007583138049975,76135.6,4
2026-09-10T01:00:00+00:00,380206.0,380206.0,379081.0,379081.0,0.5791387592625323,220103.0,4
2026-09-10T02:00:00+00:00,377703.0,380681.0,377703.0,380569.0,0.441606222688986,167985.74,7
2026-09-10T03:00:00+00:00,380561.0,381192.0,380000.0,380000.0,2.6367584222648954,1004600.0,7
2026-09-10T04:00:00+00:00,380502.0,381755.0,380502.0,380806.0,12.16015991105764,4637955.8,26
2026-09-10T05:00:00+00:00,380768.0,380857.0,380768.0,380857.0,0.1,38085.2105,2
2026-09-10T06:00:00+00:00,381390.0,381390.0,380512.0,381199.0,0.36,137233.1,18
2026-09-10T07:00:00+00:00,381076.0,381076.0,379212.0,379848.0,1.3540244539147046,514076.756,13
2026-09-10T08:00:00+00:00,379815.0,380850.0,379534.0,379534.0,2.6501,1006747.0432,21
2026-09-10T09:00:00+00:00,380250.0,381313.0,379000.0,380136.0,7.111566538291559,2698741.5878,47
2026-09-10T10:00:00+00:00,380048.0,380732.0,379433.0,380732.0,5.0388118133384,1917352.8667,16
2026-09-10T11:00:00+00:00,378998.0,379794.0,378998.0,379793.0,0.2286,86758.2506,3
2026-09-10T12:00:00+00:00,379100.0,379100.0,372682.0,372682.0,7.814417742695884,2934359.9837,58
2026-09-10T13:00:00+00:00,374256.0,374326.0,372500.0,374326.0,2.5234699243298704,943895.4039,27
2026-09-10T14:00:00+00:00,376437.0,376437.0,376437.0,376437.0,0.03320608760562856,12500.0,1
2026-09-10T15:00:00+00:00,375907.0,375916.0,375571.0,375571.0,0.1118650449582103,42050.4674,4
2026-09-10T16:00:00+00:00,377057.0,377059.0,377057.0,377059.0,0.07956336488454062,30000.0,3
2026-09-10T17:00:00+00:00,377059.0,377059.0,377059.0,377059.0,0.0,0.0,0
2026-09-10T18:00:00+00:00,377059.0,377059.0,377059.0,377059.0,0.0,0.0,0
2026-09-10T19:00:00+00:00,377059.0,377059.0,377059.0,377059.0,0.0,0.0,0
2026-09-10T20:00:00+00:00,377059.0,377059.0,377059.0,377059.0,0.0,0.0,0
2026-09-10T21:00:00+00:00,380482.0,380482.0,380482.0,380482.0,0.003067162178499902,1166.9999999999998,2
2026-09-10T22:00:00+00:00,380254.0,380254.0,380254.0,380254.0,0.013149105597837236,5000.0,1
2026-09-10T23:00:00+00:00,377720.0,377720.0,377212.0,377212.0,0.0476,17968.1436,2
2026-09-11T00:00:00+00:00,377397.0,379768.0,376724.0,379768.0,1.9594990706890074,740580.0688,11
2026-09-11T01:00:00+00:00,380257.0,380257.0,378566.0,378566.0,0.7501668203346684,283992.1521,7
2026-09-11T02:00:00+00:00,378938.0,379300.0,378309.0,378309.0,1.478,560264.1515,7
2026-09-11T03:00:00+00:00,377890.0,378521.0,377725.0,378521.0,1.0858085826149673,410813.92,7
2026-09-11T04:00:00+00:00,378215.0,380407.0,378215.0,380407.0,12.233090208083922,4643484.9338,30
2026-09-11T05:00:00+00:00,379934.0,381000.0,379570.0,380703.0,7.9392,3023554.5882,17
2026-09-11T06:00:00+00:00,381215.0,382273.0,381188.0,381188.0,12.889212851676145,4925000.0,12
2026-09-11T07:00:00+00:00,381023.0,381740.0,381023.0,381102.0,21.44725840100592,8182634.1182,25
2026-09-11T08:00:00+00:00,381127.0,387591.0,381023.0,381023.0,30.810352731593156,11780306.3925,56
2026-09-11T09:00:00+00:00,382653.0,394998.0,381023.0,394998.0,55.040289767154604,21047532.545,145
2026-09-11T10:00:00+00:00,381805.0,382354.0,381023.0,381023.0,21.42927998175353,8167843.7096,22
2026-09-11T11:00:00+00:00,380000.0,380000.0,378884.0,378884.0,1.4201,539559.345,4
2026-09-11T12:00:00+00:00,378555.0,386000.0,378474.0,386000.0,2.4252,929289.7461,26
2026-09-11T13:00:00+00:00,386000.0,404921.0,386000.0,404170.0,14.0188,5581371.3686,107
2026-09-11T14:00:00+00:00,404416.0,408826.0,397173.0,400091.0,5.39222015045701,2173492.5715,51
2026-09-11T15:00:00+00:00,401500.0,402205.0,394069.0,394296.0,1.6429,657916.262,23
2026-09-11T16:00:00+00:00,391748.0,397178.0,391748.0,397178.0,0.0473,18617.6164,5
2026-09-11T17:00:00+00:00,396980.0,396980.0,394641.0,394641.0,0.1918,75866.4686,7
2026-09-11T18:00:00+00:00,390000.0,392172.0,389895.0,392172.0,1.9504,761514.8623,16
2026-09-11T19:00:00+00:00,389914.0,389914.0,389914.0,389914.0,0.0133,5185.8562,1
2026-09-11T20:00:00+00:00,391232.0,391232.0,388993.0,389140.0,0.12142790769388909,47280.6062,4
2026-09-11T21:00:00+00:00,388704.0,388704.0,387610.0,387610.0,0.9130726516835432,354028.705,6
2026-09-11T22:00:00+00:00,386661.0,387756.0,386162.0,386162.0,0.6341210472565222,244984.4798,7
2026-09-11T23:00:00+00:00,386943.0,386994.0,386943.0,386991.0,0.9527,368652.1461,7
2026-09-12T00:00:00+00:00,386991.0,386991.0,386991.0,386991.0,0.0,0.0,0
2026-09-12T01:00:00+00:00,386991.0,386991.0,386991.0,386991.0,0.0,0.0,0
2026-09-12T02:00:00+00:00,387259.0,388188.0,387259.0,388188.0,5.129408769977434,1990000.0,8
2026-09-12T03:00:00+00:00,387435.0,387917.0,386691.0,386883.0,25.600390920531556,9925484.8365,23
2026-09-12T04:00:00+00:00,386756.0,387807.0,386756.0,387807.0,4.7882150141694195,1856351.2,5
2026-09-12T05:00:00+00:00,386912.0,387315.0,386647.0,386647.0,6.931192440261802,2684052.4,9
2026-09-12T06:00:00+00:00,387660.0,387660.0,387654.0,387654.0,0.4351,168670.4554,3
2026-09-12T07:00:00+00:00,388650.0,388672.0,388354.0,388354.0,0.7096370821669685,275712.823,4
2026-09-12T08:00:00+00:00,388399.0,405036.0,388399.0,390472.0,27.533803572186255,10830070.5745,50
2026-09-12T09:00:00+00:00,389824.0,395000.0,389380.0,389380.0,3.354975154897974,1313829.481,21
2026-09-12T10:00:00+00:00,390395.0,390395.0,390395.0,390395.0,0.00896527875613161,3500.0,1
2026-09-12T11:00:00+00:00,390000.0,393000.0,389897.0,391024.0,8.324112977099237,3261684.6821,25
2026-09-12T12:00:00+00:00,391123.0,393499.0,391123.0,391171.0,2.4198127644685017,950555.0,6
2026-09-12T13:00:00+00:00,391045.0,391045.0,390847.0,390847.0,0.72,281449.44,9
2026-09-12T14:00:00+00:00,391636.0,391636.0,390932.0,390932.0,2.0339729728946003,795268.202,18
2026-09-12T15:00:00+00:00,390825.0,390825.0,390000.0,390000.0,0.577517161476505,225250.98,5
2026-09-12T16:00:00+00:00,390000.0,390000.0,390000.0,390000.0,0.4,156000.0,1
2026-09-12T17:00:00+00:00,390000.0,390000.0,390000.0,390000.0,0.5584,217776.0,3
2026-09-12T18:00:00+00:00,390000.0,390000.0,390000.0,390000.0,0.0,0.0,0
2026-09-12T19:00:00+00:00,390000.0,390000.0,390000.0,390000.0,0.0,0.0,0
2026-09-12T20:00:00+00:00,390000.0,390000.0,390000.0,390000.0,0.0,0.0,0
2026-09-12T21:00:00+00:00,390000.0,390000.0,390000.0,390000.0,0.0,0.0,0
2026-09-12T22:00:00+00:00,390000.0,390000.0,390000.0,390000.0,0.0,0.0,0
2026-09-12T23:00:00+00:00,389004.0,389004.0,389004.0,389004.0,0.002570667653803045,999.9999999999998,1
2026-09-13T00:00:00+00:00,388683.0,388683.0,388650.0,388650.0,0.5255,204242.5532,4
2026-09-13T01:00:00+00:00,388576.0,388663.0,388094.0,388663.0,12.047615630764955,4678301.7988,64
2026-09-13T02:00:00+00:00,388154.0,388154.0,388154.0,388154.0,0.2,77630.8,1
2026-09-13T03:00:00+00:00,388154.0,388154.0,388154.0,388154.0,0.0,0.0,0
2026-09-13T04:00:00+00:00,387979.0,388000.0,387979.0,388000.0,0.15463938092783505,60000.0,2
2026-09-13T05:00:00+00:00,387835.0,388000.0,387835.0,388000.0,2.0998491144329896,814740.311,8
2026-09-13T06:00:00+00:00,388000.0,388000.0,385967.0,385967.0,3.3092,1278968.3213,29
2026-09-13T07:00:00+00:00,386035.0,386438.0,385982.0,386429.0,5.6318,2175484.6817,40
2026-09-13T08:00:00+00:00,387572.0,387572.0,384093.0,384093.0,0.3281,126076.9851,8
2026-09-13T09:00:00+00:00,383500.0,383500.0,380500.0,382359.0,0.9807386735958522,374880.9714,10
2026-09-13T10:00:00+00:00,381363.0,381363.0,381029.0,381148.0,1.3534,515810.0558,7
2026-09-13T11:00:00+00:00,380217.0,381218.0,380032.0,380518.0,1.3559,516294.5726,12
2026-09-13T12:00:00+00:00,380855.0,380855.0,380782.0,380782.0,0.1272,48442.7704,2
2026-09-13T13:00:00+00:00,380099.0,380725.0,379000.0,379000.0,0.4657,176583.3325,5
2026-09-13T14:00:00+00:00,379000.0,379000.0,379000.0,379000.0,0.0,0.0,0
2026-09-13T15:00:00+00:00,382069.0,382069.0,382069.0,382069.0,0.0025,955.1725,1
2026-09-13T16:00:00+00:00,385151.0,385151.0,384654.0,384654.0,0.02689819213762914,10347.1424,2
2026-09-13T17:00:00+00:00,384654.0,384654.0,384654.0,384654.0,0.0,0.0,0
2026-09-13T18:00:00+00:00,384654.0,384654.0,384654.0,384654.0,0.0,0.0,0
2026-09-13T19:00:00+00:00,385999.0,385999.0,385277.0,385277.0,0.09879553516041704,38133.1038,3
2026-09-13T20:00:00+00:00,385277.0,385277.0,385277.0,385277.0,0.0,0.0,0
2026-09-13T21:00:00+00:00,386118.0,386523.0,386032.0,386032.0,0.01731810459918142,6686.1179999999995,4
2026-09-13T22:00:00+00:00,382431.0,382431.0,381592.0,381592.0,0.3,114648.8399,2
2026-09-13T23:00:00+00:00,381430.0,381430.0,380855.0,380938.0,1.3466625462076922,512991.8416,16
2026-09-14T00:00:00+00:00,380000.0,380000.0,380000.0,380000.0,2.0,760000.0,4
2026-09-14T01:00:00+00:00,382945.0,394200.0,381067.0,381067.0,21.23205053242239,8178410.7223,24
2026-09-14T02:00:00+00:00,383283.0,386739.0,383130.0,386739.0,3.2926,1267573.1296,30
2026-09-14T03:00:00+00:00,387648.0,389343.0,387222.0,388183.0,12.498423350139806,4853623.2597,45
2026-09-14T04:00:00+00:00,387731.0,388524.0,387720.0,387720.0,25.93404852623578,10068014.16,45
2026-09-14T05:00:00+00:00,387423.0,387623.0,387046.0,387623.0,2.4421,946131.4996,13
2026-09-14T06:00:00+00:00,388092.0,389943.0,388092.0,388458.0,4.467608505498467,1740337.6001,26
2026-09-14T07:00:00+00:00,388451.0,389543.0,388451.0,389543.0,0.0212,8239.3108,2
2026-09-14T08:00:00+00:00,390085.0,391466.0,390041.0,390400.0,14.262882137296758,5571586.1269,26
2026-09-14T09:00:00+00:00,389545.0,391841.0,389526.0,391813.0,7.482468971853379,2925998.529,31
2026-09-14T10:00:00+00:00,391138.0,391138.0,389353.0,389353.0,7.707467305001367,3009165.8721,16
2026-09-14T11:00:00+00:00,389466.0,389911.0,388753.0,388753.0,2.5395,989277.3342,15
2026-09-14T12:00:00+00:00,387951.0,390131.0,387717.0,390131.0,4.823,1875645.4443,32
2026-09-14T13:00:00+00:00,387868.0,390573.0,387412.0,389757.0,18.232819857500957,7092815.8417,50
2026-09-14T14:00:00+00:00,387300.0,387339.0,387300.0,387339.0,0.1801,69752.964,4
2026-09-14T15:00:00+00:00,387339.0,387339.0,387339.0,387339.0,0.0,0.0,0
2026-09-14T16:00:00+00:00,387902.0,390817.0,387902.0,390520.0,0.3206666469202602,125119.0431,9
2026-09-14T17:00:00+00:00,390520.0,390520.0,390520.0,390520.0,0.0,0.0,0
2026-09-14T18:00:00+00:00,391999.0,392000.0,391999.0,392000.0,0.101,39591.999,2
2026-09-14T19:00:00+00:00,392000.0,393092.0,392000.0,393092.0,0.162,63506.072,3
2026-09-14T20:00:00+00:00,393100.0,403000.0,393100.0,399772.0,8.12198906940228,3213479.0478,61
2026-09-14T21:00:00+00:00,395584.0,395584.0,393752.0,393752.0,0.7482598851318557,294970.5255,7
2026-09-14T22:00:00+00:00,394377.0,394377.0,391436.0,391436.0,0.0214,8429.9625,2
2026-09-14T23:00:00+00:00,390000.0,390000.0,388971.0,388971.0,2.9909,1164888.1056,15
2026-09-15T00:00:00+00:00,388217.0,389612.0,388217.0,389612.0,1.3988182910588665,544956.8,13
2026-09-15T01:00:00+00:00,388079.0,391133.0,387712.0,391133.0,22.52185588121751,8793154.3609,74
2026-09-15T02:00:00+00:00,390416.0,391355.0,389558.0,390081.0,5.904414966548778,2307955.5349,19
2026-09-15T03:00:00+00:00,388849.0,388849.0,387000.0,388545.0,18.406302304497505,7143379.1469,40
2026-09-15T04:00:00+00:00,387327.0,387328.0,385861.0,385861.0,2.9542652480038156,1142382.8762,25
2026-09-15T05:00:00+00:00,385860.0,386140.0,384081.0,386140.0,2.6204,1011356.6343,17
2026-09-15T06:00:00+00:00,386189.0,387058.0,386189.0,386290.0,22.485385669863735,8692004.206,19
2026-09-15T07:00:00+00:00,385480.0,386227.0,385160.0,385160.0,13.976413430961586,5391014.944,18
2026-09-15T08:00:00+00:00,384246.0,384705.0,384012.0,384692.0,4.995922902434539,1920818.6756,22
2026-09-15T09:00:00+00:00,384914.0,384914.0,384914.0,384914.0,0.0519,19977.0366,1
2026-09-15T10:00:00+00:00,384718.0,385915.0,384264.0,385915.0,12.98794106594967,5000403.227,21
2026-09-15T11:00:00+00:00,385732.0,385732.0,383542.0,383542.0,1.3153,505069.5924,6
2026-09-15T12:00:00+00:00,384306.0,384306.0,384306.0,384306.0,0.1578,60643.4868,1
2026-09-15T13:00:00+00:00,385360.0,385360.0,379144.0,379913.0,7.752,2954435.9312,27
2026-09-15T14:00:00+00:00,381386.0,381968.0,370937.0,370937.0,7.92895897869016,3001613.2954,57
2026-09-15T15:00:00+00:00,373719.0,377608.0,373719.0,377463.0,5.589244503294422,2097640.9558,40
2026-09-15T16:00:00+00:00,377463.0,377463.0,377463.0,377463.0,0.0,0.0,0
2026-09-15T17:00:00+00:00,377463.0,377463.0,377463.0,377463.0,0.0,0.0,0
2026-09-15T18:00:00+00:00,377474.0,378691.0,367500.0,369566.0,7.331,2726353.4556,45
2026-09-15T19:00:00+00:00,372975.0,372975.0,372975.0,372975.0,0.0268,9995.73,1
2026-09-15T20:00:00+00:00,375206.0,375206.0,373854.0,374491.0,0.08972918331118782,33622.0,4
2026-09-15T21:00:00+00:00,372632.0,372632.0,371301.0,371301.0,0.12113612786878207,45013.6843,2
2026-09-15T22:00:00+00:00,371301.0,371301.0,371301.0,371301.0,0.0,0.0,0
2026-09-15T23:00:00+00:00,374118.0,374118.0,374118.0,374118.0,0.002405658107869709,899.9999999999998,1
2026-09-16T00:00:00+00:00,374118.0,374118.0,374118.0,374118.0,0.0,0.0,0
2026-09-16T01:00:00+00:00,373000.0,373300.0,372793.0,373300.0,0.1232,45956.567,5
2026-09-16T02:00:00+00:00,371738.0,374972.0,371647.0,374972.0,12.590819591062798,4714245.8347,20
2026-09-16T03:00:00+00:00,373675.0,374511.0,373648.0,374511.0,4.7659,1784011.1391,14
2026-09-16T04:00:00+00:00,373967.0,375122.0,373967.0,375122.0,9.534,3568910.9638,25
2026-09-16T05:00:00+00:00,373967.0,374110.0,373411.0,373412.0,94.9685,35513565.7436,137
2026-09-16T06:00:00+00:00,373412.0,373723.0,372500.0,372500.0,0.1531,57138.364,8
2026-09-16T07:00:00+00:00,372638.0,373110.0,371540.0,371540.0,2.6114420422931577,972408.1768,13
2026-09-16T08:00:00+00:00,371703.0,373505.0,370001.0,373505.0,4.85070961036096,1800186.6872,30
2026-09-16T09:00:00+00:00,373630.0,373775.0,372952.0,372952.0,2.092335984365271,781336.9704,13
2026-09-16T10:00:00+00:00,372925.0,374000.0,372925.0,374000.0,1.1788,440698.1324,6
2026-09-16T11:00:00+00:00,373185.0,377135.0,373185.0,377135.0,6.255362211940022,2351693.422,31
2026-09-16T12:00:00+00:00,375529.0,375529.0,373152.0,374227.0,0.2228,83570.9212,4
2026-09-16T13:00:00+00:00,373027.0,373076.0,371500.0,371500.0,2.893,1076256.1192,26
2026-09-16T14:00:00+00:00,371500.0,371971.0,370001.0,370001.0,1.6887838162114788,626570.7804,11
2026-09-16T15:00:00+00:00,371040.0,373044.0,370001.0,373044.0,5.3134,1976007.5382,15
2026-09-16T16:00:00+00:00,372308.0,372308.0,371536.0,371536.0,0.1601,59483.6856,2
2026-09-16T17:00:00+00:00,370001.0,370001.0,368888.0,368888.0,2.0946,773891.0212,10
2026-09-16T18:00:00+00:00,370938.0,377133.0,369189.0,373184.0,7.53315610647768,2800699.6879,44
2026-09-16T19:00:00+00:00,376133.0,376133.0,376133.0,376133.0,0.001063453618799733,400.0,1
2026-09-16T20:00:00+00:00,377326.0,377326.0,377326.0,377326.0,0.002650228184646698,1000.0,1
2026-09-16T21:00:00+00:00,377215.0,377236.0,375172.0,375172.0,0.038684831076853894,14513.6392,3
2026-09-16T22:00:00+00:00,375172.0,375172.0,375172.0,375172.0,0.0,0.0,0
2026-09-16T23:00:00+00:00,375172.0,375172.0,375172.0,375172.0,0.0,0.0,0
2026-09-17T00:00:00+00:00,377958.0,378283.0,377958.0,378148.0,3.4367,1299021.9236,22
2026-09-17T01:00:00+00:00,378263.0,382269.0,378263.0,380607.0,20.987447873059136,7983309.5592,79
2026-09-17T02:00:00+00:00,379410.0,380000.0,378093.0,380000.0,2.0538988293266085,779693.3052,8
2026-09-17T03:00:00+00:00,380000.0,381026.0,380000.0,380374.0,3.3189,1263220.6658,11
2026-09-17T04:00:00+00:00,379139.0,379139.0,379139.0,379139.0,0.081,30710.259,1
2026-09-17T05:00:00+00:00,380932.0,381994.0,379887.0,379887.0,11.9352096331356,4553360.7263,43
2026-09-17T06:00:00+00:00,380001.0,380754.0,380001.0,380496.0,3.7337,1420440.2017,11
2026-09-17T07:00:00+00:00,381238.0,381238.0,380065.0,380065.0,4.7117,1793934.8427,14
2026-09-17T08:00:00+00:00,380065.0,380065.0,380065.0,380065.0,0.0,0.0,0
2026-09-17T09:00:00+00:00,381386.0,381481.0,380500.0,380500.0,1.3912,529908.9458,24
2026-09-17T10:00:00+00:00,378857.0,378925.0,378857.0,378925.0,0.4745,179774.3697,3
2026-09-17T11:00:00+00:00,378925.0,378925.0,378925.0,378925.0,0.0,0.0,0
2026-09-17T12:00:00+00:00,380538.0,383012.0,380538.0,382466.0,2.2823,868677.007,24
2026-09-17T13:00:00+00:00,379347.0,382648.0,379347.0,382648.0,0.042,15998.594,2
2026-09-17T14:00:00+00:00,383660.0,384851.0,383660.0,384851.0,0.063,24232.585,3
2026-09-17T15:00:00+00:00,381854.0,384954.0,381447.0,384954.0,2.3984153053261195,917164.5451,21
2026-09-17T16:00:00+00:00,383325.0,383325.0,383325.0,383325.0,0.0227,8701.4775,1
2026-09-17T17:00:00+00:00,385956.0,385956.0,385522.0,385522.0,0.23859720943345228,92044.0,4
2026-09-17T18:00:00+00:00,385522.0,385522.0,385522.0,385522.0,0.0,0.0,0
2026-09-17T19:00:00+00:00,382635.0,382635.0,382045.0,382045.0,0.032617492703739086,12479.05,2
2026-09-17T20:00:00+00:00,382045.0,382045.0,382045.0,382045.0,0.0,0.0,0
2026-09-17T21:00:00+00:00,382445.0,382445.0,382445.0,382445.0,0.001045902025127796,399.99999999999994,1
2026-09-17T22:00:00+00:00,381561.0,381561.0,381258.0,381258.0,0.0501,19116.1758,2
2026-09-17T23:00:00+00:00,381258.0,381258.0,381258.0,381258.0,0.0,0.0,0
2026-09-18T00:00:00+00:00,380617.0,380617.0,380526.0,380526.0,1.0864,413478.317,9
2026-09-18T01:00:00+00:00,382665.0,385740.0,382665.0,383784.0,13.991853186270662,5384378.4,35
2026-09-18T02:00:00+00:00,383732.0,386300.0,383283.0,385654.0,1.9969,768983.6806,16
2026-09-18T03:00:00+00:00,386232.0,389288.0,386232.0,389288.0,3.8545,1492774.6848,29
2026-09-18T04:00:00+00:00,389288.0,389718.0,387497.0,389718.0,4.294824918291338,1672341.6153,23
2026-09-18T05:00:00+00:00,389347.0,391754.0,389250.0,389250.0,11.269400139378536,4403203.8898,46
2026-09-18T06:00:00+00:00,390233.0,390233.0,390233.0,390233.0,0.109,42535.397,1
2026-09-18T07:00:00+00:00,390429.0,392299.0,390429.0,392000.0,2.611,1021854.3796,25
2026-09-18T08:00:00+00:00,392500.0,394955.0,391205.0,394149.0,3.7590662826958567,1477842.671,25
2026-09-18T09:00:00+00:00,395000.0,397000.0,395000.0,396514.0,4.805841276414541,1900115.637,47
2026-09-18T10:00:00+00:00,397189.0,398365.0,396106.0,396106.0,7.865875534405922,3125225.7312,48
2026-09-18T11:00:00+00:00,396105.0,397428.0,394253.0,396009.0,7.1244,2820980.2505,34
2026-09-18T12:00:00+00:00,395100.0,395890.0,394221.0,394238.0,4.8317,1908830.8319,27
2026-09-18T13:00:00+00:00,394000.0,405812.0,392832.0,405812.0,8.661,3442025.926,54
2026-09-18T14:00:00+00:00,404022.0,405999.0,402239.0,405867.0,4.509302802014883,1826225.747,44
2026-09-18T15:00:00+00:00,405207.0,405900.0,402898.0,402898.0,1.5988892640123065,645902.0155,17
2026-09-18T16:00:00+00:00,405000.0,408495.0,405000.0,406640.0,2.9233,1192307.8503,20
2026-09-18T17:00:00+00:00,405524.0,407251.0,405524.0,405743.0,4.2932,1743152.8048,21
2026-09-18T18:00:00+00:00,408500.0,410000.0,408500.0,410000.0,1.619,663700.0,8
2026-09-18T19:00:00+00:00,410308.0,412500.0,410308.0,412500.0,4.2915,1768074.3188,20
2026-09-18T20:00:00+00:00,410821.0,411328.0,410821.0,411328.0,0.0061,2506.1602,2
2026-09-18T21:00:00+00:00,411570.0,412721.0,410577.0,410577.0,2.269874609414801,935162.8668,22
2026-09-18T22:00:00+00:00,411021.0,412719.0,411021.0,412706.0,2.1604,891283.1673,16
2026-09-18T23:00:00+00:00,409271.0,409271.0,409261.0,409261.0,0.00269908566904738,1104.6354999999999,2
2026-09-19T00:00:00+00:00,409472.0,409472.0,409472.0,409472.0,0.0197,8066.5984,1
2026-09-19T01:00:00+00:00,410014.0,420000.0,409027.0,420000.0,13.876427735165892,5763754.5596,48
2026-09-19T02:00:00+00:00,409372.0,417500.0,408713.0,410658.0,12.186896175568862,5001743.792,52
2026-09-19T03:00:00+00:00,411036.0,411204.0,410133.0,410133.0,0.8527,350522.9987,9
2026-09-19T04:00:00+00:00,409767.0,409767.0,409767.0,409767.0,0.1,40976.7,1
2026-09-19T05:00:00+00:00,411535.0,412327.0,411534.0,412327.0,0.2509,103255.7121,3
2026-09-19T06:00:00+00:00,411358.0,412274.0,411358.0,412274.0,1.1631,478712.887,3
2026-09-19T07:00:00+00:00,412015.0,412390.0,410823.0,411266.0,2.209,909621.8754,20
2026-09-19T08:00:00+00:00,411266.0,415505.0,411266.0,415505.0,3.9777,1644518.9254,30
2026-09-19T09:00:00+00:00,414584.0,414584.0,414583.0,414583.0,0.2381,98712.3667,3
2026-09-19T10:00:00+00:00,414583.0,414583.0,414583.0,414583.0,0.0,0.0,0
2026-09-19T11:00:00+00:00,413900.0,413900.0,413900.0,413900.0,0.01,4139.0,1
2026-09-19T12:00:00+00:00,413006.0,414332.0,413006.0,414332.0,0.040399198710213066,16708.067,3
2026-09-19T13:00:00+00:00,413300.0,413300.0,413300.0,413300.0,0.02,8266.0,1
2026-09-19T14:00:00+00:00,413300.0,413300.0,413300.0,413300.0,0.0,0.0,0
2026-09-19T15:00:00+00:00,414034.0,414791.0,414034.0,414791.0,0.020964341077795805,8680.68,2
2026-09-19T16:00:00+00:00,414791.0,414791.0,414791.0,414791.0,0.0,0.0,0
2026-09-19T17:00:00+00:00,414949.0,416265.0,414949.0,416265.0,0.501,208501.6217,7
2026-09-19T18:00:00+00:00,413325.0,413325.0,413325.0,413325.0,0.183,75638.475,1
2026-09-19T19:00:00+00:00,413325.0,413325.0,413325.0,413325.0,0.0,0.0,0
2026-09-19T20:00:00+00:00,413192.0,413192.0,413192.0,413192.0,9.9227477782724e-05,40.9999999999993,2
2026-09-19T21:00:00+00:00,411750.0,411750.0,411750.0,411750.0,0.2899,119366.325,5
2026-09-19T22:00:00+00:00,411746.0,412201.0,410281.0,412201.0,0.03524632166305592,14468.169399999999,5
2026-09-19T23:00:00+00:00,412265.0,412265.0,412130.0,412132.0,0.7434851248590106,306413.3287,4
2026-09-20T00:00:00+00:00,411232.0,411523.0,411232.0,411374.0,0.0801,32950.135,3
2026-09-20T01:00:00+00:00,411062.0,411062.0,410000.0,410001.0,1.0838,444378.8186,7
2026-09-20T02:00:00+00:00,410001.0,410001.0,403500.0,403500.0,8.4411,3444194.7852,67
2026-09-20T03:00:00+00:00,404260.0,405898.0,403500.0,405898.0,0.6872,277500.3281,17
2026-09-20T04:00:00+00:00,405898.0,405898.0,404653.0,404653.0,0.2988,121045.7724,3
2026-09-20T05:00:00+00:00,405274.0,405696.0,404001.0,404001.0,3.8002,1540758.2597,28
2026-09-20T06:00:00+00:00,404135.0,404136.0,404001.0,404113.0,7.6693,3098419.4811,44
2026-09-20T07:00:00+00:00,404113.0,404113.0,404113.0,404113.0,0.0,0.0,0
2026-09-20T08:00:00+00:00,405128.0,405128.0,405128.0,405128.0,0.009,3646.152,1
2026-09-20T09:00:00+00:00,405025.0,405174.0,405025.0,405174.0,0.1394,56469.406,3
2026-09-20T10:00:00+00:00,404250.0,404728.0,403352.0,403352.0,0.96,388170.876,8
2026-09-20T11:00:00+00:00,403352.0,403352.0,403352.0,403352.0,0.0,0.0,0
2026-09-20T12:00:00+00:00,404612.0,404612.0,404612.0,404612.0,0.0024,971.0688,1
2026-09-20T13:00:00+00:00,405363.0,405363.0,405363.0,405363.0,0.001,405.363,1
2026-09-20T14:00:00+00:00,405000.0,405000.0,404836.0,404836.0,3.9554396031973442,1601953.0,27
2026-09-20T15:00:00+00:00,407182.0,408601.0,407182.0,408601.0,0.0406,16564.6603,3
2026-09-20T16:00:00+00:00,410000.0,414909.0,410000.0,414909.0,1.2353201033527106,507107.09,23
2026-09-20T17:00:00+00:00,413390.0,413390.0,411173.0,411770.0,0.02077932212877921,8546.1211,4
2026-09-20T18:00:00+00:00,411770.0,411770.0,411770.0,411770.0,0.0,0.0,0
2026-09-20T19:00:00+00:00,411770.0,411770.0,411770.0,411770.0,0.0,0.0,0
2026-09-20T20:00:00+00:00,411770.0,411770.0,411770.0,411770.0,0.0,0.0,0
2026-09-20T21:00:00+00:00,410979.0,412117.0,410010.0,411343.0,5.0712457920930225,2082210.5368,17
2026-09-20T22:00:00+00:00,414092.0,414092.0,414000.0,414000.0,1.2437,514894.0172,11
2026-09-20T23:00:00+00:00,414000.0,414000.0,414000.0,414000.0,3.0,1242000.0,25
2026-09-21T00:00:00+00:00,415000.0,422500.0,415000.0,422500.0,5.4552656131227195,2292218.0704,40
2026-09-21T01:00:00+00:00,421513.0,421513.0,415000.0,415000.0,2.5497760308480766,1060880.6704,31
2026-09-21T02:00:00+00:00,416516.0,417584.0,416516.0,416881.0,3.365,1403647.8907,17
2026-09-21T03:00:00+00:00,417787.0,418365.0,417787.0,418287.0,1.2189,509535.0833,9
2026-09-21T04:00:00+00:00,417600.0,418584.0,417600.0,418330.0,1.1947,499975.518,9
2026-09-21T05:00:00+00:00,417259.0,418667.0,417259.0,418666.0,0.1728,72109.5335,3
2026-09-21T06:00:00+00:00,418640.0,427000.0,417897.0,417922.0,11.767914017330211,4978678.1179,41
2026-09-21T07:00:00+00:00,418257.0,418997.0,416197.0,417555.0,2.3864313750891997,997255.6777,25
2026-09-21T08:00:00+00:00,418768.0,423476.0,418768.0,421999.0,2.126,898699.7715,34
2026-09-21T09:00:00+00:00,421999.0,438999.0,421999.0,428454.0,17.54256092610013,7554248.9567,119
2026-09-21T10:00:00+00:00,427922.0,427922.0,425821.0,426464.0,3.793886718022181,1617677.3579,37
2026-09-21T11:00:00+00:00,426870.0,429000.0,426800.0,429000.0,3.0764,1316905.8437,41
2026-09-21T12:00:00+00:00,429000.0,429000.0,428442.0,429000.0,1.0956,470012.2326,16
2026-09-21T13:00:00+00:00,430000.0,431000.0,429608.0,429659.0,0.1452,62436.6712,8
2026-09-21T14:00:00+00:00,429601.0,433626.0,427004.0,431370.0,4.3358,1868192.2674,49
2026-09-21T15:00:00+00:00,431697.0,434040.0,430891.0,434040.0,5.1818,2234425.5356,50
2026-09-21T16:00:00+00:00,434040.0,434040.0,434040.0,434040.0,0.0,0.0,0
2026-09-21T17:00:00+00:00,433174.0,433577.0,433174.0,433577.0,0.8193172147046546,355000.0,6
2026-09-21T18:00:00+00:00,433577.0,433577.0,433577.0,433577.0,0.0,0.0,0
2026-09-21T19:00:00+00:00,434000.0,435562.0,434000.0,435562.0,0.2452,106797.342,6
2026-09-21T20:00:00+00:00,435699.0,440345.0,435699.0,438451.0,24.982588834249096,10984623.3852,149
2026-09-21T21:00:00+00:00,437590.0,437590.0,435781.0,437088.0,5.578367372893604,2439175.4516,42
2026-09-21T22:00:00+00:00,437104.0,437104.0,436756.0,436756.0,0.3,131061.6,2
2026-09-21T23:00:00+00:00,437539.0,438315.0,437539.0,437679.0,0.2626073212187582,114979.8977,7
2026-09-22T00:00:00+00:00,435156.0,435979.0,432321.0,432397.0,3.8932643196117245,1689633.856,30
2026-09-22T01:00:00+00:00,432590.0,442495.0,430272.0,433918.0,36.271071914361464,15871550.5503,91
2026-09-22T02:00:00+00:00,433452.0,439010.0,432862.0,439010.0,6.045178474294435,2627128.3922,24
2026-09-22T03:00:00+00:00,431202.0,431202.0,430414.0,430414.0,3.5642,1534089.4588,26
2026-09-22T04:00:00+00:00,430414.0,431358.0,430414.0,431358.0,1.3158614886011155,567393.5997,12
2026-09-22T05:00:00+00:00,430000.0,431939.0,430000.0,431895.0,3.5329,1522879.6593,23
2026-09-22T06:00:00+00:00,430100.0,431134.0,430100.0,431055.0,2.5973,1118430.7046,18
2026-09-22T07:00:00+00:00,430948.0,431304.0,430948.0,431304.0,0.23,99128.72,2
2026-09-22T08:00:00+00:00,431254.0,433526.0,431179.0,433526.0,3.2359,1400212.9451,24
2026-09-22T09:00:00+00:00,432958.0,436090.0,432958.0,436090.0,1.1466,497165.894,5
2026-09-22T10:00:00+00:00,431712.0,433201.0,431712.0,432360.0,0.23249239452355835,100606.6336,4
2026-09-22T11:00:00+00:00,432360.0,432360.0,432360.0,432360.0,0.0,0.0,0
2026-09-22T12:00:00+00:00,431217.0,433000.0,430694.0,433000.0,0.7222189376443418,311261.6885,11
2026-09-22T13:00:00+00:00,433000.0,434289.0,432999.0,434289.0,0.031281062355658196,13557.58,5
2026-09-22T14:00:00+00:00,434936.0,434936.0,428888.0,431198.0,3.2065,1376382.5354,37
2026-09-22T15:00:00+00:00,433324.0,433585.0,433044.0,433489.0,2.0708,897345.1376,18
2026-09-22T16:00:00+00:00,433489.0,433489.0,433489.0,433489.0,0.0,0.0,0
2026-09-22T17:00:00+00:00,433489.0,433489.0,433489.0,433489.0,0.0,0.0,0
2026-09-22T18:00:00+00:00,433621.0,433621.0,433399.0,433399.0,0.44602246454853434,193315.4949,5
2026-09-22T19:00:00+00:00,434954.0,434954.0,434954.0,434954.0,0.0186,8090.1444,1
2026-09-22T20:00:00+00:00,434275.0,434275.0,433880.0,433880.0,0.4023026883886938,174552.0,3
2026-09-22T21:00:00+00:00,433722.0,433722.0,433722.0,433722.0,0.002075061906013529,899.9999999999998,1
2026-09-22T22:00:00+00:00,433880.0,433880.0,433880.0,433880.0,0.6,260328.0,3
2026-09-22T23:00:00+00:00,434546.0,437833.0,434546.0,437833.0,1.1944,520794.6286,13
2026-09-23T00:00:00+00:00,433320.0,436104.0,433319.0,436104.0,0.3711972012040494,160847.639,5
2026-09-23T01:00:00+00:00,437072.0,437072.0,433223.0,434972.0,0.2519991250034555,109604.7274,5
2026-09-23T02:00:00+00:00,435992.0,436000.0,435992.0,436000.0,0.0554,24154.392,2
2026-09-23T03:00:00+00:00,436000.0,439230.0,436000.0,437513.0,3.0793090118898414,1344831.583,26
2026-09-23T04:00:00+00:00,438102.0,439958.0,438102.0,439958.0,0.5130311034235087,225606.0632,4
2026-09-23T05:00:00+00:00,439958.0,439958.0,439958.0,439958.0,0.0,0.0,0
2026-09-23T06:00:00+00:00,435981.0,435981.0,435981.0,435981.0,0.0052,2267.1012,1
2026-09-23T07:00:00+00:00,433857.0,433857.0,432930.0,432930.0,0.0296,12816.7674,2
2026-09-23T08:00:00+00:00,434411.0,434931.0,433358.0,433358.0,5.949,2582308.3867,34
2026-09-23T09:00:00+00:00,433390.0,439992.0,433390.0,433988.0,16.207261530781714,7075675.776,18
2026-09-23T10:00:00+00:00,432476.0,432487.0,432476.0,432487.0,0.4736245340781916,204836.203,3
2026-09-23T11:00:00+00:00,431448.0,433000.0,431448.0,431896.0,2.8914,1248760.9758,9
2026-09-23T12:00:00+00:00,431723.0,432269.0,429935.0,429935.0,3.568321424217556,1539095.6191,13
2026-09-23T13:00:00+00:00,429472.0,430856.0,428405.0,430856.0,3.1209,1339452.5259,20
2026-09-23T14:00:00+00:00,430929.0,432091.0,422000.0,424686.0,8.3478,3560180.6343,46
2026-09-23T15:00:00+00:00,425025.0,425611.0,420998.0,420998.0,1.3056398253334618,550955.1663,13
2026-09-23T16:00:00+00:00,420997.0,422240.0,417648.0,421529.0,2.7430118995847095,1147583.1692,29
2026-09-23T17:00:00+00:00,421957.0,422214.0,419698.0,422214.0,0.699,294520.926,10
2026-09-23T18:00:00+00:00,422189.0,422189.0,421522.0,421669.0,0.166,70018.7754,5
2026-09-23T19:00:00+00:00,422150.0,423639.0,422150.0,423639.0,0.0771,32623.5921,3
2026-09-23T20:00:00+00:00,423430.0,423430.0,423430.0,423430.0,0.0361,15285.823,1
2026-09-23T21:00:00+00:00,423430.0,423430.0,423430.0,423430.0,0.0,0.0,0
2026-09-23T22:00:00+00:00,426811.0,426811.0,426811.0,426811.0,0.002108661679291302,899.9999999999999,1
2026-09-23T23:00:00+00:00,426472.0,426472.0,425494.0,425494.0,0.0268,11412.0412,2
2026-09-24T00:00:00+00:00,426640.0,426693.0,426535.0,426535.0,2.0395,870106.9855,11
2026-09-24T01:00:00+00:00,424606.0,425116.0,424058.0,424463.0,24.457,10394258.0753,24
2026-09-24T02:00:00+00:00,422955.0,425370.0,421386.0,425370.0,19.95688354914545,8444856.8208,75
2026-09-24T03:00:00+00:00,424659.0,425032.0,422609.0,422857.0,4.6671,1980048.0452,35
2026-09-24T04:00:00+00:00,423098.0,423098.0,422156.0,422156.0,0.52,219640.2288,5
2026-09-24T05:00:00+00:00,426435.0,426650.0,425203.0,425783.0,0.9843,419657.8029,6
2026-09-24T06:00:00+00:00,425965.0,426527.0,425965.0,426527.0,0.26,110871.92,3
2026-09-24T07:00:00+00:00,425683.0,427000.0,425683.0,426910.0,2.0443812646370025,872737.5406,14
2026-09-24T08:00:00+00:00,426639.0,426639.0,421501.0,421501.0,4.5845,1945879.9798,62
2026-09-24T09:00:00+00:00,423998.0,424330.0,418000.0,420719.0,7.444123414818232,3135809.8812,43
2026-09-24T10:00:00+00:00,420285.0,420385.0,420285.0,420385.0,0.12594834457570458,52946.2,2
2026-09-24T11:00:00+00:00,421714.0,421798.0,421013.0,421435.0,2.8042,1182330.5614,22
2026-09-24T12:00:00+00:00,421592.0,422009.0,420880.0,420880.0,3.745989504252279,1580302.4911,13
2026-09-24T13:00:00+00:00,421174.0,423644.0,421174.0,423644.0,5.658010495747721,2388711.6357,38
2026-09-24T14:00:00+00:00,425315.0,428000.0,422602.0,422602.0,5.910518735362998,2519133.3495,36
2026-09-24T15:00:00+00:00,424586.0,425412.0,424586.0,425412.0,0.48237987456865344,205000.0,4
2026-09-24T16:00:00+00:00,427999.0,428819.0,427044.0,427045.0,1.7065,729966.1057,10
2026-09-24T17:00:00+00:00,426481.0,426481.0,423844.0,423844.0,0.012137908136587562,5147.0527999999995,2
2026-09-24T18:00:00+00:00,425781.0,425781.0,425781.0,425781.0,0.0026,1107.0306,1
2026-09-24T19:00:00+00:00,428615.0,429024.0,428419.0,428882.0,0.45935749729691727,197000.0,6
2026-09-24T20:00:00+00:00,428882.0,428882.0,428882.0,428882.0,0.0,0.0,0
2026-09-24T21:00:00+00:00,427054.0,427054.0,427054.0,427054.0,0.0505,21566.227,1
2026-09-24T22:00:00+00:00,427054.0,427054.0,426061.0,426061.0,0.3707,158154.1091,4
2026-09-24T23:00:00+00:00,426822.0,426822.0,426822.0,426822.0,0.000374863526247475,159.99999999999977,2
2026-09-25T00:00:00+00:00,427416.0,428705.0,426909.0,426909.0,5.760011370989375,2466494.91,17
2026-09-25T01:00:00+00:00,426909.0,426909.0,426909.0,426909.0,0.0,0.0,0
2026-09-25T02:00:00+00:00,427333.0,427914.0,423913.0,423913.0,2.0661,881569.621,21
2026-09-25T03:00:00+00:00,424869.0,424984.0,424565.0,424984.0,7.6646,3256341.7147,35
2026-09-25T04:00:00+00:00,424723.0,426146.0,423711.0,426146.0,3.2308,1374084.174,17
2026-09-25T05:00:00+00:00,424807.0,425032.0,424807.0,425032.0,1.3434,570920.6113,8
2026-09-25T06:00:00+00:00,424295.0,424295.0,422767.0,422778.0,1.0066,426327.2922,9
2026-09-25T07:00:00+00:00,422778.0,424372.0,422778.0,424297.0,61.7647,26186276.7414,318
2026-09-25T08:00:00+00:00,423922.0,428186.0,423922.0,426701.0,19.538261654756027,8356870.1376,21
2026-09-25T09:00:00+00:00,426999.0,430576.0,426585.0,429054.0,21.09966052915165,9054497.1685,46
2026-09-25T10:00:00+00:00,428079.0,430268.0,426866.0,428896.0,21.8082,9369617.8842,42
2026-09-25T11:00:00+00:00,431999.0,432297.0,429965.0,430042.0,6.000479542250924,2590692.1516,52
2026-09-25T12:00:00+00:00,428079.0,428526.0,425791.0,428526.0,3.3638,1435705.511,19
2026-09-25T13:00:00+00:00,429240.0,430250.0,424011.0,424011.0,23.5194,10110072.3825,59
2026-09-25T14:00:00+00:00,422000.0,425000.0,422000.0,424000.0,0.8385,355347.0,8
2026-09-25T15:00:00+00:00,425199.0,426552.0,422000.0,422000.0,0.3320377520208556,140444.1,3
2026-09-25T16:00:00+00:00,425638.0,425638.0,425638.0,425638.0,2.0181,858980.0478,1
2026-09-25T17:00:00+00:00,424622.0,424871.0,424622.0,424871.0,0.5179804943147449,220000.0,4
2026-09-25T18:00:00+00:00,424979.0,426009.0,424979.0,425273.0,0.45450523721329833,193518.5552,3
2026-09-25T19:00:00+00:00,425398.0,425398.0,425398.0,425398.0,0.0391,16633.0618,1
2026-09-25T20:00:00+00:00,425398.0,425398.0,425398.0,425398.0,0.0,0.0,0
2026-09-25T21:00:00+00:00,423544.0,423544.0,423472.0,423472.0,0.00445057618921676,1884.7087999999999,2
2026-09-25T22:00:00+00:00,423472.0,423472.0,423472.0,423472.0,0.0,0.0,0
2026-09-25T23:00:00+00:00,425449.0,425449.0,425449.0,425449.0,0.002350457986738716,1000.0,1
2026-09-26T00:00:00+00:00,424065.0,429999.0,423527.0,429999.0,5.2726286572759475,2254365.1,13
2026-09-26T01:00:00+00:00,423813.0,425917.0,423812.0,424337.0,6.58569176868621,2798901.936,23
2026-09-26T02:00:00+00:00,424559.0,424559.0,424559.0,424559.0,0.0353,14986.9327,1
2026-09-26T03:00:00+00:00,425073.0,431000.0,424667.0,424667.0,5.576450881670533,2382693.6018,14
2026-09-26T04:00:00+00:00,425000.0,425000.0,425000.0,425000.0,0.1,42500.0,1
2026-09-26T05:00:00+00:00,425245.0,425436.0,424000.0,424000.0,4.320103303728485,1837150.9718,12
2026-09-26T06:00:00+00:00,424000.0,424000.0,423074.0,423492.0,2.2008,931784.3864,17
2026-09-26T07:00:00+00:00,424078.0,425053.0,424077.0,425053.0,1.732,735840.2268,7
2026-09-26T08:00:00+00:00,424856.0,433032.0,423914.0,425698.0,24.951757180592523,10653354.5049,37
2026-09-26T09:00:00+00:00,424191.0,430991.0,423000.0,423122.0,15.105662178464307,6425313.9107,34
2026-09-26T10:00:00+00:00,423755.0,424522.0,423611.0,423611.0,1.1295429509620856,479053.8772,10
2026-09-26T11:00:00+00:00,425112.0,425139.0,425112.0,425139.0,0.5957390938022623,253256.9808,3
2026-09-26T12:00:00+00:00,424956.0,425179.0,424262.0,424262.0,2.459193058923418,1045057.9184,5
2026-09-26T13:00:00+00:00,424861.0,425106.0,424861.0,425106.0,2.3527616641496474,1000000.0,4
2026-09-26T14:00:00+00:00,424191.0,424191.0,424191.0,424191.0,0.2,84838.2,2
2026-09-26T15:00:00+00:00,424191.0,424191.0,424191.0,424191.0,0.0,0.0,0
2026-09-26T16:00:00+00:00,424191.0,424191.0,424191.0,424191.0,0.0,0.0,0
2026-09-26T17:00:00+00:00,425201.0,425201.0,425201.0,425201.0,0.000940731559897554,399.9999999999999,1
2026-09-26T18:00:00+00:00,425201.0,425201.0,425201.0,425201.0,0.0,0.0,0
2026-09-26T19:00:00+00:00,425201.0,425201.0,425201.0,425201.0,0.0,0.0,0
2026-09-26T20:00:00+00:00,424000.0,424000.0,421000.0,421000.0,2.9821,1260448.986,16
2026-09-26T21:00:00+00:00,421000.0,421000.0,421000.0,421000.0,0.0,0.0,0
2026-09-26T22:00:00+00:00,424639.0,424639.0,424639.0,424639.0,0.002119447342330779,899.9999999999997,1
2026-09-26T23:00:00+00:00,425385.0,425385.0,425385.0,425385.0,0.002350811617711014,999.9999999999997,1
2026-09-27T00:00:00+00:00,424696.0,425464.0,424379.0,424870.0,0.4586937351301028,194870.848,6
2026-09-27T01:00:00+00:00,424604.0,424604.0,424604.0,424604.0,0.0025670978134921,1089.9999999999995,1
2026-09-27T02:00:00+00:00,426085.0,426503.0,421893.0,425398.0,4.752844651130033,2013116.1192,17
2026-09-27T03:00:00+00:00,425398.0,425398.0,425398.0,425398.0,0.0,0.0,0
2026-09-27T04:00:00+00:00,425197.0,425682.0,425042.0,425046.0,1.6680053850602545,709218.3446,10
2026-09-27T05:00:00+00:00,425617.0,425757.0,425617.0,425757.0,0.9395,399873.8015,4
2026-09-27T06:00:00+00:00,426886.0,427334.0,426886.0,427334.0,0.47427644008002134,202659.4756,4
2026-09-27T07:00:00+00:00,426670.0,426670.0,426383.0,426670.0,1.4621,623829.7872,15
2026-09-27T08:00:00+00:00,427499.0,428159.0,427347.0,427347.0,0.3882,165986.9172,8
2026-09-27T09:00:00+00:00,427358.0,427358.0,426906.0,426906.0,0.3814,162826.8296,5
2026-09-27T10:00:00+00:00,428282.0,428475.0,426871.0,426871.0,0.7366367194481241,314452.6269,9
2026-09-27T11:00:00+00:00,426594.0,426594.0,426575.0,426575.0,0.5,213289.4,2
2026-09-27T12:00:00+00:00,426871.0,426871.0,426871.0,426871.0,0.1,42687.1,2
2026-09-27T13:00:00+00:00,426575.0,426576.0,426156.0,426156.0,1.6754,714641.955,9
2026-09-27T14:00:00+00:00,426129.0,426129.0,426129.0,426129.0,0.1,42612.9,1
2026-09-27T15:00:00+00:00,423946.0,424429.0,423946.0,424429.0,0.35471125714860535,150400.0,5
2026-09-27T16:00:00+00:00,424429.0,424429.0,424429.0,424429.0,0.0,0.0,0
2026-09-27T17:00:00+00:00,424429.0,424429.0,424429.0,424429.0,0.0,0.0,0
2026-09-27T18:00:00+00:00,424429.0,424429.0,424429.0,424429.0,0.0,0.0,0
2026-09-27T19:00:00+00:00,424769.0,424769.0,424769.0,424769.0,0.002354220764697988,999.9999999999997,1
2026-09-27T20:00:00+00:00,424769.0,424769.0,424769.0,424769.0,0.0,0.0,0
2026-09-27T21:00:00+00:00,424501.0,424501.0,424500.0,424500.0,0.002547819439765747,1081.5499999999993,3
2026-09-27T22:00:00+00:00,423138.0,423138.0,422000.0,422000.0,1.1870269656707741,500927.8,2
2026-09-27T23:00:00+00:00,423877.0,423877.0,423877.0,423877.0,0.025,10596.925,1
2026-09-28T00:00:00+00:00,425544.0,425544.0,423964.0,424137.0,1.4075586426084026,597880.8,9
2026-09-28T01:00:00+00:00,423108.0,423440.0,420000.0,420151.0,4.96727615955035,2094578.7093,40
2026-09-28T02:00:00+00:00,419707.0,419707.0,418532.0,419302.0,1.6575,694788.1016,13
2026-09-28T03:00:00+00:00,419558.0,420469.0,418000.0,418135.0,1.8583,778242.0639,27
2026-09-28T04:00:00+00:00,419059.0,419996.0,418365.0,419996.0,0.7142,298878.8729,6
2026-09-28T05:00:00+00:00,420230.0,420488.0,417308.0,417308.0,6.249581060622332,2618211.6696,14
2026-09-28T06:00:00+00:00,419044.0,419044.0,418466.0,419034.0,12.706193393841446,5323552.0864,21
2026-09-28T07:00:00+00:00,418385.0,419181.0,417127.0,417477.0,9.324917951257751,3900435.134,37
2026-09-28T08:00:00+00:00,416001.0,416709.0,416000.0,416000.0,1.7496,728684.5664,4
2026-09-28T09:00:00+00:00,416661.0,417362.0,414726.0,415158.0,1.1179621170129925,463960.413,19
2026-09-28T10:00:00+00:00,417096.0,418066.0,417096.0,418066.0,0.10797242540651476,45042.6,2
2026-09-28T11:00:00+00:00,418700.0,419292.0,418643.0,419292.0,0.27948497276361106,117035.0433,9
2026-09-28T12:00:00+00:00,419800.0,423026.0,419800.0,421700.0,19.1651,8102199.1429,36
2026-09-28T13:00:00+00:00,422100.0,423981.0,422100.0,423981.0,0.7512973049135449,317356.066,9
2026-09-28T14:00:00+00:00,422100.0,423220.0,419543.0,419624.0,34.3505,14484746.6744,87
2026-09-28T15:00:00+00:00,419675.0,419675.0,419675.0,419675.0,0.002382796211354023,999.9999999999997,1
2026-09-28T16:00:00+00:00,423813.0,424654.0,423813.0,424654.0,0.02454858308175597,10423.813,2
2026-09-28T17:00:00+00:00,426000.0,426275.0,425484.0,425484.0,1.7971401058559193,765746.2,8
2026-09-28T18:00:00+00:00,425484.0,425484.0,425484.0,425484.0,0.0,0.0,0
2026-09-28T19:00:00+00:00,423900.0,423900.0,421865.0,421865.0,0.014070426558259158,5959.63,2
2026-09-28T20:00:00+00:00,422172.0,423383.0,420999.0,422999.0,0.2143257040962621,90463.784,9
2026-09-28T21:00:00+00:00,422142.0,422142.0,422142.0,422142.0,0.0004,168.8568,1
2026-09-28T22:00:00+00:00,422912.0,422912.0,422912.0,422912.0,0.1,42291.2,1
2026-09-28T23:00:00+00:00,422912.0,423810.0,422912.0,423810.0,0.0907,38389.6655,6
2026-09-29T00:00:00+00:00,423830.0,424217.0,422900.0,422900.0,1.4379215557132317,608902.6272,6
2026-09-29T01:00:00+00:00,421987.0,421987.0,418683.0,419520.0,1.5625753418679562,656179.3004,30
2026-09-29T02:00:00+00:00,420203.0,420255.0,417937.0,418407.0,1.3907732792727272,582788.251,21
2026-09-29T03:00:00+00:00,419170.0,420839.0,419170.0,420839.0,8.025766920091634,3365500.0,11
2026-09-29T04:00:00+00:00,420685.0,421493.0,420523.0,421214.0,14.193296562113504,5974212.3818,11
2026-09-29T05:00:00+00:00,420801.0,422149.0,420801.0,422149.0,13.6595,5765900.4295,17
2026-09-29T06:00:00+00:00,422150.0,426051.0,422150.0,426051.0,13.427010787571625,5670633.2063,25
2026-09-29T07:00:00+00:00,426871.0,428063.0,426871.0,427993.0,5.562502667823168,2380623.8019,18
2026-09-29T08:00:00+00:00,427638.0,429000.0,426663.0,426663.0,3.9063,1673016.9467,41
2026-09-29T09:00:00+00:00,425790.0,428246.0,425790.0,428246.0,0.3349,142983.9021,5
2026-09-29T10:00:00+00:00,428414.0,430583.0,427573.0,428209.0,21.39713956226428,9198072.7423,25
2026-09-29T11:00:00+00:00,427785.0,430000.0,427480.0,430000.0,1.7832,766160.6951,15
2026-09-29T12:00:00+00:00,431000.0,431316.0,429919.0,429919.0,1.6773,722235.7943,11
2026-09-29T13:00:00+00:00,430560.0,430560.0,429719.0,429719.0,0.41,176350.4,5
2026-09-29T14:00:00+00:00,429930.0,429955.0,427020.0,427020.0,1.2199,524307.5799,7
2026-09-29T15:00:00+00:00,426504.0,426504.0,420528.0,420528.0,2.0811920245981144,878503.5578211597,45
2026-09-29T16:00:00+00:00,422377.0,422377.0,422377.0,422377.0,2.034,859114.818,10
2026-09-29T17:00:00+00:00,422377.0,422377.0,422377.0,422377.0,0.0,0.0,0
2026-09-29T18:00:00+00:00,422377.0,422377.0,422377.0,422377.0,0.0,0.0,0
2026-09-29T19:00:00+00:00,422377.0,422377.0,422377.0,422377.0,0.0,0.0,0
2026-09-29T20:00:00+00:00,423890.0,423890.0,423890.0,423890.0,0.007077307792115879,3000.0,1
2026-09-29T21:00:00+00:00,421396.0,421396.0,421396.0,421396.0,0.1,42139.6,1
2026-09-29T22:00:00+00:00,421396.0,423074.0,421396.0,422339.0,0.8600800438577318,362600.9506,12
2026-09-29T23:00:00+00:00,422481.0,422481.0,421963.0,421963.0,0.0306,12912.5858,2
2026-09-30T00:00:00+00:00,420614.0,420614.0,420614.0,420614.0,0.2171324302091704,91328.94,2
2026-09-30T01:00:00+00:00,420139.0,420404.0,420000.0,420000.0,6.79003085603372,2852028.9,17
2026-09-30T02:00:00+00:00,418572.0,419428.0,418572.0,419428.0,6.813556711044566,2856400.0,12
2026-09-30T03:00:00+00:00,419550.0,420210.0,419550.0,420120.0,2.3544867483414613,989000.0,7
2026-09-30T04:00:00+00:00,420072.0,421414.0,420072.0,420817.0,2.248616168076271,946895.2,9
2026-09-30T05:00:00+00:00,420001.0,421000.0,419887.0,421000.0,1.4558,612114.2183,7
2026-09-30T06:00:00+00:00,419887.0,420070.0,419345.0,420070.0,3.984820688456686,1673203.3875,13
2026-09-30T07:00:00+00:00,418016.0,419239.0,418016.0,419239.0,0.9119102986601915,381913.456,6
2026-09-30T08:00:00+00:00,419513.0,420444.0,419355.0,420444.0,7.667220410767963,3220229.3803,18
2026-09-30T09:00:00+00:00,420286.0,423000.0,418070.0,423000.0,19.472812745266484,8199977.1409,46
2026-09-30T10:00:00+00:00,422352.0,423228.0,421972.0,423228.0,1.3902,587129.6142,14
2026-09-30T11:00:00+00:00,423501.0,423501.0,423501.0,423501.0,0.0138,5844.3138,2
2026-09-30T12:00:00+00:00,423501.0,429000.0,423501.0,429000.0,3.6734063475647045,1560634.0265,30
2026-09-30T13:00:00+00:00,427479.0,429000.0,423712.0,425043.0,2.5708047656133517,1099166.1301,28
2026-09-30T14:00:00+00:00,425121.0,425121.0,419998.0,422668.0,11.758794085908411,4951721.3832,63
2026-09-30T15:00:00+00:00,421156.0,422275.0,420962.0,421692.0,1.2645,533010.187,14
2026-09-30T16:00:00+00:00,422743.0,422743.0,422743.0,422743.0,0.0212,8962.1516,1
2026-09-30T17:00:00+00:00,421950.0,422778.0,421083.0,422778.0,0.38984389749153364,164507.7176,15
2026-09-30T18:00:00+00:00,422659.0,422659.0,421229.0,421991.0,0.21407042789357836,90274.627,12
2026-09-30T19:00:00+00:00,421991.0,421991.0,421991.0,421991.0,0.0,0.0,0
2026-09-30T20:00:00+00:00,421784.0,421784.0,421108.0,421784.0,0.04500881778351004,18969.6004,3
2026-09-30T21:00:00+00:00,422820.0,422820.0,422820.0,422820.0,0.4182,176823.324,19
2026-09-30T22:00:00+00:00,422820.0,423795.0,422820.0,423795.0,0.1307093217525757,55268.586,3
2026-09-30T23:00:00+00:00,424262.0,424262.0,424011.0,424011.0,0.0315,13363.8765,3
2026-10-01T00:00:00+00:00,423625.0,425205.0,422673.0,424107.0,29.14852701740194,12369672.1466,40
2026-10-01T01:00:00+00:00,424912.0,430999.0,424912.0,426906.0,91.85112284066209,39199245.366,63
2026-10-01T02:00:00+00:00,426463.0,438998.0,423931.0,425267.0,53.01316688895828,22680478.826,99
2026-10-01T03:00:00+00:00,425439.0,426488.0,425438.0,426230.0,12.900313521370537,5500248.0875,24
2026-10-01T04:00:00+00:00,427187.0,430146.0,427070.0,430146.0,12.31823858345018,5295895.2252,21
2026-10-01T05:00:00+00:00,428407.0,430537.0,428407.0,430415.0,3.8402015574033075,1651796.539,19
2026-10-01T06:00:00+00:00,430329.0,430717.0,429953.0,430717.0,1.2327,530377.2059,7
