timestamp,open,high,low,close,volume,quote_volume,count
2026-09-23T07:05:00+00:00,435981.0,435981.0,435981.0,435981.0,0.0,0.0,0
2026-09-23T07:10:00+00:00,433857.0,433857.0,433857.0,433857.0,0.0022,954.4854,1
2026-09-23T07:15:00+00:00,433857.0,433857.0,433857.0,433857.0,0.0,0.0,0
2026-09-23T07:20:00+00:00,433857.0,433857.0,433857.0,433857.0,0.0,0.0,0
2026-09-23T07:25:00+00:00,433857.0,433857.0,433857.0,433857.0,0.0,0.0,0
2026-09-23T07:30:00+00:00,433857.0,433857.0,433857.0,433857.0,0.0,0.0,0
2026-09-23T07:35:00+00:00,433857.0,433857.0,433857.0,433857.0,0.0,0.0,0
2026-09-23T07:40:00+00:00,433857.0,433857.0,433857.0,433857.0,0.0,0.0,0
2026-09-23T07:45:00+00:00,433857.0,433857.0,433857.0,433857.0,0.0,0.0,0
2026-09-23T07:50:00+00:00,432930.0,432930.0,432930.0,432930.0,0.0274,11862.282,1
2026-09-23T07:55:00+00:00,432930.0,432930.0,432930.0,432930.0,0.0,0.0,0
2026-09-23T08:00:00+00:00,432930.0,432930.0,432930.0,432930.0,0.0,0.0,0
2026-09-23T08:05:00+00:00,432930.0,432930.0,432930.0,432930.0,0.0,0.0,0
2026-09-23T08:10:00+00:00,434411.0,434573.0,434411.0,434573.0,1.1505,499841.2365,6
2026-09-23T08:15:00+00:00,434239.0,434701.0,434239.0,434701.0,1.2,521360.0,8
2026-09-23T08:20:00+00:00,434931.0,434931.0,434931.0,434931.0,0.0183,7959.2373,1
2026-09-23T08:25:00+00:00,434931.0,434931.0,434931.0,434931.0,0.0,0.0,0
2026-09-23T08:30:00+00:00,434537.0,434635.0,434537.0,434635.0,0.9619,418021.4065,4
2026-09-23T08:35:00+00:00,434635.0,434635.0,434635.0,434635.0,0.0,0.0,0
2026-09-23T08:40:00+00:00,433471.0,433471.0,433446.0,433446.0,1.1988,519633.6802,6
2026-09-23T08:45:00+00:00,433756.0,433979.0,433358.0,433358.0,1.4195,615492.8262,9
2026-09-23T08:50:00+00:00,433358.0,433358.0,433358.0,433358.0,0.0,0.0,0
2026-09-23T08:55:00+00:00,433358.0,433358.0,433358.0,433358.0,0.0,0.0,0
2026-09-23T09:00:00+00:00,433358.0,433358.0,433358.0,433358.0,0.0,0.0,0
2026-09-23T09:05:00+00:00,433390.0,439992.0,433390.0,434224.0,16.200348897252677,7072675.776,17
2026-09-23T09:10:00+00:00,433988.0,433988.0,433988.0,433988.0,0.006912633529037669,3000.0,1
2026-09-23T09:15:00+00:00,433988.0,433988.0,433988.0,433988.0,0.0,0.0,0
2026-09-23T09:20:00+00:00,433988.0,433988.0,433988.0,433988.0,0.0,0.0,0
2026-09-23T09:25:00+00:00,433988.0,433988.0,433988.0,433988.0,0.0,0.0,0
2026-09-23T09:30:00+00:00,433988.0,433988.0,433988.0,433988.0,0.0,0.0,0
2026-09-23T09:35:00+00:00,433988.0,433988.0,433988.0,433988.0,0.0,0.0,0
2026-09-23T09:40:00+00:00,433988.0,433988.0,433988.0,433988.0,0.0,0.0,0
2026-09-23T09:45:00+00:00,433988.0,433988.0,433988.0,433988.0,0.0,0.0,0
2026-09-23T09:50:00+00:00,433988.0,433988.0,433988.0,433988.0,0.0,0.0,0
2026-09-23T09:55:00+00:00,433988.0,433988.0,433988.0,433988.0,0.0,0.0,0
2026-09-23T10:00:00+00:00,433988.0,433988.0,433988.0,433988.0,0.0,0.0,0
2026-09-23T10:05:00+00:00,433988.0,433988.0,433988.0,433988.0,0.0,0.0,0
2026-09-23T10:10:00+00:00,433988.0,433988.0,433988.0,433988.0,0.0,0.0,0
2026-09-23T10:15:00+00:00,432476.0,432476.0,432476.0,432476.0,0.004624534078191622,2000.0,1
2026-09-23T10:20:00+00:00,432476.0,432476.0,432476.0,432476.0,0.0,0.0,0
2026-09-23T10:25:00+00:00,432476.0,432476.0,432476.0,432476.0,0.0,0.0,0
2026-09-23T10:30:00+00:00,432486.0,432487.0,432486.0,432487.0,0.469,202836.203,2
2026-09-23T10:35:00+00:00,432487.0,432487.0,432487.0,432487.0,0.0,0.0,0
2026-09-23T10:40:00+00:00,432487.0,432487.0,432487.0,432487.0,0.0,0.0,0
2026-09-23T10:45:00+00:00,432487.0,432487.0,432487.0,432487.0,0.0,0.0,0
2026-09-23T10:50:00+00:00,432487.0,432487.0,432487.0,432487.0,0.0,0.0,0
2026-09-23T10:55:00+00:00,432487.0,432487.0,432487.0,432487.0,0.0,0.0,0
2026-09-23T11:00:00+00:00,432487.0,432487.0,432487.0,432487.0,0.0,0.0,0
2026-09-23T11:05:00+00:00,432487.0,432487.0,432487.0,432487.0,0.0,0.0,0
2026-09-23T11:10:00+00:00,432487.0,432487.0,432487.0,432487.0,0.0,0.0,0
2026-09-23T11:15:00+00:00,432487.0,432487.0,432487.0,432487.0,0.0,0.0,0
2026-09-23T11:20:00+00:00,432487.0,432487.0,432487.0,432487.0,0.0,0.0,0
2026-09-23T11:25:00+00:00,431448.0,433000.0,431448.0,433000.0,1.0392,448899.1046,6
2026-09-23T11:30:00+00:00,433000.0,433000.0,433000.0,433000.0,0.0,0.0,0
2026-09-23T11:35:00+00:00,433000.0,433000.0,433000.0,433000.0,0.0,0.0,0
2026-09-23T11:40:00+00:00,433000.0,433000.0,433000.0,433000.0,0.0,0.0,0
2026-09-23T11:45:00+00:00,431736.0,431896.0,431736.0,431896.0,1.8522,799861.8712,3
2026-09-23T11:50:00+00:00,431896.0,431896.0,431896.0,431896.0,0.0,0.0,0
2026-09-23T11:55:00+00:00,431896.0,431896.0,431896.0,431896.0,0.0,0.0,0
2026-09-23T12:00:00+00:00,431896.0,431896.0,431896.0,431896.0,0.0,0.0,0
2026-09-23T12:05:00+00:00,431896.0,431896.0,431896.0,431896.0,0.0,0.0,0
2026-09-23T12:10:00+00:00,431723.0,431724.0,431723.0,431724.0,0.007421424217555903,3203.9999999999995,2
2026-09-23T12:15:00+00:00,430521.0,430521.0,430000.0,430000.0,1.3988,601606.956,3
2026-09-23T12:20:00+00:00,430000.0,430000.0,430000.0,430000.0,0.0,0.0,0
2026-09-23T12:25:00+00:00,430000.0,430000.0,430000.0,430000.0,0.0,0.0,0
2026-09-23T12:30:00+00:00,432268.0,432269.0,432267.0,432268.0,1.3,561948.3,4
2026-09-23T12:35:00+00:00,431948.0,432132.0,431948.0,432132.0,0.7868,339962.2576,3
2026-09-23T12:40:00+00:00,432132.0,432132.0,432132.0,432132.0,0.0,0.0,0
2026-09-23T12:45:00+00:00,432132.0,432132.0,432132.0,432132.0,0.0,0.0,0
2026-09-23T12:50:00+00:00,429935.0,429935.0,429935.0,429935.0,0.0753,32374.1055,1
2026-09-23T12:55:00+00:00,429935.0,429935.0,429935.0,429935.0,0.0,0.0,0
2026-09-23T13:00:00+00:00,429935.0,429935.0,429935.0,429935.0,0.0,0.0,0
2026-09-23T13:05:00+00:00,429472.0,429472.0,428415.0,428415.0,1.7113,733902.0669,11
2026-09-23T13:10:00+00:00,428424.0,428424.0,428405.0,428405.0,0.3734,159968.627,3
2026-09-23T13:15:00+00:00,428405.0,428405.0,428405.0,428405.0,0.0,0.0,0
2026-09-23T13:20:00+00:00,428405.0,428405.0,428405.0,428405.0,0.0,0.0,0
2026-09-23T13:25:00+00:00,428405.0,428405.0,428405.0,428405.0,0.0,0.0,0
2026-09-23T13:30:00+00:00,428405.0,428405.0,428405.0,428405.0,0.0,0.0,0
2026-09-23T13:35:00+00:00,428405.0,428405.0,428405.0,428405.0,0.0,0.0,0
2026-09-23T13:40:00+00:00,428405.0,428405.0,428405.0,428405.0,0.0,0.0,0
2026-09-23T13:45:00+00:00,428405.0,428405.0,428405.0,428405.0,0.0,0.0,0
2026-09-23T13:50:00+00:00,428860.0,428860.0,428860.0,428860.0,0.4362,187068.732,4
2026-09-23T13:55:00+00:00,430855.0,430856.0,430855.0,430856.0,0.6,258513.1,2
2026-09-23T14:00:00+00:00,430929.0,432091.0,430929.0,432091.0,1.4705,634457.3535,11
2026-09-23T14:05:00+00:00,429374.0,429374.0,427077.0,427077.0,2.0686,886364.9421,16
2026-09-23T14:10:00+00:00,426000.0,426000.0,422000.0,422000.0,2.6066,1104830.4,8
2026-09-23T14:15:00+00:00,422000.0,422000.0,422000.0,422000.0,0.0,0.0,0
2026-09-23T14:20:00+00:00,422000.0,422000.0,422000.0,422000.0,0.0,0.0,0
2026-09-23T14:25:00+00:00,422000.0,422000.0,422000.0,422000.0,0.0,0.0,0
2026-09-23T14:30:00+00:00,422000.0,422000.0,422000.0,422000.0,0.0,0.0,0
2026-09-23T14:35:00+00:00,422000.0,422000.0,422000.0,422000.0,0.0,0.0,0
2026-09-23T14:40:00+00:00,422000.0,422000.0,422000.0,422000.0,0.0,0.0,0
2026-09-23T14:45:00+00:00,422000.0,422000.0,422000.0,422000.0,0.0,0.0,0
2026-09-23T14:50:00+00:00,422740.0,424325.0,422518.0,424325.0,1.1722,497144.0932,8
2026-09-23T14:55:00+00:00,424685.0,424686.0,424685.0,424686.0,1.0299,437383.8455,3
2026-09-23T15:00:00+00:00,425025.0,425025.0,425025.0,425025.0,0.0047,1997.6175,1
2026-09-23T15:05:00+00:00,425025.0,425025.0,425025.0,425025.0,0.0,0.0,0
2026-09-23T15:10:00+00:00,425025.0,425025.0,425025.0,425025.0,0.0,0.0,0
2026-09-23T15:15:00+00:00,425025.0,425025.0,425025.0,425025.0,0.0,0.0,0
2026-09-23T15:20:00+00:00,425025.0,425025.0,425025.0,425025.0,0.0,0.0,0
2026-09-23T15:25:00+00:00,425611.0,425611.0,425611.0,425611.0,0.000939825333461776,399.99999999999994,1
2026-09-23T15:30:00+00:00,425611.0,425611.0,425611.0,425611.0,0.0,0.0,0
2026-09-23T15:35:00+00:00,425611.0,425611.0,425611.0,425611.0,0.0,0.0,0
2026-09-23T15:40:00+00:00,425611.0,425611.0,425611.0,425611.0,0.0,0.0,0
2026-09-23T15:45:00+00:00,422277.0,422277.0,421100.0,421100.0,1.2972,547378.7544,10
2026-09-23T15:50:00+00:00,421100.0,421100.0,421100.0,421100.0,0.0,0.0,0
2026-09-23T15:55:00+00:00,420998.0,420998.0,420998.0,420998.0,0.0028,1178.7944,1
2026-09-23T16:00:00+00:00,420997.0,420997.0,417648.0,417833.0,2.5832118995847093,1080157.2568,26
2026-09-23T16:05:00+00:00,417833.0,417833.0,417833.0,417833.0,0.0,0.0,0
2026-09-23T16:10:00+00:00,417833.0,417833.0,417833.0,417833.0,0.0,0.0,0
2026-09-23T16:15:00+00:00,417833.0,417833.0,417833.0,417833.0,0.0,0.0,0
2026-09-23T16:20:00+00:00,417833.0,417833.0,417833.0,417833.0,0.0,0.0,0
2026-09-23T16:25:00+00:00,417833.0,417833.0,417833.0,417833.0,0.0,0.0,0
2026-09-23T16:30:00+00:00,417833.0,417833.0,417833.0,417833.0,0.0,0.0,0
2026-09-23T16:35:00+00:00,422240.0,422240.0,422240.0,422240.0,0.08,33779.2,1
2026-09-23T16:40:00+00:00,422240.0,422240.0,422240.0,422240.0,0.0,0.0,0
2026-09-23T16:45:00+00:00,421747.0,421747.0,421747.0,421747.0,0.0399,16827.7053,1
2026-09-23T16:50:00+00:00,421747.0,421747.0,421747.0,421747.0,0.0,0.0,0
2026-09-23T16:55:00+00:00,421529.0,421529.0,421529.0,421529.0,0.0399,16819.0071,1
2026-09-23T17:00:00+00:00,421957.0,421957.0,421164.0,421164.0,0.2399,101172.2436,3
2026-09-23T17:05:00+00:00,420372.0,420372.0,420372.0,420372.0,0.04,16814.88,1
2026-09-23T17:10:00+00:00,419742.0,419742.0,419698.0,419698.0,0.1201,50410.1298,2
2026-09-23T17:15:00+00:00,419698.0,419698.0,419698.0,419698.0,0.0,0.0,0
2026-09-23T17:20:00+00:00,421733.0,421733.0,421733.0,421733.0,0.1518,64019.0694,1
2026-09-23T17:25:00+00:00,421733.0,421733.0,421733.0,421733.0,0.0,0.0,0
2026-09-23T17:30:00+00:00,421803.0,421803.0,421803.0,421803.0,0.1,42180.3,1
2026-09-23T17:35:00+00:00,421631.0,421631.0,421631.0,421631.0,0.0072,3035.7432,1
2026-09-23T17:40:00+00:00,421631.0,421631.0,421631.0,421631.0,0.0,0.0,0
2026-09-23T17:45:00+00:00,421631.0,421631.0,421631.0,421631.0,0.0,0.0,0
2026-09-23T17:50:00+00:00,421631.0,421631.0,421631.0,421631.0,0.0,0.0,0
2026-09-23T17:55:00+00:00,422214.0,422214.0,422214.0,422214.0,0.04,16888.56,1
2026-09-23T18:00:00+00:00,422189.0,422189.0,421522.0,421522.0,0.1261,53194.1823,4
2026-09-23T18:05:00+00:00,421522.0,421522.0,421522.0,421522.0,0.0,0.0,0
2026-09-23T18:10:00+00:00,421522.0,421522.0,421522.0,421522.0,0.0,0.0,0
2026-09-23T18:15:00+00:00,421522.0,421522.0,421522.0,421522.0,0.0,0.0,0
2026-09-23T18:20:00+00:00,421522.0,421522.0,421522.0,421522.0,0.0,0.0,0
2026-09-23T18:25:00+00:00,421522.0,421522.0,421522.0,421522.0,0.0,0.0,0
2026-09-23T18:30:00+00:00,421669.0,421669.0,421669.0,421669.0,0.0399,16824.5931,1
2026-09-23T18:35:00+00:00,421669.0,421669.0,421669.0,421669.0,0.0,0.0,0
2026-09-23T18:40:00+00:00,421669.0,421669.0,421669.0,421669.0,0.0,0.0,0
2026-09-23T18:45:00+00:00,421669.0,421669.0,421669.0,421669.0,0.0,0.0,0
2026-09-23T18:50:00+00:00,421669.0,421669.0,421669.0,421669.0,0.0,0.0,0
2026-09-23T18:55:00+00:00,421669.0,421669.0,421669.0,421669.0,0.0,0.0,0
2026-09-23T19:00:00+00:00,421669.0,421669.0,421669.0,421669.0,0.0,0.0,0
2026-09-23T19:05:00+00:00,422150.0,422150.0,422150.0,422150.0,0.022,9287.3,1
2026-09-23T19:10:00+00:00,422150.0,422150.0,422150.0,422150.0,0.0,0.0,0
2026-09-23T19:15:00+00:00,422150.0,422150.0,422150.0,422150.0,0.0,0.0,0
2026-09-23T19:20:00+00:00,422150.0,422150.0,422150.0,422150.0,0.0,0.0,0
2026-09-23T19:25:00+00:00,422150.0,422150.0,422150.0,422150.0,0.0,0.0,0
2026-09-23T19:30:00+00:00,423230.0,423230.0,423230.0,423230.0,0.0152,6433.096,1
2026-09-23T19:35:00+00:00,423230.0,423230.0,423230.0,423230.0,0.0,0.0,0
2026-09-23T19:40:00+00:00,423639.0,423639.0,423639.0,423639.0,0.0399,16903.1961,1
2026-09-23T19:45:00+00:00,423639.0,423639.0,423639.0,423639.0,0.0,0.0,0
2026-09-23T19:50:00+00:00,423639.0,423639.0,423639.0,423639.0,0.0,0.0,0
2026-09-23T19:55:00+00:00,424244.0,424244.0,424244.0,424244.0,0.0,0.0,0
2026-09-23T20:00:00+00:00,424244.0,424244.0,424244.0,424244.0,0.0,0.0,0
2026-09-23T20:05:00+00:00,424244.0,424244.0,424244.0,424244.0,0.0,0.0,0
2026-09-23T20:10:00+00:00,424244.0,424244.0,424244.0,424244.0,0.0,0.0,0
2026-09-23T20:15:00+00:00,424244.0,424244.0,424244.0,424244.0,0.0,0.0,0
2026-09-23T20:20:00+00:00,424244.0,424244.0,424244.0,424244.0,0.0,0.0,0
2026-09-23T20:25:00+00:00,423430.0,423430.0,423430.0,423430.0,0.0361,15285.823,1
2026-09-23T20:30:00+00:00,423430.0,423430.0,423430.0,423430.0,0.0,0.0,0
2026-09-23T20:35:00+00:00,423430.0,423430.0,423430.0,423430.0,0.0,0.0,0
2026-09-23T20:40:00+00:00,423430.0,423430.0,423430.0,423430.0,0.0,0.0,0
2026-09-23T20:45:00+00:00,423430.0,423430.0,423430.0,423430.0,0.0,0.0,0
2026-09-23T20:50:00+00:00,423430.0,423430.0,423430.0,423430.0,0.0,0.0,0
2026-09-23T20:55:00+00:00,423430.0,423430.0,423430.0,423430.0,0.0,0.0,0
2026-09-23T21:00:00+00:00,423430.0,423430.0,423430.0,423430.0,0.0,0.0,0
2026-09-23T21:05:00+00:00,423430.0,423430.0,423430.0,423430.0,0.0,0.0,0
2026-09-23T21:10:00+00:00,423430.0,423430.0,423430.0,423430.0,0.0,0.0,0
2026-09-23T21:15:00+00:00,423430.0,423430.0,423430.0,423430.0,0.0,0.0,0
2026-09-23T21:20:00+00:00,423430.0,423430.0,423430.0,423430.0,0.0,0.0,0
2026-09-23T21:25:00+00:00,423430.0,423430.0,423430.0,423430.0,0.0,0.0,0
2026-09-23T21:30:00+00:00,423430.0,423430.0,423430.0,423430.0,0.0,0.0,0
2026-09-23T21:35:00+00:00,423430.0,423430.0,423430.0,423430.0,0.0,0.0,0
2026-09-23T21:40:00+00:00,423430.0,423430.0,423430.0,423430.0,0.0,0.0,0
2026-09-23T21:45:00+00:00,423430.0,423430.0,423430.0,423430.0,0.0,0.0,0
2026-09-23T21:50:00+00:00,423430.0,423430.0,423430.0,423430.0,0.0,0.0,0
2026-09-23T21:55:00+00:00,423430.0,423430.0,423430.0,423430.0,0.0,0.0,0
2026-09-23T22:00:00+00:00,423430.0,423430.0,423430.0,423430.0,0.0,0.0,0
2026-09-23T22:05:00+00:00,423430.0,423430.0,423430.0,423430.0,0.0,0.0,0
2026-09-23T22:10:00+00:00,423430.0,423430.0,423430.0,423430.0,0.0,0.0,0
2026-09-23T22:15:00+00:00,423430.0,423430.0,423430.0,423430.0,0.0,0.0,0
2026-09-23T22:20:00+00:00,423430.0,423430.0,423430.0,423430.0,0.0,0.0,0
2026-09-23T22:25:00+00:00,426811.0,426811.0,426811.0,426811.0,0.002108661679291302,899.9999999999999,1
2026-09-23T22:30:00+00:00,426811.0,426811.0,426811.0,426811.0,0.0,0.0,0
2026-09-23T22:35:00+00:00,426811.0,426811.0,426811.0,426811.0,0.0,0.0,0
2026-09-23T22:40:00+00:00,426811.0,426811.0,426811.0,426811.0,0.0,0.0,0
2026-09-23T22:45:00+00:00,426811.0,426811.0,426811.0,426811.0,0.0,0.0,0
2026-09-23T22:50:00+00:00,426811.0,426811.0,426811.0,426811.0,0.0,0.0,0
2026-09-23T22:55:00+00:00,426811.0,426811.0,426811.0,426811.0,0.0,0.0,0
2026-09-23T23:00:00+00:00,426811.0,426811.0,426811.0,426811.0,0.0,0.0,0
2026-09-23T23:05:00+00:00,426472.0,426472.0,426472.0,426472.0,0.009,3838.248,1
2026-09-23T23:10:00+00:00,426472.0,426472.0,426472.0,426472.0,0.0,0.0,0
2026-09-23T23:15:00+00:00,426472.0,426472.0,426472.0,426472.0,0.0,0.0,0
2026-09-23T23:20:00+00:00,426472.0,426472.0,426472.0,426472.0,0.0,0.0,0
2026-09-23T23:25:00+00:00,426472.0,426472.0,426472.0,426472.0,0.0,0.0,0
2026-09-23T23:30:00+00:00,426472.0,426472.0,426472.0,426472.0,0.0,0.0,0
2026-09-23T23:35:00+00:00,425494.0,425494.0,425494.0,425494.0,0.0178,7573.7932,1
2026-09-23T23:40:00+00:00,425494.0,425494.0,425494.0,425494.0,0.0,0.0,0
2026-09-23T23:45:00+00:00,425494.0,425494.0,425494.0,425494.0,0.0,0.0,0
2026-09-23T23:50:00+00:00,425494.0,425494.0,425494.0,425494.0,0.0,0.0,0
2026-09-23T23:55:00+00:00,425494.0,425494.0,425494.0,425494.0,0.0,0.0,0
2026-09-24T00:00:00+00:00,425494.0,425494.0,425494.0,425494.0,0.0,0.0,0
2026-09-24T00:05:00+00:00,426640.0,426693.0,426640.0,426693.0,1.2696,541717.689,6
2026-09-24T00:10:00+00:00,426693.0,426693.0,426693.0,426693.0,0.0,0.0,0
2026-09-24T00:15:00+00:00,426693.0,426693.0,426693.0,426693.0,0.0,0.0,0
2026-09-24T00:20:00+00:00,426535.0,426535.0,426535.0,426535.0,0.7699,328389.2965,5
2026-09-24T00:25:00+00:00,426535.0,426535.0,426535.0,426535.0,0.0,0.0,0
2026-09-24T00:30:00+00:00,426535.0,426535.0,426535.0,426535.0,0.0,0.0,0
2026-09-24T00:35:00+00:00,426535.0,426535.0,426535.0,426535.0,0.0,0.0,0
2026-09-24T00:40:00+00:00,426535.0,426535.0,426535.0,426535.0,0.0,0.0,0
2026-09-24T00:45:00+00:00,426535.0,426535.0,426535.0,426535.0,0.0,0.0,0
2026-09-24T00:50:00+00:00,426535.0,426535.0,426535.0,426535.0,0.0,0.0,0
2026-09-24T00:55:00+00:00,426535.0,426535.0,426535.0,426535.0,0.0,0.0,0
2026-09-24T01:00:00+00:00,426535.0,426535.0,426535.0,426535.0,0.0,0.0,0
2026-09-24T01:05:00+00:00,426535.0,426535.0,426535.0,426535.0,0.0,0.0,0
2026-09-24T01:10:00+00:00,426535.0,426535.0,426535.0,426535.0,0.0,0.0,0
2026-09-24T01:15:00+00:00,426535.0,426535.0,426535.0,426535.0,0.0,0.0,0
2026-09-24T01:20:00+00:00,426535.0,426535.0,426535.0,426535.0,0.0,0.0,0
2026-09-24T01:25:00+00:00,424606.0,424606.0,424605.0,424605.0,0.0267,11336.9615,6
2026-09-24T01:30:00+00:00,424789.0,425116.0,424789.0,425116.0,21.9869,9345968.7236,12
2026-09-24T01:35:00+00:00,425116.0,425116.0,425116.0,425116.0,0.0,0.0,0
2026-09-24T01:40:00+00:00,424403.0,424667.0,424058.0,424463.0,2.4434,1036952.3902,6
2026-09-24T01:45:00+00:00,424463.0,424463.0,424463.0,424463.0,0.0,0.0,0
2026-09-24T01:50:00+00:00,424463.0,424463.0,424463.0,424463.0,0.0,0.0,0
2026-09-24T01:55:00+00:00,424463.0,424463.0,424463.0,424463.0,0.0,0.0,0
2026-09-24T02:00:00+00:00,424463.0,424463.0,424463.0,424463.0,0.0,0.0,0
2026-09-24T02:05:00+00:00,422955.0,422955.0,422880.0,422880.0,0.0423,17889.324,2
2026-09-24T02:10:00+00:00,422238.0,422457.0,421386.0,421533.0,11.506,4858304.6841,35
2026-09-24T02:15:00+00:00,421533.0,421533.0,421533.0,421533.0,0.0,0.0,0
2026-09-24T02:20:00+00:00,421533.0,421533.0,421533.0,421533.0,0.0,0.0,0
2026-09-24T02:25:00+00:00,422886.0,422886.0,422856.0,422856.0,0.0781,33026.2506,2
2026-09-24T02:30:00+00:00,422857.0,423104.0,422759.0,423104.0,0.9614,406603.1406,6
2026-09-24T02:35:00+00:00,423092.0,423953.0,422933.0,423953.0,2.6252,1112112.4699,12
2026-09-24T02:40:00+00:00,423953.0,423953.0,423953.0,423953.0,0.0,0.0,0
2026-09-24T02:45:00+00:00,423953.0,423953.0,423953.0,423953.0,0.0,0.0,0
2026-09-24T02:50:00+00:00,424084.0,424084.0,424084.0,424084.0,0.0399,16920.9516,1
2026-09-24T02:55:00+00:00,424852.0,425370.0,424852.0,425370.0,4.70398354914545,2000000.0,17
2026-09-24T03:00:00+00:00,424659.0,424659.0,424580.0,424624.0,0.4836,205344.272,5
2026-09-24T03:05:00+00:00,424226.0,424226.0,424226.0,424226.0,0.0799,33895.6574,1
2026-09-24T03:10:00+00:00,423550.0,423550.0,423253.0,423253.0,0.2399,101560.345,3
2026-09-24T03:15:00+00:00,424029.0,425032.0,423850.0,423850.0,2.5774,1095215.734,12
2026-09-24T03:20:00+00:00,423788.0,423788.0,422609.0,422609.0,0.9079,384012.8634,6
2026-09-24T03:25:00+00:00,422609.0,422609.0,422609.0,422609.0,0.0,0.0,0
2026-09-24T03:30:00+00:00,422609.0,422609.0,422609.0,422609.0,0.0,0.0,0
2026-09-24T03:35:00+00:00,422629.0,422629.0,422629.0,422629.0,0.1,42262.9,1
2026-09-24T03:40:00+00:00,422629.0,422629.0,422629.0,422629.0,0.0,0.0,0
2026-09-24T03:45:00+00:00,423023.0,423023.0,423023.0,423023.0,0.1379,58334.8717,3
2026-09-24T03:50:00+00:00,423023.0,423023.0,422857.0,422857.0,0.1405,59421.4017,4
2026-09-24T03:55:00+00:00,422857.0,422857.0,422857.0,422857.0,0.0,0.0,0
2026-09-24T04:00:00+00:00,423098.0,423098.0,422940.0,422940.0,0.1232,52112.528,2
2026-09-24T04:05:00+00:00,422940.0,422940.0,422940.0,422940.0,0.0,0.0,0
2026-09-24T04:10:00+00:00,422318.0,422318.0,422156.0,422156.0,0.3968,167527.7008,3
2026-09-24T04:15:00+00:00,422156.0,422156.0,422156.0,422156.0,0.0,0.0,0
2026-09-24T04:20:00+00:00,422156.0,422156.0,422156.0,422156.0,0.0,0.0,0
2026-09-24T04:25:00+00:00,422156.0,422156.0,422156.0,422156.0,0.0,0.0,0
2026-09-24T04:30:00+00:00,422156.0,422156.0,422156.0,422156.0,0.0,0.0,0
2026-09-24T04:35:00+00:00,422156.0,422156.0,422156.0,422156.0,0.0,0.0,0
2026-09-24T04:40:00+00:00,422156.0,422156.0,422156.0,422156.0,0.0,0.0,0
2026-09-24T04:45:00+00:00,422156.0,422156.0,422156.0,422156.0,0.0,0.0,0
2026-09-24T04:50:00+00:00,422156.0,422156.0,422156.0,422156.0,0.0,0.0,0
2026-09-24T04:55:00+00:00,422156.0,422156.0,422156.0,422156.0,0.0,0.0,0
2026-09-24T05:00:00+00:00,422156.0,422156.0,422156.0,422156.0,0.0,0.0,0
2026-09-24T05:05:00+00:00,426435.0,426435.0,426435.0,426435.0,0.1,42643.5,1
2026-09-24T05:10:00+00:00,426066.0,426066.0,425204.0,425204.0,0.1466,62369.3864,2
2026-09-24T05:15:00+00:00,425203.0,425203.0,425203.0,425203.0,0.0416,17688.4448,1
2026-09-24T05:20:00+00:00,425203.0,425203.0,425203.0,425203.0,0.0,0.0,0
2026-09-24T05:25:00+00:00,425203.0,425203.0,425203.0,425203.0,0.0,0.0,0
2026-09-24T05:30:00+00:00,425203.0,425203.0,425203.0,425203.0,0.0,0.0,0
2026-09-24T05:35:00+00:00,425203.0,425203.0,425203.0,425203.0,0.0,0.0,0
2026-09-24T05:40:00+00:00,425203.0,425203.0,425203.0,425203.0,0.0,0.0,0
2026-09-24T05:45:00+00:00,426650.0,426650.0,426650.0,426650.0,0.6562,279967.73,1
2026-09-24T05:50:00+00:00,425783.0,425783.0,425783.0,425783.0,0.0399,16988.7417,1
2026-09-24T05:55:00+00:00,425783.0,425783.0,425783.0,425783.0,0.0,0.0,0
2026-09-24T06:00:00+00:00,425783.0,425783.0,425783.0,425783.0,0.0,0.0,0
2026-09-24T06:05:00+00:00,425783.0,425783.0,425783.0,425783.0,0.0,0.0,0
2026-09-24T06:10:00+00:00,425783.0,425783.0,425783.0,425783.0,0.0,0.0,0
2026-09-24T06:15:00+00:00,425783.0,425783.0,425783.0,425783.0,0.0,0.0,0
2026-09-24T06:20:00+00:00,425965.0,425965.0,425965.0,425965.0,0.04,17038.6,1
2026-09-24T06:25:00+00:00,425965.0,425965.0,425965.0,425965.0,0.0,0.0,0
2026-09-24T06:30:00+00:00,425965.0,425965.0,425965.0,425965.0,0.0,0.0,0
2026-09-24T06:35:00+00:00,425965.0,425965.0,425965.0,425965.0,0.0,0.0,0
2026-09-24T06:40:00+00:00,426396.0,426527.0,426396.0,426527.0,0.22,93833.32,2
2026-09-24T06:45:00+00:00,426527.0,426527.0,426527.0,426527.0,0.0,0.0,0
2026-09-24T06:50:00+00:00,426527.0,426527.0,426527.0,426527.0,0.0,0.0,0
2026-09-24T06:55:00+00:00,426527.0,426527.0,426527.0,426527.0,0.0,0.0,0
2026-09-24T07:00:00+00:00,425683.0,425683.0,425683.0,425683.0,0.0116,4937.9228,1
2026-09-24T07:05:00+00:00,425683.0,425683.0,425683.0,425683.0,0.0,0.0,0
2026-09-24T07:10:00+00:00,425683.0,425683.0,425683.0,425683.0,0.0,0.0,0
2026-09-24T07:15:00+00:00,425683.0,425683.0,425683.0,425683.0,0.0,0.0,0
2026-09-24T07:20:00+00:00,426068.0,427000.0,426068.0,427000.0,1.2476812646370024,532606.8,4
2026-09-24T07:25:00+00:00,427000.0,427000.0,427000.0,427000.0,0.0,0.0,0
2026-09-24T07:30:00+00:00,427000.0,427000.0,427000.0,427000.0,0.6,256200.0,5
2026-09-24T07:35:00+00:00,426678.0,426678.0,426678.0,426678.0,0.0251,10709.6178,1
2026-09-24T07:40:00+00:00,426678.0,426678.0,426678.0,426678.0,0.0,0.0,0
2026-09-24T07:45:00+00:00,426750.0,426750.0,426718.0,426718.0,0.12,51206.8,2
2026-09-24T07:50:00+00:00,426718.0,426718.0,426718.0,426718.0,0.0,0.0,0
2026-09-24T07:55:00+00:00,426910.0,426910.0,426910.0,426910.0,0.04,17076.4,1
2026-09-24T08:00:00+00:00,426639.0,426639.0,426639.0,426639.0,0.005,2133.195,1
2026-09-24T08:05:00+00:00,426395.0,426465.0,426065.0,426065.0,0.3602,153527.8084,8
2026-09-24T08:10:00+00:00,426099.0,426099.0,425896.0,425896.0,0.599,255163.522,16
2026-09-24T08:15:00+00:00,425552.0,425552.0,425533.0,425533.0,0.3794,161452.8202,3
2026-09-24T08:20:00+00:00,425800.0,425800.0,425800.0,425800.0,0.4698,200040.84,7
2026-09-24T08:25:00+00:00,424137.0,424137.0,423373.0,423464.0,2.0232,857139.2042,19
2026-09-24T08:30:00+00:00,423611.0,423611.0,423205.0,423205.0,0.3984,168689.3616,4
2026-09-24T08:35:00+00:00,423205.0,423205.0,423205.0,423205.0,0.0,0.0,0
2026-09-24T08:40:00+00:00,424043.0,424044.0,424043.0,424044.0,0.12,50885.2384,2
2026-09-24T08:45:00+00:00,422100.0,422100.0,421501.0,421501.0,0.2295,96847.99,2
2026-09-24T08:50:00+00:00,421501.0,421501.0,421501.0,421501.0,0.0,0.0,0
2026-09-24T08:55:00+00:00,421501.0,421501.0,421501.0,421501.0,0.0,0.0,0
2026-09-24T09:00:00+00:00,421501.0,421501.0,421501.0,421501.0,0.0,0.0,0
2026-09-24T09:05:00+00:00,423998.0,424330.0,423998.0,424330.0,2.3565,999768.4684,6
2026-09-24T09:10:00+00:00,424330.0,424330.0,424330.0,424330.0,0.0,0.0,0
2026-09-24T09:15:00+00:00,424330.0,424330.0,424330.0,424330.0,0.0,0.0,0
2026-09-24T09:20:00+00:00,422009.0,422009.0,422008.0,422008.0,1.2636,533250.4724,7
2026-09-24T09:25:00+00:00,422008.0,422008.0,422008.0,422008.0,0.0,0.0,0
2026-09-24T09:30:00+00:00,421000.0,421000.0,418888.0,418888.0,2.1617,907404.2516,22
2026-09-24T09:35:00+00:00,418888.0,420741.0,418000.0,420719.0,1.6623234148182315,695386.6888,8
2026-09-24T09:40:00+00:00,420719.0,420719.0,420719.0,420719.0,0.0,0.0,0
2026-09-24T09:45:00+00:00,420719.0,420719.0,420719.0,420719.0,0.0,0.0,0
2026-09-24T09:50:00+00:00,420719.0,420719.0,420719.0,420719.0,0.0,0.0,0
2026-09-24T09:55:00+00:00,420719.0,420719.0,420719.0,420719.0,0.0,0.0,0
2026-09-24T10:00:00+00:00,420285.0,420285.0,420285.0,420285.0,0.005948344575704581,2500.0,1
2026-09-24T10:05:00+00:00,420285.0,420285.0,420285.0,420285.0,0.0,0.0,0
2026-09-24T10:10:00+00:00,420285.0,420285.0,420285.0,420285.0,0.0,0.0,0
2026-09-24T10:15:00+00:00,420285.0,420285.0,420285.0,420285.0,0.0,0.0,0
2026-09-24T10:20:00+00:00,420285.0,420285.0,420285.0,420285.0,0.0,0.0,0
2026-09-24T10:25:00+00:00,420285.0,420285.0,420285.0,420285.0,0.0,0.0,0
2026-09-24T10:30:00+00:00,420285.0,420285.0,420285.0,420285.0,0.0,0.0,0
2026-09-24T10:35:00+00:00,420285.0,420285.0,420285.0,420285.0,0.0,0.0,0
2026-09-24T10:40:00+00:00,420285.0,420285.0,420285.0,420285.0,0.0,0.0,0
2026-09-24T10:45:00+00:00,420285.0,420285.0,420285.0,420285.0,0.0,0.0,0
2026-09-24T10:50:00+00:00,420285.0,420285.0,420285.0,420285.0,0.0,0.0,0
2026-09-24T10:55:00+00:00,420385.0,420385.0,420385.0,420385.0,0.12,50446.2,1
2026-09-24T11:00:00+00:00,421714.0,421798.0,421714.0,421797.0,1.32,556746.6968,13
2026-09-24T11:05:00+00:00,421583.0,421583.0,421583.0,421583.0,0.7304,307924.2232,5
2026-09-24T11:10:00+00:00,421013.0,421013.0,421013.0,421013.0,0.0428,18019.3564,1
2026-09-24T11:15:00+00:00,421435.0,421435.0,421435.0,421435.0,0.711,299640.285,3
2026-09-24T11:20:00+00:00,421435.0,421435.0,421435.0,421435.0,0.0,0.0,0
2026-09-24T11:25:00+00:00,421435.0,421435.0,421435.0,421435.0,0.0,0.0,0
2026-09-24T11:30:00+00:00,421435.0,421435.0,421435.0,421435.0,0.0,0.0,0
2026-09-24T11:35:00+00:00,421435.0,421435.0,421435.0,421435.0,0.0,0.0,0
2026-09-24T11:40:00+00:00,421435.0,421435.0,421435.0,421435.0,0.0,0.0,0
2026-09-24T11:45:00+00:00,421435.0,421435.0,421435.0,421435.0,0.0,0.0,0
2026-09-24T11:50:00+00:00,421435.0,421435.0,421435.0,421435.0,0.0,0.0,0
2026-09-24T11:55:00+00:00,421435.0,421435.0,421435.0,421435.0,0.0,0.0,0
2026-09-24T12:00:00+00:00,421435.0,421435.0,421435.0,421435.0,0.0,0.0,0
2026-09-24T12:05:00+00:00,421435.0,421435.0,421435.0,421435.0,0.0,0.0,0
2026-09-24T12:10:00+00:00,421592.0,422009.0,421592.0,422009.0,2.369989504252279,1000000.0,5
2026-09-24T12:15:00+00:00,421708.0,422009.0,420880.0,420880.0,1.376,580302.4911,8
2026-09-24T12:20:00+00:00,420880.0,420880.0,420880.0,420880.0,0.0,0.0,0
2026-09-24T12:25:00+00:00,420880.0,420880.0,420880.0,420880.0,0.0,0.0,0
2026-09-24T12:30:00+00:00,420880.0,420880.0,420880.0,420880.0,0.0,0.0,0
2026-09-24T12:35:00+00:00,420880.0,420880.0,420880.0,420880.0,0.0,0.0,0
2026-09-24T12:40:00+00:00,420880.0,420880.0,420880.0,420880.0,0.0,0.0,0
2026-09-24T12:45:00+00:00,420880.0,420880.0,420880.0,420880.0,0.0,0.0,0
2026-09-24T12:50:00+00:00,420880.0,420880.0,420880.0,420880.0,0.0,0.0,0
2026-09-24T12:55:00+00:00,420880.0,420880.0,420880.0,420880.0,0.0,0.0,0
2026-09-24T13:00:00+00:00,420880.0,420880.0,420880.0,420880.0,0.0,0.0,0
2026-09-24T13:05:00+00:00,421174.0,422009.0,421174.0,421314.0,0.3948,166396.0511,5
2026-09-24T13:10:00+00:00,421314.0,421314.0,421314.0,421314.0,0.0,0.0,0
2026-09-24T13:15:00+00:00,422009.0,422009.0,422009.0,422009.0,4.533310495747721,1913097.829,29
2026-09-24T13:20:00+00:00,422009.0,422009.0,422009.0,422009.0,0.0,0.0,0
2026-09-24T13:25:00+00:00,422009.0,422009.0,422009.0,422009.0,0.0,0.0,0
2026-09-24T13:30:00+00:00,423644.0,423644.0,423644.0,423644.0,0.7299,309217.7556,4
2026-09-24T13:35:00+00:00,423644.0,423644.0,423644.0,423644.0,0.0,0.0,0
2026-09-24T13:40:00+00:00,423644.0,423644.0,423644.0,423644.0,0.0,0.0,0
2026-09-24T13:45:00+00:00,423644.0,423644.0,423644.0,423644.0,0.0,0.0,0
2026-09-24T13:50:00+00:00,423644.0,423644.0,423644.0,423644.0,0.0,0.0,0
2026-09-24T13:55:00+00:00,423644.0,423644.0,423644.0,423644.0,0.0,0.0,0
2026-09-24T14:00:00+00:00,423644.0,423644.0,423644.0,423644.0,0.0,0.0,0
2026-09-24T14:05:00+00:00,423644.0,423644.0,423644.0,423644.0,0.0,0.0,0
2026-09-24T14:10:00+00:00,423644.0,423644.0,423644.0,423644.0,0.0,0.0,0
2026-09-24T14:15:00+00:00,423644.0,423644.0,423644.0,423644.0,0.0,0.0,0
2026-09-24T14:20:00+00:00,425315.0,425750.0,425315.0,425750.0,2.8184,1199148.9705,11
2026-09-24T14:25:00+00:00,426000.0,427838.0,426000.0,427838.0,1.3521187353629978,576241.0706,14
2026-09-24T14:30:00+00:00,427415.0,428000.0,427415.0,427701.0,1.62,693031.0684,10
2026-09-24T14:35:00+00:00,427701.0,427701.0,427701.0,427701.0,0.0,0.0,0
2026-09-24T14:40:00+00:00,427701.0,427701.0,427701.0,427701.0,0.0,0.0,0
2026-09-24T14:45:00+00:00,427701.0,427701.0,427701.0,427701.0,0.0,0.0,0
2026-09-24T14:50:00+00:00,422602.0,422602.0,422602.0,422602.0,0.12,50712.24,1
2026-09-24T14:55:00+00:00,422602.0,422602.0,422602.0,422602.0,0.0,0.0,0
2026-09-24T15:00:00+00:00,422602.0,422602.0,422602.0,422602.0,0.0,0.0,0
2026-09-24T15:05:00+00:00,422602.0,422602.0,422602.0,422602.0,0.0,0.0,0
2026-09-24T15:10:00+00:00,422602.0,422602.0,422602.0,422602.0,0.0,0.0,0
2026-09-24T15:15:00+00:00,422602.0,422602.0,422602.0,422602.0,0.0,0.0,0
2026-09-24T15:20:00+00:00,424586.0,425412.0,424586.0,425412.0,0.48237987456865344,205000.0,4
2026-09-24T15:25:00+00:00,425412.0,425412.0,425412.0,425412.0,0.0,0.0,0
2026-09-24T15:30:00+00:00,425412.0,425412.0,425412.0,425412.0,0.0,0.0,0
2026-09-24T15:35:00+00:00,425412.0,425412.0,425412.0,425412.0,0.0,0.0,0
2026-09-24T15:40:00+00:00,425412.0,425412.0,425412.0,425412.0,0.0,0.0,0
2026-09-24T15:45:00+00:00,425412.0,425412.0,425412.0,425412.0,0.0,0.0,0
2026-09-24T15:50:00+00:00,425412.0,425412.0,425412.0,425412.0,0.0,0.0,0
2026-09-24T15:55:00+00:00,425412.0,425412.0,425412.0,425412.0,0.0,0.0,0
2026-09-24T16:00:00+00:00,425412.0,425412.0,425412.0,425412.0,0.0,0.0,0
2026-09-24T16:05:00+00:00,425412.0,425412.0,425412.0,425412.0,0.0,0.0,0
2026-09-24T16:10:00+00:00,425412.0,425412.0,425412.0,425412.0,0.0,0.0,0
2026-09-24T16:15:00+00:00,427999.0,427999.0,427999.0,427999.0,0.2322,99381.3678,2
2026-09-24T16:20:00+00:00,427999.0,427999.0,427999.0,427999.0,0.0,0.0,0
2026-09-24T16:25:00+00:00,427999.0,427999.0,427999.0,427999.0,0.0,0.0,0
2026-09-24T16:30:00+00:00,427999.0,427999.0,427999.0,427999.0,0.0,0.0,0
2026-09-24T16:35:00+00:00,427999.0,427999.0,427999.0,427999.0,0.0,0.0,0
2026-09-24T16:40:00+00:00,428000.0,428819.0,428000.0,428819.0,0.9363,400834.68,6
2026-09-24T16:45:00+00:00,428819.0,428819.0,428819.0,428819.0,0.0,0.0,0
2026-09-24T16:50:00+00:00,428819.0,428819.0,428819.0,428819.0,0.0,0.0,0
2026-09-24T16:55:00+00:00,427044.0,427045.0,427044.0,427045.0,0.538,229750.0579,2
2026-09-24T17:00:00+00:00,427045.0,427045.0,427045.0,427045.0,0.0,0.0,0
2026-09-24T17:05:00+00:00,427045.0,427045.0,427045.0,427045.0,0.0,0.0,0
2026-09-24T17:10:00+00:00,427045.0,427045.0,427045.0,427045.0,0.0,0.0,0
2026-09-24T17:15:00+00:00,427045.0,427045.0,427045.0,427045.0,0.0,0.0,0
2026-09-24T17:20:00+00:00,427045.0,427045.0,427045.0,427045.0,0.0,0.0,0
2026-09-24T17:25:00+00:00,427045.0,427045.0,427045.0,427045.0,0.0,0.0,0
2026-09-24T17:30:00+00:00,426481.0,426481.0,426481.0,426481.0,0.000937908136587561,399.9999999999996,1
2026-09-24T17:35:00+00:00,426481.0,426481.0,426481.0,426481.0,0.0,0.0,0
2026-09-24T17:40:00+00:00,423844.0,423844.0,423844.0,423844.0,0.0112,4747.0528,1
2026-09-24T17:45:00+00:00,423844.0,423844.0,423844.0,423844.0,0.0,0.0,0
2026-09-24T17:50:00+00:00,423844.0,423844.0,423844.0,423844.0,0.0,0.0,0
2026-09-24T17:55:00+00:00,423844.0,423844.0,423844.0,423844.0,0.0,0.0,0
2026-09-24T18:00:00+00:00,423844.0,423844.0,423844.0,423844.0,0.0,0.0,0
2026-09-24T18:05:00+00:00,423844.0,423844.0,423844.0,423844.0,0.0,0.0,0
2026-09-24T18:10:00+00:00,423844.0,423844.0,423844.0,423844.0,0.0,0.0,0
2026-09-24T18:15:00+00:00,423844.0,423844.0,423844.0,423844.0,0.0,0.0,0
2026-09-24T18:20:00+00:00,423844.0,423844.0,423844.0,423844.0,0.0,0.0,0
2026-09-24T18:25:00+00:00,423844.0,423844.0,423844.0,423844.0,0.0,0.0,0
2026-09-24T18:30:00+00:00,423844.0,423844.0,423844.0,423844.0,0.0,0.0,0
2026-09-24T18:35:00+00:00,425781.0,425781.0,425781.0,425781.0,0.0026,1107.0306,1
2026-09-24T18:40:00+00:00,425781.0,425781.0,425781.0,425781.0,0.0,0.0,0
2026-09-24T18:45:00+00:00,425781.0,425781.0,425781.0,425781.0,0.0,0.0,0
2026-09-24T18:50:00+00:00,425781.0,425781.0,425781.0,425781.0,0.0,0.0,0
2026-09-24T18:55:00+00:00,425781.0,425781.0,425781.0,425781.0,0.0,0.0,0
2026-09-24T19:00:00+00:00,425781.0,425781.0,425781.0,425781.0,0.0,0.0,0
2026-09-24T19:05:00+00:00,425781.0,425781.0,425781.0,425781.0,0.0,0.0,0
2026-09-24T19:10:00+00:00,425781.0,425781.0,425781.0,425781.0,0.0,0.0,0
2026-09-24T19:15:00+00:00,425781.0,425781.0,425781.0,425781.0,0.0,0.0,0
2026-09-24T19:20:00+00:00,425781.0,425781.0,425781.0,425781.0,0.0,0.0,0
2026-09-24T19:25:00+00:00,425781.0,425781.0,425781.0,425781.0,0.0,0.0,0
2026-09-24T19:30:00+00:00,428615.0,429024.0,428615.0,429024.0,0.30305083165510555,130000.0,3
2026-09-24T19:35:00+00:00,429024.0,429024.0,429024.0,429024.0,0.0,0.0,0
2026-09-24T19:40:00+00:00,428419.0,428937.0,428419.0,428937.0,0.15397502197292376,66000.0,2
2026-09-24T19:45:00+00:00,428937.0,428937.0,428937.0,428937.0,0.0,0.0,0
2026-09-24T19:50:00+00:00,428882.0,428882.0,428882.0,428882.0,0.002331643668887945,999.9999999999997,1
2026-09-24T19:55:00+00:00,428882.0,428882.0,428882.0,428882.0,0.0,0.0,0
2026-09-24T20:00:00+00:00,428882.0,428882.0,428882.0,428882.0,0.0,0.0,0
2026-09-24T20:05:00+00:00,428882.0,428882.0,428882.0,428882.0,0.0,0.0,0
2026-09-24T20:10:00+00:00,428882.0,428882.0,428882.0,428882.0,0.0,0.0,0
2026-09-24T20:15:00+00:00,428882.0,428882.0,428882.0,428882.0,0.0,0.0,0
2026-09-24T20:20:00+00:00,428882.0,428882.0,428882.0,428882.0,0.0,0.0,0
2026-09-24T20:25:00+00:00,428882.0,428882.0,428882.0,428882.0,0.0,0.0,0
2026-09-24T20:30:00+00:00,428882.0,428882.0,428882.0,428882.0,0.0,0.0,0
2026-09-24T20:35:00+00:00,428882.0,428882.0,428882.0,428882.0,0.0,0.0,0
2026-09-24T20:40:00+00:00,428882.0,428882.0,428882.0,428882.0,0.0,0.0,0
2026-09-24T20:45:00+00:00,428882.0,428882.0,428882.0,428882.0,0.0,0.0,0
2026-09-24T20:50:00+00:00,428882.0,428882.0,428882.0,428882.0,0.0,0.0,0
2026-09-24T20:55:00+00:00,428882.0,428882.0,428882.0,428882.0,0.0,0.0,0
2026-09-24T21:00:00+00:00,428882.0,428882.0,428882.0,428882.0,0.0,0.0,0
2026-09-24T21:05:00+00:00,428882.0,428882.0,428882.0,428882.0,0.0,0.0,0
2026-09-24T21:10:00+00:00,428882.0,428882.0,428882.0,428882.0,0.0,0.0,0
2026-09-24T21:15:00+00:00,428882.0,428882.0,428882.0,428882.0,0.0,0.0,0
2026-09-24T21:20:00+00:00,428882.0,428882.0,428882.0,428882.0,0.0,0.0,0
2026-09-24T21:25:00+00:00,428882.0,428882.0,428882.0,428882.0,0.0,0.0,0
2026-09-24T21:30:00+00:00,428882.0,428882.0,428882.0,428882.0,0.0,0.0,0
2026-09-24T21:35:00+00:00,428882.0,428882.0,428882.0,428882.0,0.0,0.0,0
2026-09-24T21:40:00+00:00,428882.0,428882.0,428882.0,428882.0,0.0,0.0,0
2026-09-24T21:45:00+00:00,428882.0,428882.0,428882.0,428882.0,0.0,0.0,0
2026-09-24T21:50:00+00:00,428882.0,428882.0,428882.0,428882.0,0.0,0.0,0
2026-09-24T21:55:00+00:00,427054.0,427054.0,427054.0,427054.0,0.0505,21566.227,1
2026-09-24T22:00:00+00:00,427054.0,427054.0,427054.0,427054.0,0.2148,91731.1992,3
2026-09-24T22:05:00+00:00,426061.0,426061.0,426061.0,426061.0,0.1559,66422.9099,1
2026-09-24T22:10:00+00:00,426061.0,426061.0,426061.0,426061.0,0.0,0.0,0
2026-09-24T22:15:00+00:00,426061.0,426061.0,426061.0,426061.0,0.0,0.0,0
2026-09-24T22:20:00+00:00,426061.0,426061.0,426061.0,426061.0,0.0,0.0,0
2026-09-24T22:25:00+00:00,426061.0,426061.0,426061.0,426061.0,0.0,0.0,0
2026-09-24T22:30:00+00:00,426061.0,426061.0,426061.0,426061.0,0.0,0.0,0
2026-09-24T22:35:00+00:00,426061.0,426061.0,426061.0,426061.0,0.0,0.0,0
2026-09-24T22:40:00+00:00,426061.0,426061.0,426061.0,426061.0,0.0,0.0,0
2026-09-24T22:45:00+00:00,426061.0,426061.0,426061.0,426061.0,0.0,0.0,0
2026-09-24T22:50:00+00:00,426061.0,426061.0,426061.0,426061.0,0.0,0.0,0
2026-09-24T22:55:00+00:00,426061.0,426061.0,426061.0,426061.0,0.0,0.0,0
2026-09-24T23:00:00+00:00,426822.0,426822.0,426822.0,426822.0,3.2800558546654e-05,13.999999999999954,1
2026-09-24T23:05:00+00:00,426822.0,426822.0,426822.0,426822.0,0.000342062967700821,145.99999999999983,1
2026-09-24T23:10:00+00:00,426822.0,426822.0,426822.0,426822.0,0.0,0.0,0
2026-09-24T23:15:00+00:00,426822.0,426822.0,426822.0,426822.0,0.0,0.0,0
2026-09-24T23:20:00+00:00,426822.0,426822.0,426822.0,426822.0,0.0,0.0,0
2026-09-24T23:25:00+00:00,426822.0,426822.0,426822.0,426822.0,0.0,0.0,0
2026-09-24T23:30:00+00:00,426822.0,426822.0,426822.0,426822.0,0.0,0.0,0
2026-09-24T23:35:00+00:00,426822.0,426822.0,426822.0,426822.0,0.0,0.0,0
2026-09-24T23:40:00+00:00,426822.0,426822.0,426822.0,426822.0,0.0,0.0,0
2026-09-24T23:45:00+00:00,426822.0,426822.0,426822.0,426822.0,0.0,0.0,0
2026-09-24T23:50:00+00:00,426822.0,426822.0,426822.0,426822.0,0.0,0.0,0
2026-09-24T23:55:00+00:00,426822.0,426822.0,426822.0,426822.0,0.0,0.0,0
2026-09-25T00:00:00+00:00,426822.0,426822.0,426822.0,426822.0,0.0,0.0,0
2026-09-25T00:05:00+00:00,426822.0,426822.0,426822.0,426822.0,0.0,0.0,0
2026-09-25T00:10:00+00:00,426822.0,426822.0,426822.0,426822.0,0.0,0.0,0
2026-09-25T00:15:00+00:00,426822.0,426822.0,426822.0,426822.0,0.0,0.0,0
2026-09-25T00:20:00+00:00,426822.0,426822.0,426822.0,426822.0,0.0,0.0,0
2026-09-25T00:25:00+00:00,426822.0,426822.0,426822.0,426822.0,0.0,0.0,0
2026-09-25T00:30:00+00:00,426822.0,426822.0,426822.0,426822.0,0.0,0.0,0
2026-09-25T00:35:00+00:00,426822.0,426822.0,426822.0,426822.0,0.0,0.0,0
2026-09-25T00:40:00+00:00,427416.0,428705.0,427416.0,428705.0,5.370011370989375,2300000.0,15
2026-09-25T00:45:00+00:00,426911.0,426911.0,426909.0,426909.0,0.39,166494.91,2
2026-09-25T00:50:00+00:00,426909.0,426909.0,426909.0,426909.0,0.0,0.0,0
2026-09-25T00:55:00+00:00,426909.0,426909.0,426909.0,426909.0,0.0,0.0,0
2026-09-25T01:00:00+00:00,426909.0,426909.0,426909.0,426909.0,0.0,0.0,0
2026-09-25T01:05:00+00:00,426909.0,426909.0,426909.0,426909.0,0.0,0.0,0
2026-09-25T01:10:00+00:00,426909.0,426909.0,426909.0,426909.0,0.0,0.0,0
2026-09-25T01:15:00+00:00,426909.0,426909.0,426909.0,426909.0,0.0,0.0,0
2026-09-25T01:20:00+00:00,426909.0,426909.0,426909.0,426909.0,0.0,0.0,0
2026-09-25T01:25:00+00:00,426909.0,426909.0,426909.0,426909.0,0.0,0.0,0
2026-09-25T01:30:00+00:00,426909.0,426909.0,426909.0,426909.0,0.0,0.0,0
2026-09-25T01:35:00+00:00,426909.0,426909.0,426909.0,426909.0,0.0,0.0,0
2026-09-25T01:40:00+00:00,426909.0,426909.0,426909.0,426909.0,0.0,0.0,0
2026-09-25T01:45:00+00:00,426909.0,426909.0,426909.0,426909.0,0.0,0.0,0
2026-09-25T01:50:00+00:00,426909.0,426909.0,426909.0,426909.0,0.0,0.0,0
2026-09-25T01:55:00+00:00,426909.0,426909.0,426909.0,426909.0,0.0,0.0,0
2026-09-25T02:00:00+00:00,427333.0,427333.0,427333.0,427333.0,0.0988,42220.5004,1
2026-09-25T02:05:00+00:00,427333.0,427333.0,427333.0,427333.0,0.0,0.0,0
2026-09-25T02:10:00+00:00,427871.0,427871.0,427871.0,427871.0,0.3202,137004.2942,2
2026-09-25T02:15:00+00:00,427871.0,427871.0,427871.0,427871.0,0.0,0.0,0
2026-09-25T02:20:00+00:00,427914.0,427914.0,427914.0,427914.0,0.107,45786.798,2
2026-09-25T02:25:00+00:00,427914.0,427914.0,427000.0,427000.0,0.8015,342764.4962,7
2026-09-25T02:30:00+00:00,427000.0,427000.0,427000.0,427000.0,0.0,0.0,0
2026-09-25T02:35:00+00:00,426000.0,426000.0,426000.0,426000.0,0.1716,73101.6,5
2026-09-25T02:40:00+00:00,426000.0,426000.0,426000.0,426000.0,0.0,0.0,0
2026-09-25T02:45:00+00:00,425023.0,425023.0,425023.0,425023.0,0.3,127506.9,1
2026-09-25T02:50:00+00:00,425023.0,425023.0,425023.0,425023.0,0.0,0.0,0
2026-09-25T02:55:00+00:00,423915.0,423915.0,423913.0,423913.0,0.267,113185.0322,3
2026-09-25T03:00:00+00:00,423913.0,423913.0,423913.0,423913.0,0.0,0.0,0
2026-09-25T03:05:00+00:00,423913.0,423913.0,423913.0,423913.0,0.0,0.0,0
2026-09-25T03:10:00+00:00,424869.0,424869.0,424869.0,424869.0,7.0653,3001826.9457,30
2026-09-25T03:15:00+00:00,424869.0,424869.0,424869.0,424869.0,0.0109,4631.0721,1
2026-09-25T03:20:00+00:00,424869.0,424869.0,424869.0,424869.0,0.0,0.0,0
2026-09-25T03:25:00+00:00,424869.0,424869.0,424869.0,424869.0,0.0,0.0,0
2026-09-25T03:30:00+00:00,424869.0,424869.0,424869.0,424869.0,0.0,0.0,0
2026-09-25T03:35:00+00:00,424869.0,424869.0,424869.0,424869.0,0.0,0.0,0
2026-09-25T03:40:00+00:00,424869.0,424869.0,424869.0,424869.0,0.0,0.0,0
2026-09-25T03:45:00+00:00,424565.0,424565.0,424565.0,424565.0,0.3533,149998.8145,1
2026-09-25T03:50:00+00:00,424565.0,424565.0,424565.0,424565.0,0.0,0.0,0
2026-09-25T03:55:00+00:00,424585.0,424984.0,424585.0,424984.0,0.2351,99884.8824,3
2026-09-25T04:00:00+00:00,424984.0,424984.0,424984.0,424984.0,0.0,0.0,0
2026-09-25T04:05:00+00:00,424723.0,424723.0,424723.0,424723.0,0.1,42472.3,1
2026-09-25T04:10:00+00:00,424723.0,424723.0,424723.0,424723.0,0.0,0.0,0
2026-09-25T04:15:00+00:00,424141.0,424141.0,424141.0,424141.0,0.0707,29986.7687,1
2026-09-25T04:20:00+00:00,423711.0,423711.0,423711.0,423711.0,0.0043,1821.9573,1
2026-09-25T04:25:00+00:00,423711.0,423711.0,423711.0,423711.0,0.0,0.0,0
2026-09-25T04:30:00+00:00,423711.0,423711.0,423711.0,423711.0,0.0,0.0,0
2026-09-25T04:35:00+00:00,425114.0,425318.0,425114.0,425166.0,2.352,1000077.879,11
2026-09-25T04:40:00+00:00,425804.0,426146.0,425804.0,426146.0,0.7038,299725.269,3
2026-09-25T04:45:00+00:00,426146.0,426146.0,426146.0,426146.0,0.0,0.0,0
2026-09-25T04:50:00+00:00,426146.0,426146.0,426146.0,426146.0,0.0,0.0,0
2026-09-25T04:55:00+00:00,426146.0,426146.0,426146.0,426146.0,0.0,0.0,0
2026-09-25T05:00:00+00:00,426146.0,426146.0,426146.0,426146.0,0.0,0.0,0
2026-09-25T05:05:00+00:00,426146.0,426146.0,426146.0,426146.0,0.0,0.0,0
2026-09-25T05:10:00+00:00,424807.0,425032.0,424807.0,425032.0,1.3434,570920.6113,8
2026-09-25T05:15:00+00:00,425032.0,425032.0,425032.0,425032.0,0.0,0.0,0
2026-09-25T05:20:00+00:00,425032.0,425032.0,425032.0,425032.0,0.0,0.0,0
2026-09-25T05:25:00+00:00,425032.0,425032.0,425032.0,425032.0,0.0,0.0,0
2026-09-25T05:30:00+00:00,425032.0,425032.0,425032.0,425032.0,0.0,0.0,0
2026-09-25T05:35:00+00:00,425032.0,425032.0,425032.0,425032.0,0.0,0.0,0
2026-09-25T05:40:00+00:00,425032.0,425032.0,425032.0,425032.0,0.0,0.0,0
2026-09-25T05:45:00+00:00,425032.0,425032.0,425032.0,425032.0,0.0,0.0,0
2026-09-25T05:50:00+00:00,425032.0,425032.0,425032.0,425032.0,0.0,0.0,0
2026-09-25T05:55:00+00:00,425032.0,425032.0,425032.0,425032.0,0.0,0.0,0
2026-09-25T06:00:00+00:00,425032.0,425032.0,425032.0,425032.0,0.0,0.0,0
2026-09-25T06:05:00+00:00,425032.0,425032.0,425032.0,425032.0,0.0,0.0,0
2026-09-25T06:10:00+00:00,424295.0,424295.0,423985.0,423985.0,0.495,210019.825,4
2026-09-25T06:15:00+00:00,423985.0,423985.0,423985.0,423985.0,0.0,0.0,0
2026-09-25T06:20:00+00:00,423985.0,423985.0,423985.0,423985.0,0.0,0.0,0
2026-09-25T06:25:00+00:00,423985.0,423985.0,423985.0,423985.0,0.0,0.0,0
2026-09-25T06:30:00+00:00,423985.0,423985.0,423985.0,423985.0,0.0,0.0,0
2026-09-25T06:35:00+00:00,422767.0,422767.0,422767.0,422767.0,0.2816,119051.1872,1
2026-09-25T06:40:00+00:00,423356.0,423356.0,423356.0,423356.0,0.03,12700.68,2
2026-09-25T06:45:00+00:00,423356.0,423356.0,423356.0,423356.0,0.0,0.0,0
2026-09-25T06:50:00+00:00,422778.0,422778.0,422778.0,422778.0,0.2,84555.6,2
2026-09-25T06:55:00+00:00,422778.0,422778.0,422778.0,422778.0,0.0,0.0,0
2026-09-25T07:00:00+00:00,422778.0,422778.0,422778.0,422778.0,0.2,84555.6,2
2026-09-25T07:05:00+00:00,422778.0,422778.0,422778.0,422778.0,0.0,0.0,0
2026-09-25T07:10:00+00:00,422778.0,422778.0,422778.0,422778.0,0.004730615121884298,1999.9999999999998,1
2026-09-25T07:15:00+00:00,422778.0,422778.0,422778.0,422778.0,0.0,0.0,0
2026-09-25T07:20:00+00:00,422778.0,422778.0,422778.0,422778.0,0.043,18179.454,1
2026-09-25T07:25:00+00:00,422778.0,424225.0,422778.0,424157.0,10.381269384878117,4403472.399,42
2026-09-25T07:30:00+00:00,424156.0,424156.0,424150.0,424150.0,3.957,1678374.029,10
2026-09-25T07:35:00+00:00,424150.0,424150.0,424150.0,424150.0,0.0,0.0,0
2026-09-25T07:40:00+00:00,422807.0,423353.0,422805.0,423353.0,5.127,2169491.451,28
2026-09-25T07:45:00+00:00,423324.0,423977.0,423324.0,423930.0,16.6577,7058613.871,131
2026-09-25T07:50:00+00:00,423915.0,424372.0,423896.0,424294.0,22.784,9664142.7514,97
2026-09-25T07:55:00+00:00,424288.0,424347.0,424283.0,424297.0,2.61,1107447.186,6
2026-09-25T08:00:00+00:00,423922.0,423922.0,423922.0,423922.0,0.0008,339.1376,1
2026-09-25T08:05:00+00:00,423922.0,423922.0,423922.0,423922.0,0.0,0.0,0
2026-09-25T08:10:00+00:00,423922.0,423922.0,423922.0,423922.0,0.0,0.0,0
2026-09-25T08:15:00+00:00,423922.0,423922.0,423922.0,423922.0,0.0,0.0,0
2026-09-25T08:20:00+00:00,423922.0,423922.0,423922.0,423922.0,0.0,0.0,0
2026-09-25T08:25:00+00:00,427278.0,428186.0,427278.0,428186.0,3.4943422514981806,1496000.0,9
2026-09-25T08:30:00+00:00,426742.0,427758.0,426742.0,427758.0,14.126943739217033,6042674.2,6
2026-09-25T08:35:00+00:00,427758.0,427758.0,427758.0,427758.0,0.0,0.0,0
2026-09-25T08:40:00+00:00,426999.0,427000.0,426999.0,426999.0,0.746738517186223,318856.8,4
2026-09-25T08:45:00+00:00,426999.0,426999.0,426999.0,426999.0,0.0,0.0,0
2026-09-25T08:50:00+00:00,426701.0,426701.0,426701.0,426701.0,1.169437146854589,499000.0,1
2026-09-25T08:55:00+00:00,426701.0,426701.0,426701.0,426701.0,0.0,0.0,0
2026-09-25T09:00:00+00:00,426701.0,426701.0,426701.0,426701.0,0.0,0.0,0
2026-09-25T09:05:00+00:00,426999.0,427905.0,426999.0,427905.0,3.4626,1479363.9651,28
2026-09-25T09:10:00+00:00,427905.0,427905.0,427905.0,427905.0,0.0,0.0,0
2026-09-25T09:15:00+00:00,427427.0,427488.0,426585.0,426585.0,1.3694,585182.2472,7
2026-09-25T09:20:00+00:00,426585.0,426585.0,426585.0,426585.0,0.0,0.0,0
2026-09-25T09:25:00+00:00,426585.0,426585.0,426585.0,426585.0,0.0,0.0,0
2026-09-25T09:30:00+00:00,430000.0,430576.0,430000.0,430576.0,0.055360529151648026,23808.0212,3
2026-09-25T09:35:00+00:00,430576.0,430576.0,430576.0,430576.0,0.0,0.0,0
2026-09-25T09:40:00+00:00,430576.0,430576.0,430576.0,430576.0,0.0,0.0,0
2026-09-25T09:45:00+00:00,430576.0,430576.0,430576.0,430576.0,0.0,0.0,0
2026-09-25T09:50:00+00:00,430576.0,430576.0,430576.0,430576.0,0.0,0.0,0
2026-09-25T09:55:00+00:00,429329.0,430050.0,429054.0,429054.0,16.2123,6966142.935,8
2026-09-25T10:00:00+00:00,428079.0,428079.0,428079.0,428079.0,0.0226,9674.5854,1
2026-09-25T10:05:00+00:00,427759.0,428136.0,427688.0,427885.0,3.7447,1603043.8604,8
2026-09-25T10:10:00+00:00,428136.0,428203.0,428136.0,428203.0,0.5862,250973.4773,2
2026-09-25T10:15:00+00:00,426866.0,426866.0,426866.0,426866.0,0.0052,2219.7032,1
2026-09-25T10:20:00+00:00,428664.0,428796.0,428629.0,428796.0,1.4,600196.0,14
2026-09-25T10:25:00+00:00,428796.0,428796.0,428796.0,428796.0,0.0,0.0,0
2026-09-25T10:30:00+00:00,428796.0,428796.0,428796.0,428796.0,0.0,0.0,0
2026-09-25T10:35:00+00:00,428687.0,428687.0,428687.0,428687.0,0.0194,8316.5278,1
2026-09-25T10:40:00+00:00,428687.0,428687.0,428687.0,428687.0,0.0,0.0,0
2026-09-25T10:45:00+00:00,429796.0,430268.0,429796.0,430268.0,15.7442,6772537.8456,12
2026-09-25T10:50:00+00:00,429855.0,429855.0,429855.0,429855.0,0.0359,15431.7945,1
2026-09-25T10:55:00+00:00,428897.0,428897.0,428896.0,428896.0,0.25,107224.09,2
2026-09-25T11:00:00+00:00,428896.0,428896.0,428896.0,428896.0,0.0,0.0,0
2026-09-25T11:05:00+00:00,428896.0,428896.0,428896.0,428896.0,0.0,0.0,0
2026-09-25T11:10:00+00:00,431999.0,432297.0,431999.0,432297.0,4.6335,2002550.5309,36
2026-09-25T11:15:00+00:00,432297.0,432297.0,432297.0,432297.0,0.04,17291.88,1
2026-09-25T11:20:00+00:00,432297.0,432297.0,432297.0,432297.0,0.0081,3501.6057,2
2026-09-25T11:25:00+00:00,431294.0,431593.0,431294.0,431593.0,0.1337426765494343,57710.075,4
2026-09-25T11:30:00+00:00,431593.0,431593.0,431593.0,431593.0,0.0,0.0,0
2026-09-25T11:35:00+00:00,431593.0,431593.0,431593.0,431593.0,0.0,0.0,0
2026-09-25T11:40:00+00:00,431086.0,431086.0,431086.0,431086.0,0.01,4310.86,1
2026-09-25T11:45:00+00:00,431086.0,431086.0,431086.0,431086.0,0.0,0.0,0
2026-09-25T11:50:00+00:00,430300.0,430300.0,430300.0,430300.0,0.024,10327.2,1
2026-09-25T11:55:00+00:00,429965.0,430042.0,429965.0,430042.0,1.1511368657014895,495000.0,7
2026-09-25T12:00:00+00:00,430042.0,430042.0,430042.0,430042.0,0.0,0.0,0
2026-09-25T12:05:00+00:00,430042.0,430042.0,430042.0,430042.0,0.0,0.0,0
2026-09-25T12:10:00+00:00,428079.0,428079.0,428079.0,428079.0,0.805,344603.595,1
2026-09-25T12:15:00+00:00,425874.0,425874.0,425791.0,425791.0,2.0368,867413.72,15
2026-09-25T12:20:00+00:00,425791.0,425791.0,425791.0,425791.0,0.0,0.0,0
2026-09-25T12:25:00+00:00,425791.0,425791.0,425791.0,425791.0,0.0,0.0,0
2026-09-25T12:30:00+00:00,428418.0,428526.0,428418.0,428526.0,0.522,223688.196,3
2026-09-25T12:35:00+00:00,428526.0,428526.0,428526.0,428526.0,0.0,0.0,0
2026-09-25T12:40:00+00:00,428526.0,428526.0,428526.0,428526.0,0.0,0.0,0
2026-09-25T12:45:00+00:00,428526.0,428526.0,428526.0,428526.0,0.0,0.0,0
2026-09-25T12:50:00+00:00,428526.0,428526.0,428526.0,428526.0,0.0,0.0,0
2026-09-25T12:55:00+00:00,428526.0,428526.0,428526.0,428526.0,0.0,0.0,0
2026-09-25T13:00:00+00:00,429240.0,429240.0,429240.0,429240.0,7.209,3094391.16,5
2026-09-25T13:05:00+00:00,429755.0,430250.0,428627.0,428627.0,16.09,6922229.1981,52
2026-09-25T13:10:00+00:00,428627.0,428627.0,428627.0,428627.0,0.0,0.0,0
2026-09-25T13:15:00+00:00,428627.0,428627.0,428627.0,428627.0,0.0,0.0,0
2026-09-25T13:20:00+00:00,428627.0,428627.0,428627.0,428627.0,0.0,0.0,0
2026-09-25T13:25:00+00:00,428627.0,428627.0,428627.0,428627.0,0.0,0.0,0
2026-09-25T13:30:00+00:00,428627.0,428627.0,428627.0,428627.0,0.0,0.0,0
2026-09-25T13:35:00+00:00,428627.0,428627.0,428627.0,428627.0,0.0,0.0,0
2026-09-25T13:40:00+00:00,428627.0,428627.0,428627.0,428627.0,0.0,0.0,0
2026-09-25T13:45:00+00:00,428627.0,428627.0,428627.0,428627.0,0.0,0.0,0
2026-09-25T13:50:00+00:00,428627.0,428627.0,428627.0,428627.0,0.0,0.0,0
2026-09-25T13:55:00+00:00,424011.0,424011.0,424011.0,424011.0,0.2204,93452.0244,2
2026-09-25T14:00:00+00:00,422000.0,422000.0,422000.0,422000.0,0.2385,100647.0,4
2026-09-25T14:05:00+00:00,422000.0,422000.0,422000.0,422000.0,0.0,0.0,0
2026-09-25T14:10:00+00:00,422000.0,422000.0,422000.0,422000.0,0.0,0.0,0
2026-09-25T14:15:00+00:00,422000.0,422000.0,422000.0,422000.0,0.0,0.0,0
2026-09-25T14:20:00+00:00,422000.0,422000.0,422000.0,422000.0,0.0,0.0,0
2026-09-25T14:25:00+00:00,422000.0,422000.0,422000.0,422000.0,0.0,0.0,0
2026-09-25T14:30:00+00:00,422000.0,422000.0,422000.0,422000.0,0.0,0.0,0
2026-09-25T14:35:00+00:00,422000.0,422000.0,422000.0,422000.0,0.0,0.0,0
2026-09-25T14:40:00+00:00,422000.0,422000.0,422000.0,422000.0,0.0,0.0,0
2026-09-25T14:45:00+00:00,422000.0,422000.0,422000.0,422000.0,0.0,0.0,0
2026-09-25T14:50:00+00:00,425000.0,425000.0,424000.0,424000.0,0.6,254700.0,4
2026-09-25T14:55:00+00:00,424000.0,424000.0,424000.0,424000.0,0.0,0.0,0
2026-09-25T15:00:00+00:00,424000.0,424000.0,424000.0,424000.0,0.0,0.0,0
2026-09-25T15:05:00+00:00,424000.0,424000.0,424000.0,424000.0,0.0,0.0,0
2026-09-25T15:10:00+00:00,425199.0,425199.0,425199.0,425199.0,0.1,42519.9,1
2026-09-25T15:15:00+00:00,426552.0,426552.0,426552.0,426552.0,0.000937752020855604,399.9999999999996,1
2026-09-25T15:20:00+00:00,426552.0,426552.0,426552.0,426552.0,0.0,0.0,0
2026-09-25T15:25:00+00:00,426552.0,426552.0,426552.0,426552.0,0.0,0.0,0
2026-09-25T15:30:00+00:00,426552.0,426552.0,426552.0,426552.0,0.0,0.0,0
2026-09-25T15:35:00+00:00,426552.0,426552.0,426552.0,426552.0,0.0,0.0,0
2026-09-25T15:40:00+00:00,426552.0,426552.0,426552.0,426552.0,0.0,0.0,0
2026-09-25T15:45:00+00:00,426552.0,426552.0,426552.0,426552.0,0.0,0.0,0
2026-09-25T15:50:00+00:00,422000.0,422000.0,422000.0,422000.0,0.2311,97524.2,1
2026-09-25T15:55:00+00:00,422000.0,422000.0,422000.0,422000.0,0.0,0.0,0
2026-09-25T16:00:00+00:00,422000.0,422000.0,422000.0,422000.0,0.0,0.0,0
2026-09-25T16:05:00+00:00,422000.0,422000.0,422000.0,422000.0,0.0,0.0,0
2026-09-25T16:10:00+00:00,422000.0,422000.0,422000.0,422000.0,0.0,0.0,0
2026-09-25T16:15:00+00:00,425638.0,425638.0,425638.0,425638.0,2.0181,858980.0478,1
2026-09-25T16:20:00+00:00,425638.0,425638.0,425638.0,425638.0,0.0,0.0,0
2026-09-25T16:25:00+00:00,425638.0,425638.0,425638.0,425638.0,0.0,0.0,0
2026-09-25T16:30:00+00:00,425638.0,425638.0,425638.0,425638.0,0.0,0.0,0
2026-09-25T16:35:00+00:00,425638.0,425638.0,425638.0,425638.0,0.0,0.0,0
2026-09-25T16:40:00+00:00,425638.0,425638.0,425638.0,425638.0,0.0,0.0,0
2026-09-25T16:45:00+00:00,425638.0,425638.0,425638.0,425638.0,0.0,0.0,0
2026-09-25T16:50:00+00:00,425638.0,425638.0,425638.0,425638.0,0.0,0.0,0
2026-09-25T16:55:00+00:00,425638.0,425638.0,425638.0,425638.0,0.0,0.0,0
2026-09-25T17:00:00+00:00,425638.0,425638.0,425638.0,425638.0,0.0,0.0,0
2026-09-25T17:05:00+00:00,425638.0,425638.0,425638.0,425638.0,0.0,0.0,0
2026-09-25T17:10:00+00:00,425638.0,425638.0,425638.0,425638.0,0.0,0.0,0
2026-09-25T17:15:00+00:00,425638.0,425638.0,425638.0,425638.0,0.0,0.0,0
2026-09-25T17:20:00+00:00,425638.0,425638.0,425638.0,425638.0,0.0,0.0,0
2026-09-25T17:25:00+00:00,425638.0,425638.0,425638.0,425638.0,0.0,0.0,0
2026-09-25T17:30:00+00:00,425638.0,425638.0,425638.0,425638.0,0.0,0.0,0
2026-09-25T17:35:00+00:00,425638.0,425638.0,425638.0,425638.0,0.0,0.0,0
2026-09-25T17:40:00+00:00,424622.0,424871.0,424622.0,424871.0,0.5179804943147449,220000.0,4
2026-09-25T17:45:00+00:00,424871.0,424871.0,424871.0,424871.0,0.0,0.0,0
2026-09-25T17:50:00+00:00,424871.0,424871.0,424871.0,424871.0,0.0,0.0,0
2026-09-25T17:55:00+00:00,424871.0,424871.0,424871.0,424871.0,0.0,0.0,0
2026-09-25T18:00:00+00:00,424871.0,424871.0,424871.0,424871.0,0.0,0.0,0
2026-09-25T18:05:00+00:00,424871.0,424871.0,424871.0,424871.0,0.0,0.0,0
2026-09-25T18:10:00+00:00,424979.0,426009.0,424979.0,426009.0,0.4521052372132983,192497.9,2
2026-09-25T18:15:00+00:00,426009.0,426009.0,426009.0,426009.0,0.0,0.0,0
2026-09-25T18:20:00+00:00,426009.0,426009.0,426009.0,426009.0,0.0,0.0,0
2026-09-25T18:25:00+00:00,426009.0,426009.0,426009.0,426009.0,0.0,0.0,0
2026-09-25T18:30:00+00:00,426009.0,426009.0,426009.0,426009.0,0.0,0.0,0
2026-09-25T18:35:00+00:00,426009.0,426009.0,426009.0,426009.0,0.0,0.0,0
2026-09-25T18:40:00+00:00,426009.0,426009.0,426009.0,426009.0,0.0,0.0,0
2026-09-25T18:45:00+00:00,426009.0,426009.0,426009.0,426009.0,0.0,0.0,0
2026-09-25T18:50:00+00:00,425273.0,425273.0,425273.0,425273.0,0.0024,1020.6552,1
2026-09-25T18:55:00+00:00,425273.0,425273.0,425273.0,425273.0,0.0,0.0,0
2026-09-25T19:00:00+00:00,425273.0,425273.0,425273.0,425273.0,0.0,0.0,0
2026-09-25T19:05:00+00:00,425273.0,425273.0,425273.0,425273.0,0.0,0.0,0
2026-09-25T19:10:00+00:00,425273.0,425273.0,425273.0,425273.0,0.0,0.0,0
2026-09-25T19:15:00+00:00,425273.0,425273.0,425273.0,425273.0,0.0,0.0,0
2026-09-25T19:20:00+00:00,425398.0,425398.0,425398.0,425398.0,0.0391,16633.0618,1
2026-09-25T19:25:00+00:00,425398.0,425398.0,425398.0,425398.0,0.0,0.0,0
2026-09-25T19:30:00+00:00,425398.0,425398.0,425398.0,425398.0,0.0,0.0,0
2026-09-25T19:35:00+00:00,425398.0,425398.0,425398.0,425398.0,0.0,0.0,0
2026-09-25T19:40:00+00:00,425398.0,425398.0,425398.0,425398.0,0.0,0.0,0
2026-09-25T19:45:00+00:00,425398.0,425398.0,425398.0,425398.0,0.0,0.0,0
2026-09-25T19:50:00+00:00,425398.0,425398.0,425398.0,425398.0,0.0,0.0,0
2026-09-25T19:55:00+00:00,425398.0,425398.0,425398.0,425398.0,0.0,0.0,0
2026-09-25T20:00:00+00:00,425398.0,425398.0,425398.0,425398.0,0.0,0.0,0
2026-09-25T20:05:00+00:00,425398.0,425398.0,425398.0,425398.0,0.0,0.0,0
2026-09-25T20:10:00+00:00,425398.0,425398.0,425398.0,425398.0,0.0,0.0,0
2026-09-25T20:15:00+00:00,425398.0,425398.0,425398.0,425398.0,0.0,0.0,0
2026-09-25T20:20:00+00:00,425398.0,425398.0,425398.0,425398.0,0.0,0.0,0
2026-09-25T20:25:00+00:00,425398.0,425398.0,425398.0,425398.0,0.0,0.0,0
2026-09-25T20:30:00+00:00,425398.0,425398.0,425398.0,425398.0,0.0,0.0,0
2026-09-25T20:35:00+00:00,425398.0,425398.0,425398.0,425398.0,0.0,0.0,0
2026-09-25T20:40:00+00:00,425398.0,425398.0,425398.0,425398.0,0.0,0.0,0
2026-09-25T20:45:00+00:00,425398.0,425398.0,425398.0,425398.0,0.0,0.0,0
2026-09-25T20:50:00+00:00,425398.0,425398.0,425398.0,425398.0,0.0,0.0,0
2026-09-25T20:55:00+00:00,425398.0,425398.0,425398.0,425398.0,0.0,0.0,0
2026-09-25T21:00:00+00:00,425398.0,425398.0,425398.0,425398.0,0.0,0.0,0
2026-09-25T21:05:00+00:00,423544.0,423544.0,423544.0,423544.0,0.0002,84.7088,1
2026-09-25T21:10:00+00:00,423544.0,423544.0,423544.0,423544.0,0.0,0.0,0
2026-09-25T21:15:00+00:00,423544.0,423544.0,423544.0,423544.0,0.0,0.0,0
2026-09-25T21:20:00+00:00,423544.0,423544.0,423544.0,423544.0,0.0,0.0,0
2026-09-25T21:25:00+00:00,423544.0,423544.0,423544.0,423544.0,0.0,0.0,0
2026-09-25T21:30:00+00:00,423544.0,423544.0,423544.0,423544.0,0.0,0.0,0
2026-09-25T21:35:00+00:00,423472.0,423472.0,423472.0,423472.0,0.00425057618921676,1799.9999999999998,1
2026-09-25T21:40:00+00:00,423472.0,423472.0,423472.0,423472.0,0.0,0.0,0
2026-09-25T21:45:00+00:00,423472.0,423472.0,423472.0,423472.0,0.0,0.0,0
2026-09-25T21:50:00+00:00,423472.0,423472.0,423472.0,423472.0,0.0,0.0,0
2026-09-25T21:55:00+00:00,423472.0,423472.0,423472.0,423472.0,0.0,0.0,0
2026-09-25T22:00:00+00:00,423472.0,423472.0,423472.0,423472.0,0.0,0.0,0
2026-09-25T22:05:00+00:00,423472.0,423472.0,423472.0,423472.0,0.0,0.0,0
2026-09-25T22:10:00+00:00,423472.0,423472.0,423472.0,423472.0,0.0,0.0,0
2026-09-25T22:15:00+00:00,423472.0,423472.0,423472.0,423472.0,0.0,0.0,0
2026-09-25T22:20:00+00:00,423472.0,423472.0,423472.0,423472.0,0.0,0.0,0
2026-09-25T22:25:00+00:00,423472.0,423472.0,423472.0,423472.0,0.0,0.0,0
2026-09-25T22:30:00+00:00,423472.0,423472.0,423472.0,423472.0,0.0,0.0,0
2026-09-25T22:35:00+00:00,423472.0,423472.0,423472.0,423472.0,0.0,0.0,0
2026-09-25T22:40:00+00:00,423472.0,423472.0,423472.0,423472.0,0.0,0.0,0
2026-09-25T22:45:00+00:00,423472.0,423472.0,423472.0,423472.0,0.0,0.0,0
2026-09-25T22:50:00+00:00,423472.0,423472.0,423472.0,423472.0,0.0,0.0,0
2026-09-25T22:55:00+00:00,423472.0,423472.0,423472.0,423472.0,0.0,0.0,0
2026-09-25T23:00:00+00:00,425449.0,425449.0,425449.0,425449.0,0.002350457986738716,1000.0,1
2026-09-25T23:05:00+00:00,425449.0,425449.0,425449.0,425449.0,0.0,0.0,0
2026-09-25T23:10:00+00:00,425449.0,425449.0,425449.0,425449.0,0.0,0.0,0
2026-09-25T23:15:00+00:00,425449.0,425449.0,425449.0,425449.0,0.0,0.0,0
2026-09-25T23:20:00+00:00,425449.0,425449.0,425449.0,425449.0,0.0,0.0,0
2026-09-25T23:25:00+00:00,425449.0,425449.0,425449.0,425449.0,0.0,0.0,0
2026-09-25T23:30:00+00:00,425449.0,425449.0,425449.0,425449.0,0.0,0.0,0
2026-09-25T23:35:00+00:00,425449.0,425449.0,425449.0,425449.0,0.0,0.0,0
2026-09-25T23:40:00+00:00,425449.0,425449.0,425449.0,425449.0,0.0,0.0,0
2026-09-25T23:45:00+00:00,425449.0,425449.0,425449.0,425449.0,0.0,0.0,0
2026-09-25T23:50:00+00:00,425449.0,425449.0,425449.0,425449.0,0.0,0.0,0
2026-09-25T23:55:00+00:00,425449.0,425449.0,425449.0,425449.0,0.0,0.0,0
2026-09-26T00:00:00+00:00,425449.0,425449.0,425449.0,425449.0,0.0,0.0,0
2026-09-26T00:05:00+00:00,424065.0,424065.0,423869.0,423869.0,0.5,212012.4,4
2026-09-26T00:10:00+00:00,423869.0,423869.0,423869.0,423869.0,0.0,0.0,0
2026-09-26T00:15:00+00:00,423869.0,423869.0,423869.0,423869.0,0.0,0.0,0
2026-09-26T00:20:00+00:00,423869.0,423869.0,423869.0,423869.0,0.0,0.0,0
2026-09-26T00:25:00+00:00,423527.0,423527.0,423527.0,423527.0,0.1,42352.7,1
2026-09-26T00:30:00+00:00,423527.0,423527.0,423527.0,423527.0,0.0,0.0,0
2026-09-26T00:35:00+00:00,423986.0,429999.0,423986.0,429999.0,4.672628657275947,2000000.0,8
2026-09-26T00:40:00+00:00,429999.0,429999.0,429999.0,429999.0,0.0,0.0,0
2026-09-26T00:45:00+00:00,429999.0,429999.0,429999.0,429999.0,0.0,0.0,0
2026-09-26T00:50:00+00:00,429999.0,429999.0,429999.0,429999.0,0.0,0.0,0
2026-09-26T00:55:00+00:00,429999.0,429999.0,429999.0,429999.0,0.0,0.0,0
2026-09-26T01:00:00+00:00,429999.0,429999.0,429999.0,429999.0,0.0,0.0,0
2026-09-26T01:05:00+00:00,429999.0,429999.0,429999.0,429999.0,0.0,0.0,0
2026-09-26T01:10:00+00:00,429999.0,429999.0,429999.0,429999.0,0.0,0.0,0
2026-09-26T01:15:00+00:00,423813.0,423813.0,423812.0,423812.0,1.0,423812.6,10
2026-09-26T01:20:00+00:00,423812.0,423813.0,423812.0,423813.0,0.2,84762.5,2
2026-09-26T01:25:00+00:00,423813.0,425000.0,423813.0,425000.0,1.1247,477932.59,4
2026-09-26T01:30:00+00:00,424985.0,425327.0,424985.0,425327.0,3.8629917686862107,1643000.0,3
2026-09-26T01:35:00+00:00,425327.0,425327.0,425327.0,425327.0,0.0,0.0,0
2026-09-26T01:40:00+00:00,425327.0,425327.0,425327.0,425327.0,0.0,0.0,0
2026-09-26T01:45:00+00:00,425732.0,425917.0,425732.0,425917.0,0.339,144358.363,3
2026-09-26T01:50:00+00:00,424337.0,424337.0,424337.0,424337.0,0.059,25035.883,1
2026-09-26T01:55:00+00:00,424337.0,424337.0,424337.0,424337.0,0.0,0.0,0
2026-09-26T02:00:00+00:00,424337.0,424337.0,424337.0,424337.0,0.0,0.0,0
2026-09-26T02:05:00+00:00,424337.0,424337.0,424337.0,424337.0,0.0,0.0,0
2026-09-26T02:10:00+00:00,424337.0,424337.0,424337.0,424337.0,0.0,0.0,0
2026-09-26T02:15:00+00:00,424337.0,424337.0,424337.0,424337.0,0.0,0.0,0
2026-09-26T02:20:00+00:00,424337.0,424337.0,424337.0,424337.0,0.0,0.0,0
2026-09-26T02:25:00+00:00,424559.0,424559.0,424559.0,424559.0,0.0353,14986.9327,1
2026-09-26T02:30:00+00:00,424559.0,424559.0,424559.0,424559.0,0.0,0.0,0
2026-09-26T02:35:00+00:00,424559.0,424559.0,424559.0,424559.0,0.0,0.0,0
2026-09-26T02:40:00+00:00,424559.0,424559.0,424559.0,424559.0,0.0,0.0,0
2026-09-26T02:45:00+00:00,424559.0,424559.0,424559.0,424559.0,0.0,0.0,0
2026-09-26T02:50:00+00:00,424559.0,424559.0,424559.0,424559.0,0.0,0.0,0
2026-09-26T02:55:00+00:00,424559.0,424559.0,424559.0,424559.0,0.0,0.0,0
2026-09-26T03:00:00+00:00,424559.0,424559.0,424559.0,424559.0,0.0,0.0,0
2026-09-26T03:05:00+00:00,425073.0,431000.0,425073.0,431000.0,4.371050881670533,1870800.0,12
2026-09-26T03:10:00+00:00,431000.0,431000.0,431000.0,431000.0,0.0,0.0,0
2026-09-26T03:15:00+00:00,424667.0,424667.0,424667.0,424667.0,1.2054,511893.6018,2
2026-09-26T03:20:00+00:00,424667.0,424667.0,424667.0,424667.0,0.0,0.0,0
2026-09-26T03:25:00+00:00,424667.0,424667.0,424667.0,424667.0,0.0,0.0,0
2026-09-26T03:30:00+00:00,424667.0,424667.0,424667.0,424667.0,0.0,0.0,0
2026-09-26T03:35:00+00:00,424667.0,424667.0,424667.0,424667.0,0.0,0.0,0
2026-09-26T03:40:00+00:00,424667.0,424667.0,424667.0,424667.0,0.0,0.0,0
2026-09-26T03:45:00+00:00,424667.0,424667.0,424667.0,424667.0,0.0,0.0,0
2026-09-26T03:50:00+00:00,424667.0,424667.0,424667.0,424667.0,0.0,0.0,0
2026-09-26T03:55:00+00:00,424667.0,424667.0,424667.0,424667.0,0.0,0.0,0
2026-09-26T04:00:00+00:00,424667.0,424667.0,424667.0,424667.0,0.0,0.0,0
2026-09-26T04:05:00+00:00,424667.0,424667.0,424667.0,424667.0,0.0,0.0,0
2026-09-26T04:10:00+00:00,424667.0,424667.0,424667.0,424667.0,0.0,0.0,0
2026-09-26T04:15:00+00:00,424667.0,424667.0,424667.0,424667.0,0.0,0.0,0
2026-09-26T04:20:00+00:00,424667.0,424667.0,424667.0,424667.0,0.0,0.0,0
2026-09-26T04:25:00+00:00,424667.0,424667.0,424667.0,424667.0,0.0,0.0,0
2026-09-26T04:30:00+00:00,424667.0,424667.0,424667.0,424667.0,0.0,0.0,0
2026-09-26T04:35:00+00:00,424667.0,424667.0,424667.0,424667.0,0.0,0.0,0
2026-09-26T04:40:00+00:00,424667.0,424667.0,424667.0,424667.0,0.0,0.0,0
2026-09-26T04:45:00+00:00,425000.0,425000.0,425000.0,425000.0,0.1,42500.0,1
2026-09-26T04:50:00+00:00,425000.0,425000.0,425000.0,425000.0,0.0,0.0,0
2026-09-26T04:55:00+00:00,425000.0,425000.0,425000.0,425000.0,0.0,0.0,0
2026-09-26T05:00:00+00:00,425000.0,425000.0,425000.0,425000.0,0.0,0.0,0
2026-09-26T05:05:00+00:00,425245.0,425436.0,425245.0,425436.0,0.45575362686749593,193837.0,3
2026-09-26T05:10:00+00:00,425436.0,425436.0,425436.0,425436.0,0.0,0.0,0
2026-09-26T05:15:00+00:00,425436.0,425436.0,425436.0,425436.0,0.0,0.0,0
2026-09-26T05:20:00+00:00,425436.0,425436.0,425436.0,425436.0,0.0,0.0,0
2026-09-26T05:25:00+00:00,425204.0,425204.0,425204.0,425204.0,0.12934967686098908,55000.0,1
2026-09-26T05:30:00+00:00,425204.0,425204.0,425204.0,425204.0,0.0,0.0,0
2026-09-26T05:35:00+00:00,424987.0,425393.0,424987.0,425393.0,3.5246,1499099.0678,4
2026-09-26T05:40:00+00:00,425393.0,425393.0,425393.0,425393.0,0.0,0.0,0
2026-09-26T05:45:00+00:00,425393.0,425393.0,425393.0,425393.0,0.0,0.0,0
2026-09-26T05:50:00+00:00,424660.0,424660.0,424000.0,424000.0,0.2104,89214.904,4
2026-09-26T05:55:00+00:00,424000.0,424000.0,424000.0,424000.0,0.0,0.0,0
2026-09-26T06:00:00+00:00,424000.0,424000.0,424000.0,424000.0,0.0,0.0,0
2026-09-26T06:05:00+00:00,424000.0,424000.0,424000.0,424000.0,0.0,0.0,0
2026-09-26T06:10:00+00:00,424000.0,424000.0,424000.0,424000.0,0.0,0.0,0
2026-09-26T06:15:00+00:00,424000.0,424000.0,424000.0,424000.0,0.0,0.0,0
2026-09-26T06:20:00+00:00,424000.0,424000.0,424000.0,424000.0,0.0,0.0,0
2026-09-26T06:25:00+00:00,424000.0,424000.0,424000.0,424000.0,0.0,0.0,0
2026-09-26T06:30:00+00:00,424000.0,424000.0,424000.0,424000.0,0.0,0.0,0
2026-09-26T06:35:00+00:00,424000.0,424000.0,423074.0,423074.0,2.016,853511.0938,14
2026-09-26T06:40:00+00:00,423074.0,423074.0,423074.0,423074.0,0.0,0.0,0
2026-09-26T06:45:00+00:00,423074.0,423074.0,423074.0,423074.0,0.0,0.0,0
2026-09-26T06:50:00+00:00,423598.0,423598.0,423312.0,423312.0,0.1758,74461.8646,2
2026-09-26T06:55:00+00:00,423492.0,423492.0,423492.0,423492.0,0.009,3811.428,1
2026-09-26T07:00:00+00:00,423492.0,423492.0,423492.0,423492.0,0.0,0.0,0
2026-09-26T07:05:00+00:00,423492.0,423492.0,423492.0,423492.0,0.0,0.0,0
2026-09-26T07:10:00+00:00,424078.0,424078.0,424078.0,424078.0,0.1,42407.8,1
2026-09-26T07:15:00+00:00,424077.0,424077.0,424077.0,424077.0,0.1238,52500.7326,1
2026-09-26T07:20:00+00:00,424077.0,424077.0,424077.0,424077.0,0.0339,14376.2103,1
2026-09-26T07:25:00+00:00,424925.0,424925.0,424925.0,424925.0,0.728,309345.4,1
2026-09-26T07:30:00+00:00,424925.0,424925.0,424925.0,424925.0,0.0,0.0,0
2026-09-26T07:35:00+00:00,424925.0,424925.0,424925.0,424925.0,0.0,0.0,0
2026-09-26T07:40:00+00:00,424925.0,424925.0,424925.0,424925.0,0.0,0.0,0
2026-09-26T07:45:00+00:00,424925.0,424925.0,424925.0,424925.0,0.0,0.0,0
2026-09-26T07:50:00+00:00,424971.0,425053.0,424971.0,425053.0,0.2731,116075.0043,2
2026-09-26T07:55:00+00:00,425053.0,425053.0,425053.0,425053.0,0.4732,201135.0796,1
2026-09-26T08:00:00+00:00,425053.0,425053.0,425053.0,425053.0,0.0,0.0,0
2026-09-26T08:05:00+00:00,424856.0,433032.0,424856.0,425125.0,9.534054243335365,4095862.0,16
2026-09-26T08:10:00+00:00,425106.0,425464.0,425106.0,425464.0,9.651134761107873,4105000.0,4
2026-09-26T08:15:00+00:00,424027.0,424029.0,424027.0,424029.0,0.1849,78402.7923,2
2026-09-26T08:20:00+00:00,425172.0,425172.0,425172.0,425172.0,1.2479,530572.1388,2
2026-09-26T08:25:00+00:00,423914.0,423914.0,423914.0,423914.0,0.6,254348.4,4
2026-09-26T08:30:00+00:00,423914.0,423914.0,423914.0,423914.0,0.0,0.0,0
2026-09-26T08:35:00+00:00,424849.0,424849.0,424849.0,424849.0,0.1,42484.9,1
2026-09-26T08:40:00+00:00,424849.0,424849.0,424849.0,424849.0,0.0,0.0,0
2026-09-26T08:45:00+00:00,424849.0,424849.0,424849.0,424849.0,0.0,0.0,0
2026-09-26T08:50:00+00:00,424189.0,424189.0,424189.0,424189.0,0.1242,52684.2738,1
2026-09-26T08:55:00+00:00,425558.0,425748.0,425558.0,425698.0,3.509568176149284,1494000.0,7
2026-09-26T09:00:00+00:00,425698.0,425698.0,425698.0,425698.0,0.0,0.0,0
2026-09-26T09:05:00+00:00,424191.0,425547.0,424191.0,425547.0,9.050528848752311,3850000.0,3
2026-09-26T09:10:00+00:00,423944.0,423944.0,423000.0,423000.0,0.8011,339278.5607,10
2026-09-26T09:15:00+00:00,424215.0,424529.0,424215.0,424529.0,0.11785154842189816,50000.0,2
2026-09-26T09:20:00+00:00,423049.0,423049.0,423049.0,423049.0,0.1,42304.9,1
2026-09-26T09:25:00+00:00,423049.0,423049.0,423049.0,423049.0,0.0,0.0,0
2026-09-26T09:30:00+00:00,423049.0,423049.0,423049.0,423049.0,0.0,0.0,0
2026-09-26T09:35:00+00:00,423049.0,423049.0,423049.0,423049.0,0.0,0.0,0
2026-09-26T09:40:00+00:00,423049.0,423049.0,423049.0,423049.0,0.0,0.0,0
2026-09-26T09:45:00+00:00,423121.0,430991.0,423121.0,423500.0,4.436181781290096,1889857.25,14
2026-09-26T09:50:00+00:00,423122.0,423122.0,423122.0,423122.0,0.6,253873.2,4
2026-09-26T09:55:00+00:00,423122.0,423122.0,423122.0,423122.0,0.0,0.0,0
2026-09-26T10:00:00+00:00,423122.0,423122.0,423122.0,423122.0,0.0,0.0,0
2026-09-26T10:05:00+00:00,423755.0,423755.0,423755.0,423755.0,0.1,42375.5,1
2026-09-26T10:10:00+00:00,424522.0,424522.0,423756.0,423756.0,0.8097,343477.919,4
2026-09-26T10:15:00+00:00,423756.0,423756.0,423756.0,423756.0,0.0,0.0,0
2026-09-26T10:20:00+00:00,423756.0,423756.0,423756.0,423756.0,0.0,0.0,0
2026-09-26T10:25:00+00:00,424022.0,424022.0,423874.0,423874.0,0.2193,92970.4582,3
2026-09-26T10:30:00+00:00,423874.0,423874.0,423874.0,423874.0,0.0,0.0,0
2026-09-26T10:35:00+00:00,423611.0,423611.0,423611.0,423611.0,0.000542950962085497,229.99999999999946,2
2026-09-26T10:40:00+00:00,423611.0,423611.0,423611.0,423611.0,0.0,0.0,0
2026-09-26T10:45:00+00:00,423611.0,423611.0,423611.0,423611.0,0.0,0.0,0
2026-09-26T10:50:00+00:00,423611.0,423611.0,423611.0,423611.0,0.0,0.0,0
2026-09-26T10:55:00+00:00,423611.0,423611.0,423611.0,423611.0,0.0,0.0,0
2026-09-26T11:00:00+00:00,423611.0,423611.0,423611.0,423611.0,0.0,0.0,0
2026-09-26T11:05:00+00:00,423611.0,423611.0,423611.0,423611.0,0.0,0.0,0
2026-09-26T11:10:00+00:00,423611.0,423611.0,423611.0,423611.0,0.0,0.0,0
2026-09-26T11:15:00+00:00,423611.0,423611.0,423611.0,423611.0,0.0,0.0,0
2026-09-26T11:20:00+00:00,423611.0,423611.0,423611.0,423611.0,0.0,0.0,0
2026-09-26T11:25:00+00:00,425112.0,425112.0,425112.0,425112.0,0.5534,235256.9808,2
2026-09-26T11:30:00+00:00,425112.0,425112.0,425112.0,425112.0,0.0,0.0,0
2026-09-26T11:35:00+00:00,425112.0,425112.0,425112.0,425112.0,0.0,0.0,0
2026-09-26T11:40:00+00:00,425112.0,425112.0,425112.0,425112.0,0.0,0.0,0
2026-09-26T11:45:00+00:00,425139.0,425139.0,425139.0,425139.0,0.04233909380226232,18000.0,1
2026-09-26T11:50:00+00:00,425139.0,425139.0,425139.0,425139.0,0.0,0.0,0
2026-09-26T11:55:00+00:00,425139.0,425139.0,425139.0,425139.0,0.0,0.0,0
2026-09-26T12:00:00+00:00,425139.0,425139.0,425139.0,425139.0,0.0,0.0,0
2026-09-26T12:05:00+00:00,424956.0,424956.0,424956.0,424956.0,2.0064,852631.7184,2
2026-09-26T12:10:00+00:00,424956.0,424956.0,424956.0,424956.0,0.0,0.0,0
2026-09-26T12:15:00+00:00,424956.0,424956.0,424956.0,424956.0,0.0,0.0,0
2026-09-26T12:20:00+00:00,424956.0,424956.0,424956.0,424956.0,0.0,0.0,0
2026-09-26T12:25:00+00:00,425178.0,425179.0,425178.0,425179.0,0.3527930589234181,150000.0,2
2026-09-26T12:30:00+00:00,425179.0,425179.0,425179.0,425179.0,0.0,0.0,0
2026-09-26T12:35:00+00:00,424262.0,424262.0,424262.0,424262.0,0.1,42426.2,1
2026-09-26T12:40:00+00:00,424262.0,424262.0,424262.0,424262.0,0.0,0.0,0
2026-09-26T12:45:00+00:00,424262.0,424262.0,424262.0,424262.0,0.0,0.0,0
2026-09-26T12:50:00+00:00,424262.0,424262.0,424262.0,424262.0,0.0,0.0,0
2026-09-26T12:55:00+00:00,424262.0,424262.0,424262.0,424262.0,0.0,0.0,0
2026-09-26T13:00:00+00:00,424262.0,424262.0,424262.0,424262.0,0.0,0.0,0
2026-09-26T13:05:00+00:00,424262.0,424262.0,424262.0,424262.0,0.0,0.0,0
2026-09-26T13:10:00+00:00,424262.0,424262.0,424262.0,424262.0,0.0,0.0,0
2026-09-26T13:15:00+00:00,424262.0,424262.0,424262.0,424262.0,0.0,0.0,0
2026-09-26T13:20:00+00:00,424262.0,424262.0,424262.0,424262.0,0.0,0.0,0
2026-09-26T13:25:00+00:00,424262.0,424262.0,424262.0,424262.0,0.0,0.0,0
2026-09-26T13:30:00+00:00,424262.0,424262.0,424262.0,424262.0,0.0,0.0,0
2026-09-26T13:35:00+00:00,424262.0,424262.0,424262.0,424262.0,0.0,0.0,0
2026-09-26T13:40:00+00:00,424262.0,424262.0,424262.0,424262.0,0.0,0.0,0
2026-09-26T13:45:00+00:00,424262.0,424262.0,424262.0,424262.0,0.0,0.0,0
2026-09-26T13:50:00+00:00,424262.0,424262.0,424262.0,424262.0,0.0,0.0,0
2026-09-26T13:55:00+00:00,424861.0,425106.0,424861.0,425106.0,2.3527616641496474,1000000.0,4
2026-09-26T14:00:00+00:00,425106.0,425106.0,425106.0,425106.0,0.0,0.0,0
2026-09-26T14:05:00+00:00,425106.0,425106.0,425106.0,425106.0,0.0,0.0,0
2026-09-26T14:10:00+00:00,425106.0,425106.0,425106.0,425106.0,0.0,0.0,0
2026-09-26T14:15:00+00:00,425106.0,425106.0,425106.0,425106.0,0.0,0.0,0
2026-09-26T14:20:00+00:00,425106.0,425106.0,425106.0,425106.0,0.0,0.0,0
2026-09-26T14:25:00+00:00,425106.0,425106.0,425106.0,425106.0,0.0,0.0,0
2026-09-26T14:30:00+00:00,425106.0,425106.0,425106.0,425106.0,0.0,0.0,0
2026-09-26T14:35:00+00:00,424191.0,424191.0,424191.0,424191.0,0.1,42419.1,1
2026-09-26T14:40:00+00:00,424191.0,424191.0,424191.0,424191.0,0.0,0.0,0
2026-09-26T14:45:00+00:00,424191.0,424191.0,424191.0,424191.0,0.0,0.0,0
2026-09-26T14:50:00+00:00,424191.0,424191.0,424191.0,424191.0,0.1,42419.1,1
2026-09-26T14:55:00+00:00,424191.0,424191.0,424191.0,424191.0,0.0,0.0,0
2026-09-26T15:00:00+00:00,424191.0,424191.0,424191.0,424191.0,0.0,0.0,0
2026-09-26T15:05:00+00:00,424191.0,424191.0,424191.0,424191.0,0.0,0.0,0
2026-09-26T15:10:00+00:00,424191.0,424191.0,424191.0,424191.0,0.0,0.0,0
2026-09-26T15:15:00+00:00,424191.0,424191.0,424191.0,424191.0,0.0,0.0,0
2026-09-26T15:20:00+00:00,424191.0,424191.0,424191.0,424191.0,0.0,0.0,0
2026-09-26T15:25:00+00:00,424191.0,424191.0,424191.0,424191.0,0.0,0.0,0
2026-09-26T15:30:00+00:00,424191.0,424191.0,424191.0,424191.0,0.0,0.0,0
2026-09-26T15:35:00+00:00,424191.0,424191.0,424191.0,424191.0,0.0,0.0,0
2026-09-26T15:40:00+00:00,424191.0,424191.0,424191.0,424191.0,0.0,0.0,0
2026-09-26T15:45:00+00:00,424191.0,424191.0,424191.0,424191.0,0.0,0.0,0
2026-09-26T15:50:00+00:00,424191.0,424191.0,424191.0,424191.0,0.0,0.0,0
2026-09-26T15:55:00+00:00,424191.0,424191.0,424191.0,424191.0,0.0,0.0,0
2026-09-26T16:00:00+00:00,424191.0,424191.0,424191.0,424191.0,0.0,0.0,0
2026-09-26T16:05:00+00:00,424191.0,424191.0,424191.0,424191.0,0.0,0.0,0
2026-09-26T16:10:00+00:00,424191.0,424191.0,424191.0,424191.0,0.0,0.0,0
2026-09-26T16:15:00+00:00,424191.0,424191.0,424191.0,424191.0,0.0,0.0,0
2026-09-26T16:20:00+00:00,424191.0,424191.0,424191.0,424191.0,0.0,0.0,0
2026-09-26T16:25:00+00:00,424191.0,424191.0,424191.0,424191.0,0.0,0.0,0
2026-09-26T16:30:00+00:00,424191.0,424191.0,424191.0,424191.0,0.0,0.0,0
2026-09-26T16:35:00+00:00,424191.0,424191.0,424191.0,424191.0,0.0,0.0,0
2026-09-26T16:40:00+00:00,424191.0,424191.0,424191.0,424191.0,0.0,0.0,0
2026-09-26T16:45:00+00:00,424191.0,424191.0,424191.0,424191.0,0.0,0.0,0
2026-09-26T16:50:00+00:00,424191.0,424191.0,424191.0,424191.0,0.0,0.0,0
2026-09-26T16:55:00+00:00,424191.0,424191.0,424191.0,424191.0,0.0,0.0,0
2026-09-26T17:00:00+00:00,424191.0,424191.0,424191.0,424191.0,0.0,0.0,0
2026-09-26T17:05:00+00:00,424191.0,424191.0,424191.0,424191.0,0.0,0.0,0
2026-09-26T17:10:00+00:00,425201.0,425201.0,425201.0,425201.0,0.000940731559897554,399.9999999999999,1
2026-09-26T17:15:00+00:00,425201.0,425201.0,425201.0,425201.0,0.0,0.0,0
2026-09-26T17:20:00+00:00,425201.0,425201.0,425201.0,425201.0,0.0,0.0,0
2026-09-26T17:25:00+00:00,425201.0,425201.0,425201.0,425201.0,0.0,0.0,0
2026-09-26T17:30:00+00:00,425201.0,425201.0,425201.0,425201.0,0.0,0.0,0
2026-09-26T17:35:00+00:00,425201.0,425201.0,425201.0,425201.0,0.0,0.0,0
2026-09-26T17:40:00+00:00,425201.0,425201.0,425201.0,425201.0,0.0,0.0,0
2026-09-26T17:45:00+00:00,425201.0,425201.0,425201.0,425201.0,0.0,0.0,0
2026-09-26T17:50:00+00:00,425201.0,425201.0,425201.0,425201.0,0.0,0.0,0
2026-09-26T17:55:00+00:00,425201.0,425201.0,425201.0,425201.0,0.0,0.0,0
2026-09-26T18:00:00+00:00,425201.0,425201.0,425201.0,425201.0,0.0,0.0,0
2026-09-26T18:05:00+00:00,425201.0,425201.0,425201.0,425201.0,0.0,0.0,0
2026-09-26T18:10:00+00:00,425201.0,425201.0,425201.0,425201.0,0.0,0.0,0
2026-09-26T18:15:00+00:00,425201.0,425201.0,425201.0,425201.0,0.0,0.0,0
2026-09-26T18:20:00+00:00,425201.0,425201.0,425201.0,425201.0,0.0,0.0,0
2026-09-26T18:25:00+00:00,425201.0,425201.0,425201.0,425201.0,0.0,0.0,0
2026-09-26T18:30:00+00:00,425201.0,425201.0,425201.0,425201.0,0.0,0.0,0
2026-09-26T18:35:00+00:00,425201.0,425201.0,425201.0,425201.0,0.0,0.0,0
2026-09-26T18:40:00+00:00,425201.0,425201.0,425201.0,425201.0,0.0,0.0,0
2026-09-26T18:45:00+00:00,425201.0,425201.0,425201.0,425201.0,0.0,0.0,0
2026-09-26T18:50:00+00:00,425201.0,425201.0,425201.0,425201.0,0.0,0.0,0
2026-09-26T18:55:00+00:00,425201.0,425201.0,425201.0,425201.0,0.0,0.0,0
2026-09-26T19:00:00+00:00,425201.0,425201.0,425201.0,425201.0,0.0,0.0,0
2026-09-26T19:05:00+00:00,425201.0,425201.0,425201.0,425201.0,0.0,0.0,0
2026-09-26T19:10:00+00:00,425201.0,425201.0,425201.0,425201.0,0.0,0.0,0
2026-09-26T19:15:00+00:00,425201.0,425201.0,425201.0,425201.0,0.0,0.0,0
2026-09-26T19:20:00+00:00,425201.0,425201.0,425201.0,425201.0,0.0,0.0,0
2026-09-26T19:25:00+00:00,425201.0,425201.0,425201.0,425201.0,0.0,0.0,0
2026-09-26T19:30:00+00:00,425201.0,425201.0,425201.0,425201.0,0.0,0.0,0
2026-09-26T19:35:00+00:00,425201.0,425201.0,425201.0,425201.0,0.0,0.0,0
2026-09-26T19:40:00+00:00,425201.0,425201.0,425201.0,425201.0,0.0,0.0,0
2026-09-26T19:45:00+00:00,425201.0,425201.0,425201.0,425201.0,0.0,0.0,0
2026-09-26T19:50:00+00:00,425201.0,425201.0,425201.0,425201.0,0.0,0.0,0
2026-09-26T19:55:00+00:00,425201.0,425201.0,425201.0,425201.0,0.0,0.0,0
2026-09-26T20:00:00+00:00,425201.0,425201.0,425201.0,425201.0,0.0,0.0,0
2026-09-26T20:05:00+00:00,425201.0,425201.0,425201.0,425201.0,0.0,0.0,0
2026-09-26T20:10:00+00:00,425201.0,425201.0,425201.0,425201.0,0.0,0.0,0
2026-09-26T20:15:00+00:00,425201.0,425201.0,425201.0,425201.0,0.0,0.0,0
2026-09-26T20:20:00+00:00,425201.0,425201.0,425201.0,425201.0,0.0,0.0,0
2026-09-26T20:25:00+00:00,425201.0,425201.0,425201.0,425201.0,0.0,0.0,0
2026-09-26T20:30:00+00:00,425201.0,425201.0,425201.0,425201.0,0.0,0.0,0
2026-09-26T20:35:00+00:00,424000.0,424000.0,422503.0,422503.0,2.2821,965366.586,12
2026-09-26T20:40:00+00:00,422000.0,422000.0,421824.0,421824.0,0.4,168782.4,3
2026-09-26T20:45:00+00:00,421000.0,421000.0,421000.0,421000.0,0.3,126300.0,1
2026-09-26T20:50:00+00:00,421000.0,421000.0,421000.0,421000.0,0.0,0.0,0
2026-09-26T20:55:00+00:00,421000.0,421000.0,421000.0,421000.0,0.0,0.0,0
2026-09-26T21:00:00+00:00,421000.0,421000.0,421000.0,421000.0,0.0,0.0,0
2026-09-26T21:05:00+00:00,421000.0,421000.0,421000.0,421000.0,0.0,0.0,0
2026-09-26T21:10:00+00:00,421000.0,421000.0,421000.0,421000.0,0.0,0.0,0
2026-09-26T21:15:00+00:00,421000.0,421000.0,421000.0,421000.0,0.0,0.0,0
2026-09-26T21:20:00+00:00,421000.0,421000.0,421000.0,421000.0,0.0,0.0,0
2026-09-26T21:25:00+00:00,421000.0,421000.0,421000.0,421000.0,0.0,0.0,0
2026-09-26T21:30:00+00:00,421000.0,421000.0,421000.0,421000.0,0.0,0.0,0
2026-09-26T21:35:00+00:00,421000.0,421000.0,421000.0,421000.0,0.0,0.0,0
2026-09-26T21:40:00+00:00,421000.0,421000.0,421000.0,421000.0,0.0,0.0,0
2026-09-26T21:45:00+00:00,421000.0,421000.0,421000.0,421000.0,0.0,0.0,0
2026-09-26T21:50:00+00:00,421000.0,421000.0,421000.0,421000.0,0.0,0.0,0
2026-09-26T21:55:00+00:00,421000.0,421000.0,421000.0,421000.0,0.0,0.0,0
2026-09-26T22:00:00+00:00,424639.0,424639.0,424639.0,424639.0,0.002119447342330779,899.9999999999997,1
2026-09-26T22:05:00+00:00,424639.0,424639.0,424639.0,424639.0,0.0,0.0,0
2026-09-26T22:10:00+00:00,424639.0,424639.0,424639.0,424639.0,0.0,0.0,0
2026-09-26T22:15:00+00:00,424639.0,424639.0,424639.0,424639.0,0.0,0.0,0
2026-09-26T22:20:00+00:00,424639.0,424639.0,424639.0,424639.0,0.0,0.0,0
2026-09-26T22:25:00+00:00,424639.0,424639.0,424639.0,424639.0,0.0,0.0,0
2026-09-26T22:30:00+00:00,424639.0,424639.0,424639.0,424639.0,0.0,0.0,0
2026-09-26T22:35:00+00:00,424639.0,424639.0,424639.0,424639.0,0.0,0.0,0
2026-09-26T22:40:00+00:00,424639.0,424639.0,424639.0,424639.0,0.0,0.0,0
2026-09-26T22:45:00+00:00,424639.0,424639.0,424639.0,424639.0,0.0,0.0,0
2026-09-26T22:50:00+00:00,424639.0,424639.0,424639.0,424639.0,0.0,0.0,0
2026-09-26T22:55:00+00:00,424639.0,424639.0,424639.0,424639.0,0.0,0.0,0
2026-09-26T23:00:00+00:00,424639.0,424639.0,424639.0,424639.0,0.0,0.0,0
2026-09-26T23:05:00+00:00,424639.0,424639.0,424639.0,424639.0,0.0,0.0,0
2026-09-26T23:10:00+00:00,425385.0,425385.0,425385.0,425385.0,0.002350811617711014,999.9999999999997,1
2026-09-26T23:15:00+00:00,425385.0,425385.0,425385.0,425385.0,0.0,0.0,0
2026-09-26T23:20:00+00:00,425385.0,425385.0,425385.0,425385.0,0.0,0.0,0
2026-09-26T23:25:00+00:00,425385.0,425385.0,425385.0,425385.0,0.0,0.0,0
2026-09-26T23:30:00+00:00,425385.0,425385.0,425385.0,425385.0,0.0,0.0,0
2026-09-26T23:35:00+00:00,425385.0,425385.0,425385.0,425385.0,0.0,0.0,0
2026-09-26T23:40:00+00:00,425385.0,425385.0,425385.0,425385.0,0.0,0.0,0
2026-09-26T23:45:00+00:00,425385.0,425385.0,425385.0,425385.0,0.0,0.0,0
2026-09-26T23:50:00+00:00,425385.0,425385.0,425385.0,425385.0,0.0,0.0,0
2026-09-26T23:55:00+00:00,425385.0,425385.0,425385.0,425385.0,0.0,0.0,0
2026-09-27T00:00:00+00:00,425385.0,425385.0,425385.0,425385.0,0.0,0.0,0
2026-09-27T00:05:00+00:00,424696.0,424696.0,424696.0,424696.0,0.1387,58905.3352,1
2026-09-27T00:10:00+00:00,424696.0,424696.0,424696.0,424696.0,0.0,0.0,0
2026-09-27T00:15:00+00:00,425464.0,425464.0,425464.0,425464.0,0.0086,3658.9904,1
2026-09-27T00:20:00+00:00,425464.0,425464.0,425464.0,425464.0,0.0,0.0,0
2026-09-27T00:25:00+00:00,425356.0,425356.0,424379.0,424379.0,0.2113937351301028,89819.5224,3
2026-09-27T00:30:00+00:00,424379.0,424379.0,424379.0,424379.0,0.0,0.0,0
2026-09-27T00:35:00+00:00,424379.0,424379.0,424379.0,424379.0,0.0,0.0,0
2026-09-27T00:40:00+00:00,424379.0,424379.0,424379.0,424379.0,0.0,0.0,0
2026-09-27T00:45:00+00:00,424379.0,424379.0,424379.0,424379.0,0.0,0.0,0
2026-09-27T00:50:00+00:00,424870.0,424870.0,424870.0,424870.0,0.1,42487.0,1
2026-09-27T00:55:00+00:00,424870.0,424870.0,424870.0,424870.0,0.0,0.0,0
2026-09-27T01:00:00+00:00,424870.0,424870.0,424870.0,424870.0,0.0,0.0,0
2026-09-27T01:05:00+00:00,424870.0,424870.0,424870.0,424870.0,0.0,0.0,0
2026-09-27T01:10:00+00:00,424870.0,424870.0,424870.0,424870.0,0.0,0.0,0
2026-09-27T01:15:00+00:00,424604.0,424604.0,424604.0,424604.0,0.0025670978134921,1089.9999999999995,1
2026-09-27T01:20:00+00:00,424604.0,424604.0,424604.0,424604.0,0.0,0.0,0
2026-09-27T01:25:00+00:00,424604.0,424604.0,424604.0,424604.0,0.0,0.0,0
2026-09-27T01:30:00+00:00,424604.0,424604.0,424604.0,424604.0,0.0,0.0,0
2026-09-27T01:35:00+00:00,424604.0,424604.0,424604.0,424604.0,0.0,0.0,0
2026-09-27T01:40:00+00:00,424604.0,424604.0,424604.0,424604.0,0.0,0.0,0
2026-09-27T01:45:00+00:00,424604.0,424604.0,424604.0,424604.0,0.0,0.0,0
2026-09-27T01:50:00+00:00,424604.0,424604.0,424604.0,424604.0,0.0,0.0,0
2026-09-27T01:55:00+00:00,424604.0,424604.0,424604.0,424604.0,0.0,0.0,0
2026-09-27T02:00:00+00:00,424604.0,424604.0,424604.0,424604.0,0.0,0.0,0
2026-09-27T02:05:00+00:00,424604.0,424604.0,424604.0,424604.0,0.0,0.0,0
2026-09-27T02:10:00+00:00,424604.0,424604.0,424604.0,424604.0,0.0,0.0,0
2026-09-27T02:15:00+00:00,424604.0,424604.0,424604.0,424604.0,0.0,0.0,0
2026-09-27T02:20:00+00:00,424604.0,424604.0,424604.0,424604.0,0.0,0.0,0
2026-09-27T02:25:00+00:00,424604.0,424604.0,424604.0,424604.0,0.0,0.0,0
2026-09-27T02:30:00+00:00,426085.0,426085.0,426085.0,426085.0,0.05,21304.25,1
2026-09-27T02:35:00+00:00,426085.0,426085.0,426085.0,426085.0,0.0,0.0,0
2026-09-27T02:40:00+00:00,425678.0,425678.0,425678.0,425678.0,0.0104,4427.0512,1
2026-09-27T02:45:00+00:00,426503.0,426503.0,426501.0,426501.0,0.00234465113003351,999.9999999999997,2
2026-09-27T02:50:00+00:00,425531.0,425531.0,421893.0,425398.0,4.6901,1986384.818,13
2026-09-27T02:55:00+00:00,425398.0,425398.0,425398.0,425398.0,0.0,0.0,0
2026-09-27T03:00:00+00:00,425398.0,425398.0,425398.0,425398.0,0.0,0.0,0
2026-09-27T03:05:00+00:00,425398.0,425398.0,425398.0,425398.0,0.0,0.0,0
2026-09-27T03:10:00+00:00,425398.0,425398.0,425398.0,425398.0,0.0,0.0,0
2026-09-27T03:15:00+00:00,425398.0,425398.0,425398.0,425398.0,0.0,0.0,0
2026-09-27T03:20:00+00:00,425398.0,425398.0,425398.0,425398.0,0.0,0.0,0
2026-09-27T03:25:00+00:00,425398.0,425398.0,425398.0,425398.0,0.0,0.0,0
2026-09-27T03:30:00+00:00,425398.0,425398.0,425398.0,425398.0,0.0,0.0,0
2026-09-27T03:35:00+00:00,425398.0,425398.0,425398.0,425398.0,0.0,0.0,0
2026-09-27T03:40:00+00:00,425398.0,425398.0,425398.0,425398.0,0.0,0.0,0
2026-09-27T03:45:00+00:00,425398.0,425398.0,425398.0,425398.0,0.0,0.0,0
2026-09-27T03:50:00+00:00,425398.0,425398.0,425398.0,425398.0,0.0,0.0,0
2026-09-27T03:55:00+00:00,425398.0,425398.0,425398.0,425398.0,0.0,0.0,0
2026-09-27T04:00:00+00:00,425197.0,425217.0,425197.0,425217.0,0.99,420950.12,4
2026-09-27T04:05:00+00:00,425217.0,425217.0,425217.0,425217.0,0.0,0.0,0
2026-09-27T04:10:00+00:00,425217.0,425217.0,425217.0,425217.0,0.0,0.0,0
2026-09-27T04:15:00+00:00,425217.0,425217.0,425217.0,425217.0,0.0,0.0,0
2026-09-27T04:20:00+00:00,425646.0,425682.0,425646.0,425682.0,0.0688,29285.4816,2
2026-09-27T04:25:00+00:00,425682.0,425682.0,425682.0,425682.0,0.0,0.0,0
2026-09-27T04:30:00+00:00,425362.0,425362.0,425362.0,425362.0,0.13870538506025457,59000.0,1
2026-09-27T04:35:00+00:00,425362.0,425362.0,425362.0,425362.0,0.0,0.0,0
2026-09-27T04:40:00+00:00,425042.0,425046.0,425042.0,425046.0,0.4705,199982.743,3
2026-09-27T04:45:00+00:00,425046.0,425046.0,425046.0,425046.0,0.0,0.0,0
2026-09-27T04:50:00+00:00,425046.0,425046.0,425046.0,425046.0,0.0,0.0,0
2026-09-27T04:55:00+00:00,425046.0,425046.0,425046.0,425046.0,0.0,0.0,0
2026-09-27T05:00:00+00:00,425046.0,425046.0,425046.0,425046.0,0.0,0.0,0
2026-09-27T05:05:00+00:00,425046.0,425046.0,425046.0,425046.0,0.0,0.0,0
2026-09-27T05:10:00+00:00,425046.0,425046.0,425046.0,425046.0,0.0,0.0,0
2026-09-27T05:15:00+00:00,425617.0,425757.0,425617.0,425757.0,0.9395,399873.8015,4
2026-09-27T05:20:00+00:00,425757.0,425757.0,425757.0,425757.0,0.0,0.0,0
2026-09-27T05:25:00+00:00,425757.0,425757.0,425757.0,425757.0,0.0,0.0,0
2026-09-27T05:30:00+00:00,425757.0,425757.0,425757.0,425757.0,0.0,0.0,0
2026-09-27T05:35:00+00:00,425757.0,425757.0,425757.0,425757.0,0.0,0.0,0
2026-09-27T05:40:00+00:00,425757.0,425757.0,425757.0,425757.0,0.0,0.0,0
2026-09-27T05:45:00+00:00,425757.0,425757.0,425757.0,425757.0,0.0,0.0,0
2026-09-27T05:50:00+00:00,425757.0,425757.0,425757.0,425757.0,0.0,0.0,0
2026-09-27T05:55:00+00:00,425757.0,425757.0,425757.0,425757.0,0.0,0.0,0
2026-09-27T06:00:00+00:00,426886.0,426886.0,426886.0,426886.0,0.010876440080021364,4643.0,1
2026-09-27T06:05:00+00:00,426886.0,426886.0,426886.0,426886.0,0.0,0.0,0
2026-09-27T06:10:00+00:00,426886.0,426886.0,426886.0,426886.0,0.0,0.0,0
2026-09-27T06:15:00+00:00,426886.0,426886.0,426886.0,426886.0,0.0,0.0,0
2026-09-27T06:20:00+00:00,426886.0,426886.0,426886.0,426886.0,0.0,0.0,0
2026-09-27T06:25:00+00:00,426886.0,426886.0,426886.0,426886.0,0.0,0.0,0
2026-09-27T06:30:00+00:00,426886.0,426886.0,426886.0,426886.0,0.0,0.0,0
2026-09-27T06:35:00+00:00,426886.0,426886.0,426886.0,426886.0,0.0,0.0,0
2026-09-27T06:40:00+00:00,426886.0,426886.0,426886.0,426886.0,0.0,0.0,0
2026-09-27T06:45:00+00:00,427300.0,427334.0,427300.0,427334.0,0.4634,198016.4756,3
2026-09-27T06:50:00+00:00,427334.0,427334.0,427334.0,427334.0,0.0,0.0,0
2026-09-27T06:55:00+00:00,427334.0,427334.0,427334.0,427334.0,0.0,0.0,0
2026-09-27T07:00:00+00:00,427334.0,427334.0,427334.0,427334.0,0.0,0.0,0
2026-09-27T07:05:00+00:00,426670.0,426670.0,426670.0,426670.0,0.1,42667.0,1
2026-09-27T07:10:00+00:00,426670.0,426670.0,426670.0,426670.0,0.0,0.0,0
2026-09-27T07:15:00+00:00,426670.0,426670.0,426670.0,426670.0,0.0,0.0,0
2026-09-27T07:20:00+00:00,426670.0,426670.0,426670.0,426670.0,0.0,0.0,0
2026-09-27T07:25:00+00:00,426670.0,426670.0,426670.0,426670.0,0.0,0.0,0
2026-09-27T07:30:00+00:00,426383.0,426670.0,426383.0,426670.0,0.6154,262568.2982,4
2026-09-27T07:35:00+00:00,426670.0,426670.0,426670.0,426670.0,0.2,85334.0,2
2026-09-27T07:40:00+00:00,426670.0,426670.0,426670.0,426670.0,0.5,213335.0,5
2026-09-27T07:45:00+00:00,426670.0,426670.0,426670.0,426670.0,0.0,0.0,0
2026-09-27T07:50:00+00:00,426670.0,426670.0,426670.0,426670.0,0.0,0.0,0
2026-09-27T07:55:00+00:00,426670.0,426670.0,426670.0,426670.0,0.0467,19925.489,3
2026-09-27T08:00:00+00:00,426670.0,426670.0,426670.0,426670.0,0.0,0.0,0
2026-09-27T08:05:00+00:00,426670.0,426670.0,426670.0,426670.0,0.0,0.0,0
2026-09-27T08:10:00+00:00,426670.0,426670.0,426670.0,426670.0,0.0,0.0,0
2026-09-27T08:15:00+00:00,427499.0,427499.0,427499.0,427499.0,0.001,427.499,1
2026-09-27T08:20:00+00:00,427499.0,427499.0,427499.0,427499.0,0.0,0.0,0
2026-09-27T08:25:00+00:00,427499.0,427499.0,427499.0,427499.0,0.0,0.0,0
2026-09-27T08:30:00+00:00,427471.0,428159.0,427470.0,428159.0,0.3026,129360.323,4
2026-09-27T08:35:00+00:00,427966.0,427966.0,427906.0,427906.0,0.077,32951.258,2
2026-09-27T08:40:00+00:00,427906.0,427906.0,427906.0,427906.0,0.0,0.0,0
2026-09-27T08:45:00+00:00,427347.0,427347.0,427347.0,427347.0,0.0076,3247.8372,1
2026-09-27T08:50:00+00:00,427347.0,427347.0,427347.0,427347.0,0.0,0.0,0
2026-09-27T08:55:00+00:00,427347.0,427347.0,427347.0,427347.0,0.0,0.0,0
2026-09-27T09:00:00+00:00,427358.0,427358.0,427358.0,427358.0,0.0106,4529.9948,1
2026-09-27T09:05:00+00:00,427358.0,427358.0,427358.0,427358.0,0.0,0.0,0
2026-09-27T09:10:00+00:00,427358.0,427358.0,427358.0,427358.0,0.0,0.0,0
2026-09-27T09:15:00+00:00,427358.0,427358.0,427358.0,427358.0,0.0,0.0,0
2026-09-27T09:20:00+00:00,427358.0,427358.0,427358.0,427358.0,0.0,0.0,0
2026-09-27T09:25:00+00:00,427358.0,427358.0,427358.0,427358.0,0.0,0.0,0
2026-09-27T09:30:00+00:00,427358.0,427358.0,427358.0,427358.0,0.0,0.0,0
2026-09-27T09:35:00+00:00,426907.0,426907.0,426906.0,426906.0,0.19,81112.23,2
2026-09-27T09:40:00+00:00,426906.0,426906.0,426906.0,426906.0,0.0,0.0,0
2026-09-27T09:45:00+00:00,426906.0,426906.0,426906.0,426906.0,0.1808,77184.6048,2
2026-09-27T09:50:00+00:00,426906.0,426906.0,426906.0,426906.0,0.0,0.0,0
2026-09-27T09:55:00+00:00,426906.0,426906.0,426906.0,426906.0,0.0,0.0,0
2026-09-27T10:00:00+00:00,428282.0,428282.0,428282.0,428282.0,0.001781536464292218,762.9999999999997,1
2026-09-27T10:05:00+00:00,428186.0,428475.0,428180.0,428475.0,0.000955182983831889,408.9999999999994,3
2026-09-27T10:10:00+00:00,428475.0,428475.0,428475.0,428475.0,0.0,0.0,0
2026-09-27T10:15:00+00:00,428475.0,428475.0,428475.0,428475.0,0.0,0.0,0
2026-09-27T10:20:00+00:00,428475.0,428475.0,428475.0,428475.0,0.0,0.0,0
2026-09-27T10:25:00+00:00,428475.0,428475.0,428475.0,428475.0,0.0,0.0,0
2026-09-27T10:30:00+00:00,428475.0,428475.0,428475.0,428475.0,0.0,0.0,0
2026-09-27T10:35:00+00:00,428475.0,428475.0,428475.0,428475.0,0.0,0.0,0
2026-09-27T10:40:00+00:00,428475.0,428475.0,428475.0,428475.0,0.0,0.0,0
2026-09-27T10:45:00+00:00,426871.0,426871.0,426871.0,426871.0,0.7339,313280.6269,5
2026-09-27T10:50:00+00:00,426871.0,426871.0,426871.0,426871.0,0.0,0.0,0
2026-09-27T10:55:00+00:00,426871.0,426871.0,426871.0,426871.0,0.0,0.0,0
2026-09-27T11:00:00+00:00,426871.0,426871.0,426871.0,426871.0,0.0,0.0,0
2026-09-27T11:05:00+00:00,426871.0,426871.0,426871.0,426871.0,0.0,0.0,0
2026-09-27T11:10:00+00:00,426871.0,426871.0,426871.0,426871.0,0.0,0.0,0
2026-09-27T11:15:00+00:00,426871.0,426871.0,426871.0,426871.0,0.0,0.0,0
2026-09-27T11:20:00+00:00,426871.0,426871.0,426871.0,426871.0,0.0,0.0,0
2026-09-27T11:25:00+00:00,426871.0,426871.0,426871.0,426871.0,0.0,0.0,0
2026-09-27T11:30:00+00:00,426871.0,426871.0,426871.0,426871.0,0.0,0.0,0
2026-09-27T11:35:00+00:00,426594.0,426594.0,426575.0,426575.0,0.5,213289.4,2
2026-09-27T11:40:00+00:00,426575.0,426575.0,426575.0,426575.0,0.0,0.0,0
2026-09-27T11:45:00+00:00,426575.0,426575.0,426575.0,426575.0,0.0,0.0,0
2026-09-27T11:50:00+00:00,426575.0,426575.0,426575.0,426575.0,0.0,0.0,0
2026-09-27T11:55:00+00:00,426575.0,426575.0,426575.0,426575.0,0.0,0.0,0
2026-09-27T12:00:00+00:00,426575.0,426575.0,426575.0,426575.0,0.0,0.0,0
2026-09-27T12:05:00+00:00,426575.0,426575.0,426575.0,426575.0,0.0,0.0,0
2026-09-27T12:10:00+00:00,426871.0,426871.0,426871.0,426871.0,0.1,42687.1,2
2026-09-27T12:15:00+00:00,426871.0,426871.0,426871.0,426871.0,0.0,0.0,0
2026-09-27T12:20:00+00:00,426871.0,426871.0,426871.0,426871.0,0.0,0.0,0
2026-09-27T12:25:00+00:00,426871.0,426871.0,426871.0,426871.0,0.0,0.0,0
2026-09-27T12:30:00+00:00,426871.0,426871.0,426871.0,426871.0,0.0,0.0,0
2026-09-27T12:35:00+00:00,426871.0,426871.0,426871.0,426871.0,0.0,0.0,0
2026-09-27T12:40:00+00:00,426871.0,426871.0,426871.0,426871.0,0.0,0.0,0
2026-09-27T12:45:00+00:00,426871.0,426871.0,426871.0,426871.0,0.0,0.0,0
2026-09-27T12:50:00+00:00,426871.0,426871.0,426871.0,426871.0,0.0,0.0,0
2026-09-27T12:55:00+00:00,426871.0,426871.0,426871.0,426871.0,0.0,0.0,0
2026-09-27T13:00:00+00:00,426575.0,426575.0,426575.0,426575.0,1.4754,629368.755,7
2026-09-27T13:05:00+00:00,426575.0,426575.0,426575.0,426575.0,0.0,0.0,0
2026-09-27T13:10:00+00:00,426575.0,426575.0,426575.0,426575.0,0.0,0.0,0
2026-09-27T13:15:00+00:00,426575.0,426575.0,426575.0,426575.0,0.0,0.0,0
2026-09-27T13:20:00+00:00,426575.0,426575.0,426575.0,426575.0,0.0,0.0,0
2026-09-27T13:25:00+00:00,426575.0,426575.0,426575.0,426575.0,0.0,0.0,0
2026-09-27T13:30:00+00:00,426576.0,426576.0,426576.0,426576.0,0.1,42657.6,1
2026-09-27T13:35:00+00:00,426156.0,426156.0,426156.0,426156.0,0.1,42615.6,1
2026-09-27T13:40:00+00:00,426156.0,426156.0,426156.0,426156.0,0.0,0.0,0
2026-09-27T13:45:00+00:00,426156.0,426156.0,426156.0,426156.0,0.0,0.0,0
2026-09-27T13:50:00+00:00,426156.0,426156.0,426156.0,426156.0,0.0,0.0,0
2026-09-27T13:55:00+00:00,426156.0,426156.0,426156.0,426156.0,0.0,0.0,0
2026-09-27T14:00:00+00:00,426156.0,426156.0,426156.0,426156.0,0.0,0.0,0
2026-09-27T14:05:00+00:00,426156.0,426156.0,426156.0,426156.0,0.0,0.0,0
2026-09-27T14:10:00+00:00,426156.0,426156.0,426156.0,426156.0,0.0,0.0,0
2026-09-27T14:15:00+00:00,426156.0,426156.0,426156.0,426156.0,0.0,0.0,0
2026-09-27T14:20:00+00:00,426129.0,426129.0,426129.0,426129.0,0.1,42612.9,1
2026-09-27T14:25:00+00:00,426129.0,426129.0,426129.0,426129.0,0.0,0.0,0
2026-09-27T14:30:00+00:00,426129.0,426129.0,426129.0,426129.0,0.0,0.0,0
2026-09-27T14:35:00+00:00,426129.0,426129.0,426129.0,426129.0,0.0,0.0,0
2026-09-27T14:40:00+00:00,426129.0,426129.0,426129.0,426129.0,0.0,0.0,0
2026-09-27T14:45:00+00:00,426129.0,426129.0,426129.0,426129.0,0.0,0.0,0
2026-09-27T14:50:00+00:00,426129.0,426129.0,426129.0,426129.0,0.0,0.0,0
2026-09-27T14:55:00+00:00,426129.0,426129.0,426129.0,426129.0,0.0,0.0,0
2026-09-27T15:00:00+00:00,423946.0,424075.0,423946.0,424075.0,0.353768814478571,150000.0,4
2026-09-27T15:05:00+00:00,424075.0,424075.0,424075.0,424075.0,0.0,0.0,0
2026-09-27T15:10:00+00:00,424075.0,424075.0,424075.0,424075.0,0.0,0.0,0
2026-09-27T15:15:00+00:00,424075.0,424075.0,424075.0,424075.0,0.0,0.0,0
2026-09-27T15:20:00+00:00,424075.0,424075.0,424075.0,424075.0,0.0,0.0,0
2026-09-27T15:25:00+00:00,424075.0,424075.0,424075.0,424075.0,0.0,0.0,0
2026-09-27T15:30:00+00:00,424075.0,424075.0,424075.0,424075.0,0.0,0.0,0
2026-09-27T15:35:00+00:00,424429.0,424429.0,424429.0,424429.0,0.000942442670034328,399.9999999999998,1
2026-09-27T15:40:00+00:00,424429.0,424429.0,424429.0,424429.0,0.0,0.0,0
2026-09-27T15:45:00+00:00,424429.0,424429.0,424429.0,424429.0,0.0,0.0,0
2026-09-27T15:50:00+00:00,424429.0,424429.0,424429.0,424429.0,0.0,0.0,0
2026-09-27T15:55:00+00:00,424429.0,424429.0,424429.0,424429.0,0.0,0.0,0
2026-09-27T16:00:00+00:00,424429.0,424429.0,424429.0,424429.0,0.0,0.0,0
2026-09-27T16:05:00+00:00,424429.0,424429.0,424429.0,424429.0,0.0,0.0,0
2026-09-27T16:10:00+00:00,424429.0,424429.0,424429.0,424429.0,0.0,0.0,0
2026-09-27T16:15:00+00:00,424429.0,424429.0,424429.0,424429.0,0.0,0.0,0
2026-09-27T16:20:00+00:00,424429.0,424429.0,424429.0,424429.0,0.0,0.0,0
2026-09-27T16:25:00+00:00,424429.0,424429.0,424429.0,424429.0,0.0,0.0,0
2026-09-27T16:30:00+00:00,424429.0,424429.0,424429.0,424429.0,0.0,0.0,0
2026-09-27T16:35:00+00:00,424429.0,424429.0,424429.0,424429.0,0.0,0.0,0
2026-09-27T16:40:00+00:00,424429.0,424429.0,424429.0,424429.0,0.0,0.0,0
2026-09-27T16:45:00+00:00,424429.0,424429.0,424429.0,424429.0,0.0,0.0,0
2026-09-27T16:50:00+00:00,424429.0,424429.0,424429.0,424429.0,0.0,0.0,0
2026-09-27T16:55:00+00:00,424429.0,424429.0,424429.0,424429.0,0.0,0.0,0
2026-09-27T17:00:00+00:00,424429.0,424429.0,424429.0,424429.0,0.0,0.0,0
2026-09-27T17:05:00+00:00,424429.0,424429.0,424429.0,424429.0,0.0,0.0,0
2026-09-27T17:10:00+00:00,424429.0,424429.0,424429.0,424429.0,0.0,0.0,0
2026-09-27T17:15:00+00:00,424429.0,424429.0,424429.0,424429.0,0.0,0.0,0
2026-09-27T17:20:00+00:00,424429.0,424429.0,424429.0,424429.0,0.0,0.0,0
2026-09-27T17:25:00+00:00,424429.0,424429.0,424429.0,424429.0,0.0,0.0,0
2026-09-27T17:30:00+00:00,424429.0,424429.0,424429.0,424429.0,0.0,0.0,0
2026-09-27T17:35:00+00:00,424429.0,424429.0,424429.0,424429.0,0.0,0.0,0
2026-09-27T17:40:00+00:00,424429.0,424429.0,424429.0,424429.0,0.0,0.0,0
2026-09-27T17:45:00+00:00,424429.0,424429.0,424429.0,424429.0,0.0,0.0,0
2026-09-27T17:50:00+00:00,424429.0,424429.0,424429.0,424429.0,0.0,0.0,0
2026-09-27T17:55:00+00:00,424429.0,424429.0,424429.0,424429.0,0.0,0.0,0
2026-09-27T18:00:00+00:00,424429.0,424429.0,424429.0,424429.0,0.0,0.0,0
2026-09-27T18:05:00+00:00,424429.0,424429.0,424429.0,424429.0,0.0,0.0,0
2026-09-27T18:10:00+00:00,424429.0,424429.0,424429.0,424429.0,0.0,0.0,0
2026-09-27T18:15:00+00:00,424429.0,424429.0,424429.0,424429.0,0.0,0.0,0
2026-09-27T18:20:00+00:00,424429.0,424429.0,424429.0,424429.0,0.0,0.0,0
2026-09-27T18:25:00+00:00,424429.0,424429.0,424429.0,424429.0,0.0,0.0,0
2026-09-27T18:30:00+00:00,424429.0,424429.0,424429.0,424429.0,0.0,0.0,0
2026-09-27T18:35:00+00:00,424429.0,424429.0,424429.0,424429.0,0.0,0.0,0
2026-09-27T18:40:00+00:00,424429.0,424429.0,424429.0,424429.0,0.0,0.0,0
2026-09-27T18:45:00+00:00,424429.0,424429.0,424429.0,424429.0,0.0,0.0,0
2026-09-27T18:50:00+00:00,424429.0,424429.0,424429.0,424429.0,0.0,0.0,0
2026-09-27T18:55:00+00:00,424429.0,424429.0,424429.0,424429.0,0.0,0.0,0
2026-09-27T19:00:00+00:00,424429.0,424429.0,424429.0,424429.0,0.0,0.0,0
2026-09-27T19:05:00+00:00,424429.0,424429.0,424429.0,424429.0,0.0,0.0,0
2026-09-27T19:10:00+00:00,424429.0,424429.0,424429.0,424429.0,0.0,0.0,0
2026-09-27T19:15:00+00:00,424429.0,424429.0,424429.0,424429.0,0.0,0.0,0
2026-09-27T19:20:00+00:00,424429.0,424429.0,424429.0,424429.0,0.0,0.0,0
2026-09-27T19:25:00+00:00,424429.0,424429.0,424429.0,424429.0,0.0,0.0,0
2026-09-27T19:30:00+00:00,424429.0,424429.0,424429.0,424429.0,0.0,0.0,0
2026-09-27T19:35:00+00:00,424429.0,424429.0,424429.0,424429.0,0.0,0.0,0
2026-09-27T19:40:00+00:00,424429.0,424429.0,424429.0,424429.0,0.0,0.0,0
2026-09-27T19:45:00+00:00,424429.0,424429.0,424429.0,424429.0,0.0,0.0,0
2026-09-27T19:50:00+00:00,424429.0,424429.0,424429.0,424429.0,0.0,0.0,0
2026-09-27T19:55:00+00:00,424769.0,424769.0,424769.0,424769.0,0.002354220764697988,999.9999999999997,1
2026-09-27T20:00:00+00:00,424769.0,424769.0,424769.0,424769.0,0.0,0.0,0
2026-09-27T20:05:00+00:00,424769.0,424769.0,424769.0,424769.0,0.0,0.0,0
2026-09-27T20:10:00+00:00,424769.0,424769.0,424769.0,424769.0,0.0,0.0,0
2026-09-27T20:15:00+00:00,424769.0,424769.0,424769.0,424769.0,0.0,0.0,0
2026-09-27T20:20:00+00:00,424769.0,424769.0,424769.0,424769.0,0.0,0.0,0
2026-09-27T20:25:00+00:00,424769.0,424769.0,424769.0,424769.0,0.0,0.0,0
2026-09-27T20:30:00+00:00,424769.0,424769.0,424769.0,424769.0,0.0,0.0,0
2026-09-27T20:35:00+00:00,424769.0,424769.0,424769.0,424769.0,0.0,0.0,0
2026-09-27T20:40:00+00:00,424769.0,424769.0,424769.0,424769.0,0.0,0.0,0
2026-09-27T20:45:00+00:00,424769.0,424769.0,424769.0,424769.0,0.0,0.0,0
2026-09-27T20:50:00+00:00,424769.0,424769.0,424769.0,424769.0,0.0,0.0,0
2026-09-27T20:55:00+00:00,424769.0,424769.0,424769.0,424769.0,0.0,0.0,0
2026-09-27T21:00:00+00:00,424769.0,424769.0,424769.0,424769.0,0.0,0.0,0
2026-09-27T21:05:00+00:00,424769.0,424769.0,424769.0,424769.0,0.0,0.0,0
2026-09-27T21:10:00+00:00,424501.0,424501.0,424501.0,424501.0,0.000647819439765747,274.9999999999994,2
2026-09-27T21:15:00+00:00,424501.0,424501.0,424501.0,424501.0,0.0,0.0,0
2026-09-27T21:20:00+00:00,424501.0,424501.0,424501.0,424501.0,0.0,0.0,0
2026-09-27T21:25:00+00:00,424501.0,424501.0,424501.0,424501.0,0.0,0.0,0
2026-09-27T21:30:00+00:00,424501.0,424501.0,424501.0,424501.0,0.0,0.0,0
2026-09-27T21:35:00+00:00,424500.0,424500.0,424500.0,424500.0,0.0019,806.55,1
2026-09-27T21:40:00+00:00,424500.0,424500.0,424500.0,424500.0,0.0,0.0,0
2026-09-27T21:45:00+00:00,424500.0,424500.0,424500.0,424500.0,0.0,0.0,0
2026-09-27T21:50:00+00:00,424500.0,424500.0,424500.0,424500.0,0.0,0.0,0
2026-09-27T21:55:00+00:00,424500.0,424500.0,424500.0,424500.0,0.0,0.0,0
2026-09-27T22:00:00+00:00,424500.0,424500.0,424500.0,424500.0,0.0,0.0,0
2026-09-27T22:05:00+00:00,423138.0,423138.0,423138.0,423138.0,0.002126965670774073,899.9999999999997,1
2026-09-27T22:10:00+00:00,422000.0,422000.0,422000.0,422000.0,1.1849,500027.8,1
2026-09-27T22:15:00+00:00,422000.0,422000.0,422000.0,422000.0,0.0,0.0,0
2026-09-27T22:20:00+00:00,422000.0,422000.0,422000.0,422000.0,0.0,0.0,0
2026-09-27T22:25:00+00:00,422000.0,422000.0,422000.0,422000.0,0.0,0.0,0
2026-09-27T22:30:00+00:00,422000.0,422000.0,422000.0,422000.0,0.0,0.0,0
2026-09-27T22:35:00+00:00,422000.0,422000.0,422000.0,422000.0,0.0,0.0,0
2026-09-27T22:40:00+00:00,422000.0,422000.0,422000.0,422000.0,0.0,0.0,0
2026-09-27T22:45:00+00:00,422000.0,422000.0,422000.0,422000.0,0.0,0.0,0
2026-09-27T22:50:00+00:00,422000.0,422000.0,422000.0,422000.0,0.0,0.0,0
2026-09-27T22:55:00+00:00,422000.0,422000.0,422000.0,422000.0,0.0,0.0,0
2026-09-27T23:00:00+00:00,422000.0,422000.0,422000.0,422000.0,0.0,0.0,0
2026-09-27T23:05:00+00:00,422000.0,422000.0,422000.0,422000.0,0.0,0.0,0
2026-09-27T23:10:00+00:00,422000.0,422000.0,422000.0,422000.0,0.0,0.0,0
2026-09-27T23:15:00+00:00,422000.0,422000.0,422000.0,422000.0,0.0,0.0,0
2026-09-27T23:20:00+00:00,422000.0,422000.0,422000.0,422000.0,0.0,0.0,0
2026-09-27T23:25:00+00:00,422000.0,422000.0,422000.0,422000.0,0.0,0.0,0
2026-09-27T23:30:00+00:00,422000.0,422000.0,422000.0,422000.0,0.0,0.0,0
2026-09-27T23:35:00+00:00,422000.0,422000.0,422000.0,422000.0,0.0,0.0,0
2026-09-27T23:40:00+00:00,423877.0,423877.0,423877.0,423877.0,0.025,10596.925,1
2026-09-27T23:45:00+00:00,423877.0,423877.0,423877.0,423877.0,0.0,0.0,0
2026-09-27T23:50:00+00:00,423877.0,423877.0,423877.0,423877.0,0.0,0.0,0
2026-09-27T23:55:00+00:00,423877.0,423877.0,423877.0,423877.0,0.0,0.0,0
2026-09-28T00:00:00+00:00,423877.0,423877.0,423877.0,423877.0,0.0,0.0,0
2026-09-28T00:05:00+00:00,423877.0,423877.0,423877.0,423877.0,0.0,0.0,0
2026-09-28T00:10:00+00:00,423877.0,423877.0,423877.0,423877.0,0.0,0.0,0
2026-09-28T00:15:00+00:00,423877.0,423877.0,423877.0,423877.0,0.0,0.0,0
2026-09-28T00:20:00+00:00,425544.0,425544.0,425544.0,425544.0,0.7,297880.8,4
2026-09-28T00:25:00+00:00,425544.0,425544.0,425544.0,425544.0,0.0,0.0,0
2026-09-28T00:30:00+00:00,425544.0,425544.0,425544.0,425544.0,0.0,0.0,0
2026-09-28T00:35:00+00:00,423964.0,424137.0,423964.0,424137.0,0.7075586426084025,300000.0,5
2026-09-28T00:40:00+00:00,424137.0,424137.0,424137.0,424137.0,0.0,0.0,0
2026-09-28T00:45:00+00:00,424137.0,424137.0,424137.0,424137.0,0.0,0.0,0
2026-09-28T00:50:00+00:00,424137.0,424137.0,424137.0,424137.0,0.0,0.0,0
2026-09-28T00:55:00+00:00,424137.0,424137.0,424137.0,424137.0,0.0,0.0,0
2026-09-28T01:00:00+00:00,424137.0,424137.0,424137.0,424137.0,0.0,0.0,0
2026-09-28T01:05:00+00:00,423108.0,423108.0,422665.0,422665.0,0.1,42287.9,3
2026-09-28T01:10:00+00:00,422479.0,422479.0,421922.0,421922.0,0.6534,275811.8021,5
2026-09-28T01:15:00+00:00,421604.0,421604.0,421510.0,421510.0,0.1214,51182.0112,2
2026-09-28T01:20:00+00:00,422283.0,422283.0,422283.0,422283.0,0.1,42228.3,1
2026-09-28T01:25:00+00:00,422767.0,422767.0,422767.0,422767.0,0.1,42276.7,1
2026-09-28T01:30:00+00:00,422765.0,423440.0,422575.0,423440.0,1.2970761595503495,548672.41,9
2026-09-28T01:35:00+00:00,422437.0,422437.0,421902.0,421902.0,0.784,331094.248,6
2026-09-28T01:40:00+00:00,421619.0,421619.0,421501.0,421501.0,0.0799,33682.6381,2
2026-09-28T01:45:00+00:00,421505.0,421505.0,420000.0,420000.0,1.7231,723813.4315,10
2026-09-28T01:50:00+00:00,420000.0,420000.0,420000.0,420000.0,0.0,0.0,0
2026-09-28T01:55:00+00:00,420151.0,420151.0,420151.0,420151.0,0.0084,3529.2684,1
2026-09-28T02:00:00+00:00,419707.0,419707.0,419707.0,419707.0,0.0399,16746.3093,1
2026-09-28T02:05:00+00:00,419187.0,419187.0,418988.0,418988.0,0.3679,154171.3852,3
2026-09-28T02:10:00+00:00,418988.0,418988.0,418988.0,418988.0,0.0,0.0,0
2026-09-28T02:15:00+00:00,418988.0,418988.0,418988.0,418988.0,0.0,0.0,0
2026-09-28T02:20:00+00:00,418988.0,418988.0,418988.0,418988.0,0.0,0.0,0
2026-09-28T02:25:00+00:00,418988.0,418988.0,418988.0,418988.0,0.0,0.0,0
2026-09-28T02:30:00+00:00,419483.0,419483.0,418972.0,418972.0,0.1482,62112.4749,3
2026-09-28T02:35:00+00:00,418532.0,418532.0,418532.0,418532.0,0.0399,16699.4268,1
2026-09-28T02:40:00+00:00,418532.0,418532.0,418532.0,418532.0,0.0,0.0,0
2026-09-28T02:45:00+00:00,418632.0,418632.0,418588.0,418588.0,0.1077,45086.3276,2
2026-09-28T02:50:00+00:00,418588.0,418588.0,418588.0,418588.0,0.0,0.0,0
2026-09-28T02:55:00+00:00,419302.0,419302.0,419302.0,419302.0,0.9539,399972.1778,3
2026-09-28T03:00:00+00:00,419558.0,419558.0,419558.0,419558.0,0.1022,42878.8276,2
2026-09-28T03:05:00+00:00,420469.0,420469.0,420469.0,420469.0,0.0356,14968.6964,2
2026-09-28T03:10:00+00:00,420469.0,420469.0,420469.0,420469.0,0.0,0.0,0
2026-09-28T03:15:00+00:00,419443.0,419443.0,419417.0,419417.0,0.2198,92191.5752,3
2026-09-28T03:20:00+00:00,420061.0,420061.0,419092.0,419092.0,0.2897,121681.9817,2
2026-09-28T03:25:00+00:00,418700.0,418700.0,418000.0,418000.0,0.9472,396223.9047,14
2026-09-28T03:30:00+00:00,418000.0,418145.0,418000.0,418135.0,0.2638,110297.0783,4
2026-09-28T03:35:00+00:00,418135.0,418135.0,418135.0,418135.0,0.0,0.0,0
2026-09-28T03:40:00+00:00,418135.0,418135.0,418135.0,418135.0,0.0,0.0,0
2026-09-28T03:45:00+00:00,418135.0,418135.0,418135.0,418135.0,0.0,0.0,0
2026-09-28T03:50:00+00:00,418135.0,418135.0,418135.0,418135.0,0.0,0.0,0
2026-09-28T03:55:00+00:00,418135.0,418135.0,418135.0,418135.0,0.0,0.0,0
2026-09-28T04:00:00+00:00,419059.0,419059.0,418365.0,418365.0,0.7039,294552.9141,5
2026-09-28T04:05:00+00:00,418365.0,418365.0,418365.0,418365.0,0.0,0.0,0
2026-09-28T04:10:00+00:00,418365.0,418365.0,418365.0,418365.0,0.0,0.0,0
2026-09-28T04:15:00+00:00,418365.0,418365.0,418365.0,418365.0,0.0,0.0,0
2026-09-28T04:20:00+00:00,418365.0,418365.0,418365.0,418365.0,0.0,0.0,0
2026-09-28T04:25:00+00:00,418365.0,418365.0,418365.0,418365.0,0.0,0.0,0
2026-09-28T04:30:00+00:00,418365.0,418365.0,418365.0,418365.0,0.0,0.0,0
2026-09-28T04:35:00+00:00,418365.0,418365.0,418365.0,418365.0,0.0,0.0,0
2026-09-28T04:40:00+00:00,418365.0,418365.0,418365.0,418365.0,0.0,0.0,0
2026-09-28T04:45:00+00:00,419996.0,419996.0,419996.0,419996.0,0.0103,4325.9588,1
2026-09-28T04:50:00+00:00,419996.0,419996.0,419996.0,419996.0,0.0,0.0,0
2026-09-28T04:55:00+00:00,419996.0,419996.0,419996.0,419996.0,0.0,0.0,0
2026-09-28T05:00:00+00:00,419996.0,419996.0,419996.0,419996.0,0.0,0.0,0
2026-09-28T05:05:00+00:00,420230.0,420488.0,420230.0,420488.0,0.4804,201991.7024,2
2026-09-28T05:10:00+00:00,419528.0,419528.0,419528.0,419528.0,0.0399,16739.1672,1
2026-09-28T05:15:00+00:00,419528.0,419528.0,419528.0,419528.0,0.0,0.0,0
2026-09-28T05:20:00+00:00,419528.0,419528.0,419528.0,419528.0,0.0,0.0,0
2026-09-28T05:25:00+00:00,419528.0,419528.0,419528.0,419528.0,0.0,0.0,0
2026-09-28T05:30:00+00:00,418754.0,419037.0,418000.0,418000.0,5.629281060622332,2357750.0,10
2026-09-28T05:35:00+00:00,418000.0,418000.0,418000.0,418000.0,0.0,0.0,0
2026-09-28T05:40:00+00:00,417308.0,417308.0,417308.0,417308.0,0.1,41730.8,1
2026-09-28T05:45:00+00:00,417308.0,417308.0,417308.0,417308.0,0.0,0.0,0
2026-09-28T05:50:00+00:00,417308.0,417308.0,417308.0,417308.0,0.0,0.0,0
2026-09-28T05:55:00+00:00,417308.0,417308.0,417308.0,417308.0,0.0,0.0,0
2026-09-28T06:00:00+00:00,419044.0,419044.0,419044.0,419044.0,0.2625,109999.05,2
2026-09-28T06:05:00+00:00,419044.0,419044.0,419044.0,419044.0,0.0,0.0,0
2026-09-28T06:10:00+00:00,419044.0,419044.0,419044.0,419044.0,0.0,0.0,0
2026-09-28T06:15:00+00:00,419044.0,419044.0,419044.0,419044.0,0.0,0.0,0
2026-09-28T06:20:00+00:00,418588.0,418588.0,418481.0,418481.0,0.0816,34152.3296,2
2026-09-28T06:25:00+00:00,418627.0,418897.0,418627.0,418897.0,0.42989339384144554,180000.0,3
2026-09-28T06:30:00+00:00,418897.0,418897.0,418897.0,418897.0,0.0,0.0,0
2026-09-28T06:35:00+00:00,418897.0,418897.0,418897.0,418897.0,0.0,0.0,0
2026-09-28T06:40:00+00:00,418897.0,418897.0,418897.0,418897.0,0.0,0.0,0
2026-09-28T06:45:00+00:00,418466.0,419034.0,418466.0,419034.0,11.9322,4999400.7068,14
2026-09-28T06:50:00+00:00,419034.0,419034.0,419034.0,419034.0,0.0,0.0,0
2026-09-28T06:55:00+00:00,419034.0,419034.0,419034.0,419034.0,0.0,0.0,0
2026-09-28T07:00:00+00:00,418385.0,418385.0,418385.0,418385.0,0.2,83677.0,2
2026-09-28T07:05:00+00:00,418542.0,419181.0,418535.0,419181.0,3.3067784646727785,1385707.7,12
2026-09-28T07:10:00+00:00,417968.0,417968.0,417945.0,417945.0,0.4726,197529.807,3
2026-09-28T07:15:00+00:00,417945.0,417945.0,417945.0,417945.0,0.0,0.0,0
2026-09-28T07:20:00+00:00,417945.0,417945.0,417945.0,417945.0,0.0,0.0,0
2026-09-28T07:25:00+00:00,417455.0,417455.0,417209.0,417209.0,0.1512,63107.997,3
2026-09-28T07:30:00+00:00,417127.0,417127.0,417127.0,417127.0,0.0087,3629.0049,1
2026-09-28T07:35:00+00:00,417127.0,417127.0,417127.0,417127.0,0.0,0.0,0
2026-09-28T07:40:00+00:00,417774.0,418351.0,417773.0,418351.0,2.774034049159677,1160103.5179,8
2026-09-28T07:45:00+00:00,417246.0,417246.0,417246.0,417246.0,0.0232,9680.1072,1
2026-09-28T07:50:00+00:00,417246.0,417246.0,417246.0,417246.0,0.0,0.0,0
2026-09-28T07:55:00+00:00,417386.0,417477.0,417386.0,417477.0,2.388405437425295,997000.0,7
2026-09-28T08:00:00+00:00,417477.0,417477.0,417477.0,417477.0,0.0,0.0,0
2026-09-28T08:05:00+00:00,416001.0,416001.0,416000.0,416000.0,0.5,208000.45,2
2026-09-28T08:10:00+00:00,416000.0,416000.0,416000.0,416000.0,0.0,0.0,0
2026-09-28T08:15:00+00:00,416000.0,416000.0,416000.0,416000.0,0.0,0.0,0
2026-09-28T08:20:00+00:00,416709.0,416709.0,416000.0,416000.0,1.2496,520684.1164,2
2026-09-28T08:25:00+00:00,416000.0,416000.0,416000.0,416000.0,0.0,0.0,0
2026-09-28T08:30:00+00:00,416000.0,416000.0,416000.0,416000.0,0.0,0.0,0
2026-09-28T08:35:00+00:00,416000.0,416000.0,416000.0,416000.0,0.0,0.0,0
2026-09-28T08:40:00+00:00,416000.0,416000.0,416000.0,416000.0,0.0,0.0,0
2026-09-28T08:45:00+00:00,416000.0,416000.0,416000.0,416000.0,0.0,0.0,0
2026-09-28T08:50:00+00:00,416000.0,416000.0,416000.0,416000.0,0.0,0.0,0
2026-09-28T08:55:00+00:00,416000.0,416000.0,416000.0,416000.0,0.0,0.0,0
2026-09-28T09:00:00+00:00,416661.0,416661.0,414998.0,414998.0,0.7022877035148578,291451.1,10
2026-09-28T09:05:00+00:00,414998.0,414998.0,414726.0,414726.0,0.29862409746553,123847.78,3
2026-09-28T09:10:00+00:00,414728.0,414728.0,414728.0,414728.0,0.0171,7091.8488,2
2026-09-28T09:15:00+00:00,414728.0,414728.0,414728.0,414728.0,0.0,0.0,0
2026-09-28T09:20:00+00:00,414728.0,414728.0,414728.0,414728.0,0.0,0.0,0
2026-09-28T09:25:00+00:00,417362.0,417362.0,416407.0,416407.0,0.04005031603260479,16677.28,2
2026-09-28T09:30:00+00:00,416407.0,416407.0,416407.0,416407.0,0.0,0.0,0
2026-09-28T09:35:00+00:00,415769.0,415769.0,415769.0,415769.0,0.04,16630.76,1
2026-09-28T09:40:00+00:00,415158.0,415158.0,415158.0,415158.0,0.0199,8261.6442,1
2026-09-28T09:45:00+00:00,415158.0,415158.0,415158.0,415158.0,0.0,0.0,0
2026-09-28T09:50:00+00:00,415158.0,415158.0,415158.0,415158.0,0.0,0.0,0
2026-09-28T09:55:00+00:00,415158.0,415158.0,415158.0,415158.0,0.0,0.0,0
2026-09-28T10:00:00+00:00,415158.0,415158.0,415158.0,415158.0,0.0,0.0,0
2026-09-28T10:05:00+00:00,415158.0,415158.0,415158.0,415158.0,0.0,0.0,0
2026-09-28T10:10:00+00:00,415158.0,415158.0,415158.0,415158.0,0.0,0.0,0
2026-09-28T10:15:00+00:00,415158.0,415158.0,415158.0,415158.0,0.0,0.0,0
2026-09-28T10:20:00+00:00,415158.0,415158.0,415158.0,415158.0,0.0,0.0,0
2026-09-28T10:25:00+00:00,415158.0,415158.0,415158.0,415158.0,0.0,0.0,0
2026-09-28T10:30:00+00:00,415158.0,415158.0,415158.0,415158.0,0.0,0.0,0
2026-09-28T10:35:00+00:00,417096.0,417096.0,417096.0,417096.0,0.1,41709.6,1
2026-09-28T10:40:00+00:00,417096.0,417096.0,417096.0,417096.0,0.0,0.0,0
2026-09-28T10:45:00+00:00,418066.0,418066.0,418066.0,418066.0,0.00797242540651476,3332.9999999999995,1
2026-09-28T10:50:00+00:00,418066.0,418066.0,418066.0,418066.0,0.0,0.0,0
2026-09-28T10:55:00+00:00,418066.0,418066.0,418066.0,418066.0,0.0,0.0,0
2026-09-28T11:00:00+00:00,418066.0,418066.0,418066.0,418066.0,0.0,0.0,0
2026-09-28T11:05:00+00:00,418066.0,418066.0,418066.0,418066.0,0.0,0.0,0
2026-09-28T11:10:00+00:00,418700.0,418700.0,418700.0,418700.0,0.0117,4898.79,1
2026-09-28T11:15:00+00:00,418700.0,418924.0,418643.0,418643.0,0.2255,94426.8515,6
2026-09-28T11:20:00+00:00,418643.0,418643.0,418643.0,418643.0,0.0,0.0,0
2026-09-28T11:25:00+00:00,418782.0,419292.0,418782.0,419292.0,0.04228497276361104,17709.4018,2
2026-09-28T11:30:00+00:00,419292.0,419292.0,419292.0,419292.0,0.0,0.0,0
2026-09-28T11:35:00+00:00,419292.0,419292.0,419292.0,419292.0,0.0,0.0,0
2026-09-28T11:40:00+00:00,419292.0,419292.0,419292.0,419292.0,0.0,0.0,0
2026-09-28T11:45:00+00:00,419292.0,419292.0,419292.0,419292.0,0.0,0.0,0
2026-09-28T11:50:00+00:00,419292.0,419292.0,419292.0,419292.0,0.0,0.0,0
2026-09-28T11:55:00+00:00,419292.0,419292.0,419292.0,419292.0,0.0,0.0,0
2026-09-28T12:00:00+00:00,419292.0,419292.0,419292.0,419292.0,0.0,0.0,0
2026-09-28T12:05:00+00:00,419800.0,423026.0,419800.0,422779.0,19.1051,8076897.1429,33
2026-09-28T12:10:00+00:00,422779.0,422779.0,422779.0,422779.0,0.0,0.0,0
2026-09-28T12:15:00+00:00,422779.0,422779.0,422779.0,422779.0,0.0,0.0,0
2026-09-28T12:20:00+00:00,421700.0,421700.0,421700.0,421700.0,0.024,10120.8,1
2026-09-28T12:25:00+00:00,421700.0,421700.0,421700.0,421700.0,0.036,15181.2,2
2026-09-28T12:30:00+00:00,421700.0,421700.0,421700.0,421700.0,0.0,0.0,0
2026-09-28T12:35:00+00:00,421700.0,421700.0,421700.0,421700.0,0.0,0.0,0
2026-09-28T12:40:00+00:00,421700.0,421700.0,421700.0,421700.0,0.0,0.0,0
2026-09-28T12:45:00+00:00,421700.0,421700.0,421700.0,421700.0,0.0,0.0,0
2026-09-28T12:50:00+00:00,421700.0,421700.0,421700.0,421700.0,0.0,0.0,0
2026-09-28T12:55:00+00:00,421700.0,421700.0,421700.0,421700.0,0.0,0.0,0
2026-09-28T13:00:00+00:00,421700.0,421700.0,421700.0,421700.0,0.0,0.0,0
2026-09-28T13:05:00+00:00,421700.0,421700.0,421700.0,421700.0,0.0,0.0,0
2026-09-28T13:10:00+00:00,422100.0,422100.0,422100.0,422100.0,0.034,14351.4,1
2026-09-28T13:15:00+00:00,422379.0,422379.0,422379.0,422379.0,0.1,42237.9,1
2026-09-28T13:20:00+00:00,422128.0,422128.0,422128.0,422128.0,0.2489,105067.6592,1
2026-09-28T13:25:00+00:00,422128.0,422128.0,422128.0,422128.0,0.0,0.0,0
2026-09-28T13:30:00+00:00,423133.0,423133.0,422777.0,422777.0,0.25839685678025587,109249.1068,4
2026-09-28T13:35:00+00:00,422100.0,422100.0,422100.0,422100.0,0.1,42210.0,1
2026-09-28T13:40:00+00:00,422100.0,422100.0,422100.0,422100.0,0.0,0.0,0
2026-09-28T13:45:00+00:00,422100.0,422100.0,422100.0,422100.0,0.0,0.0,0
2026-09-28T13:50:00+00:00,423981.0,423981.0,423981.0,423981.0,0.010000448133288991,4240.0,1
2026-09-28T13:55:00+00:00,423981.0,423981.0,423981.0,423981.0,0.0,0.0,0
2026-09-28T14:00:00+00:00,423981.0,423981.0,423981.0,423981.0,0.0,0.0,0
2026-09-28T14:05:00+00:00,422100.0,422100.0,421879.0,421879.0,0.2717,114662.47,2
2026-09-28T14:10:00+00:00,422000.0,422000.0,422000.0,422000.0,0.0515,21733.0,2
2026-09-28T14:15:00+00:00,422000.0,422000.0,422000.0,422000.0,0.0,0.0,0
2026-09-28T14:20:00+00:00,423220.0,423220.0,423220.0,423220.0,7.7237,3268824.314,5
2026-09-28T14:25:00+00:00,420967.0,420967.0,420967.0,420967.0,0.1,42096.7,1
2026-09-28T14:30:00+00:00,420734.0,421790.0,420734.0,421654.0,25.8764,10899765.2005,65
2026-09-28T14:35:00+00:00,421995.0,421995.0,421995.0,421995.0,0.0078,3291.561,1
2026-09-28T14:40:00+00:00,421825.0,421825.0,419543.0,420433.0,0.3171,133408.2937,10
2026-09-28T14:45:00+00:00,420433.0,420433.0,420433.0,420433.0,0.0,0.0,0
2026-09-28T14:50:00+00:00,419624.0,419624.0,419624.0,419624.0,0.0023,965.1352,1
2026-09-28T14:55:00+00:00,419624.0,419624.0,419624.0,419624.0,0.0,0.0,0
2026-09-28T15:00:00+00:00,419624.0,419624.0,419624.0,419624.0,0.0,0.0,0
2026-09-28T15:05:00+00:00,419624.0,419624.0,419624.0,419624.0,0.0,0.0,0
2026-09-28T15:10:00+00:00,419624.0,419624.0,419624.0,419624.0,0.0,0.0,0
2026-09-28T15:15:00+00:00,419624.0,419624.0,419624.0,419624.0,0.0,0.0,0
2026-09-28T15:20:00+00:00,419675.0,419675.0,419675.0,419675.0,0.002382796211354023,999.9999999999997,1
2026-09-28T15:25:00+00:00,419675.0,419675.0,419675.0,419675.0,0.0,0.0,0
2026-09-28T15:30:00+00:00,419675.0,419675.0,419675.0,419675.0,0.0,0.0,0
2026-09-28T15:35:00+00:00,419675.0,419675.0,419675.0,419675.0,0.0,0.0,0
2026-09-28T15:40:00+00:00,419675.0,419675.0,419675.0,419675.0,0.0,0.0,0
2026-09-28T15:45:00+00:00,419675.0,419675.0,419675.0,419675.0,0.0,0.0,0
2026-09-28T15:50:00+00:00,419675.0,419675.0,419675.0,419675.0,0.0,0.0,0
2026-09-28T15:55:00+00:00,419675.0,419675.0,419675.0,419675.0,0.0,0.0,0
2026-09-28T16:00:00+00:00,419675.0,419675.0,419675.0,419675.0,0.0,0.0,0
2026-09-28T16:05:00+00:00,419675.0,419675.0,419675.0,419675.0,0.0,0.0,0
2026-09-28T16:10:00+00:00,419675.0,419675.0,419675.0,419675.0,0.0,0.0,0
2026-09-28T16:15:00+00:00,419675.0,419675.0,419675.0,419675.0,0.0,0.0,0
2026-09-28T16:20:00+00:00,419675.0,419675.0,419675.0,419675.0,0.0,0.0,0
2026-09-28T16:25:00+00:00,423813.0,423813.0,423813.0,423813.0,0.001,423.813,1
2026-09-28T16:30:00+00:00,424654.0,424654.0,424654.0,424654.0,0.02354858308175597,10000.0,1
2026-09-28T16:35:00+00:00,424654.0,424654.0,424654.0,424654.0,0.0,0.0,0
2026-09-28T16:40:00+00:00,424654.0,424654.0,424654.0,424654.0,0.0,0.0,0
2026-09-28T16:45:00+00:00,424654.0,424654.0,424654.0,424654.0,0.0,0.0,0
2026-09-28T16:50:00+00:00,424654.0,424654.0,424654.0,424654.0,0.0,0.0,0
2026-09-28T16:55:00+00:00,424654.0,424654.0,424654.0,424654.0,0.0,0.0,0
2026-09-28T17:00:00+00:00,424654.0,424654.0,424654.0,424654.0,0.0,0.0,0
2026-09-28T17:05:00+00:00,424654.0,424654.0,424654.0,424654.0,0.0,0.0,0
2026-09-28T17:10:00+00:00,426000.0,426275.0,426000.0,426275.0,1.7962,765346.2,7
2026-09-28T17:15:00+00:00,426275.0,426275.0,426275.0,426275.0,0.0,0.0,0
2026-09-28T17:20:00+00:00,426275.0,426275.0,426275.0,426275.0,0.0,0.0,0
2026-09-28T17:25:00+00:00,426275.0,426275.0,426275.0,426275.0,0.0,0.0,0
2026-09-28T17:30:00+00:00,426275.0,426275.0,426275.0,426275.0,0.0,0.0,0
2026-09-28T17:35:00+00:00,426275.0,426275.0,426275.0,426275.0,0.0,0.0,0
2026-09-28T17:40:00+00:00,426275.0,426275.0,426275.0,426275.0,0.0,0.0,0
2026-09-28T17:45:00+00:00,425484.0,425484.0,425484.0,425484.0,0.000940105855919376,399.9999999999998,1
2026-09-28T17:50:00+00:00,425484.0,425484.0,425484.0,425484.0,0.0,0.0,0
2026-09-28T17:55:00+00:00,425484.0,425484.0,425484.0,425484.0,0.0,0.0,0
2026-09-28T18:00:00+00:00,425484.0,425484.0,425484.0,425484.0,0.0,0.0,0
2026-09-28T18:05:00+00:00,425484.0,425484.0,425484.0,425484.0,0.0,0.0,0
2026-09-28T18:10:00+00:00,425484.0,425484.0,425484.0,425484.0,0.0,0.0,0
2026-09-28T18:15:00+00:00,425484.0,425484.0,425484.0,425484.0,0.0,0.0,0
2026-09-28T18:20:00+00:00,425484.0,425484.0,425484.0,425484.0,0.0,0.0,0
2026-09-28T18:25:00+00:00,425484.0,425484.0,425484.0,425484.0,0.0,0.0,0
2026-09-28T18:30:00+00:00,425484.0,425484.0,425484.0,425484.0,0.0,0.0,0
2026-09-28T18:35:00+00:00,425484.0,425484.0,425484.0,425484.0,0.0,0.0,0
2026-09-28T18:40:00+00:00,425484.0,425484.0,425484.0,425484.0,0.0,0.0,0
2026-09-28T18:45:00+00:00,425484.0,425484.0,425484.0,425484.0,0.0,0.0,0
2026-09-28T18:50:00+00:00,425484.0,425484.0,425484.0,425484.0,0.0,0.0,0
2026-09-28T18:55:00+00:00,425484.0,425484.0,425484.0,425484.0,0.0,0.0,0
2026-09-28T19:00:00+00:00,425484.0,425484.0,425484.0,425484.0,0.0,0.0,0
2026-09-28T19:05:00+00:00,425484.0,425484.0,425484.0,425484.0,0.0,0.0,0
2026-09-28T19:10:00+00:00,423900.0,423900.0,423900.0,423900.0,0.0117,4959.63,1
2026-09-28T19:15:00+00:00,423900.0,423900.0,423900.0,423900.0,0.0,0.0,0
2026-09-28T19:20:00+00:00,423900.0,423900.0,423900.0,423900.0,0.0,0.0,0
2026-09-28T19:25:00+00:00,423900.0,423900.0,423900.0,423900.0,0.0,0.0,0
2026-09-28T19:30:00+00:00,423900.0,423900.0,423900.0,423900.0,0.0,0.0,0
2026-09-28T19:35:00+00:00,423900.0,423900.0,423900.0,423900.0,0.0,0.0,0
2026-09-28T19:40:00+00:00,423900.0,423900.0,423900.0,423900.0,0.0,0.0,0
2026-09-28T19:45:00+00:00,423900.0,423900.0,423900.0,423900.0,0.0,0.0,0
2026-09-28T19:50:00+00:00,421865.0,421865.0,421865.0,421865.0,0.002370426558259158,999.9999999999997,1
2026-09-28T19:55:00+00:00,421865.0,421865.0,421865.0,421865.0,0.0,0.0,0
2026-09-28T20:00:00+00:00,422172.0,422436.0,420999.0,422436.0,0.11906571010584331,50211.096,5
2026-09-28T20:05:00+00:00,421592.0,423383.0,421592.0,422270.0,0.07161927616366269,30252.688,3
2026-09-28T20:10:00+00:00,422270.0,422270.0,422270.0,422270.0,0.0,0.0,0
2026-09-28T20:15:00+00:00,422270.0,422270.0,422270.0,422270.0,0.0,0.0,0
2026-09-28T20:20:00+00:00,422270.0,422270.0,422270.0,422270.0,0.0,0.0,0
2026-09-28T20:25:00+00:00,422270.0,422270.0,422270.0,422270.0,0.0,0.0,0
2026-09-28T20:30:00+00:00,422999.0,422999.0,422999.0,422999.0,0.023640717826756093,10000.0,1
2026-09-28T20:35:00+00:00,422999.0,422999.0,422999.0,422999.0,0.0,0.0,0
2026-09-28T20:40:00+00:00,422999.0,422999.0,422999.0,422999.0,0.0,0.0,0
2026-09-28T20:45:00+00:00,422999.0,422999.0,422999.0,422999.0,0.0,0.0,0
2026-09-28T20:50:00+00:00,422999.0,422999.0,422999.0,422999.0,0.0,0.0,0
2026-09-28T20:55:00+00:00,422999.0,422999.0,422999.0,422999.0,0.0,0.0,0
2026-09-28T21:00:00+00:00,422999.0,422999.0,422999.0,422999.0,0.0,0.0,0
2026-09-28T21:05:00+00:00,422999.0,422999.0,422999.0,422999.0,0.0,0.0,0
2026-09-28T21:10:00+00:00,422999.0,422999.0,422999.0,422999.0,0.0,0.0,0
2026-09-28T21:15:00+00:00,422999.0,422999.0,422999.0,422999.0,0.0,0.0,0
2026-09-28T21:20:00+00:00,422999.0,422999.0,422999.0,422999.0,0.0,0.0,0
2026-09-28T21:25:00+00:00,422999.0,422999.0,422999.0,422999.0,0.0,0.0,0
2026-09-28T21:30:00+00:00,422142.0,422142.0,422142.0,422142.0,0.0004,168.8568,1
2026-09-28T21:35:00+00:00,422142.0,422142.0,422142.0,422142.0,0.0,0.0,0
2026-09-28T21:40:00+00:00,422142.0,422142.0,422142.0,422142.0,0.0,0.0,0
2026-09-28T21:45:00+00:00,422142.0,422142.0,422142.0,422142.0,0.0,0.0,0
2026-09-28T21:50:00+00:00,422142.0,422142.0,422142.0,422142.0,0.0,0.0,0
2026-09-28T21:55:00+00:00,422142.0,422142.0,422142.0,422142.0,0.0,0.0,0
2026-09-28T22:00:00+00:00,422142.0,422142.0,422142.0,422142.0,0.0,0.0,0
2026-09-28T22:05:00+00:00,422142.0,422142.0,422142.0,422142.0,0.0,0.0,0
2026-09-28T22:10:00+00:00,422142.0,422142.0,422142.0,422142.0,0.0,0.0,0
2026-09-28T22:15:00+00:00,422142.0,422142.0,422142.0,422142.0,0.0,0.0,0
2026-09-28T22:20:00+00:00,422142.0,422142.0,422142.0,422142.0,0.0,0.0,0
2026-09-28T22:25:00+00:00,422142.0,422142.0,422142.0,422142.0,0.0,0.0,0
2026-09-28T22:30:00+00:00,422142.0,422142.0,422142.0,422142.0,0.0,0.0,0
2026-09-28T22:35:00+00:00,422142.0,422142.0,422142.0,422142.0,0.0,0.0,0
2026-09-28T22:40:00+00:00,422142.0,422142.0,422142.0,422142.0,0.0,0.0,0
2026-09-28T22:45:00+00:00,422912.0,422912.0,422912.0,422912.0,0.1,42291.2,1
2026-09-28T22:50:00+00:00,422912.0,422912.0,422912.0,422912.0,0.0,0.0,0
2026-09-28T22:55:00+00:00,422912.0,422912.0,422912.0,422912.0,0.0,0.0,0
2026-09-28T23:00:00+00:00,422912.0,422912.0,422912.0,422912.0,0.0517,21864.5504,4
2026-09-28T23:05:00+00:00,422912.0,422912.0,422912.0,422912.0,0.0,0.0,0
2026-09-28T23:10:00+00:00,423567.0,423567.0,423567.0,423567.0,0.0143,6057.0081,1
2026-09-28T23:15:00+00:00,423567.0,423567.0,423567.0,423567.0,0.0,0.0,0
2026-09-28T23:20:00+00:00,423567.0,423567.0,423567.0,423567.0,0.0,0.0,0
2026-09-28T23:25:00+00:00,423810.0,423810.0,423810.0,423810.0,0.0247,10468.107,1
2026-09-28T23:30:00+00:00,423810.0,423810.0,423810.0,423810.0,0.0,0.0,0
2026-09-28T23:35:00+00:00,423810.0,423810.0,423810.0,423810.0,0.0,0.0,0
2026-09-28T23:40:00+00:00,423810.0,423810.0,423810.0,423810.0,0.0,0.0,0
2026-09-28T23:45:00+00:00,423810.0,423810.0,423810.0,423810.0,0.0,0.0,0
2026-09-28T23:50:00+00:00,423810.0,423810.0,423810.0,423810.0,0.0,0.0,0
2026-09-28T23:55:00+00:00,423810.0,423810.0,423810.0,423810.0,0.0,0.0,0
2026-09-29T00:00:00+00:00,423830.0,423830.0,423830.0,423830.0,0.0126,5340.258,1
2026-09-29T00:05:00+00:00,423830.0,423830.0,423830.0,423830.0,0.0,0.0,0
2026-09-29T00:10:00+00:00,423830.0,423830.0,423830.0,423830.0,0.0,0.0,0
2026-09-29T00:15:00+00:00,423830.0,423830.0,423830.0,423830.0,0.0,0.0,0
2026-09-29T00:20:00+00:00,423830.0,423830.0,423830.0,423830.0,0.0,0.0,0
2026-09-29T00:25:00+00:00,424217.0,424217.0,424217.0,424217.0,0.002121555713231671,899.9999999999998,1
2026-09-29T00:30:00+00:00,424217.0,424217.0,424217.0,424217.0,0.0,0.0,0
2026-09-29T00:35:00+00:00,424217.0,424217.0,424217.0,424217.0,0.0,0.0,0
2026-09-29T00:40:00+00:00,424217.0,424217.0,424217.0,424217.0,0.0,0.0,0
2026-09-29T00:45:00+00:00,424217.0,424217.0,424217.0,424217.0,0.0,0.0,0
2026-09-29T00:50:00+00:00,423411.0,423462.0,423411.0,423462.0,1.4167,599913.5154,2
2026-09-29T00:55:00+00:00,422938.0,422938.0,422900.0,422900.0,0.0065,2748.8538,2
2026-09-29T01:00:00+00:00,421987.0,421987.0,421753.0,421753.0,0.0799,33707.4013,2
2026-09-29T01:05:00+00:00,421603.0,421603.0,421300.0,421300.0,0.0799,33673.9597,2
2026-09-29T01:10:00+00:00,421300.0,421300.0,421300.0,421300.0,0.0,0.0,0
2026-09-29T01:15:00+00:00,419614.0,419614.0,418683.0,418683.0,0.1363,57142.6818,4
2026-09-29T01:20:00+00:00,419675.0,420645.0,419229.0,419620.0,0.09510097736392953,39922.6442,4
2026-09-29T01:25:00+00:00,419105.0,420036.0,419105.0,420036.0,0.1037074831681094,43486.4895,2
2026-09-29T01:30:00+00:00,420036.0,420036.0,420036.0,420036.0,0.0,0.0,0
2026-09-29T01:35:00+00:00,419194.0,419194.0,418718.0,418718.0,0.1599,66998.4882,4
2026-09-29T01:40:00+00:00,419349.0,420026.0,419349.0,419397.0,0.6959668813359173,292255.401,8
2026-09-29T01:45:00+00:00,420645.0,420645.0,420091.0,420091.0,0.1399,58826.1309,2
2026-09-29T01:50:00+00:00,419602.0,419602.0,419520.0,419520.0,0.0719,30166.1038,2
2026-09-29T01:55:00+00:00,419520.0,419520.0,419520.0,419520.0,0.0,0.0,0
2026-09-29T02:00:00+00:00,420203.0,420255.0,419438.0,419438.0,0.4995743845998263,209821.5911,8
2026-09-29T02:05:00+00:00,419438.0,419438.0,419438.0,419438.0,0.0,0.0,0
2026-09-29T02:10:00+00:00,419438.0,419438.0,419438.0,419438.0,0.0,0.0,0
2026-09-29T02:15:00+00:00,419438.0,419438.0,419438.0,419438.0,0.0,0.0,0
2026-09-29T02:20:00+00:00,418728.0,418728.0,417937.0,417937.0,0.4362,182443.278,7
2026-09-29T02:25:00+00:00,418827.0,418971.0,418827.0,418971.0,0.358098894672901,150000.0,4
2026-09-29T02:30:00+00:00,418051.0,418051.0,418051.0,418051.0,0.0569,23787.1019,1
2026-09-29T02:35:00+00:00,418051.0,418051.0,418051.0,418051.0,0.0,0.0,0
2026-09-29T02:40:00+00:00,418051.0,418051.0,418051.0,418051.0,0.0,0.0,0
2026-09-29T02:45:00+00:00,418051.0,418051.0,418051.0,418051.0,0.0,0.0,0
2026-09-29T02:50:00+00:00,418407.0,418407.0,418407.0,418407.0,0.04,16736.28,1
2026-09-29T02:55:00+00:00,418407.0,418407.0,418407.0,418407.0,0.0,0.0,0
2026-09-29T03:00:00+00:00,418407.0,418407.0,418407.0,418407.0,0.0,0.0,0
2026-09-29T03:05:00+00:00,418407.0,418407.0,418407.0,418407.0,0.0,0.0,0
2026-09-29T03:10:00+00:00,418407.0,418407.0,418407.0,418407.0,0.0,0.0,0
2026-09-29T03:15:00+00:00,419170.0,419403.0,419170.0,419403.0,8.002004863818332,3355500.0,10
2026-09-29T03:20:00+00:00,419403.0,419403.0,419403.0,419403.0,0.0,0.0,0
2026-09-29T03:25:00+00:00,419403.0,419403.0,419403.0,419403.0,0.0,0.0,0
2026-09-29T03:30:00+00:00,419403.0,419403.0,419403.0,419403.0,0.0,0.0,0
2026-09-29T03:35:00+00:00,419403.0,419403.0,419403.0,419403.0,0.0,0.0,0
2026-09-29T03:40:00+00:00,419403.0,419403.0,419403.0,419403.0,0.0,0.0,0
2026-09-29T03:45:00+00:00,419403.0,419403.0,419403.0,419403.0,0.0,0.0,0
2026-09-29T03:50:00+00:00,420839.0,420839.0,420839.0,420839.0,0.023762056273301666,10000.0,1
2026-09-29T03:55:00+00:00,420839.0,420839.0,420839.0,420839.0,0.0,0.0,0
2026-09-29T04:00:00+00:00,420685.0,420972.0,420560.0,420699.0,13.966955660813928,5879000.0,7
2026-09-29T04:05:00+00:00,420699.0,420699.0,420699.0,420699.0,0.0,0.0,0
2026-09-29T04:10:00+00:00,420699.0,420699.0,420699.0,420699.0,0.0,0.0,0
2026-09-29T04:15:00+00:00,420523.0,421493.0,420523.0,421493.0,0.2026,85212.3818,3
2026-09-29T04:20:00+00:00,421493.0,421493.0,421493.0,421493.0,0.0,0.0,0
2026-09-29T04:25:00+00:00,421493.0,421493.0,421493.0,421493.0,0.0,0.0,0
2026-09-29T04:30:00+00:00,421493.0,421493.0,421493.0,421493.0,0.0,0.0,0
2026-09-29T04:35:00+00:00,421493.0,421493.0,421493.0,421493.0,0.0,0.0,0
2026-09-29T04:40:00+00:00,421493.0,421493.0,421493.0,421493.0,0.0,0.0,0
2026-09-29T04:45:00+00:00,421214.0,421214.0,421214.0,421214.0,0.023740901299576938,10000.0,1
2026-09-29T04:50:00+00:00,421214.0,421214.0,421214.0,421214.0,0.0,0.0,0
2026-09-29T04:55:00+00:00,421214.0,421214.0,421214.0,421214.0,0.0,0.0,0
2026-09-29T05:00:00+00:00,421214.0,421214.0,421214.0,421214.0,0.0,0.0,0
2026-09-29T05:05:00+00:00,421214.0,421214.0,421214.0,421214.0,0.0,0.0,0
2026-09-29T05:10:00+00:00,421214.0,421214.0,421214.0,421214.0,0.0,0.0,0
2026-09-29T05:15:00+00:00,421214.0,421214.0,421214.0,421214.0,0.0,0.0,0
2026-09-29T05:20:00+00:00,421214.0,421214.0,421214.0,421214.0,0.0,0.0,0
2026-09-29T05:25:00+00:00,421214.0,421214.0,421214.0,421214.0,0.0,0.0,0
2026-09-29T05:30:00+00:00,420801.0,420801.0,420801.0,420801.0,0.0039,1641.1239,1
2026-09-29T05:35:00+00:00,420801.0,420801.0,420801.0,420801.0,0.0,0.0,0
2026-09-29T05:40:00+00:00,420801.0,420801.0,420801.0,420801.0,0.0,0.0,0
2026-09-29T05:45:00+00:00,420801.0,420801.0,420801.0,420801.0,0.0,0.0,0
2026-09-29T05:50:00+00:00,420801.0,420801.0,420801.0,420801.0,0.0,0.0,0
2026-09-29T05:55:00+00:00,421611.0,422149.0,421611.0,422149.0,13.6556,5764259.3056,16
2026-09-29T06:00:00+00:00,422150.0,422153.0,422150.0,422152.0,12.4025,5235738.7589,19
2026-09-29T06:05:00+00:00,422152.0,422152.0,422152.0,422152.0,0.0,0.0,0
2026-09-29T06:10:00+00:00,423897.0,424263.0,423897.0,424263.0,0.6831,289775.6465,4
2026-09-29T06:15:00+00:00,424263.0,424263.0,424263.0,424263.0,0.0,0.0,0
2026-09-29T06:20:00+00:00,424263.0,424263.0,424263.0,424263.0,0.0,0.0,0
2026-09-29T06:25:00+00:00,424609.0,424609.0,424609.0,424609.0,0.23551078757162472,100000.0,1
2026-09-29T06:30:00+00:00,424609.0,424609.0,424609.0,424609.0,0.0,0.0,0
2026-09-29T06:35:00+00:00,424609.0,424609.0,424609.0,424609.0,0.0,0.0,0
2026-09-29T06:40:00+00:00,424609.0,424609.0,424609.0,424609.0,0.0,0.0,0
2026-09-29T06:45:00+00:00,424609.0,424609.0,424609.0,424609.0,0.0,0.0,0
2026-09-29T06:50:00+00:00,426051.0,426051.0,426051.0,426051.0,0.1059,45118.8009,1
2026-09-29T06:55:00+00:00,426051.0,426051.0,426051.0,426051.0,0.0,0.0,0
2026-09-29T07:00:00+00:00,426051.0,426051.0,426051.0,426051.0,0.0,0.0,0
2026-09-29T07:05:00+00:00,426051.0,426051.0,426051.0,426051.0,0.0,0.0,0
2026-09-29T07:10:00+00:00,426871.0,428063.0,426871.0,427145.0,4.7122,2016966.9586,9
2026-09-29T07:15:00+00:00,427696.0,427696.0,427368.0,427368.0,0.3142,134355.8432,5
2026-09-29T07:20:00+00:00,427259.0,427259.0,427259.0,427259.0,0.0399,17047.6341,1
2026-09-29T07:25:00+00:00,427727.0,427727.0,427452.0,427452.0,0.3962026678231676,169454.066,2
2026-09-29T07:30:00+00:00,427452.0,427452.0,427452.0,427452.0,0.0,0.0,0
2026-09-29T07:35:00+00:00,427993.0,427993.0,427993.0,427993.0,0.1,42799.3,1
2026-09-29T07:40:00+00:00,427993.0,427993.0,427993.0,427993.0,0.0,0.0,0
2026-09-29T07:45:00+00:00,427993.0,427993.0,427993.0,427993.0,0.0,0.0,0
2026-09-29T07:50:00+00:00,427993.0,427993.0,427993.0,427993.0,0.0,0.0,0
2026-09-29T07:55:00+00:00,427993.0,427993.0,427993.0,427993.0,0.0,0.0,0
2026-09-29T08:00:00+00:00,427638.0,427999.0,427638.0,427999.0,0.1958,83767.6204,3
2026-09-29T08:05:00+00:00,427960.0,427960.0,427960.0,427960.0,0.0199,8516.404,1
2026-09-29T08:10:00+00:00,428000.0,428000.0,428000.0,428000.0,0.0998,42714.4,1
2026-09-29T08:15:00+00:00,428000.0,428000.0,427656.0,427656.0,0.6047,258809.9832,5
2026-09-29T08:20:00+00:00,428000.0,429000.0,428000.0,428951.0,2.446,1048523.7566,26
2026-09-29T08:25:00+00:00,428951.0,428951.0,428951.0,428951.0,0.0,0.0,0
2026-09-29T08:30:00+00:00,428951.0,428951.0,428951.0,428951.0,0.0,0.0,0
2026-09-29T08:35:00+00:00,427304.0,427304.0,427304.0,427304.0,0.01,4273.04,1
2026-09-29T08:40:00+00:00,427649.0,427653.0,427649.0,427653.0,0.2341,100113.4945,2
2026-09-29T08:45:00+00:00,426723.0,426723.0,426663.0,426663.0,0.296,126298.248,2
2026-09-29T08:50:00+00:00,426663.0,426663.0,426663.0,426663.0,0.0,0.0,0
2026-09-29T08:55:00+00:00,426663.0,426663.0,426663.0,426663.0,0.0,0.0,0
2026-09-29T09:00:00+00:00,426663.0,426663.0,426663.0,426663.0,0.0,0.0,0
2026-09-29T09:05:00+00:00,425790.0,425790.0,425790.0,425790.0,0.1,42579.0,1
2026-09-29T09:10:00+00:00,425790.0,425790.0,425790.0,425790.0,0.0,0.0,0
2026-09-29T09:15:00+00:00,425790.0,425790.0,425790.0,425790.0,0.0,0.0,0
2026-09-29T09:20:00+00:00,425790.0,425790.0,425790.0,425790.0,0.0,0.0,0
2026-09-29T09:25:00+00:00,425790.0,425790.0,425790.0,425790.0,0.0,0.0,0
2026-09-29T09:30:00+00:00,425790.0,425790.0,425790.0,425790.0,0.0,0.0,0
2026-09-29T09:35:00+00:00,427017.0,427017.0,427017.0,427017.0,0.04,17080.68,1
2026-09-29T09:40:00+00:00,427165.0,427165.0,427165.0,427165.0,0.028,11960.62,1
2026-09-29T09:45:00+00:00,427579.0,427579.0,427579.0,427579.0,0.1659,70935.3561,1
2026-09-29T09:50:00+00:00,428246.0,428246.0,428246.0,428246.0,0.001,428.246,1
2026-09-29T09:55:00+00:00,428246.0,428246.0,428246.0,428246.0,0.0,0.0,0
2026-09-29T10:00:00+00:00,428246.0,428246.0,428246.0,428246.0,0.0,0.0,0
2026-09-29T10:05:00+00:00,428246.0,428246.0,428246.0,428246.0,0.0,0.0,0
2026-09-29T10:10:00+00:00,428414.0,430583.0,428414.0,430583.0,11.58022579270431,4983362.6292,15
2026-09-29T10:15:00+00:00,428971.0,429429.0,428971.0,429429.0,9.291915861062014,3990000.0,6
2026-09-29T10:20:00+00:00,429429.0,429429.0,429429.0,429429.0,0.0,0.0,0
2026-09-29T10:25:00+00:00,429429.0,429429.0,429429.0,429429.0,0.0,0.0,0
2026-09-29T10:30:00+00:00,427858.0,428209.0,427573.0,428209.0,0.5249979084979531,224710.1131,4
2026-09-29T10:35:00+00:00,428209.0,428209.0,428209.0,428209.0,0.0,0.0,0
2026-09-29T10:40:00+00:00,428209.0,428209.0,428209.0,428209.0,0.0,0.0,0
2026-09-29T10:45:00+00:00,428209.0,428209.0,428209.0,428209.0,0.0,0.0,0
2026-09-29T10:50:00+00:00,428209.0,428209.0,428209.0,428209.0,0.0,0.0,0
2026-09-29T10:55:00+00:00,428209.0,428209.0,428209.0,428209.0,0.0,0.0,0
2026-09-29T11:00:00+00:00,427785.0,427785.0,427785.0,427785.0,0.0001,42.7785,1
2026-09-29T11:05:00+00:00,427480.0,427480.0,427480.0,427480.0,0.0559,23896.132,1
2026-09-29T11:10:00+00:00,427806.0,427806.0,427806.0,427806.0,0.0004,171.1224,1
2026-09-29T11:15:00+00:00,427806.0,427806.0,427806.0,427806.0,0.0,0.0,0
2026-09-29T11:20:00+00:00,427806.0,427806.0,427806.0,427806.0,0.0,0.0,0
2026-09-29T11:25:00+00:00,427806.0,427806.0,427806.0,427806.0,0.0,0.0,0
2026-09-29T11:30:00+00:00,428722.0,429026.0,428722.0,429026.0,0.4447,190747.6622,5
2026-09-29T11:35:00+00:00,429026.0,429026.0,429026.0,429026.0,0.0,0.0,0
2026-09-29T11:40:00+00:00,429026.0,429026.0,429026.0,429026.0,0.0,0.0,0
2026-09-29T11:45:00+00:00,429026.0,429026.0,429026.0,429026.0,0.0,0.0,0
2026-09-29T11:50:00+00:00,430000.0,430000.0,430000.0,430000.0,1.2821,551303.0,7
2026-09-29T11:55:00+00:00,430000.0,430000.0,430000.0,430000.0,0.0,0.0,0
2026-09-29T12:00:00+00:00,430000.0,430000.0,430000.0,430000.0,0.0,0.0,0
2026-09-29T12:05:00+00:00,430000.0,430000.0,430000.0,430000.0,0.0,0.0,0
2026-09-29T12:10:00+00:00,430000.0,430000.0,430000.0,430000.0,0.0,0.0,0
2026-09-29T12:15:00+00:00,431000.0,431316.0,430975.0,430975.0,0.3713,160060.1175,4
2026-09-29T12:20:00+00:00,430975.0,430975.0,430975.0,430975.0,0.0,0.0,0
2026-09-29T12:25:00+00:00,430975.0,430975.0,430975.0,430975.0,0.0,0.0,0
2026-09-29T12:30:00+00:00,430975.0,430975.0,430975.0,430975.0,0.0,0.0,0
2026-09-29T12:35:00+00:00,431104.0,431104.0,431104.0,431104.0,0.2,86220.8,1
2026-09-29T12:40:00+00:00,431104.0,431104.0,431104.0,431104.0,0.0,0.0,0
2026-09-29T12:45:00+00:00,430499.0,430499.0,430499.0,430499.0,0.4,172199.6,2
2026-09-29T12:50:00+00:00,430428.0,430428.0,429919.0,429919.0,0.706,303755.2768,4
2026-09-29T12:55:00+00:00,429919.0,429919.0,429919.0,429919.0,0.0,0.0,0
2026-09-29T13:00:00+00:00,429919.0,429919.0,429919.0,429919.0,0.0,0.0,0
2026-09-29T13:05:00+00:00,429919.0,429919.0,429919.0,429919.0,0.0,0.0,0
2026-09-29T13:10:00+00:00,430560.0,430560.0,430560.0,430560.0,0.01,4305.6,1
2026-09-29T13:15:00+00:00,430211.0,430304.0,430211.0,430214.0,0.3,129072.9,3
2026-09-29T13:20:00+00:00,430214.0,430214.0,430214.0,430214.0,0.0,0.0,0
2026-09-29T13:25:00+00:00,430214.0,430214.0,430214.0,430214.0,0.0,0.0,0
2026-09-29T13:30:00+00:00,429719.0,429719.0,429719.0,429719.0,0.1,42971.9,1
2026-09-29T13:35:00+00:00,429719.0,429719.0,429719.0,429719.0,0.0,0.0,0
2026-09-29T13:40:00+00:00,429719.0,429719.0,429719.0,429719.0,0.0,0.0,0
2026-09-29T13:45:00+00:00,429719.0,429719.0,429719.0,429719.0,0.0,0.0,0
2026-09-29T13:50:00+00:00,429719.0,429719.0,429719.0,429719.0,0.0,0.0,0
2026-09-29T13:55:00+00:00,429719.0,429719.0,429719.0,429719.0,0.0,0.0,0
2026-09-29T14:00:00+00:00,429930.0,429955.0,429930.0,429955.0,1.1613,499284.2079,5
2026-09-29T14:05:00+00:00,429955.0,429955.0,429955.0,429955.0,0.0,0.0,0
2026-09-29T14:10:00+00:00,429955.0,429955.0,429955.0,429955.0,0.0,0.0,0
2026-09-29T14:15:00+00:00,429955.0,429955.0,429955.0,429955.0,0.0,0.0,0
2026-09-29T14:20:00+00:00,429955.0,429955.0,429955.0,429955.0,0.0,0.0,0
2026-09-29T14:25:00+00:00,429955.0,429955.0,429955.0,429955.0,0.0,0.0,0
2026-09-29T14:30:00+00:00,429955.0,429955.0,429955.0,429955.0,0.0,0.0,0
2026-09-29T14:35:00+00:00,427020.0,427020.0,427020.0,427020.0,0.0586,25023.372,2
2026-09-29T14:40:00+00:00,427020.0,427020.0,427020.0,427020.0,0.0,0.0,0
2026-09-29T14:45:00+00:00,427020.0,427020.0,427020.0,427020.0,0.0,0.0,0
2026-09-29T14:50:00+00:00,427020.0,427020.0,427020.0,427020.0,0.0,0.0,0
2026-09-29T14:55:00+00:00,427020.0,427020.0,427020.0,427020.0,0.0,0.0,0
2026-09-29T15:00:00+00:00,426504.0,426504.0,426504.0,426504.0,0.0029,1236.8616,1
2026-09-29T15:05:00+00:00,425955.0,425955.0,425955.0,425955.0,0.002901714969891185,1235.9999999999998,1
2026-09-29T15:10:00+00:00,425955.0,425955.0,425955.0,425955.0,0.0,0.0,0
2026-09-29T15:15:00+00:00,425248.0,426224.0,424874.0,424874.0,0.000246789774474869,104.99999999999905,5
2026-09-29T15:20:00+00:00,424594.0,424594.0,423115.0,423115.0,0.05324752562991234,22546.577999999998,6
2026-09-29T15:25:00+00:00,422730.0,422730.0,422531.0,422531.0,0.000149054693063122,62.999999999999254,3
2026-09-29T15:30:00+00:00,422531.0,422531.0,422531.0,422531.0,0.0,0.0,0
2026-09-29T15:35:00+00:00,423317.0,423568.0,423317.0,423502.0,0.4001983461707383,169472.9,9
2026-09-29T15:40:00+00:00,423502.0,423702.0,422800.0,423702.0,0.3201487596280537,135404.16942115975,8
2026-09-29T15:45:00+00:00,423771.0,423805.0,423771.0,423805.0,0.2,84757.6,3
2026-09-29T15:50:00+00:00,423804.0,423804.0,420528.0,420528.0,1.1013998337319808,463681.4488,9
2026-09-29T15:55:00+00:00,420528.0,420528.0,420528.0,420528.0,0.0,0.0,0
2026-09-29T16:00:00+00:00,422377.0,422377.0,422377.0,422377.0,2.034,859114.818,10
2026-09-29T16:05:00+00:00,422377.0,422377.0,422377.0,422377.0,0.0,0.0,0
2026-09-29T16:10:00+00:00,422377.0,422377.0,422377.0,422377.0,0.0,0.0,0
2026-09-29T16:15:00+00:00,422377.0,422377.0,422377.0,422377.0,0.0,0.0,0
2026-09-29T16:20:00+00:00,422377.0,422377.0,422377.0,422377.0,0.0,0.0,0
2026-09-29T16:25:00+00:00,422377.0,422377.0,422377.0,422377.0,0.0,0.0,0
2026-09-29T16:30:00+00:00,422377.0,422377.0,422377.0,422377.0,0.0,0.0,0
2026-09-29T16:35:00+00:00,422377.0,422377.0,422377.0,422377.0,0.0,0.0,0
2026-09-29T16:40:00+00:00,422377.0,422377.0,422377.0,422377.0,0.0,0.0,0
2026-09-29T16:45:00+00:00,422377.0,422377.0,422377.0,422377.0,0.0,0.0,0
2026-09-29T16:50:00+00:00,422377.0,422377.0,422377.0,422377.0,0.0,0.0,0
2026-09-29T16:55:00+00:00,422377.0,422377.0,422377.0,422377.0,0.0,0.0,0
2026-09-29T17:00:00+00:00,422377.0,422377.0,422377.0,422377.0,0.0,0.0,0
2026-09-29T17:05:00+00:00,422377.0,422377.0,422377.0,422377.0,0.0,0.0,0
2026-09-29T17:10:00+00:00,422377.0,422377.0,422377.0,422377.0,0.0,0.0,0
2026-09-29T17:15:00+00:00,422377.0,422377.0,422377.0,422377.0,0.0,0.0,0
2026-09-29T17:20:00+00:00,422377.0,422377.0,422377.0,422377.0,0.0,0.0,0
2026-09-29T17:25:00+00:00,422377.0,422377.0,422377.0,422377.0,0.0,0.0,0
2026-09-29T17:30:00+00:00,422377.0,422377.0,422377.0,422377.0,0.0,0.0,0
2026-09-29T17:35:00+00:00,422377.0,422377.0,422377.0,422377.0,0.0,0.0,0
2026-09-29T17:40:00+00:00,422377.0,422377.0,422377.0,422377.0,0.0,0.0,0
2026-09-29T17:45:00+00:00,422377.0,422377.0,422377.0,422377.0,0.0,0.0,0
2026-09-29T17:50:00+00:00,422377.0,422377.0,422377.0,422377.0,0.0,0.0,0
2026-09-29T17:55:00+00:00,422377.0,422377.0,422377.0,422377.0,0.0,0.0,0
2026-09-29T18:00:00+00:00,422377.0,422377.0,422377.0,422377.0,0.0,0.0,0
2026-09-29T18:05:00+00:00,422377.0,422377.0,422377.0,422377.0,0.0,0.0,0
2026-09-29T18:10:00+00:00,422377.0,422377.0,422377.0,422377.0,0.0,0.0,0
2026-09-29T18:15:00+00:00,422377.0,422377.0,422377.0,422377.0,0.0,0.0,0
2026-09-29T18:20:00+00:00,422377.0,422377.0,422377.0,422377.0,0.0,0.0,0
2026-09-29T18:25:00+00:00,422377.0,422377.0,422377.0,422377.0,0.0,0.0,0
2026-09-29T18:30:00+00:00,422377.0,422377.0,422377.0,422377.0,0.0,0.0,0
2026-09-29T18:35:00+00:00,422377.0,422377.0,422377.0,422377.0,0.0,0.0,0
2026-09-29T18:40:00+00:00,422377.0,422377.0,422377.0,422377.0,0.0,0.0,0
2026-09-29T18:45:00+00:00,422377.0,422377.0,422377.0,422377.0,0.0,0.0,0
2026-09-29T18:50:00+00:00,422377.0,422377.0,422377.0,422377.0,0.0,0.0,0
2026-09-29T18:55:00+00:00,422377.0,422377.0,422377.0,422377.0,0.0,0.0,0
2026-09-29T19:00:00+00:00,422377.0,422377.0,422377.0,422377.0,0.0,0.0,0
2026-09-29T19:05:00+00:00,422377.0,422377.0,422377.0,422377.0,0.0,0.0,0
2026-09-29T19:10:00+00:00,422377.0,422377.0,422377.0,422377.0,0.0,0.0,0
2026-09-29T19:15:00+00:00,422377.0,422377.0,422377.0,422377.0,0.0,0.0,0
2026-09-29T19:20:00+00:00,422377.0,422377.0,422377.0,422377.0,0.0,0.0,0
2026-09-29T19:25:00+00:00,422377.0,422377.0,422377.0,422377.0,0.0,0.0,0
2026-09-29T19:30:00+00:00,422377.0,422377.0,422377.0,422377.0,0.0,0.0,0
2026-09-29T19:35:00+00:00,422377.0,422377.0,422377.0,422377.0,0.0,0.0,0
2026-09-29T19:40:00+00:00,422377.0,422377.0,422377.0,422377.0,0.0,0.0,0
2026-09-29T19:45:00+00:00,422377.0,422377.0,422377.0,422377.0,0.0,0.0,0
2026-09-29T19:50:00+00:00,422377.0,422377.0,422377.0,422377.0,0.0,0.0,0
2026-09-29T19:55:00+00:00,422377.0,422377.0,422377.0,422377.0,0.0,0.0,0
2026-09-29T20:00:00+00:00,423890.0,423890.0,423890.0,423890.0,0.007077307792115879,3000.0,1
2026-09-29T20:05:00+00:00,423890.0,423890.0,423890.0,423890.0,0.0,0.0,0
2026-09-29T20:10:00+00:00,423890.0,423890.0,423890.0,423890.0,0.0,0.0,0
2026-09-29T20:15:00+00:00,423890.0,423890.0,423890.0,423890.0,0.0,0.0,0
2026-09-29T20:20:00+00:00,423890.0,423890.0,423890.0,423890.0,0.0,0.0,0
2026-09-29T20:25:00+00:00,423890.0,423890.0,423890.0,423890.0,0.0,0.0,0
2026-09-29T20:30:00+00:00,423890.0,423890.0,423890.0,423890.0,0.0,0.0,0
2026-09-29T20:35:00+00:00,423890.0,423890.0,423890.0,423890.0,0.0,0.0,0
2026-09-29T20:40:00+00:00,423890.0,423890.0,423890.0,423890.0,0.0,0.0,0
2026-09-29T20:45:00+00:00,423890.0,423890.0,423890.0,423890.0,0.0,0.0,0
2026-09-29T20:50:00+00:00,423890.0,423890.0,423890.0,423890.0,0.0,0.0,0
2026-09-29T20:55:00+00:00,423890.0,423890.0,423890.0,423890.0,0.0,0.0,0
2026-09-29T21:00:00+00:00,423890.0,423890.0,423890.0,423890.0,0.0,0.0,0
2026-09-29T21:05:00+00:00,423890.0,423890.0,423890.0,423890.0,0.0,0.0,0
2026-09-29T21:10:00+00:00,423890.0,423890.0,423890.0,423890.0,0.0,0.0,0
2026-09-29T21:15:00+00:00,423890.0,423890.0,423890.0,423890.0,0.0,0.0,0
2026-09-29T21:20:00+00:00,423890.0,423890.0,423890.0,423890.0,0.0,0.0,0
2026-09-29T21:25:00+00:00,423890.0,423890.0,423890.0,423890.0,0.0,0.0,0
2026-09-29T21:30:00+00:00,423890.0,423890.0,423890.0,423890.0,0.0,0.0,0
2026-09-29T21:35:00+00:00,423890.0,423890.0,423890.0,423890.0,0.0,0.0,0
2026-09-29T21:40:00+00:00,423890.0,423890.0,423890.0,423890.0,0.0,0.0,0
2026-09-29T21:45:00+00:00,423890.0,423890.0,423890.0,423890.0,0.0,0.0,0
2026-09-29T21:50:00+00:00,421396.0,421396.0,421396.0,421396.0,0.1,42139.6,1
2026-09-29T21:55:00+00:00,421396.0,421396.0,421396.0,421396.0,0.0,0.0,0
2026-09-29T22:00:00+00:00,421396.0,421396.0,421396.0,421396.0,0.6874,289667.6104,6
2026-09-29T22:05:00+00:00,423074.0,423074.0,423074.0,423074.0,0.000945461077731082,399.9999999999998,1
2026-09-29T22:10:00+00:00,423074.0,423074.0,423074.0,423074.0,0.0,0.0,0
2026-09-29T22:15:00+00:00,422402.0,422402.0,422402.0,422402.0,0.1557,65767.9914,1
2026-09-29T22:20:00+00:00,422402.0,422402.0,422402.0,422402.0,0.0,0.0,0
2026-09-29T22:25:00+00:00,422402.0,422402.0,422402.0,422402.0,0.0,0.0,0
2026-09-29T22:30:00+00:00,421648.0,422440.0,421648.0,421961.0,0.013666816601646464,5765.3488,3
2026-09-29T22:35:00+00:00,421961.0,421961.0,421961.0,421961.0,0.0,0.0,0
2026-09-29T22:40:00+00:00,422339.0,422339.0,422339.0,422339.0,0.002367766178354355,999.9999999999999,1
2026-09-29T22:45:00+00:00,422339.0,422339.0,422339.0,422339.0,0.0,0.0,0
2026-09-29T22:50:00+00:00,422339.0,422339.0,422339.0,422339.0,0.0,0.0,0
2026-09-29T22:55:00+00:00,422339.0,422339.0,422339.0,422339.0,0.0,0.0,0
2026-09-29T23:00:00+00:00,422339.0,422339.0,422339.0,422339.0,0.0,0.0,0
2026-09-29T23:05:00+00:00,422481.0,422481.0,422481.0,422481.0,0.001,422.481,1
2026-09-29T23:10:00+00:00,422481.0,422481.0,422481.0,422481.0,0.0,0.0,0
2026-09-29T23:15:00+00:00,422481.0,422481.0,422481.0,422481.0,0.0,0.0,0
2026-09-29T23:20:00+00:00,422481.0,422481.0,422481.0,422481.0,0.0,0.0,0
2026-09-29T23:25:00+00:00,422481.0,422481.0,422481.0,422481.0,0.0,0.0,0
2026-09-29T23:30:00+00:00,421963.0,421963.0,421963.0,421963.0,0.0296,12490.1048,1
2026-09-29T23:35:00+00:00,421963.0,421963.0,421963.0,421963.0,0.0,0.0,0
2026-09-29T23:40:00+00:00,421963.0,421963.0,421963.0,421963.0,0.0,0.0,0
2026-09-29T23:45:00+00:00,421963.0,421963.0,421963.0,421963.0,0.0,0.0,0
2026-09-29T23:50:00+00:00,421963.0,421963.0,421963.0,421963.0,0.0,0.0,0
2026-09-29T23:55:00+00:00,421963.0,421963.0,421963.0,421963.0,0.0,0.0,0
2026-09-30T00:00:00+00:00,421963.0,421963.0,421963.0,421963.0,0.0,0.0,0
2026-09-30T00:05:00+00:00,421963.0,421963.0,421963.0,421963.0,0.0,0.0,0
2026-09-30T00:10:00+00:00,421963.0,421963.0,421963.0,421963.0,0.0,0.0,0
2026-09-30T00:15:00+00:00,421963.0,421963.0,421963.0,421963.0,0.0,0.0,0
2026-09-30T00:20:00+00:00,421963.0,421963.0,421963.0,421963.0,0.0,0.0,0
2026-09-30T00:25:00+00:00,421963.0,421963.0,421963.0,421963.0,0.0,0.0,0
2026-09-30T00:30:00+00:00,421963.0,421963.0,421963.0,421963.0,0.0,0.0,0
2026-09-30T00:35:00+00:00,421963.0,421963.0,421963.0,421963.0,0.0,0.0,0
2026-09-30T00:40:00+00:00,421963.0,421963.0,421963.0,421963.0,0.0,0.0,0
2026-09-30T00:45:00+00:00,421963.0,421963.0,421963.0,421963.0,0.0,0.0,0
2026-09-30T00:50:00+00:00,421963.0,421963.0,421963.0,421963.0,0.0,0.0,0
2026-09-30T00:55:00+00:00,420614.0,420614.0,420614.0,420614.0,0.2171324302091704,91328.94,2
2026-09-30T01:00:00+00:00,420614.0,420614.0,420614.0,420614.0,0.0,0.0,0
2026-09-30T01:05:00+00:00,420139.0,420139.0,420139.0,420139.0,0.1,42013.9,1
2026-09-30T01:10:00+00:00,420139.0,420404.0,420139.0,420404.0,0.49953085603371994,210000.0,2
2026-09-30T01:15:00+00:00,420404.0,420404.0,420404.0,420404.0,0.0,0.0,0
2026-09-30T01:20:00+00:00,420404.0,420404.0,420404.0,420404.0,0.0,0.0,0
2026-09-30T01:25:00+00:00,420404.0,420404.0,420404.0,420404.0,0.0,0.0,0
2026-09-30T01:30:00+00:00,420001.0,420001.0,420000.0,420000.0,6.1905,2600015.0,14
2026-09-30T01:35:00+00:00,420000.0,420000.0,420000.0,420000.0,0.0,0.0,0
2026-09-30T01:40:00+00:00,420000.0,420000.0,420000.0,420000.0,0.0,0.0,0
2026-09-30T01:45:00+00:00,420000.0,420000.0,420000.0,420000.0,0.0,0.0,0
2026-09-30T01:50:00+00:00,420000.0,420000.0,420000.0,420000.0,0.0,0.0,0
2026-09-30T01:55:00+00:00,420000.0,420000.0,420000.0,420000.0,0.0,0.0,0
2026-09-30T02:00:00+00:00,420000.0,420000.0,420000.0,420000.0,0.0,0.0,0
2026-09-30T02:05:00+00:00,420000.0,420000.0,420000.0,420000.0,0.0,0.0,0
2026-09-30T02:10:00+00:00,420000.0,420000.0,420000.0,420000.0,0.0,0.0,0
2026-09-30T02:15:00+00:00,420000.0,420000.0,420000.0,420000.0,0.0,0.0,0
2026-09-30T02:20:00+00:00,420000.0,420000.0,420000.0,420000.0,0.0,0.0,0
2026-09-30T02:25:00+00:00,418572.0,419428.0,418572.0,419428.0,6.813556711044566,2856400.0,12
2026-09-30T02:30:00+00:00,419428.0,419428.0,419428.0,419428.0,0.0,0.0,0
2026-09-30T02:35:00+00:00,419428.0,419428.0,419428.0,419428.0,0.0,0.0,0
2026-09-30T02:40:00+00:00,419428.0,419428.0,419428.0,419428.0,0.0,0.0,0
2026-09-30T02:45:00+00:00,419428.0,419428.0,419428.0,419428.0,0.0,0.0,0
2026-09-30T02:50:00+00:00,419428.0,419428.0,419428.0,419428.0,0.0,0.0,0
2026-09-30T02:55:00+00:00,419428.0,419428.0,419428.0,419428.0,0.0,0.0,0
2026-09-30T03:00:00+00:00,419428.0,419428.0,419428.0,419428.0,0.0,0.0,0
2026-09-30T03:05:00+00:00,419428.0,419428.0,419428.0,419428.0,0.0,0.0,0
2026-09-30T03:10:00+00:00,419428.0,419428.0,419428.0,419428.0,0.0,0.0,0
2026-09-30T03:15:00+00:00,419550.0,420210.0,419550.0,420210.0,2.3330642976130984,980000.0,6
2026-09-30T03:20:00+00:00,420210.0,420210.0,420210.0,420210.0,0.0,0.0,0
2026-09-30T03:25:00+00:00,420210.0,420210.0,420210.0,420210.0,0.0,0.0,0
2026-09-30T03:30:00+00:00,420210.0,420210.0,420210.0,420210.0,0.0,0.0,0
2026-09-30T03:35:00+00:00,420210.0,420210.0,420210.0,420210.0,0.0,0.0,0
2026-09-30T03:40:00+00:00,420210.0,420210.0,420210.0,420210.0,0.0,0.0,0
2026-09-30T03:45:00+00:00,420210.0,420210.0,420210.0,420210.0,0.0,0.0,0
2026-09-30T03:50:00+00:00,420120.0,420120.0,420120.0,420120.0,0.021422450728363324,9000.0,1
2026-09-30T03:55:00+00:00,420120.0,420120.0,420120.0,420120.0,0.0,0.0,0
2026-09-30T04:00:00+00:00,420072.0,420072.0,420072.0,420072.0,0.1,42007.2,1
2026-09-30T04:05:00+00:00,420072.0,420072.0,420072.0,420072.0,0.0,0.0,0
2026-09-30T04:10:00+00:00,420072.0,420072.0,420072.0,420072.0,0.0,0.0,0
2026-09-30T04:15:00+00:00,420072.0,420072.0,420072.0,420072.0,0.0,0.0,0
2026-09-30T04:20:00+00:00,420072.0,420072.0,420072.0,420072.0,0.0,0.0,0
2026-09-30T04:25:00+00:00,420072.0,420072.0,420072.0,420072.0,0.0,0.0,0
2026-09-30T04:30:00+00:00,420605.0,421414.0,420605.0,420817.0,2.1486161680762708,904888.0,8
2026-09-30T04:35:00+00:00,420817.0,420817.0,420817.0,420817.0,0.0,0.0,0
2026-09-30T04:40:00+00:00,420817.0,420817.0,420817.0,420817.0,0.0,0.0,0
2026-09-30T04:45:00+00:00,420817.0,420817.0,420817.0,420817.0,0.0,0.0,0
2026-09-30T04:50:00+00:00,420817.0,420817.0,420817.0,420817.0,0.0,0.0,0
2026-09-30T04:55:00+00:00,420817.0,420817.0,420817.0,420817.0,0.0,0.0,0
2026-09-30T05:00:00+00:00,420817.0,420817.0,420817.0,420817.0,0.0,0.0,0
2026-09-30T05:05:00+00:00,420817.0,420817.0,420817.0,420817.0,0.0,0.0,0
2026-09-30T05:10:00+00:00,420001.0,420001.0,419887.0,419887.0,0.7383,310046.7183,3
2026-09-30T05:15:00+00:00,419887.0,419887.0,419887.0,419887.0,0.0,0.0,0
2026-09-30T05:20:00+00:00,419887.0,419887.0,419887.0,419887.0,0.0,0.0,0
2026-09-30T05:25:00+00:00,419887.0,419887.0,419887.0,419887.0,0.0,0.0,0
2026-09-30T05:30:00+00:00,419887.0,419887.0,419887.0,419887.0,0.0,0.0,0
2026-09-30T05:35:00+00:00,419887.0,419887.0,419887.0,419887.0,0.0,0.0,0
2026-09-30T05:40:00+00:00,419887.0,419887.0,419887.0,419887.0,0.0,0.0,0
2026-09-30T05:45:00+00:00,421000.0,421000.0,421000.0,421000.0,0.7175,302067.5,4
2026-09-30T05:50:00+00:00,421000.0,421000.0,421000.0,421000.0,0.0,0.0,0
2026-09-30T05:55:00+00:00,421000.0,421000.0,421000.0,421000.0,0.0,0.0,0
2026-09-30T06:00:00+00:00,421000.0,421000.0,421000.0,421000.0,0.0,0.0,0
2026-09-30T06:05:00+00:00,421000.0,421000.0,421000.0,421000.0,0.0,0.0,0
2026-09-30T06:10:00+00:00,419887.0,419887.0,419887.0,419887.0,0.4125,173203.3875,1
2026-09-30T06:15:00+00:00,419887.0,419887.0,419887.0,419887.0,0.0,0.0,0
2026-09-30T06:20:00+00:00,419345.0,420070.0,419345.0,420070.0,3.572320688456686,1500000.0,12
2026-09-30T06:25:00+00:00,420070.0,420070.0,420070.0,420070.0,0.0,0.0,0
2026-09-30T06:30:00+00:00,420070.0,420070.0,420070.0,420070.0,0.0,0.0,0
2026-09-30T06:35:00+00:00,420070.0,420070.0,420070.0,420070.0,0.0,0.0,0
2026-09-30T06:40:00+00:00,420070.0,420070.0,420070.0,420070.0,0.0,0.0,0
2026-09-30T06:45:00+00:00,420070.0,420070.0,420070.0,420070.0,0.0,0.0,0
2026-09-30T06:50:00+00:00,420070.0,420070.0,420070.0,420070.0,0.0,0.0,0
2026-09-30T06:55:00+00:00,420070.0,420070.0,420070.0,420070.0,0.0,0.0,0
2026-09-30T07:00:00+00:00,418016.0,418016.0,418016.0,418016.0,0.0285,11913.456,1
2026-09-30T07:05:00+00:00,418731.0,419239.0,418731.0,419239.0,0.8834102986601915,370000.0,5
2026-09-30T07:10:00+00:00,419239.0,419239.0,419239.0,419239.0,0.0,0.0,0
2026-09-30T07:15:00+00:00,419239.0,419239.0,419239.0,419239.0,0.0,0.0,0
2026-09-30T07:20:00+00:00,419239.0,419239.0,419239.0,419239.0,0.0,0.0,0
2026-09-30T07:25:00+00:00,419239.0,419239.0,419239.0,419239.0,0.0,0.0,0
2026-09-30T07:30:00+00:00,419239.0,419239.0,419239.0,419239.0,0.0,0.0,0
2026-09-30T07:35:00+00:00,419239.0,419239.0,419239.0,419239.0,0.0,0.0,0
2026-09-30T07:40:00+00:00,419239.0,419239.0,419239.0,419239.0,0.0,0.0,0
2026-09-30T07:45:00+00:00,419239.0,419239.0,419239.0,419239.0,0.0,0.0,0
2026-09-30T07:50:00+00:00,419239.0,419239.0,419239.0,419239.0,0.0,0.0,0
2026-09-30T07:55:00+00:00,419239.0,419239.0,419239.0,419239.0,0.0,0.0,0
2026-09-30T08:00:00+00:00,419239.0,419239.0,419239.0,419239.0,0.0,0.0,0
2026-09-30T08:05:00+00:00,419239.0,419239.0,419239.0,419239.0,0.0,0.0,0
2026-09-30T08:10:00+00:00,419239.0,419239.0,419239.0,419239.0,0.0,0.0,0
2026-09-30T08:15:00+00:00,419239.0,419239.0,419239.0,419239.0,0.0,0.0,0
2026-09-30T08:20:00+00:00,419513.0,420133.0,419513.0,420133.0,0.282521787862415,118534.8443,2
2026-09-30T08:25:00+00:00,420133.0,420133.0,420133.0,420133.0,0.05,21006.65,1
2026-09-30T08:30:00+00:00,419405.0,420077.0,419355.0,419355.0,1.1523,483310.4315,7
2026-09-30T08:35:00+00:00,419355.0,419355.0,419355.0,419355.0,0.0,0.0,0
2026-09-30T08:40:00+00:00,419355.0,419936.0,419355.0,419936.0,1.4166397813000076,594377.4545,5
2026-09-30T08:45:00+00:00,419417.0,420444.0,419417.0,420444.0,4.765758841605541,2003000.0,3
2026-09-30T08:50:00+00:00,420444.0,420444.0,420444.0,420444.0,0.0,0.0,0
2026-09-30T08:55:00+00:00,420444.0,420444.0,420444.0,420444.0,0.0,0.0,0
2026-09-30T09:00:00+00:00,420444.0,420444.0,420444.0,420444.0,0.0,0.0,0
2026-09-30T09:05:00+00:00,420286.0,420286.0,420286.0,420286.0,0.2,84057.2,2
2026-09-30T09:10:00+00:00,420286.0,420286.0,420286.0,420286.0,0.0,0.0,0
2026-09-30T09:15:00+00:00,421202.0,422115.0,421201.0,421201.0,7.1293127452664855,3009000.0,8
2026-09-30T09:20:00+00:00,421427.0,421427.0,418070.0,421112.0,7.1435,2991919.9409,11
2026-09-30T09:25:00+00:00,421112.0,421112.0,421112.0,421112.0,0.0,0.0,0
2026-09-30T09:30:00+00:00,423000.0,423000.0,423000.0,423000.0,5.0,2115000.0,25
2026-09-30T09:35:00+00:00,423000.0,423000.0,423000.0,423000.0,0.0,0.0,0
2026-09-30T09:40:00+00:00,423000.0,423000.0,423000.0,423000.0,0.0,0.0,0
2026-09-30T09:45:00+00:00,423000.0,423000.0,423000.0,423000.0,0.0,0.0,0
2026-09-30T09:50:00+00:00,423000.0,423000.0,423000.0,423000.0,0.0,0.0,0
2026-09-30T09:55:00+00:00,423000.0,423000.0,423000.0,423000.0,0.0,0.0,0
2026-09-30T10:00:00+00:00,423000.0,423000.0,423000.0,423000.0,0.0,0.0,0
2026-09-30T10:05:00+00:00,423000.0,423000.0,423000.0,423000.0,0.0,0.0,0
2026-09-30T10:10:00+00:00,422352.0,422352.0,421972.0,421972.0,1.1411,481833.8348,8
2026-09-30T10:15:00+00:00,421972.0,421972.0,421972.0,421972.0,0.0,0.0,0
2026-09-30T10:20:00+00:00,422354.0,422354.0,422353.0,422354.0,0.1491,62972.9794,5
2026-09-30T10:25:00+00:00,422354.0,422354.0,422354.0,422354.0,0.0,0.0,0
2026-09-30T10:30:00+00:00,422354.0,422354.0,422354.0,422354.0,0.0,0.0,0
2026-09-30T10:35:00+00:00,422354.0,422354.0,422354.0,422354.0,0.0,0.0,0
2026-09-30T10:40:00+00:00,422354.0,422354.0,422354.0,422354.0,0.0,0.0,0
2026-09-30T10:45:00+00:00,422354.0,422354.0,422354.0,422354.0,0.0,0.0,0
2026-09-30T10:50:00+00:00,422354.0,422354.0,422354.0,422354.0,0.0,0.0,0
2026-09-30T10:55:00+00:00,423228.0,423228.0,423228.0,423228.0,0.1,42322.8,1
2026-09-30T11:00:00+00:00,423228.0,423228.0,423228.0,423228.0,0.0,0.0,0
2026-09-30T11:05:00+00:00,423228.0,423228.0,423228.0,423228.0,0.0,0.0,0
2026-09-30T11:10:00+00:00,423228.0,423228.0,423228.0,423228.0,0.0,0.0,0
2026-09-30T11:15:00+00:00,423228.0,423228.0,423228.0,423228.0,0.0,0.0,0
2026-09-30T11:20:00+00:00,423228.0,423228.0,423228.0,423228.0,0.0,0.0,0
2026-09-30T11:25:00+00:00,423228.0,423228.0,423228.0,423228.0,0.0,0.0,0
2026-09-30T11:30:00+00:00,423228.0,423228.0,423228.0,423228.0,0.0,0.0,0
2026-09-30T11:35:00+00:00,423501.0,423501.0,423501.0,423501.0,0.011806347564704688,5000.0,1
2026-09-30T11:40:00+00:00,423501.0,423501.0,423501.0,423501.0,0.0,0.0,0
2026-09-30T11:45:00+00:00,423501.0,423501.0,423501.0,423501.0,0.0,0.0,0
2026-09-30T11:50:00+00:00,423501.0,423501.0,423501.0,423501.0,0.001993652435295313,844.3138000000004,1
2026-09-30T11:55:00+00:00,423501.0,423501.0,423501.0,423501.0,0.0,0.0,0
2026-09-30T12:00:00+00:00,423501.0,423501.0,423501.0,423501.0,0.0,0.0,0
2026-09-30T12:05:00+00:00,423501.0,423501.0,423501.0,423501.0,0.2533,107272.8033,4
2026-09-30T12:10:00+00:00,423594.0,424021.0,423594.0,424021.0,2.36,1000554.7629,10
2026-09-30T12:15:00+00:00,424021.0,424021.0,424021.0,424021.0,0.0,0.0,0
2026-09-30T12:20:00+00:00,423501.0,423501.0,423501.0,423501.0,0.04110634756470469,17408.5793,2
2026-09-30T12:25:00+00:00,424332.0,424446.0,424332.0,424446.0,0.1614,68502.6204,3
2026-09-30T12:30:00+00:00,424635.0,426185.0,424635.0,426185.0,0.2399,101980.8965,4
2026-09-30T12:35:00+00:00,428330.0,428331.0,428330.0,428331.0,0.1179,50500.1641,2
2026-09-30T12:40:00+00:00,428331.0,428331.0,428331.0,428331.0,0.0,0.0,0
2026-09-30T12:45:00+00:00,428331.0,428331.0,428331.0,428331.0,0.0,0.0,0
2026-09-30T12:50:00+00:00,429000.0,429000.0,429000.0,429000.0,0.2998,128614.2,3
2026-09-30T12:55:00+00:00,429000.0,429000.0,429000.0,429000.0,0.2,85800.0,2
2026-09-30T13:00:00+00:00,427479.0,427479.0,427027.0,427027.0,0.9006,384875.5976,6
2026-09-30T13:05:00+00:00,427027.0,427027.0,427027.0,427027.0,0.0,0.0,0
2026-09-30T13:10:00+00:00,428970.0,429000.0,428970.0,429000.0,1.1907,510795.3,8
2026-09-30T13:15:00+00:00,429000.0,429000.0,429000.0,429000.0,0.0,0.0,0
2026-09-30T13:20:00+00:00,429000.0,429000.0,429000.0,429000.0,0.0,0.0,0
2026-09-30T13:25:00+00:00,429000.0,429000.0,429000.0,429000.0,0.0,0.0,0
2026-09-30T13:30:00+00:00,429000.0,429000.0,429000.0,429000.0,0.0,0.0,0
2026-09-30T13:35:00+00:00,429000.0,429000.0,429000.0,429000.0,0.0,0.0,0
2026-09-30T13:40:00+00:00,429000.0,429000.0,429000.0,429000.0,0.0,0.0,0
2026-09-30T13:45:00+00:00,424548.0,424548.0,424547.0,424547.0,0.07119906629890212,30227.399999999998,3
2026-09-30T13:50:00+00:00,423738.0,425155.0,423712.0,424251.0,0.30830569931444934,130763.5325,10
2026-09-30T13:55:00+00:00,425043.0,425043.0,425043.0,425043.0,0.1,42504.3,1
2026-09-30T14:00:00+00:00,425121.0,425121.0,425121.0,425121.0,0.02117044323851327,9000.0,1
2026-09-30T14:05:00+00:00,425121.0,425121.0,425121.0,425121.0,0.0,0.0,0
2026-09-30T14:10:00+00:00,423538.0,423538.0,423538.0,423538.0,0.5,211769.0,1
2026-09-30T14:15:00+00:00,423538.0,423538.0,423538.0,423538.0,0.0,0.0,0
2026-09-30T14:20:00+00:00,423538.0,423538.0,423538.0,423538.0,0.0,0.0,0
2026-09-30T14:25:00+00:00,423538.0,423538.0,423538.0,423538.0,0.0,0.0,0
2026-09-30T14:30:00+00:00,420001.0,420001.0,419998.0,419998.0,6.2014,2604592.9782,47
2026-09-30T14:35:00+00:00,419998.0,419998.0,419998.0,419998.0,0.0,0.0,0
2026-09-30T14:40:00+00:00,419998.0,419998.0,419998.0,419998.0,0.0,0.0,0
2026-09-30T14:45:00+00:00,420627.0,420627.0,420627.0,420627.0,0.015,6309.405,1
2026-09-30T14:50:00+00:00,421316.0,422668.0,421316.0,422668.0,5.021223642669897,2120050.0,13
2026-09-30T14:55:00+00:00,422668.0,422668.0,422668.0,422668.0,0.0,0.0,0
2026-09-30T15:00:00+00:00,421156.0,421156.0,421156.0,421156.0,0.24,101077.44,3
2026-09-30T15:05:00+00:00,421619.0,421619.0,421619.0,421619.0,0.1,42161.9,1
2026-09-30T15:10:00+00:00,421684.0,421684.0,421684.0,421684.0,0.08,33734.72,1
2026-09-30T15:15:00+00:00,421684.0,421684.0,421684.0,421684.0,0.0,0.0,0
2026-09-30T15:20:00+00:00,421222.0,421222.0,420962.0,420962.0,0.3099,130534.1238,4
2026-09-30T15:25:00+00:00,420962.0,420962.0,420962.0,420962.0,0.0,0.0,0
2026-09-30T15:30:00+00:00,422275.0,422275.0,422275.0,422275.0,0.1,42227.5,1
2026-09-30T15:35:00+00:00,422275.0,422275.0,422275.0,422275.0,0.0,0.0,0
2026-09-30T15:40:00+00:00,422275.0,422275.0,422275.0,422275.0,0.0,0.0,0
