timestamp,open,high,low,close,volume,quote_volume,count
2026-07-08T22:00:00+00:00,177.12,177.619,177.12,177.4,3626.4618230246233,643244.39822,46
2026-07-08T23:00:00+00:00,177.4,177.4,176.932,177.383,1800.7904332559965,319010.94349,18
2026-07-09T00:00:00+00:00,177.091,177.091,176.896,176.896,823.37,145744.03334,6
2026-07-09T01:00:00+00:00,176.774,178.0,176.003,176.237,10787.254088362783,1910713.37054,103
2026-07-09T02:00:00+00:00,176.263,177.119,175.857,176.371,4787.319559253229,844884.16824,65
2026-07-09T03:00:00+00:00,176.307,176.952,175.836,176.826,3180.387967638988,561244.90471,41
2026-07-09T04:00:00+00:00,176.81,177.688,176.275,177.503,5869.688056757812,1039142.76436,73
2026-07-09T05:00:00+00:00,177.929,178.643,177.401,178.643,3250.751072665124,578648.19035,29
2026-07-09T06:00:00+00:00,178.642,178.82,178.08,178.819,7449.73199441783,1330414.57279,60
2026-07-09T07:00:00+00:00,178.701,179.115,177.729,178.817,2244.0648693254084,401058.11486,20
2026-07-09T08:00:00+00:00,178.281,178.4,177.871,178.099,2253.0080313174158,401316.1449636864,23
2026-07-09T09:00:00+00:00,177.825,177.958,177.321,177.815,6274.510496469793,1114915.22853,35
2026-07-09T10:00:00+00:00,177.477,178.085,177.403,177.43,2875.127364902131,511081.35306,27
2026-07-09T11:00:00+00:00,177.511,177.807,177.001,177.807,5029.682540807408,891524.33062,31
2026-07-09T12:00:00+00:00,177.351,178.094,177.259,177.285,2904.026944224971,515549.6787,25
2026-07-09T13:00:00+00:00,178.099,178.466,178.099,178.466,558.3423277262896,99536.58576,5
2026-07-09T14:00:00+00:00,178.632,178.632,177.371,177.747,934.1895428657759,166175.21161,13
2026-07-09T15:00:00+00:00,177.422,177.989,176.869,177.228,4032.4174395478026,715663.7832,34
2026-07-09T16:00:00+00:00,176.948,176.998,176.56,176.783,724.2242942339091,128054.85093,20
2026-07-09T17:00:00+00:00,176.956,178.232,176.956,178.232,2143.86,379756.078,13
2026-07-09T18:00:00+00:00,178.081,178.434,177.459,177.742,2792.1916608464244,497192.15921,12
2026-07-09T19:00:00+00:00,177.742,177.742,177.742,177.742,0.0,0.0,0
2026-07-09T20:00:00+00:00,178.506,178.506,178.356,178.356,556.84,99351.55425,5
2026-07-09T21:00:00+00:00,178.393,178.439,178.037,178.393,4427.891633202166,789242.6125112317,61
2026-07-09T22:00:00+00:00,178.123,178.305,177.982,178.18,1677.697917893497,298744.82801,10
2026-07-09T23:00:00+00:00,177.792,177.978,177.341,177.897,4048.3371450879185,719328.82059,22
2026-07-10T00:00:00+00:00,177.546,177.615,177.0,177.0,1675.1566053261595,297306.18562,13
2026-07-10T01:00:00+00:00,176.921,179.169,176.921,178.578,13767.402924789247,2451305.98262,78
2026-07-10T02:00:00+00:00,178.644,178.891,178.325,178.702,2004.1221862353304,358063.03946,37
2026-07-10T03:00:00+00:00,178.651,178.982,178.132,178.64,2788.23,497570.27203,13
2026-07-10T04:00:00+00:00,178.993,179.743,178.692,179.725,1405.2888403558134,251894.59531,25
2026-07-10T05:00:00+00:00,179.299,180.0,179.235,179.505,6771.421325984752,1214491.19157,28
2026-07-10T06:00:00+00:00,179.578,179.605,178.531,179.069,705.3904632895891,126321.45515,11
2026-07-10T07:00:00+00:00,178.612,179.166,178.612,178.942,2751.17,492208.10896,15
2026-07-10T08:00:00+00:00,179.243,180.387,179.243,180.186,3450.99928296316,621696.22821355,52
2026-07-10T09:00:00+00:00,179.876,180.999,179.869,180.591,1269.205160272325,228924.42695,14
2026-07-10T10:00:00+00:00,180.64,181.213,180.625,180.868,2121.7249098645834,383664.9886575718,29
2026-07-10T11:00:00+00:00,180.347,180.347,179.976,180.317,921.3700171607906,166017.37066,11
2026-07-10T12:00:00+00:00,180.265,180.265,179.751,179.751,894.2829122678478,160842.14093,10
2026-07-10T13:00:00+00:00,179.577,180.304,179.185,180.304,6679.285617136428,1201073.96049,45
2026-07-10T14:00:00+00:00,179.769,179.77,177.142,178.692,5731.721438869358,1024328.28066,32
2026-07-10T15:00:00+00:00,178.195,179.038,177.667,177.986,3982.2351649725674,710139.5161670134,33
2026-07-10T16:00:00+00:00,178.344,178.442,177.756,178.295,2053.9,366138.52771,21
2026-07-10T17:00:00+00:00,178.69,178.69,178.247,178.481,1069.3252437181711,190728.66824,13
2026-07-10T18:00:00+00:00,178.364,178.364,178.163,178.163,57.81594341863768,10301.0,2
2026-07-10T19:00:00+00:00,178.238,179.185,178.238,179.185,327.627011251064,58514.05919,6
2026-07-10T20:00:00+00:00,179.074,179.729,179.074,179.313,1349.423663690524,242071.17677,10
2026-07-10T21:00:00+00:00,179.0,179.171,179.0,179.171,55.81,9999.36251,2
2026-07-10T22:00:00+00:00,178.8,179.345,178.727,179.345,146.08,26148.27342,7
2026-07-10T23:00:00+00:00,178.704,179.121,178.638,178.638,199.21919170011293,35662.30168,6
2026-07-11T00:00:00+00:00,178.387,178.992,178.177,178.992,3322.05,593100.44632,34
2026-07-11T01:00:00+00:00,178.712,179.433,178.707,179.168,4342.464405149205,778933.85461,31
2026-07-11T02:00:00+00:00,178.944,179.234,178.784,179.171,1961.0159788788797,351005.44086,19
2026-07-11T03:00:00+00:00,179.234,180.008,179.234,179.891,777.0047890990994,139509.93381,11
2026-07-11T04:00:00+00:00,179.154,179.755,179.0,179.281,2139.398491403611,384143.06605,12
2026-07-11T05:00:00+00:00,179.227,179.756,179.227,179.756,45.523591195723974,8170.21156,4
2026-07-11T06:00:00+00:00,179.097,179.539,179.097,179.302,749.02,134308.09402,6
2026-07-11T07:00:00+00:00,179.428,179.701,179.349,179.701,2881.65,516912.66378,16
2026-07-11T08:00:00+00:00,179.296,179.727,178.981,179.578,3221.826371170797,577437.30685,31
2026-07-11T09:00:00+00:00,179.85,179.85,179.478,179.478,551.4832153689498,99128.19354,6
2026-07-11T10:00:00+00:00,179.412,179.609,179.3,179.609,1081.0567585221775,193964.32111,8
2026-07-11T11:00:00+00:00,179.609,179.795,179.5,179.5,1121.303132727725,201495.5485,10
2026-07-11T12:00:00+00:00,179.5,179.593,179.131,179.593,2502.849818254637,448982.5718,21
2026-07-11T13:00:00+00:00,179.654,179.854,179.654,179.84,1245.7185571165467,223930.63454,12
2026-07-11T14:00:00+00:00,179.84,180.61,179.84,180.516,1174.261635441921,211602.86102,14
2026-07-11T15:00:00+00:00,180.527,180.826,180.026,180.3,220.8137832200669,39832.67842,5
2026-07-11T16:00:00+00:00,179.851,180.689,179.851,180.372,291.87046040434115,52614.1342,6
2026-07-11T17:00:00+00:00,180.202,180.658,180.002,180.658,215.8432088255156,38900.61898,4
2026-07-11T18:00:00+00:00,180.604,181.0,180.441,181.0,915.6838510872847,165495.8993,9
2026-07-11T19:00:00+00:00,180.581,181.0,180.581,180.646,244.46151840253987,44190.1926,5
2026-07-11T20:00:00+00:00,180.646,180.646,180.646,180.646,0.0,0.0,0
2026-07-11T21:00:00+00:00,180.675,180.761,180.62,180.761,34.866925455647696,6301.65687,3
2026-07-11T22:00:00+00:00,180.557,180.999,179.216,179.79,2810.966423018912,506614.44959,20
2026-07-11T23:00:00+00:00,179.702,179.702,177.371,177.371,1081.352256417619,192641.25386,31
2026-07-12T00:00:00+00:00,177.731,177.83,176.216,177.033,1917.5055936949027,339391.58448,50
2026-07-12T01:00:00+00:00,177.269,177.927,177.269,177.927,1260.7124978705183,224057.67308,10
2026-07-12T02:00:00+00:00,177.927,177.927,177.144,177.591,1954.167685481328,347259.92081,21
2026-07-12T03:00:00+00:00,177.591,177.964,177.591,177.964,16.87183196220529,2998.37804,2
2026-07-12T04:00:00+00:00,178.0,178.327,176.878,176.878,4927.263625754933,874119.58858,22
2026-07-12T05:00:00+00:00,177.435,177.436,176.984,177.298,495.11467199207954,87817.55619,7
2026-07-12T06:00:00+00:00,176.693,176.693,176.614,176.614,152.91978924827515,27013.0,3
2026-07-12T07:00:00+00:00,176.831,177.076,176.489,176.514,1462.6907879693788,258573.77923,12
2026-07-12T08:00:00+00:00,176.741,177.295,176.611,176.827,5518.379618715215,975951.57447,34
2026-07-12T09:00:00+00:00,176.889,177.582,176.889,177.455,1338.87,237340.61967,12
2026-07-12T10:00:00+00:00,177.4,177.608,176.937,177.345,3317.6124937316204,588741.42154,20
2026-07-12T11:00:00+00:00,177.107,178.0,177.047,177.939,731.5101554933384,129902.55132808152,14
2026-07-12T12:00:00+00:00,177.22,178.176,177.22,178.0,5586.833885201436,994416.17061,57
2026-07-12T13:00:00+00:00,178.001,178.289,178.0,178.0,3164.9005221548623,563602.44156,25
2026-07-12T14:00:00+00:00,177.956,178.478,177.499,178.478,1123.1252329292865,199958.35616,16
2026-07-12T15:00:00+00:00,178.4,178.497,178.124,178.296,1763.6641973932424,314645.17423,16
2026-07-12T16:00:00+00:00,178.004,178.358,177.916,178.263,2400.8710264843226,427230.60462,10
2026-07-12T17:00:00+00:00,178.125,178.125,178.124,178.124,240.0,42749.837,2
2026-07-12T18:00:00+00:00,177.897,177.897,177.897,177.897,28.106151312276204,5000.0,1
2026-07-12T19:00:00+00:00,177.972,177.972,177.972,177.972,4.495089115141708,800.0,1
2026-07-12T20:00:00+00:00,178.261,178.261,178.07,178.138,277.8897530722509,49506.58918,6
2026-07-12T21:00:00+00:00,177.881,177.881,177.318,177.359,440.75,78328.40685,6
2026-07-12T22:00:00+00:00,177.1,177.1,175.745,175.745,1342.9960715623477,236573.13383,19
2026-07-12T23:00:00+00:00,175.769,176.354,175.737,176.292,4635.332510405207,815582.20798,21
2026-07-13T00:00:00+00:00,176.005,178.438,175.833,177.397,8494.065057114665,1506238.86157,44
2026-07-13T01:00:00+00:00,176.294,176.517,175.1,175.1,1233.5799074257677,217203.61663,21
2026-07-13T02:00:00+00:00,175.1,175.727,174.527,175.452,5623.260881671593,985541.61413,33
2026-07-13T03:00:00+00:00,175.003,175.003,173.637,174.144,1735.90011601935,302299.20817,20
2026-07-13T04:00:00+00:00,173.945,174.463,173.917,174.007,4314.384755305482,751153.74658,16
2026-07-13T05:00:00+00:00,174.177,174.84,174.177,174.551,1422.096738459863,248202.89001,13
2026-07-13T06:00:00+00:00,175.055,175.218,174.841,175.218,2314.486504404299,405257.54142,16
2026-07-13T07:00:00+00:00,174.936,175.591,174.882,175.207,1151.074806438375,201662.58099,12
2026-07-13T08:00:00+00:00,175.389,175.403,175.0,175.251,4234.178309959616,741761.60082,24
2026-07-13T09:00:00+00:00,175.24,175.24,175.0,175.071,1533.8743399328007,268547.60705,17
2026-07-13T10:00:00+00:00,175.003,175.138,174.746,174.871,4452.810685725655,779360.99931,30
2026-07-13T11:00:00+00:00,175.355,175.355,175.001,175.002,2978.998638518662,521908.1116,26
2026-07-13T12:00:00+00:00,174.576,175.043,174.051,174.186,2705.931435715709,472626.41698,21
2026-07-13T13:00:00+00:00,174.142,174.266,173.467,173.533,2921.2930484020526,508460.30586,22
2026-07-13T14:00:00+00:00,173.752,174.987,173.752,174.987,1099.6687385917244,191630.34628,14
2026-07-13T15:00:00+00:00,175.212,175.412,174.436,174.436,1076.925383296839,188507.39487,14
2026-07-13T16:00:00+00:00,174.438,174.438,173.787,173.787,2383.061318468013,414808.3172,19
2026-07-13T17:00:00+00:00,173.654,173.894,172.5,172.5,1968.5905344170571,341101.26617,19
2026-07-13T18:00:00+00:00,172.308,172.308,172.1,172.1,52.0,8949.616,2
2026-07-13T19:00:00+00:00,172.643,173.816,172.643,173.816,496.31689915026965,86113.77298,6
2026-07-13T20:00:00+00:00,173.507,173.551,173.507,173.551,403.45,70014.65095,4
2026-07-13T21:00:00+00:00,172.301,172.301,171.5,171.779,4626.18746430006,797035.51417,9
2026-07-13T22:00:00+00:00,172.75,172.771,172.642,172.771,122.37301344134825,21139.93725,3
2026-07-13T23:00:00+00:00,171.973,173.42,171.973,173.42,950.4462110932695,164160.92605,9
2026-07-14T00:00:00+00:00,173.542,173.672,172.844,173.672,2003.2201624884908,347352.5105,21
2026-07-14T01:00:00+00:00,173.759,173.811,173.137,173.137,1285.8590006848567,223286.9736,7
2026-07-14T02:00:00+00:00,173.258,173.353,173.056,173.353,849.2619781473417,147062.68271,9
2026-07-14T03:00:00+00:00,173.255,173.255,172.65,173.045,5235.984487644683,904665.1968521478,26
2026-07-14T04:00:00+00:00,172.93,173.495,172.883,173.262,3210.856282329143,556414.24159,18
2026-07-14T05:00:00+00:00,173.468,174.183,173.468,174.031,1245.153262012841,216628.3119,14
2026-07-14T06:00:00+00:00,173.632,174.008,173.632,173.977,6740.297024853747,1172502.84826,17
2026-07-14T07:00:00+00:00,173.704,174.068,173.623,173.623,6509.78122567853,1131709.39679,34
2026-07-14T08:00:00+00:00,173.728,174.01,173.632,173.724,2009.1378873357535,349228.67482,13
2026-07-14T09:00:00+00:00,173.793,173.793,173.215,173.552,1080.236306193503,187430.42354,11
2026-07-14T10:00:00+00:00,173.545,174.073,173.437,174.073,6452.139369802505,1120291.3649,25
2026-07-14T11:00:00+00:00,173.861,174.177,173.555,174.177,2417.028294687658,420364.8332,21
2026-07-14T12:00:00+00:00,174.0,176.186,173.986,175.92,9323.819868859195,1632341.87096,108
2026-07-14T13:00:00+00:00,176.394,178.773,175.977,178.15,4896.108786135267,870661.05776,59
2026-07-14T14:00:00+00:00,178.219,178.719,177.404,178.647,5407.61501947301,963042.59929,41
2026-07-14T15:00:00+00:00,178.451,179.999,178.451,178.899,2018.77,361893.392,26
2026-07-14T16:00:00+00:00,179.081,179.7,179.081,179.396,2224.438103780438,399415.8202,16
2026-07-14T17:00:00+00:00,178.736,178.894,178.411,178.837,5115.05,914602.04396,16
2026-07-14T18:00:00+00:00,179.081,180.291,179.081,180.291,2886.5894506518716,517817.47811,30
2026-07-14T19:00:00+00:00,180.522,181.629,180.423,180.775,2087.5085648549234,377708.78068,28
2026-07-14T20:00:00+00:00,180.573,180.573,179.86,179.866,8529.521922428401,1535538.39551,72
2026-07-14T21:00:00+00:00,179.767,180.112,179.686,179.686,2532.33,455817.78751,14
2026-07-14T22:00:00+00:00,179.448,180.652,179.442,180.239,1339.8,241308.92315,29
2026-07-14T23:00:00+00:00,180.055,180.48,179.736,180.48,2854.8960818451787,514272.54256,20
2026-07-15T00:00:00+00:00,180.408,180.537,179.588,179.872,1944.6834942059174,350393.89238,15
2026-07-15T01:00:00+00:00,179.417,181.0,179.009,179.212,15343.445619996117,2751052.36949,50
2026-07-15T02:00:00+00:00,179.133,179.925,178.3,178.588,15099.167136731901,2703108.57732,46
2026-07-15T03:00:00+00:00,178.322,179.377,178.273,178.973,1802.2491270285395,322134.45038,13
2026-07-15T04:00:00+00:00,179.295,181.0,178.667,179.16,5465.052550376982,982405.81333,82
2026-07-15T05:00:00+00:00,178.713,179.043,178.713,179.043,5334.236657468456,954028.93352,10
2026-07-15T06:00:00+00:00,179.781,180.8,179.781,180.081,3483.602445523611,627976.02311,34
2026-07-15T07:00:00+00:00,179.863,180.0,179.218,179.422,3131.87194757179,563200.80328,21
2026-07-15T08:00:00+00:00,179.306,180.27,179.306,180.153,3134.7908406005863,563735.86973,24
2026-07-15T09:00:00+00:00,179.987,180.703,179.987,180.252,1535.3091970214018,276874.3308,35
2026-07-15T10:00:00+00:00,180.377,180.464,179.76,180.178,1931.5221381907566,347917.70533,19
2026-07-15T11:00:00+00:00,180.165,180.229,179.973,180.148,1236.079025253299,222593.02558,11
2026-07-15T12:00:00+00:00,180.16,181.929,179.729,181.929,13824.756796495172,2500912.6619716,102
2026-07-15T13:00:00+00:00,181.863,183.021,181.794,182.005,21938.62534808477,4001991.8548061163,58
2026-07-15T14:00:00+00:00,182.296,183.116,181.522,182.586,9412.845749664326,1717880.05719,33
2026-07-15T15:00:00+00:00,182.759,182.773,182.37,182.661,2714.0265950645307,495228.93573422625,47
2026-07-15T16:00:00+00:00,182.594,182.594,179.77,180.799,5816.753079758251,1052142.46246,102
2026-07-15T17:00:00+00:00,180.725,181.44,180.302,181.44,7219.519274441193,1304742.79153,44
2026-07-15T18:00:00+00:00,181.198,181.198,180.132,180.132,2346.3050091306513,424261.74901,12
2026-07-15T19:00:00+00:00,180.016,180.182,179.5,180.181,1302.0490849756634,234527.45412,15
2026-07-15T20:00:00+00:00,180.043,180.702,180.043,180.546,1300.443426547939,234444.7495,11
2026-07-15T21:00:00+00:00,180.314,180.866,180.313,180.866,4281.7,772465.3153,12
2026-07-15T22:00:00+00:00,180.708,181.2,180.602,180.602,798.9,144551.30383,28
2026-07-15T23:00:00+00:00,181.015,181.025,180.313,180.444,999.7824457947797,180619.65515,13
2026-07-16T00:00:00+00:00,180.864,180.864,179.612,180.087,1233.6106446929487,222361.08227,16
2026-07-16T01:00:00+00:00,180.25,180.361,179.57,180.361,1226.1675183683165,220653.45432,22
2026-07-16T02:00:00+00:00,180.534,181.096,180.534,181.096,3646.4260792892887,659197.85462,31
2026-07-16T03:00:00+00:00,181.258,181.302,180.534,180.576,2013.3661052956188,364071.48829,24
2026-07-16T04:00:00+00:00,180.325,180.679,180.261,180.679,504.26521803862096,90931.65723,7
2026-07-16T05:00:00+00:00,180.517,181.296,180.517,181.296,4575.236436932712,828277.75536,38
2026-07-16T06:00:00+00:00,181.178,181.314,180.368,181.031,4219.421659820679,763716.02627,27
2026-07-16T07:00:00+00:00,180.792,180.792,179.0,179.0,1949.8505377117551,350256.38057,20
2026-07-16T08:00:00+00:00,179.39,180.055,178.5,179.593,3988.5797411821204,714681.16891,82
2026-07-16T09:00:00+00:00,179.316,179.917,179.102,179.102,2453.982678413896,440952.49763,12
2026-07-16T10:00:00+00:00,179.478,180.08,179.421,179.967,5977.817952538379,1074711.7364,41
2026-07-16T11:00:00+00:00,179.868,179.988,179.399,179.972,445.7297735490487,80083.29375,10
2026-07-16T12:00:00+00:00,180.111,180.195,178.825,178.837,3176.098798637857,571008.45169,25
2026-07-16T13:00:00+00:00,179.064,180.357,178.872,180.24,5847.183956717625,1050410.93408,23
2026-07-16T14:00:00+00:00,180.591,181.0,180.104,180.619,4721.0723789755575,852863.48673,24
2026-07-16T15:00:00+00:00,180.724,181.519,180.346,181.313,6533.741231721428,1182725.66781,43
2026-07-16T16:00:00+00:00,181.031,181.031,180.466,180.781,1624.6161095924106,293615.10139,12
2026-07-16T17:00:00+00:00,179.698,179.698,177.202,177.202,2466.6379275027,440557.90874,18
2026-07-16T18:00:00+00:00,177.701,178.06,177.308,177.77,745.49,132525.72423,8
2026-07-16T19:00:00+00:00,177.961,178.667,177.961,178.667,122.54178851760801,21883.0,3
2026-07-16T20:00:00+00:00,178.377,178.421,178.185,178.185,1084.98,193438.2613,6
2026-07-16T21:00:00+00:00,178.402,178.593,178.16,178.587,3055.0127366787924,544547.57711,15
2026-07-16T22:00:00+00:00,178.551,178.551,177.17,177.265,1597.4817078949595,283980.60165,21
2026-07-16T23:00:00+00:00,177.0,177.104,176.143,176.704,4453.647693822357,787073.48826,33
2026-07-17T00:00:00+00:00,176.704,177.498,176.505,177.498,4157.321225578401,735206.51972,24
2026-07-17T01:00:00+00:00,177.836,177.836,176.665,176.855,5481.937959508338,972878.58702,25
2026-07-17T02:00:00+00:00,176.618,177.285,176.618,176.871,3131.859190539998,554094.44121,16
2026-07-17T03:00:00+00:00,176.888,177.707,176.888,177.574,668.2434998642506,118682.60387,12
2026-07-17T04:00:00+00:00,177.461,177.572,177.145,177.465,3576.1539967898075,634217.9306,36
2026-07-17T05:00:00+00:00,177.177,177.276,176.0,176.0,4458.90911257023,785705.73332,8
2026-07-17T06:00:00+00:00,175.789,176.666,175.789,176.207,5020.632362873354,885484.597906932,33
2026-07-17T07:00:00+00:00,176.32,176.32,175.637,176.262,9161.67,1609839.3606,36
2026-07-17T08:00:00+00:00,176.182,176.406,175.22,176.406,2378.7120003983205,418968.46228,28
2026-07-17T09:00:00+00:00,176.573,176.933,176.269,176.613,2141.0167045103044,378071.20922,26
2026-07-17T10:00:00+00:00,176.612,177.291,176.549,176.76,2241.7394966238066,396306.41006,16
2026-07-17T11:00:00+00:00,176.638,176.638,176.206,176.349,3383.1058738383754,596451.39371,16
2026-07-17T12:00:00+00:00,176.025,176.353,175.097,175.097,1939.1546146188432,340682.04225,37
2026-07-17T13:00:00+00:00,175.0,175.593,174.01,175.593,6948.116456941698,1214414.31819,35
2026-07-17T14:00:00+00:00,176.344,178.021,175.842,176.288,6439.722181252159,1135655.78489,71
2026-07-17T15:00:00+00:00,174.993,176.315,174.993,176.315,817.53,143793.40195,5
2026-07-17T16:00:00+00:00,176.248,176.328,175.974,176.054,704.1338232490582,123968.12776,6
2026-07-17T17:00:00+00:00,176.97,177.933,176.97,177.24,924.765933431631,163939.66802,8
2026-07-17T18:00:00+00:00,177.602,177.602,177.602,177.602,146.71569013862455,26057.0,1
2026-07-17T19:00:00+00:00,177.551,177.551,176.834,177.496,442.52,78447.14767,3
2026-07-17T20:00:00+00:00,177.219,177.398,176.891,177.398,2676.253705824274,474397.19756,15
2026-07-17T21:00:00+00:00,177.415,177.734,176.876,177.2,829.3500169095059,147051.30373,9
2026-07-17T22:00:00+00:00,177.208,177.34,176.543,177.164,1509.299233348197,267033.52764,19
2026-07-17T23:00:00+00:00,177.015,177.325,176.814,177.291,1330.1793876521747,235466.38908,16
2026-07-18T00:00:00+00:00,177.325,177.545,176.958,177.0,1612.2929476844731,286046.57677,17
2026-07-18T01:00:00+00:00,177.0,177.517,176.657,177.266,3226.2191525423727,570844.99276,31
2026-07-18T02:00:00+00:00,176.796,177.476,176.796,177.318,4713.558559176805,835107.06771,36
2026-07-18T03:00:00+00:00,177.047,178.272,177.047,177.292,2623.146194600996,465550.23073,9
2026-07-18T04:00:00+00:00,177.344,177.344,177.22,177.22,833.4591882426587,147747.95972,8
2026-07-18T05:00:00+00:00,177.0,177.198,177.0,177.0,2842.132750261993,503077.54926,17
2026-07-18T06:00:00+00:00,177.014,177.35,177.0,177.206,4857.9238736960815,860217.82681,25
2026-07-18T07:00:00+00:00,177.0,177.193,177.0,177.193,156.43,27699.00099,2
2026-07-18T08:00:00+00:00,177.134,178.941,177.013,177.013,7126.615426938418,1265932.10649,29
2026-07-18T09:00:00+00:00,177.214,177.969,176.515,176.608,4660.445059957537,826046.92971,21
2026-07-18T10:00:00+00:00,176.813,177.639,176.682,176.683,2255.322609165199,399192.85152,15
2026-07-18T11:00:00+00:00,176.838,180.0,176.714,177.207,7562.040871285817,1343745.13617,44
2026-07-18T12:00:00+00:00,177.207,180.0,176.825,177.285,5697.894526193982,1016324.08917,28
2026-07-18T13:00:00+00:00,177.0,177.618,176.472,176.821,3480.3201239189552,615563.22855,29
2026-07-18T14:00:00+00:00,176.713,177.241,176.713,176.943,1956.8316117321556,346229.29891,24
2026-07-18T15:00:00+00:00,176.83,177.096,176.597,176.73,1820.0362734328216,321854.14341,15
2026-07-18T16:00:00+00:00,176.729,177.043,176.729,176.741,593.43,104957.71075,9
2026-07-18T17:00:00+00:00,177.185,177.838,176.77,177.78,1291.5296404144376,228959.97198,15
2026-07-18T18:00:00+00:00,177.78,177.78,177.114,177.378,267.7,47457.91923,6
2026-07-18T19:00:00+00:00,177.378,177.457,177.378,177.457,84.53,14998.92578,2
2026-07-18T20:00:00+00:00,178.105,178.116,178.105,178.116,561.46,99999.95936,3
2026-07-18T21:00:00+00:00,178.294,179.096,177.67,177.67,2173.7327255919477,388326.7611,12
2026-07-18T22:00:00+00:00,177.665,177.821,177.665,177.722,1125.2822438388898,199987.17544,8
2026-07-18T23:00:00+00:00,177.516,177.696,177.368,177.677,881.7675444170732,156576.67536035363,10
2026-07-19T00:00:00+00:00,177.677,180.0,177.364,177.953,8873.929624590173,1585986.96548,41
2026-07-19T01:00:00+00:00,177.782,177.803,177.75,177.803,732.4735416725252,130205.79502,7
2026-07-19T02:00:00+00:00,178.501,179.405,177.904,178.434,3705.3626133402017,661865.23161,23
2026-07-19T03:00:00+00:00,177.978,178.236,177.786,178.075,1409.5944274206593,250838.5292,14
2026-07-19T04:00:00+00:00,178.075,179.126,177.671,178.782,3189.1431138881853,569061.30413,18
2026-07-19T05:00:00+00:00,178.074,178.348,178.062,178.348,416.13813059209605,74131.99698,7
2026-07-19T06:00:00+00:00,178.258,178.826,177.989,177.989,2556.893396677057,455414.03079,12
2026-07-19T07:00:00+00:00,178.191,178.205,178.069,178.079,974.68,173642.56922,6
2026-07-19T08:00:00+00:00,178.284,178.406,178.04,178.406,2773.8835011031074,494581.79901,16
2026-07-19T09:00:00+00:00,178.36,178.36,177.997,177.997,1506.8127136555431,268596.05016,12
2026-07-19T10:00:00+00:00,178.038,178.548,177.81,178.455,1039.3321951383202,185028.02361,12
2026-07-19T11:00:00+00:00,178.394,178.699,178.212,178.34,1872.954890030711,334099.97667,16
2026-07-19T12:00:00+00:00,178.343,178.343,177.386,178.063,2040.8742740186171,362981.63882,20
2026-07-19T13:00:00+00:00,177.948,178.104,177.482,178.027,2204.4030113131685,391901.10372,24
2026-07-19T14:00:00+00:00,178.021,178.721,177.728,178.721,995.7870940291754,177667.29999,13
2026-07-19T15:00:00+00:00,178.66,178.708,178.237,178.237,970.5534435358963,173101.39828,10
2026-07-19T16:00:00+00:00,178.096,185.0,178.096,185.0,8913.139204532208,1594408.882,47
2026-07-19T17:00:00+00:00,178.338,178.549,177.793,177.924,726.1063045605471,129268.95866,12
2026-07-19T18:00:00+00:00,178.008,178.201,177.216,177.709,3135.3480338370737,556268.84007,17
2026-07-19T19:00:00+00:00,177.859,177.986,177.859,177.981,233.22,41499.9243,4
2026-07-19T20:00:00+00:00,177.777,185.0,177.777,178.594,4997.199444378379,894188.02527,28
2026-07-19T21:00:00+00:00,178.2,178.48,178.0,178.115,501.6694612302014,89366.504,5
2026-07-19T22:00:00+00:00,178.2,186.5,177.814,178.986,10944.771051793812,1968271.12186,56
2026-07-19T23:00:00+00:00,178.5,178.963,178.083,178.228,4786.132748720705,854570.40994,25
2026-07-20T00:00:00+00:00,178.227,184.88,178.227,178.892,6757.689856769643,1215628.88517,31
2026-07-20T01:00:00+00:00,178.286,179.493,178.202,178.202,2141.9946892433395,382890.26764,19
2026-07-20T02:00:00+00:00,179.012,179.3,178.547,179.0,1271.4269216234056,227408.27737,12
2026-07-20T03:00:00+00:00,178.855,179.858,178.461,178.872,3749.413048233115,670474.4873,18
2026-07-20T04:00:00+00:00,178.745,178.764,178.202,178.488,7488.617493901844,1335246.31829,41
2026-07-20T05:00:00+00:00,178.102,178.102,176.569,176.896,1816.3376603127394,321679.38384,17
2026-07-20T06:00:00+00:00,176.837,177.259,176.5,176.517,8344.868502798377,1475422.25471,24
2026-07-20T07:00:00+00:00,176.404,177.21,176.224,177.21,1818.8462795669025,321349.45965,19
2026-07-20T08:00:00+00:00,177.184,177.184,176.601,176.601,872.1196107804728,154236.90797,7
2026-07-20T09:00:00+00:00,176.876,177.999,176.866,177.999,2012.6254497112848,356993.62013,11
2026-07-20T10:00:00+00:00,177.06,177.803,176.902,177.803,10262.022521088005,1821209.20606,28
2026-07-20T11:00:00+00:00,177.7,179.729,177.7,179.729,12248.277179714174,2191796.96077,131
2026-07-20T12:00:00+00:00,179.501,179.633,178.246,178.246,10306.85396332926,1845991.5344052503,72
2026-07-20T13:00:00+00:00,178.753,178.826,177.261,177.261,1315.3560664071133,234711.0844,14
2026-07-20T14:00:00+00:00,177.576,177.946,177.0,177.469,2541.198448438978,451094.93254,18
2026-07-20T15:00:00+00:00,178.86,180.416,178.86,180.416,2112.6219761147295,378203.7078,29
2026-07-20T16:00:00+00:00,180.799,181.119,180.278,181.019,1580.289703610741,285734.7732,20
2026-07-20T17:00:00+00:00,181.126,181.318,180.655,181.318,1296.1801433607563,234331.68091,13
2026-07-20T18:00:00+00:00,181.203,181.512,181.125,181.261,324.61277623518004,58869.61377,6
2026-07-20T19:00:00+00:00,181.175,181.686,180.912,181.686,339.1058646413685,61398.23869,10
2026-07-20T20:00:00+00:00,181.129,181.25,181.1,181.1,442.3536519276317,80136.76756,8
2026-07-20T21:00:00+00:00,180.865,181.487,180.865,181.476,1107.2103705173135,200599.72428,35
2026-07-20T22:00:00+00:00,181.196,181.196,180.133,180.295,553.38,99844.28384,8
2026-07-20T23:00:00+00:00,180.295,180.902,180.211,180.506,1740.1003892241233,313840.33684,44
2026-07-21T00:00:00+00:00,180.514,181.291,180.514,181.287,606.1582052583942,109787.77916,17
2026-07-21T01:00:00+00:00,181.287,181.975,181.215,181.215,1301.7949484960245,236434.78904,13
2026-07-21T02:00:00+00:00,181.108,182.5,181.108,181.471,15339.805081421593,2786043.03239,30
2026-07-21T03:00:00+00:00,182.109,182.73,182.043,182.5,6763.711474666691,1233444.18877,65
2026-07-21T04:00:00+00:00,182.5,183.249,182.156,182.894,4120.105204444037,753473.4543,45
2026-07-21T05:00:00+00:00,183.25,184.863,183.25,184.028,11095.399330648419,2041890.38742,70
2026-07-21T06:00:00+00:00,184.029,184.829,184.029,184.312,879.7490365912554,162363.58899,11
2026-07-21T07:00:00+00:00,184.603,184.744,184.123,184.646,4511.189720830239,832232.27973,33
2026-07-21T08:00:00+00:00,184.505,185.0,184.402,184.481,3875.664717326963,715946.58773,31
2026-07-21T09:00:00+00:00,184.228,184.985,184.0,184.452,6974.1003908354,1287202.73346,32
2026-07-21T10:00:00+00:00,184.799,184.847,183.853,183.853,2295.109066261315,423696.39227,18
2026-07-21T11:00:00+00:00,184.043,185.11,184.043,184.763,2049.964262329984,377955.10314,12
2026-07-21T12:00:00+00:00,185.11,185.5,185.11,185.5,9387.310157317952,1741115.67202,49
2026-07-21T13:00:00+00:00,185.914,186.411,185.354,186.088,3170.9736345301067,589553.00482,36
2026-07-21T14:00:00+00:00,185.933,187.5,185.784,187.039,3568.618222971732,667907.24749,34
2026-07-21T15:00:00+00:00,187.463,188.0,186.985,188.0,4432.975177781332,831494.09545,25
2026-07-21T16:00:00+00:00,188.392,188.5,187.867,187.867,2645.08,497492.72561,24
2026-07-21T17:00:00+00:00,187.695,189.188,187.195,188.121,4042.570649457897,762841.3427,34
2026-07-21T18:00:00+00:00,189.345,189.5,189.295,189.5,271.5155072925489,51427.0,14
2026-07-21T19:00:00+00:00,189.305,189.765,188.203,188.495,3727.823974402974,704377.80145,34
2026-07-21T20:00:00+00:00,188.252,188.252,188.252,188.252,500.0,94126.0,1
2026-07-21T21:00:00+00:00,187.319,187.319,186.901,187.098,1026.2899321284747,192014.66182,15
2026-07-21T22:00:00+00:00,186.657,188.0,186.005,188.0,6141.253484517215,1147853.65504,27
2026-07-21T23:00:00+00:00,186.046,186.501,185.677,186.373,7064.660034576191,1314953.52986,35
2026-07-22T00:00:00+00:00,186.373,187.0,186.373,187.0,1721.2174333038988,321394.73516,19
2026-07-22T01:00:00+00:00,187.0,187.0,186.507,186.685,775.4975317018325,144911.50074,24
2026-07-22T02:00:00+00:00,186.742,186.956,186.323,186.323,350.6568946024542,65509.46272,6
2026-07-22T03:00:00+00:00,186.281,186.332,185.703,186.109,4475.168315279908,833419.1510173908,33
2026-07-22T04:00:00+00:00,186.011,186.434,185.628,186.345,1414.531911402525,263238.64,24
2026-07-22T05:00:00+00:00,186.448,186.448,184.951,185.249,1452.3411325166055,269389.32707,16
2026-07-22T06:00:00+00:00,185.192,185.192,184.386,184.926,2170.859316400605,400958.01952,16
2026-07-22T07:00:00+00:00,184.978,185.0,184.364,184.378,2022.380655347473,373287.75046,14
2026-07-22T08:00:00+00:00,184.504,185.381,184.504,185.201,4719.348044227295,873268.0400875675,63
2026-07-22T09:00:00+00:00,185.246,185.343,185.004,185.063,1901.6600236601785,352265.38662,19
2026-07-22T10:00:00+00:00,185.357,186.173,185.315,186.039,3147.2566593422503,584751.54395,29
2026-07-22T11:00:00+00:00,185.886,185.886,185.706,185.706,45.97566992672929,8542.84398,2
2026-07-22T12:00:00+00:00,185.968,185.968,185.169,185.522,770.8219862316139,142964.3594098109,18
2026-07-22T13:00:00+00:00,185.624,186.39,185.334,186.39,5028.869983560885,933548.15948,34
2026-07-22T14:00:00+00:00,186.45,187.301,185.822,186.277,4993.75919790406,931028.43666,32
2026-07-22T15:00:00+00:00,187.165,188.691,187.165,188.281,1821.4234714888141,342348.13871,21
2026-07-22T16:00:00+00:00,187.859,188.813,187.408,188.445,2051.06,384860.38984,48
2026-07-22T17:00:00+00:00,188.385,188.385,187.135,187.636,1452.0135964721583,272730.29287,19
2026-07-22T18:00:00+00:00,187.153,187.153,186.081,186.62,1386.066547510588,258195.19427,7
2026-07-22T19:00:00+00:00,185.914,185.914,185.914,185.914,107.57662144862678,20000.0,1
2026-07-22T20:00:00+00:00,185.897,185.897,185.897,185.897,31.200073158792236,5800.0,1
2026-07-22T21:00:00+00:00,186.435,186.526,186.435,186.526,268.8632343712286,50138.68935,3
2026-07-22T22:00:00+00:00,186.464,186.464,186.08,186.08,112.89296550540587,21009.1824,3
2026-07-22T23:00:00+00:00,186.371,186.401,185.533,186.401,1342.2828608633483,249529.52015,12
2026-07-23T00:00:00+00:00,186.386,186.709,186.205,186.332,2097.5438901741045,390786.03028548736,15
2026-07-23T01:00:00+00:00,186.047,186.424,185.83,185.83,1662.2669103642584,309058.16238,15
2026-07-23T02:00:00+00:00,185.403,185.862,185.403,185.862,2077.96,385563.92507,14
2026-07-23T03:00:00+00:00,185.512,185.512,185.208,185.208,2713.583324801422,503350.12024,20
2026-07-23T04:00:00+00:00,184.89,185.553,184.89,185.403,768.6816762105591,142453.1877,11
2026-07-23T05:00:00+00:00,185.563,185.741,185.135,185.246,1948.844622683126,361482.09697224206,21
2026-07-23T06:00:00+00:00,185.03,185.841,184.919,185.677,3174.7070187858726,588703.31531,21
2026-07-23T07:00:00+00:00,185.484,185.544,184.767,185.544,3520.7553213722704,651260.57371,16
2026-07-23T08:00:00+00:00,185.161,185.946,185.161,185.905,3058.5376457633242,568124.89392,23
2026-07-23T09:00:00+00:00,185.422,185.931,185.422,185.541,1278.932319111365,237534.91531,18
2026-07-23T10:00:00+00:00,185.347,185.785,185.347,185.704,2059.9541064406767,382297.40027,16
2026-07-23T11:00:00+00:00,185.704,185.797,185.001,185.442,5365.976925265755,994975.97648,27
2026-07-23T12:00:00+00:00,185.442,185.511,183.832,184.263,14395.201788266491,2665925.53389,38
2026-07-23T13:00:00+00:00,183.866,183.938,182.366,182.744,5196.260716843626,952113.48447,40
2026-07-23T14:00:00+00:00,182.587,182.974,182.2,182.325,3254.718732248903,594689.27893,26
2026-07-23T15:00:00+00:00,182.0,182.785,181.137,182.785,4168.964206175946,757752.81576,32
2026-07-23T16:00:00+00:00,182.247,182.247,181.786,181.786,3144.536263280328,572108.70668,18
2026-07-23T17:00:00+00:00,181.865,182.072,181.0,181.0,5616.168162588372,1019414.74995,17
2026-07-23T18:00:00+00:00,181.036,181.358,180.59,180.59,1413.6881415081752,255883.33416,22
2026-07-23T19:00:00+00:00,180.785,181.072,180.686,180.686,909.1731024123001,164580.13393,3
2026-07-23T20:00:00+00:00,182.181,182.321,182.056,182.321,258.3848316979394,47064.13736,5
2026-07-23T21:00:00+00:00,182.731,182.731,181.8,181.813,3411.338768492749,620809.29166,24
2026-07-23T22:00:00+00:00,182.209,182.531,182.096,182.531,3012.9208624515486,549432.93628,20
2026-07-23T23:00:00+00:00,182.511,182.523,181.355,181.484,5168.150160334646,938823.94786,16
2026-07-24T00:00:00+00:00,181.676,181.764,181.205,181.668,3914.587600845052,710475.18294,16
2026-07-24T01:00:00+00:00,181.744,182.062,181.744,181.953,2028.394973622135,368925.0,8
2026-07-24T02:00:00+00:00,181.943,181.943,181.217,181.299,5206.195092596501,945351.67677,20
2026-07-24T03:00:00+00:00,181.51,182.397,181.51,182.024,10410.037289493537,1892178.0770900494,41
2026-07-24T04:00:00+00:00,181.865,182.092,181.494,181.888,7130.418169657143,1297540.28694,29
2026-07-24T05:00:00+00:00,181.744,182.289,181.744,182.194,4346.459192026111,791145.05244,34
2026-07-24T06:00:00+00:00,182.09,182.974,182.09,182.773,4451.225511033449,812072.8325,21
2026-07-24T07:00:00+00:00,182.927,184.091,182.486,182.486,1459.6305834992577,267463.15798,14
2026-07-24T08:00:00+00:00,182.86,182.875,182.479,182.603,2401.12516559547,438570.71437,14
2026-07-24T09:00:00+00:00,182.205,182.208,181.704,182.118,3925.3156965899984,714375.62997,18
2026-07-24T10:00:00+00:00,181.491,181.785,181.073,181.785,1645.103656695863,298474.75661,16
2026-07-24T11:00:00+00:00,181.792,181.878,180.963,180.963,7079.888100286761,1282915.17201,22
2026-07-24T12:00:00+00:00,180.996,181.234,180.58,180.732,2655.7118080224664,480769.414,20
2026-07-24T13:00:00+00:00,180.7,180.7,179.0,179.0,5240.642716164714,942959.95548,35
2026-07-24T14:00:00+00:00,179.0,188.0,178.318,179.175,13206.966994933668,2386672.087122905,86
2026-07-24T15:00:00+00:00,178.8,179.35,178.649,179.05,2770.6885719702436,496484.9903,11
2026-07-24T16:00:00+00:00,179.04,179.549,178.0,178.245,5272.886068089108,942111.38485,25
2026-07-24T17:00:00+00:00,178.01,178.843,178.01,178.548,531.98662416175,94965.38406,6
2026-07-24T18:00:00+00:00,178.249,178.509,178.072,178.509,1183.0740753411212,210982.25504,9
2026-07-24T19:00:00+00:00,178.509,178.801,178.178,178.777,637.061881672805,113696.37396,13
2026-07-24T20:00:00+00:00,178.858,179.496,178.758,179.056,3316.249684164283,594081.53353,17
2026-07-24T21:00:00+00:00,178.792,179.056,178.792,178.901,192.91,34508.00759,6
2026-07-24T22:00:00+00:00,179.0,179.242,179.0,179.242,967.86,173377.2308,5
2026-07-24T23:00:00+00:00,179.339,179.999,178.916,179.162,7854.934438973711,1407965.87909,33
2026-07-25T00:00:00+00:00,179.22,179.467,179.101,179.445,1177.4944399962135,211086.56209,10
2026-07-25T01:00:00+00:00,179.555,179.555,179.098,179.098,2132.0758505750327,382088.01389,15
2026-07-25T02:00:00+00:00,179.098,179.557,179.098,179.557,818.6760785215224,146795.47124,9
2026-07-25T03:00:00+00:00,179.404,179.474,179.003,179.003,768.2018851755686,137819.04489,9
2026-07-25T04:00:00+00:00,179.205,179.458,179.024,179.458,1457.0763136159826,261212.01138,12
2026-07-25T05:00:00+00:00,179.458,179.458,178.84,179.143,1632.5546499414222,292420.39257,18
2026-07-25T06:00:00+00:00,179.114,179.114,178.3,178.587,2440.6953776924192,435542.49808,15
2026-07-25T07:00:00+00:00,178.366,178.68,178.248,178.594,2712.829665379449,484043.75184,18
2026-07-25T08:00:00+00:00,178.565,178.646,178.305,178.312,1535.2269360634998,273917.29584,14
2026-07-25T09:00:00+00:00,178.362,178.867,178.274,178.465,2343.948207327232,418540.12592,18
2026-07-25T10:00:00+00:00,178.751,179.141,178.425,179.017,3654.3498912330806,653651.50854,22
2026-07-25T11:00:00+00:00,179.081,179.155,178.721,178.907,4824.740930527421,862984.25665,22
2026-07-25T12:00:00+00:00,178.863,179.035,178.592,179.035,944.6967261923727,168867.42926,12
2026-07-25T13:00:00+00:00,178.837,179.429,178.837,179.395,3144.9162926487356,562997.71071,17
2026-07-25T14:00:00+00:00,178.828,179.503,178.828,179.503,563.0837921928882,100848.3648,8
2026-07-25T15:00:00+00:00,179.599,180.465,179.599,180.344,522.7431316396603,94109.98942,10
2026-07-25T16:00:00+00:00,180.336,180.336,179.958,179.958,1115.07,200991.89728,7
2026-07-25T17:00:00+00:00,180.688,181.549,180.606,181.038,5273.942481682804,953749.28306,79
2026-07-25T18:00:00+00:00,180.75,180.871,180.75,180.871,18.2497510373444,3300.64989,2
2026-07-25T19:00:00+00:00,180.73,180.73,180.28,180.28,267.56,48345.5195,4
2026-07-25T20:00:00+00:00,180.123,180.505,180.123,180.505,427.3,76994.57348,3
2026-07-25T21:00:00+00:00,180.0,180.462,180.0,180.462,1547.350439638496,278647.64342,16
2026-07-25T22:00:00+00:00,180.001,180.472,180.001,180.229,2350.99,423739.37729,16
2026-07-25T23:00:00+00:00,180.23,180.23,180.0,180.135,276.6125055769508,49823.5117,5
2026-07-26T00:00:00+00:00,180.0,180.213,179.886,180.213,101.74494625803909,18315.85268,4
2026-07-26T01:00:00+00:00,180.117,180.468,180.116,180.163,766.6459501643988,138182.59475,13
2026-07-26T02:00:00+00:00,180.097,180.482,180.002,180.482,1372.9306184650088,247524.58176,15
2026-07-26T03:00:00+00:00,180.5,181.0,180.382,180.695,3939.4649723756906,711573.92566,21
2026-07-26T04:00:00+00:00,180.655,181.226,180.302,180.948,4328.979275825318,782787.90606,24
2026-07-26T05:00:00+00:00,180.771,180.771,180.18,180.573,2699.02,487177.47641,18
2026-07-26T06:00:00+00:00,180.224,180.493,180.0,180.453,4965.009407449322,894115.52198,18
2026-07-26T07:00:00+00:00,180.668,180.746,180.271,180.271,1803.0569591002243,325156.20271,11
2026-07-26T08:00:00+00:00,180.271,180.364,180.035,180.035,1307.2257167732312,235712.8901,8
2026-07-26T09:00:00+00:00,180.329,180.553,180.142,180.503,3469.9359773306996,626056.58456,20
2026-07-26T10:00:00+00:00,180.411,180.609,180.28,180.49,4358.40919580387,786495.53848,38
2026-07-26T11:00:00+00:00,180.49,180.627,180.139,180.559,2438.673567715041,440092.37208,19
2026-07-26T12:00:00+00:00,180.549,180.747,180.116,180.315,747.3378892381766,134781.75574,16
2026-07-26T13:00:00+00:00,180.046,180.116,180.0,180.116,1714.6261724822286,308666.12767,11
2026-07-26T14:00:00+00:00,180.097,180.517,179.736,180.304,1887.918783293176,340248.17567,16
2026-07-26T15:00:00+00:00,180.49,181.0,180.47,181.0,1565.5586498590148,282710.80143,10
2026-07-26T16:00:00+00:00,180.91,181.0,180.655,180.851,3806.0479991381776,688549.7510377298,54
2026-07-26T17:00:00+00:00,180.563,180.763,180.429,180.731,1541.1979202049092,278456.48169,25
2026-07-26T18:00:00+00:00,180.385,180.385,180.385,180.385,134.36,24236.5286,1
2026-07-26T19:00:00+00:00,180.654,180.698,180.557,180.557,1032.09,186393.51126,14
2026-07-26T20:00:00+00:00,180.556,180.733,180.322,180.566,939.8730238528658,169657.69671,28
2026-07-26T21:00:00+00:00,180.416,180.855,180.416,180.853,235.52045839721487,42523.02504,25
2026-07-26T22:00:00+00:00,180.994,182.327,180.994,182.079,2933.1286905942884,532209.4528622703,76
2026-07-26T23:00:00+00:00,182.31,182.491,181.779,182.158,3372.28,613939.30993,20
2026-07-27T00:00:00+00:00,182.111,182.112,181.302,181.555,1757.806933095429,319645.44607,17
2026-07-27T01:00:00+00:00,181.645,181.662,180.293,180.93,3422.8853458841827,619769.6356,37
2026-07-27T02:00:00+00:00,181.29,181.301,180.895,180.941,2918.8349707403395,528705.59423,17
2026-07-27T03:00:00+00:00,180.993,181.391,180.696,181.298,4024.303254155068,728081.32843,26
2026-07-27T04:00:00+00:00,181.353,181.549,181.096,181.096,1710.8058334206173,310284.27955,14
2026-07-27T05:00:00+00:00,181.301,181.649,181.287,181.502,7979.4359637232155,1447705.2989007358,45
2026-07-27T06:00:00+00:00,181.502,182.231,181.502,181.913,3835.8528051522144,698231.0821089592,39
2026-07-27T07:00:00+00:00,181.839,181.867,181.071,181.071,3251.729927360405,590502.75898,21
2026-07-27T08:00:00+00:00,181.257,181.316,180.893,181.114,2477.647461163177,448985.41786,25
2026-07-27T09:00:00+00:00,180.7,181.585,180.7,181.224,2863.28342314236,519116.47936,50
2026-07-27T10:00:00+00:00,181.471,181.59,181.251,181.531,1246.7754444725656,226206.74316,13
2026-07-27T11:00:00+00:00,181.303,181.626,181.082,181.24,1314.2802648451209,238055.17425,9
2026-07-27T12:00:00+00:00,181.147,181.351,180.256,181.024,2353.324961936058,425807.9581,24
2026-07-27T13:00:00+00:00,181.214,182.273,180.326,181.388,9193.881446876052,1664535.95976,51
2026-07-27T14:00:00+00:00,181.388,181.458,178.068,178.638,7627.799921950975,1363840.80962,36
2026-07-27T15:00:00+00:00,178.546,178.612,178.0,178.529,1187.9414715774324,211768.45999,21
2026-07-27T16:00:00+00:00,178.0,179.224,178.0,179.023,7893.891066905499,1407749.13484,25
2026-07-27T17:00:00+00:00,178.686,179.368,178.525,179.26,1343.775036339152,240210.47266,10
2026-07-27T18:00:00+00:00,178.991,178.991,178.424,178.424,643.4876478623139,115073.9869,8
2026-07-27T19:00:00+00:00,179.162,179.259,178.541,179.259,553.1387497398849,98815.25948,7
2026-07-27T20:00:00+00:00,178.786,178.794,178.769,178.794,257.4174165946947,46023.0,4
2026-07-27T21:00:00+00:00,178.642,178.689,178.201,178.201,3111.67078466327,555743.55345,16
2026-07-27T22:00:00+00:00,177.78,177.78,174.722,174.722,17964.12902571885,3175024.75754,78
2026-07-27T23:00:00+00:00,174.528,175.103,174.027,174.791,5442.1541475660915,949297.6595227731,51
2026-07-28T00:00:00+00:00,174.47,174.8,173.845,173.92,5477.848727778246,956107.31925,99
2026-07-28T01:00:00+00:00,173.6,173.732,173.011,173.3,1986.9440566092119,344795.59875,41
2026-07-28T02:00:00+00:00,173.3,173.522,173.0,173.522,5309.309449396579,919970.86004,47
2026-07-28T03:00:00+00:00,173.11,173.683,173.11,173.579,2218.10573584137,384726.57349,18
2026-07-28T04:00:00+00:00,173.423,173.612,172.953,173.287,2506.865221853147,434650.11939,19
2026-07-28T05:00:00+00:00,173.392,173.799,173.326,173.602,2749.5168478678906,477259.27199,22
2026-07-28T06:00:00+00:00,173.409,173.77,173.104,173.769,1544.181842362869,268105.96124,15
2026-07-28T07:00:00+00:00,173.537,173.746,172.92,173.078,8130.8791740784745,1409195.33967,61
2026-07-28T08:00:00+00:00,173.221,173.41,172.869,173.363,5488.922790991395,949752.76568,34
2026-07-28T09:00:00+00:00,173.329,173.769,172.964,173.769,3174.0723096824686,549604.72694,15
2026-07-28T10:00:00+00:00,172.817,173.495,172.729,173.254,4268.636780325971,739249.55779,29
2026-07-28T11:00:00+00:00,173.001,173.119,172.1,172.1,2288.6721693834247,395120.50161,19
2026-07-28T12:00:00+00:00,172.0,172.787,172.0,172.787,3239.3193400312816,558264.1447377221,23
2026-07-28T13:00:00+00:00,172.651,172.968,171.568,172.197,2978.5043543430575,513588.67778,27
2026-07-28T14:00:00+00:00,172.214,172.888,171.797,172.705,4568.210269016604,788503.97558,21
2026-07-28T15:00:00+00:00,172.623,174.728,172.623,174.385,13102.563573096082,2283989.8878,49
2026-07-28T16:00:00+00:00,174.124,174.184,173.929,174.184,1381.0619340467551,240285.29877,6
2026-07-28T17:00:00+00:00,173.213,173.331,173.213,173.331,85.42268047839106,14799.58649,2
2026-07-28T18:00:00+00:00,173.424,173.424,173.273,173.273,387.5473704480863,67183.0,3
2026-07-28T19:00:00+00:00,173.178,174.007,173.178,174.007,459.62137143908006,79624.89492,3
2026-07-28T20:00:00+00:00,174.065,174.113,174.044,174.113,1148.8487361655937,200001.0,4
2026-07-28T21:00:00+00:00,174.438,174.789,174.438,174.789,836.74,146016.27481,6
2026-07-28T22:00:00+00:00,175.272,175.272,174.396,174.396,547.3862950955186,95581.6102,8
2026-07-28T23:00:00+00:00,174.081,175.0,174.081,175.0,978.6705667163268,170685.46299,7
2026-07-29T00:00:00+00:00,175.0,176.48,175.0,176.48,3236.5697319065307,568139.8641371429,37
2026-07-29T01:00:00+00:00,176.886,176.923,175.715,175.715,5852.91750243388,1032114.58712,38
2026-07-29T02:00:00+00:00,175.696,176.91,175.241,176.845,3538.199715446462,621197.26738,24
2026-07-29T03:00:00+00:00,176.606,176.606,175.312,175.56,977.3826794561794,171649.7367,8
2026-07-29T04:00:00+00:00,175.369,176.542,175.36,176.483,6654.330552534948,1168715.58889,36
2026-07-29T05:00:00+00:00,177.498,178.084,177.434,177.767,4741.792867331872,842662.51949,29
2026-07-29T06:00:00+00:00,177.673,178.124,177.662,177.827,4304.834655369578,765949.23927,18
2026-07-29T07:00:00+00:00,177.91,178.097,177.636,178.097,557.7783552081347,99199.7284,8
2026-07-29T08:00:00+00:00,177.956,178.078,177.703,177.867,2860.5168329249927,509119.9648,17
2026-07-29T09:00:00+00:00,178.141,178.783,178.112,178.179,1148.1576360732224,204781.07255,8
2026-07-29T10:00:00+00:00,178.157,178.415,177.677,177.716,4426.161612194652,788378.30584,21
2026-07-29T11:00:00+00:00,178.093,178.289,177.383,177.612,6978.084628854171,1241379.86459,37
2026-07-29T12:00:00+00:00,176.924,177.211,176.153,176.432,1345.0804245263864,237547.37446,12
2026-07-29T13:00:00+00:00,176.684,176.684,174.302,175.971,7607.981073581308,1333989.76814,33
2026-07-29T14:00:00+00:00,175.906,175.928,175.103,175.602,1532.9032723998814,269356.91667,11
2026-07-29T15:00:00+00:00,175.714,175.855,174.665,174.665,4425.022279539987,777361.56589,23
2026-07-29T16:00:00+00:00,175.163,175.45,174.921,175.45,858.9813309034713,150432.17699,6
2026-07-29T17:00:00+00:00,175.934,176.131,175.838,176.131,507.4057712650822,89297.79552,4
2026-07-29T18:00:00+00:00,177.0,177.935,176.773,177.754,5521.88158269739,978212.20668,42
2026-07-29T19:00:00+00:00,177.507,177.507,175.003,175.104,4710.110032257841,828224.44639,34
2026-07-29T20:00:00+00:00,174.0,174.959,173.537,174.419,842.9631997962732,146838.80121,18
2026-07-29T21:00:00+00:00,175.034,175.479,175.034,175.479,107.0329193185324,18778.844,3
2026-07-29T22:00:00+00:00,176.295,176.323,175.558,175.642,186.59563240713464,32855.414,8
2026-07-29T23:00:00+00:00,175.642,175.642,175.0,175.397,737.562141227971,129299.25379,11
2026-07-30T00:00:00+00:00,175.829,175.846,175.0,175.0,2970.284971476213,521077.90791,19
2026-07-30T01:00:00+00:00,175.513,176.25,175.343,176.25,918.6411301157179,161305.26336,15
2026-07-30T02:00:00+00:00,176.183,176.636,175.846,175.846,1441.9784792417493,253931.92263,13
2026-07-30T03:00:00+00:00,175.99,176.305,175.557,175.991,2232.9652887313773,392845.04987,15
2026-07-30T04:00:00+00:00,175.626,175.949,175.371,175.371,307.0473660848565,53994.9081,6
2026-07-30T05:00:00+00:00,175.698,176.349,175.5,176.066,5190.688606671477,913048.3078885615,39
2026-07-30T06:00:00+00:00,176.014,176.172,175.793,176.164,3009.402238220758,529681.44416,15
2026-07-30T07:00:00+00:00,175.847,176.698,175.847,176.151,3200.72070647857,563320.85775,10
2026-07-30T08:00:00+00:00,176.344,176.759,176.344,176.592,1101.5296880630842,194542.84421,7
2026-07-30T09:00:00+00:00,176.592,177.054,176.561,176.696,4702.175903181765,831630.90858,25
2026-07-30T10:00:00+00:00,176.376,176.376,175.728,175.79,1024.3830742908092,180326.82296,6
2026-07-30T11:00:00+00:00,175.7,176.701,175.7,176.701,4258.836746049321,750234.89798,23
2026-07-30T12:00:00+00:00,176.775,176.798,176.4,176.634,1960.659726269107,346246.94287,13
2026-07-30T13:00:00+00:00,176.509,176.509,174.0,174.0,4672.567780971385,820974.05647,24
2026-07-30T14:00:00+00:00,173.644,173.938,171.776,173.938,5943.314964093455,1027523.3222,31
2026-07-30T15:00:00+00:00,173.717,174.524,173.399,174.36,3868.3266283040957,673653.29269,32
2026-07-30T16:00:00+00:00,173.985,174.522,173.746,174.039,1367.633289123115,237932.9008,12
2026-07-30T17:00:00+00:00,174.207,174.431,172.84,173.644,1157.4751227951663,200672.94085,9
2026-07-30T18:00:00+00:00,173.514,173.514,172.8,172.8,11989.287903965016,2072048.08172,14
2026-07-30T19:00:00+00:00,173.091,173.325,173.091,173.325,698.8396711380354,120995.16696,3
2026-07-30T20:00:00+00:00,173.487,173.564,173.271,173.492,11350.947570002469,1968817.28347,20
2026-07-30T21:00:00+00:00,173.081,173.483,173.081,173.392,4866.44049376797,843904.86167,15
2026-07-30T22:00:00+00:00,173.574,173.813,173.378,173.65,5724.088576169242,992688.65416,17
2026-07-30T23:00:00+00:00,173.797,174.501,173.797,173.863,556.9585035032478,96904.4027,4
2026-07-31T00:00:00+00:00,174.0,174.004,173.707,174.002,716.9933754604407,124693.19655,9
2026-07-31T01:00:00+00:00,173.966,175.135,173.726,173.726,9258.807221125118,1615881.94674,47
2026-07-31T02:00:00+00:00,173.763,173.953,173.339,173.339,3744.584250581064,650225.8274,23
2026-07-31T03:00:00+00:00,173.635,174.191,173.519,174.002,11105.91147675923,1931640.1075,20
2026-07-31T04:00:00+00:00,173.938,174.159,173.683,174.131,5061.270331420826,879840.24174,18
2026-07-31T05:00:00+00:00,173.895,174.009,173.639,173.784,3018.476320534333,524510.95076,21
2026-07-31T06:00:00+00:00,173.711,173.711,173.344,173.344,1856.6125057000843,322101.46081,9
2026-07-31T07:00:00+00:00,173.072,174.387,172.611,173.355,9570.184997522514,1661213.31614,35
2026-07-31T08:00:00+00:00,173.32,173.351,171.1,171.1,8051.7491472710935,1385330.35841,14
2026-07-31T09:00:00+00:00,171.847,172.013,171.563,171.724,13220.734238400615,2272326.51937,21
2026-07-31T10:00:00+00:00,171.559,172.243,170.258,172.243,5778.820620835559,990077.50534,24
2026-07-31T11:00:00+00:00,172.249,172.249,171.652,172.107,13203.488150828656,2271402.39605,23
2026-07-31T12:00:00+00:00,172.08,172.422,171.65,172.362,6384.442107589256,1098698.00273,33
2026-07-31T13:00:00+00:00,172.513,172.666,170.461,170.461,4789.600203738414,821219.2783,46
2026-07-31T14:00:00+00:00,170.1,170.264,169.0,170.264,12111.736373061065,2055544.60454,30
2026-07-31T15:00:00+00:00,169.405,169.519,169.0,169.275,2105.2440645771057,356136.5242,11
2026-07-31T16:00:00+00:00,169.341,169.718,169.341,169.718,673.78,114320.23092,6
2026-07-31T17:00:00+00:00,169.995,170.447,169.767,170.047,970.4688854846013,164995.46877,7
2026-07-31T18:00:00+00:00,170.047,170.047,170.047,170.047,0.0,0.0,0
2026-07-31T19:00:00+00:00,169.823,169.823,169.024,169.269,748.77,126799.26684,9
2026-07-31T20:00:00+00:00,168.6,168.6,167.66,167.66,1047.0,176235.8504,7
2026-07-31T21:00:00+00:00,167.6,168.301,167.566,168.093,1311.304371291677,220150.16941,14
2026-07-31T22:00:00+00:00,167.67,168.0,167.39,167.39,2183.1588095238094,365981.35235,15
2026-07-31T23:00:00+00:00,167.529,167.676,167.459,167.676,571.9537698895489,95800.61968,5
2026-08-01T00:00:00+00:00,167.542,167.919,167.542,167.816,1722.9738123362754,288974.87954,14
2026-08-01T01:00:00+00:00,168.007,168.084,167.821,167.821,1889.6869187660484,317416.24487,21
2026-08-01T02:00:00+00:00,168.074,168.564,168.041,168.319,3774.7287158976287,635333.95606,21
2026-08-01T03:00:00+00:00,168.191,168.191,167.826,167.826,1123.1183956376826,188806.80556,9
2026-08-01T04:00:00+00:00,168.191,168.377,168.118,168.377,742.9996167299674,124993.354,7
2026-08-01T05:00:00+00:00,168.357,168.357,167.589,167.723,1846.1049213875638,310090.41139,13
2026-08-01T06:00:00+00:00,167.919,168.067,167.756,167.756,1116.541478272262,187446.05153,13
2026-08-01T07:00:00+00:00,167.679,167.979,167.511,167.519,1660.4636061668382,278406.92961,12
2026-08-01T08:00:00+00:00,167.682,167.818,167.449,167.449,2797.6700208747297,469250.2499,12
2026-08-01T09:00:00+00:00,167.784,167.86,167.671,167.671,1850.383058501132,310424.71372,11
2026-08-01T10:00:00+00:00,167.672,167.877,167.247,167.563,1400.0186759423887,234661.58544,14
2026-08-01T11:00:00+00:00,167.849,167.935,167.65,167.935,351.2827167275349,58979.76506,6
2026-08-01T12:00:00+00:00,167.767,168.026,167.666,167.98,1402.4552717465722,235323.665,12
2026-08-01T13:00:00+00:00,168.092,168.168,167.801,167.996,2041.963926191138,343069.80894,16
2026-08-01T14:00:00+00:00,167.992,169.027,167.854,168.356,4323.194756140339,727329.17504,29
2026-08-01T15:00:00+00:00,168.376,168.376,167.783,167.99,4722.499409223271,793457.85232,18
2026-08-01T16:00:00+00:00,167.816,167.816,167.505,167.505,2239.5604213450015,375441.7542,7
2026-08-01T17:00:00+00:00,167.503,167.503,166.857,166.857,2073.39,346584.24769,12
2026-08-01T18:00:00+00:00,166.994,167.133,165.6,166.008,5778.27823909841,962260.90105,38
2026-08-01T19:00:00+00:00,166.01,166.231,166.007,166.228,1534.4984138018276,254906.44016,12
2026-08-01T20:00:00+00:00,166.152,166.569,166.152,166.501,201.66382500075687,33573.06782,5
2026-08-01T21:00:00+00:00,166.591,167.067,166.485,167.067,1036.5054647536617,172827.8484,5
2026-08-01T22:00:00+00:00,167.281,167.52,167.035,167.52,978.1603953739675,163665.16246,7
2026-08-01T23:00:00+00:00,167.284,167.384,166.71,167.384,2679.635088180471,447717.68957,26
2026-08-02T00:00:00+00:00,167.504,167.504,167.04,167.04,2184.6002791706665,365382.22476,20
2026-08-02T01:00:00+00:00,167.496,168.5,167.496,168.198,2918.105077498486,490436.47206,23
2026-08-02T02:00:00+00:00,168.185,169.516,168.185,169.328,3475.418689602547,587594.76857,27
2026-08-02T03:00:00+00:00,169.499,170.0,169.446,169.989,872.149592858955,147934.79584,11
2026-08-02T04:00:00+00:00,169.782,170.522,169.782,170.522,877.5664068189825,149536.76456,13
2026-08-02T05:00:00+00:00,170.345,170.714,170.245,170.714,6273.31193657617,1069310.29244,25
2026-08-02T06:00:00+00:00,170.841,170.955,170.241,170.955,6067.24584621635,1035681.06653,32
2026-08-02T07:00:00+00:00,170.717,170.884,170.379,170.59,683.6589797961656,116613.49112,7
2026-08-02T08:00:00+00:00,170.909,170.909,170.108,170.355,3183.3474031457204,542775.07645,34
2026-08-02T09:00:00+00:00,170.25,170.53,169.783,170.519,1082.8946360136097,184026.71866,12
2026-08-02T10:00:00+00:00,170.5,170.5,169.96,170.371,2771.3116286011837,471833.59117,32
2026-08-02T11:00:00+00:00,170.113,170.494,169.826,169.826,2767.519410991693,471113.69125,39
2026-08-02T12:00:00+00:00,169.971,170.29,169.703,169.862,1286.3395869174826,218919.00859,16
2026-08-02T13:00:00+00:00,169.862,170.248,169.861,170.051,1905.0520526919556,323737.22261037404,54
2026-08-02T14:00:00+00:00,169.972,170.5,169.969,170.451,1235.302203538394,210397.10065,16
2026-08-02T15:00:00+00:00,170.391,170.598,170.358,170.358,9259.976933727241,1578960.33176,26
2026-08-02T16:00:00+00:00,170.118,170.419,170.031,170.419,973.2578109499582,165577.47648,13
2026-08-02T17:00:00+00:00,170.097,170.419,170.097,170.191,1208.3179344439293,205662.11783,7
2026-08-02T18:00:00+00:00,170.419,170.419,170.315,170.334,371.1020655560706,63220.6753,9
2026-08-02T19:00:00+00:00,170.334,170.467,170.334,170.467,377.79495216082876,64354.44622,4
2026-08-02T20:00:00+00:00,170.374,170.438,169.829,170.325,2178.0498317903125,370121.5334,18
2026-08-02T21:00:00+00:00,170.9,171.577,170.9,171.122,321.56796921850673,55080.40728,6
2026-08-02T22:00:00+00:00,171.435,171.72,170.652,170.832,1665.3026205267302,284958.9311,31
2026-08-02T23:00:00+00:00,170.799,171.047,170.782,171.047,2230.4666237928063,381294.91102,20
2026-08-03T00:00:00+00:00,171.303,171.303,167.983,168.887,1926.8302628347637,329440.68326,27
2026-08-03T01:00:00+00:00,168.889,169.255,168.047,168.225,4342.6516694741595,732726.56259,47
2026-08-03T02:00:00+00:00,168.286,168.392,167.9,167.9,22331.506393084568,3758943.1254,48
2026-08-03T03:00:00+00:00,167.9,168.179,167.194,167.896,5976.127395768638,1003208.06353,66
2026-08-03T04:00:00+00:00,167.654,168.0,167.654,167.705,1761.079241372906,295665.98859,13
2026-08-03T05:00:00+00:00,167.706,167.96,167.361,167.944,6281.809852758989,1052703.75577,24
2026-08-03T06:00:00+00:00,167.949,167.967,167.609,167.609,1188.58,199356.96826,9
2026-08-03T07:00:00+00:00,167.607,167.686,167.261,167.643,3036.4203885917027,508795.52956,22
2026-08-03T08:00:00+00:00,167.489,167.673,166.762,167.673,2593.660266607039,433795.03685,20
2026-08-03T09:00:00+00:00,167.667,168.047,167.326,168.047,1904.9384699666994,319636.53494,12
2026-08-03T10:00:00+00:00,168.351,168.351,167.698,167.698,5752.939413130899,967071.83989,21
2026-08-03T11:00:00+00:00,167.796,167.796,166.975,166.975,1028.2537684119925,172234.47996,10
2026-08-03T12:00:00+00:00,166.975,167.138,166.703,167.076,1221.0046388014694,203793.19474,12
2026-08-03T13:00:00+00:00,167.417,168.449,167.081,168.449,6530.252281513404,1094880.33517,30
2026-08-03T14:00:00+00:00,168.391,169.441,168.367,168.994,3789.4556101197845,639015.33009,27
2026-08-03T15:00:00+00:00,169.445,170.173,169.19,170.173,3128.2733242768327,529938.90077,11
2026-08-03T16:00:00+00:00,170.024,170.2,169.458,169.458,2188.2108813160985,371643.6752,12
2026-08-03T17:00:00+00:00,170.067,170.067,169.703,169.787,1225.0827613421523,207999.8188,5
2026-08-03T18:00:00+00:00,169.706,169.936,169.414,169.457,6694.083733633953,1135223.30417,38
2026-08-03T19:00:00+00:00,169.754,169.755,169.561,169.567,1084.99,184051.87901,8
2026-08-03T20:00:00+00:00,169.783,170.112,169.722,170.112,360.2975611144046,61248.18506,6
2026-08-03T21:00:00+00:00,169.646,170.132,169.629,170.132,858.2114593374556,145722.5055,8
2026-08-03T22:00:00+00:00,169.637,169.637,169.384,169.447,846.5943440994595,143437.24448,6
2026-08-03T23:00:00+00:00,168.974,169.567,168.974,169.567,1408.0178663361855,238134.25024,10
2026-08-04T00:00:00+00:00,169.495,169.495,168.245,168.349,1903.8561900776913,321246.02759,23
2026-08-04T01:00:00+00:00,168.948,169.912,168.746,169.91,1772.0597767429824,299248.65637,18
2026-08-04T02:00:00+00:00,169.631,170.028,169.439,170.008,3246.39,551094.52971,18
2026-08-04T03:00:00+00:00,169.578,170.008,169.307,170.008,3131.9108084325444,531930.8048,22
2026-08-04T04:00:00+00:00,169.699,170.485,169.699,170.003,3614.2389525019826,614701.8843956873,34
2026-08-04T05:00:00+00:00,169.679,169.993,169.587,169.993,786.491527996799,133512.38742,8
2026-08-04T06:00:00+00:00,169.927,169.927,169.486,169.486,966.016158653421,163909.52961,7
2026-08-04T07:00:00+00:00,169.547,170.497,168.94,170.497,9919.934271344693,1684760.1782,71
2026-08-04T08:00:00+00:00,170.472,170.472,169.6,169.855,2691.5612096588075,457079.50012,20
2026-08-04T09:00:00+00:00,169.6,169.791,169.6,169.791,10869.270550260935,1845218.43248,41
2026-08-04T10:00:00+00:00,169.759,169.96,168.994,169.96,5547.633655484806,940171.51822,26
2026-08-04T11:00:00+00:00,169.638,169.978,168.494,169.859,3040.118451705718,514812.41983,19
2026-08-04T12:00:00+00:00,169.67,170.023,169.235,169.717,3940.971114037466,668284.26149,36
2026-08-04T13:00:00+00:00,169.65,169.773,168.773,168.85,5742.741519784702,972377.29787,34
2026-08-04T14:00:00+00:00,168.872,169.661,168.391,169.549,8553.891143830351,1446143.1590684939,105
2026-08-04T15:00:00+00:00,169.745,169.853,169.176,169.853,908.49,154209.422,6
2026-08-04T16:00:00+00:00,169.605,169.605,169.414,169.44,886.55,150264.45205,4
2026-08-04T17:00:00+00:00,169.429,169.876,168.897,169.281,7446.9,1262048.34936,62
2026-08-04T18:00:00+00:00,169.317,170.263,169.317,170.263,2082.0560623564083,354173.50365,14
2026-08-04T19:00:00+00:00,169.964,170.5,169.964,170.5,3868.5828832431575,658192.7664,32
2026-08-04T20:00:00+00:00,170.367,170.403,170.112,170.138,657.8658739445096,111941.33753,7
2026-08-04T21:00:00+00:00,170.109,170.186,169.795,169.93,751.7347681682883,127740.35112,6
2026-08-04T22:00:00+00:00,169.646,169.938,169.554,169.554,650.2650299521001,110337.95352,8
2026-08-04T23:00:00+00:00,169.727,170.09,169.514,169.525,2000.037675532211,339394.37016,10
2026-08-05T00:00:00+00:00,169.182,169.222,168.399,168.399,2018.2494846969537,340936.01213,25
2026-08-05T01:00:00+00:00,168.611,168.93,168.611,168.93,801.3104336014284,135340.28834,5
2026-08-05T02:00:00+00:00,169.44,169.512,168.975,168.975,4537.224312958811,767807.23657,17
2026-08-05T03:00:00+00:00,168.882,168.882,168.0,168.228,1741.4875211542392,293080.26074,28
2026-08-05T04:00:00+00:00,168.002,168.382,167.822,168.382,1728.734353918635,290618.73578,25
2026-08-05T05:00:00+00:00,168.492,168.964,168.492,168.779,1977.7308076442123,333799.97754,13
2026-08-05T06:00:00+00:00,168.722,168.953,168.679,168.825,5603.4040636699665,946032.57027,24
2026-08-05T07:00:00+00:00,168.5,168.605,168.029,168.128,6155.963198504677,1035909.54975,48
2026-08-05T08:00:00+00:00,168.2,168.6,168.2,168.44,545.6383203682763,91931.29074,12
2026-08-05T09:00:00+00:00,168.44,168.499,168.184,168.203,3363.3822088913967,565812.67264,45
2026-08-05T10:00:00+00:00,167.923,167.978,167.444,167.702,3555.5499829146606,596530.93884,41
2026-08-05T11:00:00+00:00,167.7,167.7,167.323,167.365,740.1100307825758,123881.09317,12
2026-08-05T12:00:00+00:00,167.448,168.203,167.448,168.033,3143.875981179332,528297.60288,26
2026-08-05T13:00:00+00:00,167.797,167.837,166.31,167.345,3117.7246135770956,521385.94861,26
2026-08-05T14:00:00+00:00,167.315,167.976,167.024,167.976,6560.620611028662,1098617.62372,41
2026-08-05T15:00:00+00:00,167.975,168.227,167.551,167.551,4394.726424026784,738416.05884,22
2026-08-05T16:00:00+00:00,167.647,168.563,167.402,168.482,7093.5106661361915,1193670.58271,37
2026-08-05T17:00:00+00:00,168.632,169.13,168.538,169.13,1907.8366765331898,321876.2,12
2026-08-05T18:00:00+00:00,168.872,168.967,168.656,168.665,532.923154107015,90000.62186,8
2026-08-05T19:00:00+00:00,168.556,169.0,168.545,169.0,565.95,95438.20561,8
2026-08-05T20:00:00+00:00,169.0,169.254,168.888,168.888,707.7418426031026,119722.48245,6
2026-08-05T21:00:00+00:00,168.888,168.888,167.805,168.159,2231.5987640188723,375147.58752,18
2026-08-05T22:00:00+00:00,167.893,168.182,167.573,167.908,3211.6730772847254,539197.82554,20
2026-08-05T23:00:00+00:00,167.66,167.728,167.308,167.308,1513.1601801889187,253685.29107,12
2026-08-06T00:00:00+00:00,167.654,167.923,167.426,167.923,2526.309549303855,423675.0013323311,22
2026-08-06T01:00:00+00:00,167.524,167.524,167.0,167.0,1034.1298577895789,172857.87226,10
2026-08-06T02:00:00+00:00,166.0,166.0,164.001,165.109,16447.92402232607,2722758.20509,44
2026-08-06T03:00:00+00:00,165.399,165.399,164.675,164.675,1542.719298189286,254282.18524,13
2026-08-06T04:00:00+00:00,164.88,165.283,164.818,165.153,1489.8777969233483,246017.53898,8
2026-08-06T05:00:00+00:00,165.712,166.077,165.661,165.981,1609.4414328395612,267099.31507,14
2026-08-06T06:00:00+00:00,166.15,166.225,165.729,166.225,2119.651247258727,351834.32379,12
2026-08-06T07:00:00+00:00,166.199,166.199,165.378,165.864,13291.538847666516,2203734.95364,27
2026-08-06T08:00:00+00:00,165.594,166.813,165.594,166.586,12197.268473738905,2029690.93387,44
2026-08-06T09:00:00+00:00,166.894,166.894,164.8,165.215,1953.6317805532249,323466.88432,17
2026-08-06T10:00:00+00:00,165.061,165.548,165.024,165.548,881.2374964471209,145653.2894,12
2026-08-06T11:00:00+00:00,165.52,166.046,165.463,166.046,2429.7003968192316,402724.54966,22
2026-08-06T12:00:00+00:00,165.427,165.885,165.275,165.503,3489.4760919563832,577508.65279,26
2026-08-06T13:00:00+00:00,165.217,165.429,164.978,165.375,4597.86944701435,759475.97098,17
2026-08-06T14:00:00+00:00,165.375,165.695,165.326,165.439,7817.298939102135,1293346.50393,27
2026-08-06T15:00:00+00:00,165.936,166.909,165.739,166.551,3512.4190118366705,583081.28924,33
2026-08-06T16:00:00+00:00,166.316,166.323,165.708,166.032,3311.9,549779.44155,63
2026-08-06T17:00:00+00:00,165.993,166.061,165.192,165.192,7373.6,1223185.95328,17
2026-08-06T18:00:00+00:00,164.8,165.261,164.0,164.0,2931.9390040800513,483101.64174,14
2026-08-06T19:00:00+00:00,164.0,164.349,163.954,164.349,1365.389875129439,224005.58501,15
2026-08-06T20:00:00+00:00,164.439,164.439,163.706,163.706,206.7280576660822,33859.08379,6
2026-08-06T21:00:00+00:00,164.109,164.362,164.0,164.362,2235.2075814975665,366773.68998,18
2026-08-06T22:00:00+00:00,164.192,164.447,164.163,164.447,1874.45,307781.99561,10
2026-08-06T23:00:00+00:00,164.447,164.457,163.806,163.806,1626.4455614795506,266829.37449,19
2026-08-07T00:00:00+00:00,163.806,164.314,163.657,164.314,981.0751456960244,161042.29265,13
2026-08-07T01:00:00+00:00,164.665,164.741,164.479,164.479,416.89,68597.30408,4
2026-08-07T02:00:00+00:00,164.208,164.544,163.075,163.075,2254.3449540548427,369590.95949,51
2026-08-07T03:00:00+00:00,163.001,166.0,161.92,161.92,7545.6865581261445,1232143.02362,74
2026-08-07T04:00:00+00:00,161.931,162.158,161.842,161.939,1613.0359762621517,261404.15361,12
2026-08-07T05:00:00+00:00,161.913,161.913,161.407,161.902,6155.111526891444,994044.66222,23
2026-08-07T06:00:00+00:00,161.819,162.88,161.819,162.879,965.1697838899804,156830.02833,10
2026-08-07T07:00:00+00:00,162.675,163.163,162.371,163.163,3479.0387595935945,567100.3583,22
2026-08-07T08:00:00+00:00,163.262,163.628,162.888,163.62,4343.688182832121,709577.1562,25
2026-08-07T09:00:00+00:00,163.746,164.587,163.746,164.374,2070.5220663718683,339823.40639,18
2026-08-07T10:00:00+00:00,164.539,164.619,164.008,164.041,946.7324027058498,155663.58,10
2026-08-07T11:00:00+00:00,164.008,164.28,163.618,164.16,2419.337881675979,396507.4841972051,24
2026-08-07T12:00:00+00:00,164.042,165.129,162.467,163.375,6088.794101578986,997867.2901559044,45
2026-08-07T13:00:00+00:00,163.638,164.277,163.013,163.783,2626.5316557384594,430445.37933,21
2026-08-07T14:00:00+00:00,163.471,163.471,162.005,162.478,2237.954194721518,364088.81134,19
2026-08-07T15:00:00+00:00,162.498,162.826,161.903,161.903,495.90177285392247,80551.83399,9
2026-08-07T16:00:00+00:00,162.102,162.131,161.0,161.0,993.3009014077556,160788.32398,15
2026-08-07T17:00:00+00:00,160.1,160.455,159.808,159.939,2960.254608713041,473844.03438,24
2026-08-07T18:00:00+00:00,160.429,161.06,160.263,161.06,306.17286999233306,49213.47648,5
2026-08-07T19:00:00+00:00,161.244,161.503,161.244,161.348,174.58,28175.98152,3
2026-08-07T20:00:00+00:00,161.733,161.733,161.688,161.688,984.52,159199.86976,4
2026-08-07T21:00:00+00:00,162.003,162.003,161.389,161.654,708.3724594355956,114474.02912,8
2026-08-07T22:00:00+00:00,161.693,161.693,160.891,160.891,1701.4445596284318,274337.95184,9
2026-08-07T23:00:00+00:00,161.644,161.644,161.644,161.644,4.14491103907352,670.0,1
2026-08-08T00:00:00+00:00,161.753,161.993,161.465,161.65,2863.422054592107,462837.65228,14
2026-08-08T01:00:00+00:00,161.977,162.815,161.777,162.815,3197.9079877907798,518916.04396,24
2026-08-08T02:00:00+00:00,162.523,162.914,162.523,162.626,837.1537196801581,136161.84192,8
2026-08-08T03:00:00+00:00,162.796,163.757,162.796,163.757,8309.479137746783,1355569.71276,113
2026-08-08T04:00:00+00:00,163.572,164.0,163.553,163.891,1076.4,176339.03445,6
2026-08-08T05:00:00+00:00,163.44,163.44,162.853,162.912,2007.999876401687,327602.53667,54
2026-08-08T06:00:00+00:00,162.912,163.597,162.912,163.597,1518.2981716145255,247719.19902,33
2026-08-08T07:00:00+00:00,163.356,163.46,162.846,163.066,986.0940927444022,160837.90144,8
2026-08-08T08:00:00+00:00,163.275,163.51,163.137,163.451,1548.5589198597745,252910.31662,18
2026-08-08T09:00:00+00:00,163.471,163.948,163.358,163.367,2555.8678094458437,418063.07974,28
2026-08-08T10:00:00+00:00,163.668,164.018,163.659,163.877,3645.63975730024,597103.75083,13
2026-08-08T11:00:00+00:00,164.162,164.162,163.606,164.048,834.91,136927.54048,34
2026-08-08T12:00:00+00:00,164.17,164.598,164.16,164.246,406.7334806110319,66806.07076,7
2026-08-08T13:00:00+00:00,164.403,164.584,164.208,164.547,1487.3596685835773,244435.69216,19
2026-08-08T14:00:00+00:00,164.3,165.187,164.3,165.187,1704.9350896142964,280618.46386,22
2026-08-08T15:00:00+00:00,164.996,165.086,164.446,164.446,2346.493607950055,386453.39099,17
2026-08-08T16:00:00+00:00,165.242,165.538,165.008,165.373,1188.289039192627,196270.5047,22
2026-08-08T17:00:00+00:00,165.373,165.373,165.373,165.373,0.0,0.0,0
2026-08-08T18:00:00+00:00,164.867,164.867,164.432,164.606,320.3610893482214,52742.934127029286,16
2026-08-08T19:00:00+00:00,164.46,164.46,164.46,164.46,10.0,1644.6,1
2026-08-08T20:00:00+00:00,164.362,164.698,164.362,164.698,615.39,101267.75324,6
2026-08-08T21:00:00+00:00,164.647,164.883,164.511,164.883,1094.9323729900013,180428.30959,11
2026-08-08T22:00:00+00:00,164.683,164.683,164.0,164.0,202.18,33201.55089,3
2026-08-08T23:00:00+00:00,164.105,164.106,163.622,163.918,2357.67,385918.90934,20
2026-08-09T00:00:00+00:00,163.893,164.214,163.757,163.965,3714.2948654804095,609130.97165,23
2026-08-09T01:00:00+00:00,164.04,164.163,163.226,163.28,7668.191431387873,1253501.02067,36
2026-08-09T02:00:00+00:00,163.503,163.723,163.503,163.723,2007.5935094878655,328470.51173,15
2026-08-09T03:00:00+00:00,163.451,163.958,163.451,163.958,1525.6055246124658,250048.53486,15
2026-08-09T04:00:00+00:00,163.94,164.088,163.734,164.001,1708.10105745286,279820.6143,24
2026-08-09T05:00:00+00:00,163.948,164.256,163.158,163.684,5020.870856215752,822013.90636,22
2026-08-09T06:00:00+00:00,163.43,164.546,163.43,164.532,2501.225290020181,410207.50101,19
2026-08-09T07:00:00+00:00,164.184,164.184,163.475,163.489,2826.6948923891864,462703.93695,14
2026-08-09T08:00:00+00:00,163.954,163.954,162.927,163.233,1082.8878152408602,176729.33409,8
2026-08-09T09:00:00+00:00,162.937,163.359,162.937,163.268,1501.42,244956.77187,16
2026-08-09T10:00:00+00:00,163.322,163.865,163.3,163.711,1654.2067313875466,270383.21172,26
2026-08-09T11:00:00+00:00,163.551,163.748,163.251,163.733,1846.7414474295442,301991.02739,21
2026-08-09T12:00:00+00:00,163.743,164.064,163.612,164.064,2439.7269730815738,399696.62842,21
2026-08-09T13:00:00+00:00,164.31,164.31,163.918,164.09,624.6868893868901,102463.88765,28
2026-08-09T14:00:00+00:00,164.257,164.257,164.122,164.122,432.56056713907947,70998.0333,5
2026-08-09T15:00:00+00:00,164.648,164.916,164.368,164.768,8168.052285208927,1345724.4207,30
2026-08-09T16:00:00+00:00,164.881,164.887,164.781,164.85,895.3446738585669,147614.61598,7
2026-08-09T17:00:00+00:00,164.838,164.85,164.31,164.31,446.6942544572923,73627.01836,8
2026-08-09T18:00:00+00:00,164.667,164.667,164.171,164.314,514.72,84538.83691,4
2026-08-09T19:00:00+00:00,164.314,164.714,164.314,164.714,218.38916310444705,35901.0,3
2026-08-09T20:00:00+00:00,164.046,164.747,164.046,164.747,1127.064343996545,185149.82237,6
2026-08-09T21:00:00+00:00,164.768,164.85,164.521,164.85,2200.1269317399933,362514.17517,18
2026-08-09T22:00:00+00:00,164.798,165.392,163.849,163.849,3061.1146100095893,503915.22057,43
2026-08-09T23:00:00+00:00,163.983,163.983,162.664,162.841,658.2059813241392,107453.88994,12
2026-08-10T00:00:00+00:00,162.751,164.135,162.709,162.879,5753.789460731742,939004.63871,30
2026-08-10T01:00:00+00:00,163.288,164.613,163.207,164.266,4585.920436375372,750699.02567,22
2026-08-10T02:00:00+00:00,164.254,164.469,163.301,163.724,8031.372292183646,1316790.94781,27
2026-08-10T03:00:00+00:00,163.849,163.853,162.878,163.408,489.5893607684937,80066.47128,9
2026-08-10T04:00:00+00:00,163.146,163.705,163.146,163.523,6061.211948187586,990590.34794,17
2026-08-10T05:00:00+00:00,163.305,164.204,163.305,164.204,4265.448738829594,698715.93335,29
2026-08-10T06:00:00+00:00,164.235,164.647,164.235,164.647,1988.533238121032,326835.22257,10
2026-08-10T07:00:00+00:00,164.677,164.91,164.586,164.749,4854.861293885645,799889.6287,25
2026-08-10T08:00:00+00:00,164.792,164.804,163.706,163.706,685.1435520887558,112488.7482,7
2026-08-10T09:00:00+00:00,164.436,166.105,163.827,164.057,4632.125948280593,763121.0759,32
2026-08-10T10:00:00+00:00,163.898,164.357,163.549,164.168,6202.033755541245,1017452.29869,37
2026-08-10T11:00:00+00:00,164.208,165.133,163.847,164.476,6683.188215467832,1099890.87741,49
2026-08-10T12:00:00+00:00,164.626,164.704,163.473,163.473,5191.769983064045,851812.79453,30
2026-08-10T13:00:00+00:00,163.509,163.863,162.63,163.261,8162.367250486276,1333846.1931496183,70
2026-08-10T14:00:00+00:00,163.7,165.533,163.44,163.795,6134.002170224123,1007171.73438,29
2026-08-10T15:00:00+00:00,163.904,163.904,162.648,162.872,1552.2440117197493,253128.84762,18
2026-08-10T16:00:00+00:00,162.971,163.04,162.288,162.387,4724.865914108952,768316.22013,15
2026-08-10T17:00:00+00:00,162.298,162.915,162.298,162.53,3618.5499953653525,588365.56176,16
2026-08-10T18:00:00+00:00,162.53,162.53,162.288,162.288,440.0220958444362,71474.03916,6
2026-08-10T19:00:00+00:00,162.704,163.171,162.704,162.752,685.5311043367096,111640.9431,6
2026-08-10T20:00:00+00:00,162.872,162.872,162.421,162.852,481.55658356683716,78256.80607,7
2026-08-10T21:00:00+00:00,162.698,162.922,161.928,161.928,1977.2551958994782,321052.73434,11
2026-08-10T22:00:00+00:00,162.379,162.379,160.759,160.912,1825.8943181692214,294485.9351,16
2026-08-10T23:00:00+00:00,161.563,161.701,160.969,160.969,3497.640359418067,564168.7464,12
2026-08-11T00:00:00+00:00,161.065,161.426,160.871,161.179,3242.9943169915114,522805.04984,19
2026-08-11T01:00:00+00:00,161.235,161.808,160.857,161.808,10579.319609341172,1704961.68979,26
2026-08-11T02:00:00+00:00,161.81,162.004,161.319,161.319,5142.92,831931.00114,21
2026-08-11T03:00:00+00:00,161.692,161.748,161.176,161.637,1291.3265313080237,208455.6888,15
2026-08-11T04:00:00+00:00,161.771,161.771,161.33,161.587,2509.7829243689157,405433.73725,21
2026-08-11T05:00:00+00:00,161.245,161.245,161.203,161.203,113.84350948803683,18354.8729,2
2026-08-11T06:00:00+00:00,160.743,160.885,159.751,160.306,2867.59,460321.94803,46
2026-08-11T07:00:00+00:00,160.227,160.313,159.815,159.815,4609.344243440184,738599.5728,15
2026-08-11T08:00:00+00:00,160.038,160.475,159.774,160.445,3238.46663920067,518880.18856,61
2026-08-11T09:00:00+00:00,160.112,160.759,160.112,160.613,2472.5122468621444,396715.28249,17
2026-08-11T10:00:00+00:00,160.573,160.573,159.684,160.126,2288.9533661440364,366763.38476,16
2026-08-11T11:00:00+00:00,160.79,160.876,160.331,160.506,3083.188510806083,495236.56073,19
2026-08-11T12:00:00+00:00,160.698,160.771,159.95,159.95,1673.8012652428176,268556.57993,20
2026-08-11T13:00:00+00:00,160.244,160.969,160.244,160.676,1484.620110855848,238240.5484,13
2026-08-11T14:00:00+00:00,161.087,161.087,158.32,158.32,2098.8563958752925,333970.10013,25
2026-08-11T15:00:00+00:00,158.561,160.473,158.561,159.294,1590.2479316786228,254005.96412,12
2026-08-11T16:00:00+00:00,160.63,160.735,160.38,160.735,871.28,139920.17026,7
2026-08-11T17:00:00+00:00,161.102,161.548,161.102,161.548,2447.329507789863,394583.18698,5
2026-08-11T18:00:00+00:00,161.236,161.251,161.236,161.251,195.31,31492.43281,2
2026-08-11T19:00:00+00:00,161.251,161.251,161.251,161.251,0.0,0.0,0
2026-08-11T20:00:00+00:00,162.368,162.793,162.368,162.793,246.01813165155696,40000.297,41
2026-08-11T21:00:00+00:00,162.1,163.418,162.1,163.232,979.914124681435,159516.46394,19
2026-08-11T22:00:00+00:00,163.445,163.445,162.474,162.833,1560.7075562771058,253918.95009,18
2026-08-11T23:00:00+00:00,162.241,163.134,162.22,163.134,2013.3536859269068,327693.92393,16
2026-08-12T00:00:00+00:00,163.123,163.202,162.982,162.982,1973.4465809101719,321968.78571,9
2026-08-12T01:00:00+00:00,163.157,163.327,162.926,163.327,1705.2615306572563,278223.18018,9
2026-08-12T02:00:00+00:00,162.994,162.998,162.86,162.998,1175.127294814714,191534.57235,6
2026-08-12T03:00:00+00:00,162.967,163.008,162.575,162.76,7914.410390048414,1288194.27152,29
2026-08-12T04:00:00+00:00,162.76,163.009,162.498,162.851,4686.277624390638,763182.47943,26
2026-08-12T05:00:00+00:00,162.744,163.135,162.744,163.089,8371.188238467068,1365148.73838,26
2026-08-12T06:00:00+00:00,163.081,163.172,162.272,162.804,4174.908453845006,679728.13541,27
2026-08-12T07:00:00+00:00,162.73,163.053,162.447,162.727,2651.455918291993,431365.33173,20
2026-08-12T08:00:00+00:00,162.88,162.884,162.157,162.405,1688.970190361845,274309.19162,14
2026-08-12T09:00:00+00:00,162.611,163.152,162.375,162.375,14629.222400067545,2380795.79346,29
2026-08-12T10:00:00+00:00,163.233,163.236,162.446,162.721,5047.847248485925,821807.83482,29
2026-08-12T11:00:00+00:00,162.459,162.774,162.238,162.774,4519.071424958844,735091.14705,27
2026-08-12T12:00:00+00:00,162.9,162.9,161.706,161.787,3013.984962334032,489990.04736,23
2026-08-12T13:00:00+00:00,161.746,161.804,161.5,161.681,2165.2796163259254,349915.91559,17
2026-08-12T14:00:00+00:00,161.691,161.75,161.158,161.158,1281.0116127258611,206792.56411,10
2026-08-12T15:00:00+00:00,161.086,161.375,160.919,161.375,4796.095639295443,772529.3918102639,32
2026-08-12T16:00:00+00:00,161.278,161.278,160.722,160.978,936.3064824245436,150701.73978,9
2026-08-12T17:00:00+00:00,160.752,160.912,160.619,160.77,4237.326273789816,680982.08816,28
2026-08-12T18:00:00+00:00,161.341,161.342,161.341,161.342,92.97033630424812,15000.0,2
2026-08-12T19:00:00+00:00,161.071,161.071,160.568,160.569,766.428045882733,123121.89406,7
2026-08-12T20:00:00+00:00,161.111,161.166,161.111,161.166,42.08138264922941,6781.82184,2
2026-08-12T21:00:00+00:00,161.101,161.101,160.0,160.0,1828.3001472368267,293454.91214,25
2026-08-12T22:00:00+00:00,160.537,160.576,160.421,160.459,692.345956556397,111102.19341,11
2026-08-12T23:00:00+00:00,160.0,160.346,159.577,160.318,4071.3762074898136,651473.73645,27
2026-08-13T00:00:00+00:00,160.448,160.578,159.915,159.988,430.6019127360355,68919.31612,9
2026-08-13T01:00:00+00:00,160.005,160.22,159.62,160.22,352.153950125839,56361.09994,8
2026-08-13T02:00:00+00:00,160.151,160.647,160.144,160.647,5565.326868967433,893038.2235,30
2026-08-13T03:00:00+00:00,160.636,161.482,160.636,161.482,1818.662810993668,293391.84283,16
2026-08-13T04:00:00+00:00,161.249,161.5,161.053,161.222,5959.398929444455,961392.70813,42
2026-08-13T05:00:00+00:00,161.008,161.668,161.008,161.658,1462.8093692585194,235956.92397,19
2026-08-13T06:00:00+00:00,161.59,161.791,161.241,161.791,2987.889664761225,482231.55968,18
2026-08-13T07:00:00+00:00,161.522,161.799,161.522,161.554,61.9924450595061,10022.47106,4
2026-08-13T08:00:00+00:00,161.553,161.657,161.233,161.657,5300.561374940408,856006.52588,29
2026-08-13T09:00:00+00:00,161.36,161.36,161.0,161.309,955.8367171649878,154117.214,32
2026-08-13T10:00:00+00:00,161.232,161.232,160.384,160.784,3307.4629618034664,531341.97001,16
2026-08-13T11:00:00+00:00,160.555,160.692,159.397,159.873,4239.100228442516,678949.75569,32
2026-08-13T12:00:00+00:00,159.868,160.415,159.836,160.239,3940.0520884911602,630943.85718,19
2026-08-13T13:00:00+00:00,160.278,160.816,160.278,160.816,152.43051014511778,24477.3776,4
2026-08-13T14:00:00+00:00,160.373,160.75,160.106,160.75,1458.2022731062632,233651.73847,13
2026-08-13T15:00:00+00:00,160.986,161.134,160.329,160.329,2205.3755253741315,354464.80277,22
2026-08-13T16:00:00+00:00,160.052,160.414,159.7,160.414,1231.096828413353,197075.54579,15
2026-08-13T17:00:00+00:00,160.402,160.877,160.402,160.471,2475.968556164026,397573.96242,24
2026-08-13T18:00:00+00:00,160.7,161.278,160.569,160.882,2340.7321342446457,376301.42208,20
2026-08-13T19:00:00+00:00,161.045,161.045,160.677,160.677,823.0,132522.80524,6
2026-08-13T20:00:00+00:00,161.131,161.299,160.973,161.179,2786.7233291588914,449011.91498,32
2026-08-13T21:00:00+00:00,161.037,161.037,160.724,160.724,3173.3,510480.00489,13
2026-08-13T22:00:00+00:00,161.105,161.166,160.986,161.166,830.3871319946619,133703.11678,11
2026-08-13T23:00:00+00:00,160.86,161.041,160.814,160.814,2592.240584987172,417239.00518,39
2026-08-14T00:00:00+00:00,160.814,161.661,160.814,161.193,3724.878644934753,600242.8935,50
2026-08-14T01:00:00+00:00,161.484,162.999,161.186,161.617,9319.099411705394,1505551.58801,38
2026-08-14T02:00:00+00:00,161.202,161.897,161.202,161.603,3845.749306043201,621777.30027,23
2026-08-14T03:00:00+00:00,161.51,161.51,160.936,161.138,1688.606428039755,272228.01314,21
2026-08-14T04:00:00+00:00,161.216,161.58,161.019,161.165,3929.1637626719375,633534.05716,61
2026-08-14T05:00:00+00:00,161.0,161.082,160.701,160.968,1706.2373352360212,274558.42034,26
2026-08-14T06:00:00+00:00,160.702,160.702,160.438,160.536,2551.711346950969,409914.55558,35
2026-08-14T07:00:00+00:00,160.1,160.295,159.855,160.003,4352.178661840207,696903.01013,26
2026-08-14T08:00:00+00:00,160.152,160.416,159.98,160.416,1173.7620921473533,187996.22683,17
2026-08-14T09:00:00+00:00,160.26,160.339,159.412,159.871,3668.116421403753,587640.95316,23
2026-08-14T10:00:00+00:00,159.998,159.998,159.628,159.651,1474.87,235599.27622,11
2026-08-14T11:00:00+00:00,159.855,159.984,159.656,159.787,1732.3559902932705,276891.70203,19
2026-08-14T12:00:00+00:00,159.254,159.57,158.998,159.126,4473.36724941238,712226.53542,47
2026-08-14T13:00:00+00:00,159.353,159.687,159.33,159.546,2340.1430546290217,373208.2214,20
2026-08-14T14:00:00+00:00,159.627,160.363,159.296,159.725,6495.000397784934,1039118.9385,32
2026-08-14T15:00:00+00:00,159.307,160.626,159.233,160.626,3966.014741107609,632454.56887,17
2026-08-14T16:00:00+00:00,160.272,160.424,160.011,160.047,1310.4873910035994,210049.08163,18
2026-08-14T17:00:00+00:00,159.849,159.981,159.849,159.981,62.53577595105381,10000.40625,2
2026-08-14T18:00:00+00:00,159.813,160.076,159.222,159.222,4115.973050689625,656407.93278,19
2026-08-14T19:00:00+00:00,159.475,159.555,159.222,159.482,1319.2487956007574,210248.08502,10
2026-08-14T20:00:00+00:00,159.177,159.209,159.177,159.209,188.46170756678328,30000.0,2
2026-08-14T21:00:00+00:00,159.386,159.386,158.89,158.89,4474.497503311383,711273.19681,29
2026-08-14T22:00:00+00:00,159.177,159.178,157.961,158.227,5071.28,801749.63951,58
2026-08-14T23:00:00+00:00,158.34,159.079,158.339,159.079,482.959913905877,76605.4057,16
2026-08-15T00:00:00+00:00,159.434,159.488,159.434,159.488,214.46977402223285,34199.63174,3
2026-08-15T01:00:00+00:00,159.631,159.714,159.34,159.34,1800.0099425299397,287034.69786,15
2026-08-15T02:00:00+00:00,159.673,160.349,159.673,160.043,703.4288886869161,112594.14197,11
2026-08-15T03:00:00+00:00,160.26,160.667,159.94,159.94,4507.56683261206,722012.02247,28
2026-08-15T04:00:00+00:00,159.989,160.423,159.989,160.344,3313.239097943121,531299.5244,22
2026-08-15T05:00:00+00:00,160.335,160.761,159.869,160.17,7598.024556702185,1218472.51327,28
2026-08-15T06:00:00+00:00,160.18,160.248,160.0,160.2,297.9011138914458,47710.30668,10
2026-08-15T07:00:00+00:00,160.196,160.196,159.925,160.009,819.6710332976498,131137.6062,11
2026-08-15T08:00:00+00:00,159.948,161.592,159.619,159.619,5565.824433157518,890848.46253,19
2026-08-15T09:00:00+00:00,159.619,160.072,159.55,159.908,4508.22472872599,720438.80014,19
2026-08-15T10:00:00+00:00,159.993,160.083,159.715,160.027,1051.5988815213414,168183.71688,14
2026-08-15T11:00:00+00:00,160.013,160.131,159.712,159.981,1589.0684681373677,254153.04875,14
2026-08-15T12:00:00+00:00,159.988,160.1,159.898,160.045,3872.4123544628073,619784.52646,23
2026-08-15T13:00:00+00:00,160.085,160.089,159.8,160.031,552.2437014765923,88350.17125,14
2026-08-15T14:00:00+00:00,159.62,159.698,159.338,159.682,2839.677339837928,452892.84918,17
2026-08-15T15:00:00+00:00,159.844,159.88,159.561,159.88,1974.1099642302572,315332.11634,13
2026-08-15T16:00:00+00:00,159.879,159.879,159.641,159.673,793.48,126701.19866,5
2026-08-15T17:00:00+00:00,159.861,159.879,159.603,159.879,1095.975977958331,175052.8309,8
2026-08-15T18:00:00+00:00,159.843,159.843,159.843,159.843,125.12,19999.55616,2
2026-08-15T19:00:00+00:00,159.916,159.917,159.916,159.917,99.14525409956363,15855.0,2
2026-08-15T20:00:00+00:00,160.025,160.025,160.025,160.025,62.49,9999.96225,2
2026-08-15T21:00:00+00:00,160.108,160.137,160.108,160.137,192.56734558534254,30835.34568,2
2026-08-15T22:00:00+00:00,160.122,160.122,159.866,159.882,601.5656102268548,96215.92782,7
2026-08-15T23:00:00+00:00,159.859,159.859,159.613,159.613,223.15,35642.80517,3
2026-08-16T00:00:00+00:00,159.632,159.787,159.493,159.778,3056.2634196197223,487549.56134,12
2026-08-16T01:00:00+00:00,159.665,159.666,159.462,159.462,548.22,87471.10764,3
2026-08-16T02:00:00+00:00,159.268,159.88,159.261,159.761,1073.13,171320.81239,8
2026-08-16T03:00:00+00:00,159.77,160.133,159.587,159.816,5086.512116341943,813230.69897,31
2026-08-16T04:00:00+00:00,159.815,160.999,159.5,159.783,13177.480369498408,2106765.53412,61
2026-08-16T05:00:00+00:00,159.703,165.0,159.457,159.457,7785.0460592510835,1251418.07424,35
2026-08-16T06:00:00+00:00,159.457,160.387,159.44,159.614,3295.134515368712,527424.1964,15
2026-08-16T07:00:00+00:00,159.571,159.877,159.571,159.877,2023.0038846630957,323160.46851,7
2026-08-16T08:00:00+00:00,159.806,159.806,159.636,159.763,1369.9763726303363,218848.457,12
2026-08-16T09:00:00+00:00,159.757,159.757,159.555,159.586,2120.765198770633,338499.99752,9
2026-08-16T10:00:00+00:00,159.461,159.487,159.122,159.178,6622.478659843129,1055290.73633,27
2026-08-16T11:00:00+00:00,159.592,159.592,159.487,159.487,1255.3292890757627,200246.5973,15
2026-08-16T12:00:00+00:00,159.487,159.615,159.257,159.495,1067.2297617693962,170215.66788,11
2026-08-16T13:00:00+00:00,159.587,159.587,159.311,159.473,1827.8972284786976,291452.34368,20
2026-08-16T14:00:00+00:00,159.473,159.625,159.342,159.625,1676.3667398119123,267316.97582,17
2026-08-16T15:00:00+00:00,159.413,159.788,159.413,159.566,2439.08,389399.8945,12
2026-08-16T16:00:00+00:00,159.765,159.868,159.743,159.774,1015.852702340465,162318.92008,8
2026-08-16T17:00:00+00:00,159.853,160.039,159.487,159.487,1638.6566722794078,261960.92775,9
2026-08-16T18:00:00+00:00,159.327,159.327,159.114,159.114,319.98640280680615,50972.4275,3
2026-08-16T19:00:00+00:00,159.327,159.327,159.327,159.327,10.356060178124235,1650.0,1
2026-08-16T20:00:00+00:00,159.652,159.78,159.376,159.376,507.2618732858967,80996.8626,5
2026-08-16T21:00:00+00:00,159.11,159.583,158.743,158.743,1899.6398195296492,301914.1814,19
2026-08-16T22:00:00+00:00,158.993,158.993,158.5,158.544,177.7430812890206,28192.74731,4
2026-08-16T23:00:00+00:00,158.271,158.444,158.0,158.099,2644.8864081246597,418129.7337,23
2026-08-17T00:00:00+00:00,158.162,163.0,157.8,157.905,13269.09862427816,2107631.53478,78
2026-08-17T01:00:00+00:00,159.037,159.364,158.771,158.989,3987.522431026593,634591.39564,18
2026-08-17T02:00:00+00:00,159.127,159.493,158.928,159.41,4816.957703682154,767380.52038,15
2026-08-17T03:00:00+00:00,159.498,159.562,159.111,159.499,7428.1510377157465,1183890.81512,23
2026-08-17T04:00:00+00:00,159.653,159.658,159.549,159.551,1115.7793744019907,178128.89866,7
2026-08-17T05:00:00+00:00,159.617,159.761,159.359,159.662,2669.13,425736.84536,19
2026-08-17T06:00:00+00:00,159.99,160.105,159.551,160.105,5607.3478129883115,895990.66873,16
2026-08-17T07:00:00+00:00,159.9,159.91,159.647,159.647,271.02,43329.32663,4
2026-08-17T08:00:00+00:00,159.481,159.481,159.0,159.104,388.87886970172684,61841.61787,5
2026-08-17T09:00:00+00:00,159.033,159.511,158.862,158.881,11200.355418328296,1782685.82512,32
2026-08-17T10:00:00+00:00,158.849,159.644,158.742,159.566,3877.919885811186,617740.31494,18
2026-08-17T11:00:00+00:00,159.585,159.594,159.381,159.529,1558.7360489287496,248632.03668,12
2026-08-17T12:00:00+00:00,159.339,159.484,158.952,159.223,2153.4253242772593,342999.22241,12
2026-08-17T13:00:00+00:00,159.115,159.951,159.0,159.512,3085.04,491885.05475,13
2026-08-17T14:00:00+00:00,159.509,159.969,159.102,159.969,7786.787070702763,1240560.42299,43
2026-08-17T15:00:00+00:00,159.969,160.733,159.737,160.629,6174.069714730504,988772.47691,37
2026-08-17T16:00:00+00:00,159.939,160.191,159.85,160.19,2859.06,457119.8733,13
2026-08-17T17:00:00+00:00,159.721,160.121,159.654,159.94,1870.4194124972016,299060.37274,12
2026-08-17T18:00:00+00:00,159.791,159.818,159.58,159.58,629.73,100578.7836,5
2026-08-17T19:00:00+00:00,159.67,159.67,159.35,159.489,1471.774871282183,234590.70321,12
2026-08-17T20:00:00+00:00,159.489,159.816,159.489,159.747,4614.206375158703,736768.05332,37
2026-08-17T21:00:00+00:00,160.16,160.16,159.622,159.622,532.4173958986381,85179.70734,9
2026-08-17T22:00:00+00:00,159.622,159.968,159.451,159.549,167.27286785918145,26714.3636,8
2026-08-17T23:00:00+00:00,159.549,160.031,159.549,159.876,1229.4854189217904,196570.76871,11
2026-08-18T00:00:00+00:00,159.784,159.864,159.452,159.452,6286.726451209132,1003349.07901,26
2026-08-18T01:00:00+00:00,159.898,160.04,159.0,159.0,3628.6473218166184,580284.56322,18
2026-08-18T02:00:00+00:00,158.816,158.816,157.932,158.126,2444.35920783734,386921.77786,26
2026-08-18T03:00:00+00:00,158.141,158.34,157.789,158.13,10202.688125504312,1614552.03795,42
2026-08-18T04:00:00+00:00,158.639,159.083,158.601,159.083,5076.216763855627,806154.64382,13
2026-08-18T05:00:00+00:00,159.054,160.567,158.739,158.963,7187.6371868882725,1143813.54379,26
2026-08-18T06:00:00+00:00,159.0,160.03,159.0,159.557,4085.4304506022963,651255.18362,17
2026-08-18T07:00:00+00:00,159.655,159.655,159.241,159.305,3421.5384385295124,545562.52581,11
2026-08-18T08:00:00+00:00,159.293,159.422,158.379,159.373,4940.000681722536,785114.78157,18
2026-08-18T09:00:00+00:00,159.33,159.331,158.927,159.088,1031.830802912627,164214.85106,10
2026-08-18T10:00:00+00:00,159.001,159.193,158.899,159.052,1740.6980107491327,276867.98681,15
2026-08-18T11:00:00+00:00,159.051,159.839,159.051,159.759,4525.4151757722175,721846.50272,29
2026-08-18T12:00:00+00:00,159.432,159.619,159.406,159.56,2981.6874788137807,475732.67895,26
2026-08-18T13:00:00+00:00,159.455,159.591,159.225,159.44,2161.1220364609335,344290.8946,10
2026-08-18T14:00:00+00:00,159.243,160.026,159.217,159.926,2107.9309215606263,335992.54114,14
2026-08-18T15:00:00+00:00,160.144,160.395,159.9,160.316,4498.923217378572,719901.74157,16
2026-08-18T16:00:00+00:00,160.378,160.521,159.751,160.052,2624.4805833805103,420517.24829,15
2026-08-18T17:00:00+00:00,160.012,160.012,160.012,160.012,0.0937429692773042,15.0,1
2026-08-18T18:00:00+00:00,159.918,160.152,159.698,159.698,6037.322137968929,964718.81056,29
2026-08-18T19:00:00+00:00,160.143,160.143,160.143,160.143,270.38334488550856,43300.0,3
2026-08-18T20:00:00+00:00,160.134,160.134,159.625,159.794,2965.3101754993218,473702.41515,13
2026-08-18T21:00:00+00:00,159.89,159.913,159.615,159.913,1206.73,192720.31106,8
2026-08-18T22:00:00+00:00,159.569,159.99,159.278,159.278,19083.545010004003,3044082.25962,86
2026-08-18T23:00:00+00:00,160.039,160.081,159.963,159.963,528.7131091796375,84610.04832,5
2026-08-19T00:00:00+00:00,159.32,159.32,158.9,158.9,1721.8541911143964,274080.51728,13
2026-08-19T01:00:00+00:00,159.384,159.462,159.021,159.021,6370.208636220947,1014662.66453,22
2026-08-19T02:00:00+00:00,159.388,159.411,159.032,159.343,4958.230430957932,789845.39693,21
2026-08-19T03:00:00+00:00,159.28,159.73,159.28,159.715,4558.920321681498,727062.49454,21
2026-08-19T04:00:00+00:00,159.68,159.68,159.255,159.514,6715.98536655483,1070362.7446,45
2026-08-19T05:00:00+00:00,159.634,159.716,159.316,159.316,4197.433478932432,669996.53749,37
2026-08-19T06:00:00+00:00,159.426,160.151,159.196,160.151,7726.9736766954475,1236332.40476,34
2026-08-19T07:00:00+00:00,160.119,160.326,159.994,160.209,1705.6646930193865,273278.20426,17
2026-08-19T08:00:00+00:00,159.791,160.5,159.791,160.293,890.5572585669782,142585.89948,10
2026-08-19T09:00:00+00:00,160.258,160.465,159.78,159.78,2118.3640373290127,339722.17252,13
2026-08-19T10:00:00+00:00,159.96,160.048,159.697,160.048,1037.5614237305267,165895.87501,10
2026-08-19T11:00:00+00:00,160.335,160.385,159.9,160.2,4250.06453264729,680515.7059,15
2026-08-19T12:00:00+00:00,160.029,160.5,160.029,160.277,3356.946458236101,538049.50174,16
2026-08-19T13:00:00+00:00,160.5,161.964,160.5,161.315,8725.346866663622,1407162.1067451714,35
2026-08-19T14:00:00+00:00,161.408,163.499,161.133,163.499,3964.808872825746,642945.8639376785,23
2026-08-19T15:00:00+00:00,164.7,169.99,164.637,169.99,25466.925826276823,4248859.39238,81
2026-08-19T16:00:00+00:00,169.412,169.598,168.576,168.824,10431.58649281357,1763960.08644,45
2026-08-19T17:00:00+00:00,168.214,168.517,166.716,168.419,9019.77392206704,1514291.29903,39
2026-08-19T18:00:00+00:00,167.385,169.316,167.369,169.316,773.9537821442669,129842.9337,10
2026-08-19T19:00:00+00:00,169.455,169.455,168.659,168.832,7629.497678904822,1290697.86484,21
2026-08-19T20:00:00+00:00,168.704,174.269,168.704,174.228,7860.905757131096,1345186.62794,58
2026-08-19T21:00:00+00:00,174.0,178.999,174.0,178.999,17233.954396399244,3052377.88068,157
2026-08-19T22:00:00+00:00,179.0,179.0,174.137,174.144,7044.074559765499,1252643.60975,68
2026-08-19T23:00:00+00:00,173.818,174.451,173.026,174.341,9185.49032140251,1598668.04715,53
2026-08-20T00:00:00+00:00,175.286,176.137,174.972,175.3,5906.674220982344,1036672.28092,42
2026-08-20T01:00:00+00:00,175.746,176.83,175.576,176.396,6312.899284364211,1112289.10692,45
2026-08-20T02:00:00+00:00,176.128,176.128,173.997,173.997,4551.699357058783,797807.65277,33
2026-08-20T03:00:00+00:00,173.148,173.332,172.699,173.332,1704.540982038962,294956.41896,17
2026-08-20T04:00:00+00:00,173.586,174.569,173.586,174.538,2414.0226366633783,420484.61186,18
2026-08-20T05:00:00+00:00,174.879,175.452,174.879,175.18,750.9629112912432,131602.69645,12
2026-08-20T06:00:00+00:00,175.095,176.079,174.677,176.079,3900.444826116369,683620.5838199999,22
2026-08-20T07:00:00+00:00,175.828,176.481,175.58,176.174,3138.011032388434,551881.06943,20
2026-08-20T08:00:00+00:00,176.288,183.0,176.288,183.0,14824.239269073742,2687549.725310902,136
2026-08-20T09:00:00+00:00,183.0,184.088,181.654,181.654,3933.393054153545,717708.72276,49
2026-08-20T10:00:00+00:00,181.87,184.425,181.795,183.742,8876.727848689186,1628060.9885516483,73
2026-08-20T11:00:00+00:00,183.544,189.5,183.539,189.178,13183.857534597426,2474216.873501083,169
2026-08-20T12:00:00+00:00,189.5,189.908,187.496,189.259,27107.63003605528,5111922.36212,142
2026-08-20T13:00:00+00:00,188.82,193.5,188.228,193.5,18937.56351570977,3604770.952685976,146
2026-08-20T14:00:00+00:00,193.499,197.499,193.146,194.0,23667.35665464612,4630989.939654024,263
2026-08-20T15:00:00+00:00,195.4,200.512,195.063,199.165,10639.30840355244,2114170.22938,114
2026-08-20T16:00:00+00:00,200.0,208.693,199.377,208.693,10870.303608817967,2206629.5137,59
2026-08-20T17:00:00+00:00,209.358,213.643,208.0,208.7,9687.644637691403,2033542.89914,88
2026-08-20T18:00:00+00:00,208.632,209.261,198.0,198.0,14951.447485352177,3001291.64648,78
2026-08-20T19:00:00+00:00,195.831,196.927,194.464,196.927,1856.0380238362438,361531.21569,14
2026-08-20T20:00:00+00:00,196.249,197.548,196.216,197.548,3507.247846301017,690924.00244,12
2026-08-20T21:00:00+00:00,199.654,201.661,199.53,200.0,2764.789584520555,552338.0831,15
2026-08-20T22:00:00+00:00,200.222,200.222,199.448,199.448,1314.26,262627.01632,13
2026-08-20T23:00:00+00:00,201.103,202.034,201.0,201.342,2799.935592308419,564910.89592,13
2026-08-21T00:00:00+00:00,202.013,202.013,200.756,201.689,2883.803574573144,580917.45617,17
2026-08-21T01:00:00+00:00,202.835,206.666,202.327,205.502,6736.754776976273,1384176.77135,51
2026-08-21T02:00:00+00:00,205.5,206.536,204.172,206.047,2317.1621929102657,475900.91692,29
2026-08-21T03:00:00+00:00,204.845,209.219,204.82,209.214,4052.5993053820016,834639.90419,71
2026-08-21T04:00:00+00:00,209.2,209.83,206.072,209.47,2999.204203895193,623232.2962,37
2026-08-21T05:00:00+00:00,208.109,208.746,207.225,208.746,3650.0629887505424,758520.8582778481,31
2026-08-21T06:00:00+00:00,209.3,209.3,206.184,206.506,6565.1948951583245,1366257.30137,45
2026-08-21T07:00:00+00:00,206.505,209.702,206.505,208.412,1348.2214557031657,281695.22549,18
2026-08-21T08:00:00+00:00,210.0,222.055,210.0,222.055,39124.09676192466,8517150.353354454,210
2026-08-21T09:00:00+00:00,219.848,226.671,213.154,225.548,10274.644946554712,2271593.9650444444,126
2026-08-21T10:00:00+00:00,224.357,225.862,215.001,219.124,7273.340089047517,1597638.91278,70
2026-08-21T11:00:00+00:00,219.0,222.725,216.176,216.176,6443.472892163904,1412922.05372,55
2026-08-21T12:00:00+00:00,215.0,219.507,213.532,219.24,2171.7185150163764,466513.38988,34
2026-08-21T13:00:00+00:00,218.767,225.79,215.251,224.555,15596.265480429636,3444225.91976,112
2026-08-21T14:00:00+00:00,225.542,225.542,221.128,222.847,6386.1704368682995,1421337.93505,45
2026-08-21T15:00:00+00:00,223.036,225.659,222.103,222.431,15973.992321703685,3574161.60086,95
2026-08-21T16:00:00+00:00,223.236,223.236,220.764,222.417,11693.033080417581,2598135.7272875365,56
2026-08-21T17:00:00+00:00,222.375,224.773,218.887,220.433,804.2541255905121,176958.32665,8
2026-08-21T18:00:00+00:00,221.321,221.321,218.021,218.843,1105.2654972189716,241928.5126,10
2026-08-21T19:00:00+00:00,217.554,218.924,217.066,217.066,1681.56,366322.43395,15
2026-08-21T20:00:00+00:00,217.501,219.251,217.383,218.074,3149.232439013724,687704.21988,14
2026-08-21T21:00:00+00:00,220.616,223.714,220.616,223.696,460.14917708341966,102293.60072,9
2026-08-21T22:00:00+00:00,222.428,230.0,222.428,230.0,18695.540671965715,4270820.668421796,129
2026-08-21T23:00:00+00:00,229.042,233.865,228.357,231.023,5856.301076990981,1351319.49128,82
2026-08-22T00:00:00+00:00,230.358,235.0,226.914,230.004,4781.806487001377,1111234.1842302866,49
2026-08-22T01:00:00+00:00,232.26,239.0,232.171,234.0,15299.536156362372,3591109.23503,107
2026-08-22T02:00:00+00:00,233.975,246.554,233.974,246.55,9984.133335665085,2404530.74634,156
2026-08-22T03:00:00+00:00,246.108,254.0,246.0,248.782,31207.559049465763,7784890.93617,226
2026-08-22T04:00:00+00:00,248.194,265.1,241.541,264.264,17601.86454629245,4570073.73582,154
2026-08-22T05:00:00+00:00,264.679,270.0,220.0,244.364,121298.29125005114,28873414.49693677,1095
2026-08-22T06:00:00+00:00,243.837,257.074,241.446,249.809,23614.23498980725,5882437.53141832,211
2026-08-22T07:00:00+00:00,250.69,256.613,248.369,248.386,19193.6544568358,4839711.022563879,181
2026-08-22T08:00:00+00:00,248.763,248.763,237.433,243.186,11330.30166001018,2746130.87471,91
2026-08-22T09:00:00+00:00,240.538,242.597,237.0,238.042,7908.937499922841,1888016.24262,70
2026-08-22T10:00:00+00:00,238.072,238.384,226.814,235.379,18711.95916151354,4379988.604477822,219
2026-08-22T11:00:00+00:00,235.804,237.108,234.755,235.537,4025.276989826695,948872.76698,34
2026-08-22T12:00:00+00:00,236.544,240.804,236.544,239.573,2836.96156687295,678672.60545,39
2026-08-22T13:00:00+00:00,239.28,239.28,236.953,238.835,1182.638048346365,281612.17199,28
2026-08-22T14:00:00+00:00,238.019,238.019,228.89,228.89,7956.07516288061,1857962.4135,83
2026-08-22T15:00:00+00:00,229.159,230.655,227.915,228.729,7005.483642400421,1607302.73993,62
2026-08-22T16:00:00+00:00,228.167,236.063,228.167,235.362,11299.605001002614,2635476.5751,87
2026-08-22T17:00:00+00:00,234.462,234.462,234.462,234.462,0.1,23.4462,1
2026-08-22T18:00:00+00:00,235.588,237.0,235.588,236.025,141.5450033418873,33401.51,3
2026-08-22T19:00:00+00:00,236.723,239.13,235.551,238.444,252.56445549670707,59871.44882,19
2026-08-22T20:00:00+00:00,237.151,240.538,237.098,239.133,3840.708686754587,914834.1216,27
2026-08-22T21:00:00+00:00,236.856,236.938,231.111,231.111,6490.261383476821,1515025.87816,63
2026-08-22T22:00:00+00:00,231.456,234.28,230.625,233.999,4871.743056087119,1136392.75422,51
2026-08-22T23:00:00+00:00,233.128,233.338,230.361,232.682,1951.8644285971423,451671.44912,24
2026-08-23T00:00:00+00:00,232.682,241.642,232.182,241.642,10962.623260233553,2602717.6161390264,90
2026-08-23T01:00:00+00:00,239.438,239.438,236.5,236.893,8600.05674767412,2039306.71423,76
2026-08-23T02:00:00+00:00,237.046,237.353,234.05,235.608,5317.990965781974,1256348.31708,41
2026-08-23T03:00:00+00:00,235.252,236.107,232.353,234.361,4716.843380354139,1104348.3282,63
2026-08-23T04:00:00+00:00,233.381,236.855,230.108,232.625,6015.025674368619,1405770.02953,37
2026-08-23T05:00:00+00:00,231.725,234.181,228.001,230.686,11655.352533740335,2691672.93342,83
2026-08-23T06:00:00+00:00,229.488,236.977,228.305,236.977,5666.117484652996,1314640.136,38
2026-08-23T07:00:00+00:00,229.582,233.441,229.353,231.811,1703.9712932301438,394497.4709845256,31
2026-08-23T08:00:00+00:00,231.705,235.02,231.705,233.418,2818.6328222493426,659103.665,16
2026-08-23T09:00:00+00:00,235.0,235.888,233.1,234.689,607.6231787405685,142243.80825248052,17
2026-08-23T10:00:00+00:00,235.265,242.0,234.949,234.949,12108.076163779728,2877468.35972,92
2026-08-23T11:00:00+00:00,235.456,241.322,235.253,238.109,5809.508171626838,1381612.797,47
2026-08-23T12:00:00+00:00,237.645,243.2,235.794,237.739,5011.359001018754,1198889.82841,27
2026-08-23T13:00:00+00:00,238.487,242.15,238.487,241.254,2172.1560431234357,522886.57776,47
2026-08-23T14:00:00+00:00,242.0,245.994,232.792,241.041,11975.292658625365,2888442.84537,117
2026-08-23T15:00:00+00:00,239.761,241.214,237.657,237.989,1672.1246227372178,399970.16055,15
2026-08-23T16:00:00+00:00,238.498,240.31,237.901,240.31,277.2866085472931,66384.39444,8
2026-08-23T17:00:00+00:00,239.605,240.307,239.092,239.737,925.9369496056809,221793.3574,8
2026-08-23T18:00:00+00:00,239.43,239.924,239.19,239.19,2585.983193369203,620291.20636,28
2026-08-23T19:00:00+00:00,239.845,239.845,238.998,238.998,70.91473227589061,17005.0,2
2026-08-23T20:00:00+00:00,237.624,239.499,237.003,239.499,551.7546471181446,131224.6457,8
2026-08-23T21:00:00+00:00,239.0,245.1,239.0,242.582,2567.7960830597544,624304.34811,25
2026-08-23T22:00:00+00:00,242.639,242.639,240.321,241.378,4914.026356969595,1184647.05044,29
2026-08-23T23:00:00+00:00,241.552,243.029,240.0,242.423,3718.3145986331288,897770.7257491719,29
2026-08-24T00:00:00+00:00,241.087,241.302,235.805,238.64,6242.028600684074,1489070.95684,41
2026-08-24T01:00:00+00:00,237.392,237.555,233.836,234.0,4642.997203131888,1095265.66093,71
2026-08-24T02:00:00+00:00,233.104,237.269,232.937,235.749,5612.545352250154,1312708.2378,35
2026-08-24T03:00:00+00:00,236.99,236.99,232.997,233.396,3774.0888435895745,882490.23527,32
2026-08-24T04:00:00+00:00,233.586,235.829,233.586,234.143,3829.1321737893263,898351.90202,21
2026-08-24T05:00:00+00:00,234.86,235.595,233.512,235.595,4267.121979806782,1001074.21315,29
2026-08-24T06:00:00+00:00,235.666,236.416,234.106,236.416,9020.801681884606,2122495.36955,52
2026-08-24T07:00:00+00:00,236.024,238.41,235.15,235.15,4685.297138127857,1109842.39223,31
2026-08-24T08:00:00+00:00,234.92,234.992,232.35,232.764,1992.3259219596198,466000.35036,27
2026-08-24T09:00:00+00:00,233.065,236.406,233.065,235.8,11019.005386667539,2583180.96856,46
2026-08-24T10:00:00+00:00,236.331,237.1,235.327,236.474,2586.6658591800315,612681.21016,15
2026-08-24T11:00:00+00:00,235.3,239.714,235.3,238.561,1770.8670806714276,422000.00326,23
2026-08-24T12:00:00+00:00,237.912,241.0,236.433,241.0,9859.188259401222,2364710.85923,84
2026-08-24T13:00:00+00:00,241.0,241.956,235.52,237.522,15937.98889255884,3820278.333197386,173
2026-08-24T14:00:00+00:00,237.879,243.647,236.473,240.442,9504.595861582688,2281561.46328,114
2026-08-24T15:00:00+00:00,240.47,243.267,238.5,239.277,4047.0624264243784,970347.04845,51
2026-08-24T16:00:00+00:00,239.852,241.922,238.966,239.136,3135.816724443809,754816.9591031735,30
2026-08-24T17:00:00+00:00,238.0,239.014,233.666,235.354,5919.532809669535,1398201.74198,60
2026-08-24T18:00:00+00:00,236.358,237.143,233.901,234.8,1920.8890442684321,452826.72832,30
2026-08-24T19:00:00+00:00,235.292,235.514,234.0,235.447,2866.48020854019,674043.31755,17
2026-08-24T20:00:00+00:00,235.86,235.92,234.375,235.59,3643.7889226605603,856100.54085,18
2026-08-24T21:00:00+00:00,236.037,237.123,234.916,234.916,1831.475650898817,432670.29824,20
2026-08-24T22:00:00+00:00,235.27,236.19,235.27,235.5,817.9182276017156,192734.77379,15
2026-08-24T23:00:00+00:00,234.0,236.276,234.0,235.91,9385.88642743466,2198526.05329,32
2026-08-25T00:00:00+00:00,236.188,241.349,235.534,239.862,6826.693652644417,1618924.46881,57
2026-08-25T01:00:00+00:00,240.799,241.019,239.01,240.855,8656.17494081546,2077021.65966,45
2026-08-25T02:00:00+00:00,240.649,246.919,240.649,242.899,11335.437919096154,2762147.0843,105
2026-08-25T03:00:00+00:00,242.833,244.168,241.236,241.236,13815.523519444563,3357330.21186,106
2026-08-25T04:00:00+00:00,241.429,241.513,240.142,240.926,7865.657990623944,1892665.94753,42
2026-08-25T05:00:00+00:00,241.203,243.249,241.203,242.729,6331.147589465766,1537525.68465,37
2026-08-25T06:00:00+00:00,242.265,242.274,238.811,239.468,2331.632612358617,561638.30054,18
2026-08-25T07:00:00+00:00,239.711,240.751,236.0,237.457,10188.772170538323,2424830.63915,37
2026-08-25T08:00:00+00:00,237.4,238.829,237.168,237.782,1876.4819930143265,446656.35329,16
2026-08-25T09:00:00+00:00,237.912,238.614,235.0,235.812,9689.367822955073,2297600.18462,50
2026-08-25T10:00:00+00:00,236.319,236.939,235.509,236.939,5116.256678311923,1207912.2249,27
2026-08-25T11:00:00+00:00,236.628,237.156,235.874,236.077,2383.445406429705,563394.2504,27
2026-08-25T12:00:00+00:00,236.098,236.316,233.152,235.633,10944.197272971678,2563080.91149,56
2026-08-25T13:00:00+00:00,235.35,235.35,230.609,231.02,7558.400812646254,1753474.40467,73
2026-08-25T14:00:00+00:00,232.302,235.611,232.302,235.0,2153.612444821594,503203.37421,17
2026-08-25T15:00:00+00:00,234.813,235.428,233.631,235.023,5538.241039796704,1300914.70009,33
2026-08-25T16:00:00+00:00,235.573,235.628,234.149,235.628,6320.053013322783,1483810.74038,44
2026-08-25T17:00:00+00:00,234.394,235.05,232.709,235.05,2192.3180450108493,513255.34612,20
2026-08-25T18:00:00+00:00,236.0,236.262,234.93,234.93,4087.59,962509.96514,13
2026-08-25T19:00:00+00:00,235.589,235.75,233.611,234.494,3860.4001396804347,904274.71853,29
2026-08-25T20:00:00+00:00,232.627,233.073,230.0,230.0,1487.3770424438967,344605.17035,22
2026-08-25T21:00:00+00:00,230.0,230.0,225.333,229.285,14840.162751743399,3398752.51086,75
2026-08-25T22:00:00+00:00,229.895,230.995,229.316,230.691,1635.954261807401,375989.75679,32
2026-08-25T23:00:00+00:00,230.374,230.969,227.844,228.14,3627.4791117445857,831903.28416,59
2026-08-26T00:00:00+00:00,227.796,229.004,227.03,228.688,5388.718791528435,1229772.70024,28
2026-08-26T01:00:00+00:00,228.904,230.404,228.904,230.053,2805.5560383008974,645331.99014,21
2026-08-26T02:00:00+00:00,229.791,231.0,228.768,230.215,7304.578974324242,1680586.61065,40
2026-08-26T03:00:00+00:00,229.698,229.735,228.489,229.184,2827.7274894106336,648260.85719,15
2026-08-26T04:00:00+00:00,228.699,229.456,228.699,229.14,1517.83,347765.34453,8
2026-08-26T05:00:00+00:00,228.0,230.077,227.104,229.901,5966.470829740654,1370163.10994,35
2026-08-26T06:00:00+00:00,229.96,230.0,228.223,229.111,2836.1944825427836,651235.38176,18
2026-08-26T07:00:00+00:00,229.129,229.796,228.404,228.979,2622.7555227285966,600647.75915,19
2026-08-26T08:00:00+00:00,228.445,228.748,227.5,227.5,2733.169052845542,623243.1802392057,20
2026-08-26T09:00:00+00:00,227.675,228.036,224.218,224.777,3023.3359044929944,680464.64964,35
2026-08-26T10:00:00+00:00,224.0,228.426,224.0,228.158,3418.4740245507764,774947.3699601078,31
2026-08-26T11:00:00+00:00,228.089,228.094,224.81,225.598,8624.213688746924,1949273.32267,35
2026-08-26T12:00:00+00:00,225.317,226.749,223.38,225.277,14647.1902826678,3285646.66789,84
2026-08-26T13:00:00+00:00,224.397,225.293,220.0,222.102,10468.818291819342,2324526.31061,69
2026-08-26T14:00:00+00:00,221.903,222.555,218.39,218.984,6849.774442793402,1501282.44294,52
2026-08-26T15:00:00+00:00,218.0,219.162,216.235,218.73,1055.944453606736,229965.60614,49
2026-08-26T16:00:00+00:00,219.73,220.029,217.9,219.539,4432.389993395251,969643.24177,61
2026-08-26T17:00:00+00:00,219.761,222.713,218.943,221.366,3821.0107432589994,846347.27192,49
2026-08-26T18:00:00+00:00,220.853,221.184,220.281,220.65,2650.0998836081358,584619.55011,14
2026-08-26T19:00:00+00:00,220.65,220.65,220.65,220.65,0.0,0.0,0
2026-08-26T20:00:00+00:00,220.142,220.142,218.507,219.417,2943.3566215518513,645647.92667,20
2026-08-26T21:00:00+00:00,222.404,223.119,221.657,223.08,3940.603935807782,875241.88054,28
2026-08-26T22:00:00+00:00,223.226,225.0,222.672,222.672,6815.291319100028,1530344.89533,17
2026-08-26T23:00:00+00:00,223.527,226.896,223.527,226.592,7765.877053592799,1754491.71265,34
2026-08-27T00:00:00+00:00,226.09,226.487,223.631,224.304,3390.2316189542344,764691.46808,32
2026-08-27T01:00:00+00:00,224.227,225.446,221.39,225.446,6380.790914646907,1428150.85816,29
2026-08-27T02:00:00+00:00,225.0,225.983,223.707,224.227,9428.514534582831,2123163.43981,53
2026-08-27T03:00:00+00:00,224.553,225.028,223.566,224.145,2681.9025536114164,601836.72663,27
2026-08-27T04:00:00+00:00,224.985,224.985,223.377,223.873,780.5085351484861,174808.45526,9
2026-08-27T05:00:00+00:00,223.911,224.872,222.383,224.872,2660.0622938548836,596418.93665,18
2026-08-27T06:00:00+00:00,224.693,224.699,223.472,224.478,1649.41,370151.53899,15
2026-08-27T07:00:00+00:00,224.366,225.63,223.934,225.506,1774.6953453873882,399878.27721,15
2026-08-27T08:00:00+00:00,225.418,229.956,225.418,229.244,6561.925177699793,1499424.09765,58
2026-08-27T09:00:00+00:00,229.311,231.702,228.313,229.355,2674.3151539509545,614651.0227,32
2026-08-27T10:00:00+00:00,229.0,230.591,226.491,227.221,8061.141996816025,1843197.05717,56
2026-08-27T11:00:00+00:00,227.221,228.499,227.221,228.087,8205.758639364773,1867379.34585,62
2026-08-27T12:00:00+00:00,228.142,228.499,227.187,227.294,1424.7459903907645,324022.81178,12
2026-08-27T13:00:00+00:00,227.503,229.35,227.336,229.35,7922.284543600509,1805088.10255,42
2026-08-27T14:00:00+00:00,229.775,234.0,229.775,232.727,5886.44078108522,1365192.62252,48
2026-08-27T15:00:00+00:00,233.248,234.0,232.036,233.845,3758.8171664266674,874487.43944,32
2026-08-27T16:00:00+00:00,233.631,234.59,232.471,233.369,1801.15,420435.32264,20
2026-08-27T17:00:00+00:00,232.71,234.369,232.71,232.8,563.641691221962,131798.9112,10
2026-08-27T18:00:00+00:00,231.808,231.911,230.082,231.482,3425.5773357261182,790463.30504,27
2026-08-27T19:00:00+00:00,232.315,232.315,230.537,231.585,1549.6505031960914,358299.55808,19
2026-08-27T20:00:00+00:00,232.0,232.291,231.041,231.87,953.6,220771.47406,11
2026-08-27T21:00:00+00:00,231.0,231.597,230.603,231.296,675.7674005010801,156128.75056436527,16
2026-08-27T22:00:00+00:00,231.757,232.649,231.234,231.935,1436.442390429651,332643.47123,20
2026-08-27T23:00:00+00:00,231.772,232.616,231.772,231.873,1130.6120559866747,262232.00412,19
2026-08-28T00:00:00+00:00,231.874,231.874,230.454,230.802,631.0455376044973,145868.59734,11
2026-08-28T01:00:00+00:00,231.464,233.938,230.874,231.658,10965.048945637045,2542623.95736,45
2026-08-28T02:00:00+00:00,231.251,231.251,228.634,228.634,1939.5816589833687,447241.50929,15
2026-08-28T03:00:00+00:00,228.402,229.247,227.568,228.383,2449.640057554354,559968.9589,37
2026-08-28T04:00:00+00:00,227.774,228.585,227.294,227.294,1501.3480546904468,342035.90487,19
2026-08-28T05:00:00+00:00,227.288,228.217,227.0,227.396,5023.701075015346,1141950.00646,38
2026-08-28T06:00:00+00:00,227.72,228.286,227.481,228.286,3039.1123736759373,692834.9612216821,17
2026-08-28T07:00:00+00:00,227.502,230.0,226.372,227.234,7739.964591820133,1763242.92232,35
2026-08-28T08:00:00+00:00,227.0,228.064,227.0,227.0,7263.726482244114,1649292.12858,59
2026-08-28T09:00:00+00:00,227.237,227.354,225.183,225.244,6314.959333110042,1429848.65375,64
2026-08-28T10:00:00+00:00,225.601,226.905,224.382,226.905,1528.5802932588538,344735.15271,20
2026-08-28T11:00:00+00:00,227.0,234.9,227.0,227.976,22539.405368107888,5158654.475699298,112
2026-08-28T12:00:00+00:00,227.658,229.697,226.491,227.386,8437.430643689027,1917668.62986,48
2026-08-28T13:00:00+00:00,227.413,227.775,226.924,227.099,944.0889550842733,214620.68764,13
2026-08-28T14:00:00+00:00,225.671,229.564,222.445,228.571,3289.5477668693566,742028.83343,49
2026-08-28T15:00:00+00:00,227.776,229.03,225.316,225.316,3440.4529820791595,784607.53196,22
2026-08-28T16:00:00+00:00,225.611,225.612,221.369,223.854,2981.090137607009,663749.24857,22
2026-08-28T17:00:00+00:00,223.217,223.578,222.191,223.578,1096.5451601914767,244583.33067,14
2026-08-28T18:00:00+00:00,221.893,221.893,219.1,219.1,6054.0879169459195,1330636.52631,23
2026-08-28T19:00:00+00:00,220.885,220.98,220.882,220.98,582.06,128611.12686,3
2026-08-28T20:00:00+00:00,221.319,221.556,220.641,221.556,511.3112290519506,113074.64587,5
2026-08-28T21:00:00+00:00,221.407,221.981,219.9,219.9,3925.13,867604.72611,23
2026-08-28T22:00:00+00:00,220.0,221.803,219.9,221.803,1214.7484885993927,268455.71935,11
2026-08-28T23:00:00+00:00,221.831,221.877,221.831,221.877,157.25380812420266,34889.98917,2
2026-08-29T00:00:00+00:00,222.686,222.76,221.517,221.771,1954.7196299665495,433826.21612,18
2026-08-29T01:00:00+00:00,221.0,222.391,221.0,222.391,806.3729404660511,178339.38177,8
2026-08-29T02:00:00+00:00,222.353,222.353,221.46,221.597,489.01676653789247,108450.03441,11
2026-08-29T03:00:00+00:00,221.597,223.773,221.534,223.773,4041.46946115606,897067.57999,32
2026-08-29T04:00:00+00:00,221.545,221.545,221.12,221.12,3.0,664.21,2
2026-08-29T05:00:00+00:00,221.12,221.12,221.12,221.12,0.0,0.0,0
2026-08-29T06:00:00+00:00,221.12,221.12,221.12,221.12,0.0,0.0,0
2026-08-29T07:00:00+00:00,221.12,221.12,221.12,221.12,0.0,0.0,0
2026-08-29T08:00:00+00:00,221.12,221.12,221.12,221.12,0.0,0.0,0
2026-08-29T09:00:00+00:00,221.12,221.12,221.12,221.12,0.0,0.0,0
2026-08-29T10:00:00+00:00,221.545,221.545,221.545,221.545,1.0,221.545,1
2026-08-29T11:00:00+00:00,221.545,222.27,221.545,221.774,1854.0274070071152,411397.31952,19
2026-08-29T12:00:00+00:00,222.217,222.531,221.676,222.181,1791.8782836042421,397894.4544,19
2026-08-29T13:00:00+00:00,222.181,222.539,221.659,222.539,1076.916506151189,239465.14967,15
2026-08-29T14:00:00+00:00,222.535,224.953,222.535,224.953,3608.0527305843048,807187.57704,22
2026-08-29T15:00:00+00:00,223.448,224.304,223.376,223.387,1483.0130265372632,331578.60991,23
2026-08-29T16:00:00+00:00,223.565,223.873,223.282,223.282,361.2,80721.94264,6
2026-08-29T17:00:00+00:00,223.71,223.71,222.984,222.984,36.69,8200.75428,2
2026-08-29T18:00:00+00:00,223.311,223.312,223.311,223.312,41.19,9198.18928,2
2026-08-29T19:00:00+00:00,223.744,223.757,223.744,223.757,57.69,12907.96036,2
2026-08-29T20:00:00+00:00,224.428,224.546,223.75,223.873,1106.216818240699,247891.49771,17
2026-08-29T21:00:00+00:00,223.377,223.881,223.121,223.431,950.3144710695931,212320.27782,11
2026-08-29T22:00:00+00:00,223.37,223.371,222.773,223.371,291.71031623923585,65134.24231,5
2026-08-29T23:00:00+00:00,223.758,224.069,222.942,224.069,678.3460133777472,151607.51376,12
2026-08-30T00:00:00+00:00,223.988,224.111,223.381,223.407,824.2,184375.2676,5
2026-08-30T01:00:00+00:00,223.642,223.642,222.607,222.61,523.8316324696144,116772.88314,10
2026-08-30T02:00:00+00:00,223.481,223.945,223.029,223.945,798.8010201606716,178702.18824,14
2026-08-30T03:00:00+00:00,223.511,224.067,223.185,223.445,4288.471838458642,959017.69972,17
2026-08-30T04:00:00+00:00,223.426,223.469,223.224,223.224,1100.877785771924,245898.94023,8
2026-08-30T05:00:00+00:00,223.4,224.241,223.277,223.793,2523.2843072392793,564115.3191853358,34
2026-08-30T06:00:00+00:00,223.405,224.704,223.217,224.541,699.6987807004016,156476.36017,8
2026-08-30T07:00:00+00:00,224.184,224.185,222.674,223.439,2597.9481577403444,580209.36536,20
2026-08-30T08:00:00+00:00,223.439,223.44,222.864,223.116,8670.813605753507,1936725.0289,48
2026-08-30T09:00:00+00:00,223.098,223.098,222.223,222.699,3442.866029556484,766178.19238,15
2026-08-30T10:00:00+00:00,222.082,223.201,222.082,223.201,1636.235659428049,364507.27259,18
2026-08-30T11:00:00+00:00,223.0,223.29,222.536,223.049,1500.1350848819886,334335.52635,19
2026-08-30T12:00:00+00:00,223.66,224.572,222.402,222.402,3375.5723806492274,755742.15195,32
2026-08-30T13:00:00+00:00,224.7,225.801,224.202,225.69,1056.1908789701706,237848.89536,19
2026-08-30T14:00:00+00:00,225.999,225.999,224.82,225.109,535.6960056943668,120540.19309,11
2026-08-30T15:00:00+00:00,224.7,225.197,224.018,224.018,2699.9248519412254,605712.58084,24
2026-08-30T16:00:00+00:00,224.23,228.375,223.7,228.375,2141.417678816832,481969.96137,49
2026-08-30T17:00:00+00:00,227.611,227.936,226.545,226.586,538.4389814388576,122223.70526,13
2026-08-30T18:00:00+00:00,227.315,229.188,226.817,227.831,1121.1807505638453,255932.54735964612,13
2026-08-30T19:00:00+00:00,228.275,228.275,225.659,226.033,730.6114546095149,165300.49822,12
2026-08-30T20:00:00+00:00,225.839,225.839,223.602,224.254,1825.60369675751,410529.36185,27
2026-08-30T21:00:00+00:00,222.76,223.434,221.948,223.002,1543.0417683957548,344006.31673,18
2026-08-30T22:00:00+00:00,223.618,223.618,221.842,221.842,5661.1,1262162.12682,31
2026-08-30T23:00:00+00:00,222.303,222.303,214.535,217.637,15418.079905020353,3360025.87922,127
2026-08-31T00:00:00+00:00,217.721,219.759,216.414,218.669,5680.906171920295,1240218.21206,55
2026-08-31T01:00:00+00:00,218.319,218.319,215.207,215.61,1898.2789979171648,409806.40904,17
2026-08-31T02:00:00+00:00,215.2,217.294,214.593,215.855,3934.5542645345863,851850.53613,22
2026-08-31T03:00:00+00:00,215.905,216.991,215.905,216.991,7214.471486071305,1561172.69723,34
2026-08-31T04:00:00+00:00,216.645,216.645,215.289,216.468,3525.4729062430265,762672.02923,27
2026-08-31T05:00:00+00:00,217.144,219.114,217.144,218.4,5493.617582050185,1198771.31131,27
2026-08-31T06:00:00+00:00,218.804,219.013,218.063,218.4,4306.9703931024405,941878.9873,21
2026-08-31T07:00:00+00:00,218.4,219.636,218.26,219.179,2039.9282232420915,446304.04225,22
2026-08-31T08:00:00+00:00,219.055,220.329,218.559,220.014,2168.885858203344,475954.24053,30
2026-08-31T09:00:00+00:00,219.511,220.517,219.511,220.501,3490.8460752921983,768662.78389,27
2026-08-31T10:00:00+00:00,219.351,220.381,219.22,220.381,2015.2263250726503,443174.67203,11
2026-08-31T11:00:00+00:00,220.53,220.968,219.335,219.335,3542.912768830963,781450.80949,21
2026-08-31T12:00:00+00:00,218.727,220.206,217.27,217.382,2020.00049148745,440374.3371,21
2026-08-31T13:00:00+00:00,217.795,219.253,217.68,217.714,1859.7721133042924,406367.25218,37
2026-08-31T14:00:00+00:00,218.619,220.5,217.673,219.787,5042.915978617489,1102446.13223,30
2026-08-31T15:00:00+00:00,219.946,219.946,219.0,219.392,1767.7051194118305,387816.21926,13
2026-08-31T16:00:00+00:00,219.673,220.528,219.242,220.506,3693.2827640449204,812393.20543,39
2026-08-31T17:00:00+00:00,220.158,221.729,219.541,221.03,4080.668386834473,898757.6241,49
2026-08-31T18:00:00+00:00,220.954,221.999,220.954,221.372,1122.1190622933511,248584.62596,9
2026-08-31T19:00:00+00:00,222.0,222.615,221.816,221.816,1173.1167362459626,260986.02769,9
2026-08-31T20:00:00+00:00,222.727,222.727,221.199,221.995,1116.7516415015607,247275.25645,9
2026-08-31T21:00:00+00:00,221.674,222.375,220.953,222.375,2989.246195396948,661775.13975,17
2026-08-31T22:00:00+00:00,221.581,221.581,221.013,221.345,2525.8463893921253,559009.51283,13
2026-08-31T23:00:00+00:00,220.286,220.939,220.088,220.088,4751.715291168076,1048701.82073,29
2026-09-01T00:00:00+00:00,221.233,221.859,220.972,221.358,2240.0466640559093,496268.32405,18
2026-09-01T01:00:00+00:00,221.221,221.836,219.836,220.341,928.7388178687225,204713.46539,18
2026-09-01T02:00:00+00:00,220.295,220.295,218.854,219.604,4458.0078322327445,979590.81488,23
2026-09-01T03:00:00+00:00,220.098,222.4,219.557,221.7,1209.4792533385084,266729.23083,18
2026-09-01T04:00:00+00:00,221.69,221.7,221.192,221.192,860.8089807020053,190809.1264362362,13
2026-09-01T05:00:00+00:00,221.587,223.0,220.906,223.0,5422.133531331386,1204886.95155,36
2026-09-01T06:00:00+00:00,222.495,222.71,221.82,222.43,2779.9042908541182,618263.60885,22
2026-09-01T07:00:00+00:00,221.978,222.228,221.246,221.36,5123.461957445035,1136307.78279,41
2026-09-01T08:00:00+00:00,220.97,220.97,218.226,218.778,8457.914036157545,1852909.23147,43
2026-09-01T09:00:00+00:00,218.056,219.495,218.056,219.473,2692.666154171965,590383.34561,32
2026-09-01T10:00:00+00:00,219.392,221.808,219.374,221.095,3476.890094500937,767441.40887,36
2026-09-01T11:00:00+00:00,220.844,222.467,220.76,222.467,1865.1357383869083,413508.9201,23
2026-09-01T12:00:00+00:00,221.965,221.965,219.654,219.969,3020.784185049532,665774.89187,21
2026-09-01T13:00:00+00:00,219.24,220.871,218.846,220.434,3882.1828600873014,851653.27042,30
2026-09-01T14:00:00+00:00,221.547,221.815,220.734,221.815,623.2243132614998,137878.40865,12
2026-09-01T15:00:00+00:00,221.207,221.536,218.94,221.536,2499.729928624752,550526.20314,24
2026-09-01T16:00:00+00:00,220.164,220.164,218.599,218.609,219.01,48008.66889,4
2026-09-01T17:00:00+00:00,219.879,219.941,219.282,219.282,252.04273622164388,55400.99864,4
2026-09-01T18:00:00+00:00,218.15,218.15,215.001,216.777,3024.5706176226035,654282.22122,15
2026-09-01T19:00:00+00:00,217.701,218.712,217.639,217.639,162.5602949286494,35437.75378,4
2026-09-01T20:00:00+00:00,217.46,217.669,216.194,216.612,866.9434713202636,187814.9988,11
2026-09-01T21:00:00+00:00,215.192,216.764,215.187,216.751,4345.659096038468,937154.7054908549,30
2026-09-01T22:00:00+00:00,216.661,216.711,215.034,215.424,2777.8630773028294,599443.96743,40
2026-09-01T23:00:00+00:00,215.4,217.355,215.4,217.22,1536.2698820348237,333055.51089,26
2026-09-02T00:00:00+00:00,216.989,217.056,215.068,215.486,1081.8688265808357,234090.14305,14
2026-09-02T01:00:00+00:00,215.421,215.745,213.795,213.997,2653.6437009187375,570452.76145,30
2026-09-02T02:00:00+00:00,214.43,216.039,214.264,215.708,4276.97425049124,918013.8117718325,32
2026-09-02T03:00:00+00:00,216.198,217.827,216.198,216.728,1594.6646809017313,345358.34213,20
2026-09-02T04:00:00+00:00,216.831,216.913,215.7,216.292,238.98897174643125,51725.41216,6
2026-09-02T05:00:00+00:00,215.803,216.886,215.7,216.386,9096.089598219149,1966944.85848,39
2026-09-02T06:00:00+00:00,215.867,215.867,214.549,215.681,4287.965004984844,923737.65901,18
2026-09-02T07:00:00+00:00,215.693,216.236,215.57,215.57,4158.8817773473465,897787.39262,29
2026-09-02T08:00:00+00:00,215.258,215.351,212.681,212.681,1307.4971341120263,279904.70371,25
2026-09-02T09:00:00+00:00,213.307,213.502,211.511,212.4,16007.799707963339,3392953.3685926795,109
2026-09-02T10:00:00+00:00,211.703,211.775,209.501,209.769,1087.650061979497,229199.53113,15
2026-09-02T11:00:00+00:00,210.928,211.584,210.406,211.363,2708.951530777068,571400.944,32
2026-09-02T12:00:00+00:00,211.52,212.625,211.321,211.557,1243.216173513246,263311.08549,14
2026-09-02T13:00:00+00:00,210.795,213.081,210.49,212.504,15751.972129228134,3343765.41072,84
2026-09-02T14:00:00+00:00,212.611,213.607,212.068,212.068,4843.517683549136,1030917.99553,37
2026-09-02T15:00:00+00:00,211.378,212.732,210.888,212.572,2521.970308031531,534355.1245,19
2026-09-02T16:00:00+00:00,212.511,213.088,212.511,212.849,1565.296653635766,332865.7445,5
2026-09-02T17:00:00+00:00,211.559,212.287,211.559,212.287,3746.053280316975,794116.64103,25
2026-09-02T18:00:00+00:00,212.404,212.419,212.404,212.419,3768.37,800468.43808,5
2026-09-02T19:00:00+00:00,214.0,214.0,212.926,213.839,11391.209358816679,2434952.14252,76
2026-09-02T20:00:00+00:00,214.0,214.684,213.757,213.757,3551.8830885201523,760350.01452,13
2026-09-02T21:00:00+00:00,214.721,214.721,213.706,214.569,676.8506365219234,144818.16991,11
2026-09-02T22:00:00+00:00,213.26,214.199,213.006,213.926,2294.221749905176,489315.9492372852,26
2026-09-02T23:00:00+00:00,213.958,214.821,213.919,214.821,3009.353770470962,646047.5326,20
2026-09-03T00:00:00+00:00,214.76,214.76,213.068,214.102,6724.2928015821935,1435101.4720403142,55
2026-09-03T01:00:00+00:00,212.458,216.224,212.458,215.453,2294.5274348371277,493478.53798509715,27
2026-09-03T02:00:00+00:00,214.585,216.489,214.141,216.488,2788.1989396210392,599736.8533982595,26
2026-09-03T03:00:00+00:00,216.0,217.033,215.089,215.78,5030.216455102684,1086704.37259,32
2026-09-03T04:00:00+00:00,216.21,216.21,215.106,215.974,1712.686818382923,368777.17866,17
2026-09-03T05:00:00+00:00,216.206,216.488,213.403,214.981,4821.2291460761635,1040289.64459,30
2026-09-03T06:00:00+00:00,214.893,214.899,214.893,214.899,302.47,64999.35053,3
2026-09-03T07:00:00+00:00,214.676,216.185,214.215,215.162,2640.8818410853055,567782.54716,31
2026-09-03T08:00:00+00:00,215.029,216.494,214.495,215.325,3171.816596462096,681377.80148,16
2026-09-03T09:00:00+00:00,215.009,215.009,213.207,213.207,1818.1163265676453,389331.89392,21
2026-09-03T10:00:00+00:00,213.256,213.669,212.968,212.968,2466.3956737167696,526750.58087,12
2026-09-03T11:00:00+00:00,213.5,214.394,212.986,214.394,6022.924085369765,1287123.11194,37
2026-09-03T12:00:00+00:00,214.254,216.0,213.504,216.0,5003.617237053985,1073020.7299,81
2026-09-03T13:00:00+00:00,216.119,218.734,215.3,217.09,11616.623582877373,2515405.92404,69
2026-09-03T14:00:00+00:00,216.027,225.844,216.027,225.594,12447.121671932951,2767107.87236,127
2026-09-03T15:00:00+00:00,225.942,228.44,223.894,227.269,11938.947775115172,2696373.250945242,151
2026-09-03T16:00:00+00:00,226.564,227.305,225.9,227.085,1649.4092321328997,373894.53727,25
2026-09-03T17:00:00+00:00,226.089,226.995,226.089,226.995,130.95479892262748,29698.052,4
2026-09-03T18:00:00+00:00,227.5,227.613,227.427,227.446,863.28,196379.60562,7
2026-09-03T19:00:00+00:00,228.0,229.37,228.0,229.37,593.8,135845.536,7
2026-09-03T20:00:00+00:00,228.544,230.0,228.179,230.0,1255.26,286610.49899,4
2026-09-03T21:00:00+00:00,229.244,229.982,227.925,228.361,1650.554599065913,377681.55758,19
2026-09-03T22:00:00+00:00,227.569,228.172,225.039,227.15,4963.346016800145,1125913.27776,43
2026-09-03T23:00:00+00:00,227.319,227.319,225.498,226.418,1828.3687383227568,413523.6975,23
2026-09-04T00:00:00+00:00,224.996,227.342,224.332,224.632,1307.9641448308894,295521.91235,16
2026-09-04T01:00:00+00:00,224.95,225.264,223.743,224.705,3294.1898660935835,738969.19837,51
2026-09-04T02:00:00+00:00,224.757,225.869,224.757,225.869,803.8662492917946,181069.00153,12
2026-09-04T03:00:00+00:00,226.715,226.964,225.905,226.2,7350.685705961935,1664326.58287,77
2026-09-04T04:00:00+00:00,226.075,227.932,226.075,227.035,2046.9593938024725,463420.9818,11
2026-09-04T05:00:00+00:00,227.023,227.023,226.057,226.057,5970.466450066309,1351774.0848,39
2026-09-04T06:00:00+00:00,226.057,227.122,225.504,225.666,5185.198139552855,1171189.35911,35
2026-09-04T07:00:00+00:00,226.0,227.326,225.522,226.176,3181.516327385218,719730.9349342478,35
2026-09-04T08:00:00+00:00,226.306,227.988,226.261,227.988,4352.434188464484,989138.146619618,44
2026-09-04T09:00:00+00:00,228.0,228.392,227.073,227.073,7043.315929039969,1604291.34116,43
2026-09-04T10:00:00+00:00,227.333,227.773,226.462,227.149,4738.975420226864,1076286.99829,37
2026-09-04T11:00:00+00:00,227.188,227.675,225.213,227.285,3002.216475499779,680116.75747,14
2026-09-04T12:00:00+00:00,226.912,227.156,220.0,221.722,2644.638604961078,591373.54244,30
2026-09-04T13:00:00+00:00,220.453,221.409,218.79,220.767,5592.795525266933,1233783.371142767,39
2026-09-04T14:00:00+00:00,221.02,221.02,216.355,217.477,7509.0066961803695,1631831.29771,60
2026-09-04T15:00:00+00:00,217.485,219.236,217.431,219.216,6339.714997238219,1386053.8006805459,50
2026-09-04T16:00:00+00:00,218.791,220.049,218.791,219.708,350.3024458179163,76991.93092,7
2026-09-04T17:00:00+00:00,219.391,219.391,217.407,217.701,550.3178789347132,120299.92806,13
2026-09-04T18:00:00+00:00,218.161,219.272,218.026,219.272,1301.8906674479122,283904.8809,15
2026-09-04T19:00:00+00:00,219.87,220.001,219.495,219.495,488.0154100663179,107296.5301,8
2026-09-04T20:00:00+00:00,218.818,219.139,218.742,219.139,246.7418430817573,54021.12885,5
2026-09-04T21:00:00+00:00,219.285,219.564,218.323,218.323,413.9346667031025,90417.64005,3
2026-09-04T22:00:00+00:00,218.264,218.863,218.264,218.391,342.7916424746217,74855.85559,7
2026-09-04T23:00:00+00:00,218.219,218.638,218.053,218.481,992.4863923929051,216570.36759,8
2026-09-05T00:00:00+00:00,219.004,219.227,218.213,218.903,1141.119621757612,249852.01808,19
2026-09-05T01:00:00+00:00,219.122,219.63,218.577,218.956,2093.1673908443445,458125.48408,25
2026-09-05T02:00:00+00:00,218.651,219.679,218.291,219.201,4796.026359402307,1050620.44265,26
2026-09-05T03:00:00+00:00,219.366,219.463,219.23,219.23,729.4334003447175,160013.7125,8
2026-09-05T04:00:00+00:00,219.0,219.285,218.462,219.285,2953.9158620442317,647184.45998,30
2026-09-05T05:00:00+00:00,219.083,219.307,219.03,219.118,2995.2834796364286,656507.23572,16
2026-09-05T06:00:00+00:00,219.465,222.965,219.465,220.009,4938.508561623304,1089252.18571,39
2026-09-05T07:00:00+00:00,220.063,220.369,219.958,220.363,2865.7874219805403,630745.5772,19
2026-09-05T08:00:00+00:00,220.235,220.533,219.508,220.533,2435.9212307357184,536703.11715,15
2026-09-05T09:00:00+00:00,220.31,221.183,220.008,220.648,2050.0406719487974,452116.01416,11
2026-09-05T10:00:00+00:00,220.543,220.589,219.849,220.119,2952.836401867464,650497.81785,37
2026-09-05T11:00:00+00:00,219.931,220.461,219.595,220.213,773.9916874785439,170226.93374,10
2026-09-05T12:00:00+00:00,220.344,221.887,220.263,221.88,5051.538481288062,1117752.79746,25
2026-09-05T13:00:00+00:00,221.888,222.404,221.198,221.264,4463.558780040483,990833.88739,27
2026-09-05T14:00:00+00:00,221.524,222.646,221.507,222.163,1297.4369659523493,287761.28938,20
2026-09-05T15:00:00+00:00,221.613,221.613,221.008,221.546,2721.8939616919106,602696.69557,16
2026-09-05T16:00:00+00:00,221.568,222.551,221.568,222.551,1582.5173593468464,351334.70426,9
2026-09-05T17:00:00+00:00,222.742,222.742,222.742,222.742,89.78998123389393,20000.0,1
2026-09-05T18:00:00+00:00,223.0,223.099,222.251,222.251,374.68,83541.08364,6
2026-09-05T19:00:00+00:00,222.221,222.221,222.221,222.221,0.28800158400871206,64.0,1
2026-09-05T20:00:00+00:00,222.14,222.14,222.14,222.14,100.84,22400.5976,1
2026-09-05T21:00:00+00:00,221.383,222.798,221.333,222.6,1943.2460773259015,432256.03189,13
2026-09-05T22:00:00+00:00,222.828,222.828,221.38,221.38,265.29517744628146,58809.96112,4
2026-09-05T23:00:00+00:00,221.333,221.94,220.581,221.357,4410.1214168425995,977516.90331,33
2026-09-06T00:00:00+00:00,221.299,221.891,220.914,221.811,557.3996465501965,123365.3231,7
2026-09-06T01:00:00+00:00,221.729,222.145,221.729,222.145,1031.2389711184214,228808.38073,10
2026-09-06T02:00:00+00:00,222.346,222.346,221.702,221.702,2250.1,499525.64095,21
2026-09-06T03:00:00+00:00,222.482,224.349,222.441,223.4,1134.774295091296,253113.74913,28
2026-09-06T04:00:00+00:00,223.3,223.3,222.0,222.164,1486.3440473793612,331166.06624,19
2026-09-06T05:00:00+00:00,221.996,223.25,221.975,223.25,3396.5957023216984,756300.3335,16
2026-09-06T06:00:00+00:00,223.5,224.7,222.138,222.897,3237.0942389503,723942.05883,26
2026-09-06T07:00:00+00:00,222.169,222.423,221.07,222.22,447.167384040173,99235.08925,8
2026-09-06T08:00:00+00:00,222.209,222.269,221.747,221.928,3767.0854181972118,835845.79424,26
2026-09-06T09:00:00+00:00,222.063,222.884,222.063,222.616,8178.001393754344,1820229.05158,45
2026-09-06T10:00:00+00:00,222.552,223.057,221.96,222.525,3808.419059181826,847696.63255,25
2026-09-06T11:00:00+00:00,222.883,223.274,221.994,222.623,4411.175872076194,982586.95224,25
2026-09-06T12:00:00+00:00,222.717,223.004,222.179,222.411,1392.7342767283894,309982.11924,23
2026-09-06T13:00:00+00:00,222.442,222.835,221.21,222.089,1540.5,342207.04005,28
2026-09-06T14:00:00+00:00,222.023,222.023,219.867,220.823,1549.806831725599,342722.08968,22
2026-09-06T15:00:00+00:00,220.8,221.076,219.221,221.014,2761.1721897850125,608742.50017,20
2026-09-06T16:00:00+00:00,221.228,221.727,220.953,220.953,547.152733714515,121005.54877,7
2026-09-06T17:00:00+00:00,221.246,221.246,220.698,221.0,590.4333936651584,130444.07805,7
2026-09-06T18:00:00+00:00,220.945,221.803,220.814,221.803,676.2680955622783,149558.8512,7
2026-09-06T19:00:00+00:00,221.272,221.533,220.94,220.94,473.5871107690502,104809.8638,5
2026-09-06T20:00:00+00:00,220.708,222.414,220.708,222.414,486.08848233494854,107634.37412,6
2026-09-06T21:00:00+00:00,222.813,223.268,222.621,222.621,616.6996764426608,137479.76824,10
2026-09-06T22:00:00+00:00,221.829,222.656,220.844,222.58,1118.724339760594,247735.063,7
2026-09-06T23:00:00+00:00,222.414,223.331,222.35,223.331,1907.7882388794485,424801.8575,14
2026-09-07T00:00:00+00:00,222.868,222.875,221.04,221.04,6515.324351630209,1445557.51931,49
2026-09-07T01:00:00+00:00,220.994,221.478,219.467,219.467,7886.488352672774,1738528.15207,37
2026-09-07T02:00:00+00:00,220.144,223.346,219.25,220.927,9310.635553513004,2065249.04231,63
2026-09-07T03:00:00+00:00,221.804,221.804,219.55,220.495,3203.217757378137,704757.70046,32
2026-09-07T04:00:00+00:00,219.858,220.664,219.727,220.012,623.2555512040035,137202.22905,9
2026-09-07T05:00:00+00:00,219.789,221.266,219.773,220.693,2595.0458486829984,572995.82893,23
2026-09-07T06:00:00+00:00,220.322,220.403,219.5,219.5,2582.1226292456836,568513.47095,21
2026-09-07T07:00:00+00:00,220.244,220.751,216.709,218.535,3334.0941298986572,729454.12651,37
2026-09-07T08:00:00+00:00,217.529,217.615,216.523,217.01,5040.92839043895,1093227.67846,23
2026-09-07T09:00:00+00:00,217.01,217.808,216.2,216.2,4029.455310136876,874022.91073,34
2026-09-07T10:00:00+00:00,216.2,217.477,216.2,216.75,6464.675253663729,1402927.74883,48
2026-09-07T11:00:00+00:00,216.55,217.232,216.55,217.232,5408.190022167116,1173311.77412,37
2026-09-07T12:00:00+00:00,217.653,218.698,217.4,218.698,3201.2893753029293,696007.78148,14
2026-09-07T13:00:00+00:00,218.755,218.755,217.026,217.415,1393.7894031534788,304147.54633,21
2026-09-07T14:00:00+00:00,217.435,217.435,215.283,216.548,9629.093417340551,2081033.513,48
2026-09-07T15:00:00+00:00,216.488,216.488,213.778,214.091,370.52005150576935,79472.10992,6
2026-09-07T16:00:00+00:00,214.793,215.779,214.793,215.73,881.6453868411254,189846.97169,15
2026-09-07T17:00:00+00:00,216.222,216.323,215.539,216.17,3103.85,670072.99701,11
2026-09-07T18:00:00+00:00,216.037,216.148,215.849,216.148,393.41,84992.68636,3
2026-09-07T19:00:00+00:00,215.863,215.863,215.863,215.863,12.04,2598.99052,1
2026-09-07T20:00:00+00:00,216.341,216.446,216.341,216.446,143.29006009286297,31000.0,2
2026-09-07T21:00:00+00:00,216.031,216.386,215.795,216.121,1023.7567558451053,221132.5697,8
2026-09-07T22:00:00+00:00,215.955,215.957,213.73,214.627,694.7509449650992,149512.25402,10
2026-09-07T23:00:00+00:00,215.262,215.951,214.56,215.782,2667.6691707070013,575362.72524,13
2026-09-08T00:00:00+00:00,215.145,215.806,215.145,215.806,589.3807347488602,126980.9129,7
2026-09-08T01:00:00+00:00,215.932,216.062,215.478,215.789,1942.0999852447214,418876.85253,17
2026-09-08T02:00:00+00:00,215.664,215.675,214.261,214.261,3273.5224806658634,705360.4025,11
2026-09-08T03:00:00+00:00,214.074,214.451,213.501,213.966,602.8694875631195,128960.45947,17
2026-09-08T04:00:00+00:00,214.47,214.872,214.374,214.5,421.1415766627303,90338.41241,10
2026-09-08T05:00:00+00:00,214.219,214.797,213.2,213.2,3313.641432831305,710929.41733,17
2026-09-08T06:00:00+00:00,212.761,213.279,212.593,213.279,2363.0069115025985,503005.34407,13
2026-09-08T07:00:00+00:00,213.789,214.374,213.697,213.697,1833.2064840133444,392657.61262,13
2026-09-08T08:00:00+00:00,213.857,214.948,213.857,214.825,3005.59359763842,642973.73379,16
2026-09-08T09:00:00+00:00,214.392,216.179,214.392,215.919,3206.1794669943965,690362.6386,25
2026-09-08T10:00:00+00:00,215.887,216.507,215.887,216.249,5029.62981262717,1087945.88157,19
2026-09-08T11:00:00+00:00,216.174,216.31,215.188,215.188,5337.9282140731475,1152344.35872,19
2026-09-08T12:00:00+00:00,215.185,215.531,214.268,215.531,1510.4264326552934,324533.62034,12
2026-09-08T13:00:00+00:00,215.792,216.19,214.0,216.19,4680.651917208385,1007418.3892910683,35
2026-09-08T14:00:00+00:00,216.14,218.631,216.14,218.615,4869.292175470869,1057654.2439003086,46
2026-09-08T15:00:00+00:00,217.951,221.274,216.524,221.274,7390.306760432793,1617762.10899,57
2026-09-08T16:00:00+00:00,221.274,223.698,219.997,221.843,12056.91967460054,2685962.26143,104
2026-09-08T17:00:00+00:00,221.124,221.441,220.5,220.5,4614.92,1017769.40228,23
2026-09-08T18:00:00+00:00,222.047,222.047,219.13,219.13,2107.44,464325.19503,10
2026-09-08T19:00:00+00:00,220.338,220.376,219.849,220.376,566.0,124492.76862,8
2026-09-08T20:00:00+00:00,218.626,219.597,218.038,218.383,10522.839248042155,2297365.13205,52
2026-09-08T21:00:00+00:00,218.696,218.839,218.103,218.151,417.36,91191.83803,7
2026-09-08T22:00:00+00:00,218.965,218.965,218.0,218.0,3151.725596330275,689282.92017,18
2026-09-08T23:00:00+00:00,218.0,218.681,217.338,217.79,679.9011768817834,148209.87765,23
2026-09-09T00:00:00+00:00,218.215,218.638,217.719,218.638,1278.5173283148267,278754.43277,14
2026-09-09T01:00:00+00:00,217.759,218.906,217.448,218.188,2562.3677156150716,559557.8512,19
2026-09-09T02:00:00+00:00,218.179,218.554,217.427,218.202,1315.1215022839729,286669.72009,14
2026-09-09T03:00:00+00:00,217.553,217.795,217.053,217.766,541.4956896250769,117718.28224,12
2026-09-09T04:00:00+00:00,218.169,220.63,218.169,220.63,2534.898473493486,557166.0211728804,35
2026-09-09T05:00:00+00:00,220.501,220.501,219.251,219.251,1170.308364489529,257508.39484,12
2026-09-09T06:00:00+00:00,219.325,220.652,219.325,220.603,3447.4685016192125,759793.57425,20
2026-09-09T07:00:00+00:00,220.875,221.029,220.633,221.008,2009.676905441362,443900.30936,17
2026-09-09T08:00:00+00:00,221.008,221.98,221.0,221.299,2544.584303824748,563362.546813155,32
2026-09-09T09:00:00+00:00,221.492,221.492,219.0,219.0,5596.257163666917,1233417.57736,24
2026-09-09T10:00:00+00:00,218.969,219.215,218.67,218.89,1836.2771053252723,402259.28644,12
2026-09-09T11:00:00+00:00,218.661,219.824,218.006,219.575,4474.513867960824,980517.22226,24
2026-09-09T12:00:00+00:00,219.312,221.222,219.312,221.039,3353.9403626316566,737505.16987,19
2026-09-09T13:00:00+00:00,220.415,220.572,219.0,219.711,2001.7334596307946,440640.70878,18
2026-09-09T14:00:00+00:00,219.686,219.686,218.743,219.0,1220.0891490239705,267454.81613,13
2026-09-09T15:00:00+00:00,218.0,218.0,216.831,217.873,1943.4448877685973,422884.15596,19
2026-09-09T16:00:00+00:00,217.903,218.929,217.903,218.929,2466.703072685665,537516.06988,24
2026-09-09T17:00:00+00:00,218.611,218.819,218.544,218.762,905.4380321714158,197955.69142,6
2026-09-09T18:00:00+00:00,218.305,218.305,218.305,218.305,142.0,30999.31,1
2026-09-09T19:00:00+00:00,217.406,217.406,215.428,215.428,391.68186650042713,84626.73898,12
2026-09-09T20:00:00+00:00,215.632,215.828,215.513,215.551,239.83723188479757,51722.55076,5
2026-09-09T21:00:00+00:00,215.505,215.596,214.5,214.891,3099.7989765445964,667583.34546,23
2026-09-09T22:00:00+00:00,214.0,214.114,212.3,212.3,11864.514535691394,2526445.9695,41
2026-09-09T23:00:00+00:00,213.637,214.772,213.379,214.772,2550.322812722666,546940.42652,33
2026-09-10T00:00:00+00:00,214.46,214.724,213.317,213.813,10702.501963444693,2292789.52714,30
2026-09-10T01:00:00+00:00,213.742,214.47,212.005,213.317,11113.954898794089,2373223.18862,29
2026-09-10T02:00:00+00:00,212.965,214.181,212.222,214.181,1454.2137426517393,309122.26789,12
2026-09-10T03:00:00+00:00,214.271,214.435,213.973,213.973,2315.294783768529,496229.77158,9
2026-09-10T04:00:00+00:00,213.95,214.246,213.397,214.088,4233.419319104591,905937.45872,18
2026-09-10T05:00:00+00:00,213.841,214.41,213.5,214.387,8276.282075508534,1773052.63227,26
2026-09-10T06:00:00+00:00,214.049,214.049,213.103,214.012,4448.009350508167,949161.63988,22
2026-09-10T07:00:00+00:00,213.689,213.689,212.0,212.696,10989.116693801898,2332598.86626,21
2026-09-10T08:00:00+00:00,212.708,213.072,212.649,212.703,634.6580521138394,135118.9052,6
2026-09-10T09:00:00+00:00,213.071,213.432,212.388,212.388,1929.8633981688772,411227.79938,12
2026-09-10T10:00:00+00:00,212.478,212.883,212.0,212.883,3280.1801856140028,696953.2671394261,20
2026-09-10T11:00:00+00:00,212.083,213.391,211.953,212.389,6393.242242027614,1357499.34864,26
2026-09-10T12:00:00+00:00,213.034,213.154,208.916,209.714,7696.071365654956,1618656.37023,66
2026-09-10T13:00:00+00:00,210.811,210.901,209.66,210.901,7070.616088587104,1489616.68118,24
2026-09-10T14:00:00+00:00,210.82,210.942,209.804,210.456,2422.770319327702,509833.39756,21
2026-09-10T15:00:00+00:00,209.0,209.827,208.593,208.615,1756.8646241762867,367350.24975,25
2026-09-10T16:00:00+00:00,208.5,208.631,207.615,208.016,437.42451092995924,91023.5012,12
2026-09-10T17:00:00+00:00,208.806,210.481,208.806,210.46,125.26259689547159,26234.6665,3
2026-09-10T18:00:00+00:00,208.948,208.948,208.229,208.229,178.7801973555033,37318.36309,4
2026-09-10T19:00:00+00:00,209.262,209.262,209.0,209.014,765.12,159916.55722,3
2026-09-10T20:00:00+00:00,209.896,210.025,209.664,209.664,319.1490564960728,66999.65419,4
2026-09-10T21:00:00+00:00,209.426,209.439,209.426,209.439,103.23542922082262,21621.4245,5
2026-09-10T22:00:00+00:00,208.746,209.451,208.295,208.295,870.8991250459535,181749.39267,7
2026-09-10T23:00:00+00:00,207.5,207.5,205.888,207.237,2217.4300643707447,458148.52718,19
2026-09-11T00:00:00+00:00,206.315,207.81,206.314,207.275,849.84087964968,175710.87812,8
2026-09-11T01:00:00+00:00,207.645,208.154,206.625,208.154,974.4245748706128,202247.397,12
2026-09-11T02:00:00+00:00,208.089,208.089,207.238,207.7,3694.9078551093266,766314.4077099999,21
2026-09-11T03:00:00+00:00,207.425,208.1,207.098,208.1,599.0191432072905,124391.08234,8
2026-09-11T04:00:00+00:00,207.63,208.572,207.63,208.572,242.2804004372591,50410.33404,4
2026-09-11T05:00:00+00:00,208.636,208.958,208.102,208.622,5359.96500357216,1118739.39946,30
2026-09-11T06:00:00+00:00,208.259,209.052,208.176,209.052,3873.660604405001,808253.20856,21
2026-09-11T07:00:00+00:00,209.317,210.056,208.78,208.78,6998.6061669337,1466575.93146,34
2026-09-11T08:00:00+00:00,208.673,209.944,208.673,209.131,3406.27429876509,712945.90817,20
2026-09-11T09:00:00+00:00,209.13,209.13,207.399,207.414,785.32,163856.20879,11
2026-09-11T10:00:00+00:00,207.347,207.655,205.589,205.589,1361.2694659404494,281367.20433,26
2026-09-11T11:00:00+00:00,205.5,205.5,204.23,204.699,1910.6792124876713,391014.92602,21
2026-09-11T12:00:00+00:00,205.216,209.948,204.0,209.948,5392.146418306004,1112494.05339,42
2026-09-11T13:00:00+00:00,209.902,217.467,208.437,217.467,8408.20197914486,1780180.58448,89
2026-09-11T14:00:00+00:00,217.55,219.993,213.492,214.013,9139.506830083055,1986641.83456,83
2026-09-11T15:00:00+00:00,214.224,215.991,211.361,211.85,2969.90529110426,635196.9979,23
2026-09-11T16:00:00+00:00,211.647,211.966,211.083,211.083,1462.5377166246242,309665.36036,19
2026-09-11T17:00:00+00:00,211.745,211.745,210.411,210.63,853.78,179964.51044,9
2026-09-11T18:00:00+00:00,210.21,210.21,208.307,208.307,3278.02356202565,684147.47125,21
2026-09-11T19:00:00+00:00,208.3,209.773,207.548,209.773,1399.6526276156237,291801.85638,19
2026-09-11T20:00:00+00:00,210.275,210.33,209.117,209.659,306.2182191535144,64209.06065,8
2026-09-11T21:00:00+00:00,210.0,210.0,208.622,208.64,2416.995370335718,505645.85847,9
2026-09-11T22:00:00+00:00,207.386,207.444,207.386,207.444,148.09,30714.57917,3
2026-09-11T23:00:00+00:00,208.599,208.813,208.599,208.813,798.1463321013044,166598.74317,7
2026-09-12T00:00:00+00:00,209.098,209.098,208.608,208.921,1010.175853415721,210987.59135,7
2026-09-12T01:00:00+00:00,209.479,209.682,209.479,209.682,558.2262374271406,116999.09823,8
2026-09-12T02:00:00+00:00,209.667,209.945,209.279,209.291,1258.0519922370495,263835.75369,5
2026-09-12T03:00:00+00:00,209.923,210.261,209.418,209.418,8482.156485326102,1780385.49387,36
2026-09-12T04:00:00+00:00,209.894,210.0,209.59,210.0,73.37,15397.9083,3
2026-09-12T05:00:00+00:00,209.548,210.132,208.816,210.132,6867.462766129349,1437210.5673342857,25
2026-09-12T06:00:00+00:00,209.331,210.083,209.316,209.951,8297.978236797097,1742800.38743,17
2026-09-12T07:00:00+00:00,209.495,210.454,209.428,210.454,1066.069116210102,224057.91897,11
2026-09-12T08:00:00+00:00,210.622,210.63,210.149,210.149,4553.17264339216,958070.39888,28
2026-09-12T09:00:00+00:00,210.507,210.63,210.48,210.63,1653.8370789383791,348249.74156,12
2026-09-12T10:00:00+00:00,210.63,211.402,210.629,211.0,16155.932967331748,3403171.31333,59
2026-09-12T11:00:00+00:00,211.01,211.351,210.769,211.311,1831.7384682753914,386755.26778,23
2026-09-12T12:00:00+00:00,211.304,212.147,210.453,210.453,7256.635809661139,1534065.492751468,45
2026-09-12T13:00:00+00:00,210.453,210.46,210.0,210.46,2406.992439670212,506092.30238,17
2026-09-12T14:00:00+00:00,210.502,210.819,210.271,210.77,1257.9492104824324,264878.41091,14
2026-09-12T15:00:00+00:00,210.816,210.829,210.764,210.829,520.7393668758732,109785.06868,6
2026-09-12T16:00:00+00:00,210.829,211.245,210.484,210.784,519.497670874612,109512.1046,7
2026-09-12T17:00:00+00:00,210.4,210.4,210.345,210.345,599.03094463857,126033.496,3
2026-09-12T18:00:00+00:00,210.043,210.045,209.881,209.896,617.714161867633,129710.42832,6
2026-09-12T19:00:00+00:00,209.856,209.884,209.856,209.858,283.9987650272453,59600.0,5
2026-09-12T20:00:00+00:00,210.264,210.264,210.264,210.264,35.79,7525.34856,1
2026-09-12T21:00:00+00:00,210.232,210.232,209.905,209.906,883.2473012031139,185474.76826,7
2026-09-12T22:00:00+00:00,209.9,210.408,209.703,209.905,1742.6259133680321,366050.38241,15
2026-09-12T23:00:00+00:00,209.955,210.424,209.703,209.908,901.8490888127017,189446.74705,13
2026-09-13T00:00:00+00:00,210.258,210.59,210.224,210.59,3567.0062631263036,750588.38404,17
2026-09-13T01:00:00+00:00,210.59,210.59,210.23,210.523,440.04,92642.0287,4
2026-09-13T02:00:00+00:00,210.497,210.704,210.252,210.3,524.9200897117598,110437.60298,9
2026-09-13T03:00:00+00:00,210.222,210.78,209.539,209.975,6598.086746149432,1386350.87949,31
2026-09-13T04:00:00+00:00,209.613,210.068,209.611,210.018,469.45044563740504,98483.09106,7
2026-09-13T05:00:00+00:00,209.687,210.638,209.687,210.638,151.13,31808.17133,4
2026-09-13T06:00:00+00:00,210.639,210.639,209.5,209.5,3098.6700233328447,652509.85853,15
2026-09-13T07:00:00+00:00,209.619,209.949,209.332,209.564,12719.656805499882,2667752.31239,71
2026-09-13T08:00:00+00:00,209.368,209.368,207.969,208.16,4122.490842565505,858710.19515,25
2026-09-13T09:00:00+00:00,207.96,208.328,206.721,207.027,2671.0216831732905,554816.73269,18
2026-09-13T10:00:00+00:00,207.169,207.373,206.5,206.513,3952.0169790136583,817421.65999,26
2026-09-13T11:00:00+00:00,206.234,206.732,206.223,206.43,2182.5658077385438,450796.63779,17
2026-09-13T12:00:00+00:00,206.655,208.121,206.183,206.546,2384.7547000306527,492816.62296,19
2026-09-13T13:00:00+00:00,206.561,206.923,205.5,206.654,3785.682836271233,781341.28012,24
2026-09-13T14:00:00+00:00,207.88,208.432,207.88,208.297,1612.2287193484556,335490.81901,11
2026-09-13T15:00:00+00:00,207.906,207.906,206.65,206.65,505.747909650325,104674.073,9
2026-09-13T16:00:00+00:00,207.664,207.664,207.664,207.664,2.4077355728484475,500.0,1
2026-09-13T17:00:00+00:00,208.2,208.686,208.2,208.324,96.04610951008645,20008.42418,3
2026-09-13T18:00:00+00:00,208.691,208.691,208.691,208.691,57.501281799406776,12000.0,1
2026-09-13T19:00:00+00:00,208.619,208.619,208.221,208.537,203.52428474668213,42427.74748,4
2026-09-13T20:00:00+00:00,208.366,209.511,208.366,209.511,717.6161746455172,150217.03119,7
2026-09-13T21:00:00+00:00,209.407,209.407,208.595,208.983,236.04161946396076,49341.52009,5
2026-09-13T22:00:00+00:00,207.987,207.987,205.972,206.286,365.04336220725975,75479.52656,8
2026-09-13T23:00:00+00:00,206.251,206.513,206.247,206.283,1340.6339187287629,276798.726,15
2026-09-14T00:00:00+00:00,206.298,207.644,205.511,207.178,2127.2862228805466,440009.98493,31
2026-09-14T01:00:00+00:00,207.572,208.0,206.361,208.0,1154.0783789626992,239198.36588,7
2026-09-14T02:00:00+00:00,208.0,211.601,208.0,211.355,7441.550368713168,1562916.7071342308,63
2026-09-14T03:00:00+00:00,210.866,213.159,210.866,211.416,31114.9057496275,6610896.32655,144
2026-09-14T04:00:00+00:00,211.949,212.529,211.529,212.529,7876.253831383744,1668517.6694,48
2026-09-14T05:00:00+00:00,212.348,212.81,212.22,212.22,2332.653873551305,495183.29442,18
2026-09-14T06:00:00+00:00,212.878,214.66,212.872,214.362,9563.562299593408,2041148.57236,39
2026-09-14T07:00:00+00:00,214.493,214.958,214.15,214.652,545.56,116902.37227,20
2026-09-14T08:00:00+00:00,214.071,215.0,214.071,214.229,1602.46,343919.8448,23
2026-09-14T09:00:00+00:00,214.62,218.0,214.085,217.6,11913.089012169932,2575021.00708,50
2026-09-14T10:00:00+00:00,217.16,217.75,215.785,216.607,4115.793423416631,891442.19234,24
2026-09-14T11:00:00+00:00,216.434,217.5,216.434,216.484,4277.49,929354.73575,32
2026-09-14T12:00:00+00:00,216.129,217.356,215.881,216.895,3320.9560598231496,719503.92599,28
2026-09-14T13:00:00+00:00,216.295,217.684,214.271,216.554,1953.432131335784,422344.17836,31
2026-09-14T14:00:00+00:00,217.055,217.715,216.344,216.833,3598.4304084832693,780611.46062,28
2026-09-14T15:00:00+00:00,216.79,217.0,216.065,216.854,2329.037823804895,503758.87923,18
2026-09-14T16:00:00+00:00,216.776,219.478,216.621,219.478,14375.319569688976,3142494.82673,93
2026-09-14T17:00:00+00:00,219.435,221.77,219.173,221.605,2686.0319144073364,592838.5103519865,26
2026-09-14T18:00:00+00:00,221.983,227.0,221.827,227.0,9357.29,2102699.1772,78
2026-09-14T19:00:00+00:00,225.799,226.445,224.798,225.603,6999.574502682753,1578088.8985,47
2026-09-14T20:00:00+00:00,228.0,229.808,226.407,226.407,1641.2937995981356,375651.29547161574,20
2026-09-14T21:00:00+00:00,224.019,224.841,222.633,223.0,2962.64,661344.86946,18
2026-09-14T22:00:00+00:00,223.756,223.756,221.751,221.751,1207.9792709381638,268901.51853,13
2026-09-14T23:00:00+00:00,221.02,221.02,218.576,219.71,2569.947015750019,565246.17586,21
2026-09-15T00:00:00+00:00,220.331,220.331,219.399,219.891,953.1169159649481,209265.10351,15
2026-09-15T01:00:00+00:00,219.825,220.854,218.853,220.819,13004.77981763614,2864810.20006,83
2026-09-15T02:00:00+00:00,221.206,221.732,220.617,221.019,6550.335366476156,1451203.84994,22
2026-09-15T03:00:00+00:00,220.644,220.788,218.895,218.895,3405.6663959329685,748987.67167,34
2026-09-15T04:00:00+00:00,218.848,219.707,218.659,218.659,3394.8231942972443,743746.14092,29
2026-09-15T05:00:00+00:00,219.099,219.235,217.434,218.13,4082.173565314792,890956.03977,26
2026-09-15T06:00:00+00:00,218.0,218.788,216.743,216.743,3270.4654097023517,712297.02582,27
2026-09-15T07:00:00+00:00,217.111,217.556,215.296,216.248,11001.062776083467,2371695.61864,46
2026-09-15T08:00:00+00:00,216.248,216.936,214.706,216.936,11947.758027842505,2587878.37155,62
2026-09-15T09:00:00+00:00,217.051,217.854,216.384,217.854,2216.9090342931063,481277.85515,24
2026-09-15T10:00:00+00:00,217.81,217.81,216.87,217.639,1247.6914623655832,271232.2143,13
2026-09-15T11:00:00+00:00,217.596,217.709,215.982,216.75,1381.8706492157664,299512.44322,13
2026-09-15T12:00:00+00:00,217.665,220.673,217.665,220.673,902.2950275576517,197229.24666,13
2026-09-15T13:00:00+00:00,221.02,225.586,217.039,217.864,5174.34407846789,1140330.6825588043,36
2026-09-15T14:00:00+00:00,219.446,219.492,213.0,213.843,11691.016358846744,2503473.88628,40
2026-09-15T15:00:00+00:00,214.629,216.248,214.629,215.936,2230.270310434622,481122.76055,15
2026-09-15T16:00:00+00:00,215.0,215.957,214.406,215.746,807.1586806652064,173632.89462,9
2026-09-15T17:00:00+00:00,215.0,219.408,214.435,219.408,474.62744677973035,103391.17315,8
2026-09-15T18:00:00+00:00,217.212,217.245,200.0,205.889,25541.02,5242523.46913,205
2026-09-15T19:00:00+00:00,205.57,205.57,200.972,200.972,7341.185370770481,1489286.79056,28
2026-09-15T20:00:00+00:00,200.0,200.32,196.644,198.656,2818.21491698836,560306.44256,32
2026-09-15T21:00:00+00:00,200.928,201.339,198.0,198.0,2558.97202821049,511592.01606,27
2026-09-15T22:00:00+00:00,198.658,199.999,198.0,199.999,15080.224985563042,2992468.34803,58
2026-09-15T23:00:00+00:00,200.0,201.908,199.763,199.974,13295.0555152107,2679951.25063,44
2026-09-16T00:00:00+00:00,199.214,200.593,198.867,200.379,15214.353102507685,3031338.61522,50
2026-09-16T01:00:00+00:00,200.584,200.584,198.33,198.33,2101.308982570893,418652.60344,18
2026-09-16T02:00:00+00:00,198.771,201.773,198.6,200.29,2328.556910356891,466118.1489,31
2026-09-16T03:00:00+00:00,200.871,201.898,200.654,201.5,2295.1323047468727,461891.57282,43
2026-09-16T04:00:00+00:00,201.917,203.78,201.699,202.693,2378.879275757982,483498.76944,18
2026-09-16T05:00:00+00:00,201.013,202.142,201.013,201.092,2125.470777281032,429060.91601,20
2026-09-16T06:00:00+00:00,201.267,201.691,201.05,201.108,1259.29,253490.22552,14
2026-09-16T07:00:00+00:00,200.97,200.97,199.455,199.455,5455.577273095102,1094205.65051,24
2026-09-16T08:00:00+00:00,199.219,199.508,198.274,199.508,2124.145202620731,422151.87694,22
2026-09-16T09:00:00+00:00,199.906,200.691,199.45,200.691,1992.7268134909139,398867.71048,12
2026-09-16T10:00:00+00:00,200.7,200.7,199.846,200.204,2284.35,457554.4924,15
2026-09-16T11:00:00+00:00,200.498,201.371,200.078,201.365,12395.128710751525,2485867.21478,34
2026-09-16T12:00:00+00:00,200.674,200.674,198.716,199.432,606.6315407230511,121190.36302,12
2026-09-16T13:00:00+00:00,199.0,199.0,197.5,198.577,3222.2604248858443,639403.65226,35
2026-09-16T14:00:00+00:00,197.999,198.353,196.499,196.499,12117.48644147965,2397094.10819,49
2026-09-16T15:00:00+00:00,196.965,197.312,196.381,196.6,1249.724774300698,246228.78954,18
2026-09-16T16:00:00+00:00,196.501,197.18,196.5,196.501,603.9344379673671,118796.4369,16
2026-09-16T17:00:00+00:00,196.857,196.857,194.54,196.595,4956.71,968817.69281,41
2026-09-16T18:00:00+00:00,195.582,202.0,194.5,199.92,9924.394784122205,1968157.5342,77
2026-09-16T19:00:00+00:00,201.336,203.364,199.518,203.0,981.6075480823565,197120.8322,18
2026-09-16T20:00:00+00:00,205.396,205.468,203.172,204.07,730.9307685973331,148983.91605,11
2026-09-16T21:00:00+00:00,203.555,203.558,202.155,202.155,597.5615841531626,121075.89358,8
2026-09-16T22:00:00+00:00,200.9,201.0,200.365,201.0,152.54760079641613,30639.06269,5
2026-09-16T23:00:00+00:00,201.429,203.412,200.999,203.161,4219.501860456735,855083.97368,32
2026-09-17T00:00:00+00:00,202.76,203.252,202.703,202.703,690.2415275228681,140204.3281,8
2026-09-17T01:00:00+00:00,202.033,204.148,201.61,203.745,1106.5436591519012,224636.24159,17
2026-09-17T02:00:00+00:00,201.994,203.447,201.933,203.335,1349.0549806654615,273905.93632,17
2026-09-17T03:00:00+00:00,202.91,204.077,202.91,203.546,5122.676107457613,1043821.56082,27
2026-09-17T04:00:00+00:00,202.652,202.875,202.387,202.875,768.0535050793243,155650.97259,8
2026-09-17T05:00:00+00:00,203.002,203.011,202.0,202.0,3993.5210364630066,809369.69968,23
2026-09-17T06:00:00+00:00,202.141,202.997,201.6,202.733,3768.5083213638686,763608.55832,13
2026-09-17T07:00:00+00:00,202.967,203.603,202.698,202.919,1247.3707231817057,253327.87046,12
2026-09-17T08:00:00+00:00,203.181,203.407,202.611,202.881,5406.22834822709,1096541.02406,44
2026-09-17T09:00:00+00:00,203.868,203.868,202.313,202.313,2426.0604933668264,493777.22063,18
2026-09-17T10:00:00+00:00,201.827,201.922,201.6,201.919,893.8159372430939,180349.37866,8
2026-09-17T11:00:00+00:00,202.236,202.456,201.698,201.823,5229.2366791872455,1057579.69135,32
2026-09-17T12:00:00+00:00,203.248,204.487,202.578,203.111,11855.737142172673,2412265.8804,56
2026-09-17T13:00:00+00:00,203.59,203.59,201.949,202.973,4494.50568573952,913746.09321,23
2026-09-17T14:00:00+00:00,203.153,205.648,202.18,202.18,10024.821996282346,2043119.51323,81
2026-09-17T15:00:00+00:00,201.82,203.111,201.327,202.75,18005.07,3632858.13551,54
2026-09-17T16:00:00+00:00,203.689,203.689,202.849,202.849,2467.681947992074,500942.8427,8
2026-09-17T17:00:00+00:00,204.123,204.245,202.762,203.215,12393.91,2519771.75496,68
2026-09-17T18:00:00+00:00,202.262,202.842,202.262,202.842,79.29945474803048,16067.86,2
2026-09-17T19:00:00+00:00,201.992,202.24,201.992,202.24,301.7746202531646,60963.47402,5
2026-09-17T20:00:00+00:00,202.167,202.423,202.065,202.423,1975.86,399856.69199,10
2026-09-17T21:00:00+00:00,202.298,202.298,201.376,201.75,293.3577654101686,59223.56894,7
2026-09-17T22:00:00+00:00,201.537,202.056,200.408,202.056,4801.551106244617,964611.51325,34
2026-09-17T23:00:00+00:00,201.58,202.512,201.58,202.512,426.7005009543576,86317.28446,5
2026-09-18T00:00:00+00:00,202.49,202.51,202.011,202.321,561.8435352103221,113707.27109,11
2026-09-18T01:00:00+00:00,203.225,203.813,202.824,203.493,707.8216483071878,143933.09537,7
2026-09-18T02:00:00+00:00,203.373,204.745,203.035,204.69,2899.7586871731532,590674.53471,19
2026-09-18T03:00:00+00:00,204.499,208.672,204.035,208.156,4135.070552926184,853940.25332,45
2026-09-18T04:00:00+00:00,208.279,208.279,206.537,207.649,2724.412090638436,563959.52411,22
2026-09-18T05:00:00+00:00,207.476,208.287,206.587,206.587,2394.102141324254,496444.94155,22
2026-09-18T06:00:00+00:00,207.5,207.941,205.669,207.352,8564.135811593016,1772842.25023,56
2026-09-18T07:00:00+00:00,208.0,209.275,207.631,209.275,2470.5965357378195,515406.06562075496,35
2026-09-18T08:00:00+00:00,209.37,210.832,208.994,210.68,16555.74557571033,3471006.16603,93
2026-09-18T09:00:00+00:00,211.0,211.613,209.982,210.79,1526.2232757873462,321284.81474,21
2026-09-18T10:00:00+00:00,210.746,211.269,210.456,210.6,6541.366706186659,1378474.49923,45
2026-09-18T11:00:00+00:00,208.8,209.239,208.054,209.239,2557.323640970902,533410.41999,29
2026-09-18T12:00:00+00:00,208.345,209.514,208.345,208.969,3160.896228647843,659531.13906,26
2026-09-18T13:00:00+00:00,208.881,216.828,208.239,214.665,6576.203150547469,1405128.53098,61
2026-09-18T14:00:00+00:00,214.953,220.464,214.953,220.464,7143.168699249541,1560540.4291565837,107
2026-09-18T15:00:00+00:00,220.398,220.678,214.931,217.298,6399.974455588647,1389119.7854874532,78
2026-09-18T16:00:00+00:00,216.243,217.898,216.243,217.898,1855.6656218046976,402543.06642,16
2026-09-18T17:00:00+00:00,216.0,219.313,215.001,218.088,19876.558874030634,4293007.07621,105
2026-09-18T18:00:00+00:00,217.797,217.981,217.713,217.713,147.89608934698433,32199.7681,3
2026-09-18T19:00:00+00:00,219.0,220.023,219.0,220.023,12315.720935228741,2700111.62593,31
2026-09-18T20:00:00+00:00,220.999,221.698,218.937,219.446,7218.707555755894,1584706.04978,53
2026-09-18T21:00:00+00:00,219.686,220.248,218.906,219.23,2883.081600292483,632733.49199,26
2026-09-18T22:00:00+00:00,219.843,220.0,218.345,219.489,1435.37,314338.9427,15
2026-09-18T23:00:00+00:00,219.734,219.734,218.542,218.977,1387.640085248643,303927.06558,25
2026-09-19T00:00:00+00:00,219.051,222.192,219.051,220.841,6235.690460115586,1372357.6758105457,81
2026-09-19T01:00:00+00:00,219.855,221.496,218.313,220.733,2735.8833361568268,602379.97057,53
2026-09-19T02:00:00+00:00,220.631,223.21,220.631,221.502,13174.180594271065,2918212.51943,149
2026-09-19T03:00:00+00:00,221.511,221.88,220.571,220.929,4217.065115625382,933904.61734,30
2026-09-19T04:00:00+00:00,223.355,223.356,220.8,221.285,3378.44,748006.76878,17
2026-09-19T05:00:00+00:00,222.018,224.751,221.597,223.599,3623.985655774068,811291.1255841964,40
2026-09-19T06:00:00+00:00,222.303,223.55,222.122,223.006,981.67,218755.95874,15
2026-09-19T07:00:00+00:00,222.693,222.693,220.921,220.921,1203.62,266692.58258,28
2026-09-19T08:00:00+00:00,221.0,222.165,221.0,221.906,2863.4427088875386,635853.21339,18
2026-09-19T09:00:00+00:00,221.413,222.362,220.791,221.65,12595.226093129211,2792947.49605,64
2026-09-19T10:00:00+00:00,221.121,222.814,221.121,222.454,1157.3588442134208,257157.7676,18
2026-09-19T11:00:00+00:00,222.599,224.853,222.599,224.853,3397.3064978812677,760173.78485,25
2026-09-19T12:00:00+00:00,224.853,224.853,223.616,224.367,14374.971184739525,3220087.9956,63
2026-09-19T13:00:00+00:00,224.368,226.796,224.3,224.852,28825.50708210062,6489780.330707862,223
2026-09-19T14:00:00+00:00,225.69,227.121,224.609,225.482,11651.105544172651,2642964.1114,86
2026-09-19T15:00:00+00:00,224.849,225.239,223.402,224.396,1504.5180542386308,337886.48896,24
2026-09-19T16:00:00+00:00,223.565,224.856,223.4,224.856,1487.732769035177,332765.88882,13
2026-09-19T17:00:00+00:00,224.637,225.067,223.035,223.035,23079.20476341649,5158246.35309,120
2026-09-19T18:00:00+00:00,223.912,223.912,223.0,223.638,1372.26,306348.56773,14
2026-09-19T19:00:00+00:00,223.883,223.932,223.636,223.676,549.2851795476471,122934.71429,10
2026-09-19T20:00:00+00:00,224.105,224.187,223.927,223.927,8079.07692769496,1809917.28465,20
2026-09-19T21:00:00+00:00,223.0,223.0,220.4,220.572,5227.441564358942,1164103.02989,37
2026-09-19T22:00:00+00:00,221.072,221.994,219.069,221.994,4044.528007525704,889580.11356,33
2026-09-19T23:00:00+00:00,220.889,221.508,220.861,220.861,1101.13,243447.30517,15
2026-09-20T00:00:00+00:00,220.542,220.798,220.025,220.474,1242.47,274143.30171,21
2026-09-20T01:00:00+00:00,219.942,219.942,219.0,219.0,1227.9527765924468,269687.1034,15
2026-09-20T02:00:00+00:00,220.0,220.0,215.0,215.0,5154.43,1120670.27394,29
2026-09-20T03:00:00+00:00,214.692,220.0,214.688,216.961,21188.15641727634,4596729.39056,104
2026-09-20T04:00:00+00:00,216.901,217.205,216.226,216.297,2582.4611932523912,559997.20253,19
2026-09-20T05:00:00+00:00,216.821,217.139,216.596,216.945,482.23503036608963,104565.51679,9
2026-09-20T06:00:00+00:00,216.732,216.9,216.271,216.355,2330.81,504610.9888,28
2026-09-20T07:00:00+00:00,216.617,217.38,216.26,216.599,11768.690983245644,2552106.98088,63
2026-09-20T08:00:00+00:00,216.672,216.956,216.0,216.204,1959.1910558794173,423794.29502,22
2026-09-20T09:00:00+00:00,216.516,217.513,216.48,217.252,815.87,176857.9708,6
2026-09-20T10:00:00+00:00,216.488,218.693,215.822,216.086,4518.544154567507,977908.7342539513,22
2026-09-20T11:00:00+00:00,216.01,216.58,215.761,215.761,4304.345203684535,929584.35421,21
2026-09-20T12:00:00+00:00,216.411,216.947,215.87,216.286,2633.6843239660957,569965.13356,18
2026-09-20T13:00:00+00:00,216.664,216.78,215.667,216.359,2136.630125036924,461772.22083,27
2026-09-20T14:00:00+00:00,217.0,217.0,215.864,216.496,745.503247939078,161317.06195,37
2026-09-20T15:00:00+00:00,217.333,217.333,217.333,217.333,28.49,6191.81717,1
2026-09-20T16:00:00+00:00,218.0,222.032,218.0,221.257,11244.42,2470471.99574,71
2026-09-20T17:00:00+00:00,221.606,221.739,219.6,219.6,3476.3710807008038,765063.30777,30
2026-09-20T18:00:00+00:00,219.6,219.6,219.113,219.6,8565.24,1880912.75095,52
2026-09-20T19:00:00+00:00,220.0,221.06,220.0,221.06,2582.26,568113.68618,17
2026-09-20T20:00:00+00:00,221.175,221.213,220.112,220.112,347.3296690169617,76752.13132,7
2026-09-20T21:00:00+00:00,220.3,220.3,218.102,220.037,6281.280161364397,1377860.73725,50
2026-09-20T22:00:00+00:00,220.1,221.531,219.821,221.531,1129.1553066217084,249085.8225,14
2026-09-20T23:00:00+00:00,221.481,222.0,221.346,221.624,2868.200142490025,635764.99378,18
2026-09-21T00:00:00+00:00,222.0,224.0,222.0,223.459,17760.362413993455,3955320.94804,95
2026-09-21T01:00:00+00:00,223.419,224.5,220.24,220.912,12893.727487464106,2869210.1119,104
2026-09-21T02:00:00+00:00,221.062,224.0,221.0,221.999,22212.983269788772,4939783.17468,74
2026-09-21T03:00:00+00:00,221.995,223.745,221.995,223.334,2407.8129860922973,537370.84935,23
2026-09-21T04:00:00+00:00,223.494,223.495,222.291,222.853,2217.8603692367556,494018.02381,25
2026-09-21T05:00:00+00:00,222.853,224.856,222.853,224.178,39109.516937216125,8764458.52722,270
2026-09-21T06:00:00+00:00,224.24,225.932,223.86,225.482,11547.905279521898,2596137.2037,90
2026-09-21T07:00:00+00:00,225.959,226.5,225.662,226.23,3510.356908881005,792973.97395,27
2026-09-21T08:00:00+00:00,226.5,233.277,226.422,231.87,22761.588194810556,5234364.70806,162
2026-09-21T09:00:00+00:00,231.0,232.847,230.57,231.6,9989.907498267341,2311812.92636,63
2026-09-21T10:00:00+00:00,230.818,233.871,230.818,233.0,15390.749699570815,3584377.1178,112
2026-09-21T11:00:00+00:00,232.999,235.095,232.896,233.359,6233.727043202844,1460514.644924834,63
2026-09-21T12:00:00+00:00,233.711,235.058,229.5,234.004,12415.930695866862,2887001.83248,52
2026-09-21T13:00:00+00:00,233.658,235.523,231.5,234.697,5799.432935966191,1353099.44725,62
2026-09-21T14:00:00+00:00,234.236,237.059,231.973,236.066,4502.957081293399,1059296.17614,41
2026-09-21T15:00:00+00:00,236.193,236.765,233.602,236.197,877.3546456388514,206453.21064,16
2026-09-21T16:00:00+00:00,235.9,235.9,233.511,233.764,192.41639678932137,45000.0,3
2026-09-21T17:00:00+00:00,234.589,235.658,234.589,235.658,34.00551102752012,8000.0,2
2026-09-21T18:00:00+00:00,236.0,237.5,236.0,237.5,111.18789473684211,26355.35496,3
2026-09-21T19:00:00+00:00,237.5,237.5,237.5,237.5,0.0,0.0,0
2026-09-21T20:00:00+00:00,237.0,240.0,237.0,240.0,4800.240404919428,1148341.26207,62
2026-09-21T21:00:00+00:00,239.707,243.961,238.555,243.961,5801.643888441486,1402569.48753,44
2026-09-21T22:00:00+00:00,245.114,247.03,242.543,244.593,11283.534269162588,2762767.1622,83
2026-09-21T23:00:00+00:00,246.421,246.608,240.357,241.876,4215.029276100637,1022157.6015664407,65
2026-09-22T00:00:00+00:00,241.678,241.678,239.522,240.747,3292.1928927848717,792451.90854,25
2026-09-22T01:00:00+00:00,238.555,238.797,236.558,237.42,6052.046098950669,1437911.84476,42
2026-09-22T02:00:00+00:00,238.009,239.68,236.932,239.052,1880.3605825598286,449236.7577,22
2026-09-22T03:00:00+00:00,238.01,239.243,237.802,238.0,4518.991210510106,1075652.44144,37
2026-09-22T04:00:00+00:00,238.0,239.356,237.728,237.771,14304.70745548883,3406631.42022,86
2026-09-22T05:00:00+00:00,237.494,238.849,235.087,238.849,4927.462037636255,1167855.50627,25
2026-09-22T06:00:00+00:00,238.646,239.986,238.553,239.986,745.0908642144417,178173.86357808288,23
2026-09-22T07:00:00+00:00,239.381,240.0,237.939,239.545,1922.73,459187.64728,16
2026-09-22T08:00:00+00:00,240.0,244.017,238.925,243.362,3480.2660509373954,835328.50858,41
2026-09-22T09:00:00+00:00,240.263,242.101,240.263,241.837,1232.3143022949098,297472.21956,13
2026-09-22T10:00:00+00:00,240.0,240.921,239.654,240.169,3846.4910743400233,924153.7177,27
2026-09-22T11:00:00+00:00,240.522,241.835,240.522,241.835,1062.520337763135,256347.98472,13
2026-09-22T12:00:00+00:00,241.722,242.713,240.985,242.493,2033.3212148123678,491669.55833,25
2026-09-22T13:00:00+00:00,242.512,250.82,242.184,250.026,14205.01712147516,3529110.94349,126
2026-09-22T14:00:00+00:00,249.106,249.106,241.086,244.552,4251.17706983884,1043731.98098,49
2026-09-22T15:00:00+00:00,246.209,248.793,244.0,247.122,9015.945422152701,2222041.77846,48
2026-09-22T16:00:00+00:00,247.238,247.238,244.066,245.703,489.5910286595994,119957.8981,6
2026-09-22T17:00:00+00:00,246.181,247.527,246.0,246.715,1609.786020260375,396646.49875,13
2026-09-22T18:00:00+00:00,246.63,249.429,246.629,248.383,8045.7144731320195,1993823.8769,78
2026-09-22T19:00:00+00:00,250.049,252.5,248.0,248.571,6947.008670378834,1740479.39921,87
2026-09-22T20:00:00+00:00,248.87,249.289,246.784,246.784,1436.030626508688,355611.24884,21
2026-09-22T21:00:00+00:00,247.338,247.893,247.241,247.241,3045.0093936018966,753166.88198,13
2026-09-22T22:00:00+00:00,244.999,247.354,244.999,247.354,625.9677586074159,154462.40775,6
2026-09-22T23:00:00+00:00,249.0,249.0,246.817,247.15,876.9978929835938,217427.80087,11
2026-09-23T00:00:00+00:00,249.741,249.78,248.487,249.282,1220.8114547965333,304466.71499,10
2026-09-23T01:00:00+00:00,249.443,251.999,248.042,250.237,24528.35686079041,6168262.31193,181
2026-09-23T02:00:00+00:00,249.198,252.11,248.001,252.11,10682.283372958052,2677603.55898,123
2026-09-23T03:00:00+00:00,252.076,255.371,250.476,255.371,5753.089071054385,1450871.69708,50
2026-09-23T04:00:00+00:00,254.9,261.047,254.838,260.032,24165.342517358004,6226615.20988,158
2026-09-23T05:00:00+00:00,258.534,260.888,253.49,254.398,11278.585100035016,2883010.83539,54
2026-09-23T06:00:00+00:00,254.257,257.283,254.257,257.283,2361.9586117232775,605696.93375,27
2026-09-23T07:00:00+00:00,256.784,256.916,255.329,255.329,4607.37,1178761.86391,41
2026-09-23T08:00:00+00:00,255.328,255.328,251.1,251.77,27818.507263918316,7078386.97089,120
2026-09-23T09:00:00+00:00,252.924,253.197,251.393,251.537,3645.518758645286,921669.5826,35
2026-09-23T10:00:00+00:00,252.285,252.306,249.829,251.218,1349.0090516106516,338976.03318,25
2026-09-23T11:00:00+00:00,251.198,251.72,247.618,248.819,7322.361233195242,1827928.51836,61
2026-09-23T12:00:00+00:00,248.195,248.43,246.337,247.49,3175.27920939026,784206.69329,34
2026-09-23T13:00:00+00:00,246.34,250.0,246.15,249.472,1703.1921442774303,423318.25157,21
2026-09-23T14:00:00+00:00,249.526,250.0,239.416,241.112,10978.685425949423,2659302.49472,111
2026-09-23T15:00:00+00:00,242.393,242.912,238.976,238.976,2813.8195194901214,676248.53266,28
2026-09-23T16:00:00+00:00,237.022,239.68,235.896,239.438,735.0131199937914,175449.48526,23
2026-09-23T17:00:00+00:00,237.338,238.731,235.984,237.94,1506.9119851132086,357999.53587,36
2026-09-23T18:00:00+00:00,236.248,237.037,235.344,237.037,2071.5751819336224,488238.31566,17
2026-09-23T19:00:00+00:00,236.803,237.885,235.852,236.186,1020.6340757525832,241852.23457,16
2026-09-23T20:00:00+00:00,236.375,236.375,234.746,236.023,946.42,222557.99354,16
2026-09-23T21:00:00+00:00,235.774,237.831,235.001,237.831,2762.719805423253,653470.09303,20
2026-09-23T22:00:00+00:00,237.916,239.456,237.203,238.2,12807.367836687128,3058371.52617,91
2026-09-23T23:00:00+00:00,238.0,238.446,237.45,237.537,5322.084405154734,1267236.99178,34
2026-09-24T00:00:00+00:00,238.022,239.098,236.76,238.097,3563.2883870900405,850104.7903,45
2026-09-24T01:00:00+00:00,237.95,237.951,235.053,235.2,1466.9137036208879,346428.84015,56
2026-09-24T02:00:00+00:00,235.2,237.785,234.755,237.785,2242.1296598130043,528663.64754,20
2026-09-24T03:00:00+00:00,238.059,238.059,235.792,236.253,1389.5081643342091,328769.23998,21
2026-09-24T04:00:00+00:00,235.611,236.514,235.314,236.514,2751.3859574486078,649867.81836,18
2026-09-24T05:00:00+00:00,239.0,239.552,238.574,238.804,3628.0553141153664,867830.8843,29
2026-09-24T06:00:00+00:00,238.359,239.523,237.771,238.606,2055.243138268985,490991.19626,22
2026-09-24T07:00:00+00:00,237.138,239.599,237.136,238.901,2500.12,598047.01383,14
2026-09-24T08:00:00+00:00,238.91,238.911,234.325,234.569,5569.448873323668,1316804.29376,43
2026-09-24T09:00:00+00:00,235.041,235.041,231.048,231.489,12887.93209694853,3005454.99969,75
2026-09-24T10:00:00+00:00,231.489,232.719,231.0,232.306,4280.3753030482185,993873.75826,24
2026-09-24T11:00:00+00:00,234.13,234.37,233.153,233.552,1395.986206057797,326219.67365,14
2026-09-24T12:00:00+00:00,233.591,234.5,233.149,234.5,8343.25508640573,1953441.81469,58
2026-09-24T13:00:00+00:00,234.499,239.716,234.499,238.296,2979.9233869820964,705736.64543,32
2026-09-24T14:00:00+00:00,238.3,241.826,237.24,237.24,4122.637394468958,988667.03211,36
2026-09-24T15:00:00+00:00,237.865,241.138,237.635,241.138,3796.4458059613767,908483.67653,22
2026-09-24T16:00:00+00:00,241.82,244.137,241.82,243.802,3626.4964788131006,881221.28612,30
2026-09-24T17:00:00+00:00,243.695,245.0,243.208,243.208,736.6244897959184,179957.07315,17
2026-09-24T18:00:00+00:00,243.422,244.629,243.303,243.822,688.6882278470664,167738.05756,7
2026-09-24T19:00:00+00:00,243.252,243.442,242.836,242.836,68.88800556754353,16759.92554,3
2026-09-24T20:00:00+00:00,242.58,243.873,242.294,243.873,746.62425581325,181512.59922,9
2026-09-24T21:00:00+00:00,244.037,245.955,243.691,244.856,2909.3671469693304,712660.52501,29
2026-09-24T22:00:00+00:00,244.068,244.349,243.119,243.451,2348.8131501763364,572824.7168,17
2026-09-24T23:00:00+00:00,244.091,244.163,243.591,243.591,513.3056887583091,125099.116,10
2026-09-25T00:00:00+00:00,244.979,246.76,244.979,245.003,6065.720378977229,1489793.26681,34
2026-09-25T01:00:00+00:00,245.0,246.677,243.63,244.71,3270.28380510928,801124.96012,39
2026-09-25T02:00:00+00:00,244.869,246.171,242.56,242.56,3959.0379263770074,965838.14635,25
2026-09-25T03:00:00+00:00,242.176,243.2,242.055,242.055,5866.450862815836,1421402.51106,17
2026-09-25T04:00:00+00:00,243.121,244.498,242.551,242.966,1837.2513609971902,446240.20003,19
2026-09-25T05:00:00+00:00,243.516,243.735,242.225,242.225,5117.642676592468,1244496.95978,25
2026-09-25T06:00:00+00:00,242.101,242.595,241.319,242.374,932.393265817456,225502.39764,19
2026-09-25T07:00:00+00:00,242.477,243.476,241.286,242.673,3575.9514207443644,867013.43551,30
2026-09-25T08:00:00+00:00,242.99,245.227,242.99,243.912,2562.3471611737473,626023.68865,22
2026-09-25T09:00:00+00:00,244.991,252.23,244.556,246.625,11387.355753084701,2813606.2946,73
2026-09-25T10:00:00+00:00,245.571,245.617,244.771,245.286,857.041420688925,210192.28056,9
2026-09-25T11:00:00+00:00,246.301,252.237,246.301,251.775,7696.793137635575,1927221.53857,37
2026-09-25T12:00:00+00:00,251.95,256.0,249.91,253.125,10297.870147725862,2609282.5742447847,84
2026-09-25T13:00:00+00:00,252.094,252.198,248.422,250.203,9594.240177482825,2404023.66822,50
2026-09-25T14:00:00+00:00,249.191,251.793,246.856,247.463,3300.5852726371395,819829.35585,40
2026-09-25T15:00:00+00:00,249.864,250.965,246.0,246.0,1458.4704953799571,363211.17259,23
2026-09-25T16:00:00+00:00,247.83,249.461,246.001,246.351,11071.346442195547,2740678.34524,63
2026-09-25T17:00:00+00:00,247.252,247.252,245.0,245.883,471.999636559397,116239.75034,11
2026-09-25T18:00:00+00:00,247.358,247.358,247.358,247.358,23.0,5689.234,1
2026-09-25T19:00:00+00:00,246.669,247.418,246.669,247.057,740.7021241888789,182939.12318,12
2026-09-25T20:00:00+00:00,246.887,247.106,246.887,247.0,248.58936456419514,61400.0,6
2026-09-25T21:00:00+00:00,245.95,245.959,245.0,245.0,1141.75,280006.11007,13
2026-09-25T22:00:00+00:00,245.0,246.366,245.0,246.15,2229.749955269802,547035.31503,23
2026-09-25T23:00:00+00:00,246.805,247.447,246.619,246.788,2397.0207710555806,591567.32862,21
2026-09-26T00:00:00+00:00,246.52,246.696,244.578,246.342,943.9741403100871,231829.88514,16
2026-09-26T01:00:00+00:00,246.744,248.415,246.744,248.181,4817.74,1189082.90332,30
2026-09-26T02:00:00+00:00,248.212,248.212,246.153,246.607,1448.8163474491294,358322.88438,20
2026-09-26T03:00:00+00:00,246.164,246.308,245.601,245.993,2264.9671968207604,556946.4021,15
2026-09-26T04:00:00+00:00,245.775,245.985,244.519,245.678,3606.7356238700218,884545.48248,26
2026-09-26T05:00:00+00:00,245.0,245.171,243.991,244.463,577.1351928522214,141048.58332,12
2026-09-26T06:00:00+00:00,244.46,244.942,244.001,244.068,5273.192345297238,1289754.2529,24
2026-09-26T07:00:00+00:00,244.068,245.024,244.068,245.024,4197.461325143029,1026919.60557,34
2026-09-26T08:00:00+00:00,244.851,245.074,244.0,244.481,6089.635381528591,1488994.15699,33
2026-09-26T09:00:00+00:00,244.101,244.101,242.547,242.901,724.3529896443113,176236.83837,13
2026-09-26T10:00:00+00:00,243.207,244.209,243.207,244.047,1321.8536155860575,322131.89326,25
2026-09-26T11:00:00+00:00,244.335,244.335,243.603,244.021,1423.5203867879877,347356.19105,15
2026-09-26T12:00:00+00:00,243.235,244.082,242.938,242.976,2080.4658134404995,506625.22001,17
2026-09-26T13:00:00+00:00,243.592,243.914,242.244,243.177,667.930477767467,162331.72768,9
2026-09-26T14:00:00+00:00,243.009,243.831,242.616,243.831,691.9099818631356,168106.3886,10
2026-09-26T15:00:00+00:00,243.263,244.683,243.21,244.683,1075.5479244482551,262427.07689,9
2026-09-26T16:00:00+00:00,244.068,244.153,243.307,243.822,563.737796261207,137474.06809,7
2026-09-26T17:00:00+00:00,242.941,243.015,241.984,241.984,404.47453564681877,98156.94714,9
2026-09-26T18:00:00+00:00,241.91,241.91,240.0,240.0,12975.38,3124771.5056,60
2026-09-26T19:00:00+00:00,240.182,240.391,240.161,240.353,373.7843052947885,89797.3696,5
2026-09-26T20:00:00+00:00,240.004,240.004,237.407,237.407,639.92,152749.64441,17
2026-09-26T21:00:00+00:00,237.407,237.407,237.407,237.407,0.0,0.0,0
2026-09-26T22:00:00+00:00,240.511,240.512,240.07,240.07,612.8849825318238,147262.60712,5
2026-09-26T23:00:00+00:00,240.734,241.188,240.734,241.032,1903.1466779777509,458753.74941,18
2026-09-27T00:00:00+00:00,240.891,240.891,239.308,239.308,628.6209547597673,150662.59623,11
2026-09-27T01:00:00+00:00,239.317,240.452,239.042,240.017,929.4729612054489,222941.13926,11
2026-09-27T02:00:00+00:00,240.017,240.762,239.827,240.287,1635.9156699146874,392566.47493,19
2026-09-27T03:00:00+00:00,239.11,239.11,238.837,239.084,139.826526703191,33400.62759,4
2026-09-27T04:00:00+00:00,239.007,239.007,237.594,237.594,786.92,187260.73802,13
2026-09-27T05:00:00+00:00,238.767,239.73,238.405,239.655,451.4181192131888,107855.50254,9
2026-09-27T06:00:00+00:00,238.996,240.11,238.996,239.926,148.105421421605,35474.0174,6
2026-09-27T07:00:00+00:00,239.99,241.633,239.99,241.633,593.8323394009328,143049.61858,10
2026-09-27T08:00:00+00:00,242.0,242.463,242.0,242.324,1301.354139672895,315482.30218,18
2026-09-27T09:00:00+00:00,241.808,243.2,240.955,242.542,2295.767915625,555564.88735,22
2026-09-27T10:00:00+00:00,242.691,243.182,242.26,242.483,2985.9065423456836,724081.03552,17
2026-09-27T11:00:00+00:00,241.716,242.199,241.715,242.01,239.7214605382749,57965.17255,5
2026-09-27T12:00:00+00:00,242.495,243.166,242.495,243.166,1032.1289036409448,250790.05274,12
2026-09-27T13:00:00+00:00,240.976,241.865,240.149,240.547,983.4794565582306,236813.49583,15
2026-09-27T14:00:00+00:00,241.138,241.431,239.0,239.017,3832.044466034037,917048.96612,13
2026-09-27T15:00:00+00:00,239.254,239.274,237.939,239.203,3609.3725836662493,860900.87575,29
2026-09-27T16:00:00+00:00,239.497,240.111,239.248,239.519,8810.607368109204,2110173.33082,25
2026-09-27T17:00:00+00:00,239.8,240.103,239.48,239.508,1408.6612185669703,338007.076,10
2026-09-27T18:00:00+00:00,240.821,242.347,240.821,242.347,373.82,90468.45638,5
2026-09-27T19:00:00+00:00,241.552,241.552,241.203,241.203,216.88588541601888,52339.9957,5
2026-09-27T20:00:00+00:00,241.202,241.202,240.166,240.166,1297.3601004493098,312638.33476,14
2026-09-27T21:00:00+00:00,239.767,240.27,239.767,240.069,614.5995310624837,147552.44939,9
2026-09-27T22:00:00+00:00,239.383,239.383,237.199,238.246,9908.186450817944,2359189.0241,29
2026-09-27T23:00:00+00:00,238.678,239.809,238.236,239.809,1433.6271986535867,342443.35091,12
2026-09-28T00:00:00+00:00,238.993,242.329,238.993,240.0,1205.0321536443867,289849.25685,17
2026-09-28T01:00:00+00:00,238.888,240.217,237.378,238.272,2076.7270812640236,495989.22089,20
2026-09-28T02:00:00+00:00,237.588,239.227,236.631,236.641,1102.5070673220398,261993.98003,16
2026-09-28T03:00:00+00:00,236.749,237.304,235.0,235.951,4734.302033066235,1119283.7017,32
2026-09-28T04:00:00+00:00,235.491,237.112,234.98,236.72,76212.80580015958,18044636.38572,105
2026-09-28T05:00:00+00:00,236.72,237.56,233.0,234.063,149348.84678835206,35338035.3944,223
2026-09-28T06:00:00+00:00,234.784,234.784,232.701,233.289,3971.1639235572693,926900.62374,37
2026-09-28T07:00:00+00:00,233.579,234.689,231.804,231.804,1902.8344029088632,442869.84997,30
2026-09-28T08:00:00+00:00,232.1,233.253,231.001,233.018,5099.509928334455,1184023.21109,42
2026-09-28T09:00:00+00:00,231.778,233.89,231.078,233.166,7319.877194456435,1700157.32883,25
2026-09-28T10:00:00+00:00,233.475,235.157,233.475,234.828,1970.6939106205652,461721.60811,18
2026-09-28T11:00:00+00:00,234.02,235.293,233.844,234.536,4173.732556533958,979213.33362,34
2026-09-28T12:00:00+00:00,234.501,240.316,234.444,239.934,11246.281461291599,2678769.31379,39
2026-09-28T13:00:00+00:00,238.721,241.042,238.721,239.869,2846.3932705479924,682841.05714,22
2026-09-28T14:00:00+00:00,238.309,238.5,232.9,234.494,12658.438473004706,2982150.50481,38
2026-09-28T15:00:00+00:00,234.602,235.809,233.319,235.608,2521.23,591833.50943,24
2026-09-28T16:00:00+00:00,235.261,238.692,235.261,236.239,2520.982474086186,596269.19775,18
2026-09-28T17:00:00+00:00,235.422,238.883,235.422,237.497,2016.7183401514683,476504.44311,9
2026-09-28T18:00:00+00:00,236.774,237.738,236.668,237.738,2361.734783935655,559834.02684,14
2026-09-28T19:00:00+00:00,237.738,237.738,233.895,234.132,1602.5238112668237,378589.48232,9
2026-09-28T20:00:00+00:00,235.482,235.482,235.122,235.422,719.792952480946,169371.6599,5
2026-09-28T21:00:00+00:00,235.108,235.108,235.108,235.108,71.03118566786328,16700.0,1
2026-09-28T22:00:00+00:00,234.138,235.387,233.426,235.387,455.9098548719131,106571.40091,8
2026-09-28T23:00:00+00:00,236.234,236.234,234.844,235.965,771.6623311451024,181717.18234,15
2026-09-29T00:00:00+00:00,236.211,236.36,234.956,234.967,1050.16,247945.15731,13
2026-09-29T01:00:00+00:00,233.533,233.533,231.022,232.964,5831.119897138077,1353345.62642,45
2026-09-29T02:00:00+00:00,233.148,233.828,231.56,233.226,335001.8491696208,77988383.16784,463
2026-09-29T03:00:00+00:00,233.226,235.252,233.0,234.56,75535.16422558652,17630470.48156,121
2026-09-29T04:00:00+00:00,235.1,235.1,234.298,234.904,3388.722305051465,795778.54071,21
2026-09-29T05:00:00+00:00,234.42,235.54,232.487,235.533,6594.860156196313,1545348.80391,23
2026-09-29T06:00:00+00:00,235.685,237.455,235.685,237.455,2951.393440208413,699397.19585,30
2026-09-29T07:00:00+00:00,237.212,237.841,237.212,237.841,889.9425161064986,211361.3982,9
2026-09-29T08:00:00+00:00,237.92,238.28,236.509,236.78,3404.1175909641006,807028.11473,24
2026-09-29T09:00:00+00:00,236.633,238.5,236.492,238.5,4612.082283154739,1092400.94149,26
2026-09-29T10:00:00+00:00,238.617,238.78,236.731,237.703,3314.527147212114,788954.69896,30
2026-09-29T11:00:00+00:00,237.756,239.309,236.988,238.381,18704.79238101219,4453487.1177,84
2026-09-29T12:00:00+00:00,238.362,244.758,238.133,243.916,63263.0438296064,15397677.21441,204
2026-09-29T13:00:00+00:00,243.425,245.5,243.08,244.615,3851.5660369987127,942557.09665,28
2026-09-29T14:00:00+00:00,244.331,245.324,244.107,244.643,1220.9193892101569,298653.23058,16
2026-09-29T15:00:00+00:00,243.123,243.123,238.5,239.379,20086.181675860476,4801977.26645,29
2026-09-29T16:00:00+00:00,239.261,240.179,234.0,234.0,5203.227922120347,1230682.27508,24
2026-09-29T17:00:00+00:00,234.535,234.535,233.687,234.215,1792.9152696881292,419232.11826,7
2026-09-29T18:00:00+00:00,234.321,236.429,234.321,236.429,855.737889173077,201359.113,7
2026-09-29T19:00:00+00:00,236.311,236.311,235.174,235.485,305.05242717557024,71813.63382,9
2026-09-29T20:00:00+00:00,235.01,235.01,235.01,235.01,60.61,14243.9561,1
2026-09-29T21:00:00+00:00,235.988,235.988,235.249,235.318,980.3962617486848,231040.84223,7
2026-09-29T22:00:00+00:00,236.0,236.0,235.372,235.372,1000.1963315490334,235850.928,11
2026-09-29T23:00:00+00:00,235.732,236.431,234.55,235.142,2322.882318948411,548023.23942,20
2026-09-30T00:00:00+00:00,235.26,235.26,234.406,235.012,1992.9405213616146,467740.47192,17
2026-09-30T01:00:00+00:00,235.022,235.894,234.677,235.362,5741.569043089077,1350354.46462,21
2026-09-30T02:00:00+00:00,235.383,235.704,234.484,235.232,3137.9171350148795,738829.71274,16
2026-09-30T03:00:00+00:00,235.416,235.772,233.867,234.773,5669.3737733309,1332499.586,38
2026-09-30T04:00:00+00:00,234.73,235.645,234.73,235.454,3144.1166480405996,740499.52181,14
2026-09-30T05:00:00+00:00,235.597,236.923,235.191,236.744,1296.8371126849847,306583.6105,13
2026-09-30T06:00:00+00:00,236.147,236.156,235.399,235.399,2964.415763737533,698810.23132,11
2026-09-30T07:00:00+00:00,235.097,236.605,234.033,236.514,2903.7876247976255,684748.22157,29
2026-09-30T08:00:00+00:00,235.293,236.018,235.08,235.812,2010.6352800996572,473474.11802,15
2026-09-30T09:00:00+00:00,235.375,238.091,235.375,237.263,33215.8109484159,7878660.23559,159
2026-09-30T10:00:00+00:00,237.226,237.875,236.457,237.854,11531.946952862547,2733379.8039,42
2026-09-30T11:00:00+00:00,237.783,238.9,236.769,238.242,1906.009744930371,453681.94976,15
2026-09-30T12:00:00+00:00,238.0,241.529,236.766,241.2,8138.209955853735,1949014.23946,48
2026-09-30T13:00:00+00:00,241.016,241.311,237.327,238.352,2867.334659880327,687944.84953,34
2026-09-30T14:00:00+00:00,238.303,238.425,234.68,234.847,7800.519226090068,1838504.24491,47
2026-09-30T15:00:00+00:00,235.577,237.131,234.68,236.713,4122.280459760404,970136.93316,27
2026-09-30T16:00:00+00:00,237.534,238.0,237.534,237.762,629.4371940977119,149672.60404,7
2026-09-30T17:00:00+00:00,237.275,237.837,235.886,235.939,888.4914248636885,210624.18279,19
2026-09-30T18:00:00+00:00,236.0,236.214,234.68,235.682,2675.104784873074,630876.11802,30
2026-09-30T19:00:00+00:00,235.631,235.803,234.68,235.142,8434.7,1979978.03537,31
2026-09-30T20:00:00+00:00,235.002,235.162,234.481,235.162,359.69238771570235,84444.93559,4
2026-09-30T21:00:00+00:00,235.117,235.119,234.167,234.167,1060.1212267977046,248946.02093,22
2026-09-30T22:00:00+00:00,234.694,235.15,234.0,235.15,660.5063307461797,154861.2335,6
2026-09-30T23:00:00+00:00,234.902,235.052,234.542,234.729,261.12075880211466,61280.86496,7
2026-10-01T00:00:00+00:00,234.719,235.631,234.639,235.206,2970.481838581986,698405.87714,31
2026-10-01T01:00:00+00:00,235.988,236.576,235.272,235.744,6830.536534317631,1612500.03986,31
2026-10-01T02:00:00+00:00,235.617,236.482,235.035,236.42,4489.685815204024,1058689.8103,49
2026-10-01T03:00:00+00:00,236.189,237.798,236.172,237.734,1477.7984011310073,349913.92357,41
2026-10-01T04:00:00+00:00,237.734,238.999,237.326,238.546,6612.496121961559,1573750.14003,52
2026-10-01T05:00:00+00:00,238.829,239.0,238.3,239.0,7904.73,1887398.88972,33
2026-10-01T06:00:00+00:00,238.7,239.0,238.107,238.107,5154.657798834788,1229094.99201,54
2026-10-01T07:00:00+00:00,238.509,238.655,234.752,236.072,1649.3600468921097,390027.77804,22
2026-10-01T08:00:00+00:00,236.241,236.266,234.454,235.865,2708.6985402126566,637268.60078,40
2026-10-01T09:00:00+00:00,236.16,236.844,235.992,236.393,2402.6430459673747,567784.40727,24
2026-10-01T10:00:00+00:00,235.411,236.496,234.655,236.496,2941.5759761904146,692201.91505,25
2026-10-01T11:00:00+00:00,236.262,236.638,235.651,236.469,5276.289106053367,1246492.46266,41
2026-10-01T12:00:00+00:00,236.529,236.529,235.199,235.199,4003.2616937210605,945048.22586,41
2026-10-01T13:00:00+00:00,235.572,236.046,234.0,236.046,1389.1370730228798,326327.19639,15
2026-10-01T14:00:00+00:00,234.7,235.389,233.586,233.707,2688.839884161759,630807.53249,24
2026-10-01T15:00:00+00:00,234.58,235.513,232.0,234.814,21605.16151981029,5044451.45466,52
