timestamp,open,high,low,close,volume,quote_volume,count
2026-09-09T09:45:00+00:00,219.0,219.0,219.0,219.0,3.0,657.0,1
2026-09-09T10:00:00+00:00,218.969,219.086,218.969,219.086,1369.45,299999.7227,6
2026-09-09T10:15:00+00:00,219.17,219.215,219.17,219.194,323.9273733549255,71000.97714,3
2026-09-09T10:30:00+00:00,218.67,218.67,218.67,218.67,97.66,21355.3122,1
2026-09-09T10:45:00+00:00,218.931,218.931,218.89,218.89,45.239731970346824,9903.2744,2
2026-09-09T11:00:00+00:00,218.661,218.662,218.006,218.006,786.47,171635.02866,3
2026-09-09T11:15:00+00:00,218.2,218.709,218.2,218.562,282.3685426214482,61680.18992,4
2026-09-09T11:30:00+00:00,218.564,218.982,218.564,218.69,823.31,180078.37143,7
2026-09-09T11:45:00+00:00,218.803,219.824,218.803,219.575,2582.3653253393763,567123.63225,10
2026-09-09T12:00:00+00:00,219.312,219.762,219.312,219.762,2588.557849674991,568770.09404,8
2026-09-09T12:15:00+00:00,219.788,220.118,219.788,220.118,191.37251295666564,42095.79208,3
2026-09-09T12:30:00+00:00,220.371,220.371,220.371,220.371,200.0,44074.2,2
2026-09-09T12:45:00+00:00,220.371,221.222,220.371,221.039,374.01,82565.08375,6
2026-09-09T13:00:00+00:00,220.415,220.415,220.415,220.415,22.68,4999.0122,1
2026-09-09T13:15:00+00:00,220.378,220.378,220.214,220.214,110.63,24378.67482,2
2026-09-09T13:30:00+00:00,220.415,220.572,219.0,219.0,1584.7161206718897,348979.6571,11
2026-09-09T13:45:00+00:00,219.447,219.711,219.036,219.711,283.7073389589051,62283.36466,4
2026-09-09T14:00:00+00:00,219.686,219.686,218.743,218.743,630.3491490239705,138354.0,8
2026-09-09T14:15:00+00:00,218.888,218.888,218.869,218.887,473.8,103700.58341,3
2026-09-09T14:30:00+00:00,218.887,218.887,218.887,218.887,0.0,0.0,0
2026-09-09T14:45:00+00:00,219.588,219.588,219.0,219.0,115.94,25400.23272,2
2026-09-09T15:00:00+00:00,218.0,218.0,218.0,218.0,402.0,87636.0,3
2026-09-09T15:15:00+00:00,217.007,217.698,216.831,217.698,1166.9848877685972,253653.03238,13
2026-09-09T15:30:00+00:00,217.964,217.964,217.873,217.873,374.46,81595.12358,3
2026-09-09T15:45:00+00:00,217.873,217.873,217.873,217.873,0.0,0.0,0
2026-09-09T16:00:00+00:00,217.873,217.873,217.873,217.873,0.0,0.0,0
2026-09-09T16:15:00+00:00,217.873,217.873,217.873,217.873,0.0,0.0,0
2026-09-09T16:30:00+00:00,217.903,218.929,217.903,218.929,2466.703072685665,537516.06988,24
2026-09-09T16:45:00+00:00,218.929,218.929,218.929,218.929,0.0,0.0,0
2026-09-09T17:00:00+00:00,218.611,218.819,218.611,218.819,100.62667882851345,22000.0,2
2026-09-09T17:15:00+00:00,218.544,218.643,218.544,218.643,803.44,175655.69142,3
2026-09-09T17:30:00+00:00,218.762,218.762,218.762,218.762,1.3713533429023321,300.0,1
2026-09-09T17:45:00+00:00,218.762,218.762,218.762,218.762,0.0,0.0,0
2026-09-09T18:00:00+00:00,218.762,218.762,218.762,218.762,0.0,0.0,0
2026-09-09T18:15:00+00:00,218.305,218.305,218.305,218.305,142.0,30999.31,1
2026-09-09T18:30:00+00:00,218.305,218.305,218.305,218.305,0.0,0.0,0
2026-09-09T18:45:00+00:00,218.305,218.305,218.305,218.305,0.0,0.0,0
2026-09-09T19:00:00+00:00,218.305,218.305,218.305,218.305,0.0,0.0,0
2026-09-09T19:15:00+00:00,218.305,218.305,218.305,218.305,0.0,0.0,0
2026-09-09T19:30:00+00:00,217.406,217.406,216.915,216.915,92.12,20014.11498,3
2026-09-09T19:45:00+00:00,216.555,216.555,215.428,215.428,299.56186650042713,64612.624,9
2026-09-09T20:00:00+00:00,215.632,215.632,215.632,215.632,44.0,9487.808,1
2026-09-09T20:15:00+00:00,215.827,215.828,215.827,215.828,92.67,20000.74276,2
2026-09-09T20:30:00+00:00,215.828,215.828,215.828,215.828,0.0,0.0,0
2026-09-09T20:45:00+00:00,215.513,215.551,215.513,215.551,103.16723188479756,22234.0,2
2026-09-09T21:00:00+00:00,215.505,215.596,215.505,215.596,155.16813484480232,33442.4635,3
2026-09-09T21:15:00+00:00,215.181,215.182,215.181,215.182,13.941729765969777,3000.0,2
2026-09-09T21:30:00+00:00,215.375,215.547,215.133,215.192,2460.009111933824,530000.47248,10
2026-09-09T21:45:00+00:00,215.0,215.0,214.5,214.891,470.68,101140.40948,8
2026-09-09T22:00:00+00:00,214.0,214.0,212.495,212.495,8728.93,1856023.11,22
2026-09-09T22:15:00+00:00,213.661,214.114,213.661,214.114,2336.9668319947687,500004.0,12
2026-09-09T22:30:00+00:00,214.018,214.018,213.835,213.835,140.21502911123062,29999.9821,2
2026-09-09T22:45:00+00:00,213.61,213.61,212.3,212.3,658.4026745853952,140418.8774,5
2026-09-09T23:00:00+00:00,213.637,213.637,213.637,213.637,46.813052046227945,10001.0,1
2026-09-09T23:15:00+00:00,213.379,213.805,213.379,213.805,4.96,1058.46634,2
2026-09-09T23:30:00+00:00,214.317,214.578,213.919,214.578,2050.33,439698.8642,19
2026-09-09T23:45:00+00:00,214.3,214.772,214.3,214.772,448.2197606764383,96182.09598,11
2026-09-10T00:00:00+00:00,214.46,214.46,214.46,214.46,47.73,10236.1758,1
2026-09-10T00:15:00+00:00,214.724,214.724,213.941,214.259,363.5,77964.00845,6
2026-09-10T00:30:00+00:00,214.476,214.501,213.602,213.802,9677.64,2073304.94789,12
2026-09-10T00:45:00+00:00,213.369,214.315,213.317,213.813,613.6319634446924,131284.395,11
2026-09-10T01:00:00+00:00,213.742,214.47,213.742,214.313,1632.91391374295,349837.49362,6
2026-09-10T01:15:00+00:00,214.158,214.158,213.683,213.685,5364.01,1146253.52194,8
2026-09-10T01:30:00+00:00,213.1,213.317,212.005,213.317,4117.0309850511385,877132.17306,15
2026-09-10T01:45:00+00:00,213.317,213.317,213.317,213.317,0.0,0.0,0
2026-09-10T02:00:00+00:00,212.965,212.965,212.222,212.222,507.94,107819.48089,4
2026-09-10T02:15:00+00:00,212.787,212.986,212.67,212.986,941.1838618500747,200212.787,6
2026-09-10T02:30:00+00:00,212.986,212.986,212.986,212.986,0.0,0.0,0
2026-09-10T02:45:00+00:00,214.15,214.181,214.15,214.181,5.08988080166458,1090.0,2
2026-09-10T03:00:00+00:00,214.271,214.435,214.271,214.435,775.6911763864434,166214.435,4
2026-09-10T03:15:00+00:00,214.394,214.394,214.394,214.394,93.2861927106169,20000.0,1
2026-09-10T03:30:00+00:00,214.375,214.427,213.973,213.973,1446.317414671469,310015.33658,4
2026-09-10T03:45:00+00:00,213.973,213.973,213.973,213.973,0.0,0.0,0
2026-09-10T04:00:00+00:00,213.95,214.072,213.397,214.072,3082.8621517993947,659552.96977,11
2026-09-10T04:15:00+00:00,213.866,213.866,213.619,213.619,103.54804082930433,22137.48895,2
2026-09-10T04:30:00+00:00,214.245,214.246,214.088,214.088,1047.009126475892,224247.0,5
2026-09-10T04:45:00+00:00,214.088,214.088,214.088,214.088,0.0,0.0,0
2026-09-10T05:00:00+00:00,213.841,214.002,213.5,213.665,1519.011043354735,324891.56035,8
2026-09-10T05:15:00+00:00,213.892,214.027,213.835,214.027,209.35,44798.00725,3
2026-09-10T05:30:00+00:00,214.1,214.157,214.1,214.157,144.3723086800805,30913.62946,3
2026-09-10T05:45:00+00:00,214.017,214.41,214.017,214.387,6403.548723473718,1372449.43521,12
2026-09-10T06:00:00+00:00,214.049,214.049,214.023,214.023,23.354790045929644,4998.82649,2
2026-09-10T06:15:00+00:00,213.187,213.224,213.103,213.224,370.3045604622369,78943.29541,8
2026-09-10T06:30:00+00:00,213.4,213.4,213.384,213.392,3842.79,820001.4856,9
2026-09-10T06:45:00+00:00,213.518,214.012,213.518,214.012,211.56,45218.03238,3
2026-09-10T07:00:00+00:00,213.689,213.689,213.249,213.278,1441.9890941976423,307562.37086,8
2026-09-10T07:15:00+00:00,213.0,213.0,212.5,212.5,1700.38,361405.697,4
2026-09-10T07:30:00+00:00,212.0,212.14,212.0,212.14,7673.46,1626799.9184,6
2026-09-10T07:45:00+00:00,212.519,212.696,212.505,212.696,173.28759960425626,36830.88,3
2026-09-10T08:00:00+00:00,212.708,213.072,212.649,213.072,428.4480521138395,91255.31957,4
2026-09-10T08:15:00+00:00,213.072,213.072,213.072,213.072,0.0,0.0,0
2026-09-10T08:30:00+00:00,213.072,213.072,213.072,213.072,0.0,0.0,0
2026-09-10T08:45:00+00:00,212.724,212.724,212.703,212.703,206.21,43863.58563,2
2026-09-10T09:00:00+00:00,213.071,213.137,213.071,213.137,1745.5117430572825,372001.71509,7
2026-09-10T09:15:00+00:00,213.182,213.432,212.871,212.871,89.31165511159479,19040.72877,4
2026-09-10T09:30:00+00:00,212.871,212.871,212.871,212.871,0.0,0.0,0
2026-09-10T09:45:00+00:00,212.388,212.388,212.388,212.388,95.04,20185.35552,1
2026-09-10T10:00:00+00:00,212.478,212.659,212.478,212.659,162.2923592089534,34500.57895,2
2026-09-10T10:15:00+00:00,212.482,212.72,212.482,212.692,294.2714050131305,62546.47214942612,7
2026-09-10T10:30:00+00:00,212.633,212.74,212.0,212.403,2682.736421391919,569915.259,10
2026-09-10T10:45:00+00:00,212.883,212.883,212.883,212.883,140.88,29990.95704,1
2026-09-10T11:00:00+00:00,212.083,212.729,211.953,212.729,5230.042221177356,1109945.02566,15
2026-09-10T11:15:00+00:00,213.045,213.045,213.045,213.045,46.94,10000.3323,1
2026-09-10T11:30:00+00:00,213.349,213.391,212.954,212.954,335.92,71642.57297,5
2026-09-10T11:45:00+00:00,212.965,212.965,212.389,212.389,780.3400208502585,165911.41771,5
2026-09-10T12:00:00+00:00,213.034,213.034,212.789,212.789,176.20146155073837,37534.57577,6
2026-09-10T12:15:00+00:00,212.787,212.968,212.787,212.905,1409.64705458097,300000.2957,5
2026-09-10T12:30:00+00:00,213.154,213.154,211.5,211.5,560.08,119205.99455,9
2026-09-10T12:45:00+00:00,211.0,211.0,208.916,209.714,5550.142849523248,1161915.50421,46
2026-09-10T13:00:00+00:00,210.811,210.811,210.147,210.147,777.6882991297106,163901.43595,6
2026-09-10T13:15:00+00:00,209.766,209.766,209.721,209.721,71.93961389295227,15087.69617,3
2026-09-10T13:30:00+00:00,209.66,210.618,209.66,210.618,3186.9929141359985,670996.87453,9
2026-09-10T13:45:00+00:00,210.571,210.901,210.315,210.901,3033.9952614284425,639630.67453,6
2026-09-10T14:00:00+00:00,210.82,210.942,210.139,210.139,806.0812383498782,169851.26157,7
2026-09-10T14:15:00+00:00,209.975,210.59,209.975,210.59,242.9472735705926,51067.2,3
2026-09-10T14:30:00+00:00,210.669,210.744,209.804,209.804,1344.044388469306,282664.93599,10
2026-09-10T14:45:00+00:00,210.456,210.456,210.456,210.456,29.697418937925267,6250.0,1
2026-09-10T15:00:00+00:00,209.0,209.827,208.823,209.826,971.9,203570.59067,11
2026-09-10T15:15:00+00:00,208.875,209.114,208.638,209.114,12.844624176286619,2682.35864,4
2026-09-10T15:30:00+00:00,209.103,209.103,209.103,209.103,37.78,7899.91134,1
2026-09-10T15:45:00+00:00,208.7,208.7,208.593,208.615,734.34,153197.3891,9
2026-09-10T16:00:00+00:00,208.5,208.63,208.5,208.63,81.58702008340124,17015.0,2
2026-09-10T16:15:00+00:00,208.0,208.631,208.0,208.631,21.897827743719773,4565.6,2
2026-09-10T16:30:00+00:00,208.0,208.1,207.615,208.016,333.93966310283827,69442.9012,8
2026-09-10T16:45:00+00:00,208.016,208.016,208.016,208.016,0.0,0.0,0
2026-09-10T17:00:00+00:00,208.806,208.806,208.806,208.806,77.75,16234.6665,1
2026-09-10T17:15:00+00:00,208.806,208.806,208.806,208.806,0.0,0.0,0
2026-09-10T17:30:00+00:00,208.806,208.806,208.806,208.806,0.0,0.0,0
2026-09-10T17:45:00+00:00,210.481,210.481,210.46,210.46,47.51259689547158,10000.0,2
2026-09-10T18:00:00+00:00,210.46,210.46,210.46,210.46,0.0,0.0,0
2026-09-10T18:15:00+00:00,208.948,208.948,208.811,208.811,110.1101973555033,23000.74456,2
2026-09-10T18:30:00+00:00,208.608,208.608,208.229,208.229,68.67,14317.61853,2
2026-09-10T18:45:00+00:00,208.229,208.229,208.229,208.229,0.0,0.0,0
2026-09-10T19:00:00+00:00,209.262,209.262,209.262,209.262,11.94,2498.58828,1
2026-09-10T19:15:00+00:00,209.262,209.262,209.262,209.262,0.0,0.0,0
2026-09-10T19:30:00+00:00,209.262,209.262,209.262,209.262,0.0,0.0,0
2026-09-10T19:45:00+00:00,209.0,209.014,209.0,209.014,753.18,157417.96894,2
2026-09-10T20:00:00+00:00,209.014,209.014,209.014,209.014,0.0,0.0,0
2026-09-10T20:15:00+00:00,209.896,209.976,209.896,209.976,171.45905649607278,36000.0,2
2026-09-10T20:30:00+00:00,210.025,210.025,209.664,209.664,147.69,30999.65419,2
2026-09-10T20:45:00+00:00,209.664,209.664,209.664,209.664,0.0,0.0,0
2026-09-10T21:00:00+00:00,209.664,209.664,209.664,209.664,0.0,0.0,0
2026-09-10T21:15:00+00:00,209.426,209.426,209.426,209.426,7.735429220822629,1620.0,4
2026-09-10T21:30:00+00:00,209.426,209.426,209.426,209.426,0.0,0.0,0
2026-09-10T21:45:00+00:00,209.439,209.439,209.439,209.439,95.5,20001.4245,1
2026-09-10T22:00:00+00:00,208.746,209.451,208.534,209.451,801.2891250459535,167249.97772,6
2026-09-10T22:15:00+00:00,209.451,209.451,209.451,209.451,0.0,0.0,0
2026-09-10T22:30:00+00:00,208.295,208.295,208.295,208.295,69.61,14499.41495,1
2026-09-10T22:45:00+00:00,208.295,208.295,208.295,208.295,0.0,0.0,0
2026-09-10T23:00:00+00:00,207.5,207.5,206.5,206.5,516.2,106805.2786,7
2026-09-10T23:15:00+00:00,206.0,206.993,205.888,206.993,1264.67,260923.32436,7
2026-09-10T23:30:00+00:00,206.981,206.993,206.969,206.969,204.38,42303.92422,3
2026-09-10T23:45:00+00:00,207.235,207.237,207.235,207.237,232.18006437074462,48116.0,2
2026-09-11T00:00:00+00:00,206.315,207.81,206.314,207.356,698.54087964968,144350.17062,7
2026-09-11T00:15:00+00:00,207.356,207.356,207.356,207.356,0.0,0.0,0
2026-09-11T00:30:00+00:00,207.356,207.356,207.356,207.356,0.0,0.0,0
2026-09-11T00:45:00+00:00,207.275,207.275,207.275,207.275,151.3,31360.7075,1
2026-09-11T01:00:00+00:00,207.645,207.645,207.645,207.645,148.52,30839.4354,2
2026-09-11T01:15:00+00:00,207.63,207.63,207.63,207.63,96.33,20000.9979,1
2026-09-11T01:30:00+00:00,207.07,207.495,206.625,206.937,369.1745748706128,76406.8621,5
2026-09-11T01:45:00+00:00,208.03,208.154,208.03,208.154,360.4,75000.1016,4
2026-09-11T02:00:00+00:00,208.089,208.089,208.089,208.089,18.053381629975636,3756.71013,2
2026-09-11T02:15:00+00:00,207.451,207.451,207.451,207.451,928.24,192564.31624,2
2026-09-11T02:30:00+00:00,207.238,207.586,207.238,207.586,2276.8872856262096,471993.57234,15
2026-09-11T02:45:00+00:00,207.955,207.955,207.7,207.7,471.7271878531413,97999.809,2
2026-09-11T03:00:00+00:00,207.425,207.425,207.425,207.425,97.14334940339882,20149.95925,2
2026-09-11T03:15:00+00:00,207.483,207.483,207.448,207.448,281.777917289956,58456.78249,3
2026-09-11T03:30:00+00:00,207.489,208.1,207.098,208.1,220.0978765139357,45784.3406,3
2026-09-11T03:45:00+00:00,208.1,208.1,208.1,208.1,0.0,0.0,0
2026-09-11T04:00:00+00:00,207.63,207.63,207.63,207.63,100.0,20763.0,1
2026-09-11T04:15:00+00:00,208.491,208.491,208.491,208.491,99.44,20732.34504,1
2026-09-11T04:30:00+00:00,208.051,208.051,208.051,208.051,39.0,8113.989,1
2026-09-11T04:45:00+00:00,208.572,208.572,208.572,208.572,3.840400437259076,801.0,1
2026-09-11T05:00:00+00:00,208.636,208.94,208.61,208.638,2948.930322580645,615715.72108,11
2026-09-11T05:15:00+00:00,208.651,208.958,208.45,208.958,1661.2151738776358,346798.79556,10
2026-09-11T05:30:00+00:00,208.512,208.512,208.5,208.5,191.92,40016.47104,2
2026-09-11T05:45:00+00:00,208.634,208.634,208.102,208.622,557.8995071138786,116208.41178,7
2026-09-11T06:00:00+00:00,208.259,208.986,208.176,208.986,3490.530604405001,728165.99924,18
2026-09-11T06:15:00+00:00,208.983,208.983,208.983,208.983,95.7,19999.6731,1
2026-09-11T06:30:00+00:00,208.385,209.052,208.385,209.052,287.43,60087.53622,2
2026-09-11T06:45:00+00:00,209.052,209.052,209.052,209.052,0.0,0.0,0
2026-09-11T07:00:00+00:00,209.317,209.978,209.317,209.978,216.0,45312.11392,6
2026-09-11T07:15:00+00:00,209.379,210.056,209.35,209.978,1813.07,380358.88115,11
2026-09-11T07:30:00+00:00,209.712,209.712,209.372,209.434,4882.1961669337,1022643.19873,15
2026-09-11T07:45:00+00:00,209.249,209.249,208.78,208.78,87.34,18261.73766,2
2026-09-11T08:00:00+00:00,208.673,209.022,208.673,208.957,314.8352458639816,65791.98696,3
2026-09-11T08:15:00+00:00,208.882,209.49,208.882,209.49,188.8,39498.29424,3
2026-09-11T08:30:00+00:00,209.941,209.944,209.412,209.414,561.3090529011082,117674.21404,6
2026-09-11T08:45:00+00:00,209.413,209.413,208.855,209.131,2341.33,489981.41293,8
2026-09-11T09:00:00+00:00,209.13,209.13,208.979,208.979,339.51,70987.28013,5
2026-09-11T09:15:00+00:00,208.905,208.906,208.862,208.862,263.3,55002.19895,3
2026-09-11T09:30:00+00:00,207.613,207.613,207.613,207.613,66.23,13750.20899,1
2026-09-11T09:45:00+00:00,207.399,207.414,207.399,207.414,116.28,24116.52072,2
2026-09-11T10:00:00+00:00,207.347,207.655,207.347,207.449,218.33504458905762,45303.50192,4
2026-09-11T10:15:00+00:00,207.349,207.349,207.005,207.005,113.43786702612503,23498.79605,2
2026-09-11T10:30:00+00:00,207.004,207.005,206.196,206.252,423.74316211369984,87657.81154,11
2026-09-11T10:45:00+00:00,206.528,206.528,205.589,205.589,605.7533922115668,124907.09482,9
2026-09-11T11:00:00+00:00,205.5,205.5,204.359,204.359,455.75127219325293,93332.8,11
2026-09-11T11:15:00+00:00,204.306,204.306,204.23,204.23,0.2,40.8536,2
2026-09-11T11:30:00+00:00,204.401,204.403,204.4,204.403,987.2679402944184,201798.7288,5
2026-09-11T11:45:00+00:00,205.031,205.032,204.699,204.699,467.46,95842.54362,3
2026-09-11T12:00:00+00:00,205.216,205.216,204.264,204.264,197.55,40447.2256,3
2026-09-11T12:15:00+00:00,204.998,206.0,204.221,206.0,3187.63,654093.24106,15
2026-09-11T12:30:00+00:00,204.58,209.689,204.0,209.689,1816.23,377923.70247,20
2026-09-11T12:45:00+00:00,209.35,209.948,209.35,209.948,190.73641830600408,40029.88426,4
2026-09-11T13:00:00+00:00,209.902,209.902,208.963,209.355,784.87,164380.89511,15
2026-09-11T13:15:00+00:00,209.573,210.202,209.041,209.146,3462.5507849375776,724810.59388,30
2026-09-11T13:30:00+00:00,208.437,210.28,208.437,210.28,592.8245548792087,124527.6058,6
2026-09-11T13:45:00+00:00,211.0,217.467,211.0,217.467,3567.9566393280747,766461.48969,38
2026-09-11T14:00:00+00:00,217.55,219.993,214.475,214.498,8372.16,1821744.0679,65
2026-09-11T14:15:00+00:00,214.553,215.422,214.39,215.422,700.0018548709046,150462.85855,12
2026-09-11T14:30:00+00:00,214.823,214.823,213.492,214.453,38.6549752121514,8294.87514,5
2026-09-11T14:45:00+00:00,214.013,214.013,214.013,214.013,28.69,6140.03297,1
2026-09-11T15:00:00+00:00,214.224,214.419,213.607,213.666,1929.4667226318563,413389.9128,9
2026-09-11T15:15:00+00:00,213.597,214.634,213.143,214.634,118.78856847240364,25421.47024,4
2026-09-11T15:30:00+00:00,215.0,215.991,215.0,215.991,304.96,65816.95036,6
2026-09-11T15:45:00+00:00,212.0,212.0,211.361,211.85,616.69,130568.6645,4
2026-09-11T16:00:00+00:00,211.85,211.85,211.85,211.85,0.0,0.0,0
2026-09-11T16:15:00+00:00,211.647,211.832,211.647,211.813,540.4084845048595,114458.51298,8
2026-09-11T16:30:00+00:00,211.966,211.966,211.083,211.083,922.1292321197648,195206.84738,11
2026-09-11T16:45:00+00:00,211.083,211.083,211.083,211.083,0.0,0.0,0
2026-09-11T17:00:00+00:00,211.745,211.745,211.083,211.083,104.48,22120.15184,3
2026-09-11T17:15:00+00:00,211.375,211.375,211.341,211.341,170.31,35993.89371,2
2026-09-11T17:30:00+00:00,211.341,211.341,211.341,211.341,0.0,0.0,0
2026-09-11T17:45:00+00:00,210.438,210.63,210.411,210.63,578.99,121850.46489,4
2026-09-11T18:00:00+00:00,210.21,210.21,208.666,208.7,2303.4328823557394,480775.023,8
2026-09-11T18:15:00+00:00,209.001,209.652,209.001,209.569,94.53,19802.84825,8
2026-09-11T18:30:00+00:00,209.569,209.569,209.569,209.569,0.0,0.0,0
2026-09-11T18:45:00+00:00,208.924,208.924,208.307,208.307,880.0606796699103,183569.6,5
2026-09-11T19:00:00+00:00,208.3,208.384,208.3,208.384,195.73,40778.60032,2
2026-09-11T19:15:00+00:00,207.854,209.028,207.548,209.028,809.0,168438.568,9
2026-09-11T19:30:00+00:00,208.888,209.183,208.888,209.183,338.9226276156236,70837.40006,6
2026-09-11T19:45:00+00:00,209.773,209.773,209.773,209.773,56.0,11747.288,2
2026-09-11T20:00:00+00:00,210.275,210.275,210.275,210.275,0.35,73.59625,1
2026-09-11T20:15:00+00:00,210.088,210.089,210.088,210.089,95.1979542003627,20000.0,2
2026-09-11T20:30:00+00:00,210.329,210.33,210.329,210.33,65.78,13835.4644,2
2026-09-11T20:45:00+00:00,209.117,209.659,209.117,209.659,144.8902649531517,30300.0,3
2026-09-11T21:00:00+00:00,209.659,209.659,209.659,209.659,0.0,0.0,0
2026-09-11T21:15:00+00:00,210.0,210.0,210.0,210.0,567.0,119070.0,1
2026-09-11T21:30:00+00:00,209.983,209.983,209.4,209.4,592.848708419253,124237.56629,4
2026-09-11T21:45:00+00:00,209.355,209.355,208.622,208.64,1257.1466619164648,262338.29218,4
2026-09-11T22:00:00+00:00,208.64,208.64,208.64,208.64,0.0,0.0,0
2026-09-11T22:15:00+00:00,208.64,208.64,208.64,208.64,0.0,0.0,0
2026-09-11T22:30:00+00:00,207.386,207.413,207.386,207.413,100.09,20757.26717,2
2026-09-11T22:45:00+00:00,207.444,207.444,207.444,207.444,48.0,9957.312,1
2026-09-11T23:00:00+00:00,207.444,207.444,207.444,207.444,0.0,0.0,0
2026-09-11T23:15:00+00:00,207.444,207.444,207.444,207.444,0.0,0.0,0
2026-09-11T23:30:00+00:00,208.599,208.622,208.599,208.622,333.6163321013044,69598.84028,3
2026-09-11T23:45:00+00:00,208.813,208.813,208.813,208.813,464.53,96999.90289,4
2026-09-12T00:00:00+00:00,208.813,208.813,208.813,208.813,0.0,0.0,0
2026-09-12T00:15:00+00:00,209.098,209.098,209.098,209.098,473.46,98999.53908,2
2026-09-12T00:30:00+00:00,208.623,208.623,208.608,208.608,463.0,96587.004,3
2026-09-12T00:45:00+00:00,208.931,208.931,208.921,208.921,73.71585341572099,15401.04827,2
2026-09-12T01:00:00+00:00,208.921,208.921,208.921,208.921,0.0,0.0,0
2026-09-12T01:15:00+00:00,209.479,209.639,209.479,209.639,462.8462374271407,96999.62907,7
2026-09-12T01:30:00+00:00,209.682,209.682,209.682,209.682,95.38,19999.46916,1
2026-09-12T01:45:00+00:00,209.682,209.682,209.682,209.682,0.0,0.0,0
2026-09-12T02:00:00+00:00,209.667,209.667,209.279,209.279,381.4773388754549,79844.44877,2
2026-09-12T02:15:00+00:00,209.929,209.929,209.929,209.929,761.78,159919.71362,1
2026-09-12T02:30:00+00:00,209.929,209.929,209.929,209.929,0.0,0.0,0
2026-09-12T02:45:00+00:00,209.945,209.945,209.291,209.291,114.7946533615947,24071.5913,2
2026-09-12T03:00:00+00:00,209.923,210.261,209.916,210.189,7271.31,1526535.50787,23
2026-09-12T03:15:00+00:00,209.691,210.0,209.56,209.665,1046.8857142857144,219489.5209,10
2026-09-12T03:30:00+00:00,209.989,209.989,209.619,209.619,76.21077104038783,15984.0356,2
2026-09-12T03:45:00+00:00,209.418,209.418,209.418,209.418,87.75,18376.4295,1
2026-09-12T04:00:00+00:00,209.418,209.418,209.418,209.418,0.0,0.0,0
2026-09-12T04:15:00+00:00,209.894,209.894,209.894,209.894,33.35,6999.9649,1
2026-09-12T04:30:00+00:00,209.59,209.59,209.59,209.59,15.26,3198.3434,1
2026-09-12T04:45:00+00:00,210.0,210.0,210.0,210.0,24.76,5199.6,1
2026-09-12T05:00:00+00:00,209.548,209.787,208.816,209.74,4381.753283782236,915955.32302,11
2026-09-12T05:15:00+00:00,209.358,209.909,209.302,209.302,1645.7494823471122,345164.71966,6
2026-09-12T05:30:00+00:00,209.302,209.302,209.302,209.302,0.0,0.0,0
2026-09-12T05:45:00+00:00,210.0,210.132,209.462,210.132,839.96,176090.52465428572,8
2026-09-12T06:00:00+00:00,209.331,209.331,209.316,209.316,119.9,25098.4884,2
2026-09-12T06:15:00+00:00,209.874,210.054,209.874,210.054,7307.995704367907,1535046.31508,8
2026-09-12T06:30:00+00:00,209.996,210.083,209.996,210.083,12.712532429189128,2669.99508,2
2026-09-12T06:45:00+00:00,209.95,209.951,209.89,209.951,857.37,179985.58887,5
2026-09-12T07:00:00+00:00,209.495,209.495,209.428,209.428,259.99,54462.58572,2
2026-09-12T07:15:00+00:00,210.365,210.412,210.365,210.412,475.3291162101021,100000.0,4
2026-09-12T07:30:00+00:00,210.332,210.402,210.332,210.402,131.03,27566.45406,2
2026-09-12T07:45:00+00:00,210.402,210.454,210.402,210.454,199.72,42028.87919,3
2026-09-12T08:00:00+00:00,210.622,210.63,210.439,210.439,432.61,91082.40401,4
2026-09-12T08:15:00+00:00,210.63,210.63,210.63,210.63,123.73830888287519,26063.0,2
2026-09-12T08:30:00+00:00,210.326,210.467,210.326,210.467,3663.2943345092854,770831.3989,19
2026-09-12T08:45:00+00:00,210.161,210.161,210.149,210.149,333.53,70093.59597,3
2026-09-12T09:00:00+00:00,210.507,210.63,210.48,210.63,1188.7239901096273,250283.0,7
2026-09-12T09:15:00+00:00,210.628,210.63,210.628,210.63,100.61,21191.48308,2
2026-09-12T09:30:00+00:00,210.629,210.63,210.629,210.63,127.12,26775.25848,2
2026-09-12T09:45:00+00:00,210.63,210.63,210.63,210.63,237.38308882875185,50000.0,1
2026-09-12T10:00:00+00:00,210.63,210.63,210.629,210.63,1774.8391909984332,373833.92157,10
2026-09-12T10:15:00+00:00,210.629,210.63,210.629,210.63,845.65,178119.10735,8
2026-09-12T10:30:00+00:00,210.629,210.63,210.629,210.63,13159.95,2771880.19762,36
2026-09-12T10:45:00+00:00,210.63,211.402,210.63,211.0,375.4937763333144,79338.08679,5
2026-09-12T11:00:00+00:00,211.01,211.351,210.894,211.249,713.4043921057615,150664.85002,10
2026-09-12T11:15:00+00:00,210.894,211.044,210.894,211.044,117.46,24782.06244,3
2026-09-12T11:30:00+00:00,211.066,211.144,210.769,211.118,911.8640761696298,192499.56321,8
2026-09-12T11:45:00+00:00,211.311,211.311,211.311,211.311,89.01,18808.79211,2
2026-09-12T12:00:00+00:00,211.304,211.377,211.185,211.185,796.6587961723343,168353.666591468,13
2026-09-12T12:15:00+00:00,211.293,212.147,211.24,211.24,5953.685485901983,1259121.28336,24
2026-09-12T12:30:00+00:00,211.271,211.271,211.0,211.0,2.4382290991191407,515.1,2
2026-09-12T12:45:00+00:00,211.0,211.0,210.453,210.453,503.8532984877028,106075.4428,6
2026-09-12T13:00:00+00:00,210.453,210.453,210.453,210.453,500.0,105226.5,4
2026-09-12T13:15:00+00:00,210.3,210.451,210.135,210.451,1585.9869992064662,333378.53214,6
2026-09-12T13:30:00+00:00,210.453,210.453,210.097,210.097,141.04,29636.10012,2
2026-09-12T13:45:00+00:00,210.0,210.46,210.0,210.46,179.9654404637461,37851.17012,5
2026-09-12T14:00:00+00:00,210.502,210.502,210.502,210.502,57.006584260482086,12000.0,1
2026-09-12T14:15:00+00:00,210.607,210.819,210.607,210.819,698.6040192095671,147207.75293,8
2026-09-12T14:30:00+00:00,210.819,210.819,210.819,210.819,0.0,0.0,0
2026-09-12T14:45:00+00:00,210.315,210.77,210.271,210.77,502.3386070123832,105670.65798,5
2026-09-12T15:00:00+00:00,210.816,210.816,210.764,210.792,41.093981279015075,8661.91168,3
2026-09-12T15:15:00+00:00,210.792,210.792,210.792,210.792,0.0,0.0,0
2026-09-12T15:30:00+00:00,210.829,210.829,210.829,210.829,246.64538559685812,52000.0,2
2026-09-12T15:45:00+00:00,210.829,210.829,210.829,210.829,233.0,49123.157,1
2026-09-12T16:00:00+00:00,210.829,211.245,210.498,210.498,267.40461440314186,56421.326,4
2026-09-12T16:15:00+00:00,210.484,210.484,210.484,210.484,153.89,32391.38276,1
2026-09-12T16:30:00+00:00,210.779,210.779,210.779,210.779,47.443056471470115,10000.0,1
2026-09-12T16:45:00+00:00,210.784,210.784,210.784,210.784,50.76,10699.39584,1
2026-09-12T17:00:00+00:00,210.4,210.4,210.4,210.4,456.49,96045.496,1
2026-09-12T17:15:00+00:00,210.4,210.4,210.4,210.4,0.0,0.0,0
2026-09-12T17:30:00+00:00,210.4,210.4,210.345,210.345,142.54094463856998,29988.0,2
2026-09-12T17:45:00+00:00,210.345,210.345,210.345,210.345,0.0,0.0,0
2026-09-12T18:00:00+00:00,210.043,210.045,210.0,210.0,331.6164471898879,69649.7,3
2026-09-12T18:15:00+00:00,210.016,210.016,210.016,210.016,95.52,20060.72832,1
2026-09-12T18:30:00+00:00,209.881,209.896,209.881,209.896,190.57771467774518,40000.0,2
2026-09-12T18:45:00+00:00,209.896,209.896,209.896,209.896,0.0,0.0,0
2026-09-12T19:00:00+00:00,209.896,209.896,209.896,209.896,0.0,0.0,0
2026-09-12T19:15:00+00:00,209.856,209.884,209.856,209.884,141.04495816736863,29600.0,4
2026-09-12T19:30:00+00:00,209.884,209.884,209.884,209.884,0.0,0.0,0
2026-09-12T19:45:00+00:00,209.858,209.858,209.858,209.858,142.95380685987666,30000.0,1
2026-09-12T20:00:00+00:00,209.858,209.858,209.858,209.858,0.0,0.0,0
2026-09-12T20:15:00+00:00,209.858,209.858,209.858,209.858,0.0,0.0,0
2026-09-12T20:30:00+00:00,209.858,209.858,209.858,209.858,0.0,0.0,0
2026-09-12T20:45:00+00:00,210.264,210.264,210.264,210.264,35.79,7525.34856,1
2026-09-12T21:00:00+00:00,210.232,210.232,210.232,210.232,48.87,10274.03784,1
2026-09-12T21:15:00+00:00,210.182,210.182,210.076,210.092,285.560396016983,60000.91912,3
2026-09-12T21:30:00+00:00,210.092,210.092,210.092,210.092,0.0,0.0,0
2026-09-12T21:45:00+00:00,209.905,209.906,209.905,209.906,548.816905186131,115199.8113,3
2026-09-12T22:00:00+00:00,209.9,209.914,209.821,209.848,295.62133521511015,62041.98,4
2026-09-12T22:15:00+00:00,210.209,210.408,210.209,210.408,856.3445781529219,180100.0,5
2026-09-12T22:30:00+00:00,209.814,209.814,209.703,209.703,557.31,116908.07066,5
2026-09-12T22:45:00+00:00,209.905,209.905,209.905,209.905,33.35,7000.33175,1
2026-09-12T23:00:00+00:00,209.955,209.955,209.955,209.955,4.762925388773785,1000.0,1
2026-09-12T23:15:00+00:00,210.057,210.069,209.703,209.703,467.24,98069.23513,6
2026-09-12T23:30:00+00:00,210.224,210.272,210.224,210.272,318.6861634239279,67000.0,4
2026-09-12T23:45:00+00:00,210.424,210.424,209.908,209.908,111.16,23377.51192,2
2026-09-13T00:00:00+00:00,210.258,210.268,210.258,210.268,93.14295693861827,19584.21664,2
2026-09-13T00:15:00+00:00,210.224,210.525,210.224,210.483,2379.5333061876854,500849.61119,11
2026-09-13T00:30:00+00:00,210.483,210.483,210.483,210.483,0.0,0.0,0
2026-09-13T00:45:00+00:00,210.237,210.59,210.237,210.59,1094.33,230154.55621,4
2026-09-13T01:00:00+00:00,210.59,210.59,210.23,210.523,440.04,92642.0287,4
2026-09-13T01:15:00+00:00,210.523,210.523,210.523,210.523,0.0,0.0,0
2026-09-13T01:30:00+00:00,210.523,210.523,210.523,210.523,0.0,0.0,0
2026-09-13T01:45:00+00:00,210.523,210.523,210.523,210.523,0.0,0.0,0
2026-09-13T02:00:00+00:00,210.497,210.509,210.497,210.509,166.28,35001.63652,2
2026-09-13T02:15:00+00:00,210.313,210.313,210.252,210.252,72.38321271616917,15220.17131,2
2026-09-13T02:30:00+00:00,210.453,210.464,210.453,210.464,75.2468769955907,15836.55819,2
2026-09-13T02:45:00+00:00,210.704,210.704,210.3,210.3,211.01,44379.23696,3
2026-09-13T03:00:00+00:00,210.222,210.67,210.222,210.67,41.99,8843.34978,2
2026-09-13T03:15:00+00:00,210.399,210.78,210.399,210.55,3192.39650536104,672189.10425,14
2026-09-13T03:30:00+00:00,210.114,210.114,209.539,209.539,2554.98,535514.31596,8
2026-09-13T03:45:00+00:00,209.964,209.994,209.964,209.975,808.7202407883922,169804.1095,7
2026-09-13T04:00:00+00:00,209.975,209.975,209.975,209.975,0.0,0.0,0
2026-09-13T04:15:00+00:00,209.613,210.068,209.611,210.068,327.38,68642.22706,4
2026-09-13T04:30:00+00:00,210.068,210.068,210.068,210.068,70.26296246929566,14760.0,1
2026-09-13T04:45:00+00:00,210.018,210.018,210.018,210.018,71.8074831681094,15080.864,2
2026-09-13T05:00:00+00:00,209.687,209.687,209.687,209.687,15.56,3262.72972,1
2026-09-13T05:15:00+00:00,209.687,209.687,209.687,209.687,0.0,0.0,0
2026-09-13T05:30:00+00:00,210.498,210.498,210.498,210.498,14.58,3069.06084,1
2026-09-13T05:45:00+00:00,210.223,210.638,210.223,210.638,120.99,25476.38077,2
2026-09-13T06:00:00+00:00,210.639,210.639,210.536,210.639,2843.691130417444,598933.33178,10
2026-09-13T06:15:00+00:00,210.273,210.273,210.273,210.273,9.04,1900.86792,1
2026-09-13T06:30:00+00:00,210.273,210.273,210.273,210.273,195.93889291540046,41200.65883,3
2026-09-13T06:45:00+00:00,209.5,209.5,209.5,209.5,50.0,10475.0,1
2026-09-13T07:00:00+00:00,209.619,209.949,209.332,209.808,12262.59279960309,2571878.39115,66
2026-09-13T07:15:00+00:00,209.808,209.808,209.808,209.808,369.4331243803859,77510.02496,3
2026-09-13T07:30:00+00:00,209.548,209.548,209.548,209.548,23.860881516406742,5000.0,1
2026-09-13T07:45:00+00:00,209.564,209.564,209.564,209.564,63.77,13363.89628,1
2026-09-13T08:00:00+00:00,209.368,209.368,209.0,209.0,102.86576745252378,21503.5,3
2026-09-13T08:15:00+00:00,208.578,208.578,208.5,208.5,1975.7718474623402,411958.0805,7
2026-09-13T08:30:00+00:00,208.0,208.163,208.0,208.0,434.46408084049517,90402.30808,6
2026-09-13T08:45:00+00:00,208.001,208.16,207.969,208.16,1609.389146810146,334846.30657,9
2026-09-13T09:00:00+00:00,207.96,208.328,207.96,208.318,1518.217219896025,316163.9744,7
2026-09-13T09:15:00+00:00,207.988,207.988,207.005,207.38,160.42826309190858,33291.55842,5
2026-09-13T09:30:00+00:00,207.0,207.168,206.721,207.168,584.2162001853568,120861.05955,5
2026-09-13T09:45:00+00:00,207.027,207.027,207.027,207.027,408.16,84500.14032,1
2026-09-13T10:00:00+00:00,207.169,207.169,207.169,207.169,24.13488504554253,5000.0,1
2026-09-13T10:15:00+00:00,207.083,207.083,206.842,207.082,420.5844911796517,87084.91697,7
2026-09-13T10:30:00+00:00,207.208,207.373,206.5,206.5,1790.8541087316091,370515.43166,9
2026-09-13T10:45:00+00:00,206.642,206.877,206.513,206.513,1716.4434940568551,354821.31136,9
2026-09-13T11:00:00+00:00,206.234,206.234,206.223,206.223,133.53,27538.05719,2
2026-09-13T11:15:00+00:00,206.419,206.689,206.419,206.689,493.7258077385437,102004.0,3
2026-09-13T11:30:00+00:00,206.651,206.732,206.651,206.732,73.23,15135.45276,2
2026-09-13T11:45:00+00:00,206.732,206.732,206.43,206.43,1482.08,306119.12784,10
2026-09-13T12:00:00+00:00,206.655,206.655,206.597,206.597,387.15914229029056,79999.95037,3
2026-09-13T12:15:00+00:00,206.597,206.773,206.597,206.773,170.4042381258675,35219.91397,6
2026-09-13T12:30:00+00:00,206.802,208.121,206.383,208.121,1456.4560559928314,301048.48614,8
2026-09-13T12:45:00+00:00,206.183,206.546,206.183,206.546,370.73526362166297,76548.27248,2
2026-09-13T13:00:00+00:00,206.561,206.923,206.449,206.923,1186.0242078937576,245087.32161,7
2026-09-13T13:15:00+00:00,206.293,206.293,205.5,205.744,755.5742470764501,155475.01388,11
2026-09-13T13:30:00+00:00,206.003,206.514,206.003,206.441,1118.2343813010257,230779.13873,5
2026-09-13T13:45:00+00:00,206.654,206.654,206.654,206.654,725.85,149999.8059,1
2026-09-13T14:00:00+00:00,206.654,206.654,206.654,206.654,0.0,0.0,0
2026-09-13T14:15:00+00:00,207.88,208.057,207.88,207.935,1106.6868088552656,230219.49357,7
2026-09-13T14:30:00+00:00,208.005,208.256,208.005,208.256,196.04,40801.40624,2
2026-09-13T14:45:00+00:00,208.432,208.432,208.297,208.297,309.50191049319,64469.9192,2
2026-09-13T15:00:00+00:00,207.906,207.906,207.762,207.762,43.55537420257261,9054.0,2
2026-09-13T15:15:00+00:00,207.361,207.361,207.356,207.356,118.32552890852185,24535.6,2
2026-09-13T15:30:00+00:00,207.356,207.356,207.356,207.356,0.0,0.0,0
2026-09-13T15:45:00+00:00,207.058,207.058,206.65,206.65,343.86700653923054,71084.473,5
2026-09-13T16:00:00+00:00,207.664,207.664,207.664,207.664,2.4077355728484475,500.0,1
2026-09-13T16:15:00+00:00,207.664,207.664,207.664,207.664,0.0,0.0,0
2026-09-13T16:30:00+00:00,207.664,207.664,207.664,207.664,0.0,0.0,0
2026-09-13T16:45:00+00:00,207.664,207.664,207.664,207.664,0.0,0.0,0
2026-09-13T17:00:00+00:00,208.2,208.2,208.2,208.2,72.04610951008645,15000.0,1
2026-09-13T17:15:00+00:00,208.686,208.686,208.324,208.324,24.0,5008.42418,2
2026-09-13T17:30:00+00:00,208.324,208.324,208.324,208.324,0.0,0.0,0
2026-09-13T17:45:00+00:00,208.324,208.324,208.324,208.324,0.0,0.0,0
2026-09-13T18:00:00+00:00,208.691,208.691,208.691,208.691,57.501281799406776,12000.0,1
2026-09-13T18:15:00+00:00,208.691,208.691,208.691,208.691,0.0,0.0,0
2026-09-13T18:30:00+00:00,208.691,208.691,208.691,208.691,0.0,0.0,0
2026-09-13T18:45:00+00:00,208.691,208.691,208.691,208.691,0.0,0.0,0
2026-09-13T19:00:00+00:00,208.619,208.619,208.619,208.619,0.1,20.8619,1
2026-09-13T19:15:00+00:00,208.221,208.221,208.221,208.221,49.98,10406.88558,1
2026-09-13T19:30:00+00:00,208.545,208.545,208.545,208.545,148.6489726437939,31000.0,1
2026-09-13T19:45:00+00:00,208.537,208.537,208.537,208.537,4.795312102888216,1000.0,1
2026-09-13T20:00:00+00:00,208.366,208.366,208.366,208.366,26.0,5417.516,1
2026-09-13T20:15:00+00:00,208.366,208.366,208.366,208.366,0.0,0.0,0
2026-09-13T20:30:00+00:00,208.899,208.899,208.899,208.899,43.81,9151.86519,1
2026-09-13T20:45:00+00:00,209.178,209.511,209.178,209.511,647.8061746455172,135647.65,5
2026-09-13T21:00:00+00:00,209.511,209.511,209.511,209.511,0.0,0.0,0
2026-09-13T21:15:00+00:00,209.407,209.407,209.293,209.293,25.303397199141873,5298.54509,2
2026-09-13T21:30:00+00:00,209.071,209.071,208.595,208.595,52.83064126540744,11042.975,2
2026-09-13T21:45:00+00:00,208.983,208.983,208.983,208.983,157.90758099941144,33000.0,1
2026-09-13T22:00:00+00:00,207.987,207.987,207.246,207.548,150.0788072812243,31159.392,3
2026-09-13T22:15:00+00:00,206.015,206.015,205.972,205.977,142.24455492603542,29302.63237,3
2026-09-13T22:30:00+00:00,206.965,206.965,206.286,206.286,72.72,15017.50219,2
2026-09-13T22:45:00+00:00,206.286,206.286,206.286,206.286,0.0,0.0,0
2026-09-13T23:00:00+00:00,206.251,206.498,206.251,206.498,514.5353238288022,106248.36735,4
2026-09-13T23:15:00+00:00,206.452,206.452,206.247,206.247,539.2000488249084,111310.54299,5
2026-09-13T23:30:00+00:00,206.5,206.5,206.499,206.5,215.31,44461.42511,4
2026-09-13T23:45:00+00:00,206.513,206.513,206.283,206.283,71.58854607505224,14778.39055,2
2026-09-14T00:00:00+00:00,206.298,207.644,206.298,207.234,867.16,179143.03534,10
2026-09-14T00:15:00+00:00,207.209,207.209,205.511,205.511,443.3531640517545,91772.25893,6
2026-09-14T00:30:00+00:00,206.407,207.414,206.407,207.293,776.1123556653288,160669.63008,12
2026-09-14T00:45:00+00:00,207.309,207.309,207.115,207.178,40.6607031634633,8425.06058,3
2026-09-14T01:00:00+00:00,207.572,207.572,207.572,207.572,24.09,5000.40948,1
2026-09-14T01:15:00+00:00,207.572,207.572,207.572,207.572,0.0,0.0,0
2026-09-14T01:30:00+00:00,206.361,207.199,206.361,207.199,551.3518405011607,113862.45,2
2026-09-14T01:45:00+00:00,207.272,208.0,207.272,208.0,578.6365384615384,120335.5064,4
2026-09-14T02:00:00+00:00,208.0,209.441,208.0,209.441,1283.4,268321.4451342308,8
2026-09-14T02:15:00+00:00,209.436,210.036,209.436,210.036,1152.58,241968.78585,9
2026-09-14T02:30:00+00:00,210.024,210.024,209.563,209.563,702.05,147302.04785,9
2026-09-14T02:45:00+00:00,209.985,211.601,209.985,211.355,4303.520368713168,905324.4283,37
2026-09-14T03:00:00+00:00,210.866,212.631,210.866,212.529,13859.27,2942120.24686,81
2026-09-14T03:15:00+00:00,212.52,212.868,211.953,212.836,13123.494626117108,2790313.75508,50
2026-09-14T03:30:00+00:00,212.163,213.159,212.163,212.457,3832.1411235103938,815040.92461,10
2026-09-14T03:45:00+00:00,211.424,211.424,211.374,211.416,300.0,63421.4,3
2026-09-14T04:00:00+00:00,211.949,212.035,211.569,211.569,1143.5,242106.38986,8
2026-09-14T04:15:00+00:00,211.718,212.462,211.718,212.053,5902.961616580117,1250177.4592,33
2026-09-14T04:30:00+00:00,211.987,211.987,211.529,211.529,100.26,21233.82034,2
2026-09-14T04:45:00+00:00,212.463,212.529,212.463,212.529,729.5322148036267,155000.0,5
2026-09-14T05:00:00+00:00,212.348,212.381,212.277,212.378,538.41,114325.98898,5
2026-09-14T05:15:00+00:00,212.494,212.494,212.494,212.494,37.25,7915.4015,1
2026-09-14T05:30:00+00:00,212.26,212.81,212.26,212.81,90.493873551305,19208.3898,6
2026-09-14T05:45:00+00:00,212.727,212.727,212.22,212.22,1666.5,353733.51414,6
2026-09-14T06:00:00+00:00,212.878,213.966,212.878,213.663,473.16,101148.09607,5
2026-09-14T06:15:00+00:00,213.867,213.867,213.394,213.394,472.58,100870.21432,4
2026-09-14T06:30:00+00:00,213.013,213.522,212.872,213.227,5664.4122995934085,1207117.8653,11
2026-09-14T06:45:00+00:00,213.691,214.66,213.688,214.362,2953.41,632012.39667,19
2026-09-14T07:00:00+00:00,214.493,214.493,214.15,214.15,183.0,39193.0668,3
2026-09-14T07:15:00+00:00,214.198,214.808,214.15,214.15,227.7,48762.8298,6
2026-09-14T07:30:00+00:00,214.428,214.852,214.428,214.852,10.2,2187.5679,4
2026-09-14T07:45:00+00:00,214.471,214.958,214.431,214.652,124.66,26758.90777,7
2026-09-14T08:00:00+00:00,214.071,214.941,214.071,214.59,1200.03,257552.42343,15
2026-09-14T08:15:00+00:00,214.747,215.0,214.629,215.0,244.38,52476.59056,5
2026-09-14T08:30:00+00:00,214.535,214.535,214.535,214.535,78.71,16886.04985,1
2026-09-14T08:45:00+00:00,214.566,214.566,214.229,214.229,79.34,17004.78096,2
2026-09-14T09:00:00+00:00,214.62,214.791,214.351,214.351,219.55270431460255,47137.30822,4
2026-09-14T09:15:00+00:00,214.192,214.274,214.085,214.274,411.21,88081.8689,5
2026-09-14T09:30:00+00:00,214.274,214.274,214.274,214.274,0.0,0.0,0
2026-09-14T09:45:00+00:00,215.0,218.0,215.0,217.6,11282.326307855328,2439801.82996,41
2026-09-14T10:00:00+00:00,217.16,217.75,217.096,217.096,1159.16,252005.84096,10
2026-09-14T10:15:00+00:00,216.825,216.962,216.257,216.962,1458.013423416631,315810.31498,7
2026-09-14T10:30:00+00:00,215.785,216.0,215.785,216.0,1226.82,264750.8537,4
2026-09-14T10:45:00+00:00,216.646,216.646,216.607,216.607,271.8,58875.1827,3
2026-09-14T11:00:00+00:00,216.607,216.607,216.607,216.607,0.0,0.0,0
2026-09-14T11:15:00+00:00,216.434,217.5,216.434,217.5,1678.56,364263.10504,10
2026-09-14T11:30:00+00:00,217.5,217.5,217.042,217.443,2563.77,557475.60327,20
2026-09-14T11:45:00+00:00,216.929,216.929,216.484,216.484,35.16,7616.02744,2
2026-09-14T12:00:00+00:00,216.129,216.571,215.881,216.571,1229.5821414930865,265870.42031,10
2026-09-14T12:15:00+00:00,216.571,216.571,216.571,216.571,0.0,0.0,0
2026-09-14T12:30:00+00:00,216.582,217.356,216.154,217.182,1145.0506071714763,248627.04038,11
2026-09-14T12:45:00+00:00,216.994,216.994,216.262,216.895,946.3233111585868,205006.4653,7
2026-09-14T13:00:00+00:00,216.295,216.295,214.271,215.892,662.1231537945861,142772.95043,8
2026-09-14T13:15:00+00:00,216.019,216.583,216.019,216.037,462.77288475673464,100013.12877,5
2026-09-14T13:30:00+00:00,216.712,216.866,216.039,216.039,304.7371634642938,65904.63893,6
2026-09-14T13:45:00+00:00,216.798,217.684,216.554,216.554,523.7989293201696,113653.46023,12
2026-09-14T14:00:00+00:00,217.055,217.572,216.344,216.934,1302.4549266559918,282572.8456,11
2026-09-14T14:15:00+00:00,216.845,217.715,216.845,217.405,549.5143219426373,119217.40267,9
2026-09-14T14:30:00+00:00,217.439,217.439,216.572,216.572,479.0974746983446,103917.2986,4
2026-09-14T14:45:00+00:00,216.925,216.925,216.8,216.833,1267.3636851862955,274903.91375,4
2026-09-14T15:00:00+00:00,216.79,216.79,216.065,216.268,1547.21,334422.01614,7
2026-09-14T15:15:00+00:00,216.739,216.805,216.318,216.318,381.63,82686.43783,6
2026-09-14T15:30:00+00:00,216.232,217.0,216.232,216.854,400.1978238048954,86650.42526,5
2026-09-14T15:45:00+00:00,216.854,216.854,216.854,216.854,0.0,0.0,0
2026-09-14T16:00:00+00:00,216.776,217.0,216.621,217.0,689.2828582042279,149393.52985,8
2026-09-14T16:15:00+00:00,217.0,219.126,217.0,218.567,13584.487103961443,2970874.0951,82
2026-09-14T16:30:00+00:00,218.331,218.509,218.331,218.509,58.42,12761.20178,2
2026-09-14T16:45:00+00:00,219.478,219.478,219.478,219.478,43.129607523305296,9466.0,1
2026-09-14T17:00:00+00:00,219.435,219.435,219.435,219.435,93.4,20495.229,1
2026-09-14T17:15:00+00:00,219.173,219.901,219.173,219.901,166.09283450279898,36509.1292,2
2026-09-14T17:30:00+00:00,220.0,221.77,219.998,221.77,1770.2790799045372,390741.14765198645,20
2026-09-14T17:45:00+00:00,221.053,221.605,221.053,221.605,656.26,145093.0045,3
2026-09-14T18:00:00+00:00,221.983,221.983,221.827,221.827,403.0,89404.081,2
2026-09-14T18:15:00+00:00,221.954,224.091,221.954,224.091,4458.7,994632.24906,36
2026-09-14T18:30:00+00:00,224.922,225.839,224.922,225.245,472.74,106564.0843,8
2026-09-14T18:45:00+00:00,226.0,227.0,226.0,227.0,4022.85,912098.76284,32
2026-09-14T19:00:00+00:00,225.799,225.799,224.798,224.798,5345.74,1204940.70365,35
2026-09-14T19:15:00+00:00,226.445,226.445,225.553,225.553,710.0,160246.62856,5
2026-09-14T19:30:00+00:00,225.553,225.553,225.553,225.553,0.0,0.0,0
2026-09-14T19:45:00+00:00,225.507,225.701,225.357,225.603,943.8345026827528,212901.56629,7
2026-09-14T20:00:00+00:00,228.0,228.0,227.261,227.261,369.1759694800252,83973.2,5
2026-09-14T20:15:00+00:00,228.671,229.808,228.671,229.555,275.2178275026601,63138.42047161572,9
2026-09-14T20:30:00+00:00,228.795,229.406,228.795,229.406,971.9000026154504,222879.5,5
2026-09-14T20:45:00+00:00,226.407,226.407,226.407,226.407,25.0,5660.175,1
2026-09-14T21:00:00+00:00,224.019,224.019,224.019,224.019,450.0,100808.55,2
2026-09-14T21:15:00+00:00,224.841,224.841,223.829,223.829,477.82,106989.86582,5
2026-09-14T21:30:00+00:00,222.667,223.535,222.633,223.535,1784.82,397720.45364,8
2026-09-14T21:45:00+00:00,223.372,223.388,223.0,223.0,250.0,55826.0,3
2026-09-14T22:00:00+00:00,223.0,223.0,223.0,223.0,0.0,0.0,0
2026-09-14T22:15:00+00:00,223.756,223.756,222.466,222.466,767.7592709381639,171156.58562,6
2026-09-14T22:30:00+00:00,222.0,222.222,222.0,222.091,257.16,57138.64381,4
2026-09-14T22:45:00+00:00,222.0,222.0,221.751,221.751,183.06,40606.2891,3
2026-09-14T23:00:00+00:00,221.02,221.02,220.33,220.874,41.83987857330424,9231.3148,3
2026-09-14T23:15:00+00:00,220.787,220.787,220.0,220.0,1174.04,259013.98129,5
2026-09-14T23:30:00+00:00,219.416,219.84,219.367,219.84,480.81288209606987,105548.12645,4
2026-09-14T23:45:00+00:00,218.886,219.71,218.576,219.71,873.2542550806451,191452.75332,9
2026-09-15T00:00:00+00:00,220.331,220.331,219.399,219.399,500.59,109867.04541,6
2026-09-15T00:15:00+00:00,219.423,219.578,219.423,219.578,144.42962911818725,31699.29986,2
2026-09-15T00:30:00+00:00,219.606,219.666,219.598,219.666,80.59360964636667,17698.75824,3
2026-09-15T00:45:00+00:00,219.509,219.891,219.509,219.891,227.50367720039426,50000.0,4
2026-09-15T01:00:00+00:00,219.825,219.825,218.853,219.377,491.90912789440694,107872.25865,7
2026-09-15T01:15:00+00:00,219.302,219.302,219.302,219.302,92.17,20213.06534,1
2026-09-15T01:30:00+00:00,219.806,220.806,219.806,220.806,9910.310689741733,2182748.19984,62
2026-09-15T01:45:00+00:00,219.987,220.854,219.987,220.819,2510.39,553976.67623,13
2026-09-15T02:00:00+00:00,221.206,221.206,221.206,221.206,32.37,7160.43822,1
2026-09-15T02:15:00+00:00,221.516,221.626,221.516,221.626,582.2010598034526,128992.80268,4
2026-09-15T02:30:00+00:00,221.176,221.732,221.176,221.259,5867.608282620473,1300000.0,14
2026-09-15T02:45:00+00:00,221.467,221.467,220.617,221.019,68.1560240522308,15050.60904,3
2026-09-15T03:00:00+00:00,220.644,220.788,219.293,219.293,2023.78,445542.94609,20
2026-09-15T03:15:00+00:00,219.497,219.497,219.497,219.497,150.0,32924.55,1
2026-09-15T03:30:00+00:00,219.497,220.262,219.497,220.02,619.6547426357122,136411.8193,7
2026-09-15T03:45:00+00:00,219.531,219.531,218.895,218.895,612.2316532972565,134108.35628,6
2026-09-15T04:00:00+00:00,218.848,219.707,218.848,219.355,418.8661874678549,91875.68184,8
2026-09-15T04:15:00+00:00,219.356,219.533,218.778,219.126,2630.87647489938,576232.8288,13
2026-09-15T04:30:00+00:00,219.313,219.313,219.313,219.313,51.66132422610607,11330.0,2
2026-09-15T04:45:00+00:00,219.578,219.578,218.659,218.659,293.4192077039034,64307.63028,6
2026-09-15T05:00:00+00:00,219.099,219.235,218.424,218.424,750.886491664196,164552.72,5
2026-09-15T05:15:00+00:00,217.762,218.199,217.762,218.199,210.35783454552953,45846.74434,4
2026-09-15T05:30:00+00:00,217.71,218.519,217.434,217.434,1857.0592391050664,404926.65837,12
2026-09-15T05:45:00+00:00,218.118,218.13,218.079,218.13,1263.87,275629.91706,5
2026-09-15T06:00:00+00:00,218.0,218.788,218.0,218.788,863.3325920281517,188549.0917,9
2026-09-15T06:15:00+00:00,218.232,218.403,217.838,217.838,866.4791480740911,189009.327,8
2026-09-15T06:30:00+00:00,217.919,217.993,217.455,217.455,429.0536696001087,93360.74235,3
2026-09-15T06:45:00+00:00,217.387,217.463,216.743,216.743,1111.6,241377.86477,7
2026-09-15T07:00:00+00:00,217.111,217.111,217.111,217.111,46.05938897614584,10000.0,1
2026-09-15T07:15:00+00:00,217.111,217.111,217.111,217.111,0.0,0.0,0
2026-09-15T07:30:00+00:00,217.554,217.556,216.958,216.958,681.238232179301,148024.49542,5
2026-09-15T07:45:00+00:00,217.004,217.004,215.296,216.248,10273.76515492802,2213671.12322,40
2026-09-15T08:00:00+00:00,216.248,216.248,215.636,215.749,325.34,70208.97949,5
2026-09-15T08:15:00+00:00,215.954,215.954,214.706,214.706,252.24291375983375,54290.39796,6
2026-09-15T08:30:00+00:00,214.706,214.706,214.706,214.706,0.0,0.0,0
2026-09-15T08:45:00+00:00,215.828,216.936,215.682,216.936,11370.175114082671,2463378.9941,51
2026-09-15T09:00:00+00:00,217.051,217.052,216.384,216.902,1745.6644312103078,378768.68359,18
2026-09-15T09:15:00+00:00,216.902,216.902,216.902,216.902,0.0,0.0,0
2026-09-15T09:30:00+00:00,217.329,217.62,217.329,217.557,379.44,82509.17156,5
2026-09-15T09:45:00+00:00,217.854,217.854,217.854,217.854,91.80460308279856,20000.0,1
2026-09-15T10:00:00+00:00,217.81,217.81,217.81,217.81,252.5136586933566,55000.0,1
2026-09-15T10:15:00+00:00,217.297,217.297,216.908,216.908,373.12,80950.61474,3
2026-09-15T10:30:00+00:00,216.87,217.409,216.87,217.195,257.56868956666926,55966.62032,5
2026-09-15T10:45:00+00:00,217.731,217.731,217.561,217.639,364.4891141055573,79314.97924,4
2026-09-15T11:00:00+00:00,217.596,217.709,217.596,217.709,240.04064921576648,52247.15052,4
2026-09-15T11:15:00+00:00,216.671,216.999,216.671,216.999,120.95,26226.00465,2
2026-09-15T11:30:00+00:00,215.982,216.579,215.982,216.579,95.18,20584.73025,2
2026-09-15T11:45:00+00:00,216.579,216.75,216.48,216.75,925.7,200454.5578,5
2026-09-15T12:00:00+00:00,217.665,217.665,217.665,217.665,45.29,9858.04785,1
2026-09-15T12:15:00+00:00,218.229,218.814,218.229,218.814,54.9250275576517,11999.60403,2
2026-09-15T12:30:00+00:00,218.072,218.072,217.777,217.777,374.3,81535.79423,4
2026-09-15T12:45:00+00:00,218.579,220.673,218.544,220.673,427.78,93835.80055,6
2026-09-15T13:00:00+00:00,221.02,225.586,221.02,224.04,1477.9544420057127,329975.09481880424,16
2026-09-15T13:15:00+00:00,221.056,221.056,221.056,221.056,236.31,52237.74336,1
2026-09-15T13:30:00+00:00,220.566,220.566,217.844,219.008,2728.5386633780513,598636.05146,12
2026-09-15T13:45:00+00:00,218.46,218.463,217.039,217.864,731.5409730841259,159481.79292,7
2026-09-15T14:00:00+00:00,219.446,219.492,219.446,219.492,452.1765623348459,99242.0,3
2026-09-15T14:15:00+00:00,219.007,219.007,219.007,219.007,50.0,10950.35,1
2026-09-15T14:30:00+00:00,215.0,215.311,215.0,215.311,514.92,110852.39012,2
2026-09-15T14:45:00+00:00,215.039,215.04,213.0,213.843,10673.919796511898,2282429.14616,34
2026-09-15T15:00:00+00:00,214.629,215.961,214.629,215.673,481.99324500516985,103552.23725,4
2026-09-15T15:15:00+00:00,216.036,216.248,215.692,216.248,1072.5068875989837,231713.6864,7
2026-09-15T15:30:00+00:00,215.582,215.774,215.582,215.774,212.19,45753.29178,2
2026-09-15T15:45:00+00:00,215.719,215.936,215.719,215.936,463.5801778304683,100103.54512,2
2026-09-15T16:00:00+00:00,215.0,215.0,214.5,214.5,70.0,15035.0,2
2026-09-15T16:15:00+00:00,214.406,215.957,214.406,215.957,370.65102904744924,79613.44424,2
2026-09-15T16:30:00+00:00,215.0,215.0,215.0,215.0,100.0,21500.0,1
2026-09-15T16:45:00+00:00,215.22,215.815,215.22,215.746,266.5076516177571,57484.45038,4
2026-09-15T17:00:00+00:00,215.0,215.0,214.435,214.679,24.3,5220.44435,3
2026-09-15T17:15:00+00:00,214.679,214.679,214.679,214.679,0.0,0.0,0
2026-09-15T17:30:00+00:00,217.271,217.271,217.271,217.271,246.6882372705055,53598.2,2
2026-09-15T17:45:00+00:00,218.155,219.408,218.155,219.408,203.63920950922483,44572.5288,3
2026-09-15T18:00:00+00:00,217.212,217.217,217.212,217.217,100.0,21721.48,2
2026-09-15T18:15:00+00:00,216.096,217.245,216.096,217.245,556.2,120767.0952,3
2026-09-15T18:30:00+00:00,214.982,214.982,205.391,205.391,7543.72,1577359.70219,89
2026-09-15T18:45:00+00:00,205.0,206.735,200.0,205.889,17341.1,3522675.19174,111
2026-09-15T19:00:00+00:00,205.57,205.57,202.779,202.78,6749.8,1369770.3181,20
2026-09-15T19:15:00+00:00,202.6,202.6,202.483,202.483,299.5,60667.0585,4
2026-09-15T19:30:00+00:00,201.455,201.796,201.455,201.796,273.45537077048107,55145.5,3
2026-09-15T19:45:00+00:00,200.972,200.972,200.972,200.972,18.43,3703.91396,1
2026-09-15T20:00:00+00:00,200.0,200.318,199.442,199.443,749.3520626204335,149680.0676,13
2026-09-15T20:15:00+00:00,200.319,200.32,196.644,196.644,1950.8227061720502,387242.30129,16
2026-09-15T20:30:00+00:00,197.89,199.339,197.89,198.656,118.04014819587628,23384.07367,3
2026-09-15T20:45:00+00:00,198.656,198.656,198.656,198.656,0.0,0.0,0
2026-09-15T21:00:00+00:00,200.928,200.928,200.142,200.142,1760.46,352612.04966,14
2026-09-15T21:15:00+00:00,201.338,201.339,201.338,201.339,160.7991993602829,32375.0,2
2026-09-15T21:30:00+00:00,199.15,199.15,199.15,199.15,0.78,155.337,1
2026-09-15T21:45:00+00:00,199.749,199.749,198.0,198.0,636.932828850207,126449.6294,10
2026-09-15T22:00:00+00:00,198.658,199.499,198.658,199.012,930.0,185199.28641,5
2026-09-15T22:15:00+00:00,198.0,199.226,198.0,199.226,2230.64,444200.2,7
2026-09-15T22:30:00+00:00,198.537,199.417,198.0,199.417,10812.69,2142384.85231,37
2026-09-15T22:45:00+00:00,198.831,199.999,198.831,199.999,1106.8949855630415,220684.00931,9
2026-09-15T23:00:00+00:00,200.0,201.084,200.0,200.842,1242.14,249200.79012,15
2026-09-15T23:15:00+00:00,201.176,201.908,200.769,201.164,10753.201068382017,2170694.41221,19
2026-09-15T23:30:00+00:00,199.763,200.39,199.763,200.39,524.9944468286841,105063.9143,5
2026-09-15T23:45:00+00:00,200.065,200.066,199.974,199.974,774.72,154992.134,5
2026-09-16T00:00:00+00:00,199.214,199.858,198.867,199.0,11625.55,2313059.25732,37
2026-09-16T00:15:00+00:00,199.761,200.292,199.761,200.122,3307.93916278895,662000.0,10
2026-09-16T00:30:00+00:00,200.122,200.122,200.122,200.122,0.0,0.0,0
2026-09-16T00:45:00+00:00,200.593,200.593,200.315,200.379,280.86393971873395,56279.3579,3
2026-09-16T01:00:00+00:00,200.584,200.584,199.924,199.924,55.588982570892995,11143.18528,2
2026-09-16T01:15:00+00:00,199.943,199.943,199.943,199.943,43.25,8647.53475,1
2026-09-16T01:30:00+00:00,200.06,200.08,198.373,199.235,1260.86,251575.99856,8
2026-09-16T01:45:00+00:00,198.997,198.997,198.33,198.33,741.61,147285.88485,7
2026-09-16T02:00:00+00:00,198.771,199.6,198.6,198.6,357.59,71099.72083,5
2026-09-16T02:15:00+00:00,200.54,200.54,200.173,200.173,570.39,114322.06829,6
2026-09-16T02:30:00+00:00,200.763,201.773,200.763,201.559,139.99955788480167,28144.859,6
2026-09-16T02:45:00+00:00,200.898,201.255,200.065,200.29,1260.5773524720894,252551.50078,14
2026-09-16T03:00:00+00:00,200.871,200.935,200.829,200.829,5.4,1084.5104,5
2026-09-16T03:15:00+00:00,200.975,201.898,200.654,200.654,1889.4434053052448,380178.19742,20
2026-09-16T03:30:00+00:00,201.248,201.821,201.248,201.382,285.2225967120994,57444.217599999996,8
2026-09-16T03:45:00+00:00,201.5,201.5,201.242,201.5,115.06630272952853,23184.6474,10
2026-09-16T04:00:00+00:00,201.917,202.364,201.699,202.364,476.15870569864205,96304.98332,5
2026-09-16T04:15:00+00:00,202.693,203.635,202.693,202.949,479.5739263878999,97330.4091,7
2026-09-16T04:30:00+00:00,203.594,203.78,203.594,203.744,1423.0066436714403,289835.0,5
2026-09-16T04:45:00+00:00,202.693,202.693,202.693,202.693,0.14,28.37702,1
2026-09-16T05:00:00+00:00,201.013,201.882,201.013,201.882,1133.0466475465867,228573.99795,7
2026-09-16T05:15:00+00:00,201.941,202.142,201.886,202.113,786.2693714319637,158882.27406,8
2026-09-16T05:30:00+00:00,201.9,201.92,201.9,201.92,182.55859336305102,36859.644,3
2026-09-16T05:45:00+00:00,201.092,201.092,201.092,201.092,23.596164939430707,4745.0,2
2026-09-16T06:00:00+00:00,201.267,201.435,201.077,201.435,329.79,66361.84865,4
2026-09-16T06:15:00+00:00,201.411,201.691,201.05,201.389,517.62,104294.68881,5
2026-09-16T06:30:00+00:00,201.094,201.094,201.094,201.094,14.09,2833.41446,1
2026-09-16T06:45:00+00:00,201.127,201.141,201.098,201.108,397.79,80000.2736,4
2026-09-16T07:00:00+00:00,200.97,200.97,200.863,200.863,2808.68,564172.76187,6
2026-09-16T07:15:00+00:00,200.613,200.747,200.22,200.22,1773.44,355349.70296,8
2026-09-16T07:30:00+00:00,200.0,200.0,200.0,200.0,500.0,100000.0,3
2026-09-16T07:45:00+00:00,200.135,200.135,199.455,199.455,373.4572730951018,74683.18568,7
2026-09-16T08:00:00+00:00,199.219,199.219,199.0,199.0,40.60546433824083,8085.0,2
2026-09-16T08:15:00+00:00,199.006,199.006,198.274,198.68,1573.8752283837043,312690.55022,11
2026-09-16T08:30:00+00:00,198.669,198.698,198.648,198.648,201.33749368388206,39999.94032,3
2026-09-16T08:45:00+00:00,198.508,199.508,198.508,199.508,308.3270162149039,61376.3864,6
2026-09-16T09:00:00+00:00,199.906,199.906,199.906,199.906,100.0,19990.6,1
2026-09-16T09:15:00+00:00,199.45,200.194,199.45,200.194,949.7968134909138,189725.09288,6
2026-09-16T09:30:00+00:00,199.908,199.908,199.908,199.908,37.67,7530.53436,1
2026-09-16T09:45:00+00:00,200.5,200.691,200.5,200.691,905.26,181621.48324,4
2026-09-16T10:00:00+00:00,200.7,200.7,199.957,200.221,1969.68,394575.32807,12
2026-09-16T10:15:00+00:00,199.846,200.309,199.846,200.204,314.67,62979.16433,3
2026-09-16T10:30:00+00:00,200.204,200.204,200.204,200.204,0.0,0.0,0
2026-09-16T10:45:00+00:00,200.204,200.204,200.204,200.204,0.0,0.0,0
2026-09-16T11:00:00+00:00,200.498,200.498,200.078,200.104,1064.3812385559509,213000.29032,6
2026-09-16T11:15:00+00:00,200.267,200.34,200.163,200.34,239.4274960184743,47935.9728,4
2026-09-16T11:30:00+00:00,200.49,200.63,200.378,200.404,10624.76,2130998.32354,19
2026-09-16T11:45:00+00:00,201.214,201.371,201.214,201.365,466.55997617710057,93932.62812,5
2026-09-16T12:00:00+00:00,200.674,200.674,200.674,200.674,19.93,3999.43282,2
2026-09-16T12:15:00+00:00,200.0,200.403,200.0,200.403,199.66,40001.40998,4
2026-09-16T12:30:00+00:00,199.583,199.583,198.716,198.716,76.85,15276.99478,2
2026-09-16T12:45:00+00:00,199.322,199.66,199.322,199.432,310.19154072305116,61912.52544,4
2026-09-16T13:00:00+00:00,199.0,199.0,197.5,197.5,1069.26,211813.5639,7
2026-09-16T13:15:00+00:00,197.5,197.5,197.5,197.5,0.0,0.0,0
2026-09-16T13:30:00+00:00,198.887,199.0,197.661,197.999,1117.147115496069,222088.96716,22
2026-09-16T13:45:00+00:00,198.229,198.678,198.22,198.577,1035.8533093897752,205501.1212,6
2026-09-16T14:00:00+00:00,197.999,198.092,197.25,198.092,10413.10899292178,2061444.415,23
2026-09-16T14:15:00+00:00,197.187,198.353,197.187,198.353,174.53642702656376,34566.86812,6
2026-09-16T14:30:00+00:00,197.5,197.5,197.254,197.325,302.11,59633.00575,3
2026-09-16T14:45:00+00:00,197.001,197.001,196.499,196.499,1227.7310215313069,241449.81932,17
2026-09-16T15:00:00+00:00,196.965,197.235,196.965,197.235,65.93,12999.59145,2
2026-09-16T15:15:00+00:00,197.312,197.312,197.312,197.312,15.2,2999.1424,1
2026-09-16T15:30:00+00:00,197.21,197.291,197.21,197.222,364.28477430069796,71848.56418,4
2026-09-16T15:45:00+00:00,197.223,197.223,196.381,196.6,804.31,158381.49151,11
2026-09-16T16:00:00+00:00,196.501,196.704,196.5,196.5,445.1,87495.7251,8
2026-09-16T16:15:00+00:00,197.18,197.18,196.978,196.978,158.4344379673671,31222.1078,4
2026-09-16T16:30:00+00:00,196.501,196.501,196.501,196.501,0.1,19.6501,1
2026-09-16T16:45:00+00:00,196.53,196.53,196.501,196.501,0.3,58.9539,3
2026-09-16T17:00:00+00:00,196.857,196.857,196.857,196.857,105.91,20849.12487,1
2026-09-16T17:15:00+00:00,196.451,196.451,196.0,196.155,1522.51,298637.061,21
2026-09-16T17:30:00+00:00,195.81,195.81,195.0,195.0,3159.09,616217.45094,16
2026-09-16T17:45:00+00:00,194.54,196.595,194.54,196.595,169.2,33114.056,3
2026-09-16T18:00:00+00:00,195.582,200.759,194.5,200.759,5931.021934757595,1166347.958,49
2026-09-16T18:15:00+00:00,200.759,200.759,200.759,200.759,0.0,0.0,0
2026-09-16T18:30:00+00:00,196.768,202.0,196.768,201.5,3902.9128493646094,783724.769,26
2026-09-16T18:45:00+00:00,199.921,199.921,199.92,199.92,90.46,18084.8072,2
2026-09-16T19:00:00+00:00,201.336,201.336,201.164,201.223,199.3045889852223,40105.0,3
2026-09-16T19:15:00+00:00,201.558,201.558,199.518,199.702,530.3529590971342,105976.68324,8
2026-09-16T19:30:00+00:00,201.998,202.0,201.998,202.0,118.0,23835.964,3
2026-09-16T19:45:00+00:00,203.0,203.364,203.0,203.0,133.95,27203.18496,4
2026-09-16T20:00:00+00:00,205.396,205.396,204.895,204.895,101.23864398527722,20745.73115,2
2026-09-16T20:15:00+00:00,204.463,205.468,204.463,205.251,2.2,449.9979,3
2026-09-16T20:30:00+00:00,204.282,204.282,203.172,203.172,328.3921246120559,66751.6,4
2026-09-16T20:45:00+00:00,204.065,204.07,204.065,204.07,299.1,61036.587,2
2026-09-16T21:00:00+00:00,203.555,203.558,203.555,203.558,196.51,40000.96958,3
2026-09-16T21:15:00+00:00,202.715,202.717,202.155,202.155,401.0515841531626,81074.924,5
2026-09-16T21:30:00+00:00,202.155,202.155,202.155,202.155,0.0,0.0,0
2026-09-16T21:45:00+00:00,202.155,202.155,202.155,202.155,0.0,0.0,0
2026-09-16T22:00:00+00:00,200.9,200.9,200.365,200.365,35.127600796416125,7041.00475,2
2026-09-16T22:15:00+00:00,200.365,200.365,200.365,200.365,0.0,0.0,0
2026-09-16T22:30:00+00:00,200.807,201.0,200.807,201.0,21.76,4370.39794,2
2026-09-16T22:45:00+00:00,201.0,201.0,201.0,201.0,95.66,19227.66,1
2026-09-16T23:00:00+00:00,201.429,201.429,200.999,200.999,331.47,66626.88153,3
2026-09-16T23:15:00+00:00,201.771,201.771,201.737,201.737,598.19,120687.85603,4
2026-09-16T23:30:00+00:00,202.091,203.071,202.078,202.975,2432.5364551267035,493566.01612,17
2026-09-16T23:45:00+00:00,203.411,203.412,203.107,203.161,857.3054053300316,174203.22,8
2026-09-17T00:00:00+00:00,202.76,203.252,202.76,203.252,5.92,1200.3884,3
2026-09-17T00:15:00+00:00,203.231,203.231,203.231,203.231,506.83152752286804,103003.87817,3
2026-09-17T00:30:00+00:00,202.986,202.986,202.986,202.986,78.82,15999.35652,1
2026-09-17T00:45:00+00:00,202.703,202.703,202.703,202.703,98.67,20000.70501,1
2026-09-17T01:00:00+00:00,202.033,202.033,201.61,201.663,2.529371439319319,510.8393,6
2026-09-17T01:15:00+00:00,202.318,203.508,202.318,203.508,862.52,174930.5204,4
2026-09-17T01:30:00+00:00,204.0,204.148,203.399,203.399,77.1,15739.5135,4
2026-09-17T01:45:00+00:00,203.354,203.745,203.354,203.745,164.3942877125819,33455.36839,3
2026-09-17T02:00:00+00:00,201.994,202.623,201.933,202.623,251.35099813710764,50810.56203,6
2026-09-17T02:15:00+00:00,203.155,203.439,203.155,203.439,805.6405114063675,163720.0,4
2026-09-17T02:30:00+00:00,203.023,203.113,203.023,203.113,68.95347112198628,14000.91298,2
2026-09-17T02:45:00+00:00,203.337,203.447,202.96,203.335,223.11,45374.46131,5
2026-09-17T03:00:00+00:00,202.91,203.597,202.91,203.099,1357.8654813591318,276091.5794,10
2026-09-17T03:15:00+00:00,203.3,204.077,203.3,204.077,2010.049994756881,409996.19398,9
2026-09-17T03:30:00+00:00,203.784,204.01,203.784,204.01,1471.120631341601,300000.0,6
2026-09-17T03:45:00+00:00,203.546,203.546,203.546,203.546,283.64,57733.78744,2
2026-09-17T04:00:00+00:00,203.546,203.546,203.546,203.546,0.0,0.0,0
2026-09-17T04:15:00+00:00,202.652,202.652,202.586,202.586,331.6435050793243,67201.70384,3
2026-09-17T04:30:00+00:00,202.39,202.39,202.387,202.387,148.3,30014.137,2
2026-09-17T04:45:00+00:00,202.8,202.875,202.8,202.875,288.11,58435.13175,3
2026-09-17T05:00:00+00:00,203.002,203.011,202.8,202.839,2065.5501838896857,418945.67352,4
2026-09-17T05:15:00+00:00,202.465,202.892,202.401,202.892,1478.2259009089746,299318.12616,14
2026-09-17T05:30:00+00:00,202.826,202.826,202.4,202.4,448.74495166434616,90903.9,4
2026-09-17T05:45:00+00:00,202.0,202.0,202.0,202.0,1.0,202.0,1
2026-09-17T06:00:00+00:00,202.141,202.15,202.141,202.15,79.06704191628616,15983.358,2
2026-09-17T06:15:00+00:00,202.0,202.0,201.6,201.6,152.0,30703.2,2
2026-09-17T06:30:00+00:00,202.334,202.872,202.244,202.872,177.7202554915634,35961.22576,4
2026-09-17T06:45:00+00:00,202.692,202.997,202.671,202.733,3359.721023956019,680960.77456,5
2026-09-17T07:00:00+00:00,202.967,203.603,202.967,203.564,407.0500784661256,82863.23706,4
2026-09-17T07:15:00+00:00,203.564,203.564,203.564,203.564,0.0,0.0,0
2026-09-17T07:30:00+00:00,203.45,203.45,202.698,203.117,594.3527082420477,120532.911,4
2026-09-17T07:45:00+00:00,203.019,203.093,202.919,202.919,245.9679364735323,49931.7224,4
2026-09-17T08:00:00+00:00,203.181,203.181,203.181,203.181,121.96022265861473,24780.0,1
2026-09-17T08:15:00+00:00,202.849,203.016,202.844,203.016,125.78,25517.2094,3
2026-09-17T08:30:00+00:00,202.661,203.395,202.611,203.395,1879.2481255684752,380881.64876,9
2026-09-17T08:45:00+00:00,203.035,203.407,202.727,202.881,3279.24,665362.1659,31
2026-09-17T09:00:00+00:00,202.881,202.881,202.881,202.881,0.0,0.0,0
2026-09-17T09:15:00+00:00,203.868,203.868,203.637,203.674,893.1004933668263,181939.64204,7
2026-09-17T09:30:00+00:00,203.522,203.617,203.263,203.263,1391.8,283279.07551,10
2026-09-17T09:45:00+00:00,202.313,202.313,202.313,202.313,141.16,28558.50308,1
2026-09-17T10:00:00+00:00,202.313,202.313,202.313,202.313,0.0,0.0,0
2026-09-17T10:15:00+00:00,201.827,201.922,201.827,201.922,495.37593724309386,100000.0,4
2026-09-17T10:30:00+00:00,201.601,201.601,201.601,201.601,176.15,35512.01615,1
2026-09-17T10:45:00+00:00,201.6,201.919,201.6,201.919,222.29,44837.36251,3
2026-09-17T11:00:00+00:00,202.236,202.456,202.198,202.359,4623.898447386384,935400.0,28
2026-09-17T11:15:00+00:00,202.359,202.359,202.359,202.359,0.0,0.0,0
2026-09-17T11:30:00+00:00,202.07,202.07,202.07,202.07,165.3882318008611,33420.0,1
2026-09-17T11:45:00+00:00,201.698,201.823,201.698,201.823,439.95,88759.69135,3
2026-09-17T12:00:00+00:00,203.248,203.563,202.79,202.999,5161.58352351826,1048522.30287,18
2026-09-17T12:15:00+00:00,203.98,204.25,202.578,204.055,3465.946112488757,705139.2746,15
2026-09-17T12:30:00+00:00,204.249,204.487,203.606,204.239,2540.707506165655,518956.52788,18
2026-09-17T12:45:00+00:00,203.099,203.2,203.099,203.111,687.5,139647.77505,5
2026-09-17T13:00:00+00:00,203.59,203.59,203.349,203.349,3120.0472348281405,635075.0,8
2026-09-17T13:15:00+00:00,203.225,203.322,202.6,203.185,1017.5769074669736,206396.09321,11
2026-09-17T13:30:00+00:00,201.949,201.949,201.949,201.949,158.36671634917727,31982.0,2
2026-09-17T13:45:00+00:00,202.972,202.973,202.972,202.973,198.5148270952294,40293.0,2
2026-09-17T14:00:00+00:00,203.153,203.155,202.824,202.824,285.55,57997.55561,3
2026-09-17T14:15:00+00:00,204.16,205.648,204.16,205.648,400.5,81834.5203,9
2026-09-17T14:30:00+00:00,205.023,205.023,203.415,203.656,9067.151996282346,1848343.55572,66
2026-09-17T14:45:00+00:00,202.357,202.357,202.18,202.18,271.62,54943.8816,3
2026-09-17T15:00:00+00:00,201.82,201.82,201.327,201.327,11194.2,2254095.27647,30
2026-09-17T15:15:00+00:00,201.918,201.949,201.918,201.923,166.47,33614.88333,3
2026-09-17T15:30:00+00:00,201.923,201.923,201.923,201.923,0.0,0.0,0
2026-09-17T15:45:00+00:00,203.111,203.111,201.69,202.75,6644.4,1345147.97571,21
2026-09-17T16:00:00+00:00,203.689,203.689,203.689,203.689,73.64167922666418,15000.0,1
2026-09-17T16:15:00+00:00,203.463,203.463,203.463,203.463,14.744695595759426,3000.0,1
2026-09-17T16:30:00+00:00,203.463,203.463,203.463,203.463,0.0,0.0,0
2026-09-17T16:45:00+00:00,202.96,202.994,202.849,202.849,2379.29557316965,482942.8427,6
2026-09-17T17:00:00+00:00,204.123,204.245,203.262,203.675,6846.25,1393919.55162,55
2026-09-17T17:15:00+00:00,203.175,203.175,202.762,202.762,5286.95,1072862.02069,11
2026-09-17T17:30:00+00:00,203.315,203.315,203.215,203.215,260.71,52990.18265,2
2026-09-17T17:45:00+00:00,203.215,203.215,203.215,203.215,0.0,0.0,0
2026-09-17T18:00:00+00:00,202.262,202.842,202.262,202.842,79.29945474803048,16067.86,2
2026-09-17T18:15:00+00:00,202.842,202.842,202.842,202.842,0.0,0.0,0
2026-09-17T18:30:00+00:00,202.842,202.842,202.842,202.842,0.0,0.0,0
2026-09-17T18:45:00+00:00,202.842,202.842,202.842,202.842,0.0,0.0,0
2026-09-17T19:00:00+00:00,202.842,202.842,202.842,202.842,0.0,0.0,0
2026-09-17T19:15:00+00:00,202.842,202.842,202.842,202.842,0.0,0.0,0
2026-09-17T19:30:00+00:00,201.992,202.066,201.992,202.066,296.83,59963.47402,4
2026-09-17T19:45:00+00:00,202.24,202.24,202.24,202.24,4.944620253164557,1000.0,1
2026-09-17T20:00:00+00:00,202.24,202.24,202.24,202.24,0.0,0.0,0
2026-09-17T20:15:00+00:00,202.24,202.24,202.24,202.24,0.0,0.0,0
2026-09-17T20:30:00+00:00,202.167,202.423,202.065,202.423,1975.86,399856.69199,10
2026-09-17T20:45:00+00:00,202.423,202.423,202.423,202.423,0.0,0.0,0
2026-09-17T21:00:00+00:00,202.298,202.298,202.298,202.298,1.482960780630555,300.0,1
2026-09-17T21:15:00+00:00,202.18,202.18,202.18,202.18,158.27480462953804,32000.0,1
2026-09-17T21:30:00+00:00,202.18,202.18,202.18,202.18,0.0,0.0,0
2026-09-17T21:45:00+00:00,201.462,201.918,201.376,201.75,133.6,26923.56894,5
2026-09-17T22:00:00+00:00,201.537,201.619,200.999,200.999,387.99,78048.61225,6
2026-09-17T22:15:00+00:00,201.666,201.666,200.408,200.517,3625.959091269723,727885.46796,19
2026-09-17T22:30:00+00:00,201.418,202.028,201.418,201.87,757.66,152628.0536,7
2026-09-17T22:45:00+00:00,201.938,202.056,201.938,202.056,29.942014974893283,6049.37944,2
2026-09-17T23:00:00+00:00,201.58,201.58,201.58,201.58,57.44,11578.7552,1
2026-09-17T23:15:00+00:00,202.233,202.252,202.233,202.252,72.7805009543576,14720.0,2
2026-09-17T23:30:00+00:00,202.437,202.437,202.437,202.437,296.38,59998.27806,1
2026-09-17T23:45:00+00:00,202.512,202.512,202.512,202.512,0.1,20.2512,1
2026-09-18T00:00:00+00:00,202.49,202.51,202.011,202.39,547.068023645145,110717.67834,9
2026-09-18T00:15:00+00:00,202.39,202.39,202.39,202.39,0.0,0.0,0
2026-09-18T00:30:00+00:00,202.418,202.418,202.321,202.321,14.77551156517701,2989.59275,2
2026-09-18T00:45:00+00:00,202.321,202.321,202.321,202.321,0.0,0.0,0
2026-09-18T01:00:00+00:00,203.225,203.225,203.225,203.225,63.87,12979.98075,1
2026-09-18T01:15:00+00:00,203.225,203.225,203.225,203.225,0.0,0.0,0
2026-09-18T01:30:00+00:00,202.824,203.493,202.824,203.493,210.71477273987855,42764.85768,3
2026-09-18T01:45:00+00:00,203.552,203.813,203.493,203.493,433.23687556730926,88188.25694,3
2026-09-18T02:00:00+00:00,203.373,203.373,203.035,203.035,1425.0,289491.475,4
2026-09-18T02:15:00+00:00,204.033,204.189,204.033,204.189,86.98868717315337,17749.89973,2
2026-09-18T02:30:00+00:00,204.115,204.22,203.821,204.22,387.57,79072.27098,4
2026-09-18T02:45:00+00:00,204.2,204.745,204.2,204.69,1000.2,204360.889,9
2026-09-18T03:00:00+00:00,204.499,206.0,204.035,206.0,1812.4340600150624,371423.42359,18
2026-09-18T03:15:00+00:00,206.466,207.512,206.466,207.512,560.89,116142.88591,13
2026-09-18T03:30:00+00:00,207.226,207.226,206.652,206.652,497.2064929111212,102810.3332,6
2026-09-18T03:45:00+00:00,207.553,208.672,207.553,208.156,1264.54,263563.61062,8
2026-09-18T04:00:00+00:00,208.279,208.279,206.653,206.653,1124.6,232674.72192,8
2026-09-18T04:15:00+00:00,206.653,207.159,206.537,207.159,1012.53,209470.30085,5
2026-09-18T04:30:00+00:00,206.579,206.851,206.579,206.851,135.79657045774664,28067.17734,3
2026-09-18T04:45:00+00:00,207.096,207.708,207.096,207.649,451.48552018068955,93747.324,6
2026-09-18T05:00:00+00:00,207.476,208.287,207.475,208.259,940.7521413242538,195400.65968,11
2026-09-18T05:15:00+00:00,207.966,207.966,207.382,207.74,501.1,104008.31358,5
2026-09-18T05:30:00+00:00,207.74,207.74,207.74,207.74,0.0,0.0,0
2026-09-18T05:45:00+00:00,207.13,207.13,206.587,206.587,952.25,197035.96829,6
2026-09-18T06:00:00+00:00,207.5,207.5,207.032,207.087,1503.96,312022.70887,16
2026-09-18T06:15:00+00:00,207.087,207.5,205.669,207.5,5687.175811593015,1175867.2975,24
2026-09-18T06:30:00+00:00,207.5,207.941,207.5,207.941,1177.0,244404.55268,10
2026-09-18T06:45:00+00:00,206.874,207.352,206.874,207.352,196.0,40547.69118,6
2026-09-18T07:00:00+00:00,208.0,208.439,208.0,208.293,379.67,79114.22591,4
2026-09-18T07:15:00+00:00,207.728,208.924,207.631,208.497,1001.2990532092044,208731.68649,14
2026-09-18T07:30:00+00:00,208.994,208.994,208.994,208.994,90.91,18999.64454,1
2026-09-18T07:45:00+00:00,208.469,209.275,208.4,209.275,998.7174825286148,208560.50868075498,16
2026-09-18T08:00:00+00:00,209.37,209.559,208.994,209.309,10691.916895098755,2238660.11922,51
2026-09-18T08:15:00+00:00,209.815,210.832,209.815,210.486,4197.327847216087,882116.32414,27
2026-09-18T08:30:00+00:00,210.64,210.64,209.859,209.859,1250.37,262609.14897,10
2026-09-18T08:45:00+00:00,210.095,210.729,210.095,210.68,416.1308333954893,87620.5737,5
2026-09-18T09:00:00+00:00,211.0,211.613,211.0,211.613,50.7,10698.1291,5
2026-09-18T09:15:00+00:00,211.13,211.388,211.13,211.388,78.12671908302941,16507.10792,2
2026-09-18T09:30:00+00:00,210.076,210.583,209.982,210.519,883.51,185738.35766,9
2026-09-18T09:45:00+00:00,210.961,210.961,210.79,210.79,513.8865567043167,108341.22006,5
2026-09-18T10:00:00+00:00,210.746,211.008,210.746,210.852,3319.843349351683,699991.94756,12
2026-09-18T10:15:00+00:00,210.456,211.229,210.456,211.229,2114.7474406632996,445149.0,21
2026-09-18T10:30:00+00:00,211.269,211.269,210.808,211.198,175.94893322853437,37153.55167,3
2026-09-18T10:45:00+00:00,210.973,210.973,210.6,210.6,930.8269829431413,196180.0,9
2026-09-18T11:00:00+00:00,208.8,208.8,208.333,208.534,1694.5055780484713,353374.71477,14
2026-09-18T11:15:00+00:00,208.054,208.118,208.054,208.054,330.53,68775.66862,5
2026-09-18T11:30:00+00:00,208.645,209.133,208.645,209.133,277.2023322508065,57928.24,5
2026-09-18T11:45:00+00:00,209.033,209.239,208.49,209.239,255.0857306716243,53331.7966,5
2026-09-18T12:00:00+00:00,208.345,209.104,208.345,208.441,2246.5592784451756,468346.42997,11
2026-09-18T12:15:00+00:00,208.441,208.441,208.441,208.441,0.0,0.0,0
2026-09-18T12:30:00+00:00,208.98,209.388,208.973,209.388,222.34898886278106,46498.9469,3
2026-09-18T12:45:00+00:00,209.514,209.514,208.969,208.969,691.9879613398866,144685.76219,12
2026-09-18T13:00:00+00:00,208.881,208.881,208.239,208.69,765.69,159923.08408,11
2026-09-18T13:15:00+00:00,208.904,209.083,208.904,209.083,143.98824305230315,30098.14482,3
2026-09-18T13:30:00+00:00,210.981,212.0,210.981,212.0,910.3117431201331,192405.44658,8
2026-09-18T13:45:00+00:00,212.232,216.828,212.145,214.665,4756.213164375032,1022701.8555,39
2026-09-18T14:00:00+00:00,214.953,215.979,214.953,215.846,103.19814138819454,22265.124639999998,5
2026-09-18T14:15:00+00:00,215.994,217.591,215.994,217.146,1338.0167764218281,289678.325538402,23
2026-09-18T14:30:00+00:00,216.142,218.0,216.142,218.0,1523.7692359849727,331290.55719,24
2026-09-18T14:45:00+00:00,218.789,220.464,218.752,220.464,4178.1845454545455,917306.4217881818,55
2026-09-18T15:00:00+00:00,220.398,220.678,217.46,218.131,941.96,205745.19708,21
2026-09-18T15:15:00+00:00,217.899,219.143,217.36,218.457,1767.0543541389386,385840.54372,30
2026-09-18T15:30:00+00:00,215.445,216.667,215.445,215.829,1129.5401014497086,243865.0029874532,7
2026-09-18T15:45:00+00:00,214.995,217.298,214.931,217.298,2561.42,553669.0417,20
2026-09-18T16:00:00+00:00,216.243,216.243,216.243,216.243,500.0,108121.5,2
2026-09-18T16:15:00+00:00,216.243,217.142,216.243,217.069,653.09,141356.69074,10
2026-09-18T16:30:00+00:00,217.781,217.898,217.781,217.898,702.5756218046976,153064.87568,4
2026-09-18T16:45:00+00:00,217.898,217.898,217.898,217.898,0.0,0.0,0
2026-09-18T17:00:00+00:00,216.0,216.388,215.001,216.388,11055.49,2377456.59116,47
2026-09-18T17:15:00+00:00,216.6,217.195,215.769,216.999,2828.25,611096.15281,22
2026-09-18T17:30:00+00:00,217.049,217.103,216.55,217.1,415.4,89971.3274,8
2026-09-18T17:45:00+00:00,217.489,219.313,216.774,218.088,5577.418874030634,1214483.00484,28
2026-09-18T18:00:00+00:00,217.797,217.981,217.797,217.981,10.1,2199.7681,2
2026-09-18T18:15:00+00:00,217.981,217.981,217.981,217.981,0.0,0.0,0
2026-09-18T18:30:00+00:00,217.981,217.981,217.981,217.981,0.0,0.0,0
2026-09-18T18:45:00+00:00,217.713,217.713,217.713,217.713,137.79608934698433,30000.0,1
2026-09-18T19:00:00+00:00,217.713,217.713,217.713,217.713,0.0,0.0,0
2026-09-18T19:15:00+00:00,219.0,219.0,219.0,219.0,7723.51,1691448.69,3
2026-09-18T19:30:00+00:00,219.314,220.0,219.314,220.0,4592.110935228741,1008640.93363,27
2026-09-18T19:45:00+00:00,220.023,220.023,220.023,220.023,0.1,22.0023,1
2026-09-18T20:00:00+00:00,220.999,221.698,220.483,220.483,393.0103383041093,86822.69138,6
2026-09-18T20:15:00+00:00,220.254,220.254,220.254,220.254,14.0,3083.556,1
2026-09-18T20:30:00+00:00,219.51,219.86,218.937,218.937,5829.027304648413,1278091.879,38
2026-09-18T20:45:00+00:00,220.62,220.62,219.446,219.446,982.6699128033716,216707.9234,8
2026-09-18T21:00:00+00:00,219.686,220.248,219.686,220.248,371.6385426472329,81673.57088,3
2026-09-18T21:15:00+00:00,219.884,219.884,219.281,219.884,769.8,168936.38657,7
2026-09-18T21:30:00+00:00,219.884,219.884,218.943,218.943,1323.4630576452503,290564.88027,9
2026-09-18T21:45:00+00:00,218.932,219.23,218.906,219.23,418.18,91558.65427,7
2026-09-18T22:00:00+00:00,219.843,219.843,219.539,219.539,141.88,31176.12484,2
2026-09-18T22:15:00+00:00,220.0,220.0,219.522,219.553,267.02,58732.82794,5
2026-09-18T22:30:00+00:00,218.345,218.345,218.345,218.345,90.66,19795.1577,1
2026-09-18T22:45:00+00:00,218.701,219.489,218.562,219.489,935.81,204634.83222,7
2026-09-18T23:00:00+00:00,219.734,219.734,218.542,219.0,113.22327353776934,24794.5994,6
2026-09-18T23:15:00+00:00,219.0,219.577,218.91,219.3,1044.62,228805.03226,16
2026-09-18T23:30:00+00:00,219.11,219.11,218.608,218.608,228.79670667701154,50108.43392,2
2026-09-18T23:45:00+00:00,218.977,218.977,218.977,218.977,1.0001050338620037,219.0,1
2026-09-19T00:00:00+00:00,219.051,219.976,219.051,219.976,41.39,9066.72359,4
2026-09-19T00:15:00+00:00,220.0,220.0,219.862,220.0,5544.270460115586,1219701.4812254289,56
2026-09-19T00:30:00+00:00,220.0,222.192,220.0,222.0,582.3,128626.98370511674,17
2026-09-19T00:45:00+00:00,221.393,221.393,220.8,220.841,67.73,14962.48729,4
2026-09-19T01:00:00+00:00,219.855,220.378,219.855,220.378,275.9646507364619,60685.7835,4
2026-09-19T01:15:00+00:00,218.968,219.69,218.968,219.69,70.36868542036505,15441.3548,2
2026-09-19T01:30:00+00:00,219.563,220.105,218.313,220.105,559.25,122548.27557,13
2026-09-19T01:45:00+00:00,220.329,221.496,220.329,220.733,1830.3,403704.5567,34
2026-09-19T02:00:00+00:00,220.631,221.99,220.631,221.375,5035.83,1114450.20664,51
2026-09-19T02:15:00+00:00,221.19,222.49,220.882,221.825,4753.428626169278,1051939.50358,48
2026-09-19T02:30:00+00:00,221.559,223.21,221.559,222.515,1584.9219681017876,352744.04121,29
2026-09-19T02:45:00+00:00,222.285,222.285,221.193,221.502,1800.0,399078.768,21
2026-09-19T03:00:00+00:00,221.511,221.88,221.249,221.364,3669.89,813028.17703,23
2026-09-19T03:15:00+00:00,221.214,221.214,220.571,220.571,479.28,105876.44031,6
2026-09-19T03:30:00+00:00,220.929,220.929,220.929,220.929,67.8951156253819,15000.0,1
2026-09-19T03:45:00+00:00,220.929,220.929,220.929,220.929,0.0,0.0,0
2026-09-19T04:00:00+00:00,223.355,223.356,223.355,223.356,198.0,44224.44,2
2026-09-19T04:15:00+00:00,221.475,221.475,221.126,221.126,2235.77,494847.32278,7
2026-09-19T04:30:00+00:00,221.083,221.083,221.082,221.082,507.65,112232.3253,2
2026-09-19T04:45:00+00:00,220.8,221.403,220.8,221.285,437.02,96702.6807,6
2026-09-19T05:00:00+00:00,222.018,223.137,221.597,223.137,465.13,103158.91347,6
2026-09-19T05:15:00+00:00,222.641,224.751,222.33,223.559,973.8397999804515,218068.21740419642,17
2026-09-19T05:30:00+00:00,223.981,224.465,223.981,224.359,1815.3558557936165,407258.40975,11
2026-09-19T05:45:00+00:00,224.536,224.536,223.599,223.599,369.66,82805.58496,6
2026-09-19T06:00:00+00:00,222.303,223.063,222.303,222.403,295.44,65851.37272,4
2026-09-19T06:15:00+00:00,223.158,223.158,222.122,222.122,31.9,7106.3082,4
2026-09-19T06:30:00+00:00,222.18,223.55,222.18,223.55,529.46,117951.5666,5
2026-09-19T06:45:00+00:00,223.005,223.006,223.005,223.006,124.87,27846.71122,2
2026-09-19T07:00:00+00:00,222.693,222.693,222.176,222.176,368.63,81918.89777,5
2026-09-19T07:15:00+00:00,222.176,222.176,222.176,222.176,0.0,0.0,0
2026-09-19T07:30:00+00:00,222.122,222.123,221.245,221.245,610.01,135069.17023,20
2026-09-19T07:45:00+00:00,220.973,220.973,220.921,220.921,224.98,49704.51458,3
2026-09-19T08:00:00+00:00,221.0,222.165,221.0,221.772,2569.0427088875385,570518.04204,11
2026-09-19T08:15:00+00:00,221.991,221.991,221.991,221.991,105.86,23499.96726,1
2026-09-19T08:30:00+00:00,221.728,222.069,221.728,222.069,120.95,26836.62555,4
2026-09-19T08:45:00+00:00,221.905,221.906,221.905,221.906,67.59,14998.57854,2
2026-09-19T09:00:00+00:00,221.413,222.202,221.413,221.804,3609.5157479904788,801759.94956,26
2026-09-19T09:15:00+00:00,221.231,222.362,221.089,221.851,7133.4,1581424.06148,26
2026-09-19T09:30:00+00:00,221.152,221.152,220.791,220.791,638.71,141229.63548,8
2026-09-19T09:45:00+00:00,221.318,221.65,221.085,221.65,1213.6003451387323,268533.84953,4
2026-09-19T10:00:00+00:00,221.121,221.646,221.121,221.617,42.74620297477362,9464.44526,3
2026-09-19T10:15:00+00:00,221.88,221.88,221.739,221.739,518.9188137732108,115080.95242,5
2026-09-19T10:30:00+00:00,221.739,221.739,221.739,221.739,0.0,0.0,0
2026-09-19T10:45:00+00:00,222.357,222.814,222.357,222.454,595.6938274654365,132612.36992,10
2026-09-19T11:00:00+00:00,222.599,223.464,222.599,222.939,1249.2316762179912,278711.30252,7
2026-09-19T11:15:00+00:00,223.374,223.374,223.374,223.374,44.767967623805816,10000.0,1
2026-09-19T11:30:00+00:00,223.396,224.353,223.396,224.353,1130.0003426742678,253001.35,9
2026-09-19T11:45:00+00:00,224.136,224.853,224.136,224.853,973.306511365203,218461.13233,8
2026-09-19T12:00:00+00:00,224.853,224.853,223.715,224.088,3186.3945746892596,714244.81368,25
2026-09-19T12:15:00+00:00,224.484,224.611,224.484,224.611,1113.2166100502648,250000.0,5
2026-09-19T12:30:00+00:00,224.611,224.611,224.611,224.611,0.0,0.0,0
2026-09-19T12:45:00+00:00,223.802,224.442,223.616,224.367,10075.36,2255843.18192,33
2026-09-19T13:00:00+00:00,224.368,225.912,224.368,225.912,21147.348586225395,4756792.871027862,139
2026-09-19T13:15:00+00:00,225.911,226.796,224.989,225.08,5553.574295836156,1254256.71452,58
2026-09-19T13:30:00+00:00,225.343,225.481,224.301,224.301,1955.5866905661685,440754.2983,20
2026-09-19T13:45:00+00:00,224.774,224.852,224.3,224.852,168.99750947289772,37976.44686,6
2026-09-19T14:00:00+00:00,225.69,225.729,224.609,224.609,273.82000584772004,61673.75848,5
2026-09-19T14:15:00+00:00,226.721,227.121,226.101,226.621,10419.078196579136,2365384.05411,66
2026-09-19T14:30:00+00:00,225.759,225.821,224.672,225.821,440.77,99290.53245,8
2026-09-19T14:45:00+00:00,225.2,225.482,224.755,225.482,517.4373417457957,116615.76636,7
2026-09-19T15:00:00+00:00,224.849,225.239,224.849,225.186,568.6438670254812,128002.41226,8
2026-09-19T15:15:00+00:00,224.345,224.574,224.3,224.3,58.47,13118.93292,3
2026-09-19T15:30:00+00:00,223.402,224.856,223.402,224.856,125.79418721314975,28110.06622,10
2026-09-19T15:45:00+00:00,224.372,224.396,224.372,224.396,751.61,168655.07756,3
2026-09-19T16:00:00+00:00,223.565,224.336,223.4,224.336,1098.65,245521.8709,9
2026-09-19T16:15:00+00:00,224.138,224.138,224.138,224.138,259.84,58240.01792,1
2026-09-19T16:30:00+00:00,224.351,224.856,224.351,224.856,129.24276903517693,29004.0,3
2026-09-19T16:45:00+00:00,224.856,224.856,224.856,224.856,0.0,0.0,0
2026-09-19T17:00:00+00:00,224.637,225.067,224.485,225.034,1749.8597584102351,393185.82972,13
2026-09-19T17:15:00+00:00,224.719,224.719,223.46,223.46,2282.665005006252,510144.75226,8
2026-09-19T17:30:00+00:00,223.4,223.4,223.189,223.189,18774.9,4194298.09081,96
2026-09-19T17:45:00+00:00,223.042,223.042,223.035,223.035,271.78,60617.6803,3
2026-09-19T18:00:00+00:00,223.912,223.912,223.651,223.651,249.33,55789.00383,2
2026-09-19T18:15:00+00:00,223.541,223.541,223.23,223.23,222.93,49795.7639,2
2026-09-19T18:30:00+00:00,223.0,223.0,223.0,223.0,800.0,178400.0,9
2026-09-19T18:45:00+00:00,223.638,223.638,223.638,223.638,100.0,22363.8,1
2026-09-19T19:00:00+00:00,223.883,223.883,223.636,223.636,348.14,77917.90125,6
2026-09-19T19:15:00+00:00,223.636,223.636,223.636,223.636,0.0,0.0,0
2026-09-19T19:30:00+00:00,223.636,223.636,223.636,223.636,0.0,0.0,0
2026-09-19T19:45:00+00:00,223.932,223.932,223.676,223.676,201.14517954764713,45016.81304,4
2026-09-19T20:00:00+00:00,223.676,223.676,223.676,223.676,0.0,0.0,0
2026-09-19T20:15:00+00:00,224.105,224.187,223.939,223.978,6023.426927694961,1349482.03982,17
2026-09-19T20:30:00+00:00,223.979,223.979,223.979,223.979,1951.61,437119.65619,1
2026-09-19T20:45:00+00:00,224.15,224.15,223.927,223.927,104.04,23315.58864,2
2026-09-19T21:00:00+00:00,223.0,223.0,223.0,223.0,4418.75,985381.25,21
2026-09-19T21:15:00+00:00,222.219,222.219,221.228,221.228,228.1415643589419,50637.9695,5
2026-09-19T21:30:00+00:00,221.0,221.0,220.4,220.4,300.0,66151.384,4
2026-09-19T21:45:00+00:00,220.964,220.965,220.572,220.572,280.55,61932.42639,7
2026-09-19T22:00:00+00:00,221.072,221.072,219.069,219.628,3453.840955487893,759711.96718,25
2026-09-19T22:15:00+00:00,219.628,219.628,219.624,219.628,418.06,91816.93876,4
2026-09-19T22:30:00+00:00,220.011,220.359,220.011,220.359,149.76705203781103,32976.42478,3
2026-09-19T22:45:00+00:00,221.994,221.994,221.994,221.994,22.86,5074.78284,1
2026-09-19T23:00:00+00:00,221.994,221.994,221.994,221.994,0.0,0.0,0
2026-09-19T23:15:00+00:00,220.889,221.14,220.889,221.14,552.2,122088.408,3
2026-09-19T23:30:00+00:00,221.256,221.508,220.915,221.318,253.56,56088.91114,5
2026-09-19T23:45:00+00:00,221.046,221.046,220.861,220.861,295.37,65269.98603,7
2026-09-20T00:00:00+00:00,220.542,220.542,220.161,220.164,165.238945790657,36379.8635,8
2026-09-20T00:15:00+00:00,220.165,220.165,220.025,220.025,34.21105420934299,7527.29355,5
2026-09-20T00:30:00+00:00,220.798,220.798,220.284,220.284,976.22,215508.48146,7
2026-09-20T00:45:00+00:00,220.474,220.474,220.474,220.474,66.8,14727.6632,1
2026-09-20T01:00:00+00:00,219.942,219.942,219.942,219.942,458.68,100882.99656,2
2026-09-20T01:15:00+00:00,219.4,219.793,219.4,219.4,433.89,95315.27084,5
2026-09-20T01:30:00+00:00,219.4,219.4,219.0,219.0,158.0127765924467,34644.806,5
2026-09-20T01:45:00+00:00,219.0,219.0,219.0,219.0,177.37,38844.03,3
2026-09-20T02:00:00+00:00,220.0,220.0,220.0,220.0,14.86,3269.2,1
2026-09-20T02:15:00+00:00,219.217,219.217,219.217,219.217,204.27,44779.45659,1
2026-09-20T02:30:00+00:00,218.903,218.903,218.0,218.0,3145.45,686079.81568,19
2026-09-20T02:45:00+00:00,216.851,216.851,215.0,215.0,1789.85,386541.80167,8
2026-09-20T03:00:00+00:00,214.692,216.804,214.688,215.498,10525.23367816092,2263742.27784,64
2026-09-20T03:15:00+00:00,215.244,220.0,215.0,217.077,10054.765885288849,2201524.83372,31
2026-09-20T03:30:00+00:00,215.623,216.421,215.623,216.421,273.11219105354843,58912.75,4
2026-09-20T03:45:00+00:00,216.269,216.961,216.269,216.961,335.0446627730209,72549.529,5
2026-09-20T04:00:00+00:00,216.901,217.132,216.226,216.226,2332.8317908829426,505956.29314,14
2026-09-20T04:15:00+00:00,216.226,216.226,216.226,216.226,0.0,0.0,0
2026-09-20T04:30:00+00:00,216.405,217.205,216.405,217.205,141.69972790681615,30691.83708,3
2026-09-20T04:45:00+00:00,216.565,216.565,216.297,216.297,107.92967446263246,23349.07231,2
2026-09-20T05:00:00+00:00,216.821,216.955,216.662,216.662,192.21,41666.29927,4
2026-09-20T05:15:00+00:00,216.662,216.662,216.662,216.662,0.0,0.0,0
2026-09-20T05:30:00+00:00,216.596,217.139,216.596,216.724,151.73039808601862,32901.31412,3
2026-09-20T05:45:00+00:00,216.897,216.945,216.897,216.945,138.294632280071,29997.9034,2
2026-09-20T06:00:00+00:00,216.732,216.732,216.732,216.732,115.35,25000.0362,2
2026-09-20T06:15:00+00:00,216.759,216.9,216.446,216.446,927.13,200847.8582,3
2026-09-20T06:30:00+00:00,216.462,216.777,216.271,216.428,778.15,168358.51935,14
2026-09-20T06:45:00+00:00,216.52,216.52,216.355,216.355,510.18,110404.57505,9
2026-09-20T07:00:00+00:00,216.617,216.715,216.611,216.715,90.84,19682.2541,3
2026-09-20T07:15:00+00:00,216.467,217.38,216.26,217.38,8817.156026635384,1912361.89644,42
2026-09-20T07:30:00+00:00,216.787,216.789,216.787,216.789,621.0,134624.927,2
2026-09-20T07:45:00+00:00,216.798,217.154,216.266,216.599,2239.69495661026,485437.90334,16
2026-09-20T08:00:00+00:00,216.672,216.75,216.672,216.722,463.11989619377164,100362.82698,6
2026-09-20T08:15:00+00:00,216.956,216.956,216.412,216.412,122.1,26445.04304,3
2026-09-20T08:30:00+00:00,216.412,216.412,216.412,216.412,0.0,0.0,0
2026-09-20T08:45:00+00:00,216.31,216.313,216.0,216.204,1373.9711596856455,296986.425,13
2026-09-20T09:00:00+00:00,216.516,216.516,216.516,216.516,420.59,91064.46444,1
2026-09-20T09:15:00+00:00,216.48,217.077,216.48,217.077,259.28,56222.17836,3
2026-09-20T09:30:00+00:00,217.513,217.513,217.252,217.252,136.0,29571.328,2
2026-09-20T09:45:00+00:00,217.252,217.252,217.252,217.252,0.0,0.0,0
2026-09-20T10:00:00+00:00,217.252,217.252,217.252,217.252,0.0,0.0,0
2026-09-20T10:15:00+00:00,216.488,218.693,216.272,216.272,2130.885678828312,462315.82904,10
2026-09-20T10:30:00+00:00,216.324,216.324,215.822,215.841,1867.866876033747,403354.0676,6
2026-09-20T10:45:00+00:00,215.921,216.086,215.921,216.086,519.7915997054479,112238.8376139514,6
2026-09-20T11:00:00+00:00,216.01,216.082,216.01,216.082,1022.4654899528882,220898.31,8
2026-09-20T11:15:00+00:00,215.885,215.885,215.885,215.885,23.28,5025.8028,1
2026-09-20T11:30:00+00:00,216.523,216.58,215.761,215.761,3258.5997137316467,703660.24141,12
2026-09-20T11:45:00+00:00,215.761,215.761,215.761,215.761,0.0,0.0,0
2026-09-20T12:00:00+00:00,216.411,216.411,216.411,216.411,5.0,1082.055,1
2026-09-20T12:15:00+00:00,216.947,216.947,216.61,216.619,599.4454297176148,130001.71965,5
2026-09-20T12:30:00+00:00,215.87,216.157,215.87,216.157,518.4188942484807,111960.80315,6
2026-09-20T12:45:00+00:00,216.296,216.585,216.285,216.286,1510.82,326920.55576,6
2026-09-20T13:00:00+00:00,216.664,216.78,215.831,215.831,986.5718867054156,213016.82682,8
2026-09-20T13:15:00+00:00,216.448,216.494,216.448,216.494,279.4732827699613,60502.05696,2
2026-09-20T13:30:00+00:00,216.15,216.15,215.667,215.776,115.86,25043.0533,3
2026-09-20T13:45:00+00:00,215.778,216.359,215.778,216.359,754.7249555615467,163210.28375,14
2026-09-20T14:00:00+00:00,217.0,217.0,216.325,216.325,256.63,55591.40763,5
2026-09-20T14:15:00+00:00,216.408,216.408,215.864,215.864,92.82324793907804,20037.27552,2
2026-09-20T14:30:00+00:00,216.075,216.445,216.075,216.445,162.0,35028.2,26
2026-09-20T14:45:00+00:00,216.445,216.496,216.445,216.496,234.05,50660.1788,4
2026-09-20T15:00:00+00:00,217.333,217.333,217.333,217.333,28.49,6191.81717,1
2026-09-20T15:15:00+00:00,217.333,217.333,217.333,217.333,0.0,0.0,0
2026-09-20T15:30:00+00:00,217.333,217.333,217.333,217.333,0.0,0.0,0
2026-09-20T15:45:00+00:00,217.333,217.333,217.333,217.333,0.0,0.0,0
2026-09-20T16:00:00+00:00,218.0,219.594,218.0,219.593,9817.67,2155892.13974,52
2026-09-20T16:15:00+00:00,219.593,219.593,219.593,219.593,0.0,0.0,0
2026-09-20T16:30:00+00:00,220.0,222.032,220.0,222.032,1276.75,281354.356,16
2026-09-20T16:45:00+00:00,221.716,221.716,221.257,221.257,150.0,33225.5,3
2026-09-20T17:00:00+00:00,221.606,221.739,221.606,221.739,350.0,77595.35,4
2026-09-20T17:15:00+00:00,220.674,220.674,219.87,219.87,1438.891984416636,316451.91254,10
2026-09-20T17:30:00+00:00,219.87,220.211,219.87,220.211,248.4590962841679,54713.42295,5
2026-09-20T17:45:00+00:00,220.743,220.743,219.6,219.6,1439.02,316302.62228,11
2026-09-20T18:00:00+00:00,219.6,219.6,219.113,219.592,3540.21,777416.16295,21
2026-09-20T18:15:00+00:00,219.6,219.6,219.6,219.6,5025.03,1103496.588,31
2026-09-20T18:30:00+00:00,219.6,219.6,219.6,219.6,0.0,0.0,0
2026-09-20T18:45:00+00:00,219.6,219.6,219.6,219.6,0.0,0.0,0
2026-09-20T19:00:00+00:00,220.0,220.0,220.0,220.0,2528.26,556217.2,14
2026-09-20T19:15:00+00:00,220.0,220.294,220.0,220.294,53.0,11675.42618,2
2026-09-20T19:30:00+00:00,220.294,220.294,220.294,220.294,0.0,0.0,0
2026-09-20T19:45:00+00:00,221.06,221.06,221.06,221.06,1.0,221.06,1
2026-09-20T20:00:00+00:00,221.06,221.06,221.06,221.06,0.0,0.0,0
2026-09-20T20:15:00+00:00,221.175,221.213,221.175,221.213,158.23572755669875,35000.0,2
2026-09-20T20:30:00+00:00,221.213,221.213,221.213,221.213,0.0,0.0,0
2026-09-20T20:45:00+00:00,221.015,221.015,220.112,220.112,189.09394146026298,41752.13132,5
2026-09-20T21:00:00+00:00,220.3,220.3,218.102,219.148,5755.33,1262220.9143,39
2026-09-20T21:15:00+00:00,220.002,220.003,219.003,219.003,110.25,24221.49995,4
2026-09-20T21:30:00+00:00,220.1,220.1,219.673,219.673,169.27441601835454,37218.323,3
2026-09-20T21:45:00+00:00,219.851,220.037,219.851,220.037,246.42574534604256,54200.0,4
2026-09-20T22:00:00+00:00,220.1,220.414,219.821,220.414,821.4189021395205,180995.32607,8
2026-09-20T22:15:00+00:00,221.298,221.298,221.298,221.298,90.38,20000.91324,1
2026-09-20T22:30:00+00:00,221.488,221.488,221.128,221.142,174.02640448218793,38490.64496,3
2026-09-20T22:45:00+00:00,221.531,221.531,221.531,221.531,43.33,9598.93823,2
2026-09-20T23:00:00+00:00,221.481,221.481,221.346,221.398,924.8323993028747,204766.19902,6
2026-09-20T23:15:00+00:00,221.635,222.0,221.624,221.64,1645.6277431871504,365000.0,9
2026-09-20T23:30:00+00:00,221.684,221.686,221.684,221.686,207.5,45999.445,2
2026-09-20T23:45:00+00:00,221.624,221.624,221.624,221.624,90.24,19999.34976,1
2026-09-21T00:00:00+00:00,222.0,223.23,222.0,223.23,11066.443842564884,2458017.8167,48
2026-09-21T00:15:00+00:00,223.23,224.0,223.23,223.613,5981.788571428571,1338166.55367,44
2026-09-21T00:30:00+00:00,223.539,223.539,223.459,223.459,712.13,159136.57767,3
2026-09-21T00:45:00+00:00,223.459,223.459,223.459,223.459,0.0,0.0,0
2026-09-21T01:00:00+00:00,223.419,223.419,222.546,222.546,467.21,104359.34292,8
2026-09-21T01:15:00+00:00,223.729,224.5,223.011,223.473,7131.407487464106,1597361.41143,49
2026-09-21T01:30:00+00:00,224.134,224.134,222.769,222.769,301.22,67377.42492,5
2026-09-21T01:45:00+00:00,221.117,221.117,220.24,220.912,4993.89,1100111.93263,42
2026-09-21T02:00:00+00:00,221.062,221.062,221.062,221.062,141.85,31357.6447,1
2026-09-21T02:15:00+00:00,221.629,222.763,221.629,222.763,112.59388222611508,25018.9916,4
2026-09-21T02:30:00+00:00,221.0,224.0,221.0,223.999,10473.98508903452,2334503.0,23
2026-09-21T02:45:00+00:00,221.582,222.0,221.469,221.999,11484.554298528137,2548903.53838,46
2026-09-21T03:00:00+00:00,221.995,222.534,221.995,222.534,413.58,91885.37086,4
2026-09-21T03:15:00+00:00,222.778,223.624,222.778,223.624,566.7442671627374,126683.34,4
2026-09-21T03:30:00+00:00,223.744,223.745,223.273,223.291,1277.1287189295597,285199.68305,12
2026-09-21T03:45:00+00:00,223.596,223.6,223.334,223.334,150.36,33602.45544,3
2026-09-21T04:00:00+00:00,223.494,223.495,222.551,222.936,319.0085192062462,71133.81972,6
2026-09-21T04:15:00+00:00,222.706,222.843,222.706,222.843,448.8950875728652,100000.0,5
2026-09-21T04:30:00+00:00,222.3,223.157,222.291,222.862,1116.91,248533.06039,6
2026-09-21T04:45:00+00:00,223.26,223.286,222.653,222.853,332.8130598442196,74299.1437,7
2026-09-21T05:00:00+00:00,222.853,223.031,222.853,223.031,224.25829351076757,50000.0,3
2026-09-21T05:15:00+00:00,223.031,223.031,223.031,223.031,0.0,0.0,0
2026-09-21T05:30:00+00:00,223.8,224.459,223.8,224.321,38262.27864370536,8574578.05297,257
2026-09-21T05:45:00+00:00,224.459,224.856,224.178,224.178,622.98,139880.47425,10
2026-09-21T06:00:00+00:00,224.24,224.365,223.882,224.365,659.5,147827.219,8
2026-09-21T06:15:00+00:00,224.5,225.932,224.5,225.715,8166.587573452234,1837836.2927,53
2026-09-21T06:30:00+00:00,225.326,225.328,223.86,223.86,2400.0,537962.092,25
2026-09-21T06:45:00+00:00,225.116,225.482,225.116,225.482,321.8177060696641,72511.6,4
2026-09-21T07:00:00+00:00,225.959,225.959,225.959,225.959,309.73,69986.28107,1
2026-09-21T07:15:00+00:00,225.832,226.5,225.826,226.499,1274.1887059406993,287827.24352,10
2026-09-21T07:30:00+00:00,225.716,226.303,225.716,225.875,1646.8482029403058,371994.60061,9
2026-09-21T07:45:00+00:00,225.897,226.447,225.662,226.23,279.59,63165.84875,7
2026-09-21T08:00:00+00:00,226.5,227.363,226.5,227.232,1582.608986751758,358888.12671,17
2026-09-21T08:15:00+00:00,227.237,227.838,226.422,227.663,1018.1632366648037,231253.9561,12
2026-09-21T08:30:00+00:00,227.205,231.693,227.205,231.59,18387.85372770029,4232521.07815,116
2026-09-21T08:45:00+00:00,231.34,233.277,231.317,231.87,1772.9622436937032,411701.5471,17
2026-09-21T09:00:00+00:00,231.0,231.781,230.57,230.793,4935.35,1140325.66996,40
2026-09-21T09:15:00+00:00,231.567,231.616,231.546,231.546,998.1292029479829,231135.64225,6
2026-09-21T09:30:00+00:00,231.98,232.847,231.98,232.513,843.0664958891591,196142.013,5
2026-09-21T09:45:00+00:00,232.009,232.009,231.222,231.6,3213.3617994301985,744209.60115,12
2026-09-21T10:00:00+00:00,230.818,232.0,230.818,232.0,1269.96,293729.4132,3
2026-09-21T10:15:00+00:00,232.0,232.888,232.0,232.888,236.99,55059.9148,5
2026-09-21T10:30:00+00:00,233.471,233.871,233.471,233.871,1311.25,306562.97875,11
2026-09-21T10:45:00+00:00,233.0,233.0,232.845,233.0,12572.549699570816,2929024.81105,93
2026-09-21T11:00:00+00:00,232.999,234.927,232.999,234.256,929.8563787372871,218022.26588,14
2026-09-21T11:15:00+00:00,234.25,235.095,233.868,234.865,4104.341361789915,961912.08439,25
2026-09-21T11:30:00+00:00,234.865,234.865,233.553,234.144,720.0587081645705,168762.97586,15
2026-09-21T11:45:00+00:00,234.315,234.315,232.896,233.359,479.47059451107106,111817.31879483395,9
2026-09-21T12:00:00+00:00,233.711,233.948,233.327,233.906,1069.47,250022.55115,8
2026-09-21T12:15:00+00:00,233.652,234.055,229.5,233.566,10895.970793142182,2531392.76945,36
2026-09-21T12:30:00+00:00,234.001,235.058,234.001,234.414,42.79787043435972,10036.19,4
2026-09-21T12:45:00+00:00,234.5,234.5,234.002,234.004,407.6920322903223,95550.32188,4
2026-09-21T13:00:00+00:00,233.658,234.368,233.658,233.922,645.6385440893029,151012.74468,14
2026-09-21T13:15:00+00:00,234.004,234.489,233.452,233.452,1762.133175336198,411962.30767,17
2026-09-21T13:30:00+00:00,233.056,233.056,231.5,231.928,2801.2,651772.06999,17
2026-09-21T13:45:00+00:00,233.453,235.523,233.453,234.697,590.4612165406893,138352.32491,14
2026-09-21T14:00:00+00:00,234.236,234.236,231.973,233.044,720.0455253085254,167746.2386,4
2026-09-21T14:15:00+00:00,232.731,233.404,232.724,233.404,218.55,50873.62372,4
2026-09-21T14:30:00+00:00,235.077,235.857,234.761,235.188,1213.9416911094434,285356.25222,11
2026-09-21T14:45:00+00:00,235.22,237.059,235.22,236.066,2350.41986487543,555320.0616,22
2026-09-21T15:00:00+00:00,236.193,236.765,235.433,236.752,92.33829154558356,21855.9133,5
2026-09-21T15:15:00+00:00,235.779,235.898,233.602,233.89,618.63,145353.29734,7
2026-09-21T15:30:00+00:00,235.02,235.02,235.02,235.02,39.33282273849034,9244.0,1
2026-09-21T15:45:00+00:00,236.246,236.246,236.09,236.197,127.05353135477743,30000.0,3
2026-09-21T16:00:00+00:00,236.197,236.197,236.197,236.197,0.0,0.0,0
2026-09-21T16:15:00+00:00,235.9,235.9,235.9,235.9,21.195421788893597,5000.0,1
2026-09-21T16:30:00+00:00,233.511,233.764,233.511,233.764,171.22097500042779,40000.0,2
2026-09-21T16:45:00+00:00,233.764,233.764,233.764,233.764,0.0,0.0,0
2026-09-21T17:00:00+00:00,233.764,233.764,233.764,233.764,0.0,0.0,0
2026-09-21T17:15:00+00:00,234.589,234.589,234.589,234.589,12.788323408173444,3000.0,1
2026-09-21T17:30:00+00:00,235.658,235.658,235.658,235.658,21.21718761934668,5000.0,1
2026-09-21T17:45:00+00:00,235.658,235.658,235.658,235.658,0.0,0.0,0
2026-09-21T18:00:00+00:00,236.0,236.984,236.0,236.984,62.19,14718.35496,2
2026-09-21T18:15:00+00:00,237.5,237.5,237.5,237.5,48.997894736842106,11637.0,1
2026-09-21T18:30:00+00:00,237.5,237.5,237.5,237.5,0.0,0.0,0
2026-09-21T18:45:00+00:00,237.5,237.5,237.5,237.5,0.0,0.0,0
2026-09-21T19:00:00+00:00,237.5,237.5,237.5,237.5,0.0,0.0,0
2026-09-21T19:15:00+00:00,237.5,237.5,237.5,237.5,0.0,0.0,0
2026-09-21T19:30:00+00:00,237.5,237.5,237.5,237.5,0.0,0.0,0
2026-09-21T19:45:00+00:00,237.5,237.5,237.5,237.5,0.0,0.0,0
2026-09-21T20:00:00+00:00,237.0,237.0,237.0,237.0,10.0,2370.0,1
2026-09-21T20:15:00+00:00,237.5,239.189,237.5,238.273,1769.6099572988908,421842.56507,22
2026-09-21T20:30:00+00:00,239.7,240.0,238.584,240.0,2456.520447620537,588748.987,26
2026-09-21T20:45:00+00:00,240.0,240.0,239.777,240.0,564.11,135379.71,13
2026-09-21T21:00:00+00:00,239.707,239.95,238.56,238.56,1516.95,363707.80827,19
2026-09-21T21:15:00+00:00,239.553,240.067,238.555,238.585,403.2612049985251,96387.03962,9
2026-09-21T21:30:00+00:00,242.103,242.103,242.103,242.103,24.78,5999.31234,1
2026-09-21T21:45:00+00:00,242.085,243.961,242.085,243.961,3856.65268344296,936475.3273,15
2026-09-21T22:00:00+00:00,245.114,246.778,245.0,246.778,8883.417043897709,2176811.2,52
2026-09-21T22:15:00+00:00,247.0,247.03,242.543,242.543,643.4864303525145,157974.51192,18
2026-09-21T22:30:00+00:00,242.543,242.543,242.543,242.543,0.0,0.0,0
2026-09-21T22:45:00+00:00,243.607,244.593,243.283,244.593,1756.6307949123645,427981.45028,13
2026-09-21T23:00:00+00:00,246.421,246.608,244.506,244.911,895.0,219506.0873,13
2026-09-21T23:15:00+00:00,244.7,244.7,241.513,241.549,617.9390488863698,150533.54274,20
2026-09-21T23:30:00+00:00,241.735,242.474,240.574,240.574,1023.3461183320298,247115.9066264406,19
2026-09-21T23:45:00+00:00,240.52,241.876,240.357,241.876,1678.7441088822372,405002.0649,13
2026-09-22T00:00:00+00:00,241.678,241.678,241.678,241.678,20.15,4869.8117,1
2026-09-22T00:15:00+00:00,241.1,241.1,241.1,241.1,2073.83,500000.413,9
2026-09-22T00:30:00+00:00,240.831,241.072,239.522,240.229,1048.8495777099129,251572.63592,11
2026-09-22T00:45:00+00:00,241.604,241.604,240.747,240.747,149.3633150749587,36009.04792,4
2026-09-22T01:00:00+00:00,238.555,238.797,236.644,238.393,2806.2042621217906,667635.2852,19
2026-09-22T01:15:00+00:00,236.627,238.565,236.558,238.505,2910.44,690414.70524,15
2026-09-22T01:30:00+00:00,238.115,238.351,237.833,238.351,299.36183682887844,71278.48211,3
2026-09-22T01:45:00+00:00,238.484,238.484,237.42,237.42,36.04,8583.37221,5
2026-09-22T02:00:00+00:00,238.009,238.542,236.932,238.542,28.00246857995657,6659.63904,3
2026-09-22T02:15:00+00:00,237.999,239.027,237.999,239.027,772.0387469071084,184030.6972,7
2026-09-22T02:30:00+00:00,238.633,239.68,238.633,239.406,975.7693670727637,233548.43221,10
2026-09-22T02:45:00+00:00,239.113,239.113,239.052,239.052,104.55,24997.98925,2
2026-09-22T03:00:00+00:00,238.01,238.011,237.802,237.802,568.93,135401.92386,4
2026-09-22T03:15:00+00:00,238.614,239.243,237.802,239.243,457.98624197991165,108993.74672,8
2026-09-22T03:30:00+00:00,238.803,238.803,238.803,238.803,0.594632395740422,142.0,1
2026-09-22T03:45:00+00:00,238.481,238.481,237.802,238.0,3491.480336134454,831114.77086,24
2026-09-22T04:00:00+00:00,238.0,239.356,237.999,238.761,6907.229663865546,1644243.69558,52
2026-09-22T04:15:00+00:00,238.853,238.853,238.853,238.853,126.56,30229.23568,1
2026-09-22T04:30:00+00:00,238.854,238.854,238.061,238.315,4079.64,972977.6333,22
2026-09-22T04:45:00+00:00,238.156,238.184,237.728,237.771,3191.277791623283,759180.85566,11
2026-09-22T05:00:00+00:00,237.494,237.965,236.582,236.582,3820.6920376362555,906278.18022,14
2026-09-22T05:15:00+00:00,237.115,237.16,236.311,236.311,676.48,160180.08436,6
2026-09-22T05:30:00+00:00,236.0,236.0,235.087,235.805,405.38,95447.5131,4
2026-09-22T05:45:00+00:00,238.849,238.849,238.849,238.849,24.91,5949.72859,1
2026-09-22T06:00:00+00:00,238.646,238.899,238.646,238.899,201.0755256740109,48017.65935,2
2026-09-22T06:15:00+00:00,238.553,238.581,238.553,238.581,87.04881150100816,20765.84501,2
2026-09-22T06:30:00+00:00,238.9,239.5,238.9,239.5,394.3520301381331,94390.35921808289,16
2026-09-22T06:45:00+00:00,239.5,239.986,239.5,239.986,62.61449690128952,15000.0,3
2026-09-22T07:00:00+00:00,239.381,240.0,239.121,240.0,173.44,41545.0596,6
2026-09-22T07:15:00+00:00,240.0,240.0,240.0,240.0,0.0,0.0,0
2026-09-22T07:30:00+00:00,238.582,239.171,237.939,239.171,1710.58,408369.80073,9
2026-09-22T07:45:00+00:00,239.545,239.545,239.545,239.545,38.71,9272.78695,1
2026-09-22T08:00:00+00:00,240.0,240.0,240.0,240.0,166.73,40015.2,1
2026-09-22T08:15:00+00:00,239.711,239.856,238.925,238.925,2464.0605261636015,589697.45224,20
2026-09-22T08:30:00+00:00,240.0,240.0,239.999,239.999,277.2558333333333,66541.25634,7
2026-09-22T08:45:00+00:00,240.0,244.017,240.0,243.362,572.2196914404605,139074.6,13
2026-09-22T09:00:00+00:00,240.263,240.263,240.263,240.263,400.0,96105.2,2
2026-09-22T09:15:00+00:00,241.447,241.447,241.447,241.447,8.283391386101298,2000.0,1
2026-09-22T09:30:00+00:00,241.937,242.101,241.454,241.454,210.70989157417773,50999.61956,5
2026-09-22T09:45:00+00:00,241.875,242.001,241.837,241.837,613.3210193346308,148367.4,5
2026-09-22T10:00:00+00:00,241.837,241.837,241.837,241.837,0.0,0.0,0
2026-09-22T10:15:00+00:00,240.0,240.0,240.0,240.0,1.0,240.0,1
2026-09-22T10:30:00+00:00,239.654,240.409,239.654,240.409,1688.5292140258923,405000.0,9
2026-09-22T10:45:00+00:00,239.918,240.921,239.918,240.169,2156.9618603141307,518913.7177,17
2026-09-22T11:00:00+00:00,240.522,240.711,240.522,240.699,414.65,99780.64035,5
2026-09-22T11:15:00+00:00,241.209,241.209,241.209,241.209,19.103764784896086,4608.0,1
2026-09-22T11:30:00+00:00,240.89,240.89,240.89,240.89,2.075636182489933,500.0,1
2026-09-22T11:45:00+00:00,241.742,241.835,241.541,241.835,626.6909367957492,151459.34437,6
2026-09-22T12:00:00+00:00,241.722,241.722,241.722,241.722,16.833387114122836,4069.0,1
2026-09-22T12:15:00+00:00,241.192,241.788,240.985,241.788,920.9838588001737,222126.85397,9
2026-09-22T12:30:00+00:00,241.937,242.713,241.911,241.911,683.01,165473.70436,11
2026-09-22T12:45:00+00:00,242.401,242.493,242.401,242.493,412.4939688980713,100000.0,4
2026-09-22T13:00:00+00:00,242.512,242.512,242.512,242.512,83.2,20176.9984,1
2026-09-22T13:15:00+00:00,242.999,243.395,242.189,242.189,790.78,192335.06483,15
2026-09-22T13:30:00+00:00,242.184,245.0,242.184,245.0,1452.458187154371,355035.40154,14
2026-09-22T13:45:00+00:00,245.0,250.82,245.0,250.026,11878.578934320789,2961563.47872,96
2026-09-22T14:00:00+00:00,249.106,249.106,247.334,247.99,1572.0846529120008,389683.44264,24
2026-09-22T14:15:00+00:00,246.675,246.675,244.81,244.898,45.45333265277789,11162.00273,4
2026-09-22T14:30:00+00:00,243.559,243.559,241.086,242.486,644.999084274061,156317.49138,12
2026-09-22T14:45:00+00:00,243.463,244.797,243.463,244.552,1988.64,486569.04423,9
2026-09-22T15:00:00+00:00,246.209,246.955,244.0,244.0,6167.096951658529,1516491.3542,28
2026-09-22T15:15:00+00:00,247.086,248.793,246.958,248.638,913.0256867992139,225712.09896,8
2026-09-22T15:30:00+00:00,247.524,247.957,246.931,247.678,1108.8627836949588,274639.57108,6
2026-09-22T15:45:00+00:00,248.11,248.729,247.122,247.122,826.96,205198.75422,6
2026-09-22T16:00:00+00:00,247.238,247.238,247.238,247.238,30.0,7417.14,1
2026-09-22T16:15:00+00:00,244.066,244.979,244.066,244.979,170.83102865959938,41705.00278,2
2026-09-22T16:30:00+00:00,244.422,244.422,244.422,244.422,98.16,23992.46352,1
2026-09-22T16:45:00+00:00,245.785,245.785,245.703,245.703,190.6,46843.2918,2
2026-09-22T17:00:00+00:00,246.181,246.602,246.0,246.325,1314.33,323686.91375,9
2026-09-22T17:15:00+00:00,246.325,246.325,246.325,246.325,0.0,0.0,0
2026-09-22T17:30:00+00:00,247.003,247.527,247.003,247.182,195.45602026037494,48288.085,3
2026-09-22T17:45:00+00:00,246.715,246.715,246.715,246.715,100.0,24671.5,1
2026-09-22T18:00:00+00:00,246.63,246.774,246.629,246.749,552.72,136340.10168,6
2026-09-22T18:15:00+00:00,246.67,248.439,246.638,247.525,4779.53,1182576.45086,55
2026-09-22T18:30:00+00:00,247.698,249.429,247.698,248.403,1085.541152290289,269974.39918,9
2026-09-22T18:45:00+00:00,249.291,249.291,248.383,248.383,1627.9233208417304,404932.92518,8
2026-09-22T19:00:00+00:00,250.049,250.832,249.624,249.624,1120.0,280549.12,15
2026-09-22T19:15:00+00:00,249.816,252.5,249.816,252.066,2124.1,533615.54855,43
2026-09-22T19:30:00+00:00,252.33,252.5,248.0,248.32,3073.7786703788342,770176.11744,25
2026-09-22T19:45:00+00:00,248.0,248.571,248.0,248.571,629.13,156138.61322,4
2026-09-22T20:00:00+00:00,248.87,249.289,248.392,248.392,219.6301374376362,54615.0,4
2026-09-22T20:15:00+00:00,248.392,248.392,248.392,248.392,0.0,0.0,0
2026-09-22T20:30:00+00:00,248.0,248.001,247.338,247.338,1216.2627167681471,300962.24884,16
2026-09-22T20:45:00+00:00,246.784,246.784,246.784,246.784,0.13777230290456433,34.0,1
2026-09-22T21:00:00+00:00,247.338,247.338,247.338,247.338,2983.637283231853,737966.87836,11
2026-09-22T21:15:00+00:00,247.338,247.338,247.338,247.338,0.0,0.0,0
2026-09-22T21:30:00+00:00,247.893,247.893,247.893,247.893,40.34,10000.00362,1
2026-09-22T21:45:00+00:00,247.241,247.241,247.241,247.241,21.032110370043803,5200.0,1
2026-09-22T22:00:00+00:00,244.999,244.999,244.999,244.999,18.93,4637.83107,1
2026-09-22T22:15:00+00:00,246.569,246.793,246.569,246.793,466.1177586074159,115000.0,3
2026-09-22T22:30:00+00:00,246.816,247.354,246.816,247.354,140.92,34824.57668,2
2026-09-22T22:45:00+00:00,247.354,247.354,247.354,247.354,0.0,0.0,0
2026-09-22T23:00:00+00:00,247.354,247.354,247.354,247.354,0.0,0.0,0
2026-09-22T23:15:00+00:00,249.0,249.0,248.261,248.261,403.6878929835939,100486.0,6
2026-09-22T23:30:00+00:00,247.36,247.36,247.36,247.36,80.56,19927.3216,1
2026-09-22T23:45:00+00:00,247.148,247.15,246.817,247.15,392.75,97014.47927,4
2026-09-23T00:00:00+00:00,247.15,247.15,247.15,247.15,0.0,0.0,0
2026-09-23T00:15:00+00:00,249.741,249.78,249.443,249.443,484.72,121061.87236,4
2026-09-23T00:30:00+00:00,249.095,249.282,248.487,249.282,736.0914547965332,183404.84263,6
2026-09-23T00:45:00+00:00,249.282,249.282,249.282,249.282,0.0,0.0,0
2026-09-23T01:00:00+00:00,249.443,250.555,249.443,250.555,1945.99,487197.74018,18
2026-09-23T01:15:00+00:00,251.784,251.999,251.784,251.785,20033.86,5044432.06096,122
2026-09-23T01:30:00+00:00,249.965,250.137,249.59,249.59,378.2461994679255,94570.04059,3
2026-09-23T01:45:00+00:00,248.567,250.237,248.042,250.237,2170.260661322485,542062.4702,38
2026-09-23T02:00:00+00:00,249.198,249.198,248.001,248.057,610.4,151819.66472,11
2026-09-23T02:15:00+00:00,248.978,251.181,248.816,250.641,3486.679613829268,872839.41204,51
2026-09-23T02:30:00+00:00,250.563,251.471,249.965,251.471,3853.7754729968865,965901.77182,30
2026-09-23T02:45:00+00:00,251.353,252.11,251.301,252.11,2731.428286131898,687042.7104,31
2026-09-23T03:00:00+00:00,252.076,252.076,250.476,251.581,2752.949071054385,690709.31118,17
2026-09-23T03:15:00+00:00,251.749,252.5,251.749,252.306,1560.4152475247524,393504.0156,15
2026-09-23T03:30:00+00:00,252.5,255.0,252.5,255.0,460.54475247524755,117165.075,6
2026-09-23T03:45:00+00:00,255.109,255.371,253.691,255.371,979.18,249493.2953,12
2026-09-23T04:00:00+00:00,254.9,257.5,254.838,257.5,11227.088349514563,2862066.9635,83
2026-09-23T04:15:00+00:00,257.5,260.989,257.5,259.199,1828.871650485437,474688.35814,19
2026-09-23T04:30:00+00:00,259.29,260.447,259.043,260.447,3563.2025173580037,926090.20208,27
2026-09-23T04:45:00+00:00,260.447,261.047,259.78,260.032,7546.18,1963769.68616,29
2026-09-23T05:00:00+00:00,258.534,260.888,255.846,255.862,3922.443144874429,1009305.36026,15
2026-09-23T05:15:00+00:00,255.862,255.862,255.862,255.862,0.0,0.0,0
2026-09-23T05:30:00+00:00,255.023,256.276,255.019,256.276,999.5983143300764,254944.44105,5
2026-09-23T05:45:00+00:00,255.499,255.499,253.49,254.398,6356.5436408305095,1618761.03408,34
2026-09-23T06:00:00+00:00,254.257,254.591,254.257,254.591,313.57,79781.99987,3
2026-09-23T06:15:00+00:00,255.859,256.12,255.5,255.5,384.82,98532.24946,6
2026-09-23T06:30:00+00:00,255.654,256.988,255.5,256.988,1469.23,377382.68442,16
2026-09-23T06:45:00+00:00,257.282,257.283,257.282,257.283,194.33861172327747,50000.0,2
2026-09-23T07:00:00+00:00,256.784,256.835,255.888,256.629,1778.96,455629.56016,14
2026-09-23T07:15:00+00:00,256.916,256.916,256.2,256.2,113.23,29018.99868,2
2026-09-23T07:30:00+00:00,256.388,256.389,255.5,255.5,415.65,106441.56181,6
2026-09-23T07:45:00+00:00,255.564,255.564,255.329,255.329,2299.53,587671.74326,19
2026-09-23T08:00:00+00:00,255.328,255.328,255.097,255.142,1502.2,383397.3844,10
2026-09-23T08:15:00+00:00,254.147,255.328,253.142,253.939,19684.812022126353,5012456.43226,76
2026-09-23T08:30:00+00:00,253.94,254.715,253.94,254.356,5682.037427517029,1443171.96396,25
2026-09-23T08:45:00+00:00,253.0,253.0,251.1,251.77,949.4578142749335,239361.19027,9
2026-09-23T09:00:00+00:00,252.924,253.042,252.13,252.399,3062.936447628537,774689.49978,22
2026-09-23T09:15:00+00:00,253.105,253.197,253.105,253.105,173.83746936180128,44000.94945,4
2026-09-23T09:30:00+00:00,253.105,253.105,253.105,253.105,0.0,0.0,0
2026-09-23T09:45:00+00:00,252.455,252.455,251.393,251.537,408.7448416549484,102979.13337,9
2026-09-23T10:00:00+00:00,252.285,252.306,250.355,250.355,660.940857054529,166389.79852,12
2026-09-23T10:15:00+00:00,250.003,250.003,249.829,249.83,92.29,23062.1367,4
2026-09-23T10:30:00+00:00,250.003,251.068,250.003,251.068,396.74,99524.19092,7
2026-09-23T10:45:00+00:00,251.192,251.218,251.192,251.218,199.03819455612256,49999.90704,2
2026-09-23T11:00:00+00:00,251.198,251.72,251.197,251.72,902.5008540044494,226761.84387,5
2026-09-23T11:15:00+00:00,251.57,251.57,249.558,249.888,2753.53,689263.77069,20
2026-09-23T11:30:00+00:00,249.956,249.956,247.618,248.421,1454.17,361527.22596,16
2026-09-23T11:45:00+00:00,248.769,248.856,248.634,248.819,2212.1603791907924,550375.67784,20
2026-09-23T12:00:00+00:00,248.195,248.195,246.337,247.016,1912.04,471505.26395,15
2026-09-23T12:15:00+00:00,246.442,248.317,246.337,248.317,722.9735418839629,178922.05095,9
2026-09-23T12:30:00+00:00,248.43,248.43,247.408,247.408,467.38566750629724,115745.74351,7
2026-09-23T12:45:00+00:00,247.382,247.49,247.382,247.49,72.88,18033.63488,3
2026-09-23T13:00:00+00:00,246.34,246.748,246.15,246.15,489.2611876084102,120509.91588,6
2026-09-23T13:15:00+00:00,248.352,248.352,248.352,248.352,20.132714856332946,5000.0,1
2026-09-23T13:30:00+00:00,248.765,250.0,248.765,250.0,652.7219455534954,162806.81273,8
2026-09-23T13:45:00+00:00,249.524,249.545,249.471,249.472,541.0762962591917,135001.52296,6
2026-09-23T14:00:00+00:00,249.526,250.0,239.744,241.503,3722.4509237705947,915836.59118,41
2026-09-23T14:15:00+00:00,242.902,242.902,240.111,240.756,298.54,72360.63458,7
2026-09-23T14:30:00+00:00,240.0,242.31,239.416,242.288,6617.824130100789,1589100.14896,57
2026-09-23T14:45:00+00:00,240.322,242.082,240.322,241.112,339.8703720780387,82005.12,6
2026-09-23T15:00:00+00:00,242.393,242.912,241.993,241.993,826.5971136389359,200600.0,10
2026-09-23T15:15:00+00:00,241.331,241.331,241.331,241.331,1.2431059416320323,300.0,1
2026-09-23T15:30:00+00:00,241.026,241.026,241.026,241.026,41.489299909553324,10000.0,1
2026-09-23T15:45:00+00:00,239.227,239.554,238.976,238.976,1944.49,465348.53266,16
2026-09-23T16:00:00+00:00,237.022,238.975,235.896,238.975,613.99,146449.48526,20
2026-09-23T16:15:00+00:00,239.632,239.68,239.438,239.438,121.02311999379143,29000.0,3
2026-09-23T16:30:00+00:00,239.438,239.438,239.438,239.438,0.0,0.0,0
2026-09-23T16:45:00+00:00,239.438,239.438,239.438,239.438,0.0,0.0,0
2026-09-23T17:00:00+00:00,237.338,237.339,235.984,235.984,427.07408733269216,100976.94319,8
2026-09-23T17:15:00+00:00,238.647,238.731,237.674,237.746,512.3387649003558,122079.944,6
2026-09-23T17:30:00+00:00,237.619,237.841,236.876,236.876,436.16328498997757,103678.56952,8
2026-09-23T17:45:00+00:00,238.217,238.694,237.846,237.94,131.33584789018298,31264.07916,14
2026-09-23T18:00:00+00:00,236.248,236.889,236.248,236.889,170.7,40423.6836,2
2026-09-23T18:15:00+00:00,235.574,235.574,235.344,235.344,1476.08,347603.46792,7
2026-09-23T18:30:00+00:00,235.649,236.107,235.597,236.107,340.42,80211.16414,6
2026-09-23T18:45:00+00:00,237.036,237.037,237.036,237.037,84.37518193362217,20000.0,2
2026-09-23T19:00:00+00:00,236.803,236.913,235.852,236.913,173.39,40977.78937,6
2026-09-23T19:15:00+00:00,236.598,236.598,236.598,236.598,20.54,4859.72292,1
2026-09-23T19:30:00+00:00,237.61,237.719,237.61,237.719,316.5003638749953,75211.0,3
2026-09-23T19:45:00+00:00,237.885,237.885,236.186,236.186,510.2037118775879,120803.72228,6
2026-09-23T20:00:00+00:00,236.375,236.375,236.375,236.375,21.18,5006.4225,1
2026-09-23T20:15:00+00:00,235.232,235.232,234.746,234.746,734.57,172555.26563,13
2026-09-23T20:30:00+00:00,235.961,236.023,235.961,236.023,190.67,44996.30541,2
2026-09-23T20:45:00+00:00,236.023,236.023,236.023,236.023,0.0,0.0,0
2026-09-23T21:00:00+00:00,235.774,235.774,235.774,235.774,43.93,10357.55182,1
2026-09-23T21:15:00+00:00,236.106,236.193,236.106,236.193,12.703825727265414,2999.81782,2
2026-09-23T21:30:00+00:00,236.98,237.446,236.98,237.407,584.0459796959876,138575.13005,9
2026-09-23T21:45:00+00:00,237.467,237.831,235.001,237.831,2122.04,501537.59334,8
2026-09-23T22:00:00+00:00,237.916,239.456,237.916,239.456,4369.25,1044194.00924,30
2026-09-23T22:15:00+00:00,239.001,239.001,239.0,239.0,6203.17,1482557.94745,44
2026-09-23T22:30:00+00:00,237.203,237.691,237.203,237.691,1419.0678366871275,337210.03461,6
2026-09-23T22:45:00+00:00,238.655,238.655,238.2,238.2,815.88,194409.53487,11
2026-09-23T23:00:00+00:00,238.0,238.284,237.657,238.284,1200.743109145349,285682.16768,19
2026-09-23T23:15:00+00:00,237.63,238.446,237.45,238.446,4049.6734981505247,964531.0552,13
2026-09-23T23:30:00+00:00,237.689,237.689,237.537,237.537,71.66779785885988,17023.7689,2
2026-09-23T23:45:00+00:00,237.537,237.537,237.537,237.537,0.0,0.0,0
2026-09-24T00:00:00+00:00,238.022,238.931,237.926,237.926,2936.811082630649,700765.87864,14
2026-09-24T00:15:00+00:00,238.005,238.362,238.005,238.362,270.64196920199186,64489.6041,4
2026-09-24T00:30:00+00:00,238.571,239.098,238.543,238.758,238.7,56951.287,17
2026-09-24T00:45:00+00:00,238.384,238.384,236.76,238.097,117.13533525739983,27898.02056,10
2026-09-24T01:00:00+00:00,237.95,237.951,236.491,236.491,165.72778773781155,39414.16091,8
2026-09-24T01:15:00+00:00,236.697,236.697,235.625,235.664,241.72760947790073,57104.89886,20
2026-09-24T01:30:00+00:00,236.954,237.625,235.053,235.594,909.4683064051757,214632.13238,27
2026-09-24T01:45:00+00:00,235.2,235.2,235.2,235.2,149.99,35277.648,1
2026-09-24T02:00:00+00:00,235.2,235.299,234.755,235.081,1038.02,243805.95001,10
2026-09-24T02:15:00+00:00,236.424,236.479,236.067,236.067,899.31,212476.86623,6
2026-09-24T02:30:00+00:00,237.086,237.086,236.97,236.97,126.55818116632783,29997.8313,2
2026-09-24T02:45:00+00:00,237.784,237.785,237.784,237.785,178.24147864667663,42383.0,2
2026-09-24T03:00:00+00:00,238.059,238.059,237.344,237.344,87.9729378454901,20912.62456,2
2026-09-24T03:15:00+00:00,237.558,237.558,236.451,236.451,528.5041343083535,125302.06226,5
2026-09-24T03:30:00+00:00,236.37,236.374,236.123,236.25,311.04172514743584,73501.16919,4
2026-09-24T03:45:00+00:00,236.25,236.442,235.792,236.253,461.98936703292986,109053.38397,10
2026-09-24T04:00:00+00:00,235.611,235.611,235.314,235.314,183.71,43232.59422,3
2026-09-24T04:15:00+00:00,235.516,235.516,235.515,235.515,43.86,10329.7179,2
2026-09-24T04:30:00+00:00,236.0,236.0,236.0,236.0,1004.9872881355932,237177.0,8
2026-09-24T04:45:00+00:00,236.0,236.514,236.0,236.514,1518.8286693130144,359128.50624,5
2026-09-24T05:00:00+00:00,239.0,239.552,239.0,239.552,141.05,33733.5346,3
2026-09-24T05:15:00+00:00,239.177,239.353,239.176,239.268,2644.947501523932,632761.0,17
2026-09-24T05:30:00+00:00,239.064,239.242,239.064,239.242,836.4578125914346,200000.0,5
2026-09-24T05:45:00+00:00,238.838,238.838,238.574,238.804,5.6,1336.3497,4
2026-09-24T06:00:00+00:00,238.359,238.519,237.771,238.519,536.89,127951.30919,8
2026-09-24T06:15:00+00:00,238.423,239.374,238.422,239.374,1101.433138268985,263461.35852,6
2026-09-24T06:30:00+00:00,239.523,239.523,239.523,239.523,98.82,23669.66286,1
2026-09-24T06:45:00+00:00,238.681,238.716,238.453,238.606,318.1,75908.86569,7
2026-09-24T07:00:00+00:00,237.138,238.005,237.136,238.005,304.47,72418.10332,3
2026-09-24T07:15:00+00:00,238.005,238.005,238.005,238.005,0.0,0.0,0
2026-09-24T07:30:00+00:00,239.34,239.599,238.51,238.51,2160.09,517133.59095,10
2026-09-24T07:45:00+00:00,238.901,238.901,238.901,238.901,35.56,8495.31956,1
2026-09-24T08:00:00+00:00,238.91,238.911,238.117,238.117,636.6289167382694,151995.69693,4
2026-09-24T08:15:00+00:00,237.975,238.575,237.828,237.828,1393.238507353286,331954.92838,10
2026-09-24T08:30:00+00:00,236.0,236.804,236.0,236.073,969.1714492321124,228860.56,5
2026-09-24T08:45:00+00:00,235.355,235.355,234.325,234.569,2570.41,603993.10845,24
2026-09-24T09:00:00+00:00,235.041,235.041,233.662,233.662,5595.322865458267,1310697.26519,13
2026-09-24T09:15:00+00:00,233.5,233.577,233.0,233.385,3143.795399707574,733522.50439,20
2026-09-24T09:30:00+00:00,232.678,232.839,231.082,232.2,1783.5738317826895,414011.28424,20
2026-09-24T09:45:00+00:00,231.788,231.956,231.048,231.489,2365.24,547223.94587,22
2026-09-24T10:00:00+00:00,231.489,232.32,231.489,231.907,924.7733363605514,214334.3672,8
2026-09-24T10:15:00+00:00,231.978,231.98,231.028,231.028,952.2021882058798,220497.96108,8
2026-09-24T10:30:00+00:00,231.828,232.716,231.0,232.716,2339.1595010227056,544100.28136,6
2026-09-24T10:45:00+00:00,232.719,232.719,232.306,232.306,64.24027745908155,14941.14862,2
2026-09-24T11:00:00+00:00,232.306,232.306,232.306,232.306,0.0,0.0,0
2026-09-24T11:15:00+00:00,234.13,234.37,234.13,234.37,192.11828556784693,45001.1358,2
2026-09-24T11:30:00+00:00,233.994,233.994,233.255,233.983,285.8579204899501,66861.49004,6
2026-09-24T11:45:00+00:00,233.551,234.0,233.153,233.552,918.01,214357.04781,6
2026-09-24T12:00:00+00:00,233.591,234.4,233.591,234.4,514.05,120270.35355,4
2026-09-24T12:15:00+00:00,233.865,234.5,233.865,234.291,738.520459642069,173132.64315,10
2026-09-24T12:30:00+00:00,233.941,234.101,233.7,233.7,228.19462676366183,53372.97775,4
2026-09-24T12:45:00+00:00,233.758,234.5,233.149,234.5,6862.49,1606665.84024,40
2026-09-24T13:00:00+00:00,234.499,236.361,234.499,236.361,1650.8794289667078,388467.51659,21
2026-09-24T13:15:00+00:00,236.679,237.886,236.5,237.886,280.82240492523243,66500.0,3
2026-09-24T13:30:00+00:00,239.684,239.716,238.353,238.427,922.327706781364,220769.12884,7
2026-09-24T13:45:00+00:00,238.296,238.296,238.296,238.296,125.89384630879242,30000.0,1
2026-09-24T14:00:00+00:00,238.3,238.3,238.3,238.3,300.0,71490.0,2
2026-09-24T14:15:00+00:00,239.387,241.276,239.187,241.201,748.8205208355034,180027.2218,7
2026-09-24T14:30:00+00:00,241.168,241.826,241.158,241.826,1061.922511640601,256562.46795,8
2026-09-24T14:45:00+00:00,240.986,240.986,237.24,237.24,2011.8943619928527,480587.34236,19
2026-09-24T15:00:00+00:00,237.865,237.915,237.635,237.901,1546.22,367599.14424,8
2026-09-24T15:15:00+00:00,239.329,239.928,238.704,239.843,806.6076186163709,192996.02115,7
2026-09-24T15:30:00+00:00,239.843,239.843,239.843,239.843,0.0,0.0,0
2026-09-24T15:45:00+00:00,240.69,241.138,240.69,241.138,1443.6181873450057,347888.51114,7
2026-09-24T16:00:00+00:00,241.138,241.138,241.138,241.138,0.0,0.0,0
2026-09-24T16:15:00+00:00,241.82,243.024,241.82,241.901,1695.4926166962935,411184.1322,14
2026-09-24T16:30:00+00:00,241.901,243.476,241.901,243.124,1377.263862116807,335007.14364,9
2026-09-24T16:45:00+00:00,243.735,244.137,243.642,243.802,553.74,135030.01028,7
2026-09-24T17:00:00+00:00,243.695,243.695,243.441,243.519,96.33,23468.36073,4
2026-09-24T17:15:00+00:00,243.353,244.622,243.353,244.622,304.2,74407.1872,6
2026-09-24T17:30:00+00:00,244.968,245.0,244.446,244.446,205.42448979591836,50301.53586,5
2026-09-24T17:45:00+00:00,243.208,243.208,243.208,243.208,130.67,31779.98936,2
2026-09-24T18:00:00+00:00,243.422,243.505,243.422,243.505,524.14,127610.8607,3
2026-09-24T18:15:00+00:00,243.303,243.303,243.303,243.303,0.52,126.51756,1
2026-09-24T18:30:00+00:00,244.629,244.629,243.562,243.822,164.02822784706638,40000.6793,3
2026-09-24T18:45:00+00:00,243.822,243.822,243.822,243.822,0.0,0.0,0
2026-09-24T19:00:00+00:00,243.252,243.252,243.252,243.252,41.12,10002.52224,1
2026-09-24T19:15:00+00:00,243.442,243.442,243.442,243.442,23.65,5757.4033,1
2026-09-24T19:30:00+00:00,243.442,243.442,243.442,243.442,0.0,0.0,0
2026-09-24T19:45:00+00:00,242.836,242.836,242.836,242.836,4.118005567543527,1000.0,1
2026-09-24T20:00:00+00:00,242.58,243.556,242.58,243.556,342.13,83149.93412,3
2026-09-24T20:15:00+00:00,243.556,243.556,243.556,243.556,0.0,0.0,0
2026-09-24T20:30:00+00:00,242.294,242.949,242.294,242.949,268.6899642352565,65245.6651,4
2026-09-24T20:45:00+00:00,243.853,243.873,243.853,243.873,135.80429157799347,33117.0,2
2026-09-24T21:00:00+00:00,243.873,243.873,243.873,243.873,0.0,0.0,0
2026-09-24T21:15:00+00:00,244.037,244.215,243.691,244.215,133.11,32484.71425,4
2026-09-24T21:30:00+00:00,244.377,244.493,244.377,244.493,240.0,58674.23,3
2026-09-24T21:45:00+00:00,244.519,245.955,244.492,244.856,2536.2571469693303,621501.58076,22
2026-09-24T22:00:00+00:00,244.068,244.349,243.912,244.349,1389.2262722581227,339112.85816,8
2026-09-24T22:15:00+00:00,243.839,243.839,243.702,243.702,268.02,65332.10744,2
2026-09-24T22:30:00+00:00,244.192,244.226,243.119,243.119,616.7435899535676,150165.028,4
2026-09-24T22:45:00+00:00,243.419,243.707,243.419,243.451,74.82328796464607,18214.7232,3
2026-09-24T23:00:00+00:00,244.091,244.091,243.671,243.76,114.79329594290654,27974.6868,4
2026-09-24T23:15:00+00:00,243.76,243.76,243.76,243.76,0.0,0.0,0
2026-09-24T23:30:00+00:00,243.827,244.163,243.826,244.163,106.55,26001.77014,3
2026-09-24T23:45:00+00:00,243.855,243.855,243.591,243.591,291.9623928154026,71122.65906,3
2026-09-25T00:00:00+00:00,244.979,246.096,244.979,246.096,1962.52,481241.91778,8
2026-09-25T00:15:00+00:00,245.894,246.579,245.894,246.579,511.57,125914.36078,3
2026-09-25T00:30:00+00:00,246.754,246.76,246.754,246.754,218.82,53994.89028,4
2026-09-25T00:45:00+00:00,246.056,246.057,245.003,245.003,3372.810378977229,828642.09797,19
2026-09-25T01:00:00+00:00,245.0,246.677,245.0,246.614,413.74,101970.97376,7
2026-09-25T01:15:00+00:00,245.99,246.31,245.0,245.0,975.4784137875035,239051.55,8
2026-09-25T01:30:00+00:00,245.0,245.0,243.63,244.773,1458.82,356643.92536,19
2026-09-25T01:45:00+00:00,245.124,245.209,244.71,244.71,422.24539132177625,103458.511,5
2026-09-25T02:00:00+00:00,244.869,246.171,244.831,246.019,980.07998514492,240512.22009,6
2026-09-25T02:15:00+00:00,245.011,245.011,245.011,245.011,7.66,1876.78426,1
2026-09-25T02:30:00+00:00,243.5,243.5,243.5,243.5,2874.74,699999.19,16
2026-09-25T02:45:00+00:00,243.262,243.262,242.56,242.56,96.55794123208722,23449.952,2
2026-09-25T03:00:00+00:00,242.176,243.2,242.176,243.2,190.2974823020695,46198.93632,3
2026-09-25T03:15:00+00:00,242.71,242.768,242.71,242.756,229.35338051376692,55671.35832,4
2026-09-25T03:30:00+00:00,242.237,242.707,242.055,242.055,5446.8,1319532.21642,10
2026-09-25T03:45:00+00:00,242.055,242.055,242.055,242.055,0.0,0.0,0
2026-09-25T04:00:00+00:00,243.121,243.164,243.121,243.164,296.1270994061621,72000.0,3
2026-09-25T04:15:00+00:00,242.604,242.94,242.551,242.94,1198.834261591028,290931.45689,9
2026-09-25T04:30:00+00:00,242.976,244.498,242.925,244.498,242.29,59012.14314,6
2026-09-25T04:45:00+00:00,242.966,242.966,242.966,242.966,100.0,24296.6,1
2026-09-25T05:00:00+00:00,243.516,243.735,243.038,243.735,2926.479311241088,712466.5076,15
2026-09-25T05:15:00+00:00,242.641,242.641,242.641,242.641,490.34,118976.58794,1
2026-09-25T05:30:00+00:00,242.66,243.159,242.5,243.159,1700.7944666002188,413046.86424,8
2026-09-25T05:45:00+00:00,242.225,242.225,242.225,242.225,0.02889875116111054,7.0,1
2026-09-25T06:00:00+00:00,242.101,242.101,242.1,242.1,66.2,16027.04489,2
2026-09-25T06:15:00+00:00,241.6,242.595,241.319,242.595,235.88326581745602,56984.1552,5
2026-09-25T06:30:00+00:00,242.117,242.117,242.0,242.0,133.91,32420.71747,2
2026-09-25T06:45:00+00:00,241.999,242.374,241.53,242.374,496.4,120070.48008,10
2026-09-25T07:00:00+00:00,242.477,242.545,241.816,241.816,312.67,75745.22536,7
2026-09-25T07:15:00+00:00,242.009,242.266,242.007,242.266,1198.0241554652926,290237.39642,6
2026-09-25T07:30:00+00:00,242.266,243.476,241.286,241.286,1670.038475559272,405263.64143,13
2026-09-25T07:45:00+00:00,241.685,242.673,241.685,242.673,395.21878971979976,95767.1723,4
2026-09-25T08:00:00+00:00,242.99,243.025,242.99,243.011,482.5416642456514,117262.30175,5
2026-09-25T08:15:00+00:00,244.717,245.227,244.717,245.219,510.73,125218.60611,9
2026-09-25T08:30:00+00:00,245.131,245.131,244.303,244.311,1267.3854969280958,310000.08494,4
2026-09-25T08:45:00+00:00,243.896,243.912,243.545,243.912,301.69,73542.69585,4
2026-09-25T09:00:00+00:00,244.991,244.991,244.673,244.673,326.7,79999.56972,2
2026-09-25T09:15:00+00:00,244.9,246.004,244.556,246.004,1106.32,271013.5857,12
2026-09-25T09:30:00+00:00,245.99,246.26,245.975,246.234,573.51,141136.03954,5
2026-09-25T09:45:00+00:00,246.265,252.23,245.76,246.625,9380.8257530847,2321457.09964,54
2026-09-25T10:00:00+00:00,245.571,245.571,244.774,244.774,70.721420688925,17343.22,2
2026-09-25T10:15:00+00:00,244.771,245.237,244.771,245.237,106.18,25999.28652,2
2026-09-25T10:30:00+00:00,245.617,245.617,245.286,245.286,680.14,166849.77404,5
2026-09-25T10:45:00+00:00,245.286,245.286,245.286,245.286,0.0,0.0,0
2026-09-25T11:00:00+00:00,246.301,248.287,246.301,248.087,318.24,78869.38328,9
2026-09-25T11:15:00+00:00,249.993,251.16,249.34,250.413,6074.168471035163,1520315.69082,20
2026-09-25T11:30:00+00:00,250.066,250.243,250.0,250.243,340.677161638887,85197.47472,4
2026-09-25T11:45:00+00:00,252.237,252.237,251.775,251.775,963.7075049615247,242838.98975,4
2026-09-25T12:00:00+00:00,251.95,256.0,251.95,252.0,7927.698901054514,2008161.1828547847,53
2026-09-25T12:15:00+00:00,251.9,251.9,249.91,250.106,439.98620584872015,110076.0,6
2026-09-25T12:30:00+00:00,254.372,255.351,254.372,255.137,1280.85,325864.55973,15
2026-09-25T12:45:00+00:00,255.448,255.448,253.125,253.125,649.3350408226286,165180.83166,10
2026-09-25T13:00:00+00:00,252.094,252.198,251.357,251.642,3213.092887792503,809088.47295,18
2026-09-25T13:15:00+00:00,250.0,250.069,250.0,250.069,3723.62,930907.81451,9
2026-09-25T13:30:00+00:00,249.41,251.718,248.762,248.762,2050.548362512299,512622.72404,13
2026-09-25T13:45:00+00:00,248.422,250.7,248.422,250.203,606.9789271780231,151404.65672,10
2026-09-25T14:00:00+00:00,249.191,249.275,247.0,247.943,566.6597204553937,140440.62089,11
2026-09-25T14:15:00+00:00,247.964,248.602,246.856,248.092,764.8401370296016,189494.02477,12
2026-09-25T14:30:00+00:00,249.521,251.793,249.521,251.793,246.26994968088866,61619.64368,3
2026-09-25T14:45:00+00:00,248.201,249.929,247.463,247.463,1722.8154654712555,428275.06651,14
2026-09-25T15:00:00+00:00,249.864,250.568,249.591,249.864,706.26,176633.9192,9
2026-09-25T15:15:00+00:00,250.965,250.965,249.214,249.611,239.55049537995703,59903.132,6
2026-09-25T15:30:00+00:00,247.164,247.641,247.1,247.641,472.82,116873.48139,7
2026-09-25T15:45:00+00:00,246.0,246.0,246.0,246.0,39.84,9800.64,1
2026-09-25T16:00:00+00:00,247.83,248.902,247.6,247.6,9835.7,2435546.70525,38
2026-09-25T16:15:00+00:00,247.599,249.461,247.599,247.959,245.61,60998.31187,8
2026-09-25T16:30:00+00:00,247.5,247.5,246.78,246.78,383.82249519998385,94846.946,7
2026-09-25T16:45:00+00:00,246.216,247.037,246.001,246.351,606.2139469955627,149286.38212,10
2026-09-25T17:00:00+00:00,247.252,247.252,247.127,247.127,184.81913335382524,45687.84511,3
2026-09-25T17:15:00+00:00,246.351,246.351,245.401,245.401,77.09,18936.90523,4
2026-09-25T17:30:00+00:00,245.0,245.883,245.0,245.883,210.09050320557176,51615.0,4
2026-09-25T17:45:00+00:00,245.883,245.883,245.883,245.883,0.0,0.0,0
2026-09-25T18:00:00+00:00,245.883,245.883,245.883,245.883,0.0,0.0,0
2026-09-25T18:15:00+00:00,245.883,245.883,245.883,245.883,0.0,0.0,0
2026-09-25T18:30:00+00:00,247.358,247.358,247.358,247.358,23.0,5689.234,1
2026-09-25T18:45:00+00:00,247.358,247.358,247.358,247.358,0.0,0.0,0
2026-09-25T19:00:00+00:00,246.669,247.115,246.669,247.115,122.43397810735893,30236.7635,2
2026-09-25T19:15:00+00:00,246.714,246.714,246.692,246.692,26.85,6624.1818,2
2026-09-25T19:30:00+00:00,246.958,246.958,246.958,246.958,121.47814608151994,30000.0,2
2026-09-25T19:45:00+00:00,247.418,247.418,246.676,247.057,469.94,116078.17788,6
2026-09-25T20:00:00+00:00,246.887,247.106,246.887,247.106,48.58936456419512,12000.0,3
2026-09-25T20:15:00+00:00,247.106,247.106,247.106,247.106,0.0,0.0,0
2026-09-25T20:30:00+00:00,247.106,247.106,247.106,247.106,0.0,0.0,0
2026-09-25T20:45:00+00:00,247.0,247.0,247.0,247.0,200.0,49400.0,3
2026-09-25T21:00:00+00:00,245.95,245.959,245.188,245.188,223.77,55000.05374,4
2026-09-25T21:15:00+00:00,245.007,245.265,245.0,245.265,112.23,27500.23929,3
2026-09-25T21:30:00+00:00,245.163,245.163,245.117,245.117,596.26,146157.89038,2
2026-09-25T21:45:00+00:00,245.118,245.118,245.0,245.0,209.49,51347.92666,4
2026-09-25T22:00:00+00:00,245.0,245.0,245.0,245.0,1343.0,329035.0,13
2026-09-25T22:15:00+00:00,245.0,246.366,245.0,246.15,886.7499552698018,218000.31503,10
2026-09-25T22:30:00+00:00,246.15,246.15,246.15,246.15,0.0,0.0,0
2026-09-25T22:45:00+00:00,246.15,246.15,246.15,246.15,0.0,0.0,0
2026-09-25T23:00:00+00:00,246.805,247.447,246.619,247.447,469.1247336444016,115759.96868,6
2026-09-25T23:15:00+00:00,246.985,246.985,246.985,246.985,117.41603741117882,29000.0,1
2026-09-25T23:30:00+00:00,246.859,246.859,246.788,246.788,1531.78,378027.54434,11
2026-09-25T23:45:00+00:00,246.788,246.788,246.788,246.788,278.7,68779.8156,3
2026-09-26T00:00:00+00:00,246.788,246.788,246.788,246.788,0.0,0.0,0
2026-09-26T00:15:00+00:00,246.52,246.598,246.357,246.357,166.85767723263393,41111.12916,4
2026-09-26T00:30:00+00:00,246.357,246.357,244.578,246.035,608.583548478875,149212.75598,8
2026-09-26T00:45:00+00:00,246.158,246.696,246.158,246.342,168.53291459857823,41506.0,4
2026-09-26T01:00:00+00:00,246.342,246.342,246.342,246.342,0.0,0.0,0
2026-09-26T01:15:00+00:00,246.744,247.457,246.744,247.457,4741.38,1170154.356,24
2026-09-26T01:30:00+00:00,247.457,248.415,247.456,248.378,52.2,12932.49436,5
2026-09-26T01:45:00+00:00,248.181,248.181,248.181,248.181,24.16,5996.05296,1
2026-09-26T02:00:00+00:00,248.212,248.212,247.384,247.384,679.3266143630879,168305.91491,7
2026-09-26T02:15:00+00:00,248.02,248.02,248.02,248.02,59.30973308604145,14710.0,1
2026-09-26T02:30:00+00:00,246.958,246.958,246.791,246.791,693.37,171168.40954,6
2026-09-26T02:45:00+00:00,246.153,246.74,246.153,246.607,16.81,4138.55993,6
2026-09-26T03:00:00+00:00,246.607,246.607,246.607,246.607,0.0,0.0,0
2026-09-26T03:15:00+00:00,246.164,246.308,246.164,246.308,161.21327768484986,39692.56,3
2026-09-26T03:30:00+00:00,245.954,245.954,245.601,245.601,40.1,9848.6354,2
2026-09-26T03:45:00+00:00,245.693,245.993,245.644,245.993,2063.65391913591,507405.2067,10
2026-09-26T04:00:00+00:00,245.775,245.838,245.632,245.632,723.35,177809.00492,4
2026-09-26T04:15:00+00:00,245.601,245.985,244.825,244.825,1252.4876191637702,306970.49314,8
2026-09-26T04:30:00+00:00,244.519,244.542,244.519,244.542,384.72,94073.18784,3
2026-09-26T04:45:00+00:00,245.109,245.678,245.109,245.678,1246.1780047062514,305692.79658,11
2026-09-26T05:00:00+00:00,245.0,245.171,245.0,245.171,70.39,17249.03669,2
2026-09-26T05:15:00+00:00,244.406,244.706,244.406,244.706,224.9351928522214,55000.0,3
2026-09-26T05:30:00+00:00,244.029,244.029,243.991,243.991,200.0,48800.0286,6
2026-09-26T05:45:00+00:00,244.463,244.463,244.463,244.463,81.81,19999.51803,1
2026-09-26T06:00:00+00:00,244.46,244.942,244.46,244.942,3676.771913350916,900000.0,8
2026-09-26T06:15:00+00:00,244.022,244.259,244.001,244.001,328.1424222156611,80127.0,4
2026-09-26T06:30:00+00:00,244.001,244.347,244.001,244.08,868.278009730661,212000.0,6
2026-09-26T06:45:00+00:00,244.068,244.08,244.068,244.068,400.0,97627.2529,6
2026-09-26T07:00:00+00:00,244.068,244.94,244.068,244.926,493.7214493345309,120771.75671,10
2026-09-26T07:15:00+00:00,244.488,244.704,244.488,244.488,334.84,81871.15476,6
2026-09-26T07:30:00+00:00,244.512,244.594,244.512,244.594,1003.4171821948117,245378.8369,5
2026-09-26T07:45:00+00:00,244.676,245.024,244.675,245.024,2365.482693613687,578897.8572,13
2026-09-26T08:00:00+00:00,244.851,244.851,244.675,244.675,516.79,126447.65416,5
2026-09-26T08:15:00+00:00,244.174,244.174,244.0,244.089,2579.3939244145567,629398.70051,10
2026-09-26T08:30:00+00:00,245.031,245.074,244.847,245.019,2415.3814571140347,591852.70151,11
2026-09-26T08:45:00+00:00,244.46,244.482,244.34,244.481,578.07,141295.10081,7
2026-09-26T09:00:00+00:00,244.101,244.101,243.9,243.9,248.03,60535.00467,4
2026-09-26T09:15:00+00:00,243.013,243.013,242.547,242.547,344.5829896443112,83704.25596,7
2026-09-26T09:30:00+00:00,242.547,242.547,242.547,242.547,0.0,0.0,0
2026-09-26T09:45:00+00:00,242.879,242.901,242.879,242.901,131.74,31997.57774,2
2026-09-26T10:00:00+00:00,243.207,243.207,243.207,243.207,20.55861878975523,5000.0,1
2026-09-26T10:15:00+00:00,243.524,244.209,243.524,244.209,835.7230308874775,203626.59,16
2026-09-26T10:30:00+00:00,243.644,244.047,243.616,244.047,465.5719659088246,113505.30326,8
2026-09-26T10:45:00+00:00,244.047,244.047,244.047,244.047,0.0,0.0,0
2026-09-26T11:00:00+00:00,244.335,244.335,243.603,244.075,352.69,86006.63409,5
2026-09-26T11:15:00+00:00,244.311,244.311,244.311,244.311,16.37257430078875,4000.0,1
2026-09-26T11:30:00+00:00,244.144,244.145,244.115,244.122,368.407812487199,89939.554,5
2026-09-26T11:45:00+00:00,244.02,244.021,244.02,244.021,686.05,167410.00296,4
2026-09-26T12:00:00+00:00,243.235,243.869,243.235,243.869,1283.292520123509,312674.97585,7
2026-09-26T12:15:00+00:00,244.063,244.082,243.32,243.32,403.2213498609326,98200.16672,7
2026-09-26T12:30:00+00:00,242.938,243.069,242.938,243.069,369.26194345605813,89751.0,2
2026-09-26T12:45:00+00:00,242.976,242.976,242.976,242.976,24.69,5999.07744,1
2026-09-26T13:00:00+00:00,243.592,243.914,243.592,243.914,113.1788272192847,27583.42846,2
2026-09-26T13:15:00+00:00,242.726,242.726,242.244,242.244,61.88,15009.91712,2
2026-09-26T13:30:00+00:00,242.652,242.652,242.652,242.652,45.33241020061652,11000.0,1
2026-09-26T13:45:00+00:00,242.911,243.177,242.752,243.177,447.53924034756574,108738.3821,4
2026-09-26T14:00:00+00:00,243.009,243.311,242.616,243.311,468.2401478546062,113635.71286,3
2026-09-26T14:15:00+00:00,243.398,243.4,243.398,243.4,123.25,29998.8418,3
2026-09-26T14:30:00+00:00,243.671,243.671,243.671,243.671,35.318113357765185,8606.0,1
2026-09-26T14:45:00+00:00,243.652,243.831,243.652,243.831,65.10172065076421,15865.83394,3
2026-09-26T15:00:00+00:00,243.263,243.263,243.21,243.21,201.78,49080.43011,4
2026-09-26T15:15:00+00:00,244.032,244.032,244.032,244.032,642.32,156746.63424,1
2026-09-26T15:30:00+00:00,244.481,244.533,244.481,244.533,190.98792444825523,46700.13836,3
2026-09-26T15:45:00+00:00,244.683,244.683,244.683,244.683,40.46,9899.87418,1
2026-09-26T16:00:00+00:00,244.683,244.683,244.683,244.683,0.0,0.0,0
2026-09-26T16:15:00+00:00,244.068,244.068,243.307,243.307,228.39,55666.60072,3
2026-09-26T16:30:00+00:00,244.153,244.153,244.153,244.153,111.29,27171.78737,1
2026-09-26T16:45:00+00:00,243.928,243.928,243.813,243.822,224.05779626120696,54635.68,3
2026-09-26T17:00:00+00:00,242.941,243.015,242.941,243.015,262.43453564681874,63774.8373,5
2026-09-26T17:15:00+00:00,242.536,242.536,242.536,242.536,16.49,3999.41864,1
2026-09-26T17:30:00+00:00,242.0,242.0,242.0,242.0,100.0,24200.0,2
2026-09-26T17:45:00+00:00,241.984,241.984,241.984,241.984,25.55,6182.6912,1
2026-09-26T18:00:00+00:00,241.91,241.91,241.674,241.674,200.8,48551.7392,2
2026-09-26T18:15:00+00:00,241.674,241.674,241.674,241.674,0.0,0.0,0
2026-09-26T18:30:00+00:00,241.3,241.3,240.306,240.835,10324.5,2488176.51936,49
2026-09-26T18:45:00+00:00,240.259,240.259,240.0,240.0,2450.08,588043.24704,9
2026-09-26T19:00:00+00:00,240.0,240.0,240.0,240.0,0.0,0.0,0
2026-09-26T19:15:00+00:00,240.0,240.0,240.0,240.0,0.0,0.0,0
2026-09-26T19:30:00+00:00,240.182,240.182,240.161,240.161,253.1452996747778,60800.0,3
2026-09-26T19:45:00+00:00,240.391,240.391,240.353,240.353,120.63900562001074,28997.3696,2
2026-09-26T20:00:00+00:00,240.004,240.004,239.113,239.696,212.58,50966.97055,5
2026-09-26T20:15:00+00:00,239.897,239.897,239.897,239.897,0.1,23.9897,1
2026-09-26T20:30:00+00:00,239.763,239.763,238.0,238.0,250.1,59673.9763,6
2026-09-26T20:45:00+00:00,238.0,238.0,237.407,237.407,177.14,42084.70786,5
2026-09-26T21:00:00+00:00,237.407,237.407,237.407,237.407,0.0,0.0,0
2026-09-26T21:15:00+00:00,237.407,237.407,237.407,237.407,0.0,0.0,0
2026-09-26T21:30:00+00:00,237.407,237.407,237.407,237.407,0.0,0.0,0
2026-09-26T21:45:00+00:00,237.407,237.407,237.407,237.407,0.0,0.0,0
2026-09-26T22:00:00+00:00,240.511,240.512,240.511,240.512,207.91,50004.69992,2
2026-09-26T22:15:00+00:00,240.24,240.24,240.151,240.151,254.97498253182374,61247.4072,2
2026-09-26T22:30:00+00:00,240.151,240.151,240.151,240.151,0.0,0.0,0
2026-09-26T22:45:00+00:00,240.07,240.07,240.07,240.07,150.0,36010.5,1
2026-09-26T23:00:00+00:00,240.734,241.003,240.734,241.003,250.2610335004545,60301.799,5
2026-09-26T23:15:00+00:00,241.074,241.074,241.042,241.043,684.14,164907.58802,4
2026-09-26T23:30:00+00:00,241.047,241.148,241.047,241.148,535.5925789971304,129113.15439,4
2026-09-26T23:45:00+00:00,241.188,241.188,241.032,241.032,433.153065480166,104431.208,5
2026-09-27T00:00:00+00:00,240.891,240.891,240.832,240.832,49.826275659945786,12000.98624,2
2026-09-27T00:15:00+00:00,239.899,239.899,239.899,239.899,43.77,10500.37923,1
2026-09-27T00:30:00+00:00,239.801,240.12,239.545,239.545,200.8303731844321,48142.7574,4
2026-09-27T00:45:00+00:00,239.586,239.586,239.308,239.308,334.19430591538935,80018.47336,4
2026-09-27T01:00:00+00:00,239.308,239.308,239.308,239.308,0.0,0.0,0
2026-09-27T01:15:00+00:00,239.317,239.317,239.316,239.316,136.39,32640.44364,2
2026-09-27T01:30:00+00:00,239.042,239.479,239.042,239.479,346.34144649649835,82895.8,5
2026-09-27T01:45:00+00:00,239.65,240.452,239.65,240.017,446.74151470895055,107404.89562,4
2026-09-27T02:00:00+00:00,240.017,240.68,239.827,239.827,1423.63,341522.05212,15
2026-09-27T02:15:00+00:00,240.762,240.762,240.762,240.762,66.45566991468753,16000.0,1
2026-09-27T02:30:00+00:00,240.368,240.368,240.287,240.287,145.83,35044.42281,3
2026-09-27T02:45:00+00:00,240.287,240.287,240.287,240.287,0.0,0.0,0
2026-09-27T03:00:00+00:00,240.287,240.287,240.287,240.287,0.0,0.0,0
2026-09-27T03:15:00+00:00,240.287,240.287,240.287,240.287,0.0,0.0,0
2026-09-27T03:30:00+00:00,239.11,239.11,238.837,238.854,139.726526703191,33376.71919,3
2026-09-27T03:45:00+00:00,239.084,239.084,239.084,239.084,0.1,23.9084,1
2026-09-27T04:00:00+00:00,239.007,239.007,239.007,239.007,33.26,7949.37282,1
2026-09-27T04:15:00+00:00,238.625,238.625,238.625,238.625,100.0,23862.5,1
2026-09-27T04:30:00+00:00,238.625,238.625,237.742,237.781,653.56,155425.1058,10
2026-09-27T04:45:00+00:00,237.594,237.594,237.594,237.594,0.1,23.7594,1
2026-09-27T05:00:00+00:00,238.767,238.767,238.767,238.767,0.1,23.8767,1
2026-09-27T05:15:00+00:00,238.885,238.885,238.405,238.872,269.16428281390625,64177.6341,3
2026-09-27T05:30:00+00:00,238.99,238.99,238.99,238.99,12.0,2867.88,1
2026-09-27T05:45:00+00:00,239.696,239.73,239.655,239.655,170.15383639928254,40786.11174,4
2026-09-27T06:00:00+00:00,238.996,239.783,238.996,239.783,83.09,19877.50636,2
2026-09-27T06:15:00+00:00,239.609,240.11,239.609,240.11,15.0,3596.51104,3
2026-09-27T06:30:00+00:00,240.11,240.11,240.11,240.11,0.0,0.0,0
2026-09-27T06:45:00+00:00,239.926,239.926,239.926,239.926,50.015421421605,12000.0,1
2026-09-27T07:00:00+00:00,239.926,239.926,239.926,239.926,0.0,0.0,0
2026-09-27T07:15:00+00:00,239.99,239.99,239.99,239.99,41.66840285011875,10000.0,1
2026-09-27T07:30:00+00:00,240.15,240.2,240.15,240.2,199.84870940882598,47998.66,3
2026-09-27T07:45:00+00:00,241.385,241.633,241.111,241.633,352.31522714198803,85050.95858,6
2026-09-27T08:00:00+00:00,242.0,242.436,242.0,242.436,309.80723555907537,75103.47406,8
2026-09-27T08:15:00+00:00,242.436,242.436,242.436,242.436,0.0,0.0,0
2026-09-27T08:30:00+00:00,242.436,242.463,242.435,242.463,851.6132529690711,206477.88992,6
2026-09-27T08:45:00+00:00,242.245,242.324,242.245,242.324,139.93365114474835,33900.9382,4
2026-09-27T09:00:00+00:00,241.808,241.808,240.955,240.955,226.69,54745.16108,3
2026-09-27T09:15:00+00:00,241.186,241.186,241.186,241.186,82.0,19777.252,1
2026-09-27T09:30:00+00:00,240.999,241.534,240.999,241.47,370.09,89359.23521,5
2026-09-27T09:45:00+00:00,241.47,243.2,241.47,242.542,1616.987915625,391683.23906,13
2026-09-27T10:00:00+00:00,242.691,243.006,242.691,243.006,218.84188330538538,53126.6969,5
2026-09-27T10:15:00+00:00,243.182,243.182,243.182,243.182,15.32,3725.54824,1
2026-09-27T10:30:00+00:00,242.423,242.492,242.26,242.26,1903.2646590402983,461500.41454,9
2026-09-27T10:45:00+00:00,242.347,242.483,242.347,242.483,848.48,205728.37584,2
2026-09-27T11:00:00+00:00,241.716,241.716,241.715,241.715,173.61,41964.24855,2
2026-09-27T11:15:00+00:00,241.931,242.199,241.931,242.199,53.711460538274885,13000.0,2
2026-09-27T11:30:00+00:00,242.199,242.199,242.199,242.199,0.0,0.0,0
2026-09-27T11:45:00+00:00,242.01,242.01,242.01,242.01,12.4,3000.924,1
2026-09-27T12:00:00+00:00,242.495,242.777,242.495,242.777,255.31,61948.7129,5
2026-09-27T12:15:00+00:00,242.777,242.777,242.777,242.777,0.0,0.0,0
2026-09-27T12:30:00+00:00,243.099,243.166,243.026,243.166,776.8189036409449,188841.33984,7
2026-09-27T12:45:00+00:00,243.166,243.166,243.166,243.166,0.0,0.0,0
2026-09-27T13:00:00+00:00,240.976,240.976,240.149,240.172,510.19716087319415,122742.42356,5
2026-09-27T13:15:00+00:00,240.59,240.59,240.59,240.59,22.77318259279272,5479.0,1
2026-09-27T13:30:00+00:00,241.865,241.865,240.752,240.752,221.15112647039277,53423.995,2
2026-09-27T13:45:00+00:00,240.392,240.567,240.392,240.547,229.35798662185098,55168.07727,7
2026-09-27T14:00:00+00:00,241.138,241.431,240.854,241.431,263.7506882366114,63584.86035,3
2026-09-27T14:15:00+00:00,241.431,241.431,241.431,241.431,0.0,0.0,0
2026-09-27T14:30:00+00:00,239.776,240.319,239.0,239.349,715.8526506391065,171727.47577,7
2026-09-27T14:45:00+00:00,239.0,239.017,239.0,239.017,2852.4411271583194,681736.63,3
2026-09-27T15:00:00+00:00,239.254,239.254,237.939,239.018,1798.871774929085,429401.39528,11
2026-09-27T15:15:00+00:00,239.274,239.274,239.274,239.274,20.89,4998.43386,1
2026-09-27T15:30:00+00:00,239.144,239.144,238.859,238.859,53.34544024104453,12745.79621,4
2026-09-27T15:45:00+00:00,238.151,239.203,237.971,239.203,1736.26536849612,413755.2504,13
2026-09-27T16:00:00+00:00,239.497,239.824,239.497,239.824,27.137368109204026,6500.0,2
2026-09-27T16:15:00+00:00,240.111,240.111,240.111,240.111,415.84,99847.75824,1
2026-09-27T16:30:00+00:00,239.474,239.476,239.442,239.476,8204.97,1964881.75536,19
2026-09-27T16:45:00+00:00,239.417,239.519,239.248,239.519,162.66,38943.81722,3
2026-09-27T17:00:00+00:00,239.8,239.8,239.48,239.48,115.06405337781484,27567.336,2
2026-09-27T17:15:00+00:00,240.0,240.0,239.993,239.995,1138.7935164065918,273303.8,5
2026-09-27T17:30:00+00:00,240.103,240.103,239.508,239.508,154.80364878256364,37135.94,3
2026-09-27T17:45:00+00:00,239.508,239.508,239.508,239.508,0.0,0.0,0
2026-09-27T18:00:00+00:00,240.821,240.821,240.821,240.821,49.83,12000.11043,1
2026-09-27T18:15:00+00:00,241.805,241.805,241.805,241.805,82.71,19999.69155,1
2026-09-27T18:30:00+00:00,242.23,242.23,242.23,242.23,41.28,9999.2544,1
2026-09-27T18:45:00+00:00,242.347,242.347,242.347,242.347,200.0,48469.4,2
2026-09-27T19:00:00+00:00,241.552,241.552,241.552,241.552,25.76,6222.37952,1
2026-09-27T19:15:00+00:00,241.552,241.552,241.552,241.552,0.0,0.0,0
2026-09-27T19:30:00+00:00,241.414,241.414,241.414,241.414,82.84,19998.73576,1
2026-09-27T19:45:00+00:00,241.203,241.203,241.203,241.203,108.28588541601887,26118.88042,3
2026-09-27T20:00:00+00:00,241.202,241.202,241.202,241.202,920.7295130222801,222081.8,9
2026-09-27T20:15:00+00:00,240.583,240.583,240.396,240.396,310.01,74556.53476,4
2026-09-27T20:30:00+00:00,240.396,240.396,240.396,240.396,0.0,0.0,0
2026-09-27T20:45:00+00:00,240.166,240.166,240.166,240.166,66.62058742702963,16000.0,1
2026-09-27T21:00:00+00:00,239.767,240.048,239.767,240.048,50.33186551632828,12068.0,2
2026-09-27T21:15:00+00:00,240.27,240.27,240.239,240.239,159.7,38366.5062,3
2026-09-27T21:30:00+00:00,240.056,240.056,240.056,240.056,133.3,31999.4648,1
2026-09-27T21:45:00+00:00,239.996,240.117,239.996,240.069,271.26766554615546,65118.47839,3
2026-09-27T22:00:00+00:00,239.383,239.383,238.4,238.4,1620.618062822842,387205.11439,10
2026-09-27T22:15:00+00:00,237.894,237.945,237.199,237.561,8095.58,1926221.86884,15
2026-09-27T22:30:00+00:00,237.561,237.561,237.561,237.561,0.0,0.0,0
2026-09-27T22:45:00+00:00,238.396,238.436,238.223,238.246,191.98838799510142,45762.04087,4
2026-09-27T23:00:00+00:00,238.678,238.678,238.236,238.644,756.2780759697745,180463.33525,5
2026-09-27T23:15:00+00:00,239.24,239.24,239.24,239.24,16.59,3968.9916,1
2026-09-27T23:30:00+00:00,239.097,239.121,239.097,239.121,624.2239123289046,149251.0,4
2026-09-27T23:45:00+00:00,239.679,239.809,239.679,239.809,36.53521035490745,8760.02406,2
2026-09-28T00:00:00+00:00,238.993,238.993,238.993,238.993,292.93,70008.21949,1
2026-09-28T00:15:00+00:00,240.83,242.329,240.83,242.329,842.06048697772,203073.49736,12
2026-09-28T00:30:00+00:00,239.4,239.4,239.4,239.4,48.0,11491.2,2
2026-09-28T00:45:00+00:00,239.317,240.0,239.317,240.0,22.041666666666668,5276.34,2
2026-09-28T01:00:00+00:00,238.888,240.217,238.888,240.217,1559.2370812640238,372779.19267,11
2026-09-28T01:15:00+00:00,240.217,240.217,240.217,240.217,0.0,0.0,0
2026-09-28T01:30:00+00:00,239.646,239.646,238.878,238.878,199.49,47707.53222,3
2026-09-28T01:45:00+00:00,237.379,238.272,237.378,238.272,318.0,75502.496,6
2026-09-28T02:00:00+00:00,237.588,237.588,237.588,237.588,79.84,18969.02592,1
2026-09-28T02:15:00+00:00,239.227,239.227,237.503,238.542,606.1980954617113,144403.87821,5
2026-09-28T02:30:00+00:00,237.001,237.001,236.9,236.9,205.17,48621.0759,8
2026-09-28T02:45:00+00:00,236.631,236.641,236.631,236.641,211.29897186032852,50000.0,2
2026-09-28T03:00:00+00:00,236.749,237.304,236.749,237.304,1511.541831574689,358620.03109,5
2026-09-28T03:15:00+00:00,237.0,237.0,236.0,236.0,747.88,176858.20528,12
2026-09-28T03:30:00+00:00,235.0,236.503,235.0,236.503,646.8727617408658,152078.65,5
2026-09-28T03:45:00+00:00,236.7,236.885,235.951,235.951,1828.00743975068,431726.81533,10
2026-09-28T04:00:00+00:00,235.491,236.043,234.98,236.043,2029.7358001595735,477711.32384,15
2026-09-28T04:15:00+00:00,236.658,236.824,236.658,236.824,143.63,34000.09112,2
2026-09-28T04:30:00+00:00,236.162,237.068,236.117,237.019,3500.0,827969.95,18
2026-09-28T04:45:00+00:00,237.019,237.112,236.423,236.72,70539.44,16704955.02076,70
2026-09-28T05:00:00+00:00,236.72,237.56,233.59,233.59,147151.74559238463,34824437.24193,194
2026-09-28T05:15:00+00:00,235.123,235.123,235.123,235.123,12.89,3030.73547,1
2026-09-28T05:30:00+00:00,234.199,234.277,233.0,234.277,1694.1011959674483,395749.70007,24
2026-09-28T05:45:00+00:00,234.4,234.4,234.063,234.063,490.11,114817.71693,4
2026-09-28T06:00:00+00:00,234.063,234.063,234.063,234.063,0.0,0.0,0
2026-09-28T06:15:00+00:00,234.784,234.784,233.641,234.025,985.7223875654311,231214.2885,6
2026-09-28T06:30:00+00:00,233.835,233.89,232.701,233.254,2252.41,524686.33524,24
2026-09-28T06:45:00+00:00,233.267,233.289,233.267,233.289,733.0315359918385,171000.0,7
2026-09-28T07:00:00+00:00,233.579,234.689,233.579,234.689,369.1308153976053,86430.2,3
2026-09-28T07:15:00+00:00,233.718,233.718,233.147,233.17,226.4535875112579,52804.616,5
2026-09-28T07:30:00+00:00,232.698,232.771,232.698,232.771,135.5,31533.71581,3
2026-09-28T07:45:00+00:00,232.5,232.5,231.804,231.804,1171.75,272101.31816,19
2026-09-28T08:00:00+00:00,232.1,232.251,231.001,231.998,1974.394273433751,456997.03382,17
2026-09-28T08:15:00+00:00,232.156,232.364,232.156,232.199,332.5263108019875,77200.61571,6
2026-09-28T08:30:00+00:00,232.339,232.407,231.758,231.758,630.5593440987168,146447.36885,6
2026-09-28T08:45:00+00:00,231.868,233.253,231.777,233.018,2162.03,503378.19271,13
2026-09-28T09:00:00+00:00,231.778,232.657,231.078,232.657,4837.049702306328,1119857.32883,17
2026-09-28T09:15:00+00:00,233.562,233.89,233.562,233.6,2405.6292728556978,562300.0,7
2026-09-28T09:30:00+00:00,233.6,233.6,233.6,233.6,0.0,0.0,0
2026-09-28T09:45:00+00:00,233.166,233.166,233.166,233.166,77.19821929440828,18000.0,1
2026-09-28T10:00:00+00:00,233.475,233.475,233.475,233.475,8.57,2000.88075,1
2026-09-28T10:15:00+00:00,233.81,233.952,233.507,233.647,1012.8397820083883,236799.87455,7
2026-09-28T10:30:00+00:00,235.157,235.157,234.907,234.907,473.5493959789621,111322.56633,5
2026-09-28T10:45:00+00:00,234.275,234.954,234.274,234.828,475.7347326332149,111598.28648,5
2026-09-28T11:00:00+00:00,234.02,234.02,234.02,234.02,55.55,12999.811,1
2026-09-28T11:15:00+00:00,234.05,234.05,233.948,233.948,50.00049547507434,11700.0,2
2026-09-28T11:30:00+00:00,233.961,235.293,233.844,235.163,3258.3511387587796,764595.2501,21
2026-09-28T11:45:00+00:00,234.391,234.685,234.379,234.536,809.8309223001044,189918.27252,10
2026-09-28T12:00:00+00:00,234.501,236.0,234.444,236.0,672.37,157958.38458,9
2026-09-28T12:15:00+00:00,237.5,238.969,237.5,238.271,9450.047009142087,2251801.48403,19
2026-09-28T12:30:00+00:00,238.726,238.726,237.86,237.86,470.1369083125255,112023.04434,6
2026-09-28T12:45:00+00:00,238.914,240.316,238.914,239.934,653.7275438369878,156986.40084,5
2026-09-28T13:00:00+00:00,238.721,238.746,238.721,238.737,149.98,35806.49382,3
2026-09-28T13:15:00+00:00,239.51,239.704,239.51,239.704,172.61,41344.38068,3
2026-09-28T13:30:00+00:00,239.734,241.042,239.734,241.002,914.5068818252964,219690.18264,8
2026-09-28T13:45:00+00:00,239.614,239.962,239.614,239.869,1609.296388722696,386000.0,8
2026-09-28T14:00:00+00:00,238.309,238.5,238.0,238.5,4852.72,1157280.82966,5
2026-09-28T14:15:00+00:00,236.913,236.913,236.306,236.306,606.6618127092278,143463.36533,5
2026-09-28T14:30:00+00:00,235.175,236.426,234.272,234.272,478.79594816867234,112779.69065,5
2026-09-28T14:45:00+00:00,234.772,234.772,232.9,234.494,6720.260712126806,1568626.61917,23
2026-09-28T15:00:00+00:00,234.602,234.604,234.366,234.521,986.58,231347.27857,8
2026-09-28T15:15:00+00:00,233.333,234.64,233.319,234.64,581.65,136145.69345,6
2026-09-28T15:30:00+00:00,234.912,235.809,234.912,235.743,721.47,169818.44473,7
2026-09-28T15:45:00+00:00,235.38,235.657,235.38,235.608,231.53,54522.09268,3
2026-09-28T16:00:00+00:00,235.261,236.071,235.261,236.071,695.3324740861859,163859.89053,7
2026-09-28T16:15:00+00:00,235.948,238.692,235.948,238.692,323.03,76869.12283,5
2026-09-28T16:30:00+00:00,237.906,237.906,236.508,236.508,1499.93,354904.70148,5
2026-09-28T16:45:00+00:00,236.239,236.239,236.239,236.239,2.69,635.48291,1
2026-09-28T17:00:00+00:00,235.422,235.422,235.422,235.422,1420.0,334299.24,3
2026-09-28T17:15:00+00:00,238.883,238.883,237.696,237.883,427.0651663008512,101904.49539,4
2026-09-28T17:30:00+00:00,237.548,237.548,237.548,237.548,168.39,40000.70772,1
2026-09-28T17:45:00+00:00,237.497,237.497,237.497,237.497,1.2631738506170604,300.0,1
2026-09-28T18:00:00+00:00,236.774,237.221,236.668,237.221,1327.9347839356549,314314.61404,4
2026-09-28T18:15:00+00:00,237.221,237.221,237.221,237.221,0.0,0.0,0
2026-09-28T18:30:00+00:00,237.214,237.738,236.934,237.738,1033.8,245519.4128,10
2026-09-28T18:45:00+00:00,237.738,237.738,237.738,237.738,0.0,0.0,0
2026-09-28T19:00:00+00:00,237.738,237.738,237.738,237.738,946.89,225111.73482,2
2026-09-28T19:15:00+00:00,237.738,237.738,237.738,237.738,0.0,0.0,0
2026-09-28T19:30:00+00:00,233.895,233.895,233.895,233.895,96.02,22458.5979,1
2026-09-28T19:45:00+00:00,234.461,235.192,234.027,234.132,559.6138112668237,131019.1496,6
2026-09-28T20:00:00+00:00,235.482,235.482,235.482,235.482,42.46,9998.56572,1
2026-09-28T20:15:00+00:00,235.122,235.253,235.122,235.253,340.14295248094606,80000.0,2
2026-09-28T20:30:00+00:00,235.253,235.253,235.253,235.253,0.0,0.0,0
2026-09-28T20:45:00+00:00,235.363,235.422,235.363,235.422,337.19,79373.09418,2
2026-09-28T21:00:00+00:00,235.422,235.422,235.422,235.422,0.0,0.0,0
2026-09-28T21:15:00+00:00,235.108,235.108,235.108,235.108,71.03118566786328,16700.0,1
2026-09-28T21:30:00+00:00,235.108,235.108,235.108,235.108,0.0,0.0,0
2026-09-28T21:45:00+00:00,235.108,235.108,235.108,235.108,0.0,0.0,0
2026-09-28T22:00:00+00:00,234.138,234.138,234.138,234.138,42.709854871913144,10000.0,1
2026-09-28T22:15:00+00:00,233.426,233.944,233.426,233.631,345.61,80738.27699,4
2026-09-28T22:30:00+00:00,234.109,235.302,234.109,235.302,63.97,14981.02298,2
2026-09-28T22:45:00+00:00,235.387,235.387,235.387,235.387,3.62,852.10094,1
2026-09-28T23:00:00+00:00,236.234,236.234,234.844,234.844,541.4055515194622,127441.30232,10
2026-09-28T23:15:00+00:00,235.698,235.698,235.698,235.698,42.42,9998.30916,1
2026-09-28T23:30:00+00:00,235.502,235.692,235.502,235.689,145.4576132238433,34277.57086,3
2026-09-28T23:45:00+00:00,235.965,235.965,235.965,235.965,42.37916640179688,10000.0,1
2026-09-29T00:00:00+00:00,236.211,236.211,236.167,236.167,465.6,109965.1552,3
2026-09-29T00:15:00+00:00,235.846,236.015,235.846,236.015,67.44,15910.52424,2
2026-09-29T00:30:00+00:00,236.231,236.234,236.231,236.234,220.14636377490115,52005.58615,3
2026-09-29T00:45:00+00:00,236.234,236.36,234.956,234.967,296.97363622509886,70063.89172,5
2026-09-29T01:00:00+00:00,233.533,233.533,233.533,233.533,2.055384035660913,480.0,1
2026-09-29T01:15:00+00:00,232.04,232.667,231.929,232.667,2630.2745131024167,611707.46626,11
2026-09-29T01:30:00+00:00,231.065,231.377,231.022,231.194,1700.0,392989.6313,15
2026-09-29T01:45:00+00:00,232.349,233.018,232.084,232.964,1498.79,348168.52886,18
2026-09-29T02:00:00+00:00,233.148,233.212,231.93,233.142,23511.93,5475809.92468,91
2026-09-29T02:15:00+00:00,232.936,233.828,231.93,232.057,72139.3291696208,16787726.81326,131
2026-09-29T02:30:00+00:00,232.056,233.113,231.56,233.077,56101.76,13030297.47648,85
2026-09-29T02:45:00+00:00,233.158,233.497,232.59,233.226,183248.83,42694548.95342,156
2026-09-29T03:00:00+00:00,233.226,233.799,233.0,233.357,73529.17913861595,17159531.61776,101
2026-09-29T03:15:00+00:00,233.222,234.817,233.222,234.434,395.24643113573546,92595.81294,8
2026-09-29T03:30:00+00:00,234.817,235.252,234.817,235.252,425.20865583483226,100000.0,2
2026-09-29T03:45:00+00:00,235.018,235.026,234.56,234.56,1185.53,278343.05086,10
2026-09-29T04:00:00+00:00,235.1,235.1,234.298,234.567,422.0188910087464,98943.54071,7
2026-09-29T04:15:00+00:00,234.721,235.012,234.721,235.012,157.47569651075054,37000.0,2
2026-09-29T04:30:00+00:00,234.811,234.811,234.811,234.811,84.4721925293108,19835.0,1
2026-09-29T04:45:00+00:00,234.796,234.91,234.796,234.904,2724.755525002657,640000.0,11
2026-09-29T05:00:00+00:00,234.42,234.42,234.42,234.42,72.51,16997.7942,1
2026-09-29T05:15:00+00:00,235.1,235.54,235.1,235.54,61.75564303201921,14537.43,3
2026-09-29T05:30:00+00:00,234.2,235.08,232.487,234.944,1962.3545131642943,456766.65831,11
2026-09-29T05:45:00+00:00,235.04,235.533,234.909,235.533,4498.24,1057046.9214,8
2026-09-29T06:00:00+00:00,235.685,236.38,235.685,236.38,363.87,85787.29775,5
2026-09-29T06:15:00+00:00,236.5,236.812,236.227,236.812,836.59,198029.71788,6
2026-09-29T06:30:00+00:00,237.055,237.29,236.923,237.131,462.23344020841284,109571.92172,8
2026-09-29T06:45:00+00:00,237.455,237.455,237.455,237.455,1288.7,306008.2585,11
2026-09-29T07:00:00+00:00,237.212,237.455,237.212,237.455,202.198184076983,47969.59352,3
2026-09-29T07:15:00+00:00,237.455,237.637,237.455,237.475,475.83433202951556,113037.75425,4
2026-09-29T07:30:00+00:00,237.295,237.841,237.295,237.841,211.91,50354.05043,2
2026-09-29T07:45:00+00:00,237.841,237.841,237.841,237.841,0.0,0.0,0
2026-09-29T08:00:00+00:00,237.92,238.04,236.509,236.509,2234.561655655235,529330.52065,11
2026-09-29T08:15:00+00:00,237.77,238.28,237.361,238.28,58.77303044177147,13997.23284,4
2026-09-29T08:30:00+00:00,238.145,238.145,237.365,237.394,1024.5806757001435,243299.36124,6
2026-09-29T08:45:00+00:00,236.537,236.78,236.537,236.78,86.2022291669504,20401.0,3
2026-09-29T09:00:00+00:00,236.633,237.005,236.492,236.787,4298.0323357462585,1017835.05649,18
2026-09-29T09:15:00+00:00,236.989,236.989,236.989,236.989,46.41565642287195,11000.0,1
2026-09-29T09:30:00+00:00,237.175,237.636,237.175,237.636,192.05007797874734,45564.54,3
2026-09-29T09:45:00+00:00,237.98,238.5,237.98,238.5,75.58421300686194,18001.345,4
2026-09-29T10:00:00+00:00,238.617,238.78,238.617,238.641,1266.0509540162493,302276.44618,5
2026-09-29T10:15:00+00:00,238.23,238.23,238.015,238.034,224.2441119295337,53379.28815,4
2026-09-29T10:30:00+00:00,237.498,237.663,236.875,236.875,462.7520812663309,109919.09977,12
2026-09-29T10:45:00+00:00,236.731,237.761,236.731,237.703,1361.48,323379.86486,9
2026-09-29T11:00:00+00:00,237.756,237.91,237.751,237.771,2592.3530010808718,616454.79476,5
2026-09-29T11:15:00+00:00,237.469,237.852,236.988,237.296,2020.9097104963232,480159.03825,13
2026-09-29T11:30:00+00:00,237.512,238.563,237.062,238.43,2844.145154552699,675350.59157,11
2026-09-29T11:45:00+00:00,238.43,239.309,238.171,238.381,11247.384514882297,2681522.69312,55
2026-09-29T12:00:00+00:00,238.362,238.362,238.133,238.133,722.42,172177.45915,2
2026-09-29T12:15:00+00:00,238.133,238.133,238.133,238.133,0.0,0.0,0
2026-09-29T12:30:00+00:00,240.0,244.673,240.0,243.94,40220.62934221755,9764055.79205,104
2026-09-29T12:45:00+00:00,243.895,244.758,243.456,243.916,22319.994487388845,5461443.96321,98
2026-09-29T13:00:00+00:00,243.425,243.587,243.08,243.08,437.7,106477.5879,5
2026-09-29T13:15:00+00:00,243.408,243.617,243.408,243.617,635.6180385194793,154761.96988,6
2026-09-29T13:30:00+00:00,243.617,244.513,243.617,244.513,200.4547025346872,48999.88167,4
2026-09-29T13:45:00+00:00,244.492,245.5,244.376,244.615,2577.793295944546,632317.6572,13
2026-09-29T14:00:00+00:00,244.331,244.331,244.147,244.186,355.8026813625778,86896.8261,3
2026-09-29T14:15:00+00:00,244.107,244.107,244.107,244.107,49.15877053914882,12000.0,1
2026-09-29T14:30:00+00:00,244.107,245.021,244.107,244.362,757.7455169989619,185487.37193,8
2026-09-29T14:45:00+00:00,245.324,245.324,244.643,244.643,58.21242030946829,14269.03255,4
2026-09-29T15:00:00+00:00,243.123,243.123,241.383,241.383,1596.7453593937737,386562.55916,9
2026-09-29T15:15:00+00:00,240.31,240.31,238.5,238.5,18276.87831650001,4364417.91402,15
2026-09-29T15:30:00+00:00,239.892,239.892,239.892,239.892,25.01,5999.69892,2
2026-09-29T15:45:00+00:00,240.196,240.196,239.379,239.379,187.54799996669388,44997.09435,3
2026-09-29T16:00:00+00:00,239.261,240.179,239.261,240.179,729.0249164904731,174883.06708,6
2026-09-29T16:15:00+00:00,239.638,239.66,239.638,239.66,347.52232329132937,83285.0,2
2026-09-29T16:30:00+00:00,238.0,238.0,235.0,235.27,3873.5617903404054,913166.5753,12
2026-09-29T16:45:00+00:00,234.732,234.732,234.0,234.0,253.1188919981392,59347.6327,4
2026-09-29T17:00:00+00:00,234.535,234.535,234.535,234.535,54.57607606540601,12800.0,1
2026-09-29T17:15:00+00:00,233.755,234.332,233.687,234.332,1616.6591936227233,377932.83706,5
2026-09-29T17:30:00+00:00,234.215,234.215,234.215,234.215,121.68,28499.2812,1
2026-09-29T17:45:00+00:00,234.215,234.215,234.215,234.215,0.0,0.0,0
2026-09-29T18:00:00+00:00,234.321,234.661,234.321,234.661,481.63064805230005,113003.85469,3
2026-09-29T18:15:00+00:00,234.661,234.661,234.661,234.661,0.0,0.0,0
2026-09-29T18:30:00+00:00,235.601,235.933,235.601,235.933,162.61724112077692,38355.0,2
2026-09-29T18:45:00+00:00,236.407,236.429,236.407,236.429,211.49,50000.25831,2
2026-09-29T19:00:00+00:00,236.311,236.311,236.311,236.311,8.463423200782021,2000.0,2
2026-09-29T19:15:00+00:00,236.311,236.311,236.311,236.311,0.0,0.0,0
2026-09-29T19:30:00+00:00,236.239,236.239,235.174,235.174,152.54900397478823,35889.6653,4
2026-09-29T19:45:00+00:00,235.768,235.768,235.485,235.485,144.04,33923.96852,3
2026-09-29T20:00:00+00:00,235.01,235.01,235.01,235.01,60.61,14243.9561,1
2026-09-29T20:15:00+00:00,235.01,235.01,235.01,235.01,0.0,0.0,0
2026-09-29T20:30:00+00:00,235.01,235.01,235.01,235.01,0.0,0.0,0
2026-09-29T20:45:00+00:00,235.01,235.01,235.01,235.01,0.0,0.0,0
2026-09-29T21:00:00+00:00,235.988,235.988,235.853,235.939,602.1044570418625,142042.50228,5
2026-09-29T21:15:00+00:00,235.939,235.939,235.939,235.939,0.0,0.0,0
2026-09-29T21:30:00+00:00,235.249,235.318,235.249,235.318,378.29180470682223,88998.33995,2
2026-09-29T21:45:00+00:00,235.318,235.318,235.318,235.318,0.0,0.0,0
2026-09-29T22:00:00+00:00,236.0,236.0,236.0,236.0,1.271186440677966,300.0,1
2026-09-29T22:15:00+00:00,235.656,235.858,235.637,235.858,937.116313991436,221000.928,7
2026-09-29T22:30:00+00:00,235.423,235.646,235.423,235.646,19.322893962117668,4550.0,2
2026-09-29T22:45:00+00:00,235.372,235.372,235.372,235.372,42.48593715480176,10000.0,1
2026-09-29T23:00:00+00:00,235.732,236.431,235.732,236.431,1576.1609992352167,372434.62252,7
2026-09-29T23:15:00+00:00,235.709,235.709,235.678,235.678,143.73,33877.09894,2
2026-09-29T23:30:00+00:00,235.348,235.348,234.55,234.55,515.93,121231.75324,9
2026-09-29T23:45:00+00:00,235.236,235.236,235.142,235.142,87.06131971319458,20479.76472,2
2026-09-30T00:00:00+00:00,235.26,235.26,235.26,235.26,31.879622545269065,7500.0,1
2026-09-30T00:15:00+00:00,234.509,235.121,234.509,235.121,605.2039131027897,142181.16889,4
2026-09-30T00:30:00+00:00,234.628,234.628,234.627,234.627,211.17,49546.34655,3
2026-09-30T00:45:00+00:00,234.968,235.012,234.406,235.012,1144.686985713556,268512.95648,9
2026-09-30T01:00:00+00:00,235.022,235.022,235.022,235.022,275.5,64748.561,1
2026-09-30T01:15:00+00:00,235.461,235.894,235.387,235.784,938.55,221037.09062,7
2026-09-30T01:30:00+00:00,234.747,234.964,234.677,234.964,1452.3719422549837,340854.23452,5
2026-09-30T01:45:00+00:00,235.367,235.585,234.929,235.362,3075.1471008340936,723714.57848,8
2026-09-30T02:00:00+00:00,235.383,235.704,235.383,235.704,2121.8264643790517,500000.02392,6
2026-09-30T02:15:00+00:00,235.451,235.655,235.029,235.029,113.08505725292808,26598.52082,3
2026-09-30T02:30:00+00:00,234.492,234.496,234.484,234.492,288.17,67573.15964,4
2026-09-30T02:45:00+00:00,235.375,235.375,235.232,235.232,614.8356133828996,144658.00836,3
2026-09-30T03:00:00+00:00,235.416,235.772,234.606,234.967,2430.72,572593.01403,14
2026-09-30T03:15:00+00:00,234.946,234.946,233.867,234.039,2719.3299578285987,637715.24903,19
2026-09-30T03:30:00+00:00,234.483,235.534,234.483,235.534,465.00551476073366,109446.4128,3
2026-09-30T03:45:00+00:00,234.591,234.773,234.591,234.773,54.318300741567384,12744.91014,2
2026-09-30T04:00:00+00:00,234.73,234.73,234.73,234.73,51.62,12116.7626,1
2026-09-30T04:15:00+00:00,235.238,235.597,235.238,235.553,291.06,68548.56507,3
2026-09-30T04:30:00+00:00,235.645,235.645,235.37,235.625,2585.5331401129233,609000.0,8
2026-09-30T04:45:00+00:00,235.441,235.454,235.441,235.454,215.90350792767615,50834.19414,2
2026-09-30T05:00:00+00:00,235.597,235.597,235.191,235.531,285.5557995006543,67202.8338,4
2026-09-30T05:15:00+00:00,235.531,235.531,235.531,235.531,0.0,0.0,0
2026-09-30T05:30:00+00:00,236.058,236.689,236.058,236.22,170.88594890599995,40360.994,3
2026-09-30T05:45:00+00:00,236.851,236.923,236.443,236.744,840.3953642783305,199019.7827,6
2026-09-30T06:00:00+00:00,236.744,236.744,236.744,236.744,0.0,0.0,0
2026-09-30T06:15:00+00:00,236.147,236.156,235.434,235.519,2065.59,486810.61808,4
2026-09-30T06:30:00+00:00,235.913,236.005,235.655,235.655,856.3446996718401,201999.61324,6
2026-09-30T06:45:00+00:00,235.399,235.399,235.399,235.399,42.48106406569272,10000.0,1
2026-09-30T07:00:00+00:00,235.097,235.219,234.561,234.561,634.6352837796337,148997.85467,6
2026-09-30T07:15:00+00:00,234.033,234.033,234.033,234.033,50.8,11888.8764,1
2026-09-30T07:30:00+00:00,236.149,236.149,235.769,236.083,1457.2202417766457,343865.01954,13
2026-09-30T07:45:00+00:00,236.433,236.605,235.95,236.514,761.1320992413458,179996.47096,9
2026-09-30T08:00:00+00:00,235.293,235.293,235.203,235.203,75.66712308091309,17799.96485,2
2026-09-30T08:15:00+00:00,235.355,235.793,235.355,235.547,245.54,57836.8208,4
2026-09-30T08:30:00+00:00,235.08,235.321,235.08,235.321,1117.6703232941977,262997.97077,3
2026-09-30T08:45:00+00:00,235.51,236.018,235.51,235.812,571.7578337245465,134839.3616,6
2026-09-30T09:00:00+00:00,235.375,236.636,235.375,236.393,527.6039791035514,124568.36737,12
2026-09-30T09:15:00+00:00,236.45,237.325,235.697,236.992,9769.923186176291,2311039.42489,48
2026-09-30T09:30:00+00:00,237.34,237.67,237.052,237.539,20279.35,4816430.3428,78
2026-09-30T09:45:00+00:00,237.444,238.091,237.185,237.263,2638.9337831360594,626622.10053,21
2026-09-30T10:00:00+00:00,237.226,237.416,237.226,237.416,1263.9708360009436,300000.0,5
2026-09-30T10:15:00+00:00,236.458,237.484,236.457,237.484,209.56,49642.41292,3
2026-09-30T10:30:00+00:00,236.884,236.884,236.884,236.884,87.91,20824.47244,1
2026-09-30T10:45:00+00:00,237.354,237.875,236.884,237.854,9970.506116861605,2362912.91854,33
2026-09-30T11:00:00+00:00,237.783,237.783,236.769,236.797,831.8369646274124,197508.96468,3
2026-09-30T11:15:00+00:00,237.517,237.517,237.517,237.517,84.20449904638404,20000.0,1
2026-09-30T11:30:00+00:00,237.662,238.9,237.662,238.899,518.4782812565745,123790.6645,8
2026-09-30T11:45:00+00:00,238.778,238.778,238.242,238.242,471.49,112382.32058,3
2026-09-30T12:00:00+00:00,238.0,238.0,238.0,238.0,100.0,23800.0,1
2026-09-30T12:15:00+00:00,237.073,237.684,236.766,237.546,1150.397857967327,272990.10654,12
2026-09-30T12:30:00+00:00,237.831,241.529,237.831,240.982,6769.989875664186,1623805.41292,32
2026-09-30T12:45:00+00:00,241.2,241.2,241.2,241.2,117.82222222222222,28418.72,3
2026-09-30T13:00:00+00:00,241.016,241.199,240.003,241.199,1338.39,321525.64187,9
2026-09-30T13:15:00+00:00,241.2,241.311,240.961,240.961,808.0825251710319,194938.05591,7
2026-09-30T13:30:00+00:00,240.961,240.961,240.961,240.961,0.0,0.0,0
2026-09-30T13:45:00+00:00,238.821,238.821,237.327,238.352,720.862134709295,171481.15175,18
2026-09-30T14:00:00+00:00,238.303,238.425,238.303,238.425,125.86,30002.0705,2
2026-09-30T14:15:00+00:00,236.1,236.1,234.68,234.68,6703.579226090068,1580298.364,38
2026-09-30T14:30:00+00:00,235.601,235.602,234.681,234.847,971.08,228203.81041,7
2026-09-30T14:45:00+00:00,234.847,234.847,234.847,234.847,0.0,0.0,0
2026-09-30T15:00:00+00:00,235.577,236.108,235.428,235.44,123.71,29178.3514,4
2026-09-30T15:15:00+00:00,235.48,235.936,234.68,234.68,3916.4496765224467,921502.48991,19
2026-09-30T15:30:00+00:00,236.691,236.691,236.691,236.691,27.25,6449.82975,1
2026-09-30T15:45:00+00:00,237.131,237.131,236.713,236.713,54.87078323795708,13006.2621,3
2026-09-30T16:00:00+00:00,237.534,238.0,237.534,237.762,504.24719409771194,119907.14656,4
2026-09-30T16:15:00+00:00,237.762,237.762,237.762,237.762,0.0,0.0,0
2026-09-30T16:30:00+00:00,237.762,237.763,237.762,237.762,125.19,29765.45748,3
2026-09-30T16:45:00+00:00,237.762,237.762,237.762,237.762,0.0,0.0,0
2026-09-30T17:00:00+00:00,237.275,237.275,237.275,237.275,10.0,2372.75,1
2026-09-30T17:15:00+00:00,237.816,237.837,237.816,237.837,420.33,99963.82621,3
2026-09-30T17:30:00+00:00,237.007,237.007,235.886,236.431,422.1351638385931,99787.60658,14
2026-09-30T17:45:00+00:00,235.939,235.939,235.939,235.939,36.02626102509547,8500.0,1
2026-09-30T18:00:00+00:00,236.0,236.186,235.716,236.186,519.6601853623839,122620.37584,9
2026-09-30T18:15:00+00:00,236.208,236.214,236.208,236.214,1185.38,279999.56362,7
2026-09-30T18:30:00+00:00,235.716,235.716,235.007,235.162,240.26459951069035,56489.4974,5
2026-09-30T18:45:00+00:00,234.68,235.682,234.68,235.682,729.8,171766.68116,9
2026-09-30T19:00:00+00:00,235.631,235.803,234.68,234.68,754.67,177569.65301,9
2026-09-30T19:15:00+00:00,234.68,235.142,234.68,235.142,7680.03,1802408.38236,22
2026-09-30T19:30:00+00:00,235.142,235.142,235.142,235.142,0.0,0.0,0
2026-09-30T19:45:00+00:00,235.142,235.142,235.142,235.142,0.0,0.0,0
2026-09-30T20:00:00+00:00,235.002,235.002,234.481,234.481,355.44,83444.93559,3
2026-09-30T20:15:00+00:00,235.162,235.162,235.162,235.162,4.252387715702367,1000.0,1
2026-09-30T20:30:00+00:00,235.162,235.162,235.162,235.162,0.0,0.0,0
2026-09-30T20:45:00+00:00,235.162,235.162,235.162,235.162,0.0,0.0,0
2026-09-30T21:00:00+00:00,235.117,235.119,235.054,235.119,470.0026937423177,110497.97405,4
2026-09-30T21:15:00+00:00,235.008,235.008,235.008,235.008,38.29656862745098,9000.0,1
2026-09-30T21:30:00+00:00,234.557,234.872,234.224,234.699,433.8219644279358,101777.22292,15
2026-09-30T21:45:00+00:00,234.566,234.566,234.167,234.167,118.0,27670.82396,2
2026-09-30T22:00:00+00:00,234.694,234.694,234.0,234.531,628.0563307461798,147230.616,5
2026-09-30T22:15:00+00:00,234.531,234.531,234.531,234.531,0.0,0.0,0
2026-09-30T22:30:00+00:00,234.531,234.531,234.531,234.531,0.0,0.0,0
2026-09-30T22:45:00+00:00,235.15,235.15,235.15,235.15,32.45,7630.6175,1
2026-09-30T23:00:00+00:00,235.15,235.15,235.15,235.15,0.0,0.0,0
2026-09-30T23:15:00+00:00,235.15,235.15,235.15,235.15,0.0,0.0,0
2026-09-30T23:30:00+00:00,235.15,235.15,235.15,235.15,0.0,0.0,0
2026-09-30T23:45:00+00:00,234.902,235.052,234.542,234.729,261.12075880211466,61280.86496,7
2026-10-01T00:00:00+00:00,234.719,235.6,234.719,235.6,325.87218132856333,76620.11574,8
2026-10-01T00:15:00+00:00,234.707,234.707,234.639,234.639,340.41,79885.26199,3
2026-10-01T00:30:00+00:00,234.97,235.242,234.97,235.242,139.53323797366156,32800.0,2
2026-10-01T00:45:00+00:00,235.453,235.631,235.02,235.206,2164.6664192797607,509100.49941,18
2026-10-01T01:00:00+00:00,235.988,236.246,235.746,235.832,2742.7148542297055,647821.78064,9
2026-10-01T01:15:00+00:00,236.298,236.576,236.298,236.565,262.0516800879251,61988.80192,3
2026-10-01T01:30:00+00:00,235.741,235.741,235.741,235.741,948.7,223647.4867,1
2026-10-01T01:45:00+00:00,235.53,236.384,235.272,235.744,2877.07,679041.9706,18
2026-10-01T02:00:00+00:00,235.617,236.482,235.312,236.0,2474.809957119115,584111.47976,30
2026-10-01T02:15:00+00:00,236.0,236.0,235.035,235.035,941.05,221232.9053,10
2026-10-01T02:30:00+00:00,235.035,236.257,235.035,236.014,979.3068208665587,231012.42524,7
2026-10-01T02:45:00+00:00,236.074,236.42,236.074,236.42,94.51903721835068,22333.0,2
2026-10-01T03:00:00+00:00,236.189,236.189,236.172,236.172,480.2,113412.86631,4
2026-10-01T03:15:00+00:00,236.443,236.443,236.183,236.183,55.81236492516167,13196.182999999999,2
2026-10-01T03:30:00+00:00,236.453,237.34,236.339,237.34,390.2202867041676,92376.8955,12
2026-10-01T03:45:00+00:00,237.288,237.798,237.243,237.734,551.5657495016779,130927.97876,23
2026-10-01T04:00:00+00:00,237.734,237.965,237.326,237.826,3552.8942130260084,845149.98554,18
2026-10-01T04:15:00+00:00,237.826,238.008,237.355,238.008,1198.9619548922726,285203.91492,11
2026-10-01T04:30:00+00:00,237.878,237.948,237.514,237.514,219.61258258106812,52243.7266,4
2026-10-01T04:45:00+00:00,237.954,238.999,237.954,238.546,1641.0273714622097,391152.51297,19
2026-10-01T05:00:00+00:00,238.829,238.889,238.3,238.346,2943.92,701811.49854,14
2026-10-01T05:15:00+00:00,238.346,238.346,238.346,238.346,0.0,0.0,0
2026-10-01T05:30:00+00:00,239.0,239.0,239.0,239.0,3271.12,781797.68,3
2026-10-01T05:45:00+00:00,239.0,239.0,238.898,239.0,1689.69,403789.71118,16
2026-10-01T06:00:00+00:00,238.7,239.0,238.294,238.352,1600.1,381386.30979,15
2026-10-01T06:15:00+00:00,238.415,238.982,238.219,238.982,1093.15,260526.91473,18
2026-10-01T06:30:00+00:00,239.0,239.0,238.107,238.107,2461.4077988347885,587181.76749,21
2026-10-01T06:45:00+00:00,238.107,238.107,238.107,238.107,0.0,0.0,0
2026-10-01T07:00:00+00:00,238.509,238.655,238.509,238.655,68.87552617795562,16432.59186,2
2026-10-01T07:15:00+00:00,238.26,238.26,234.752,235.429,724.7874168057343,171513.2104,11
2026-10-01T07:30:00+00:00,236.624,236.66,235.986,236.208,621.9871039084197,146945.34626,5
2026-10-01T07:45:00+00:00,235.832,236.072,235.832,236.072,233.71,55136.62952,4
2026-10-01T08:00:00+00:00,236.241,236.266,236.241,236.266,44.86593097726474,10600.0824,2
2026-10-01T08:15:00+00:00,235.094,235.972,234.968,235.458,816.0018754588704,191988.00982,12
2026-10-01T08:30:00+00:00,235.142,235.537,234.454,235.397,804.0648841319133,188836.3892,16
2026-10-01T08:45:00+00:00,235.344,235.865,235.299,235.865,1043.765849644608,245844.11936,10
2026-10-01T09:00:00+00:00,236.16,236.714,235.996,236.714,1073.1611880838173,253554.40888,9
2026-10-01T09:15:00+00:00,235.992,236.446,235.992,236.446,374.5910054949006,88454.68156,4
2026-10-01T09:30:00+00:00,236.723,236.827,236.311,236.311,324.13085238865676,76679.78549,6
2026-10-01T09:45:00+00:00,236.361,236.844,236.117,236.393,630.76,149095.53134,5
2026-10-01T10:00:00+00:00,235.411,235.43,234.655,234.655,641.31,150942.2658,3
2026-10-01T10:15:00+00:00,235.121,235.273,234.772,234.772,1268.813081219878,298211.15476,14
2026-10-01T10:30:00+00:00,235.753,236.199,235.229,236.107,1005.6528949705364,236946.89769,7
2026-10-01T10:45:00+00:00,236.496,236.496,236.496,236.496,25.8,6101.5968,1
2026-10-01T11:00:00+00:00,236.262,236.638,235.651,235.651,1479.395738504553,349690.49684,9
2026-10-01T11:15:00+00:00,236.053,236.053,236.053,236.053,42.36336754881319,10000.0,1
2026-10-01T11:30:00+00:00,236.053,236.053,236.053,236.053,0.0,0.0,0
2026-10-01T11:45:00+00:00,235.66,236.599,235.659,236.469,3754.53,886801.96582,31
2026-10-01T12:00:00+00:00,236.529,236.529,235.866,235.974,1014.2935363135344,239555.27971,8
2026-10-01T12:15:00+00:00,235.975,236.311,235.956,236.311,584.19,138000.18749,9
2026-10-01T12:30:00+00:00,236.136,236.212,235.431,236.156,1067.3183770113926,252015.09612,15
2026-10-01T12:45:00+00:00,236.154,236.154,235.199,235.199,1337.4597803961335,315477.66254,9
2026-10-01T13:00:00+00:00,235.572,235.572,234.729,234.729,134.6048800366767,31627.8756,2
2026-10-01T13:15:00+00:00,234.326,234.326,234.0,234.0,543.9921929862031,127336.54214,6
2026-10-01T13:30:00+00:00,234.665,235.974,234.665,235.974,202.58,47632.95859,2
2026-10-01T13:45:00+00:00,235.366,236.046,235.366,236.046,507.96,119729.82006,5
2026-10-01T14:00:00+00:00,234.7,235.389,234.145,234.145,1505.50052489714,353543.39778,13
2026-10-01T14:15:00+00:00,234.692,234.831,234.692,234.831,425.92,99998.36952,2
2026-10-01T14:30:00+00:00,235.179,235.179,235.179,235.179,38.2687229727144,9000.0,1
2026-10-01T14:45:00+00:00,234.521,234.521,233.586,233.707,719.1506362919047,168265.76519,8
2026-10-01T15:00:00+00:00,234.58,234.701,233.707,234.447,10523.733176864906,2459686.43709,13
2026-10-01T15:15:00+00:00,234.644,235.513,234.644,235.513,405.0553654787634,95251.03408,6
2026-10-01T15:30:00+00:00,233.73,234.221,233.73,234.221,288.8160789000972,67616.0185,4
2026-10-01T15:45:00+00:00,234.409,234.814,232.0,234.814,10387.556898566525,2421897.96499,29
