timestamp,open,high,low,close,volume,quote_volume,count
2026-09-23T07:05:00+00:00,255.901,255.901,255.901,255.901,0.0,0.0,0
2026-09-23T07:10:00+00:00,256.456,256.835,256.456,256.629,389.51,99977.8078,4
2026-09-23T07:15:00+00:00,256.916,256.916,256.916,256.916,13.23,3398.99868,1
2026-09-23T07:20:00+00:00,256.2,256.2,256.2,256.2,100.0,25620.0,1
2026-09-23T07:25:00+00:00,256.2,256.2,256.2,256.2,0.0,0.0,0
2026-09-23T07:30:00+00:00,256.2,256.2,256.2,256.2,0.0,0.0,0
2026-09-23T07:35:00+00:00,256.388,256.389,256.388,256.389,233.12,59769.20368,2
2026-09-23T07:40:00+00:00,255.77,255.771,255.5,255.5,182.53,46672.35813,4
2026-09-23T07:45:00+00:00,255.564,255.564,255.564,255.564,39.13,10000.21932,1
2026-09-23T07:50:00+00:00,255.564,255.564,255.564,255.564,2218.03,566848.61892,16
2026-09-23T07:55:00+00:00,255.5,255.5,255.329,255.329,42.37,10822.90502,2
2026-09-23T08:00:00+00:00,255.328,255.328,255.328,255.328,766.0,195581.248,7
2026-09-23T08:05:00+00:00,255.328,255.328,255.328,255.328,0.0,0.0,0
2026-09-23T08:10:00+00:00,255.097,255.142,255.097,255.142,736.2,187816.1364,3
2026-09-23T08:15:00+00:00,254.147,255.328,253.142,255.328,4240.9265446797845,1076119.2057,21
2026-09-23T08:20:00+00:00,255.323,255.327,254.957,254.957,10374.73547744657,2648928.71349,33
2026-09-23T08:25:00+00:00,254.957,254.957,253.939,253.939,5069.15,1287408.51307,22
2026-09-23T08:30:00+00:00,253.94,253.94,253.94,253.94,2088.658738284634,530394.0,2
2026-09-23T08:35:00+00:00,253.94,254.715,253.94,254.356,3593.3786892323947,912777.96396,23
2026-09-23T08:40:00+00:00,254.356,254.356,254.356,254.356,0.0,0.0,0
2026-09-23T08:45:00+00:00,253.0,253.0,253.0,253.0,200.0,50600.0,1
2026-09-23T08:50:00+00:00,252.041,252.041,252.0,252.0,631.47,159134.19027,5
2026-09-23T08:55:00+00:00,251.1,251.77,251.1,251.77,117.98781427493347,29627.0,3
2026-09-23T09:00:00+00:00,252.924,252.924,252.922,252.922,199.55644762853663,50472.53588,2
2026-09-23T09:05:00+00:00,252.13,252.13,252.13,252.13,50.11,12634.2343,1
2026-09-23T09:10:00+00:00,253.041,253.042,252.398,252.399,2813.27,711582.7296,19
2026-09-23T09:15:00+00:00,252.399,252.399,252.399,252.399,0.0,0.0,0
2026-09-23T09:20:00+00:00,253.105,253.197,253.105,253.197,119.74746936180128,30310.5,2
2026-09-23T09:25:00+00:00,253.105,253.105,253.105,253.105,54.09,13690.44945,2
2026-09-23T09:30:00+00:00,253.105,253.105,253.105,253.105,0.0,0.0,0
2026-09-23T09:35:00+00:00,253.105,253.105,253.105,253.105,0.0,0.0,0
2026-09-23T09:40:00+00:00,253.105,253.105,253.105,253.105,0.0,0.0,0
2026-09-23T09:45:00+00:00,252.455,252.455,252.13,252.13,134.94484165494842,34035.0,2
2026-09-23T09:50:00+00:00,252.13,252.13,251.393,251.537,273.8,68944.13337,7
2026-09-23T09:55:00+00:00,251.537,251.537,251.537,251.537,0.0,0.0,0
2026-09-23T10:00:00+00:00,252.285,252.306,252.285,252.306,195.96085705452901,49440.0,2
2026-09-23T10:05:00+00:00,251.506,251.909,251.371,251.569,417.61,105090.47817,8
2026-09-23T10:10:00+00:00,250.356,250.356,250.355,250.355,47.37,11859.32035,2
2026-09-23T10:15:00+00:00,250.355,250.355,250.355,250.355,0.0,0.0,0
2026-09-23T10:20:00+00:00,250.003,250.003,250.0,250.0,31.0,7750.09,2
2026-09-23T10:25:00+00:00,249.829,249.83,249.829,249.83,61.29,15312.0467,2
2026-09-23T10:30:00+00:00,250.003,250.184,250.003,250.184,79.1,19778.1514,2
2026-09-23T10:35:00+00:00,251.043,251.068,251.043,251.068,317.64,79746.03952,5
2026-09-23T10:40:00+00:00,251.068,251.068,251.068,251.068,0.0,0.0,0
2026-09-23T10:45:00+00:00,251.068,251.068,251.068,251.068,0.0,0.0,0
2026-09-23T10:50:00+00:00,251.192,251.218,251.192,251.218,199.03819455612256,49999.90704,2
2026-09-23T10:55:00+00:00,251.218,251.218,251.218,251.218,0.0,0.0,0
2026-09-23T11:00:00+00:00,251.198,251.72,251.197,251.72,902.5008540044494,226761.84387,5
2026-09-23T11:05:00+00:00,251.72,251.72,251.72,251.72,0.0,0.0,0
2026-09-23T11:10:00+00:00,251.72,251.72,251.72,251.72,0.0,0.0,0
2026-09-23T11:15:00+00:00,251.57,251.57,251.164,251.19,1063.95,267450.42377,7
2026-09-23T11:20:00+00:00,250.173,250.174,250.173,250.174,214.58,53682.29692,3
2026-09-23T11:25:00+00:00,249.558,249.888,249.558,249.888,1475.0,368131.05,10
2026-09-23T11:30:00+00:00,249.956,249.956,249.2,249.2,416.16,103827.49485,6
2026-09-23T11:35:00+00:00,249.131,249.131,247.618,247.618,756.23,187699.68173,8
2026-09-23T11:40:00+00:00,248.42,248.421,248.42,248.421,281.78,70000.04938,2
2026-09-23T11:45:00+00:00,248.769,248.856,248.769,248.856,1944.5203791907923,483789.0,14
2026-09-23T11:50:00+00:00,248.856,248.856,248.856,248.856,0.0,0.0,0
2026-09-23T11:55:00+00:00,248.634,248.819,248.634,248.819,267.64,66586.67784,6
2026-09-23T12:00:00+00:00,248.195,248.195,246.337,246.337,1612.04,397365.28395,11
2026-09-23T12:05:00+00:00,246.337,246.337,246.337,246.337,0.0,0.0,0
2026-09-23T12:10:00+00:00,247.142,247.142,247.016,247.016,300.0,74139.98,4
2026-09-23T12:15:00+00:00,246.442,246.442,246.442,246.442,100.0,24644.2,1
2026-09-23T12:20:00+00:00,246.436,246.436,246.337,246.337,200.0,49277.85095,3
2026-09-23T12:25:00+00:00,248.234,248.317,248.234,248.317,422.9735418839628,105000.0,5
2026-09-23T12:30:00+00:00,248.43,248.43,248.43,248.43,8.05,1999.8615,1
2026-09-23T12:35:00+00:00,248.125,248.125,248.125,248.125,100.75566750629723,25000.0,1
2026-09-23T12:40:00+00:00,247.588,247.588,247.408,247.408,358.58,88745.88201,5
2026-09-23T12:45:00+00:00,247.408,247.408,247.408,247.408,0.0,0.0,0
2026-09-23T12:50:00+00:00,247.408,247.408,247.408,247.408,0.0,0.0,0
2026-09-23T12:55:00+00:00,247.382,247.49,247.382,247.49,72.88,18033.63488,3
2026-09-23T13:00:00+00:00,247.49,247.49,247.49,247.49,0.0,0.0,0
2026-09-23T13:05:00+00:00,246.34,246.748,246.15,246.15,489.2611876084102,120509.91588,6
2026-09-23T13:10:00+00:00,246.15,246.15,246.15,246.15,0.0,0.0,0
2026-09-23T13:15:00+00:00,246.15,246.15,246.15,246.15,0.0,0.0,0
2026-09-23T13:20:00+00:00,246.15,246.15,246.15,246.15,0.0,0.0,0
2026-09-23T13:25:00+00:00,248.352,248.352,248.352,248.352,20.132714856332946,5000.0,1
2026-09-23T13:30:00+00:00,248.352,248.352,248.352,248.352,0.0,0.0,0
2026-09-23T13:35:00+00:00,248.765,248.819,248.765,248.819,255.39,63532.38441,4
2026-09-23T13:40:00+00:00,249.713,250.0,249.493,250.0,397.3319455534954,99274.42832,4
2026-09-23T13:45:00+00:00,249.524,249.545,249.524,249.545,340.64629625919173,85000.0,4
2026-09-23T13:50:00+00:00,249.471,249.472,249.471,249.472,200.43,50001.52296,2
2026-09-23T13:55:00+00:00,249.472,249.472,249.472,249.472,0.0,0.0,0
2026-09-23T14:00:00+00:00,249.526,250.0,249.21,249.21,441.34,110309.37464,4
2026-09-23T14:05:00+00:00,248.223,248.223,248.223,248.223,80.43,19964.57589,1
2026-09-23T14:10:00+00:00,246.487,246.847,239.744,241.503,3200.6809237705947,785562.64065,36
2026-09-23T14:15:00+00:00,242.902,242.902,242.0,242.0,186.99,45418.44098,3
2026-09-23T14:20:00+00:00,240.111,242.094,240.111,242.094,70.1,16962.8574,3
2026-09-23T14:25:00+00:00,240.756,240.756,240.756,240.756,41.45,9979.3362,1
2026-09-23T14:30:00+00:00,240.0,242.31,239.416,241.487,6463.607060735148,1551783.4832,46
2026-09-23T14:35:00+00:00,241.617,242.288,241.443,242.288,112.94706936564175,27317.44,9
2026-09-23T14:40:00+00:00,242.288,242.288,242.288,242.288,41.27,9999.22576,2
2026-09-23T14:45:00+00:00,240.322,241.179,240.322,241.179,154.38939957458982,37209.66,3
2026-09-23T14:50:00+00:00,241.468,242.082,241.468,242.082,155.482465585502,37562.46,2
2026-09-23T14:55:00+00:00,241.112,241.112,241.112,241.112,29.998506917946845,7233.0,1
2026-09-23T15:00:00+00:00,241.112,241.112,241.112,241.112,0.0,0.0,0
2026-09-23T15:05:00+00:00,242.393,242.912,242.393,242.762,782.8104913302066,190000.0,8
2026-09-23T15:10:00+00:00,242.279,242.279,241.993,241.993,43.786622308729314,10600.0,2
2026-09-23T15:15:00+00:00,241.993,241.993,241.993,241.993,0.0,0.0,0
2026-09-23T15:20:00+00:00,241.993,241.993,241.993,241.993,0.0,0.0,0
2026-09-23T15:25:00+00:00,241.331,241.331,241.331,241.331,1.2431059416320323,300.0,1
2026-09-23T15:30:00+00:00,241.026,241.026,241.026,241.026,41.489299909553324,10000.0,1
2026-09-23T15:35:00+00:00,241.026,241.026,241.026,241.026,0.0,0.0,0
2026-09-23T15:40:00+00:00,241.026,241.026,241.026,241.026,0.0,0.0,0
2026-09-23T15:45:00+00:00,239.227,239.227,239.027,239.027,750.0,179334.7766,10
2026-09-23T15:50:00+00:00,239.355,239.554,239.355,239.554,1193.19,285703.08726,5
2026-09-23T15:55:00+00:00,238.976,238.976,238.976,238.976,1.3,310.6688,1
2026-09-23T16:00:00+00:00,237.022,237.022,235.896,235.896,113.99,26961.98526,16
2026-09-23T16:05:00+00:00,238.975,238.975,238.975,238.975,500.0,119487.5,4
2026-09-23T16:10:00+00:00,238.975,238.975,238.975,238.975,0.0,0.0,0
2026-09-23T16:15:00+00:00,239.632,239.68,239.438,239.438,121.02311999379143,29000.0,3
2026-09-23T16:20:00+00:00,239.438,239.438,239.438,239.438,0.0,0.0,0
2026-09-23T16:25:00+00:00,239.438,239.438,239.438,239.438,0.0,0.0,0
2026-09-23T16:30:00+00:00,239.438,239.438,239.438,239.438,0.0,0.0,0
2026-09-23T16:35:00+00:00,239.438,239.438,239.438,239.438,0.0,0.0,0
2026-09-23T16:40:00+00:00,239.438,239.438,239.438,239.438,0.0,0.0,0
2026-09-23T16:45:00+00:00,239.438,239.438,239.438,239.438,0.0,0.0,0
2026-09-23T16:50:00+00:00,239.438,239.438,239.438,239.438,0.0,0.0,0
2026-09-23T16:55:00+00:00,239.438,239.438,239.438,239.438,0.0,0.0,0
2026-09-23T17:00:00+00:00,237.338,237.339,237.199,237.199,133.11,31591.23969,3
2026-09-23T17:05:00+00:00,236.323,236.323,236.017,236.017,68.46408733269213,16171.0815,2
2026-09-23T17:10:00+00:00,235.986,235.986,235.984,235.984,225.5,53214.622,3
2026-09-23T17:15:00+00:00,235.984,235.984,235.984,235.984,0.0,0.0,0
2026-09-23T17:20:00+00:00,238.647,238.731,238.647,238.731,302.0,72079.944,4
2026-09-23T17:25:00+00:00,237.674,237.746,237.674,237.746,210.33876490035584,50000.0,2
2026-09-23T17:30:00+00:00,237.619,237.841,237.468,237.841,197.1632849899776,46865.13352,3
2026-09-23T17:35:00+00:00,237.803,237.804,236.876,236.876,239.0,56813.436,5
2026-09-23T17:40:00+00:00,236.876,236.876,236.876,236.876,0.0,0.0,0
2026-09-23T17:45:00+00:00,238.217,238.694,238.217,238.694,0.4,95.424,4
2026-09-23T17:50:00+00:00,238.242,238.555,237.846,237.846,120.93584789018298,28789.64996,8
2026-09-23T17:55:00+00:00,237.846,237.94,237.846,237.94,10.0,2379.0052,2
2026-09-23T18:00:00+00:00,236.248,236.889,236.248,236.889,170.7,40423.6836,2
2026-09-23T18:05:00+00:00,236.889,236.889,236.889,236.889,0.0,0.0,0
2026-09-23T18:10:00+00:00,236.889,236.889,236.889,236.889,0.0,0.0,0
2026-09-23T18:15:00+00:00,235.574,235.574,235.344,235.344,1476.08,347603.46792,7
2026-09-23T18:20:00+00:00,235.344,235.344,235.344,235.344,0.0,0.0,0
2026-09-23T18:25:00+00:00,235.344,235.344,235.344,235.344,0.0,0.0,0
2026-09-23T18:30:00+00:00,235.649,236.107,235.597,236.107,340.42,80211.16414,6
2026-09-23T18:35:00+00:00,236.107,236.107,236.107,236.107,0.0,0.0,0
2026-09-23T18:40:00+00:00,236.107,236.107,236.107,236.107,0.0,0.0,0
2026-09-23T18:45:00+00:00,236.107,236.107,236.107,236.107,0.0,0.0,0
2026-09-23T18:50:00+00:00,236.107,236.107,236.107,236.107,0.0,0.0,0
2026-09-23T18:55:00+00:00,237.036,237.037,237.036,237.037,84.37518193362217,20000.0,2
2026-09-23T19:00:00+00:00,236.803,236.803,236.673,236.673,42.22,9996.23406,2
2026-09-23T19:05:00+00:00,235.853,235.853,235.852,235.852,88.9,20967.2828,2
2026-09-23T19:10:00+00:00,236.912,236.913,236.912,236.913,42.27,10014.27251,2
2026-09-23T19:15:00+00:00,236.598,236.598,236.598,236.598,20.54,4859.72292,1
2026-09-23T19:20:00+00:00,236.598,236.598,236.598,236.598,0.0,0.0,0
2026-09-23T19:25:00+00:00,236.598,236.598,236.598,236.598,0.0,0.0,0
2026-09-23T19:30:00+00:00,237.61,237.719,237.61,237.719,316.5003638749953,75211.0,3
2026-09-23T19:35:00+00:00,237.719,237.719,237.719,237.719,0.0,0.0,0
2026-09-23T19:40:00+00:00,237.719,237.719,237.719,237.719,0.0,0.0,0
2026-09-23T19:45:00+00:00,237.719,237.719,237.719,237.719,0.0,0.0,0
2026-09-23T19:50:00+00:00,237.885,237.885,237.885,237.885,4.20371187758791,1000.0,1
2026-09-23T19:55:00+00:00,237.5,237.5,236.186,236.186,506.0,119803.72228,5
2026-09-23T20:00:00+00:00,236.186,236.186,236.186,236.186,0.0,0.0,0
2026-09-23T20:05:00+00:00,236.186,236.186,236.186,236.186,0.0,0.0,0
2026-09-23T20:10:00+00:00,236.375,236.375,236.375,236.375,21.18,5006.4225,1
2026-09-23T20:15:00+00:00,236.375,236.375,236.375,236.375,0.0,0.0,0
2026-09-23T20:20:00+00:00,236.375,236.375,236.375,236.375,0.0,0.0,0
2026-09-23T20:25:00+00:00,235.232,235.232,234.746,234.746,734.57,172555.26563,13
2026-09-23T20:30:00+00:00,234.746,234.746,234.746,234.746,0.0,0.0,0
2026-09-23T20:35:00+00:00,235.961,236.023,235.961,236.023,190.67,44996.30541,2
2026-09-23T20:40:00+00:00,236.023,236.023,236.023,236.023,0.0,0.0,0
2026-09-23T20:45:00+00:00,236.023,236.023,236.023,236.023,0.0,0.0,0
2026-09-23T20:50:00+00:00,236.023,236.023,236.023,236.023,0.0,0.0,0
2026-09-23T20:55:00+00:00,236.023,236.023,236.023,236.023,0.0,0.0,0
2026-09-23T21:00:00+00:00,236.023,236.023,236.023,236.023,0.0,0.0,0
2026-09-23T21:05:00+00:00,235.774,235.774,235.774,235.774,43.93,10357.55182,1
2026-09-23T21:10:00+00:00,235.774,235.774,235.774,235.774,0.0,0.0,0
2026-09-23T21:15:00+00:00,236.106,236.106,236.106,236.106,8.47,1999.81782,1
2026-09-23T21:20:00+00:00,236.193,236.193,236.193,236.193,4.2338257272654145,1000.0,1
2026-09-23T21:25:00+00:00,236.193,236.193,236.193,236.193,0.0,0.0,0
2026-09-23T21:30:00+00:00,236.98,237.154,236.98,237.154,242.35,57467.20516,5
2026-09-23T21:35:00+00:00,237.293,237.293,237.293,237.293,126.42597969598766,30000.0,1
2026-09-23T21:40:00+00:00,237.446,237.446,237.407,237.407,215.27,51107.92489,3
2026-09-23T21:45:00+00:00,237.407,237.407,237.407,237.407,0.0,0.0,0
2026-09-23T21:50:00+00:00,237.467,237.467,235.001,235.001,1964.93,464204.59893,6
2026-09-23T21:55:00+00:00,237.387,237.831,237.387,237.831,157.11,37332.99441,2
2026-09-23T22:00:00+00:00,237.916,237.916,237.916,237.916,92.45,21995.3342,1
2026-09-23T22:05:00+00:00,239.0,239.0,239.0,239.0,100.0,23900.0,2
2026-09-23T22:10:00+00:00,239.0,239.456,239.0,239.456,4176.8,998298.67504,27
2026-09-23T22:15:00+00:00,239.001,239.001,239.0,239.0,1579.95,377608.36745,13
2026-09-23T22:20:00+00:00,239.0,239.0,239.0,239.0,4623.22,1104949.58,31
2026-09-23T22:25:00+00:00,239.0,239.0,239.0,239.0,0.0,0.0,0
2026-09-23T22:30:00+00:00,239.0,239.0,239.0,239.0,0.0,0.0,0
2026-09-23T22:35:00+00:00,239.0,239.0,239.0,239.0,0.0,0.0,0
2026-09-23T22:40:00+00:00,237.203,237.691,237.203,237.691,1419.0678366871275,337210.03461,6
2026-09-23T22:45:00+00:00,237.691,237.691,237.691,237.691,0.0,0.0,0
2026-09-23T22:50:00+00:00,238.655,238.655,238.426,238.426,104.39,24889.34013,4
2026-09-23T22:55:00+00:00,238.426,238.426,238.2,238.2,711.49,169520.19474,7
2026-09-23T23:00:00+00:00,238.0,238.246,237.657,238.246,914.1932099570469,217447.6231,8
2026-09-23T23:05:00+00:00,238.1,238.226,237.849,237.849,244.38,58186.89728,8
2026-09-23T23:10:00+00:00,238.189,238.284,238.189,238.284,42.169899188302146,10047.6473,3
2026-09-23T23:15:00+00:00,237.63,237.63,237.45,237.45,566.29,134531.0552,5
2026-09-23T23:20:00+00:00,237.45,237.45,237.45,237.45,0.0,0.0,0
2026-09-23T23:25:00+00:00,237.99,238.446,237.99,238.446,3483.3834981505247,830000.0,8
2026-09-23T23:30:00+00:00,238.446,238.446,238.446,238.446,0.0,0.0,0
2026-09-23T23:35:00+00:00,237.689,237.689,237.689,237.689,0.1,23.7689,1
2026-09-23T23:40:00+00:00,237.537,237.537,237.537,237.537,71.56779785885988,17000.0,1
2026-09-23T23:45:00+00:00,237.537,237.537,237.537,237.537,0.0,0.0,0
2026-09-23T23:50:00+00:00,237.537,237.537,237.537,237.537,0.0,0.0,0
2026-09-23T23:55:00+00:00,237.537,237.537,237.537,237.537,0.0,0.0,0
2026-09-24T00:00:00+00:00,238.022,238.256,238.022,238.179,91.45,21781.06505,3
2026-09-24T00:05:00+00:00,238.616,238.931,238.139,238.253,2795.571082630649,667138.47805,10
2026-09-24T00:10:00+00:00,237.926,237.926,237.926,237.926,49.79,11846.33554,1
2026-09-24T00:15:00+00:00,238.005,238.358,238.005,238.358,60.8757312949429,14489.4541,2
2026-09-24T00:20:00+00:00,238.358,238.358,238.358,238.358,0.0,0.0,0
2026-09-24T00:25:00+00:00,238.361,238.362,238.361,238.362,209.76623790704895,50000.15,2
2026-09-24T00:30:00+00:00,238.571,239.098,238.543,238.886,237.6,56688.6511,15
2026-09-24T00:35:00+00:00,238.779,238.779,238.758,238.758,1.1,262.6359,2
2026-09-24T00:40:00+00:00,238.758,238.758,238.758,238.758,0.0,0.0,0
2026-09-24T00:45:00+00:00,238.384,238.384,237.575,237.575,116.33533525739982,27707.74586,5
2026-09-24T00:50:00+00:00,238.067,238.115,236.76,236.76,0.7,166.465,4
2026-09-24T00:55:00+00:00,238.097,238.097,238.097,238.097,0.1,23.8097,1
2026-09-24T01:00:00+00:00,237.95,237.951,237.95,237.951,93.60778773781156,22274.0,2
2026-09-24T01:05:00+00:00,237.694,237.694,237.01,237.01,71.92,17092.83911,4
2026-09-24T01:10:00+00:00,236.727,236.727,236.491,236.491,0.2,47.3218,2
2026-09-24T01:15:00+00:00,236.697,236.697,236.113,236.184,30.9,7304.9928,9
2026-09-24T01:20:00+00:00,236.568,236.568,235.68,236.439,150.64,35616.95786,7
2026-09-24T01:25:00+00:00,236.057,236.057,235.625,235.664,60.18760947790074,14182.9482,4
2026-09-24T01:30:00+00:00,236.954,236.974,236.954,236.974,151.92,35998.09008,2
2026-09-24T01:35:00+00:00,237.183,237.625,236.332,236.332,56.55,13393.75296,8
2026-09-24T01:40:00+00:00,235.658,236.184,235.053,235.594,700.9983064051756,165240.28934,17
2026-09-24T01:45:00+00:00,235.2,235.2,235.2,235.2,149.99,35277.648,1
2026-09-24T01:50:00+00:00,235.2,235.2,235.2,235.2,0.0,0.0,0
2026-09-24T01:55:00+00:00,235.2,235.2,235.2,235.2,0.0,0.0,0
2026-09-24T02:00:00+00:00,235.2,235.299,235.0,235.299,208.41,49008.7636,3
2026-09-24T02:05:00+00:00,235.0,235.0,234.755,234.755,702.0,164798.5,6
2026-09-24T02:10:00+00:00,235.081,235.081,235.081,235.081,127.61,29998.68641,1
2026-09-24T02:15:00+00:00,236.424,236.479,236.067,236.067,899.31,212476.86623,6
2026-09-24T02:20:00+00:00,236.067,236.067,236.067,236.067,0.0,0.0,0
2026-09-24T02:25:00+00:00,236.067,236.067,236.067,236.067,0.0,0.0,0
2026-09-24T02:30:00+00:00,236.067,236.067,236.067,236.067,0.0,0.0,0
2026-09-24T02:35:00+00:00,237.086,237.086,236.97,236.97,126.55818116632783,29997.8313,2
2026-09-24T02:40:00+00:00,236.97,236.97,236.97,236.97,0.0,0.0,0
2026-09-24T02:45:00+00:00,236.97,236.97,236.97,236.97,0.0,0.0,0
2026-09-24T02:50:00+00:00,237.784,237.785,237.784,237.785,178.24147864667663,42383.0,2
2026-09-24T02:55:00+00:00,237.785,237.785,237.785,237.785,0.0,0.0,0
2026-09-24T03:00:00+00:00,237.785,237.785,237.785,237.785,0.0,0.0,0
2026-09-24T03:05:00+00:00,238.059,238.059,238.059,238.059,45.84,10912.62456,1
2026-09-24T03:10:00+00:00,237.344,237.344,237.344,237.344,42.13293784549009,10000.0,1
2026-09-24T03:15:00+00:00,237.558,237.558,237.558,237.558,84.19838523644752,20002.0,1
2026-09-24T03:20:00+00:00,237.021,237.021,237.021,237.021,421.06,99800.06226,2
2026-09-24T03:25:00+00:00,236.689,236.689,236.451,236.451,23.245749071905944,5500.0,2
2026-09-24T03:30:00+00:00,236.37,236.374,236.123,236.123,275.0617251474358,65000.89419,3
2026-09-24T03:35:00+00:00,236.25,236.25,236.25,236.25,35.98,8500.275,1
2026-09-24T03:40:00+00:00,236.25,236.25,236.25,236.25,0.0,0.0,0
2026-09-24T03:45:00+00:00,236.25,236.442,236.25,236.441,143.25936703292984,33867.84261,4
2026-09-24T03:50:00+00:00,236.441,236.441,236.441,236.441,0.0,0.0,0
2026-09-24T03:55:00+00:00,235.93,236.253,235.792,236.253,318.73,75185.54136,6
2026-09-24T04:00:00+00:00,236.253,236.253,236.253,236.253,0.0,0.0,0
2026-09-24T04:05:00+00:00,236.253,236.253,236.253,236.253,0.0,0.0,0
2026-09-24T04:10:00+00:00,235.611,235.611,235.314,235.314,183.71,43232.59422,3
2026-09-24T04:15:00+00:00,235.314,235.314,235.314,235.314,0.0,0.0,0
2026-09-24T04:20:00+00:00,235.314,235.314,235.314,235.314,0.0,0.0,0
2026-09-24T04:25:00+00:00,235.516,235.516,235.515,235.515,43.86,10329.7179,2
2026-09-24T04:30:00+00:00,236.0,236.0,236.0,236.0,999.9872881355932,235997.0,7
2026-09-24T04:35:00+00:00,236.0,236.0,236.0,236.0,5.0,1180.0,1
2026-09-24T04:40:00+00:00,236.0,236.0,236.0,236.0,0.0,0.0,0
2026-09-24T04:45:00+00:00,236.0,236.0,236.0,236.0,161.93271186440677,38216.12,2
2026-09-24T04:50:00+00:00,236.432,236.514,236.432,236.514,1356.8959574486078,320912.38624,3
2026-09-24T04:55:00+00:00,236.514,236.514,236.514,236.514,0.0,0.0,0
2026-09-24T05:00:00+00:00,236.514,236.514,236.514,236.514,0.0,0.0,0
2026-09-24T05:05:00+00:00,239.0,239.0,239.0,239.0,100.0,23900.0,1
2026-09-24T05:10:00+00:00,239.549,239.552,239.549,239.552,41.05,9833.5346,2
2026-09-24T05:15:00+00:00,239.177,239.353,239.176,239.268,2644.947501523932,632761.0,17
2026-09-24T05:20:00+00:00,239.268,239.268,239.268,239.268,0.0,0.0,0
2026-09-24T05:25:00+00:00,239.268,239.268,239.268,239.268,0.0,0.0,0
2026-09-24T05:30:00+00:00,239.064,239.242,239.064,239.242,836.4578125914346,200000.0,5
2026-09-24T05:35:00+00:00,239.242,239.242,239.242,239.242,0.0,0.0,0
2026-09-24T05:40:00+00:00,239.242,239.242,239.242,239.242,0.0,0.0,0
2026-09-24T05:45:00+00:00,239.242,239.242,239.242,239.242,0.0,0.0,0
2026-09-24T05:50:00+00:00,239.242,239.242,239.242,239.242,0.0,0.0,0
2026-09-24T05:55:00+00:00,238.838,238.838,238.574,238.804,5.6,1336.3497,4
2026-09-24T06:00:00+00:00,238.359,238.359,238.359,238.359,1.0,238.359,1
2026-09-24T06:05:00+00:00,238.359,238.359,238.359,238.359,0.0,0.0,0
2026-09-24T06:10:00+00:00,238.101,238.519,237.771,238.519,535.89,127712.95019,7
2026-09-24T06:15:00+00:00,238.519,238.519,238.519,238.519,0.0,0.0,0
2026-09-24T06:20:00+00:00,238.519,238.519,238.519,238.519,0.0,0.0,0
2026-09-24T06:25:00+00:00,238.423,239.374,238.422,239.374,1101.433138268985,263461.35852,6
2026-09-24T06:30:00+00:00,239.523,239.523,239.523,239.523,98.82,23669.66286,1
2026-09-24T06:35:00+00:00,239.523,239.523,239.523,239.523,0.0,0.0,0
2026-09-24T06:40:00+00:00,239.523,239.523,239.523,239.523,0.0,0.0,0
2026-09-24T06:45:00+00:00,238.681,238.716,238.681,238.716,133.64,31901.85994,4
2026-09-24T06:50:00+00:00,238.472,238.472,238.472,238.472,41.91,9994.36152,1
2026-09-24T06:55:00+00:00,238.453,238.606,238.453,238.606,142.55,34012.64423,2
2026-09-24T07:00:00+00:00,238.606,238.606,238.606,238.606,0.0,0.0,0
2026-09-24T07:05:00+00:00,237.138,237.138,237.136,237.136,54.47,12916.85332,2
2026-09-24T07:10:00+00:00,238.005,238.005,238.005,238.005,250.0,59501.25,1
2026-09-24T07:15:00+00:00,238.005,238.005,238.005,238.005,0.0,0.0,0
2026-09-24T07:20:00+00:00,238.005,238.005,238.005,238.005,0.0,0.0,0
2026-09-24T07:25:00+00:00,238.005,238.005,238.005,238.005,0.0,0.0,0
2026-09-24T07:30:00+00:00,238.005,238.005,238.005,238.005,0.0,0.0,0
2026-09-24T07:35:00+00:00,239.34,239.599,238.813,238.813,2087.05,499712.79295,8
2026-09-24T07:40:00+00:00,238.511,238.511,238.51,238.51,73.04,17420.798,2
2026-09-24T07:45:00+00:00,238.51,238.51,238.51,238.51,0.0,0.0,0
2026-09-24T07:50:00+00:00,238.901,238.901,238.901,238.901,35.56,8495.31956,1
2026-09-24T07:55:00+00:00,238.901,238.901,238.901,238.901,0.0,0.0,0
2026-09-24T08:00:00+00:00,238.91,238.911,238.91,238.911,385.08,91999.54527,2
2026-09-24T08:05:00+00:00,238.585,238.585,238.585,238.585,209.56891673826937,50000.0,1
2026-09-24T08:10:00+00:00,238.117,238.117,238.117,238.117,41.98,9996.15166,1
2026-09-24T08:15:00+00:00,237.975,238.575,237.975,238.169,1389.0337879762571,330954.92838,9
2026-09-24T08:20:00+00:00,237.828,237.828,237.828,237.828,4.204719377028777,1000.0,1
2026-09-24T08:25:00+00:00,237.828,237.828,237.828,237.828,0.0,0.0,0
2026-09-24T08:30:00+00:00,236.0,236.804,236.0,236.804,931.0671322070784,219865.16,3
2026-09-24T08:35:00+00:00,236.0,236.0,236.0,236.0,0.0059322033898303,1.3999999999999508,1
2026-09-24T08:40:00+00:00,236.073,236.073,236.073,236.073,38.09838482164415,8994.0,1
2026-09-24T08:45:00+00:00,235.355,235.355,234.5,234.5,1540.0,362361.2,14
2026-09-24T08:50:00+00:00,234.325,234.569,234.325,234.569,727.01,170463.67385,7
2026-09-24T08:55:00+00:00,234.569,234.569,234.569,234.569,303.4,71168.2346,3
2026-09-24T09:00:00+00:00,235.041,235.041,235.041,235.041,85.08,19997.28828,1
2026-09-24T09:05:00+00:00,234.523,234.523,234.518,234.518,682.242865458267,160000.36432,3
2026-09-24T09:10:00+00:00,234.201,234.201,233.662,233.662,4828.0,1130699.61259,9
2026-09-24T09:15:00+00:00,233.5,233.5,233.0,233.0,631.56,147203.48,4
2026-09-24T09:20:00+00:00,233.577,233.577,233.349,233.349,99.87,23319.02439,2
2026-09-24T09:25:00+00:00,233.455,233.465,233.256,233.385,2412.365399707574,563000.0,14
2026-09-24T09:30:00+00:00,232.678,232.678,231.082,231.082,513.58,119193.28424,12
2026-09-24T09:35:00+00:00,231.636,232.839,231.636,232.839,839.3306104217936,194818.0,7
2026-09-24T09:40:00+00:00,232.2,232.2,232.2,232.2,430.66322136089576,100000.0,1
2026-09-24T09:45:00+00:00,231.788,231.878,231.048,231.745,1888.51,436809.74736,14
2026-09-24T09:50:00+00:00,231.745,231.745,231.745,231.745,0.0,0.0,0
2026-09-24T09:55:00+00:00,231.412,231.956,231.378,231.489,476.73,110414.19851,8
2026-09-24T10:00:00+00:00,231.489,232.32,231.489,232.32,740.2111351333353,171531.5,6
2026-09-24T10:05:00+00:00,231.936,231.936,231.907,231.907,184.5622012272161,42802.8672,2
2026-09-24T10:10:00+00:00,231.907,231.907,231.907,231.907,0.0,0.0,0
2026-09-24T10:15:00+00:00,231.907,231.907,231.907,231.907,0.0,0.0,0
2026-09-24T10:20:00+00:00,231.978,231.98,231.936,231.936,452.2021882058798,104900.80768,4
2026-09-24T10:25:00+00:00,231.364,231.364,231.028,231.028,500.0,115597.1534,4
2026-09-24T10:30:00+00:00,231.828,231.828,231.0,231.0,190.59,44100.28136,3
2026-09-24T10:35:00+00:00,231.0,231.0,231.0,231.0,0.0,0.0,0
2026-09-24T10:40:00+00:00,232.706,232.716,232.706,232.716,2148.569501022706,500000.0,3
2026-09-24T10:45:00+00:00,232.719,232.719,232.306,232.306,64.24027745908155,14941.14862,2
2026-09-24T10:50:00+00:00,232.306,232.306,232.306,232.306,0.0,0.0,0
2026-09-24T10:55:00+00:00,232.306,232.306,232.306,232.306,0.0,0.0,0
2026-09-24T11:00:00+00:00,232.306,232.306,232.306,232.306,0.0,0.0,0
2026-09-24T11:05:00+00:00,232.306,232.306,232.306,232.306,0.0,0.0,0
2026-09-24T11:10:00+00:00,232.306,232.306,232.306,232.306,0.0,0.0,0
2026-09-24T11:15:00+00:00,234.13,234.13,234.13,234.13,106.77828556784692,25000.0,1
2026-09-24T11:20:00+00:00,234.13,234.13,234.13,234.13,0.0,0.0,0
2026-09-24T11:25:00+00:00,234.37,234.37,234.37,234.37,85.34,20001.1358,1
2026-09-24T11:30:00+00:00,233.994,233.994,233.994,233.994,21.37,5000.45178,1
2026-09-24T11:35:00+00:00,233.255,233.697,233.255,233.697,33.7,7861.03826,3
2026-09-24T11:40:00+00:00,233.98,233.983,233.98,233.983,230.78792048995012,54000.0,2
2026-09-24T11:45:00+00:00,233.983,233.983,233.983,233.983,0.0,0.0,0
2026-09-24T11:50:00+00:00,233.551,234.0,233.5,233.5,490.86,114725.54386,3
2026-09-24T11:55:00+00:00,233.154,233.552,233.153,233.552,427.15,99631.50395,3
2026-09-24T12:00:00+00:00,233.591,233.591,233.591,233.591,214.05,50000.15355,1
2026-09-24T12:05:00+00:00,233.591,233.591,233.591,233.591,0.0,0.0,0
2026-09-24T12:10:00+00:00,234.151,234.4,234.151,234.4,300.0,70270.2,3
2026-09-24T12:15:00+00:00,234.4,234.4,234.4,234.4,0.0,0.0,0
2026-09-24T12:20:00+00:00,233.865,234.5,233.865,234.5,125.11,29332.64315,4
2026-09-24T12:25:00+00:00,234.5,234.5,234.29,234.291,613.4104596420691,143800.0,6
2026-09-24T12:30:00+00:00,233.941,234.101,233.941,234.101,128.19462676366183,30002.97775,3
2026-09-24T12:35:00+00:00,233.7,233.7,233.7,233.7,100.0,23370.0,1
2026-09-24T12:40:00+00:00,233.7,233.7,233.7,233.7,0.0,0.0,0
2026-09-24T12:45:00+00:00,233.758,233.758,233.149,233.149,2728.09,637149.04024,10
2026-09-24T12:50:00+00:00,234.5,234.5,234.5,234.5,133.9,31399.55,2
2026-09-24T12:55:00+00:00,234.5,234.5,234.5,234.5,4000.5,938117.25,28
2026-09-24T13:00:00+00:00,234.499,234.5,234.499,234.5,780.69,183071.05831,8
2026-09-24T13:05:00+00:00,234.5,235.896,234.5,235.896,466.42,110004.26068,4
2026-09-24T13:10:00+00:00,236.0,236.361,236.0,236.361,403.7694289667077,95392.1976,9
2026-09-24T13:15:00+00:00,236.679,236.679,236.679,236.679,21.970686034671434,5200.0,1
2026-09-24T13:20:00+00:00,236.5,236.5,236.5,236.5,200.0,47300.0,1
2026-09-24T13:25:00+00:00,237.886,237.886,237.886,237.886,58.851718890561024,14000.0,1
2026-09-24T13:30:00+00:00,239.684,239.716,239.684,239.716,587.27,140773.11532,3
2026-09-24T13:35:00+00:00,239.343,239.343,239.343,239.343,125.34312680964139,30000.0,1
2026-09-24T13:40:00+00:00,238.353,238.427,238.353,238.427,209.7145799717226,49996.01352,3
2026-09-24T13:45:00+00:00,238.427,238.427,238.427,238.427,0.0,0.0,0
2026-09-24T13:50:00+00:00,238.296,238.296,238.296,238.296,125.89384630879242,30000.0,1
2026-09-24T13:55:00+00:00,238.296,238.296,238.296,238.296,0.0,0.0,0
2026-09-24T14:00:00+00:00,238.3,238.3,238.3,238.3,300.0,71490.0,2
2026-09-24T14:05:00+00:00,238.3,238.3,238.3,238.3,0.0,0.0,0
2026-09-24T14:10:00+00:00,238.3,238.3,238.3,238.3,0.0,0.0,0
2026-09-24T14:15:00+00:00,239.387,239.387,239.187,239.187,208.93,50003.33991,2
2026-09-24T14:20:00+00:00,239.999,240.0,239.999,240.0,126.00052083550348,30240.0,2
2026-09-24T14:25:00+00:00,240.839,241.276,240.839,241.201,413.89,99783.88189,3
2026-09-24T14:30:00+00:00,241.168,241.168,241.158,241.158,300.0,72349.4,3
2026-09-24T14:35:00+00:00,241.694,241.699,241.693,241.699,307.05,74213.06795,4
2026-09-24T14:40:00+00:00,241.826,241.826,241.826,241.826,454.8725116406011,110000.0,1
2026-09-24T14:45:00+00:00,240.986,240.986,238.934,238.934,1301.64,311967.34236,10
2026-09-24T14:50:00+00:00,237.76,237.85,237.24,237.24,710.2543619928526,168620.0,9
2026-09-24T14:55:00+00:00,237.24,237.24,237.24,237.24,0.0,0.0,0
2026-09-24T15:00:00+00:00,237.865,237.865,237.635,237.635,1132.88,269260.9157,5
2026-09-24T15:05:00+00:00,237.635,237.635,237.635,237.635,0.0,0.0,0
2026-09-24T15:10:00+00:00,237.915,237.915,237.901,237.901,413.34,98338.22854,3
2026-09-24T15:15:00+00:00,239.329,239.329,238.704,238.704,460.26732957973053,109998.22139,2
2026-09-24T15:20:00+00:00,239.027,239.114,239.027,239.114,96.18994981473273,23000.0,2
2026-09-24T15:25:00+00:00,239.928,239.928,239.826,239.843,250.15033922190767,59997.79976,3
2026-09-24T15:30:00+00:00,239.843,239.843,239.843,239.843,0.0,0.0,0
2026-09-24T15:35:00+00:00,239.843,239.843,239.843,239.843,0.0,0.0,0
2026-09-24T15:40:00+00:00,239.843,239.843,239.843,239.843,0.0,0.0,0
2026-09-24T15:45:00+00:00,240.69,240.69,240.69,240.69,18.69,4498.4961,1
2026-09-24T15:50:00+00:00,240.748,240.905,240.748,240.905,636.98,153390.01504,3
2026-09-24T15:55:00+00:00,241.113,241.138,241.113,241.138,787.9481873450057,190000.0,3
2026-09-24T16:00:00+00:00,241.138,241.138,241.138,241.138,0.0,0.0,0
2026-09-24T16:05:00+00:00,241.138,241.138,241.138,241.138,0.0,0.0,0
2026-09-24T16:10:00+00:00,241.138,241.138,241.138,241.138,0.0,0.0,0
2026-09-24T16:15:00+00:00,241.82,242.236,241.82,242.236,73.28,17738.57408,2
2026-09-24T16:20:00+00:00,242.065,243.024,242.065,243.024,1334.2126166962935,323778.07012,9
2026-09-24T16:25:00+00:00,241.901,241.901,241.901,241.901,288.0,69667.488,3
2026-09-24T16:30:00+00:00,241.901,241.901,241.901,241.901,0.0,0.0,0
2026-09-24T16:35:00+00:00,241.901,242.781,241.901,242.781,123.5719895708478,30000.0,3
2026-09-24T16:40:00+00:00,243.475,243.476,243.103,243.124,1253.6918725459593,305007.14364,6
2026-09-24T16:45:00+00:00,243.735,244.137,243.735,244.005,308.48,75251.13176,5
2026-09-24T16:50:00+00:00,244.005,244.005,244.005,244.005,0.0,0.0,0
2026-09-24T16:55:00+00:00,243.642,243.802,243.642,243.802,245.26,59778.87852,2
2026-09-24T17:00:00+00:00,243.695,243.695,243.695,243.695,4.1,999.1495,1
2026-09-24T17:05:00+00:00,243.441,243.441,243.441,243.441,12.13,2952.93933,1
2026-09-24T17:10:00+00:00,243.649,243.649,243.519,243.519,80.1,19516.2719,2
2026-09-24T17:15:00+00:00,243.353,244.622,243.353,244.622,304.2,74407.1872,6
2026-09-24T17:20:00+00:00,244.622,244.622,244.622,244.622,0.0,0.0,0
2026-09-24T17:25:00+00:00,244.622,244.622,244.622,244.622,0.0,0.0,0
2026-09-24T17:30:00+00:00,244.968,245.0,244.968,245.0,164.51448979591837,40301.25,4
2026-09-24T17:35:00+00:00,244.446,244.446,244.446,244.446,40.91,10000.28586,1
2026-09-24T17:40:00+00:00,244.446,244.446,244.446,244.446,0.0,0.0,0
2026-09-24T17:45:00+00:00,244.446,244.446,244.446,244.446,0.0,0.0,0
2026-09-24T17:50:00+00:00,244.446,244.446,244.446,244.446,0.0,0.0,0
2026-09-24T17:55:00+00:00,243.208,243.208,243.208,243.208,130.67,31779.98936,2
2026-09-24T18:00:00+00:00,243.208,243.208,243.208,243.208,0.0,0.0,0
2026-09-24T18:05:00+00:00,243.208,243.208,243.208,243.208,0.0,0.0,0
2026-09-24T18:10:00+00:00,243.422,243.505,243.422,243.505,524.14,127610.8607,3
2026-09-24T18:15:00+00:00,243.303,243.303,243.303,243.303,0.52,126.51756,1
2026-09-24T18:20:00+00:00,243.303,243.303,243.303,243.303,0.0,0.0,0
2026-09-24T18:25:00+00:00,243.303,243.303,243.303,243.303,0.0,0.0,0
2026-09-24T18:30:00+00:00,244.629,244.629,244.629,244.629,40.87822784706638,10000.0,1
2026-09-24T18:35:00+00:00,243.562,243.822,243.562,243.822,123.15,30000.6793,2
2026-09-24T18:40:00+00:00,243.822,243.822,243.822,243.822,0.0,0.0,0
2026-09-24T18:45:00+00:00,243.822,243.822,243.822,243.822,0.0,0.0,0
2026-09-24T18:50:00+00:00,243.822,243.822,243.822,243.822,0.0,0.0,0
2026-09-24T18:55:00+00:00,243.822,243.822,243.822,243.822,0.0,0.0,0
2026-09-24T19:00:00+00:00,243.822,243.822,243.822,243.822,0.0,0.0,0
2026-09-24T19:05:00+00:00,243.252,243.252,243.252,243.252,41.12,10002.52224,1
2026-09-24T19:10:00+00:00,243.252,243.252,243.252,243.252,0.0,0.0,0
2026-09-24T19:15:00+00:00,243.252,243.252,243.252,243.252,0.0,0.0,0
2026-09-24T19:20:00+00:00,243.442,243.442,243.442,243.442,23.65,5757.4033,1
2026-09-24T19:25:00+00:00,243.442,243.442,243.442,243.442,0.0,0.0,0
2026-09-24T19:30:00+00:00,243.442,243.442,243.442,243.442,0.0,0.0,0
2026-09-24T19:35:00+00:00,243.442,243.442,243.442,243.442,0.0,0.0,0
2026-09-24T19:40:00+00:00,243.442,243.442,243.442,243.442,0.0,0.0,0
2026-09-24T19:45:00+00:00,243.442,243.442,243.442,243.442,0.0,0.0,0
2026-09-24T19:50:00+00:00,242.836,242.836,242.836,242.836,4.118005567543527,1000.0,1
2026-09-24T19:55:00+00:00,242.836,242.836,242.836,242.836,0.0,0.0,0
2026-09-24T20:00:00+00:00,242.58,243.556,242.58,243.556,342.13,83149.93412,3
2026-09-24T20:05:00+00:00,243.556,243.556,243.556,243.556,0.0,0.0,0
2026-09-24T20:10:00+00:00,243.556,243.556,243.556,243.556,0.0,0.0,0
2026-09-24T20:15:00+00:00,243.556,243.556,243.556,243.556,0.0,0.0,0
2026-09-24T20:20:00+00:00,243.556,243.556,243.556,243.556,0.0,0.0,0
2026-09-24T20:25:00+00:00,243.556,243.556,243.556,243.556,0.0,0.0,0
2026-09-24T20:30:00+00:00,242.294,242.731,242.294,242.731,104.04573849240518,25245.6651,2
2026-09-24T20:35:00+00:00,242.948,242.949,242.948,242.949,164.64422574285138,40000.0,2
2026-09-24T20:40:00+00:00,242.949,242.949,242.949,242.949,0.0,0.0,0
2026-09-24T20:45:00+00:00,242.949,242.949,242.949,242.949,0.0,0.0,0
2026-09-24T20:50:00+00:00,243.853,243.873,243.853,243.873,135.80429157799347,33117.0,2
2026-09-24T20:55:00+00:00,243.873,243.873,243.873,243.873,0.0,0.0,0
2026-09-24T21:00:00+00:00,243.873,243.873,243.873,243.873,0.0,0.0,0
2026-09-24T21:05:00+00:00,243.873,243.873,243.873,243.873,0.0,0.0,0
2026-09-24T21:10:00+00:00,243.873,243.873,243.873,243.873,0.0,0.0,0
2026-09-24T21:15:00+00:00,244.037,244.045,243.691,243.691,124.92,30484.5934,3
2026-09-24T21:20:00+00:00,243.691,243.691,243.691,243.691,0.0,0.0,0
2026-09-24T21:25:00+00:00,244.215,244.215,244.215,244.215,8.19,2000.12085,1
2026-09-24T21:30:00+00:00,244.215,244.215,244.215,244.215,0.0,0.0,0
2026-09-24T21:35:00+00:00,244.377,244.377,244.377,244.377,30.0,7331.31,1
2026-09-24T21:40:00+00:00,244.432,244.493,244.432,244.493,210.0,51342.92,2
2026-09-24T21:45:00+00:00,244.519,244.635,244.492,244.635,519.6116367652486,127071.78069,6
2026-09-24T21:50:00+00:00,244.999,245.955,244.999,245.955,1853.4455102040815,454469.30087,14
2026-09-24T21:55:00+00:00,244.856,244.856,244.856,244.856,163.2,39960.4992,2
2026-09-24T22:00:00+00:00,244.068,244.068,244.068,244.068,928.01,226497.54468,4
2026-09-24T22:05:00+00:00,244.172,244.172,244.172,244.172,391.59,95615.31348,2
2026-09-24T22:10:00+00:00,243.912,244.349,243.912,244.349,69.6262722581226,17000.0,2
2026-09-24T22:15:00+00:00,243.839,243.839,243.702,243.702,268.02,65332.10744,2
2026-09-24T22:20:00+00:00,243.702,243.702,243.702,243.702,0.0,0.0,0
2026-09-24T22:25:00+00:00,243.702,243.702,243.702,243.702,0.0,0.0,0
2026-09-24T22:30:00+00:00,244.192,244.226,244.192,244.226,204.7435899535676,50000.0,3
2026-09-24T22:35:00+00:00,243.119,243.119,243.119,243.119,412.0,100165.028,1
2026-09-24T22:40:00+00:00,243.119,243.119,243.119,243.119,0.0,0.0,0
2026-09-24T22:45:00+00:00,243.419,243.419,243.419,243.419,66.61,16214.13959,1
2026-09-24T22:50:00+00:00,243.707,243.707,243.707,243.707,4.1032879646460705,1000.0,1
2026-09-24T22:55:00+00:00,243.451,243.451,243.451,243.451,4.11,1000.58361,1
2026-09-24T23:00:00+00:00,243.451,243.451,243.451,243.451,0.0,0.0,0
2026-09-24T23:05:00+00:00,244.091,244.091,244.091,244.091,0.39329594290653896,96.0,1
2026-09-24T23:10:00+00:00,243.672,243.76,243.671,243.76,114.4,27878.6868,3
2026-09-24T23:15:00+00:00,243.76,243.76,243.76,243.76,0.0,0.0,0
2026-09-24T23:20:00+00:00,243.76,243.76,243.76,243.76,0.0,0.0,0
2026-09-24T23:25:00+00:00,243.76,243.76,243.76,243.76,0.0,0.0,0
2026-09-24T23:30:00+00:00,243.827,244.163,243.826,244.163,106.55,26001.77014,3
2026-09-24T23:35:00+00:00,244.163,244.163,244.163,244.163,0.0,0.0,0
2026-09-24T23:40:00+00:00,244.163,244.163,244.163,244.163,0.0,0.0,0
2026-09-24T23:45:00+00:00,244.163,244.163,244.163,244.163,0.0,0.0,0
2026-09-24T23:50:00+00:00,243.855,243.855,243.855,243.855,12.302392815402596,3000.0,1
2026-09-24T23:55:00+00:00,243.591,243.591,243.591,243.591,279.66,68122.65906,2
2026-09-25T00:00:00+00:00,243.591,243.591,243.591,243.591,0.0,0.0,0
2026-09-25T00:05:00+00:00,244.979,246.077,244.979,245.054,1768.37,433462.47938,6
2026-09-25T00:10:00+00:00,246.095,246.096,246.095,246.096,194.15,47779.4384,2
2026-09-25T00:15:00+00:00,245.894,245.894,245.894,245.894,30.45,7487.4723,1
2026-09-25T00:20:00+00:00,246.061,246.579,246.061,246.579,481.12,118426.88848,2
2026-09-25T00:25:00+00:00,246.579,246.579,246.579,246.579,0.0,0.0,0
2026-09-25T00:30:00+00:00,246.579,246.579,246.579,246.579,0.0,0.0,0
2026-09-25T00:35:00+00:00,246.754,246.76,246.754,246.754,218.82,53994.89028,4
2026-09-25T00:40:00+00:00,246.754,246.754,246.754,246.754,0.0,0.0,0
2026-09-25T00:45:00+00:00,246.056,246.057,245.385,245.596,1709.7803789772288,419886.48988,6
2026-09-25T00:50:00+00:00,245.712,245.897,245.591,245.86,1549.83,381006.20849,11
2026-09-25T00:55:00+00:00,245.505,245.505,245.003,245.003,113.2,27749.3996,2
2026-09-25T01:00:00+00:00,245.0,245.702,245.0,245.702,32.34,7937.62782,2
2026-09-25T01:05:00+00:00,246.085,246.677,246.084,246.614,381.4,94033.34594,5
2026-09-25T01:10:00+00:00,246.614,246.614,246.614,246.614,0.0,0.0,0
2026-09-25T01:15:00+00:00,245.99,246.31,245.99,246.31,46.28841378750355,11400.0,2
2026-09-25T01:20:00+00:00,245.0,245.0,245.0,245.0,129.19,31651.55,1
2026-09-25T01:25:00+00:00,245.0,245.0,245.0,245.0,800.0,196000.0,5
2026-09-25T01:30:00+00:00,245.0,245.0,244.123,244.445,118.98,29097.4545,4
2026-09-25T01:35:00+00:00,244.351,244.351,243.63,243.63,760.3,185778.3777,7
2026-09-25T01:40:00+00:00,244.73,244.773,243.908,244.773,579.54,141768.09316,8
2026-09-25T01:45:00+00:00,244.773,244.773,244.773,244.773,0.0,0.0,0
2026-09-25T01:50:00+00:00,245.124,245.209,245.124,245.209,299.65130035696075,73458.511,3
2026-09-25T01:55:00+00:00,244.71,244.71,244.71,244.71,122.59409096481549,30000.0,2
2026-09-25T02:00:00+00:00,244.869,244.869,244.831,244.868,551.3399596748199,135000.0,3
2026-09-25T02:05:00+00:00,246.171,246.171,245.701,246.019,428.7400254701001,105512.22009,3
2026-09-25T02:10:00+00:00,246.019,246.019,246.019,246.019,0.0,0.0,0
2026-09-25T02:15:00+00:00,246.019,246.019,246.019,246.019,0.0,0.0,0
2026-09-25T02:20:00+00:00,246.019,246.019,246.019,246.019,0.0,0.0,0
2026-09-25T02:25:00+00:00,245.011,245.011,245.011,245.011,7.66,1876.78426,1
2026-09-25T02:30:00+00:00,245.011,245.011,245.011,245.011,0.0,0.0,0
2026-09-25T02:35:00+00:00,243.5,243.5,243.5,243.5,2874.74,699999.19,16
2026-09-25T02:40:00+00:00,243.5,243.5,243.5,243.5,0.0,0.0,0
2026-09-25T02:45:00+00:00,243.262,243.262,243.262,243.262,41.107941232087214,10000.0,1
2026-09-25T02:50:00+00:00,243.262,243.262,243.262,243.262,0.0,0.0,0
2026-09-25T02:55:00+00:00,242.56,242.56,242.56,242.56,55.45,13449.952,1
2026-09-25T03:00:00+00:00,242.176,242.176,242.176,242.176,65.32,15818.93632,1
2026-09-25T03:05:00+00:00,242.996,242.996,242.996,242.996,71.19458756522741,17300.0,1
2026-09-25T03:10:00+00:00,243.2,243.2,243.2,243.2,53.7828947368421,13080.0,1
2026-09-25T03:15:00+00:00,242.71,242.731,242.71,242.731,141.2,34271.5172,2
2026-09-25T03:20:00+00:00,242.768,242.768,242.756,242.756,88.1533805137669,21399.84112,2
2026-09-25T03:25:00+00:00,242.756,242.756,242.756,242.756,0.0,0.0,0
2026-09-25T03:30:00+00:00,242.237,242.707,242.237,242.707,5029.22,1218433.10942,5
2026-09-25T03:35:00+00:00,242.134,242.134,242.055,242.055,417.58,101099.107,5
2026-09-25T03:40:00+00:00,242.055,242.055,242.055,242.055,0.0,0.0,0
2026-09-25T03:45:00+00:00,242.055,242.055,242.055,242.055,0.0,0.0,0
2026-09-25T03:50:00+00:00,242.055,242.055,242.055,242.055,0.0,0.0,0
2026-09-25T03:55:00+00:00,242.055,242.055,242.055,242.055,0.0,0.0,0
2026-09-25T04:00:00+00:00,242.055,242.055,242.055,242.055,0.0,0.0,0
2026-09-25T04:05:00+00:00,243.121,243.164,243.121,243.164,296.1270994061621,72000.0,3
2026-09-25T04:10:00+00:00,243.164,243.164,243.164,243.164,0.0,0.0,0
2026-09-25T04:15:00+00:00,242.604,242.94,242.551,242.94,1195.0042615910281,290000.99669,8
2026-09-25T04:20:00+00:00,242.94,242.94,242.94,242.94,3.83,930.4602,1
2026-09-25T04:25:00+00:00,242.94,242.94,242.94,242.94,0.0,0.0,0
2026-09-25T04:30:00+00:00,242.976,243.261,242.925,242.925,119.83,29118.61452,3
2026-09-25T04:35:00+00:00,243.937,244.313,243.937,244.313,92.46,22558.58862,2
2026-09-25T04:40:00+00:00,244.498,244.498,244.498,244.498,30.0,7334.94,1
2026-09-25T04:45:00+00:00,244.498,244.498,244.498,244.498,0.0,0.0,0
2026-09-25T04:50:00+00:00,244.498,244.498,244.498,244.498,0.0,0.0,0
2026-09-25T04:55:00+00:00,242.966,242.966,242.966,242.966,100.0,24296.6,1
2026-09-25T05:00:00+00:00,243.516,243.644,243.516,243.644,862.0401832181379,210008.5076,5
2026-09-25T05:05:00+00:00,243.067,243.067,243.067,243.067,10.11243813434156,2458.0,1
2026-09-25T05:10:00+00:00,243.038,243.735,243.038,243.735,2054.3266898886086,500000.0,9
2026-09-25T05:15:00+00:00,243.735,243.735,243.735,243.735,0.0,0.0,0
2026-09-25T05:20:00+00:00,242.641,242.641,242.641,242.641,490.34,118976.58794,1
2026-09-25T05:25:00+00:00,242.641,242.641,242.641,242.641,0.0,0.0,0
2026-09-25T05:30:00+00:00,242.66,243.037,242.5,242.5,865.2359347753634,210000.7,5
2026-09-25T05:35:00+00:00,242.529,243.159,242.529,243.159,835.5585318248553,203046.16424,3
2026-09-25T05:40:00+00:00,243.159,243.159,243.159,243.159,0.0,0.0,0
2026-09-25T05:45:00+00:00,243.159,243.159,243.159,243.159,0.0,0.0,0
2026-09-25T05:50:00+00:00,243.159,243.159,243.159,243.159,0.0,0.0,0
2026-09-25T05:55:00+00:00,242.225,242.225,242.225,242.225,0.02889875116111054,7.0,1
2026-09-25T06:00:00+00:00,242.101,242.101,242.101,242.101,24.89,6025.89389,1
2026-09-25T06:05:00+00:00,242.101,242.101,242.101,242.101,0.0,0.0,0
2026-09-25T06:10:00+00:00,242.1,242.1,242.1,242.1,41.31,10001.151,1
2026-09-25T06:15:00+00:00,241.6,242.595,241.319,242.595,235.88326581745602,56984.1552,5
2026-09-25T06:20:00+00:00,242.595,242.595,242.595,242.595,0.0,0.0,0
2026-09-25T06:25:00+00:00,242.595,242.595,242.595,242.595,0.0,0.0,0
2026-09-25T06:30:00+00:00,242.117,242.117,242.117,242.117,123.91,30000.71747,1
2026-09-25T06:35:00+00:00,242.0,242.0,242.0,242.0,10.0,2420.0,1
2026-09-25T06:40:00+00:00,242.0,242.0,242.0,242.0,0.0,0.0,0
2026-09-25T06:45:00+00:00,241.999,241.999,241.997,241.997,90.0,21779.82,3
2026-09-25T06:50:00+00:00,241.53,241.56,241.53,241.56,158.17,38203.0602,2
2026-09-25T06:55:00+00:00,242.0,242.374,242.0,242.374,248.23,60087.59988,5
2026-09-25T07:00:00+00:00,242.477,242.545,242.477,242.542,176.9,42898.23897,4
2026-09-25T07:05:00+00:00,242.137,242.4,242.137,242.4,45.31,10972.31103,2
2026-09-25T07:10:00+00:00,241.816,241.816,241.816,241.816,90.46,21874.67536,1
2026-09-25T07:15:00+00:00,242.009,242.266,242.007,242.266,1174.8041554652925,284611.9799,5
2026-09-25T07:20:00+00:00,242.266,242.266,242.266,242.266,23.22,5625.41652,1
2026-09-25T07:25:00+00:00,242.266,242.266,242.266,242.266,0.0,0.0,0
2026-09-25T07:30:00+00:00,242.266,243.476,242.266,242.771,1595.4384755592719,387244.18445,11
2026-09-25T07:35:00+00:00,241.6,241.6,241.6,241.6,62.17,15020.272,1
2026-09-25T07:40:00+00:00,241.286,241.286,241.286,241.286,12.43,2999.18498,1
2026-09-25T07:45:00+00:00,241.685,241.685,241.685,241.685,47.58,11499.3723,1
2026-09-25T07:50:00+00:00,242.29,242.29,242.29,242.29,150.0,36343.5,1
2026-09-25T07:55:00+00:00,242.291,242.673,242.291,242.673,197.63878971979975,47924.3,2
2026-09-25T08:00:00+00:00,242.99,242.99,242.99,242.99,200.0,48598.0,2
2026-09-25T08:05:00+00:00,243.024,243.025,243.024,243.025,265.67,64564.30175,2
2026-09-25T08:10:00+00:00,243.011,243.011,243.011,243.011,16.87166424565143,4100.0,1
2026-09-25T08:15:00+00:00,243.011,243.011,243.011,243.011,0.0,0.0,0
2026-09-25T08:20:00+00:00,244.717,245.206,244.717,245.056,169.96,41654.80132,5
2026-09-25T08:25:00+00:00,245.227,245.227,245.219,245.219,340.77,83563.80479,4
2026-09-25T08:30:00+00:00,245.131,245.131,245.131,245.131,448.74,110000.08494,1
2026-09-25T08:35:00+00:00,245.131,245.131,245.131,245.131,0.0,0.0,0
2026-09-25T08:40:00+00:00,244.303,244.311,244.303,244.311,818.6454969280958,200000.0,3
2026-09-25T08:45:00+00:00,243.896,243.896,243.545,243.545,227.29,55395.64305,3
2026-09-25T08:50:00+00:00,243.545,243.545,243.545,243.545,0.0,0.0,0
2026-09-25T08:55:00+00:00,243.912,243.912,243.912,243.912,74.4,18147.0528,1
2026-09-25T09:00:00+00:00,244.991,244.991,244.991,244.991,204.09,50000.21319,1
2026-09-25T09:05:00+00:00,244.991,244.991,244.991,244.991,0.0,0.0,0
2026-09-25T09:10:00+00:00,244.673,244.673,244.673,244.673,122.61,29999.35653,1
2026-09-25T09:15:00+00:00,244.673,244.673,244.673,244.673,0.0,0.0,0
2026-09-25T09:20:00+00:00,244.9,245.062,244.556,244.682,978.36,239534.91386,11
2026-09-25T09:25:00+00:00,246.004,246.004,246.004,246.004,127.96,31478.67184,1
2026-09-25T09:30:00+00:00,245.99,245.99,245.99,245.99,82.17,20212.9983,1
2026-09-25T09:35:00+00:00,246.26,246.26,246.26,246.26,27.8,6846.028,1
2026-09-25T09:40:00+00:00,246.237,246.237,245.975,246.234,463.54,114077.01324,3
2026-09-25T09:45:00+00:00,246.265,246.265,246.265,246.265,4.060666355348912,1000.0,1
2026-09-25T09:50:00+00:00,246.265,246.353,246.265,246.353,590.5993336446511,145492.7013,4
2026-09-25T09:55:00+00:00,246.353,252.23,245.76,246.625,8786.1657530847,2174964.39834,49
2026-09-25T10:00:00+00:00,245.571,245.571,244.774,244.774,70.721420688925,17343.22,2
2026-09-25T10:05:00+00:00,244.774,244.774,244.774,244.774,0.0,0.0,0
2026-09-25T10:10:00+00:00,244.774,244.774,244.774,244.774,0.0,0.0,0
2026-09-25T10:15:00+00:00,244.771,244.771,244.771,244.771,85.79,20998.90409,1
2026-09-25T10:20:00+00:00,244.771,244.771,244.771,244.771,0.0,0.0,0
2026-09-25T10:25:00+00:00,245.237,245.237,245.237,245.237,20.39,5000.38243,1
2026-09-25T10:30:00+00:00,245.237,245.237,245.237,245.237,0.0,0.0,0
2026-09-25T10:35:00+00:00,245.237,245.237,245.237,245.237,0.0,0.0,0
2026-09-25T10:40:00+00:00,245.617,245.617,245.286,245.286,680.14,166849.77404,5
2026-09-25T10:45:00+00:00,245.286,245.286,245.286,245.286,0.0,0.0,0
2026-09-25T10:50:00+00:00,245.286,245.286,245.286,245.286,0.0,0.0,0
2026-09-25T10:55:00+00:00,245.286,245.286,245.286,245.286,0.0,0.0,0
2026-09-25T11:00:00+00:00,246.301,246.458,246.301,246.458,41.4,10200.3782,2
2026-09-25T11:05:00+00:00,247.517,248.287,247.517,248.287,65.77,16302.18199,4
2026-09-25T11:10:00+00:00,248.111,248.111,248.087,248.087,211.07,52366.82309,3
2026-09-25T11:15:00+00:00,249.993,250.122,249.993,250.122,362.01,90520.26522,3
2026-09-25T11:20:00+00:00,249.375,251.16,249.34,249.906,5682.158471035163,1422283.0356,16
2026-09-25T11:25:00+00:00,250.413,250.413,250.413,250.413,30.0,7512.39,1
2026-09-25T11:30:00+00:00,250.413,250.413,250.413,250.413,0.0,0.0,0
2026-09-25T11:35:00+00:00,250.066,250.066,250.0,250.0,300.72,75198.47472,3
2026-09-25T11:40:00+00:00,250.243,250.243,250.243,250.243,39.957161638887,9999.0,1
2026-09-25T11:45:00+00:00,250.243,250.243,250.243,250.243,0.0,0.0,0
2026-09-25T11:50:00+00:00,252.237,252.237,252.237,252.237,118.93576279451469,30000.0,1
2026-09-25T11:55:00+00:00,251.959,251.959,251.775,251.775,844.77174216701,212838.98975,3
2026-09-25T12:00:00+00:00,251.95,255.0,251.95,254.999,2873.55,725298.9247447847,27
2026-09-25T12:05:00+00:00,254.998,256.0,254.997,255.153,1023.538901054514,261523.55222,11
2026-09-25T12:10:00+00:00,255.0,255.001,252.0,252.0,4030.61,1021338.70589,15
2026-09-25T12:15:00+00:00,251.9,251.9,249.91,250.106,439.98620584872015,110076.0,6
2026-09-25T12:20:00+00:00,250.106,250.106,250.106,250.106,0.0,0.0,0
2026-09-25T12:25:00+00:00,250.106,250.106,250.106,250.106,0.0,0.0,0
2026-09-25T12:30:00+00:00,254.372,254.373,254.372,254.373,1215.86,309280.76992,12
2026-09-25T12:35:00+00:00,255.351,255.351,254.735,254.735,39.91,10184.95385,2
2026-09-25T12:40:00+00:00,255.137,255.137,255.137,255.137,25.08,6398.83596,1
2026-09-25T12:45:00+00:00,255.448,255.448,254.428,254.428,127.51269514361627,32544.8,2
2026-09-25T12:50:00+00:00,254.959,254.959,254.959,254.959,40.4,10300.3436,1
2026-09-25T12:55:00+00:00,254.338,254.338,253.125,253.125,481.4223456790123,122335.68806,7
2026-09-25T13:00:00+00:00,252.094,252.094,251.357,251.357,282.48770712572156,71089.94171,5
2026-09-25T13:05:00+00:00,252.198,252.198,251.666,251.79,2890.866186381249,727998.53124,12
2026-09-25T13:10:00+00:00,251.642,251.642,251.642,251.642,39.73899428553262,10000.0,1
2026-09-25T13:15:00+00:00,251.642,251.642,251.642,251.642,0.0,0.0,0
2026-09-25T13:20:00+00:00,251.642,251.642,251.642,251.642,0.0,0.0,0
2026-09-25T13:25:00+00:00,250.0,250.069,250.0,250.069,3723.62,930907.81451,9
2026-09-25T13:30:00+00:00,249.41,249.614,249.292,249.614,904.8221648625478,225666.28406,5
2026-09-25T13:35:00+00:00,250.563,251.718,250.563,251.24,558.186197649751,139919.29234,5
2026-09-25T13:40:00+00:00,250.566,250.566,248.762,248.762,587.54,147037.14764,3
2026-09-25T13:45:00+00:00,248.762,248.762,248.762,248.762,0.0,0.0,0
2026-09-25T13:50:00+00:00,248.422,249.389,248.422,249.389,476.5389271780231,118757.4674,7
2026-09-25T13:55:00+00:00,250.7,250.7,250.161,250.203,130.44,32647.18932,3
2026-09-25T14:00:00+00:00,249.191,249.275,247.0,247.0,280.2597204553937,69663.75,5
2026-09-25T14:05:00+00:00,247.136,248.173,247.097,248.173,286.3,70752.07659,5
2026-09-25T14:10:00+00:00,247.943,247.943,247.943,247.943,0.1,24.7943,1
2026-09-25T14:15:00+00:00,247.964,247.964,246.856,246.996,313.2124057965463,77420.72876,6
2026-09-25T14:20:00+00:00,248.08,248.602,248.08,248.602,169.00773123305524,42000.0,2
2026-09-25T14:25:00+00:00,247.219,248.092,247.219,248.092,282.62,70073.29601,4
2026-09-25T14:30:00+00:00,249.521,249.521,249.521,249.521,42.08,10499.84368,1
2026-09-25T14:35:00+00:00,250.324,251.793,250.324,251.793,204.18994968088867,51119.8,2
2026-09-25T14:40:00+00:00,251.793,251.793,251.793,251.793,0.0,0.0,0
2026-09-25T14:45:00+00:00,248.201,249.929,248.015,249.929,1222.8154654712555,304540.96651,12
2026-09-25T14:50:00+00:00,247.489,247.489,247.463,247.463,500.0,123734.1,2
2026-09-25T14:55:00+00:00,247.463,247.463,247.463,247.463,0.0,0.0,0
2026-09-25T15:00:00+00:00,249.864,250.09,249.591,249.591,408.74,102128.0004,4
2026-09-25T15:05:00+00:00,250.0,250.568,250.0,250.568,254.38,63734.58584,3
2026-09-25T15:10:00+00:00,249.604,249.864,249.604,249.864,43.14,10771.33296,2
2026-09-25T15:15:00+00:00,250.965,250.965,250.736,250.736,25.124937211446834,6300.0,2
2026-09-25T15:20:00+00:00,249.214,250.159,249.214,250.159,198.0,49503.132,3
2026-09-25T15:25:00+00:00,249.611,249.611,249.611,249.611,16.4255581685102,4100.0,1
2026-09-25T15:30:00+00:00,249.611,249.611,249.611,249.611,0.0,0.0,0
2026-09-25T15:35:00+00:00,247.164,247.206,247.1,247.1,464.75,114875.01852,6
2026-09-25T15:40:00+00:00,247.641,247.641,247.641,247.641,8.07,1998.46287,1
2026-09-25T15:45:00+00:00,247.641,247.641,247.641,247.641,0.0,0.0,0
2026-09-25T15:50:00+00:00,246.0,246.0,246.0,246.0,39.84,9800.64,1
2026-09-25T15:55:00+00:00,246.0,246.0,246.0,246.0,0.0,0.0,0
2026-09-25T16:00:00+00:00,247.83,247.83,247.83,247.83,34.52,8555.0916,1
2026-09-25T16:05:00+00:00,248.605,248.605,248.605,248.605,12.07,3000.66235,1
2026-09-25T16:10:00+00:00,248.902,248.902,247.6,247.6,9789.11,2423990.9513,36
2026-09-25T16:15:00+00:00,247.599,249.461,247.599,249.146,182.11,45256.27537,6
2026-09-25T16:20:00+00:00,247.847,247.847,247.847,247.847,30.0,7435.41,1
2026-09-25T16:25:00+00:00,247.959,247.959,247.959,247.959,33.5,8306.6265,1
2026-09-25T16:30:00+00:00,247.959,247.959,247.959,247.959,0.0,0.0,0
2026-09-25T16:35:00+00:00,247.5,247.5,247.5,247.5,30.79,7620.525,1
2026-09-25T16:40:00+00:00,246.98,247.395,246.78,246.78,353.0324951999838,87226.421,6
2026-09-25T16:45:00+00:00,246.216,246.319,246.001,246.001,373.82394699556266,91989.2042,6
2026-09-25T16:50:00+00:00,247.037,247.037,246.472,246.472,197.9,48791.7813,2
2026-09-25T16:55:00+00:00,246.638,246.638,246.351,246.351,34.49,8505.39662,2
2026-09-25T17:00:00+00:00,247.252,247.252,247.252,247.252,80.88913335382524,20000.0,1
2026-09-25T17:05:00+00:00,247.223,247.223,247.223,247.223,41.0,10136.143,1
2026-09-25T17:10:00+00:00,247.127,247.127,247.127,247.127,62.93,15551.70211,1
2026-09-25T17:15:00+00:00,247.127,247.127,247.127,247.127,0.0,0.0,0
2026-09-25T17:20:00+00:00,247.127,247.127,247.127,247.127,0.0,0.0,0
2026-09-25T17:25:00+00:00,246.351,246.351,245.401,245.401,77.09,18936.90523,4
2026-09-25T17:30:00+00:00,245.0,245.883,245.0,245.883,210.09050320557176,51615.0,4
2026-09-25T17:35:00+00:00,245.883,245.883,245.883,245.883,0.0,0.0,0
2026-09-25T17:40:00+00:00,245.883,245.883,245.883,245.883,0.0,0.0,0
2026-09-25T17:45:00+00:00,245.883,245.883,245.883,245.883,0.0,0.0,0
2026-09-25T17:50:00+00:00,245.883,245.883,245.883,245.883,0.0,0.0,0
2026-09-25T17:55:00+00:00,245.883,245.883,245.883,245.883,0.0,0.0,0
2026-09-25T18:00:00+00:00,245.883,245.883,245.883,245.883,0.0,0.0,0
2026-09-25T18:05:00+00:00,245.883,245.883,245.883,245.883,0.0,0.0,0
2026-09-25T18:10:00+00:00,245.883,245.883,245.883,245.883,0.0,0.0,0
2026-09-25T18:15:00+00:00,245.883,245.883,245.883,245.883,0.0,0.0,0
2026-09-25T18:20:00+00:00,245.883,245.883,245.883,245.883,0.0,0.0,0
2026-09-25T18:25:00+00:00,245.883,245.883,245.883,245.883,0.0,0.0,0
2026-09-25T18:30:00+00:00,247.358,247.358,247.358,247.358,23.0,5689.234,1
2026-09-25T18:35:00+00:00,247.358,247.358,247.358,247.358,0.0,0.0,0
2026-09-25T18:40:00+00:00,247.358,247.358,247.358,247.358,0.0,0.0,0
2026-09-25T18:45:00+00:00,247.358,247.358,247.358,247.358,0.0,0.0,0
2026-09-25T18:50:00+00:00,247.358,247.358,247.358,247.358,0.0,0.0,0
2026-09-25T18:55:00+00:00,247.358,247.358,247.358,247.358,0.0,0.0,0
2026-09-25T19:00:00+00:00,247.358,247.358,247.358,247.358,0.0,0.0,0
2026-09-25T19:05:00+00:00,246.669,246.669,246.669,246.669,41.5,10236.7635,1
2026-09-25T19:10:00+00:00,247.115,247.115,247.115,247.115,80.93397810735893,20000.0,1
2026-09-25T19:15:00+00:00,247.115,247.115,247.115,247.115,0.0,0.0,0
2026-09-25T19:20:00+00:00,246.714,246.714,246.692,246.692,26.85,6624.1818,2
2026-09-25T19:25:00+00:00,246.692,246.692,246.692,246.692,0.0,0.0,0
2026-09-25T19:30:00+00:00,246.958,246.958,246.958,246.958,121.47814608151994,30000.0,2
2026-09-25T19:35:00+00:00,246.958,246.958,246.958,246.958,0.0,0.0,0
2026-09-25T19:40:00+00:00,246.958,246.958,246.958,246.958,0.0,0.0,0
2026-09-25T19:45:00+00:00,246.958,246.958,246.958,246.958,0.0,0.0,0
2026-09-25T19:50:00+00:00,247.418,247.418,246.676,246.676,124.34,30695.74732,3
2026-09-25T19:55:00+00:00,246.941,247.057,246.941,247.057,345.6,85382.43056,3
2026-09-25T20:00:00+00:00,247.057,247.057,247.057,247.057,0.0,0.0,0
2026-09-25T20:05:00+00:00,246.887,247.106,246.887,247.106,48.58936456419512,12000.0,3
2026-09-25T20:10:00+00:00,247.106,247.106,247.106,247.106,0.0,0.0,0
2026-09-25T20:15:00+00:00,247.106,247.106,247.106,247.106,0.0,0.0,0
2026-09-25T20:20:00+00:00,247.106,247.106,247.106,247.106,0.0,0.0,0
2026-09-25T20:25:00+00:00,247.106,247.106,247.106,247.106,0.0,0.0,0
2026-09-25T20:30:00+00:00,247.106,247.106,247.106,247.106,0.0,0.0,0
2026-09-25T20:35:00+00:00,247.106,247.106,247.106,247.106,0.0,0.0,0
2026-09-25T20:40:00+00:00,247.106,247.106,247.106,247.106,0.0,0.0,0
2026-09-25T20:45:00+00:00,247.0,247.0,247.0,247.0,26.11,6449.17,1
2026-09-25T20:50:00+00:00,247.0,247.0,247.0,247.0,100.0,24700.0,1
2026-09-25T20:55:00+00:00,247.0,247.0,247.0,247.0,73.89,18250.83,1
2026-09-25T21:00:00+00:00,245.95,245.959,245.694,245.694,203.38,50000.67042,3
2026-09-25T21:05:00+00:00,245.188,245.188,245.188,245.188,20.39,4999.38332,1
2026-09-25T21:10:00+00:00,245.188,245.188,245.188,245.188,0.0,0.0,0
2026-09-25T21:15:00+00:00,245.007,245.007,245.0,245.0,100.0,24500.64834,2
2026-09-25T21:20:00+00:00,245.0,245.0,245.0,245.0,0.0,0.0,0
2026-09-25T21:25:00+00:00,245.265,245.265,245.265,245.265,12.23,2999.59095,1
2026-09-25T21:30:00+00:00,245.163,245.163,245.163,245.163,96.26,23599.39038,1
2026-09-25T21:35:00+00:00,245.163,245.163,245.163,245.163,0.0,0.0,0
2026-09-25T21:40:00+00:00,245.117,245.117,245.117,245.117,500.0,122558.5,1
2026-09-25T21:45:00+00:00,245.118,245.118,245.0,245.0,200.0,49022.87666,3
2026-09-25T21:50:00+00:00,245.0,245.0,245.0,245.0,0.0,0.0,0
2026-09-25T21:55:00+00:00,245.0,245.0,245.0,245.0,9.49,2325.05,1
2026-09-25T22:00:00+00:00,245.0,245.0,245.0,245.0,0.0,0.0,0
2026-09-25T22:05:00+00:00,245.0,245.0,245.0,245.0,0.0,0.0,0
2026-09-25T22:10:00+00:00,245.0,245.0,245.0,245.0,1343.0,329035.0,13
2026-09-25T22:15:00+00:00,245.0,246.245,245.0,246.245,319.06,78413.53788,5
2026-09-25T22:20:00+00:00,245.613,246.366,245.613,246.366,555.0199552698018,136468.05665,4
2026-09-25T22:25:00+00:00,246.15,246.15,246.15,246.15,12.67,3118.7205,1
2026-09-25T22:30:00+00:00,246.15,246.15,246.15,246.15,0.0,0.0,0
2026-09-25T22:35:00+00:00,246.15,246.15,246.15,246.15,0.0,0.0,0
2026-09-25T22:40:00+00:00,246.15,246.15,246.15,246.15,0.0,0.0,0
2026-09-25T22:45:00+00:00,246.15,246.15,246.15,246.15,0.0,0.0,0
2026-09-25T22:50:00+00:00,246.15,246.15,246.15,246.15,0.0,0.0,0
2026-09-25T22:55:00+00:00,246.15,246.15,246.15,246.15,0.0,0.0,0
2026-09-25T23:00:00+00:00,246.805,247.219,246.619,247.219,391.704996541528,96610.16094,4
2026-09-25T23:05:00+00:00,247.245,247.245,247.245,247.245,36.99973710287367,9148.0,1
2026-09-25T23:10:00+00:00,247.447,247.447,247.447,247.447,40.42,10001.80774,1
2026-09-25T23:15:00+00:00,247.447,247.447,247.447,247.447,0.0,0.0,0
2026-09-25T23:20:00+00:00,247.447,247.447,247.447,247.447,0.0,0.0,0
2026-09-25T23:25:00+00:00,246.985,246.985,246.985,246.985,117.41603741117882,29000.0,1
2026-09-25T23:30:00+00:00,246.859,246.859,246.853,246.853,39.96,9864.27018,2
2026-09-25T23:35:00+00:00,246.788,246.788,246.788,246.788,1191.82,294126.87416,7
2026-09-25T23:40:00+00:00,246.788,246.788,246.788,246.788,300.0,74036.4,2
2026-09-25T23:45:00+00:00,246.788,246.788,246.788,246.788,0.0,0.0,0
2026-09-25T23:50:00+00:00,246.788,246.788,246.788,246.788,200.0,49357.6,2
2026-09-25T23:55:00+00:00,246.788,246.788,246.788,246.788,78.7,19422.2156,1
2026-09-26T00:00:00+00:00,246.788,246.788,246.788,246.788,0.0,0.0,0
2026-09-26T00:05:00+00:00,246.788,246.788,246.788,246.788,0.0,0.0,0
2026-09-26T00:10:00+00:00,246.788,246.788,246.788,246.788,0.0,0.0,0
2026-09-26T00:15:00+00:00,246.52,246.598,246.52,246.598,19.47,4800.94716,2
2026-09-26T00:20:00+00:00,246.598,246.598,246.598,246.598,0.0,0.0,0
2026-09-26T00:25:00+00:00,246.359,246.359,246.357,246.357,147.38767723263393,36310.182,2
2026-09-26T00:30:00+00:00,246.357,246.357,245.335,245.335,123.68,30438.30304,4
2026-09-26T00:35:00+00:00,245.001,245.001,244.578,244.578,436.13,106774.45294,3
2026-09-26T00:40:00+00:00,246.035,246.035,246.035,246.035,48.77354847887496,12000.0,1
2026-09-26T00:45:00+00:00,246.158,246.158,246.158,246.158,60.93647169704011,15000.0,1
2026-09-26T00:50:00+00:00,246.696,246.696,246.341,246.342,107.59644290153813,26506.0,3
2026-09-26T00:55:00+00:00,246.342,246.342,246.342,246.342,0.0,0.0,0
2026-09-26T01:00:00+00:00,246.342,246.342,246.342,246.342,0.0,0.0,0
2026-09-26T01:05:00+00:00,246.342,246.342,246.342,246.342,0.0,0.0,0
2026-09-26T01:10:00+00:00,246.342,246.342,246.342,246.342,0.0,0.0,0
2026-09-26T01:15:00+00:00,246.744,247.457,246.744,247.457,4741.38,1170154.356,24
2026-09-26T01:20:00+00:00,247.457,247.457,247.457,247.457,0.0,0.0,0
2026-09-26T01:25:00+00:00,247.457,247.457,247.457,247.457,0.0,0.0,0
2026-09-26T01:30:00+00:00,247.457,247.457,247.457,247.457,0.0,0.0,0
2026-09-26T01:35:00+00:00,247.457,247.457,247.456,247.456,35.27,8727.78112,2
2026-09-26T01:40:00+00:00,247.457,248.415,247.457,248.378,16.93,4204.71324,3
2026-09-26T01:45:00+00:00,248.378,248.378,248.378,248.378,0.0,0.0,0
2026-09-26T01:50:00+00:00,248.181,248.181,248.181,248.181,24.16,5996.05296,1
2026-09-26T01:55:00+00:00,248.181,248.181,248.181,248.181,0.0,0.0,0
2026-09-26T02:00:00+00:00,248.212,248.212,247.593,247.593,524.6866143630878,130037.83544,4
2026-09-26T02:05:00+00:00,247.58,247.953,247.58,247.953,48.79,12082.48307,2
2026-09-26T02:10:00+00:00,247.384,247.384,247.384,247.384,105.85,26185.5964,1
2026-09-26T02:15:00+00:00,248.02,248.02,248.02,248.02,59.30973308604145,14710.0,1
2026-09-26T02:20:00+00:00,248.02,248.02,248.02,248.02,0.0,0.0,0
2026-09-26T02:25:00+00:00,248.02,248.02,248.02,248.02,0.0,0.0,0
2026-09-26T02:30:00+00:00,246.958,246.958,246.791,246.791,693.37,171168.40954,6
2026-09-26T02:35:00+00:00,246.791,246.791,246.791,246.791,0.0,0.0,0
2026-09-26T02:40:00+00:00,246.791,246.791,246.791,246.791,0.0,0.0,0
2026-09-26T02:45:00+00:00,246.791,246.791,246.791,246.791,0.0,0.0,0
2026-09-26T02:50:00+00:00,246.153,246.153,246.153,246.153,15.11,3719.37183,1
2026-09-26T02:55:00+00:00,246.52,246.74,246.52,246.607,1.7,419.1881,5
2026-09-26T03:00:00+00:00,246.607,246.607,246.607,246.607,0.0,0.0,0
2026-09-26T03:05:00+00:00,246.607,246.607,246.607,246.607,0.0,0.0,0
2026-09-26T03:10:00+00:00,246.607,246.607,246.607,246.607,0.0,0.0,0
2026-09-26T03:15:00+00:00,246.607,246.607,246.607,246.607,0.0,0.0,0
2026-09-26T03:20:00+00:00,246.607,246.607,246.607,246.607,0.0,0.0,0
2026-09-26T03:25:00+00:00,246.164,246.308,246.164,246.308,161.21327768484986,39692.56,3
2026-09-26T03:30:00+00:00,246.308,246.308,246.308,246.308,0.0,0.0,0
2026-09-26T03:35:00+00:00,245.954,245.954,245.954,245.954,0.1,24.5954,1
2026-09-26T03:40:00+00:00,245.601,245.601,245.601,245.601,40.0,9824.04,1
2026-09-26T03:45:00+00:00,245.693,245.693,245.693,245.693,10.46,2569.94878,1
2026-09-26T03:50:00+00:00,245.694,245.694,245.694,245.694,19.68,4835.25792,1
2026-09-26T03:55:00+00:00,245.644,245.993,245.644,245.993,2033.5139191359103,500000.0,8
2026-09-26T04:00:00+00:00,245.993,245.993,245.993,245.993,0.0,0.0,0
2026-09-26T04:05:00+00:00,245.775,245.838,245.775,245.838,695.62,170997.62956,3
2026-09-26T04:10:00+00:00,245.632,245.632,245.632,245.632,27.73,6811.37536,1
2026-09-26T04:15:00+00:00,245.601,245.985,245.457,245.985,300.96761916377017,73952.99726,5
2026-09-26T04:20:00+00:00,245.0,245.0,244.825,244.825,951.52,233017.49588,3
2026-09-26T04:25:00+00:00,244.825,244.825,244.825,244.825,0.0,0.0,0
2026-09-26T04:30:00+00:00,244.519,244.542,244.519,244.542,384.72,94073.18784,3
2026-09-26T04:35:00+00:00,244.542,244.542,244.542,244.542,0.0,0.0,0
2026-09-26T04:40:00+00:00,244.542,244.542,244.542,244.542,0.0,0.0,0
2026-09-26T04:45:00+00:00,245.109,245.294,245.109,245.294,227.15270891257023,55692.79658,4
2026-09-26T04:50:00+00:00,245.294,245.294,245.294,245.294,0.0,0.0,0
2026-09-26T04:55:00+00:00,245.14,245.678,245.14,245.678,1019.0252957936812,250000.0,7
2026-09-26T05:00:00+00:00,245.0,245.171,245.0,245.171,70.39,17249.03669,2
2026-09-26T05:05:00+00:00,245.171,245.171,245.171,245.171,0.0,0.0,0
2026-09-26T05:10:00+00:00,245.171,245.171,245.171,245.171,0.0,0.0,0
2026-09-26T05:15:00+00:00,244.406,244.406,244.406,244.406,143.20434031897744,35000.0,1
2026-09-26T05:20:00+00:00,244.406,244.406,244.406,244.406,0.0,0.0,0
2026-09-26T05:25:00+00:00,244.704,244.706,244.704,244.706,81.73085253324398,20000.0,2
2026-09-26T05:30:00+00:00,244.706,244.706,244.706,244.706,0.0,0.0,0
2026-09-26T05:35:00+00:00,244.029,244.029,243.991,243.991,200.0,48800.0286,6
2026-09-26T05:40:00+00:00,243.991,243.991,243.991,243.991,0.0,0.0,0
2026-09-26T05:45:00+00:00,243.991,243.991,243.991,243.991,0.0,0.0,0
2026-09-26T05:50:00+00:00,244.463,244.463,244.463,244.463,81.81,19999.51803,1
2026-09-26T05:55:00+00:00,244.463,244.463,244.463,244.463,0.0,0.0,0
2026-09-26T06:00:00+00:00,244.463,244.463,244.463,244.463,0.0,0.0,0
2026-09-26T06:05:00+00:00,244.463,244.463,244.463,244.463,0.0,0.0,0
2026-09-26T06:10:00+00:00,244.46,244.942,244.46,244.942,3676.771913350916,900000.0,8
2026-09-26T06:15:00+00:00,244.022,244.029,244.022,244.029,61.46822094914948,15000.0,2
2026-09-26T06:20:00+00:00,244.259,244.259,244.259,244.259,225.69076267404682,55127.0,1
2026-09-26T06:25:00+00:00,244.001,244.001,244.001,244.001,40.983438592464786,10000.0,1
2026-09-26T06:30:00+00:00,244.001,244.347,244.001,244.08,868.278009730661,212000.0,6
2026-09-26T06:35:00+00:00,244.08,244.08,244.08,244.08,0.0,0.0,0
2026-09-26T06:40:00+00:00,244.08,244.08,244.08,244.08,0.0,0.0,0
2026-09-26T06:45:00+00:00,244.068,244.068,244.068,244.068,100.0,24406.8,1
2026-09-26T06:50:00+00:00,244.078,244.078,244.068,244.068,100.0,24406.8409,2
2026-09-26T06:55:00+00:00,244.08,244.08,244.068,244.068,200.0,48813.612,3
2026-09-26T07:00:00+00:00,244.068,244.068,244.068,244.068,22.5,5491.53,1
2026-09-26T07:05:00+00:00,244.299,244.299,244.299,244.299,40.67,9935.64033,1
2026-09-26T07:10:00+00:00,244.488,244.94,244.488,244.926,430.5514493345309,105344.58638,8
2026-09-26T07:15:00+00:00,244.926,244.926,244.926,244.926,0.0,0.0,0
2026-09-26T07:20:00+00:00,244.488,244.665,244.488,244.665,115.71945312978971,28294.8,2
2026-09-26T07:25:00+00:00,244.665,244.704,244.488,244.488,219.1205468702103,53576.35476,4
2026-09-26T07:30:00+00:00,244.512,244.513,244.512,244.513,594.2271821948117,145295.904,3
2026-09-26T07:35:00+00:00,244.518,244.518,244.518,244.518,32.71,7998.18378,1
2026-09-26T07:40:00+00:00,244.594,244.594,244.594,244.594,376.48,92084.74912,1
2026-09-26T07:45:00+00:00,244.676,244.676,244.675,244.675,506.95,124037.9982,2
2026-09-26T07:50:00+00:00,244.675,244.675,244.675,244.675,859.95,210408.26625,6
2026-09-26T07:55:00+00:00,244.675,245.024,244.675,245.024,998.5826936136868,244451.59275,5
2026-09-26T08:00:00+00:00,244.851,244.851,244.76,244.76,15.51,3796.97016,2
2026-09-26T08:05:00+00:00,244.675,244.675,244.675,244.675,78.82,19285.2835,1
2026-09-26T08:10:00+00:00,244.675,244.675,244.675,244.675,422.46,103365.4005,2
2026-09-26T08:15:00+00:00,244.174,244.174,244.0,244.0,1932.983924414557,471658.56,7
2026-09-26T08:20:00+00:00,244.0,244.0,244.0,244.0,0.0,0.0,0
2026-09-26T08:25:00+00:00,244.0,244.089,244.0,244.089,646.41,157740.14051,3
2026-09-26T08:30:00+00:00,244.089,244.089,244.089,244.089,0.0,0.0,0
2026-09-26T08:35:00+00:00,245.031,245.052,245.031,245.052,400.0,98016.7,4
2026-09-26T08:40:00+00:00,245.074,245.074,244.847,245.019,2015.3814571140344,493836.00151,7
2026-09-26T08:45:00+00:00,244.46,244.46,244.34,244.34,414.47,101297.92741,5
2026-09-26T08:50:00+00:00,244.482,244.482,244.481,244.481,163.6,39997.1734,2
2026-09-26T08:55:00+00:00,244.481,244.481,244.481,244.481,0.0,0.0,0
2026-09-26T09:00:00+00:00,244.481,244.481,244.481,244.481,0.0,0.0,0
2026-09-26T09:05:00+00:00,244.101,244.101,244.093,244.093,207.03,50535.10467,2
2026-09-26T09:10:00+00:00,243.9,243.9,243.9,243.9,41.0,9999.9,2
2026-09-26T09:15:00+00:00,243.013,243.013,243.0,243.0,193.23,46956.10199,3
2026-09-26T09:20:00+00:00,242.881,242.881,242.742,242.742,130.7384283427903,31748.15397,3
2026-09-26T09:25:00+00:00,242.547,242.547,242.547,242.547,20.614561301520943,5000.0,1
2026-09-26T09:30:00+00:00,242.547,242.547,242.547,242.547,0.0,0.0,0
2026-09-26T09:35:00+00:00,242.547,242.547,242.547,242.547,0.0,0.0,0
2026-09-26T09:40:00+00:00,242.547,242.547,242.547,242.547,0.0,0.0,0
2026-09-26T09:45:00+00:00,242.547,242.547,242.547,242.547,0.0,0.0,0
2026-09-26T09:50:00+00:00,242.879,242.901,242.879,242.901,131.74,31997.57774,2
2026-09-26T09:55:00+00:00,242.901,242.901,242.901,242.901,0.0,0.0,0
2026-09-26T10:00:00+00:00,243.207,243.207,243.207,243.207,20.55861878975523,5000.0,1
2026-09-26T10:05:00+00:00,243.207,243.207,243.207,243.207,0.0,0.0,0
2026-09-26T10:10:00+00:00,243.207,243.207,243.207,243.207,0.0,0.0,0
2026-09-26T10:15:00+00:00,243.524,243.578,243.524,243.578,160.0,38965.46,3
2026-09-26T10:20:00+00:00,243.579,244.209,243.567,244.209,675.7230308874775,164661.13,13
2026-09-26T10:25:00+00:00,244.209,244.209,244.209,244.209,0.0,0.0,0
2026-09-26T10:30:00+00:00,243.644,243.912,243.616,243.912,324.47758929449964,79071.77128,4
2026-09-26T10:35:00+00:00,243.91,243.91,243.91,243.91,0.754376614324956,184.0,1
2026-09-26T10:40:00+00:00,244.046,244.047,244.046,244.047,140.34,34249.53198,3
2026-09-26T10:45:00+00:00,244.047,244.047,244.047,244.047,0.0,0.0,0
2026-09-26T10:50:00+00:00,244.047,244.047,244.047,244.047,0.0,0.0,0
2026-09-26T10:55:00+00:00,244.047,244.047,244.047,244.047,0.0,0.0,0
2026-09-26T11:00:00+00:00,244.335,244.335,244.335,244.335,108.37,26478.58395,1
2026-09-26T11:05:00+00:00,244.335,244.335,244.335,244.335,0.0,0.0,0
2026-09-26T11:10:00+00:00,243.633,244.075,243.603,244.075,244.32,59528.05014,4
2026-09-26T11:15:00+00:00,244.311,244.311,244.311,244.311,16.37257430078875,4000.0,1
2026-09-26T11:20:00+00:00,244.311,244.311,244.311,244.311,0.0,0.0,0
2026-09-26T11:25:00+00:00,244.311,244.311,244.311,244.311,0.0,0.0,0
2026-09-26T11:30:00+00:00,244.144,244.145,244.144,244.145,166.0,40528.054,2
2026-09-26T11:35:00+00:00,244.115,244.115,244.115,244.115,100.0,24411.5,1
2026-09-26T11:40:00+00:00,244.122,244.122,244.122,244.122,102.40781248719902,25000.0,2
2026-09-26T11:45:00+00:00,244.02,244.02,244.02,244.02,604.09,147410.0418,3
2026-09-26T11:50:00+00:00,244.021,244.021,244.021,244.021,81.96,19999.96116,1
2026-09-26T11:55:00+00:00,244.021,244.021,244.021,244.021,0.0,0.0,0
2026-09-26T12:00:00+00:00,243.235,243.235,243.235,243.235,52.11,12674.97585,1
2026-09-26T12:05:00+00:00,243.235,243.235,243.235,243.235,0.0,0.0,0
2026-09-26T12:10:00+00:00,243.506,243.869,243.506,243.869,1231.182520123509,300000.0,6
2026-09-26T12:15:00+00:00,244.063,244.082,244.063,244.082,68.43,16702.32112,2
2026-09-26T12:20:00+00:00,243.745,243.745,243.614,243.614,88.21134986093259,21500.0,2
2026-09-26T12:25:00+00:00,243.32,243.32,243.32,243.32,246.58,59997.8456,3
2026-09-26T12:30:00+00:00,242.938,242.938,242.938,242.938,39.1704879434259,9516.0,1
2026-09-26T12:35:00+00:00,243.069,243.069,243.069,243.069,330.0914555126322,80235.0,1
2026-09-26T12:40:00+00:00,243.069,243.069,243.069,243.069,0.0,0.0,0
2026-09-26T12:45:00+00:00,243.069,243.069,243.069,243.069,0.0,0.0,0
2026-09-26T12:50:00+00:00,243.069,243.069,243.069,243.069,0.0,0.0,0
2026-09-26T12:55:00+00:00,242.976,242.976,242.976,242.976,24.69,5999.07744,1
2026-09-26T13:00:00+00:00,242.976,242.976,242.976,242.976,0.0,0.0,0
2026-09-26T13:05:00+00:00,243.592,243.914,243.592,243.914,113.1788272192847,27583.42846,2
2026-09-26T13:10:00+00:00,243.914,243.914,243.914,243.914,0.0,0.0,0
2026-09-26T13:15:00+00:00,243.914,243.914,243.914,243.914,0.0,0.0,0
2026-09-26T13:20:00+00:00,243.914,243.914,243.914,243.914,0.0,0.0,0
2026-09-26T13:25:00+00:00,242.726,242.726,242.244,242.244,61.88,15009.91712,2
2026-09-26T13:30:00+00:00,242.652,242.652,242.652,242.652,45.33241020061652,11000.0,1
2026-09-26T13:35:00+00:00,242.652,242.652,242.652,242.652,0.0,0.0,0
2026-09-26T13:40:00+00:00,242.652,242.652,242.652,242.652,0.0,0.0,0
2026-09-26T13:45:00+00:00,242.911,242.911,242.911,242.911,150.0,36436.65,1
2026-09-26T13:50:00+00:00,242.922,242.922,242.922,242.922,21.05,5113.5081,1
2026-09-26T13:55:00+00:00,242.752,243.177,242.752,243.177,276.4892403475658,67188.224,2
2026-09-26T14:00:00+00:00,243.009,243.009,243.009,243.009,8.230147854606209,2000.0,1
2026-09-26T14:05:00+00:00,242.616,242.616,242.616,242.616,416.95,101158.7412,1
2026-09-26T14:10:00+00:00,243.311,243.311,243.311,243.311,43.06,10476.97166,1
2026-09-26T14:15:00+00:00,243.311,243.311,243.311,243.311,0.0,0.0,0
2026-09-26T14:20:00+00:00,243.311,243.311,243.311,243.311,0.0,0.0,0
2026-09-26T14:25:00+00:00,243.398,243.4,243.398,243.4,123.25,29998.8418,3
2026-09-26T14:30:00+00:00,243.4,243.4,243.4,243.4,0.0,0.0,0
2026-09-26T14:35:00+00:00,243.671,243.671,243.671,243.671,35.318113357765185,8606.0,1
2026-09-26T14:40:00+00:00,243.671,243.671,243.671,243.671,0.0,0.0,0
2026-09-26T14:45:00+00:00,243.652,243.652,243.652,243.652,3.97,967.29844,1
2026-09-26T14:50:00+00:00,243.652,243.652,243.652,243.652,40.6317206507642,9900.0,1
2026-09-26T14:55:00+00:00,243.831,243.831,243.831,243.831,20.5,4998.5355,1
2026-09-26T15:00:00+00:00,243.263,243.263,243.21,243.21,201.78,49080.43011,4
2026-09-26T15:05:00+00:00,243.21,243.21,243.21,243.21,0.0,0.0,0
2026-09-26T15:10:00+00:00,243.21,243.21,243.21,243.21,0.0,0.0,0
2026-09-26T15:15:00+00:00,244.032,244.032,244.032,244.032,642.32,156746.63424,1
2026-09-26T15:20:00+00:00,244.032,244.032,244.032,244.032,0.0,0.0,0
2026-09-26T15:25:00+00:00,244.032,244.032,244.032,244.032,0.0,0.0,0
2026-09-26T15:30:00+00:00,244.481,244.533,244.481,244.533,190.98792444825523,46700.13836,3
2026-09-26T15:35:00+00:00,244.533,244.533,244.533,244.533,0.0,0.0,0
2026-09-26T15:40:00+00:00,244.533,244.533,244.533,244.533,0.0,0.0,0
2026-09-26T15:45:00+00:00,244.533,244.533,244.533,244.533,0.0,0.0,0
2026-09-26T15:50:00+00:00,244.683,244.683,244.683,244.683,40.46,9899.87418,1
2026-09-26T15:55:00+00:00,244.683,244.683,244.683,244.683,0.0,0.0,0
2026-09-26T16:00:00+00:00,244.683,244.683,244.683,244.683,0.0,0.0,0
2026-09-26T16:05:00+00:00,244.683,244.683,244.683,244.683,0.0,0.0,0
2026-09-26T16:10:00+00:00,244.683,244.683,244.683,244.683,0.0,0.0,0
2026-09-26T16:15:00+00:00,244.683,244.683,244.683,244.683,0.0,0.0,0
2026-09-26T16:20:00+00:00,244.068,244.068,243.307,243.307,228.39,55666.60072,3
2026-09-26T16:25:00+00:00,243.307,243.307,243.307,243.307,0.0,0.0,0
2026-09-26T16:30:00+00:00,244.153,244.153,244.153,244.153,111.29,27171.78737,1
2026-09-26T16:35:00+00:00,244.153,244.153,244.153,244.153,0.0,0.0,0
2026-09-26T16:40:00+00:00,244.153,244.153,244.153,244.153,0.0,0.0,0
2026-09-26T16:45:00+00:00,244.153,244.153,244.153,244.153,0.0,0.0,0
2026-09-26T16:50:00+00:00,243.928,243.928,243.928,243.928,60.0,14635.68,1
2026-09-26T16:55:00+00:00,243.813,243.822,243.813,243.822,164.05779626120696,40000.0,2
2026-09-26T17:00:00+00:00,243.822,243.822,243.822,243.822,0.0,0.0,0
2026-09-26T17:05:00+00:00,243.822,243.822,243.822,243.822,0.0,0.0,0
2026-09-26T17:10:00+00:00,242.941,243.015,242.941,243.015,262.43453564681874,63774.8373,5
2026-09-26T17:15:00+00:00,243.015,243.015,243.015,243.015,0.0,0.0,0
2026-09-26T17:20:00+00:00,242.536,242.536,242.536,242.536,16.49,3999.41864,1
2026-09-26T17:25:00+00:00,242.536,242.536,242.536,242.536,0.0,0.0,0
2026-09-26T17:30:00+00:00,242.536,242.536,242.536,242.536,0.0,0.0,0
2026-09-26T17:35:00+00:00,242.0,242.0,242.0,242.0,100.0,24200.0,2
2026-09-26T17:40:00+00:00,242.0,242.0,242.0,242.0,0.0,0.0,0
2026-09-26T17:45:00+00:00,242.0,242.0,242.0,242.0,0.0,0.0,0
2026-09-26T17:50:00+00:00,241.984,241.984,241.984,241.984,25.55,6182.6912,1
2026-09-26T17:55:00+00:00,241.984,241.984,241.984,241.984,0.0,0.0,0
2026-09-26T18:00:00+00:00,241.984,241.984,241.984,241.984,0.0,0.0,0
2026-09-26T18:05:00+00:00,241.91,241.91,241.674,241.674,200.8,48551.7392,2
2026-09-26T18:10:00+00:00,241.674,241.674,241.674,241.674,0.0,0.0,0
2026-09-26T18:15:00+00:00,241.674,241.674,241.674,241.674,0.0,0.0,0
2026-09-26T18:20:00+00:00,241.674,241.674,241.674,241.674,0.0,0.0,0
2026-09-26T18:25:00+00:00,241.674,241.674,241.674,241.674,0.0,0.0,0
2026-09-26T18:30:00+00:00,241.674,241.674,241.674,241.674,0.0,0.0,0
2026-09-26T18:35:00+00:00,241.3,241.3,240.306,240.306,10303.74,2483176.78476,48
2026-09-26T18:40:00+00:00,240.835,240.835,240.835,240.835,20.76,4999.7346,1
2026-09-26T18:45:00+00:00,240.835,240.835,240.835,240.835,0.0,0.0,0
2026-09-26T18:50:00+00:00,240.259,240.259,240.0,240.0,2450.08,588043.24704,9
2026-09-26T18:55:00+00:00,240.0,240.0,240.0,240.0,0.0,0.0,0
2026-09-26T19:00:00+00:00,240.0,240.0,240.0,240.0,0.0,0.0,0
2026-09-26T19:05:00+00:00,240.0,240.0,240.0,240.0,0.0,0.0,0
2026-09-26T19:10:00+00:00,240.0,240.0,240.0,240.0,0.0,0.0,0
2026-09-26T19:15:00+00:00,240.0,240.0,240.0,240.0,0.0,0.0,0
2026-09-26T19:20:00+00:00,240.0,240.0,240.0,240.0,0.0,0.0,0
2026-09-26T19:25:00+00:00,240.0,240.0,240.0,240.0,0.0,0.0,0
2026-09-26T19:30:00+00:00,240.0,240.0,240.0,240.0,0.0,0.0,0
2026-09-26T19:35:00+00:00,240.182,240.182,240.182,240.182,208.17546693757234,50000.0,2
2026-09-26T19:40:00+00:00,240.161,240.161,240.161,240.161,44.96983273720546,10800.0,1
2026-09-26T19:45:00+00:00,240.391,240.391,240.391,240.391,37.43900562001073,9000.0,1
2026-09-26T19:50:00+00:00,240.353,240.353,240.353,240.353,83.2,19997.3696,1
2026-09-26T19:55:00+00:00,240.353,240.353,240.353,240.353,0.0,0.0,0
2026-09-26T20:00:00+00:00,240.004,240.004,239.955,239.955,42.0,10080.13517,2
2026-09-26T20:05:00+00:00,239.955,239.955,239.955,239.955,0.0,0.0,0
2026-09-26T20:10:00+00:00,239.113,239.696,239.113,239.696,170.58,40886.83538,3
2026-09-26T20:15:00+00:00,239.897,239.897,239.897,239.897,0.1,23.9897,1
2026-09-26T20:20:00+00:00,239.897,239.897,239.897,239.897,0.0,0.0,0
2026-09-26T20:25:00+00:00,239.897,239.897,239.897,239.897,0.0,0.0,0
2026-09-26T20:30:00+00:00,239.897,239.897,239.897,239.897,0.0,0.0,0
2026-09-26T20:35:00+00:00,239.763,239.763,239.763,239.763,0.1,23.9763,1
2026-09-26T20:40:00+00:00,239.0,239.0,238.0,238.0,250.0,59650.0,5
2026-09-26T20:45:00+00:00,238.0,238.0,238.0,238.0,51.0,12138.0,3
2026-09-26T20:50:00+00:00,237.41,237.41,237.407,237.407,126.14,29946.70786,2
2026-09-26T20:55:00+00:00,237.407,237.407,237.407,237.407,0.0,0.0,0
2026-09-26T21:00:00+00:00,237.407,237.407,237.407,237.407,0.0,0.0,0
2026-09-26T21:05:00+00:00,237.407,237.407,237.407,237.407,0.0,0.0,0
2026-09-26T21:10:00+00:00,237.407,237.407,237.407,237.407,0.0,0.0,0
2026-09-26T21:15:00+00:00,237.407,237.407,237.407,237.407,0.0,0.0,0
2026-09-26T21:20:00+00:00,237.407,237.407,237.407,237.407,0.0,0.0,0
2026-09-26T21:25:00+00:00,237.407,237.407,237.407,237.407,0.0,0.0,0
2026-09-26T21:30:00+00:00,237.407,237.407,237.407,237.407,0.0,0.0,0
2026-09-26T21:35:00+00:00,237.407,237.407,237.407,237.407,0.0,0.0,0
2026-09-26T21:40:00+00:00,237.407,237.407,237.407,237.407,0.0,0.0,0
2026-09-26T21:45:00+00:00,237.407,237.407,237.407,237.407,0.0,0.0,0
2026-09-26T21:50:00+00:00,237.407,237.407,237.407,237.407,0.0,0.0,0
2026-09-26T21:55:00+00:00,237.407,237.407,237.407,237.407,0.0,0.0,0
2026-09-26T22:00:00+00:00,237.407,237.407,237.407,237.407,0.0,0.0,0
2026-09-26T22:05:00+00:00,240.511,240.512,240.511,240.512,207.91,50004.69992,2
2026-09-26T22:10:00+00:00,240.512,240.512,240.512,240.512,0.0,0.0,0
2026-09-26T22:15:00+00:00,240.24,240.24,240.24,240.24,167.53,40247.4072,1
2026-09-26T22:20:00+00:00,240.151,240.151,240.151,240.151,87.44498253182373,21000.0,1
2026-09-26T22:25:00+00:00,240.151,240.151,240.151,240.151,0.0,0.0,0
2026-09-26T22:30:00+00:00,240.151,240.151,240.151,240.151,0.0,0.0,0
2026-09-26T22:35:00+00:00,240.151,240.151,240.151,240.151,0.0,0.0,0
2026-09-26T22:40:00+00:00,240.151,240.151,240.151,240.151,0.0,0.0,0
2026-09-26T22:45:00+00:00,240.07,240.07,240.07,240.07,150.0,36010.5,1
2026-09-26T22:50:00+00:00,240.07,240.07,240.07,240.07,0.0,0.0,0
2026-09-26T22:55:00+00:00,240.07,240.07,240.07,240.07,0.0,0.0,0
2026-09-26T23:00:00+00:00,240.07,240.07,240.07,240.07,0.0,0.0,0
2026-09-26T23:05:00+00:00,240.734,240.734,240.734,240.734,8.307924929590337,2000.0,1
2026-09-26T23:10:00+00:00,240.825,241.003,240.825,241.003,241.95310857086415,58301.799,4
2026-09-26T23:15:00+00:00,241.003,241.003,241.003,241.003,0.0,0.0,0
2026-09-26T23:20:00+00:00,241.003,241.003,241.003,241.003,0.0,0.0,0
2026-09-26T23:25:00+00:00,241.074,241.074,241.042,241.043,684.14,164907.58802,4
2026-09-26T23:30:00+00:00,241.047,241.148,241.047,241.148,535.5925789971304,129113.15439,4
2026-09-26T23:35:00+00:00,241.148,241.148,241.148,241.148,0.0,0.0,0
2026-09-26T23:40:00+00:00,241.148,241.148,241.148,241.148,0.0,0.0,0
2026-09-26T23:45:00+00:00,241.148,241.148,241.148,241.148,0.0,0.0,0
2026-09-26T23:50:00+00:00,241.188,241.188,241.188,241.188,32.33991740882631,7800.0,1
2026-09-26T23:55:00+00:00,241.099,241.1,241.032,241.032,400.8131480713397,96631.208,4
2026-09-27T00:00:00+00:00,240.891,240.891,240.832,240.832,49.826275659945786,12000.98624,2
2026-09-27T00:05:00+00:00,240.832,240.832,240.832,240.832,0.0,0.0,0
2026-09-27T00:10:00+00:00,240.832,240.832,240.832,240.832,0.0,0.0,0
2026-09-27T00:15:00+00:00,240.832,240.832,240.832,240.832,0.0,0.0,0
2026-09-27T00:20:00+00:00,240.832,240.832,240.832,240.832,0.0,0.0,0
2026-09-27T00:25:00+00:00,239.899,239.899,239.899,239.899,43.77,10500.37923,1
2026-09-27T00:30:00+00:00,239.801,239.801,239.801,239.801,12.510373184432092,3000.0,1
2026-09-27T00:35:00+00:00,239.801,239.801,239.801,239.801,0.0,0.0,0
2026-09-27T00:40:00+00:00,240.12,240.12,239.545,239.545,188.32,45142.7574,3
2026-09-27T00:45:00+00:00,239.586,239.586,239.586,239.586,125.29,30017.72994,2
2026-09-27T00:50:00+00:00,239.374,239.374,239.374,239.374,125.33,30000.74342,1
2026-09-27T00:55:00+00:00,239.308,239.308,239.308,239.308,83.57430591538937,20000.0,1
2026-09-27T01:00:00+00:00,239.308,239.308,239.308,239.308,0.0,0.0,0
2026-09-27T01:05:00+00:00,239.308,239.308,239.308,239.308,0.0,0.0,0
2026-09-27T01:10:00+00:00,239.308,239.308,239.308,239.308,0.0,0.0,0
2026-09-27T01:15:00+00:00,239.317,239.317,239.316,239.316,136.39,32640.44364,2
2026-09-27T01:20:00+00:00,239.316,239.316,239.316,239.316,0.0,0.0,0
2026-09-27T01:25:00+00:00,239.316,239.316,239.316,239.316,0.0,0.0,0
2026-09-27T01:30:00+00:00,239.316,239.316,239.316,239.316,0.0,0.0,0
2026-09-27T01:35:00+00:00,239.042,239.042,239.042,239.042,104.58413165887166,25000.0,1
2026-09-27T01:40:00+00:00,239.479,239.479,239.479,239.479,241.7573148376267,57895.8,4
2026-09-27T01:45:00+00:00,239.65,239.65,239.65,239.65,10.181514708950553,2440.0,1
2026-09-27T01:50:00+00:00,240.452,240.452,240.452,240.452,420.86,101196.62872,2
2026-09-27T01:55:00+00:00,240.017,240.017,240.017,240.017,15.7,3768.2669,1
2026-09-27T02:00:00+00:00,240.017,240.68,239.901,239.901,919.97,220714.88154,7
2026-09-27T02:05:00+00:00,239.9,239.9,239.827,239.827,503.66,120807.17058,8
2026-09-27T02:10:00+00:00,239.827,239.827,239.827,239.827,0.0,0.0,0
2026-09-27T02:15:00+00:00,239.827,239.827,239.827,239.827,0.0,0.0,0
2026-09-27T02:20:00+00:00,239.827,239.827,239.827,239.827,0.0,0.0,0
2026-09-27T02:25:00+00:00,240.762,240.762,240.762,240.762,66.45566991468753,16000.0,1
2026-09-27T02:30:00+00:00,240.368,240.368,240.287,240.287,45.83,11015.72281,2
2026-09-27T02:35:00+00:00,240.287,240.287,240.287,240.287,0.0,0.0,0
2026-09-27T02:40:00+00:00,240.287,240.287,240.287,240.287,100.0,24028.7,1
2026-09-27T02:45:00+00:00,240.287,240.287,240.287,240.287,0.0,0.0,0
2026-09-27T02:50:00+00:00,240.287,240.287,240.287,240.287,0.0,0.0,0
2026-09-27T02:55:00+00:00,240.287,240.287,240.287,240.287,0.0,0.0,0
2026-09-27T03:00:00+00:00,240.287,240.287,240.287,240.287,0.0,0.0,0
2026-09-27T03:05:00+00:00,240.287,240.287,240.287,240.287,0.0,0.0,0
2026-09-27T03:10:00+00:00,240.287,240.287,240.287,240.287,0.0,0.0,0
2026-09-27T03:15:00+00:00,240.287,240.287,240.287,240.287,0.0,0.0,0
2026-09-27T03:20:00+00:00,240.287,240.287,240.287,240.287,0.0,0.0,0
2026-09-27T03:25:00+00:00,240.287,240.287,240.287,240.287,0.0,0.0,0
2026-09-27T03:30:00+00:00,239.11,239.11,239.11,239.11,12.546526703191,3000.0,1
2026-09-27T03:35:00+00:00,238.837,238.837,238.837,238.837,43.09,10291.48633,1
2026-09-27T03:40:00+00:00,238.854,238.854,238.854,238.854,84.09,20085.23286,1
2026-09-27T03:45:00+00:00,238.854,238.854,238.854,238.854,0.0,0.0,0
2026-09-27T03:50:00+00:00,238.854,238.854,238.854,238.854,0.0,0.0,0
2026-09-27T03:55:00+00:00,239.084,239.084,239.084,239.084,0.1,23.9084,1
2026-09-27T04:00:00+00:00,239.007,239.007,239.007,239.007,33.26,7949.37282,1
2026-09-27T04:05:00+00:00,239.007,239.007,239.007,239.007,0.0,0.0,0
2026-09-27T04:10:00+00:00,239.007,239.007,239.007,239.007,0.0,0.0,0
2026-09-27T04:15:00+00:00,239.007,239.007,239.007,239.007,0.0,0.0,0
2026-09-27T04:20:00+00:00,239.007,239.007,239.007,239.007,0.0,0.0,0
2026-09-27T04:25:00+00:00,238.625,238.625,238.625,238.625,100.0,23862.5,1
2026-09-27T04:30:00+00:00,238.625,238.625,237.742,237.76,590.48,140410.63916,8
2026-09-27T04:35:00+00:00,238.023,238.023,238.023,238.023,62.98,14990.68854,1
2026-09-27T04:40:00+00:00,237.781,237.781,237.781,237.781,0.1,23.7781,1
2026-09-27T04:45:00+00:00,237.594,237.594,237.594,237.594,0.1,23.7594,1
2026-09-27T04:50:00+00:00,237.594,237.594,237.594,237.594,0.0,0.0,0
2026-09-27T04:55:00+00:00,237.594,237.594,237.594,237.594,0.0,0.0,0
2026-09-27T05:00:00+00:00,237.594,237.594,237.594,237.594,0.0,0.0,0
2026-09-27T05:05:00+00:00,238.767,238.767,238.767,238.767,0.1,23.8767,1
2026-09-27T05:10:00+00:00,238.767,238.767,238.767,238.767,0.0,0.0,0
2026-09-27T05:15:00+00:00,238.767,238.767,238.767,238.767,0.0,0.0,0
2026-09-27T05:20:00+00:00,238.885,238.885,238.405,238.405,259.16428281390625,61788.9141,2
2026-09-27T05:25:00+00:00,238.872,238.872,238.872,238.872,10.0,2388.72,1
2026-09-27T05:30:00+00:00,238.872,238.872,238.872,238.872,0.0,0.0,0
2026-09-27T05:35:00+00:00,238.99,238.99,238.99,238.99,12.0,2867.88,1
2026-09-27T05:40:00+00:00,238.99,238.99,238.99,238.99,0.0,0.0,0
2026-09-27T05:45:00+00:00,238.99,238.99,238.99,238.99,0.0,0.0,0
2026-09-27T05:50:00+00:00,239.696,239.73,239.696,239.73,170.05383639928252,40762.14624,3
2026-09-27T05:55:00+00:00,239.655,239.655,239.655,239.655,0.1,23.9655,1
2026-09-27T06:00:00+00:00,238.996,238.996,238.996,238.996,58.53,13988.43588,1
2026-09-27T06:05:00+00:00,239.783,239.783,239.783,239.783,24.56,5889.07048,1
2026-09-27T06:10:00+00:00,239.783,239.783,239.783,239.783,0.0,0.0,0
2026-09-27T06:15:00+00:00,239.783,239.783,239.783,239.783,0.0,0.0,0
2026-09-27T06:20:00+00:00,239.783,239.783,239.783,239.783,0.0,0.0,0
2026-09-27T06:25:00+00:00,239.609,240.11,239.609,240.11,15.0,3596.51104,3
2026-09-27T06:30:00+00:00,240.11,240.11,240.11,240.11,0.0,0.0,0
2026-09-27T06:35:00+00:00,240.11,240.11,240.11,240.11,0.0,0.0,0
2026-09-27T06:40:00+00:00,240.11,240.11,240.11,240.11,0.0,0.0,0
2026-09-27T06:45:00+00:00,240.11,240.11,240.11,240.11,0.0,0.0,0
2026-09-27T06:50:00+00:00,239.926,239.926,239.926,239.926,50.015421421605,12000.0,1
2026-09-27T06:55:00+00:00,239.926,239.926,239.926,239.926,0.0,0.0,0
2026-09-27T07:00:00+00:00,239.926,239.926,239.926,239.926,0.0,0.0,0
2026-09-27T07:05:00+00:00,239.926,239.926,239.926,239.926,0.0,0.0,0
2026-09-27T07:10:00+00:00,239.926,239.926,239.926,239.926,0.0,0.0,0
2026-09-27T07:15:00+00:00,239.99,239.99,239.99,239.99,41.66840285011875,10000.0,1
2026-09-27T07:20:00+00:00,239.99,239.99,239.99,239.99,0.0,0.0,0
2026-09-27T07:25:00+00:00,239.99,239.99,239.99,239.99,0.0,0.0,0
2026-09-27T07:30:00+00:00,240.15,240.2,240.15,240.2,166.54870940882597,40000.0,2
2026-09-27T07:35:00+00:00,240.2,240.2,240.2,240.2,33.3,7998.66,1
2026-09-27T07:40:00+00:00,240.2,240.2,240.2,240.2,0.0,0.0,0
2026-09-27T07:45:00+00:00,241.385,241.633,241.385,241.633,229.63522714198805,55461.53785,3
2026-09-27T07:50:00+00:00,241.633,241.633,241.633,241.633,0.0,0.0,0
2026-09-27T07:55:00+00:00,241.111,241.633,241.111,241.633,122.68,29589.42073,3
2026-09-27T08:00:00+00:00,242.0,242.231,242.0,242.231,9.09,2201.41779,2
2026-09-27T08:05:00+00:00,242.401,242.436,242.401,242.436,118.68690458512762,28771.35095,4
2026-09-27T08:10:00+00:00,242.436,242.436,242.436,242.436,182.03033097394777,44130.70532,2
2026-09-27T08:15:00+00:00,242.436,242.436,242.436,242.436,0.0,0.0,0
2026-09-27T08:20:00+00:00,242.436,242.436,242.436,242.436,0.0,0.0,0
2026-09-27T08:25:00+00:00,242.436,242.436,242.436,242.436,0.0,0.0,0
2026-09-27T08:30:00+00:00,242.436,242.436,242.436,242.436,26.72,6477.88992,1
2026-09-27T08:35:00+00:00,242.436,242.436,242.436,242.436,0.0,0.0,0
2026-09-27T08:40:00+00:00,242.435,242.463,242.435,242.463,824.8932529690712,200000.0,5
2026-09-27T08:45:00+00:00,242.463,242.463,242.463,242.463,0.0,0.0,0
2026-09-27T08:50:00+00:00,242.245,242.246,242.245,242.246,106.92,25900.9382,3
2026-09-27T08:55:00+00:00,242.324,242.324,242.324,242.324,33.01365114474835,8000.0,1
2026-09-27T09:00:00+00:00,242.324,242.324,242.324,242.324,0.0,0.0,0
2026-09-27T09:05:00+00:00,241.808,241.808,241.807,241.807,144.33,34900.10728,2
2026-09-27T09:10:00+00:00,240.955,240.955,240.955,240.955,82.36,19845.0538,1
2026-09-27T09:15:00+00:00,240.955,240.955,240.955,240.955,0.0,0.0,0
2026-09-27T09:20:00+00:00,240.955,240.955,240.955,240.955,0.0,0.0,0
2026-09-27T09:25:00+00:00,241.186,241.186,241.186,241.186,82.0,19777.252,1
2026-09-27T09:30:00+00:00,240.999,240.999,240.999,240.999,38.15,9194.11185,1
2026-09-27T09:35:00+00:00,240.999,240.999,240.999,240.999,0.0,0.0,0
2026-09-27T09:40:00+00:00,241.534,241.534,241.47,241.47,331.94,80165.12336,4
2026-09-27T09:45:00+00:00,241.47,243.2,241.47,242.751,1452.067915625,351683.21242,12
2026-09-27T09:50:00+00:00,242.542,242.542,242.542,242.542,164.92,40000.02664,1
2026-09-27T09:55:00+00:00,242.542,242.542,242.542,242.542,0.0,0.0,0
2026-09-27T10:00:00+00:00,242.691,242.727,242.691,242.697,177.27983840897346,43027.0,3
2026-09-27T10:05:00+00:00,242.692,242.692,242.692,242.692,0.41204489641191305,100.0,1
2026-09-27T10:10:00+00:00,243.006,243.006,243.006,243.006,41.15,9999.6969,1
2026-09-27T10:15:00+00:00,243.182,243.182,243.182,243.182,15.32,3725.54824,1
2026-09-27T10:20:00+00:00,243.182,243.182,243.182,243.182,0.0,0.0,0
2026-09-27T10:25:00+00:00,243.182,243.182,243.182,243.182,0.0,0.0,0
2026-09-27T10:30:00+00:00,242.423,242.492,242.423,242.492,1859.9246590402981,451000.86614,8
2026-09-27T10:35:00+00:00,242.492,242.492,242.492,242.492,0.0,0.0,0
2026-09-27T10:40:00+00:00,242.26,242.26,242.26,242.26,43.34,10499.5484,1
2026-09-27T10:45:00+00:00,242.26,242.26,242.26,242.26,0.0,0.0,0
2026-09-27T10:50:00+00:00,242.26,242.26,242.26,242.26,0.0,0.0,0
2026-09-27T10:55:00+00:00,242.347,242.483,242.347,242.483,848.48,205728.37584,2
2026-09-27T11:00:00+00:00,242.483,242.483,242.483,242.483,0.0,0.0,0
2026-09-27T11:05:00+00:00,242.483,242.483,242.483,242.483,0.0,0.0,0
2026-09-27T11:10:00+00:00,241.716,241.716,241.715,241.715,173.61,41964.24855,2
2026-09-27T11:15:00+00:00,241.715,241.715,241.715,241.715,0.0,0.0,0
2026-09-27T11:20:00+00:00,241.931,241.931,241.931,241.931,33.06727951358032,8000.0,1
2026-09-27T11:25:00+00:00,242.199,242.199,242.199,242.199,20.644181024694568,5000.0,1
2026-09-27T11:30:00+00:00,242.199,242.199,242.199,242.199,0.0,0.0,0
2026-09-27T11:35:00+00:00,242.199,242.199,242.199,242.199,0.0,0.0,0
2026-09-27T11:40:00+00:00,242.199,242.199,242.199,242.199,0.0,0.0,0
2026-09-27T11:45:00+00:00,242.01,242.01,242.01,242.01,12.4,3000.924,1
2026-09-27T11:50:00+00:00,242.01,242.01,242.01,242.01,0.0,0.0,0
2026-09-27T11:55:00+00:00,242.01,242.01,242.01,242.01,0.0,0.0,0
2026-09-27T12:00:00+00:00,242.495,242.654,242.495,242.62,232.71,56461.9527,4
2026-09-27T12:05:00+00:00,242.777,242.777,242.777,242.777,22.6,5486.7602,1
2026-09-27T12:10:00+00:00,242.777,242.777,242.777,242.777,0.0,0.0,0
2026-09-27T12:15:00+00:00,242.777,242.777,242.777,242.777,0.0,0.0,0
2026-09-27T12:20:00+00:00,242.777,242.777,242.777,242.777,0.0,0.0,0
2026-09-27T12:25:00+00:00,242.777,242.777,242.777,242.777,0.0,0.0,0
2026-09-27T12:30:00+00:00,242.777,242.777,242.777,242.777,0.0,0.0,0
2026-09-27T12:35:00+00:00,243.099,243.163,243.026,243.162,691.4889036409448,168092.43704,5
2026-09-27T12:40:00+00:00,243.16,243.166,243.16,243.166,85.33,20748.9028,2
2026-09-27T12:45:00+00:00,243.166,243.166,243.166,243.166,0.0,0.0,0
2026-09-27T12:50:00+00:00,243.166,243.166,243.166,243.166,0.0,0.0,0
2026-09-27T12:55:00+00:00,243.166,243.166,243.166,243.166,0.0,0.0,0
2026-09-27T13:00:00+00:00,243.166,243.166,243.166,243.166,0.0,0.0,0
2026-09-27T13:05:00+00:00,240.976,240.976,240.816,240.817,302.00716087319415,72743.31488,3
2026-09-27T13:10:00+00:00,240.149,240.172,240.149,240.172,208.19,49999.10868,2
2026-09-27T13:15:00+00:00,240.59,240.59,240.59,240.59,22.77318259279272,5479.0,1
2026-09-27T13:20:00+00:00,240.59,240.59,240.59,240.59,0.0,0.0,0
2026-09-27T13:25:00+00:00,240.59,240.59,240.59,240.59,0.0,0.0,0
2026-09-27T13:30:00+00:00,241.865,241.865,241.865,241.865,163.0,39423.995,1
2026-09-27T13:35:00+00:00,240.752,240.752,240.752,240.752,58.15112647039277,14000.0,1
2026-09-27T13:40:00+00:00,240.752,240.752,240.752,240.752,0.0,0.0,0
2026-09-27T13:45:00+00:00,240.392,240.392,240.392,240.392,39.49798662185098,9495.0,1
2026-09-27T13:50:00+00:00,240.563,240.567,240.547,240.547,189.86,45673.07727,6
2026-09-27T13:55:00+00:00,240.547,240.547,240.547,240.547,0.0,0.0,0
2026-09-27T14:00:00+00:00,240.547,240.547,240.547,240.547,0.0,0.0,0
2026-09-27T14:05:00+00:00,241.138,241.138,240.854,240.854,221.5406882366114,53394.05784,2
2026-09-27T14:10:00+00:00,241.431,241.431,241.431,241.431,42.21,10190.80251,1
2026-09-27T14:15:00+00:00,241.431,241.431,241.431,241.431,0.0,0.0,0
2026-09-27T14:20:00+00:00,241.431,241.431,241.431,241.431,0.0,0.0,0
2026-09-27T14:25:00+00:00,241.431,241.431,241.431,241.431,0.0,0.0,0
2026-09-27T14:30:00+00:00,239.776,239.776,239.776,239.776,63.1,15129.8656,1
2026-09-27T14:35:00+00:00,240.277,240.319,239.0,239.0,516.1402136327132,123900.0,4
2026-09-27T14:40:00+00:00,239.31,239.349,239.31,239.349,136.61243700639338,32697.61017,2
2026-09-27T14:45:00+00:00,239.0,239.017,239.0,239.017,2852.4411271583194,681736.63,3
2026-09-27T14:50:00+00:00,239.017,239.017,239.017,239.017,0.0,0.0,0
2026-09-27T14:55:00+00:00,239.017,239.017,239.017,239.017,0.0,0.0,0
2026-09-27T15:00:00+00:00,239.254,239.254,239.254,239.254,12.53,2997.85262,1
2026-09-27T15:05:00+00:00,238.583,238.583,237.939,237.939,531.02,126403.54266,6
2026-09-27T15:10:00+00:00,238.977,239.018,238.977,239.018,1255.3217749290848,300000.0,4
2026-09-27T15:15:00+00:00,239.018,239.018,239.018,239.018,0.0,0.0,0
2026-09-27T15:20:00+00:00,239.274,239.274,239.274,239.274,20.89,4998.43386,1
2026-09-27T15:25:00+00:00,239.274,239.274,239.274,239.274,0.0,0.0,0
2026-09-27T15:30:00+00:00,239.144,239.144,239.144,239.144,12.74,3046.69456,1
2026-09-27T15:35:00+00:00,238.96,238.96,238.96,238.96,1.2554402410445262,300.0,1
2026-09-27T15:40:00+00:00,238.859,238.859,238.859,238.859,39.35,9399.10165,2
2026-09-27T15:45:00+00:00,238.151,238.898,237.971,238.898,1507.7347938450719,359140.6044,11
2026-09-27T15:50:00+00:00,238.898,238.898,238.898,238.898,0.0,0.0,0
2026-09-27T15:55:00+00:00,238.858,239.203,238.858,239.203,228.5305746510479,54614.646,2
2026-09-27T16:00:00+00:00,239.497,239.497,239.497,239.497,25.052505876900337,6000.0,1
2026-09-27T16:05:00+00:00,239.497,239.497,239.497,239.497,0.0,0.0,0
2026-09-27T16:10:00+00:00,239.824,239.824,239.824,239.824,2.0848622323036894,500.0,1
2026-09-27T16:15:00+00:00,240.111,240.111,240.111,240.111,415.84,99847.75824,1
2026-09-27T16:20:00+00:00,240.111,240.111,240.111,240.111,0.0,0.0,0
2026-09-27T16:25:00+00:00,240.111,240.111,240.111,240.111,0.0,0.0,0
2026-09-27T16:30:00+00:00,239.474,239.474,239.474,239.474,20.18,4832.58532,1
2026-09-27T16:35:00+00:00,239.474,239.474,239.474,239.474,0.0,0.0,0
2026-09-27T16:40:00+00:00,239.442,239.476,239.442,239.476,8184.79,1960049.17004,18
2026-09-27T16:45:00+00:00,239.417,239.417,239.417,239.417,133.66,32000.47622,1
2026-09-27T16:50:00+00:00,239.417,239.417,239.417,239.417,0.0,0.0,0
2026-09-27T16:55:00+00:00,239.248,239.519,239.248,239.519,29.0,6943.341,2
2026-09-27T17:00:00+00:00,239.519,239.519,239.519,239.519,0.0,0.0,0
2026-09-27T17:05:00+00:00,239.519,239.519,239.519,239.519,0.0,0.0,0
2026-09-27T17:10:00+00:00,239.8,239.8,239.48,239.48,115.06405337781484,27567.336,2
2026-09-27T17:15:00+00:00,240.0,240.0,240.0,240.0,41.67,10000.8,1
2026-09-27T17:20:00+00:00,239.993,239.995,239.993,239.995,1097.1235164065918,263303.0,4
2026-09-27T17:25:00+00:00,239.995,239.995,239.995,239.995,0.0,0.0,0
2026-09-27T17:30:00+00:00,239.995,239.995,239.995,239.995,0.0,0.0,0
2026-09-27T17:35:00+00:00,240.103,240.103,240.096,240.096,99.80364878256364,23963.0,2
2026-09-27T17:40:00+00:00,239.508,239.508,239.508,239.508,55.0,13172.94,1
2026-09-27T17:45:00+00:00,239.508,239.508,239.508,239.508,0.0,0.0,0
2026-09-27T17:50:00+00:00,239.508,239.508,239.508,239.508,0.0,0.0,0
2026-09-27T17:55:00+00:00,239.508,239.508,239.508,239.508,0.0,0.0,0
2026-09-27T18:00:00+00:00,239.508,239.508,239.508,239.508,0.0,0.0,0
2026-09-27T18:05:00+00:00,239.508,239.508,239.508,239.508,0.0,0.0,0
2026-09-27T18:10:00+00:00,240.821,240.821,240.821,240.821,49.83,12000.11043,1
2026-09-27T18:15:00+00:00,240.821,240.821,240.821,240.821,0.0,0.0,0
2026-09-27T18:20:00+00:00,240.821,240.821,240.821,240.821,0.0,0.0,0
2026-09-27T18:25:00+00:00,241.805,241.805,241.805,241.805,82.71,19999.69155,1
2026-09-27T18:30:00+00:00,241.805,241.805,241.805,241.805,0.0,0.0,0
2026-09-27T18:35:00+00:00,241.805,241.805,241.805,241.805,0.0,0.0,0
2026-09-27T18:40:00+00:00,242.23,242.23,242.23,242.23,41.28,9999.2544,1
2026-09-27T18:45:00+00:00,242.23,242.23,242.23,242.23,0.0,0.0,0
2026-09-27T18:50:00+00:00,242.347,242.347,242.347,242.347,200.0,48469.4,2
2026-09-27T18:55:00+00:00,242.347,242.347,242.347,242.347,0.0,0.0,0
2026-09-27T19:00:00+00:00,242.347,242.347,242.347,242.347,0.0,0.0,0
2026-09-27T19:05:00+00:00,241.552,241.552,241.552,241.552,25.76,6222.37952,1
2026-09-27T19:10:00+00:00,241.552,241.552,241.552,241.552,0.0,0.0,0
2026-09-27T19:15:00+00:00,241.552,241.552,241.552,241.552,0.0,0.0,0
2026-09-27T19:20:00+00:00,241.552,241.552,241.552,241.552,0.0,0.0,0
2026-09-27T19:25:00+00:00,241.552,241.552,241.552,241.552,0.0,0.0,0
2026-09-27T19:30:00+00:00,241.552,241.552,241.552,241.552,0.0,0.0,0
2026-09-27T19:35:00+00:00,241.414,241.414,241.414,241.414,82.84,19998.73576,1
2026-09-27T19:40:00+00:00,241.414,241.414,241.414,241.414,0.0,0.0,0
2026-09-27T19:45:00+00:00,241.414,241.414,241.414,241.414,0.0,0.0,0
2026-09-27T19:50:00+00:00,241.414,241.414,241.414,241.414,0.0,0.0,0
2026-09-27T19:55:00+00:00,241.203,241.203,241.203,241.203,108.28588541601887,26118.88042,3
2026-09-27T20:00:00+00:00,241.202,241.202,241.202,241.202,420.72951302228006,101480.8,6
2026-09-27T20:05:00+00:00,241.202,241.202,241.202,241.202,300.0,72360.6,2
2026-09-27T20:10:00+00:00,241.202,241.202,241.202,241.202,200.0,48240.4,1
2026-09-27T20:15:00+00:00,241.202,241.202,241.202,241.202,0.0,0.0,0
2026-09-27T20:20:00+00:00,240.583,240.583,240.396,240.396,310.01,74556.53476,4
2026-09-27T20:25:00+00:00,240.396,240.396,240.396,240.396,0.0,0.0,0
2026-09-27T20:30:00+00:00,240.396,240.396,240.396,240.396,0.0,0.0,0
2026-09-27T20:35:00+00:00,240.396,240.396,240.396,240.396,0.0,0.0,0
2026-09-27T20:40:00+00:00,240.396,240.396,240.396,240.396,0.0,0.0,0
2026-09-27T20:45:00+00:00,240.396,240.396,240.396,240.396,0.0,0.0,0
2026-09-27T20:50:00+00:00,240.166,240.166,240.166,240.166,66.62058742702963,16000.0,1
2026-09-27T20:55:00+00:00,240.166,240.166,240.166,240.166,0.0,0.0,0
2026-09-27T21:00:00+00:00,239.767,239.767,239.767,239.767,50.048588838330545,12000.0,1
2026-09-27T21:05:00+00:00,239.767,239.767,239.767,239.767,0.0,0.0,0
2026-09-27T21:10:00+00:00,240.048,240.048,240.048,240.048,0.28327667799773376,68.0,1
2026-09-27T21:15:00+00:00,240.27,240.27,240.239,240.239,159.7,38366.5062,3
2026-09-27T21:20:00+00:00,240.239,240.239,240.239,240.239,0.0,0.0,0
2026-09-27T21:25:00+00:00,240.239,240.239,240.239,240.239,0.0,0.0,0
2026-09-27T21:30:00+00:00,240.056,240.056,240.056,240.056,133.3,31999.4648,1
2026-09-27T21:35:00+00:00,240.056,240.056,240.056,240.056,0.0,0.0,0
2026-09-27T21:40:00+00:00,240.056,240.056,240.056,240.056,0.0,0.0,0
2026-09-27T21:45:00+00:00,240.056,240.056,240.056,240.056,0.0,0.0,0
2026-09-27T21:50:00+00:00,239.996,239.996,239.996,239.996,100.01,24001.99996,1
2026-09-27T21:55:00+00:00,240.117,240.117,240.069,240.069,171.2576655461555,41116.47843,2
2026-09-27T22:00:00+00:00,239.383,239.383,239.084,239.084,1010.5,241644.182,3
2026-09-27T22:05:00+00:00,238.401,238.894,238.4,238.4,546.3580628228419,130360.48503,4
2026-09-27T22:10:00+00:00,238.401,238.401,238.4,238.4,63.76,15200.44736,3
2026-09-27T22:15:00+00:00,237.894,237.945,237.199,237.561,8095.58,1926221.86884,15
2026-09-27T22:20:00+00:00,237.561,237.561,237.561,237.561,0.0,0.0,0
2026-09-27T22:25:00+00:00,237.561,237.561,237.561,237.561,0.0,0.0,0
2026-09-27T22:30:00+00:00,237.561,237.561,237.561,237.561,0.0,0.0,0
2026-09-27T22:35:00+00:00,237.561,237.561,237.561,237.561,0.0,0.0,0
2026-09-27T22:40:00+00:00,237.561,237.561,237.561,237.561,0.0,0.0,0
2026-09-27T22:45:00+00:00,237.561,237.561,237.561,237.561,0.0,0.0,0
2026-09-27T22:50:00+00:00,237.561,237.561,237.561,237.561,0.0,0.0,0
2026-09-27T22:55:00+00:00,238.396,238.436,238.223,238.246,191.98838799510142,45762.04087,4
2026-09-27T23:00:00+00:00,238.678,238.678,238.531,238.531,626.2346549744844,149465.21421,3
2026-09-27T23:05:00+00:00,238.236,238.236,238.236,238.236,88.14,20998.12104,1
2026-09-27T23:10:00+00:00,238.644,238.644,238.644,238.644,41.903420995290055,10000.0,1
2026-09-27T23:15:00+00:00,238.644,238.644,238.644,238.644,0.0,0.0,0
2026-09-27T23:20:00+00:00,238.644,238.644,238.644,238.644,0.0,0.0,0
2026-09-27T23:25:00+00:00,239.24,239.24,239.24,239.24,16.59,3968.9916,1
2026-09-27T23:30:00+00:00,239.097,239.121,239.097,239.121,624.2239123289046,149251.0,4
2026-09-27T23:35:00+00:00,239.121,239.121,239.121,239.121,0.0,0.0,0
2026-09-27T23:40:00+00:00,239.121,239.121,239.121,239.121,0.0,0.0,0
2026-09-27T23:45:00+00:00,239.121,239.121,239.121,239.121,0.0,0.0,0
2026-09-27T23:50:00+00:00,239.679,239.679,239.679,239.679,11.14,2670.02406,1
2026-09-27T23:55:00+00:00,239.809,239.809,239.809,239.809,25.395210354907448,6090.0,1
2026-09-28T00:00:00+00:00,239.809,239.809,239.809,239.809,0.0,0.0,0
2026-09-28T00:05:00+00:00,239.809,239.809,239.809,239.809,0.0,0.0,0
2026-09-28T00:10:00+00:00,238.993,238.993,238.993,238.993,292.93,70008.21949,1
2026-09-28T00:15:00+00:00,238.993,238.993,238.993,238.993,0.0,0.0,0
2026-09-28T00:20:00+00:00,240.83,242.329,240.83,242.329,842.06048697772,203073.49736,12
2026-09-28T00:25:00+00:00,242.329,242.329,242.329,242.329,0.0,0.0,0
2026-09-28T00:30:00+00:00,242.329,242.329,242.329,242.329,0.0,0.0,0
2026-09-28T00:35:00+00:00,239.4,239.4,239.4,239.4,18.0,4309.2,1
2026-09-28T00:40:00+00:00,239.4,239.4,239.4,239.4,30.0,7182.0,1
2026-09-28T00:45:00+00:00,239.317,239.317,239.317,239.317,20.0,4786.34,1
2026-09-28T00:50:00+00:00,239.317,239.317,239.317,239.317,0.0,0.0,0
2026-09-28T00:55:00+00:00,240.0,240.0,240.0,240.0,2.0416666666666665,490.0,1
2026-09-28T01:00:00+00:00,240.0,240.0,240.0,240.0,0.0,0.0,0
2026-09-28T01:05:00+00:00,238.888,240.217,238.888,240.217,1559.2370812640238,372779.19267,11
2026-09-28T01:10:00+00:00,240.217,240.217,240.217,240.217,0.0,0.0,0
2026-09-28T01:15:00+00:00,240.217,240.217,240.217,240.217,0.0,0.0,0
2026-09-28T01:20:00+00:00,240.217,240.217,240.217,240.217,0.0,0.0,0
2026-09-28T01:25:00+00:00,240.217,240.217,240.217,240.217,0.0,0.0,0
2026-09-28T01:30:00+00:00,239.646,239.646,239.646,239.646,70.0,16775.22,1
2026-09-28T01:35:00+00:00,238.878,238.878,238.878,238.878,129.49,30932.31222,2
2026-09-28T01:40:00+00:00,238.878,238.878,238.878,238.878,0.0,0.0,0
2026-09-28T01:45:00+00:00,237.379,237.379,237.378,237.378,300.0,71213.6,3
2026-09-28T01:50:00+00:00,238.272,238.272,238.272,238.272,18.0,4288.896,3
2026-09-28T01:55:00+00:00,238.272,238.272,238.272,238.272,0.0,0.0,0
2026-09-28T02:00:00+00:00,237.588,237.588,237.588,237.588,79.84,18969.02592,1
2026-09-28T02:05:00+00:00,237.588,237.588,237.588,237.588,0.0,0.0,0
2026-09-28T02:10:00+00:00,237.588,237.588,237.588,237.588,0.0,0.0,0
2026-09-28T02:15:00+00:00,239.227,239.227,238.504,238.504,55.288095461711336,13200.33521,2
2026-09-28T02:20:00+00:00,237.503,237.503,237.503,237.503,108.98,25883.07694,1
2026-09-28T02:25:00+00:00,238.296,238.542,238.296,238.542,441.93,105320.46606,2
2026-09-28T02:30:00+00:00,237.001,237.001,237.0,237.0,151.67,35945.8029,6
2026-09-28T02:35:00+00:00,237.0,237.0,236.9,236.9,53.5,12675.273,2
2026-09-28T02:40:00+00:00,236.9,236.9,236.9,236.9,0.0,0.0,0
2026-09-28T02:45:00+00:00,236.9,236.9,236.9,236.9,0.0,0.0,0
2026-09-28T02:50:00+00:00,236.9,236.9,236.9,236.9,0.0,0.0,0
2026-09-28T02:55:00+00:00,236.631,236.641,236.631,236.641,211.29897186032852,50000.0,2
2026-09-28T03:00:00+00:00,236.749,236.749,236.749,236.749,36.41,8620.03109,1
2026-09-28T03:05:00+00:00,237.185,237.304,237.185,237.304,1475.131831574689,350000.0,4
2026-09-28T03:10:00+00:00,237.304,237.304,237.304,237.304,0.0,0.0,0
2026-09-28T03:15:00+00:00,237.0,237.0,236.589,236.589,360.0,85200.05,5
2026-09-28T03:20:00+00:00,236.874,236.874,236.874,236.874,16.96,4017.38304,1
2026-09-28T03:25:00+00:00,236.471,236.472,236.0,236.0,370.92,87640.77224,6
2026-09-28T03:30:00+00:00,235.0,235.0,235.0,235.0,604.59,142078.65,4
2026-09-28T03:35:00+00:00,235.0,235.0,235.0,235.0,0.0,0.0,0
2026-09-28T03:40:00+00:00,236.503,236.503,236.503,236.503,42.282761740865865,10000.0,1
2026-09-28T03:45:00+00:00,236.7,236.885,236.7,236.885,194.23984330348628,46000.0,2
2026-09-28T03:50:00+00:00,236.065,236.658,236.064,236.658,933.7375964471938,220544.5368,5
2026-09-28T03:55:00+00:00,236.045,236.045,235.951,235.951,700.03,165182.27853,3
2026-09-28T04:00:00+00:00,235.491,235.628,235.491,235.628,700.6958001595735,165017.0,4
2026-09-28T04:05:00+00:00,235.628,235.628,235.628,235.628,0.0,0.0,0
2026-09-28T04:10:00+00:00,235.34,236.043,234.98,236.043,1329.04,312694.32384,11
2026-09-28T04:15:00+00:00,236.043,236.043,236.043,236.043,0.0,0.0,0
2026-09-28T04:20:00+00:00,236.043,236.043,236.043,236.043,0.0,0.0,0
2026-09-28T04:25:00+00:00,236.658,236.824,236.658,236.824,143.63,34000.09112,2
2026-09-28T04:30:00+00:00,236.162,236.162,236.117,236.117,450.0,106266.15,3
2026-09-28T04:35:00+00:00,236.15,236.689,236.15,236.688,1900.0,449269.15,10
2026-09-28T04:40:00+00:00,236.687,237.068,236.687,237.019,1150.0,272434.65,5
2026-09-28T04:45:00+00:00,237.019,237.019,236.476,236.544,11538.0,2730159.379,31
2026-09-28T04:50:00+00:00,236.537,237.112,236.423,237.076,25901.46,6134084.00802,18
2026-09-28T04:55:00+00:00,236.713,237.004,236.713,236.72,33099.98,7840711.63374,21
2026-09-28T05:00:00+00:00,236.72,237.56,236.628,236.865,106671.84559238462,25264459.88582,137
2026-09-28T05:05:00+00:00,236.565,236.829,233.59,233.59,40479.9,9559977.35611,57
2026-09-28T05:10:00+00:00,233.59,233.59,233.59,233.59,0.0,0.0,0
2026-09-28T05:15:00+00:00,235.123,235.123,235.123,235.123,12.89,3030.73547,1
2026-09-28T05:20:00+00:00,235.123,235.123,235.123,235.123,0.0,0.0,0
2026-09-28T05:25:00+00:00,235.123,235.123,235.123,235.123,0.0,0.0,0
2026-09-28T05:30:00+00:00,234.199,234.199,233.5,233.5,356.63873056674026,83380.59057,5
2026-09-28T05:35:00+00:00,233.219,233.219,233.0,233.0,413.5124654007081,96373.64535,7
2026-09-28T05:40:00+00:00,233.037,234.277,233.037,234.277,923.95,215995.46415,12
2026-09-28T05:45:00+00:00,234.4,234.4,234.4,234.4,300.0,70320.0,3
2026-09-28T05:50:00+00:00,234.063,234.063,234.063,234.063,190.11,44497.71693,1
2026-09-28T05:55:00+00:00,234.063,234.063,234.063,234.063,0.0,0.0,0
2026-09-28T06:00:00+00:00,234.063,234.063,234.063,234.063,0.0,0.0,0
2026-09-28T06:05:00+00:00,234.063,234.063,234.063,234.063,0.0,0.0,0
2026-09-28T06:10:00+00:00,234.063,234.063,234.063,234.063,0.0,0.0,0
2026-09-28T06:15:00+00:00,234.784,234.784,234.77,234.782,724.07,169999.5205,3
2026-09-28T06:20:00+00:00,234.782,234.782,234.782,234.782,0.0,0.0,0
2026-09-28T06:25:00+00:00,233.641,234.025,233.641,234.025,261.65238756543107,61214.768,3
2026-09-28T06:30:00+00:00,233.835,233.89,233.835,233.89,115.01,26898.0389,2
2026-09-28T06:35:00+00:00,232.93,232.93,232.93,232.93,122.3,28487.339,2
2026-09-28T06:40:00+00:00,232.929,233.679,232.701,233.254,2015.1,469300.95734,20
2026-09-28T06:45:00+00:00,233.254,233.254,233.254,233.254,0.0,0.0,0
2026-09-28T06:50:00+00:00,233.267,233.289,233.267,233.289,733.0315359918385,171000.0,7
2026-09-28T06:55:00+00:00,233.289,233.289,233.289,233.289,0.0,0.0,0
2026-09-28T07:00:00+00:00,233.579,234.689,233.579,234.689,369.1308153976053,86430.2,3
2026-09-28T07:05:00+00:00,234.689,234.689,234.689,234.689,0.0,0.0,0
2026-09-28T07:10:00+00:00,234.689,234.689,234.689,234.689,0.0,0.0,0
2026-09-28T07:15:00+00:00,234.689,234.689,234.689,234.689,0.0,0.0,0
2026-09-28T07:20:00+00:00,233.718,233.718,233.147,233.17,226.4535875112579,52804.616,5
2026-09-28T07:25:00+00:00,233.17,233.17,233.17,233.17,0.0,0.0,0
2026-09-28T07:30:00+00:00,232.698,232.698,232.698,232.698,92.53,21531.54594,2
2026-09-28T07:35:00+00:00,232.698,232.698,232.698,232.698,0.0,0.0,0
2026-09-28T07:40:00+00:00,232.771,232.771,232.771,232.771,42.97,10002.16987,1
2026-09-28T07:45:00+00:00,232.5,232.5,232.218,232.218,300.0,69699.594,6
2026-09-28T07:50:00+00:00,232.374,232.374,231.804,231.804,871.75,202401.72416,13
2026-09-28T07:55:00+00:00,231.804,231.804,231.804,231.804,0.0,0.0,0
2026-09-28T08:00:00+00:00,231.804,231.804,231.804,231.804,0.0,0.0,0
2026-09-28T08:05:00+00:00,232.1,232.251,231.001,231.001,1866.629809946997,431997.03382,15
2026-09-28T08:10:00+00:00,231.96,231.998,231.96,231.998,107.7644634867542,25000.0,2
2026-09-28T08:15:00+00:00,231.998,231.998,231.998,231.998,0.0,0.0,0
2026-09-28T08:20:00+00:00,232.156,232.156,232.156,232.156,159.37559227416048,37000.0,2
2026-09-28T08:25:00+00:00,232.364,232.364,232.166,232.199,173.15071852782702,40200.61571,4
2026-09-28T08:30:00+00:00,232.339,232.407,232.339,232.407,51.64363124306567,12000.0,2
2026-09-28T08:35:00+00:00,232.107,232.107,232.107,232.107,129.25,29999.82975,1
2026-09-28T08:40:00+00:00,232.301,232.305,231.758,231.758,449.6657128556512,104447.5391,3
2026-09-28T08:45:00+00:00,231.868,231.936,231.777,231.777,445.87,103379.4605,4
2026-09-28T08:50:00+00:00,232.268,232.953,232.268,232.953,350.0,81396.55,2
2026-09-28T08:55:00+00:00,233.253,233.253,233.018,233.018,1366.16,318602.18221,7
2026-09-28T09:00:00+00:00,231.778,231.778,231.556,231.656,1925.2091637514347,446220.94764,3
2026-09-28T09:05:00+00:00,231.907,231.907,231.078,231.078,2467.3807337424055,570662.49605,8
2026-09-28T09:10:00+00:00,231.522,232.657,231.508,232.657,444.4598048124883,102973.88514,6
2026-09-28T09:15:00+00:00,233.562,233.89,233.562,233.6,2405.6292728556978,562300.0,7
2026-09-28T09:20:00+00:00,233.6,233.6,233.6,233.6,0.0,0.0,0
2026-09-28T09:25:00+00:00,233.6,233.6,233.6,233.6,0.0,0.0,0
2026-09-28T09:30:00+00:00,233.6,233.6,233.6,233.6,0.0,0.0,0
2026-09-28T09:35:00+00:00,233.6,233.6,233.6,233.6,0.0,0.0,0
2026-09-28T09:40:00+00:00,233.6,233.6,233.6,233.6,0.0,0.0,0
2026-09-28T09:45:00+00:00,233.6,233.6,233.6,233.6,0.0,0.0,0
2026-09-28T09:50:00+00:00,233.166,233.166,233.166,233.166,77.19821929440828,18000.0,1
2026-09-28T09:55:00+00:00,233.166,233.166,233.166,233.166,0.0,0.0,0
2026-09-28T10:00:00+00:00,233.166,233.166,233.166,233.166,0.0,0.0,0
2026-09-28T10:05:00+00:00,233.475,233.475,233.475,233.475,8.57,2000.88075,1
2026-09-28T10:10:00+00:00,233.475,233.475,233.475,233.475,0.0,0.0,0
2026-09-28T10:15:00+00:00,233.81,233.952,233.81,233.952,884.3901740527972,206800.0,5
2026-09-28T10:20:00+00:00,233.507,233.647,233.507,233.647,128.44960795559112,29999.87455,2
2026-09-28T10:25:00+00:00,233.647,233.647,233.647,233.647,0.0,0.0,0
2026-09-28T10:30:00+00:00,233.647,233.647,233.647,233.647,0.0,0.0,0
2026-09-28T10:35:00+00:00,235.157,235.157,235.134,235.147,337.37317950048265,79331.86633,3
2026-09-28T10:40:00+00:00,234.961,234.961,234.907,234.907,136.1762164784794,31990.7,2
2026-09-28T10:45:00+00:00,234.275,234.812,234.274,234.812,286.9572612984004,67249.68248,3
2026-09-28T10:50:00+00:00,234.954,234.954,234.828,234.828,188.77747133481446,44348.604,2
2026-09-28T10:55:00+00:00,234.828,234.828,234.828,234.828,0.0,0.0,0
2026-09-28T11:00:00+00:00,234.828,234.828,234.828,234.828,0.0,0.0,0
2026-09-28T11:05:00+00:00,234.828,234.828,234.828,234.828,0.0,0.0,0
2026-09-28T11:10:00+00:00,234.02,234.02,234.02,234.02,55.55,12999.811,1
2026-09-28T11:15:00+00:00,234.05,234.05,234.05,234.05,24.35377056184576,5700.0,1
2026-09-28T11:20:00+00:00,233.948,233.948,233.948,233.948,25.64672491322858,6000.0,1
2026-09-28T11:25:00+00:00,233.948,233.948,233.948,233.948,0.0,0.0,0
2026-09-28T11:30:00+00:00,233.961,234.582,233.844,234.582,1723.728776461962,404026.27121,12
2026-09-28T11:35:00+00:00,234.825,235.293,234.825,235.293,1526.1176230308615,358568.97889,8
2026-09-28T11:40:00+00:00,235.163,235.163,235.163,235.163,8.504739265955953,2000.0,1
2026-09-28T11:45:00+00:00,235.163,235.163,235.163,235.163,0.0,0.0,0
2026-09-28T11:50:00+00:00,234.391,234.391,234.379,234.379,149.98,35153.36242,2
2026-09-28T11:55:00+00:00,234.685,234.685,234.486,234.536,659.8509223001043,154764.9101,8
2026-09-28T12:00:00+00:00,234.501,234.501,234.444,234.444,419.22,98288.15593,4
2026-09-28T12:05:00+00:00,235.551,236.0,235.551,236.0,253.15,59670.22865,5
2026-09-28T12:10:00+00:00,236.0,236.0,236.0,236.0,0.0,0.0,0
2026-09-28T12:15:00+00:00,237.5,238.567,237.5,238.567,198.45700914208587,47238.5,4
2026-09-28T12:20:00+00:00,237.856,238.336,237.856,238.327,4380.88,1044117.75028,7
2026-09-28T12:25:00+00:00,238.404,238.969,238.218,238.271,4870.71,1160445.23375,8
2026-09-28T12:30:00+00:00,238.726,238.726,238.531,238.531,141.7912470363513,33835.21294,3
2026-09-28T12:35:00+00:00,238.259,238.259,238.259,238.259,209.85566127617426,50000.0,1
2026-09-28T12:40:00+00:00,237.898,237.898,237.86,237.86,118.49,28187.8314,2
2026-09-28T12:45:00+00:00,238.914,238.914,238.914,238.914,54.41288497116117,13000.0,1
2026-09-28T12:50:00+00:00,240.0,240.0,240.0,240.0,1.0,240.0,1
2026-09-28T12:55:00+00:00,240.316,240.316,239.934,239.934,598.3146588658267,143746.40084,3
2026-09-28T13:00:00+00:00,239.934,239.934,239.934,239.934,0.0,0.0,0
2026-09-28T13:05:00+00:00,239.934,239.934,239.934,239.934,0.0,0.0,0
2026-09-28T13:10:00+00:00,238.721,238.746,238.721,238.737,149.98,35806.49382,3
2026-09-28T13:15:00+00:00,238.737,238.737,238.737,238.737,0.0,0.0,0
2026-09-28T13:20:00+00:00,239.51,239.704,239.51,239.704,172.61,41344.38068,3
2026-09-28T13:25:00+00:00,239.704,239.704,239.704,239.704,0.0,0.0,0
2026-09-28T13:30:00+00:00,239.734,239.734,239.734,239.734,0.1,23.9734,1
2026-09-28T13:35:00+00:00,239.795,240.714,239.795,240.714,708.5030760155205,170041.86328,3
2026-09-28T13:40:00+00:00,241.004,241.042,241.002,241.002,205.9038058097759,49624.34596,4
2026-09-28T13:45:00+00:00,241.002,241.002,241.002,241.002,0.0,0.0,0
2026-09-28T13:50:00+00:00,239.614,239.614,239.614,239.614,41.73378850985335,10000.0,1
2026-09-28T13:55:00+00:00,239.75,239.962,239.75,239.869,1567.5626002128427,376000.0,7
2026-09-28T14:00:00+00:00,239.869,239.869,239.869,239.869,0.0,0.0,0
2026-09-28T14:05:00+00:00,238.309,238.5,238.0,238.5,4852.72,1157280.82966,5
2026-09-28T14:10:00+00:00,238.5,238.5,238.5,238.5,0.0,0.0,0
2026-09-28T14:15:00+00:00,236.913,236.913,236.306,236.306,606.6618127092278,143463.36533,5
2026-09-28T14:20:00+00:00,236.306,236.306,236.306,236.306,0.0,0.0,0
2026-09-28T14:25:00+00:00,236.306,236.306,236.306,236.306,0.0,0.0,0
2026-09-28T14:30:00+00:00,235.175,235.621,235.175,235.621,272.95,64247.80097,2
2026-09-28T14:35:00+00:00,236.426,236.426,236.426,236.426,120.68,28531.88968,1
2026-09-28T14:40:00+00:00,235.402,235.402,234.272,234.272,85.16594816867233,20000.0,2
2026-09-28T14:45:00+00:00,234.772,234.772,234.0,234.201,620.7616206361918,145553.0416,5
2026-09-28T14:50:00+00:00,234.201,234.494,232.9,234.494,6099.499091490614,1423073.57757,18
2026-09-28T14:55:00+00:00,234.494,234.494,234.494,234.494,0.0,0.0,0
2026-09-28T15:00:00+00:00,234.602,234.604,234.366,234.366,346.93,81348.02092,4
2026-09-28T15:05:00+00:00,234.405,234.521,234.405,234.521,639.65,149999.25765,4
2026-09-28T15:10:00+00:00,234.521,234.521,234.521,234.521,0.0,0.0,0
2026-09-28T15:15:00+00:00,233.333,233.333,233.319,233.319,175.71,40997.14145,2
2026-09-28T15:20:00+00:00,234.2,234.64,234.2,234.64,405.94,95148.552,4
2026-09-28T15:25:00+00:00,234.64,234.64,234.64,234.64,0.0,0.0,0
2026-09-28T15:30:00+00:00,234.912,235.179,234.912,235.179,255.26,59997.69564,2
2026-09-28T15:35:00+00:00,235.029,235.809,235.029,235.809,266.21,62672.24909,3
2026-09-28T15:40:00+00:00,235.742,235.743,235.742,235.743,200.0,47148.5,2
2026-09-28T15:45:00+00:00,235.38,235.657,235.38,235.657,144.41,33995.92372,2
2026-09-28T15:50:00+00:00,235.608,235.608,235.608,235.608,87.12,20526.16896,1
2026-09-28T15:55:00+00:00,235.608,235.608,235.608,235.608,0.0,0.0,0
2026-09-28T16:00:00+00:00,235.261,235.388,235.261,235.387,248.39,58452.63933,3
2026-09-28T16:05:00+00:00,235.799,236.071,235.689,236.071,446.94247408618594,105407.2512,4
2026-09-28T16:10:00+00:00,236.071,236.071,236.071,236.071,0.0,0.0,0
2026-09-28T16:15:00+00:00,235.948,235.948,235.948,235.948,4.23,998.06004,1
2026-09-28T16:20:00+00:00,237.595,238.692,237.511,238.692,318.8,75871.06279,4
2026-09-28T16:25:00+00:00,238.692,238.692,238.692,238.692,0.0,0.0,0
2026-09-28T16:30:00+00:00,238.692,238.692,238.692,238.692,0.0,0.0,0
2026-09-28T16:35:00+00:00,237.906,237.906,236.508,236.508,1499.93,354904.70148,5
2026-09-28T16:40:00+00:00,236.508,236.508,236.508,236.508,0.0,0.0,0
2026-09-28T16:45:00+00:00,236.239,236.239,236.239,236.239,2.69,635.48291,1
2026-09-28T16:50:00+00:00,236.239,236.239,236.239,236.239,0.0,0.0,0
2026-09-28T16:55:00+00:00,236.239,236.239,236.239,236.239,0.0,0.0,0
2026-09-28T17:00:00+00:00,236.239,236.239,236.239,236.239,0.0,0.0,0
2026-09-28T17:05:00+00:00,235.422,235.422,235.422,235.422,1420.0,334299.24,3
2026-09-28T17:10:00+00:00,235.422,235.422,235.422,235.422,0.0,0.0,0
2026-09-28T17:15:00+00:00,238.883,238.883,237.696,237.696,364.00895799676897,86904.49539,3
2026-09-28T17:20:00+00:00,237.883,237.883,237.883,237.883,63.05620830408226,15000.0,1
2026-09-28T17:25:00+00:00,237.883,237.883,237.883,237.883,0.0,0.0,0
2026-09-28T17:30:00+00:00,237.883,237.883,237.883,237.883,0.0,0.0,0
2026-09-28T17:35:00+00:00,237.883,237.883,237.883,237.883,0.0,0.0,0
2026-09-28T17:40:00+00:00,237.548,237.548,237.548,237.548,168.39,40000.70772,1
2026-09-28T17:45:00+00:00,237.497,237.497,237.497,237.497,1.2631738506170604,300.0,1
2026-09-28T17:50:00+00:00,237.497,237.497,237.497,237.497,0.0,0.0,0
2026-09-28T17:55:00+00:00,237.497,237.497,237.497,237.497,0.0,0.0,0
2026-09-28T18:00:00+00:00,236.774,237.221,236.668,237.221,1327.9347839356549,314314.61404,4
2026-09-28T18:05:00+00:00,237.221,237.221,237.221,237.221,0.0,0.0,0
2026-09-28T18:10:00+00:00,237.221,237.221,237.221,237.221,0.0,0.0,0
2026-09-28T18:15:00+00:00,237.221,237.221,237.221,237.221,0.0,0.0,0
2026-09-28T18:20:00+00:00,237.221,237.221,237.221,237.221,0.0,0.0,0
2026-09-28T18:25:00+00:00,237.221,237.221,237.221,237.221,0.0,0.0,0
2026-09-28T18:30:00+00:00,237.221,237.221,237.221,237.221,0.0,0.0,0
2026-09-28T18:35:00+00:00,237.214,237.214,236.934,236.934,332.2,78763.2748,3
2026-09-28T18:40:00+00:00,237.63,237.738,237.63,237.738,701.6,166756.138,7
2026-09-28T18:45:00+00:00,237.738,237.738,237.738,237.738,0.0,0.0,0
2026-09-28T18:50:00+00:00,237.738,237.738,237.738,237.738,0.0,0.0,0
2026-09-28T18:55:00+00:00,237.738,237.738,237.738,237.738,0.0,0.0,0
2026-09-28T19:00:00+00:00,237.738,237.738,237.738,237.738,946.89,225111.73482,2
2026-09-28T19:05:00+00:00,237.738,237.738,237.738,237.738,0.0,0.0,0
2026-09-28T19:10:00+00:00,237.738,237.738,237.738,237.738,0.0,0.0,0
2026-09-28T19:15:00+00:00,237.738,237.738,237.738,237.738,0.0,0.0,0
2026-09-28T19:20:00+00:00,237.738,237.738,237.738,237.738,0.0,0.0,0
2026-09-28T19:25:00+00:00,237.738,237.738,237.738,237.738,0.0,0.0,0
2026-09-28T19:30:00+00:00,237.738,237.738,237.738,237.738,0.0,0.0,0
2026-09-28T19:35:00+00:00,237.738,237.738,237.738,237.738,0.0,0.0,0
2026-09-28T19:40:00+00:00,233.895,233.895,233.895,233.895,96.02,22458.5979,1
2026-09-28T19:45:00+00:00,234.461,234.466,234.461,234.466,85.45101658698034,20035.1448,2
2026-09-28T19:50:00+00:00,235.192,235.192,235.192,235.192,4.251845300860573,1000.0,1
2026-09-28T19:55:00+00:00,234.309,234.309,234.027,234.132,469.9109493789828,109984.0048,3
2026-09-28T20:00:00+00:00,234.132,234.132,234.132,234.132,0.0,0.0,0
2026-09-28T20:05:00+00:00,234.132,234.132,234.132,234.132,0.0,0.0,0
2026-09-28T20:10:00+00:00,235.482,235.482,235.482,235.482,42.46,9998.56572,1
2026-09-28T20:15:00+00:00,235.482,235.482,235.482,235.482,0.0,0.0,0
2026-09-28T20:20:00+00:00,235.122,235.253,235.122,235.253,340.14295248094606,80000.0,2
2026-09-28T20:25:00+00:00,235.253,235.253,235.253,235.253,0.0,0.0,0
2026-09-28T20:30:00+00:00,235.253,235.253,235.253,235.253,0.0,0.0,0
2026-09-28T20:35:00+00:00,235.253,235.253,235.253,235.253,0.0,0.0,0
2026-09-28T20:40:00+00:00,235.253,235.253,235.253,235.253,0.0,0.0,0
2026-09-28T20:45:00+00:00,235.363,235.422,235.363,235.422,337.19,79373.09418,2
2026-09-28T20:50:00+00:00,235.422,235.422,235.422,235.422,0.0,0.0,0
2026-09-28T20:55:00+00:00,235.422,235.422,235.422,235.422,0.0,0.0,0
2026-09-28T21:00:00+00:00,235.422,235.422,235.422,235.422,0.0,0.0,0
2026-09-28T21:05:00+00:00,235.422,235.422,235.422,235.422,0.0,0.0,0
2026-09-28T21:10:00+00:00,235.422,235.422,235.422,235.422,0.0,0.0,0
2026-09-28T21:15:00+00:00,235.108,235.108,235.108,235.108,71.03118566786328,16700.0,1
2026-09-28T21:20:00+00:00,235.108,235.108,235.108,235.108,0.0,0.0,0
2026-09-28T21:25:00+00:00,235.108,235.108,235.108,235.108,0.0,0.0,0
2026-09-28T21:30:00+00:00,235.108,235.108,235.108,235.108,0.0,0.0,0
2026-09-28T21:35:00+00:00,235.108,235.108,235.108,235.108,0.0,0.0,0
2026-09-28T21:40:00+00:00,235.108,235.108,235.108,235.108,0.0,0.0,0
2026-09-28T21:45:00+00:00,235.108,235.108,235.108,235.108,0.0,0.0,0
2026-09-28T21:50:00+00:00,235.108,235.108,235.108,235.108,0.0,0.0,0
2026-09-28T21:55:00+00:00,235.108,235.108,235.108,235.108,0.0,0.0,0
2026-09-28T22:00:00+00:00,234.138,234.138,234.138,234.138,42.709854871913144,10000.0,1
2026-09-28T22:05:00+00:00,234.138,234.138,234.138,234.138,0.0,0.0,0
2026-09-28T22:10:00+00:00,234.138,234.138,234.138,234.138,0.0,0.0,0
2026-09-28T22:15:00+00:00,234.138,234.138,234.138,234.138,0.0,0.0,0
2026-09-28T22:20:00+00:00,233.426,233.944,233.426,233.944,245.61,57375.17699,3
2026-09-28T22:25:00+00:00,233.631,233.631,233.631,233.631,100.0,23363.1,1
2026-09-28T22:30:00+00:00,234.109,234.109,234.109,234.109,59.72,13980.98948,1
2026-09-28T22:35:00+00:00,235.302,235.302,235.302,235.302,4.25,1000.0335,1
2026-09-28T22:40:00+00:00,235.302,235.302,235.302,235.302,0.0,0.0,0
2026-09-28T22:45:00+00:00,235.302,235.302,235.302,235.302,0.0,0.0,0
2026-09-28T22:50:00+00:00,235.387,235.387,235.387,235.387,3.62,852.10094,1
2026-09-28T22:55:00+00:00,235.387,235.387,235.387,235.387,0.0,0.0,0
2026-09-28T23:00:00+00:00,236.234,236.234,236.234,236.234,4.24,1001.63216,1
2026-09-28T23:05:00+00:00,236.202,236.202,235.326,235.326,436.74555151946214,102856.3074,6
2026-09-28T23:10:00+00:00,235.536,235.536,234.844,234.844,100.42,23583.36276,3
2026-09-28T23:15:00+00:00,235.698,235.698,235.698,235.698,42.42,9998.30916,1
2026-09-28T23:20:00+00:00,235.698,235.698,235.698,235.698,0.0,0.0,0
2026-09-28T23:25:00+00:00,235.698,235.698,235.698,235.698,0.0,0.0,0
2026-09-28T23:30:00+00:00,235.502,235.502,235.502,235.502,27.93,6577.57086,1
2026-09-28T23:35:00+00:00,235.692,235.692,235.692,235.692,11.455628532152131,2700.0,1
2026-09-28T23:40:00+00:00,235.689,235.689,235.689,235.689,106.07198469169117,25000.0,1
2026-09-28T23:45:00+00:00,235.689,235.689,235.689,235.689,0.0,0.0,0
2026-09-28T23:50:00+00:00,235.689,235.689,235.689,235.689,0.0,0.0,0
2026-09-28T23:55:00+00:00,235.965,235.965,235.965,235.965,42.37916640179688,10000.0,1
2026-09-29T00:00:00+00:00,235.965,235.965,235.965,235.965,0.0,0.0,0
2026-09-29T00:05:00+00:00,235.965,235.965,235.965,235.965,0.0,0.0,0
2026-09-29T00:10:00+00:00,236.211,236.211,236.167,236.167,465.6,109965.1552,3
2026-09-29T00:15:00+00:00,235.846,235.846,235.846,235.846,37.44,8830.07424,1
2026-09-29T00:20:00+00:00,236.015,236.015,236.015,236.015,30.0,7080.45,1
2026-09-29T00:25:00+00:00,236.015,236.015,236.015,236.015,0.0,0.0,0
2026-09-29T00:30:00+00:00,236.015,236.015,236.015,236.015,0.0,0.0,0
2026-09-29T00:35:00+00:00,236.231,236.231,236.231,236.231,156.65,37005.58615,2
2026-09-29T00:40:00+00:00,236.234,236.234,236.234,236.234,63.496363774901155,15000.0,1
2026-09-29T00:45:00+00:00,236.234,236.36,236.234,236.36,211.57363622509885,49997.83092,3
2026-09-29T00:50:00+00:00,236.36,236.36,236.36,236.36,0.0,0.0,0
2026-09-29T00:55:00+00:00,234.956,234.967,234.956,234.967,85.4,20066.0608,2
2026-09-29T01:00:00+00:00,234.967,234.967,234.967,234.967,0.0,0.0,0
2026-09-29T01:05:00+00:00,234.967,234.967,234.967,234.967,0.0,0.0,0
2026-09-29T01:10:00+00:00,233.533,233.533,233.533,233.533,2.055384035660913,480.0,1
2026-09-29T01:15:00+00:00,232.04,232.04,231.929,231.929,169.5,39323.1365,3
2026-09-29T01:20:00+00:00,232.492,232.492,232.492,232.492,96.28,22384.32976,1
2026-09-29T01:25:00+00:00,232.472,232.667,232.472,232.667,2364.494513102417,550000.0,7
2026-09-29T01:30:00+00:00,232.667,232.667,232.667,232.667,0.0,0.0,0
2026-09-29T01:35:00+00:00,231.065,231.377,231.022,231.194,1700.0,392989.6313,15
2026-09-29T01:40:00+00:00,231.194,231.194,231.194,231.194,0.0,0.0,0
2026-09-29T01:45:00+00:00,232.349,232.349,232.175,232.175,285.72,66370.541,3
2026-09-29T01:50:00+00:00,233.018,233.018,233.018,233.018,5.77,1344.51386,1
2026-09-29T01:55:00+00:00,232.402,232.964,232.084,232.964,1207.3,280453.474,14
2026-09-29T02:00:00+00:00,233.148,233.212,232.9,232.973,9488.82,2210809.60365,48
2026-09-29T02:05:00+00:00,233.062,233.096,232.75,232.75,11344.31,2642308.32392,32
2026-09-29T02:10:00+00:00,232.24,233.142,231.93,233.142,2678.8,622691.99711,11
2026-09-29T02:15:00+00:00,232.936,233.37,232.936,233.226,19728.85,4598453.90187,34
2026-09-29T02:20:00+00:00,233.665,233.828,231.93,232.5,22015.819169620798,5128468.86039,55
2026-09-29T02:25:00+00:00,232.504,232.505,232.047,232.057,30394.66,7060804.051,42
2026-09-29T02:30:00+00:00,232.056,232.23,231.56,231.56,25660.0,5951974.083,37
2026-09-29T02:35:00+00:00,231.831,232.684,231.831,232.677,12867.85,2986886.225,9
2026-09-29T02:40:00+00:00,232.652,233.113,232.6,233.077,17573.91,4091437.16848,39
2026-09-29T02:45:00+00:00,233.158,233.497,232.906,233.097,32020.0,7469380.13326,52
2026-09-29T02:50:00+00:00,233.116,233.213,232.59,233.05,65672.41,15285839.9618,47
2026-09-29T02:55:00+00:00,233.068,233.226,232.996,233.226,85556.42,19939328.85836,57
2026-09-29T03:00:00+00:00,233.226,233.799,233.0,233.194,43569.0,10168963.604,62
2026-09-29T03:05:00+00:00,233.221,233.471,233.216,233.357,29960.179138615942,6990568.01376,39
2026-09-29T03:10:00+00:00,233.357,233.357,233.357,233.357,0.0,0.0,0
2026-09-29T03:15:00+00:00,233.222,233.498,233.222,233.498,118.28,27615.94924,3
2026-09-29T03:20:00+00:00,234.523,234.817,234.523,234.817,142.5864311357355,33452.3,3
2026-09-29T03:25:00+00:00,234.796,234.796,234.434,234.434,134.38,31527.5637,2
2026-09-29T03:30:00+00:00,234.434,234.434,234.434,234.434,0.0,0.0,0
2026-09-29T03:35:00+00:00,234.817,235.252,234.817,235.252,425.20865583483226,100000.0,2
2026-09-29T03:40:00+00:00,235.252,235.252,235.252,235.252,0.0,0.0,0
2026-09-29T03:45:00+00:00,235.018,235.018,235.018,235.018,319.07,74987.19326,1
2026-09-29T03:50:00+00:00,235.026,235.026,235.026,235.026,200.0,47005.2,2
2026-09-29T03:55:00+00:00,234.665,234.665,234.56,234.56,666.46,156350.6576,7
2026-09-29T04:00:00+00:00,235.1,235.1,234.298,235.001,380.8888910087464,89295.8,6
2026-09-29T04:05:00+00:00,234.567,234.567,234.567,234.567,41.13,9647.74071,1
2026-09-29T04:10:00+00:00,234.567,234.567,234.567,234.567,0.0,0.0,0
2026-09-29T04:15:00+00:00,234.721,234.721,234.721,234.721,29.822640496589568,7000.0,1
2026-09-29T04:20:00+00:00,234.721,234.721,234.721,234.721,0.0,0.0,0
2026-09-29T04:25:00+00:00,235.012,235.012,235.012,235.012,127.65305601416098,30000.0,1
2026-09-29T04:30:00+00:00,234.811,234.811,234.811,234.811,84.4721925293108,19835.0,1
2026-09-29T04:35:00+00:00,234.811,234.811,234.811,234.811,0.0,0.0,0
2026-09-29T04:40:00+00:00,234.811,234.811,234.811,234.811,0.0,0.0,0
2026-09-29T04:45:00+00:00,234.811,234.811,234.811,234.811,0.0,0.0,0
2026-09-29T04:50:00+00:00,234.796,234.91,234.796,234.904,2724.755525002657,640000.0,11
2026-09-29T04:55:00+00:00,234.904,234.904,234.904,234.904,0.0,0.0,0
2026-09-29T05:00:00+00:00,234.904,234.904,234.904,234.904,0.0,0.0,0
2026-09-29T05:05:00+00:00,234.42,234.42,234.42,234.42,72.51,16997.7942,1
2026-09-29T05:10:00+00:00,234.42,234.42,234.42,234.42,0.0,0.0,0
2026-09-29T05:15:00+00:00,235.1,235.1,235.1,235.1,19.3,4537.43,1
2026-09-29T05:20:00+00:00,235.1,235.1,235.1,235.1,0.0,0.0,0
2026-09-29T05:25:00+00:00,235.1,235.54,235.1,235.54,42.4556430320192,10000.0,2
2026-09-29T05:30:00+00:00,234.2,234.2,234.2,234.2,204.98,48006.316,1
2026-09-29T05:35:00+00:00,232.512,233.666,232.487,233.666,1701.0024375818475,395513.34231,8
2026-09-29T05:40:00+00:00,235.08,235.08,234.944,234.944,56.372075582446605,13247.0,2
2026-09-29T05:45:00+00:00,234.944,234.944,234.944,234.944,0.0,0.0,0
2026-09-29T05:50:00+00:00,234.944,234.944,234.944,234.944,0.0,0.0,0
2026-09-29T05:55:00+00:00,235.04,235.533,234.909,235.533,4498.24,1057046.9214,8
2026-09-29T06:00:00+00:00,235.685,235.685,235.685,235.685,21.63,5097.86655,1
2026-09-29T06:05:00+00:00,235.685,235.685,235.685,235.685,300.0,70705.5,2
2026-09-29T06:10:00+00:00,236.0,236.38,236.0,236.38,42.24,9983.9312,2
2026-09-29T06:15:00+00:00,236.5,236.675,236.457,236.675,477.67,113045.49249,4
2026-09-29T06:20:00+00:00,236.227,236.812,236.227,236.812,358.92,84984.22539,2
2026-09-29T06:25:00+00:00,236.812,236.812,236.812,236.812,0.0,0.0,0
2026-09-29T06:30:00+00:00,237.055,237.185,237.055,237.184,85.09527539870183,20174.0,3
2026-09-29T06:35:00+00:00,237.29,237.29,236.923,236.924,284.3579952800371,67397.92172,3
2026-09-29T06:40:00+00:00,237.106,237.131,237.106,237.131,92.78016952967391,22000.0,2
2026-09-29T06:45:00+00:00,237.131,237.131,237.131,237.131,0.0,0.0,0
2026-09-29T06:50:00+00:00,237.455,237.455,237.455,237.455,588.7,139789.7585,6
2026-09-29T06:55:00+00:00,237.455,237.455,237.455,237.455,700.0,166218.5,5
2026-09-29T07:00:00+00:00,237.212,237.242,237.212,237.242,189.56,44968.59352,2
2026-09-29T07:05:00+00:00,237.455,237.455,237.455,237.455,12.638184076983007,3001.0,1
2026-09-29T07:10:00+00:00,237.455,237.455,237.455,237.455,0.0,0.0,0
2026-09-29T07:15:00+00:00,237.455,237.637,237.455,237.475,475.83433202951556,113037.75425,4
2026-09-29T07:20:00+00:00,237.475,237.475,237.475,237.475,0.0,0.0,0
2026-09-29T07:25:00+00:00,237.475,237.475,237.475,237.475,0.0,0.0,0
2026-09-29T07:30:00+00:00,237.295,237.295,237.295,237.295,85.78,20355.1651,1
2026-09-29T07:35:00+00:00,237.841,237.841,237.841,237.841,126.13,29998.88533,1
2026-09-29T07:40:00+00:00,237.841,237.841,237.841,237.841,0.0,0.0,0
2026-09-29T07:45:00+00:00,237.841,237.841,237.841,237.841,0.0,0.0,0
2026-09-29T07:50:00+00:00,237.841,237.841,237.841,237.841,0.0,0.0,0
2026-09-29T07:55:00+00:00,237.841,237.841,237.841,237.841,0.0,0.0,0
2026-09-29T08:00:00+00:00,237.92,238.04,237.92,238.04,171.45165565523507,40802.14938,3
2026-09-29T08:05:00+00:00,238.04,238.04,238.04,238.04,0.0,0.0,0
2026-09-29T08:10:00+00:00,237.153,237.153,236.509,236.509,2063.11,488528.37127,8
2026-09-29T08:15:00+00:00,237.77,237.77,237.361,237.361,13.453030441771466,3198.38324,3
2026-09-29T08:20:00+00:00,237.361,237.361,237.361,237.361,0.0,0.0,0
2026-09-29T08:25:00+00:00,238.28,238.28,238.28,238.28,45.32,10798.8496,1
2026-09-29T08:30:00+00:00,238.145,238.145,237.365,237.394,1024.5806757001435,243299.36124,6
2026-09-29T08:35:00+00:00,237.394,237.394,237.394,237.394,0.0,0.0,0
2026-09-29T08:40:00+00:00,237.394,237.394,237.394,237.394,0.0,0.0,0
2026-09-29T08:45:00+00:00,237.394,237.394,237.394,237.394,0.0,0.0,0
2026-09-29T08:50:00+00:00,236.537,236.61,236.537,236.61,44.813598370430434,10601.0,2
2026-09-29T08:55:00+00:00,236.78,236.78,236.78,236.78,41.388630796519976,9800.0,1
2026-09-29T09:00:00+00:00,236.633,237.005,236.627,237.004,1743.912568697836,412998.25069,9
2026-09-29T09:05:00+00:00,237.0,237.0,236.997,236.997,843.1909862876543,199835.0,2
2026-09-29T09:10:00+00:00,236.492,236.787,236.492,236.787,1710.9287807607682,405001.8058,7
2026-09-29T09:15:00+00:00,236.787,236.787,236.787,236.787,0.0,0.0,0
2026-09-29T09:20:00+00:00,236.989,236.989,236.989,236.989,46.41565642287195,11000.0,1
2026-09-29T09:25:00+00:00,236.989,236.989,236.989,236.989,0.0,0.0,0
2026-09-29T09:30:00+00:00,237.175,237.636,237.175,237.636,192.05007797874734,45564.54,3
2026-09-29T09:35:00+00:00,237.636,237.636,237.636,237.636,0.0,0.0,0
2026-09-29T09:40:00+00:00,237.636,237.636,237.636,237.636,0.0,0.0,0
2026-09-29T09:45:00+00:00,237.98,238.178,237.98,238.178,54.61421300686195,13000.0,2
2026-09-29T09:50:00+00:00,238.5,238.5,238.5,238.5,10.48,2499.48,1
2026-09-29T09:55:00+00:00,238.5,238.5,238.5,238.5,10.49,2501.865,1
2026-09-29T10:00:00+00:00,238.617,238.78,238.617,238.641,1266.0509540162493,302276.44618,5
2026-09-29T10:05:00+00:00,238.641,238.641,238.641,238.641,0.0,0.0,0
2026-09-29T10:10:00+00:00,238.641,238.641,238.641,238.641,0.0,0.0,0
2026-09-29T10:15:00+00:00,238.641,238.641,238.641,238.641,0.0,0.0,0
2026-09-29T10:20:00+00:00,238.23,238.23,238.23,238.23,10.0,2382.3,1
2026-09-29T10:25:00+00:00,238.041,238.041,238.015,238.034,214.2441119295337,50996.98815,3
2026-09-29T10:30:00+00:00,237.498,237.498,237.159,237.159,135.33,32128.62747,2
2026-09-29T10:35:00+00:00,237.497,237.663,236.875,236.875,327.4220812663309,77790.4723,10
2026-09-29T10:40:00+00:00,236.875,236.875,236.875,236.875,0.0,0.0,0
2026-09-29T10:45:00+00:00,236.731,236.731,236.731,236.731,0.1,23.6731,1
2026-09-29T10:50:00+00:00,236.924,237.761,236.924,237.703,1361.38,323356.19176,8
2026-09-29T10:55:00+00:00,237.703,237.703,237.703,237.703,0.0,0.0,0
2026-09-29T11:00:00+00:00,237.756,237.756,237.756,237.756,252.36,60000.10416,1
2026-09-29T11:05:00+00:00,237.818,237.91,237.818,237.91,657.66,156454.6906,2
2026-09-29T11:10:00+00:00,237.751,237.771,237.751,237.771,1682.333001080872,400000.0,2
2026-09-29T11:15:00+00:00,237.469,237.469,236.988,236.988,608.83,144428.69397,5
2026-09-29T11:20:00+00:00,237.851,237.852,237.287,237.287,1260.3997104963232,299737.287,7
2026-09-29T11:25:00+00:00,237.296,237.296,237.296,237.296,151.68,35993.05728,1
2026-09-29T11:30:00+00:00,237.512,238.177,237.062,238.177,2594.55,615834.3135,9
2026-09-29T11:35:00+00:00,238.563,238.563,238.563,238.563,39.89,9516.27807,1
2026-09-29T11:40:00+00:00,238.43,238.43,238.43,238.43,209.7051545526989,50000.0,1
2026-09-29T11:45:00+00:00,238.43,238.434,238.171,238.42,3486.31,831017.07912,25
2026-09-29T11:50:00+00:00,238.42,239.309,238.381,238.381,7761.074514882297,1850505.614,30
2026-09-29T11:55:00+00:00,238.381,238.381,238.381,238.381,0.0,0.0,0
2026-09-29T12:00:00+00:00,238.362,238.362,238.362,238.362,635.01,151362.25362,1
2026-09-29T12:05:00+00:00,238.133,238.133,238.133,238.133,87.41,20815.20553,1
2026-09-29T12:10:00+00:00,238.133,238.133,238.133,238.133,0.0,0.0,0
2026-09-29T12:15:00+00:00,238.133,238.133,238.133,238.133,0.0,0.0,0
2026-09-29T12:20:00+00:00,238.133,238.133,238.133,238.133,0.0,0.0,0
2026-09-29T12:25:00+00:00,238.133,238.133,238.133,238.133,0.0,0.0,0
2026-09-29T12:30:00+00:00,240.0,241.1,240.0,241.1,4579.48,1099120.828,9
2026-09-29T12:35:00+00:00,241.248,244.159,241.248,243.728,15423.659342217554,3735560.06384,55
2026-09-29T12:40:00+00:00,242.967,244.673,242.967,243.94,20217.49,4929374.90021,40
2026-09-29T12:45:00+00:00,243.895,243.99,243.895,243.99,655.93,159997.41363,4
2026-09-29T12:50:00+00:00,244.406,244.758,244.214,244.758,7462.088134546065,1825764.8852,39
2026-09-29T12:55:00+00:00,244.758,244.758,243.456,243.916,14201.976352842781,3475681.66438,55
2026-09-29T13:00:00+00:00,243.425,243.587,243.081,243.081,355.7,86545.0279,4
2026-09-29T13:05:00+00:00,243.08,243.08,243.08,243.08,82.0,19932.56,1
2026-09-29T13:10:00+00:00,243.08,243.08,243.08,243.08,0.0,0.0,0
2026-09-29T13:15:00+00:00,243.408,243.41,243.408,243.41,410.83,99999.7823,3
2026-09-29T13:20:00+00:00,243.617,243.617,243.617,243.617,141.04803851947935,34361.7,2
2026-09-29T13:25:00+00:00,243.617,243.617,243.617,243.617,83.74,20400.48758,1
2026-09-29T13:30:00+00:00,243.617,243.617,243.617,243.617,0.0,0.0,0
2026-09-29T13:35:00+00:00,243.617,244.136,243.617,244.136,36.86470253468718,9000.0,2
2026-09-29T13:40:00+00:00,244.513,244.513,244.513,244.513,163.59,39999.88167,2
2026-09-29T13:45:00+00:00,244.492,244.492,244.492,244.492,122.7,29999.1684,2
2026-09-29T13:50:00+00:00,244.476,245.5,244.476,245.5,2044.493295944546,501880.0,9
2026-09-29T13:55:00+00:00,244.376,244.615,244.376,244.615,410.6,100438.4888,2
2026-09-29T14:00:00+00:00,244.331,244.331,244.331,244.331,135.06268136257782,33000.0,1
2026-09-29T14:05:00+00:00,244.331,244.331,244.331,244.331,0.0,0.0,0
2026-09-29T14:10:00+00:00,244.147,244.186,244.147,244.186,220.74,53896.8261,2
2026-09-29T14:15:00+00:00,244.107,244.107,244.107,244.107,49.15877053914882,12000.0,1
2026-09-29T14:20:00+00:00,244.107,244.107,244.107,244.107,0.0,0.0,0
2026-09-29T14:25:00+00:00,244.107,244.107,244.107,244.107,0.0,0.0,0
2026-09-29T14:30:00+00:00,244.107,244.107,244.107,244.107,61.45,15000.37515,1
2026-09-29T14:35:00+00:00,244.662,244.662,244.662,244.662,32.10551699896183,7855.0,1
2026-09-29T14:40:00+00:00,245.021,245.021,244.362,244.362,664.19,162631.99678,6
2026-09-29T14:45:00+00:00,245.324,245.324,244.741,244.741,40.8624203094683,10024.4741,2
2026-09-29T14:50:00+00:00,244.645,244.645,244.645,244.645,1.2,293.574,1
2026-09-29T14:55:00+00:00,244.643,244.643,244.643,244.643,16.15,3950.98445,1
2026-09-29T15:00:00+00:00,243.123,243.123,241.653,241.653,1493.9948892281034,361706.79916,7
2026-09-29T15:05:00+00:00,242.0,242.0,242.0,242.0,86.78,21000.76,1
2026-09-29T15:10:00+00:00,241.383,241.383,241.383,241.383,15.970470165670324,3855.0,1
2026-09-29T15:15:00+00:00,241.383,241.383,241.383,241.383,0.0,0.0,0
2026-09-29T15:20:00+00:00,240.31,240.31,240.234,240.234,230.53,55393.94402,3
2026-09-29T15:25:00+00:00,239.0,239.0,238.5,238.5,18046.348316500007,4309023.97,12
2026-09-29T15:30:00+00:00,239.892,239.892,239.892,239.892,25.01,5999.69892,2
2026-09-29T15:35:00+00:00,239.892,239.892,239.892,239.892,0.0,0.0,0
2026-09-29T15:40:00+00:00,239.892,239.892,239.892,239.892,0.0,0.0,0
2026-09-29T15:45:00+00:00,240.196,240.196,240.196,240.196,124.89799996669386,30000.0,2
2026-09-29T15:50:00+00:00,240.196,240.196,240.196,240.196,0.0,0.0,0
2026-09-29T15:55:00+00:00,239.379,239.379,239.379,239.379,62.65,14997.09435,1
2026-09-29T16:00:00+00:00,239.379,239.379,239.379,239.379,0.0,0.0,0
2026-09-29T16:05:00+00:00,239.261,239.793,239.261,239.793,312.66491649047305,74882.13864,4
2026-09-29T16:10:00+00:00,240.179,240.179,240.179,240.179,416.36,100000.92844,2
2026-09-29T16:15:00+00:00,239.638,239.66,239.638,239.66,347.52232329132937,83285.0,2
2026-09-29T16:20:00+00:00,239.66,239.66,239.66,239.66,0.0,0.0,0
2026-09-29T16:25:00+00:00,239.66,239.66,239.66,239.66,0.0,0.0,0
2026-09-29T16:30:00+00:00,238.0,238.0,238.0,238.0,1.0,238.0,1
2026-09-29T16:35:00+00:00,238.0,238.0,238.0,238.0,0.0,0.0,0
2026-09-29T16:40:00+00:00,236.117,236.117,235.0,235.27,3872.5617903404054,912928.5753,11
2026-09-29T16:45:00+00:00,234.732,234.732,234.632,234.632,156.1688919981392,36655.0,2
2026-09-29T16:50:00+00:00,234.066,234.066,234.0,234.0,96.95,22692.6327,2
2026-09-29T16:55:00+00:00,234.0,234.0,234.0,234.0,0.0,0.0,0
2026-09-29T17:00:00+00:00,234.0,234.0,234.0,234.0,0.0,0.0,0
2026-09-29T17:05:00+00:00,234.0,234.0,234.0,234.0,0.0,0.0,0
2026-09-29T17:10:00+00:00,234.535,234.535,234.535,234.535,54.57607606540601,12800.0,1
2026-09-29T17:15:00+00:00,233.755,233.755,233.755,233.755,1420.0,331932.1,3
2026-09-29T17:20:00+00:00,233.687,233.687,233.687,233.687,128.38,30000.73706,1
2026-09-29T17:25:00+00:00,234.332,234.332,234.332,234.332,68.27919362272331,16000.0,1
2026-09-29T17:30:00+00:00,234.332,234.332,234.332,234.332,0.0,0.0,0
2026-09-29T17:35:00+00:00,234.215,234.215,234.215,234.215,121.68,28499.2812,1
2026-09-29T17:40:00+00:00,234.215,234.215,234.215,234.215,0.0,0.0,0
2026-09-29T17:45:00+00:00,234.215,234.215,234.215,234.215,0.0,0.0,0
2026-09-29T17:50:00+00:00,234.215,234.215,234.215,234.215,0.0,0.0,0
2026-09-29T17:55:00+00:00,234.215,234.215,234.215,234.215,0.0,0.0,0
2026-09-29T18:00:00+00:00,234.321,234.321,234.321,234.321,29.89,7003.85469,1
2026-09-29T18:05:00+00:00,234.43,234.43,234.43,234.43,25.593993942754768,6000.0,1
2026-09-29T18:10:00+00:00,234.661,234.661,234.661,234.661,426.14665410954524,100000.0,1
2026-09-29T18:15:00+00:00,234.661,234.661,234.661,234.661,0.0,0.0,0
2026-09-29T18:20:00+00:00,234.661,234.661,234.661,234.661,0.0,0.0,0
2026-09-29T18:25:00+00:00,234.661,234.661,234.661,234.661,0.0,0.0,0
2026-09-29T18:30:00+00:00,235.601,235.601,235.601,235.601,35.46249803693533,8355.0,1
2026-09-29T18:35:00+00:00,235.933,235.933,235.933,235.933,127.1547430838416,30000.0,1
2026-09-29T18:40:00+00:00,235.933,235.933,235.933,235.933,0.0,0.0,0
2026-09-29T18:45:00+00:00,236.407,236.429,236.407,236.429,211.49,50000.25831,2
2026-09-29T18:50:00+00:00,236.429,236.429,236.429,236.429,0.0,0.0,0
2026-09-29T18:55:00+00:00,236.429,236.429,236.429,236.429,0.0,0.0,0
2026-09-29T19:00:00+00:00,236.311,236.311,236.311,236.311,8.463423200782021,2000.0,2
2026-09-29T19:05:00+00:00,236.311,236.311,236.311,236.311,0.0,0.0,0
2026-09-29T19:10:00+00:00,236.311,236.311,236.311,236.311,0.0,0.0,0
2026-09-29T19:15:00+00:00,236.311,236.311,236.311,236.311,0.0,0.0,0
2026-09-29T19:20:00+00:00,236.311,236.311,236.311,236.311,0.0,0.0,0
2026-09-29T19:25:00+00:00,236.311,236.311,236.311,236.311,0.0,0.0,0
2026-09-29T19:30:00+00:00,236.239,236.239,236.239,236.239,12.699003974788244,3000.0,1
2026-09-29T19:35:00+00:00,236.239,236.239,236.239,236.239,0.0,0.0,0
2026-09-29T19:40:00+00:00,235.188,235.188,235.174,235.174,139.85,32889.6653,3
2026-09-29T19:45:00+00:00,235.768,235.768,235.768,235.768,16.64,3923.17952,1
2026-09-29T19:50:00+00:00,235.485,235.485,235.485,235.485,127.4,30000.789,2
2026-09-29T19:55:00+00:00,235.485,235.485,235.485,235.485,0.0,0.0,0
2026-09-29T20:00:00+00:00,235.485,235.485,235.485,235.485,0.0,0.0,0
2026-09-29T20:05:00+00:00,235.485,235.485,235.485,235.485,0.0,0.0,0
2026-09-29T20:10:00+00:00,235.01,235.01,235.01,235.01,60.61,14243.9561,1
2026-09-29T20:15:00+00:00,235.01,235.01,235.01,235.01,0.0,0.0,0
2026-09-29T20:20:00+00:00,235.01,235.01,235.01,235.01,0.0,0.0,0
2026-09-29T20:25:00+00:00,235.01,235.01,235.01,235.01,0.0,0.0,0
2026-09-29T20:30:00+00:00,235.01,235.01,235.01,235.01,0.0,0.0,0
2026-09-29T20:35:00+00:00,235.01,235.01,235.01,235.01,0.0,0.0,0
2026-09-29T20:40:00+00:00,235.01,235.01,235.01,235.01,0.0,0.0,0
2026-09-29T20:45:00+00:00,235.01,235.01,235.01,235.01,0.0,0.0,0
2026-09-29T20:50:00+00:00,235.01,235.01,235.01,235.01,0.0,0.0,0
2026-09-29T20:55:00+00:00,235.01,235.01,235.01,235.01,0.0,0.0,0
2026-09-29T21:00:00+00:00,235.988,235.988,235.853,235.853,521.91,123121.50228,4
2026-09-29T21:05:00+00:00,235.939,235.939,235.939,235.939,80.19445704186252,18921.0,1
2026-09-29T21:10:00+00:00,235.939,235.939,235.939,235.939,0.0,0.0,0
2026-09-29T21:15:00+00:00,235.939,235.939,235.939,235.939,0.0,0.0,0
2026-09-29T21:20:00+00:00,235.939,235.939,235.939,235.939,0.0,0.0,0
2026-09-29T21:25:00+00:00,235.939,235.939,235.939,235.939,0.0,0.0,0
2026-09-29T21:30:00+00:00,235.249,235.249,235.249,235.249,297.55,69998.33995,1
2026-09-29T21:35:00+00:00,235.249,235.249,235.249,235.249,0.0,0.0,0
2026-09-29T21:40:00+00:00,235.318,235.318,235.318,235.318,80.74180470682225,19000.0,1
2026-09-29T21:45:00+00:00,235.318,235.318,235.318,235.318,0.0,0.0,0
2026-09-29T21:50:00+00:00,235.318,235.318,235.318,235.318,0.0,0.0,0
2026-09-29T21:55:00+00:00,235.318,235.318,235.318,235.318,0.0,0.0,0
2026-09-29T22:00:00+00:00,236.0,236.0,236.0,236.0,1.271186440677966,300.0,1
2026-09-29T22:05:00+00:00,236.0,236.0,236.0,236.0,0.0,0.0,0
2026-09-29T22:10:00+00:00,236.0,236.0,236.0,236.0,0.0,0.0,0
2026-09-29T22:15:00+00:00,235.656,235.656,235.637,235.637,89.11631399143597,20999.18144,2
2026-09-29T22:20:00+00:00,235.802,235.858,235.802,235.858,848.0,200001.74656,5
2026-09-29T22:25:00+00:00,235.858,235.858,235.858,235.858,0.0,0.0,0
2026-09-29T22:30:00+00:00,235.423,235.423,235.423,235.423,15.079240346100423,3550.0,1
2026-09-29T22:35:00+00:00,235.423,235.423,235.423,235.423,0.0,0.0,0
2026-09-29T22:40:00+00:00,235.646,235.646,235.646,235.646,4.243653616017246,1000.0,1
2026-09-29T22:45:00+00:00,235.646,235.646,235.646,235.646,0.0,0.0,0
2026-09-29T22:50:00+00:00,235.372,235.372,235.372,235.372,42.48593715480176,10000.0,1
2026-09-29T22:55:00+00:00,235.372,235.372,235.372,235.372,0.0,0.0,0
2026-09-29T23:00:00+00:00,235.732,235.732,235.732,235.732,84.84210883545721,20000.0,1
2026-09-29T23:05:00+00:00,236.064,236.431,236.064,236.431,1491.3188903997593,352434.62252,6
2026-09-29T23:10:00+00:00,236.431,236.431,236.431,236.431,0.0,0.0,0
2026-09-29T23:15:00+00:00,235.709,235.709,235.678,235.678,143.73,33877.09894,2
2026-09-29T23:20:00+00:00,235.678,235.678,235.678,235.678,0.0,0.0,0
2026-09-29T23:25:00+00:00,235.678,235.678,235.678,235.678,0.0,0.0,0
2026-09-29T23:30:00+00:00,235.678,235.678,235.678,235.678,0.0,0.0,0
2026-09-29T23:35:00+00:00,235.678,235.678,235.678,235.678,0.0,0.0,0
2026-09-29T23:40:00+00:00,235.348,235.348,234.55,234.55,515.93,121231.75324,9
2026-09-29T23:45:00+00:00,235.236,235.236,235.236,235.236,85.02,19999.76472,1
2026-09-29T23:50:00+00:00,235.236,235.236,235.236,235.236,0.0,0.0,0
2026-09-29T23:55:00+00:00,235.142,235.142,235.142,235.142,2.0413197131945804,480.0,1
2026-09-30T00:00:00+00:00,235.26,235.26,235.26,235.26,31.879622545269065,7500.0,1
2026-09-30T00:05:00+00:00,235.26,235.26,235.26,235.26,0.0,0.0,0
2026-09-30T00:10:00+00:00,235.26,235.26,235.26,235.26,0.0,0.0,0
2026-09-30T00:15:00+00:00,235.26,235.26,235.26,235.26,0.0,0.0,0
2026-09-30T00:20:00+00:00,234.509,234.509,234.509,234.509,95.99,22510.51891,1
2026-09-30T00:25:00+00:00,234.576,235.121,234.576,235.121,509.2139131027897,119670.64998,3
2026-09-30T00:30:00+00:00,235.121,235.121,235.121,235.121,0.0,0.0,0
2026-09-30T00:35:00+00:00,235.121,235.121,235.121,235.121,0.0,0.0,0
2026-09-30T00:40:00+00:00,234.628,234.628,234.627,234.627,211.17,49546.34655,3
2026-09-30T00:45:00+00:00,234.627,234.627,234.627,234.627,0.0,0.0,0
2026-09-30T00:50:00+00:00,234.968,234.968,234.968,234.968,136.19,32000.29192,1
2026-09-30T00:55:00+00:00,234.483,235.012,234.406,235.012,1008.496985713556,236512.66456,8
2026-09-30T01:00:00+00:00,235.022,235.022,235.022,235.022,275.5,64748.561,1
2026-09-30T01:05:00+00:00,235.022,235.022,235.022,235.022,0.0,0.0,0
2026-09-30T01:10:00+00:00,235.022,235.022,235.022,235.022,0.0,0.0,0
2026-09-30T01:15:00+00:00,235.461,235.49,235.418,235.49,585.91,137958.74641,4
2026-09-30T01:20:00+00:00,235.387,235.387,235.387,235.387,195.75,46077.00525,1
2026-09-30T01:25:00+00:00,235.894,235.894,235.784,235.784,156.89,37001.33896,2
2026-09-30T01:30:00+00:00,234.747,234.747,234.677,234.677,1443.86,338854.23452,4
2026-09-30T01:35:00+00:00,234.964,234.964,234.964,234.964,8.511942254983742,2000.0,1
2026-09-30T01:40:00+00:00,234.964,234.964,234.964,234.964,0.0,0.0,0
2026-09-30T01:45:00+00:00,235.367,235.367,234.929,234.929,2324.04,546914.86426,3
2026-09-30T01:50:00+00:00,235.585,235.585,235.585,235.585,79.79710083409385,18799.0,1
2026-09-30T01:55:00+00:00,235.361,235.362,235.361,235.362,671.31,158000.71422,4
2026-09-30T02:00:00+00:00,235.383,235.704,235.383,235.704,2121.8264643790517,500000.02392,6
2026-09-30T02:05:00+00:00,235.704,235.704,235.704,235.704,0.0,0.0,0
2026-09-30T02:10:00+00:00,235.704,235.704,235.704,235.704,0.0,0.0,0
2026-09-30T02:15:00+00:00,235.451,235.655,235.451,235.655,36.50505725292809,8600.0,2
2026-09-30T02:20:00+00:00,235.655,235.655,235.655,235.655,0.0,0.0,0
2026-09-30T02:25:00+00:00,235.029,235.029,235.029,235.029,76.58,17998.52082,1
2026-09-30T02:30:00+00:00,234.492,234.496,234.484,234.492,288.17,67573.15964,4
2026-09-30T02:35:00+00:00,234.492,234.492,234.492,234.492,0.0,0.0,0
2026-09-30T02:40:00+00:00,234.492,234.492,234.492,234.492,0.0,0.0,0
2026-09-30T02:45:00+00:00,235.375,235.375,235.274,235.274,579.2756133828997,136293.15844,2
2026-09-30T02:50:00+00:00,235.274,235.274,235.274,235.274,0.0,0.0,0
2026-09-30T02:55:00+00:00,235.232,235.232,235.232,235.232,35.56,8364.84992,1
2026-09-30T03:00:00+00:00,235.416,235.416,235.416,235.416,174.07,40978.86312,2
2026-09-30T03:05:00+00:00,235.623,235.772,234.606,235.202,2218.68,522692.45392,11
2026-09-30T03:10:00+00:00,234.967,234.967,234.967,234.967,37.97,8921.69699,1
2026-09-30T03:15:00+00:00,234.946,234.946,233.867,234.54,2035.6196153216579,477206.72705,14
2026-09-30T03:20:00+00:00,234.246,234.762,234.246,234.762,681.64,160023.11808,3
2026-09-30T03:25:00+00:00,234.477,234.477,234.039,234.039,2.070342506940979,485.4039,2
2026-09-30T03:30:00+00:00,234.483,234.483,234.483,234.483,28.4285001471322,6666.0,1
2026-09-30T03:35:00+00:00,235.42,235.534,235.42,235.534,436.5770146136014,102780.4128,2
2026-09-30T03:40:00+00:00,235.534,235.534,235.534,235.534,0.0,0.0,0
2026-09-30T03:45:00+00:00,234.591,234.591,234.591,234.591,41.54,9744.91014,1
2026-09-30T03:50:00+00:00,234.773,234.773,234.773,234.773,12.778300741567387,3000.0,1
2026-09-30T03:55:00+00:00,234.773,234.773,234.773,234.773,0.0,0.0,0
2026-09-30T04:00:00+00:00,234.773,234.773,234.773,234.773,0.0,0.0,0
2026-09-30T04:05:00+00:00,234.73,234.73,234.73,234.73,51.62,12116.7626,1
2026-09-30T04:10:00+00:00,234.73,234.73,234.73,234.73,0.0,0.0,0
2026-09-30T04:15:00+00:00,234.73,234.73,234.73,234.73,0.0,0.0,0
2026-09-30T04:20:00+00:00,235.238,235.238,235.238,235.238,55.45,13043.9471,1
2026-09-30T04:25:00+00:00,235.597,235.597,235.553,235.553,235.61,55504.61797,2
2026-09-30T04:30:00+00:00,235.645,235.645,235.645,235.645,38.19304462220713,9000.0,1
2026-09-30T04:35:00+00:00,235.37,235.625,235.37,235.625,2547.340095490716,600000.0,7
2026-09-30T04:40:00+00:00,235.625,235.625,235.625,235.625,0.0,0.0,0
2026-09-30T04:45:00+00:00,235.625,235.625,235.625,235.625,0.0,0.0,0
2026-09-30T04:50:00+00:00,235.441,235.441,235.441,235.441,88.49350792767615,20835.0,1
2026-09-30T04:55:00+00:00,235.454,235.454,235.454,235.454,127.41,29999.19414,1
2026-09-30T05:00:00+00:00,235.454,235.454,235.454,235.454,0.0,0.0,0
2026-09-30T05:05:00+00:00,235.597,235.597,235.597,235.597,84.8907244149968,20000.0,1
2026-09-30T05:10:00+00:00,235.243,235.531,235.191,235.531,200.66507508565752,47202.8338,3
2026-09-30T05:15:00+00:00,235.531,235.531,235.531,235.531,0.0,0.0,0
2026-09-30T05:20:00+00:00,235.531,235.531,235.531,235.531,0.0,0.0,0
2026-09-30T05:25:00+00:00,235.531,235.531,235.531,235.531,0.0,0.0,0
2026-09-30T05:30:00+00:00,236.058,236.689,236.058,236.22,170.88594890599995,40360.994,3
2026-09-30T05:35:00+00:00,236.22,236.22,236.22,236.22,0.0,0.0,0
2026-09-30T05:40:00+00:00,236.22,236.22,236.22,236.22,0.0,0.0,0
2026-09-30T05:45:00+00:00,236.851,236.923,236.443,236.744,840.3953642783305,199019.7827,6
2026-09-30T05:50:00+00:00,236.744,236.744,236.744,236.744,0.0,0.0,0
2026-09-30T05:55:00+00:00,236.744,236.744,236.744,236.744,0.0,0.0,0
2026-09-30T06:00:00+00:00,236.744,236.744,236.744,236.744,0.0,0.0,0
2026-09-30T06:05:00+00:00,236.744,236.744,236.744,236.744,0.0,0.0,0
2026-09-30T06:10:00+00:00,236.744,236.744,236.744,236.744,0.0,0.0,0
2026-09-30T06:15:00+00:00,236.147,236.156,236.147,236.156,523.51,123626.23856,2
2026-09-30T06:20:00+00:00,236.156,236.156,236.156,236.156,0.0,0.0,0
2026-09-30T06:25:00+00:00,235.434,235.519,235.434,235.519,1542.08,363184.37952,2
2026-09-30T06:30:00+00:00,235.519,235.519,235.519,235.519,0.0,0.0,0
2026-09-30T06:35:00+00:00,235.913,236.005,235.913,236.005,729.0399533265471,171999.61324,5
2026-09-30T06:40:00+00:00,235.655,235.655,235.655,235.655,127.30474634529291,30000.0,1
2026-09-30T06:45:00+00:00,235.655,235.655,235.655,235.655,0.0,0.0,0
2026-09-30T06:50:00+00:00,235.655,235.655,235.655,235.655,0.0,0.0,0
2026-09-30T06:55:00+00:00,235.399,235.399,235.399,235.399,42.48106406569272,10000.0,1
2026-09-30T07:00:00+00:00,235.097,235.219,235.097,235.219,229.63257389921733,53998.3772,2
2026-09-30T07:05:00+00:00,234.563,234.629,234.563,234.629,396.47614323037646,92999.47747,3
2026-09-30T07:10:00+00:00,234.561,234.561,234.561,234.561,8.526566650039861,2000.0,1
2026-09-30T07:15:00+00:00,234.033,234.033,234.033,234.033,50.8,11888.8764,1
2026-09-30T07:20:00+00:00,234.033,234.033,234.033,234.033,0.0,0.0,0
2026-09-30T07:25:00+00:00,234.033,234.033,234.033,234.033,0.0,0.0,0
2026-09-30T07:30:00+00:00,236.149,236.149,236.091,236.091,452.12531278980646,106764.82191,2
2026-09-30T07:35:00+00:00,235.817,235.822,235.769,235.769,666.23,157100.19763,9
2026-09-30T07:40:00+00:00,236.082,236.083,236.082,236.083,338.8649289868394,80000.0,2
2026-09-30T07:45:00+00:00,236.433,236.605,235.95,236.302,739.9920992413458,174996.565,8
2026-09-30T07:50:00+00:00,236.514,236.514,236.514,236.514,21.14,4999.90596,1
2026-09-30T07:55:00+00:00,236.514,236.514,236.514,236.514,0.0,0.0,0
2026-09-30T08:00:00+00:00,236.514,236.514,236.514,236.514,0.0,0.0,0
2026-09-30T08:05:00+00:00,236.514,236.514,236.514,236.514,0.0,0.0,0
2026-09-30T08:10:00+00:00,235.293,235.293,235.203,235.203,75.66712308091309,17799.96485,2
2026-09-30T08:15:00+00:00,235.203,235.203,235.203,235.203,0.0,0.0,0
2026-09-30T08:20:00+00:00,235.355,235.793,235.355,235.547,245.54,57836.8208,4
2026-09-30T08:25:00+00:00,235.547,235.547,235.547,235.547,0.0,0.0,0
2026-09-30T08:30:00+00:00,235.547,235.547,235.547,235.547,0.0,0.0,0
2026-09-30T08:35:00+00:00,235.08,235.08,235.08,235.08,55.30032329419772,13000.0,1
2026-09-30T08:40:00+00:00,235.321,235.321,235.321,235.321,1062.37,249997.97077,2
2026-09-30T08:45:00+00:00,235.51,235.54,235.51,235.54,201.0,47340.54,3
2026-09-30T08:50:00+00:00,236.017,236.018,236.017,236.018,338.95783372454645,80000.0,2
2026-09-30T08:55:00+00:00,235.812,235.812,235.812,235.812,31.8,7498.8216,1
2026-09-30T09:00:00+00:00,235.375,236.203,235.375,236.203,240.50868851808943,56720.9562,6
2026-09-30T09:05:00+00:00,235.994,236.636,235.994,236.636,76.13309724640376,17991.3714,2
2026-09-30T09:10:00+00:00,236.393,236.393,236.026,236.393,210.96219333905827,49856.03977,4
2026-09-30T09:15:00+00:00,236.45,236.989,236.247,236.989,3592.3236991137487,849890.95,13
2026-09-30T09:20:00+00:00,236.219,237.311,235.697,237.311,6086.344794130909,1439506.63969,33
2026-09-30T09:25:00+00:00,237.325,237.325,236.992,236.992,91.25469293163384,21641.8352,2
2026-09-30T09:30:00+00:00,237.34,237.67,237.052,237.67,13951.88763159002,3312621.6617,59
2026-09-30T09:35:00+00:00,237.67,237.67,237.539,237.539,6327.462368409981,1503808.6811,19
2026-09-30T09:40:00+00:00,237.539,237.539,237.539,237.539,0.0,0.0,0
2026-09-30T09:45:00+00:00,237.444,237.444,237.444,237.444,30.0,7123.32,1
2026-09-30T09:50:00+00:00,237.425,238.091,237.185,237.185,2358.9037831360597,560175.86684,18
2026-09-30T09:55:00+00:00,237.721,237.721,237.263,237.263,250.03,59322.91369,2
2026-09-30T10:00:00+00:00,237.263,237.263,237.263,237.263,0.0,0.0,0
2026-09-30T10:05:00+00:00,237.263,237.263,237.263,237.263,0.0,0.0,0
2026-09-30T10:10:00+00:00,237.226,237.416,237.226,237.416,1263.9708360009436,300000.0,5
2026-09-30T10:15:00+00:00,236.458,236.458,236.457,236.457,121.56,28743.82092,2
2026-09-30T10:20:00+00:00,236.457,236.457,236.457,236.457,0.0,0.0,0
2026-09-30T10:25:00+00:00,237.484,237.484,237.484,237.484,88.0,20898.592,1
2026-09-30T10:30:00+00:00,236.884,236.884,236.884,236.884,87.91,20824.47244,1
2026-09-30T10:35:00+00:00,236.884,236.884,236.884,236.884,0.0,0.0,0
2026-09-30T10:40:00+00:00,236.884,236.884,236.884,236.884,0.0,0.0,0
2026-09-30T10:45:00+00:00,237.354,237.354,236.884,236.884,9916.53,2350073.81229,31
2026-09-30T10:50:00+00:00,237.875,237.875,237.875,237.875,31.95,7600.10625,1
2026-09-30T10:55:00+00:00,237.854,237.854,237.854,237.854,22.026116861604176,5239.0,1
2026-09-30T11:00:00+00:00,237.783,237.783,236.769,236.769,782.2869646274124,185775.67333,2
2026-09-30T11:05:00+00:00,236.797,236.797,236.797,236.797,49.55,11733.29135,1
2026-09-30T11:10:00+00:00,236.797,236.797,236.797,236.797,0.0,0.0,0
2026-09-30T11:15:00+00:00,237.517,237.517,237.517,237.517,84.20449904638404,20000.0,1
