timestamp,open,high,low,close,volume
2026-08-18 05:30:00,64253.6,64260.0,64138.2,64253.5,31.08719655
2026-08-18 05:45:00,64253.5,64253.6,64202.5,64235.4,23.44027905
2026-08-18 06:00:00,64235.4,64280.0,64163.2,64235.7,39.61714417
2026-08-18 06:15:00,64235.7,64365.2,64235.7,64347.4,67.49323957
2026-08-18 06:30:00,64347.5,64455.3,64347.5,64441.1,20.63915399
2026-08-18 06:45:00,64441.2,64443.1,64277.8,64324.4,49.54736630000001
2026-08-18 07:00:00,64324.5,64352.2,64287.7,64340.8,27.85633507
2026-08-18 07:15:00,64340.7,64359.3,64279.3,64279.3,23.2588119
2026-08-18 07:30:00,64279.4,64279.4,64224.3,64242.4,122.88387327
2026-08-18 07:45:00,64242.4,64242.5,64157.3,64194.6,120.61303202
2026-08-18 08:00:00,64194.6,64212.1,64086.9,64156.9,89.23743197
2026-08-18 08:15:00,64157.0,64244.5,64157.0,64216.0,14.80966872
2026-08-18 08:30:00,64216.1,64339.9,64205.0,64290.3,20.19879442
2026-08-18 08:45:00,64290.3,64294.3,64244.3,64292.7,18.94065003
2026-08-18 09:00:00,64292.3,64292.3,64230.6,64246.2,28.95006345
2026-08-18 09:15:00,64246.1,64246.2,64150.0,64158.6,18.80142506
2026-08-18 09:30:00,64158.6,64188.8,64143.4,64159.7,7.558269510000001
2026-08-18 09:45:00,64159.6,64190.0,64140.4,64173.6,11.97113911
2026-08-18 10:00:00,64173.6,64214.1,64139.3,64163.2,83.97887981
2026-08-18 10:15:00,64163.3,64183.8,64133.4,64166.6,128.24266053
2026-08-18 10:30:00,64166.6,64222.2,64166.6,64190.8,42.86259381
2026-08-18 10:45:00,64190.8,64217.5,64182.3,64203.9,14.42832162
2026-08-18 11:00:00,64203.9,64340.2,64193.1,64330.3,42.24514194
2026-08-18 11:15:00,64330.3,64384.0,64327.1,64369.8,34.1992427
2026-08-18 11:30:00,64369.9,64400.0,64339.5,64385.5,40.55022513
2026-08-18 11:45:00,64385.5,64405.3,64339.7,64356.1,21.26505941
2026-08-18 12:00:00,64356.2,64356.2,64283.8,64300.1,27.42977485
2026-08-18 12:15:00,64300.1,64338.8,64284.7,64306.7,15.16431686
2026-08-18 12:30:00,64306.8,64306.8,64251.4,64251.4,37.30881308
2026-08-18 12:45:00,64251.3,64257.2,64215.7,64227.5,19.27523931
2026-08-18 13:00:00,64227.6,64227.6,64161.5,64190.0,27.61811019
2026-08-18 13:15:00,64190.0,64190.1,64058.5,64075.0,64.63956453
2026-08-18 13:30:00,64075.0,64252.2,64047.5,64193.8,117.25891675
2026-08-18 13:45:00,64197.2,64292.0,64121.3,64146.5,34.301126669999995
2026-08-18 14:00:00,64224.5,64381.9,64224.3,64266.9,73.75780417
2026-08-18 14:15:00,64267.4,65040.0,64252.9,64995.4,397.02680649
2026-08-18 14:30:00,64995.4,65066.1,64740.7,64792.0,243.77172958
2026-08-18 14:45:00,64792.0,64850.0,64666.6,64722.0,67.9204905
2026-08-18 15:00:00,64722.1,64817.6,64655.0,64743.6,96.59995946
2026-08-18 15:15:00,64745.1,64840.8,64721.1,64809.1,34.58956815
2026-08-18 15:30:00,64809.1,64878.2,64794.8,64814.9,57.04334617
2026-08-18 15:45:00,64814.6,64904.9,64807.0,64860.2,57.860735340000005
2026-08-18 16:00:00,64860.3,64896.7,64740.9,64752.7,89.40243474
2026-08-18 16:15:00,64752.8,64761.9,64695.6,64709.8,27.97451919
2026-08-18 16:30:00,64707.5,64825.5,64672.5,64793.1,22.62009293
2026-08-18 16:45:00,64793.0,64879.2,64786.2,64843.2,43.752877
2026-08-18 17:00:00,64843.3,64843.3,64776.8,64805.4,25.0649075
2026-08-18 17:15:00,64805.4,64833.4,64761.2,64833.2,26.63598602
2026-08-18 17:30:00,64833.2,64833.3,64700.0,64729.9,37.45650755
2026-08-18 17:45:00,64729.8,64731.9,64670.6,64670.7,25.29751858
2026-08-18 18:00:00,64670.7,64739.3,64655.9,64739.3,24.35350327
2026-08-18 18:15:00,64739.2,64821.0,64726.6,64801.1,33.89224099
2026-08-18 18:30:00,64801.1,64830.0,64762.0,64767.4,16.524615240000003
2026-08-18 18:45:00,64767.4,64808.8,64753.5,64780.6,28.15767979
2026-08-18 19:00:00,64780.6,64780.7,64712.5,64718.3,22.07494894
2026-08-18 19:15:00,64718.4,64800.0,64706.8,64782.0,8.865584720000001
2026-08-18 19:30:00,64781.9,64784.9,64676.2,64676.2,12.60814193
2026-08-18 19:45:00,64676.1,64695.7,64646.9,64649.8,34.40948379
2026-08-18 20:00:00,64649.8,64663.7,64591.5,64663.1,25.74854134
2026-08-18 20:15:00,64663.1,64663.1,64618.1,64619.1,14.87691491
2026-08-18 20:30:00,64619.0,64656.1,64607.4,64614.5,14.54585504
2026-08-18 20:45:00,64614.6,64625.0,64571.5,64583.4,18.22399103
2026-08-18 21:00:00,64583.5,64663.8,64583.4,64631.2,21.70057909
2026-08-18 21:15:00,64631.2,64638.3,64607.8,64629.6,5.25620958
2026-08-18 21:30:00,64629.6,64629.7,64571.3,64586.4,20.9483183
2026-08-18 21:45:00,64586.4,64614.6,64581.8,64609.8,10.80718919
2026-08-18 22:00:00,64609.8,64615.3,64572.0,64577.1,9.6936979
2026-08-18 22:15:00,64575.8,64614.4,64565.3,64599.9,11.59467655
2026-08-18 22:30:00,64599.9,64656.6,64595.7,64645.0,17.92865372
2026-08-18 22:45:00,64644.9,64645.0,64602.1,64644.5,16.33128549
2026-08-18 23:00:00,64644.6,64722.9,64636.5,64702.4,20.13885672
2026-08-18 23:15:00,64702.5,64740.0,64701.3,64725.4,9.54156487
2026-08-18 23:30:00,64725.5,64793.5,64725.4,64778.5,25.62963395
2026-08-18 23:45:00,64778.5,64791.4,64730.8,64730.8,16.56603568
2026-08-19 00:00:00,64730.9,64740.9,64586.4,64586.4,19.03430148
2026-08-19 00:15:00,64586.4,64674.5,64550.0,64607.6,31.66739647
2026-08-19 00:30:00,64607.5,64663.1,64550.0,64564.1,12.50811104
2026-08-19 00:45:00,64567.3,64589.0,64484.5,64495.3,35.40874371
2026-08-19 01:00:00,64495.2,64549.7,64441.0,64527.4,49.38034926
2026-08-19 01:15:00,64527.3,64537.2,64447.6,64489.6,22.50868566
2026-08-19 01:30:00,64490.0,64499.1,64400.0,64423.1,33.10634935
2026-08-19 01:45:00,64423.2,64449.5,64396.2,64408.5,29.0139357
2026-08-19 02:00:00,64408.5,64413.5,64355.0,64401.1,48.51813308
2026-08-19 02:15:00,64401.2,64426.6,64350.0,64399.4,46.5489586
2026-08-19 02:30:00,64397.1,64416.8,64377.4,64391.5,20.49135924
2026-08-19 02:45:00,64391.6,64420.0,64350.9,64353.7,30.61812167
2026-08-19 03:00:00,64353.8,64368.8,64278.4,64352.9,82.93775663
2026-08-19 03:15:00,64352.8,64426.1,64352.8,64360.5,20.89456914
2026-08-19 03:30:00,64360.5,64371.5,64329.1,64339.7,15.39611419
2026-08-19 03:45:00,64339.6,64377.8,64330.7,64330.7,26.13412632
2026-08-19 04:00:00,64330.8,64335.3,64298.2,64319.3,14.11846283
2026-08-19 04:15:00,64319.3,64405.3,64319.2,64361.1,13.93996605
2026-08-19 04:30:00,64361.0,64378.0,64331.6,64344.7,97.69637345
2026-08-19 04:45:00,64344.7,64371.5,64305.0,64318.1,20.95035764
2026-08-19 05:00:00,64318.2,64415.6,64310.4,64401.2,25.83654184
2026-08-19 05:15:00,64401.2,64401.3,64312.4,64357.2,22.03056293
2026-08-19 05:30:00,64357.0,64360.2,64316.3,64317.5,7.48887803
2026-08-19 05:45:00,64317.5,64318.8,64234.8,64240.9,20.83949687
2026-08-19 06:00:00,64240.9,64250.9,64163.6,64181.8,39.13317852
2026-08-19 06:15:00,64181.8,64310.1,64181.8,64275.0,22.00529325
2026-08-19 06:30:00,64275.1,64300.9,64256.8,64269.4,39.44817214
2026-08-19 06:45:00,64269.5,64351.1,64260.1,64347.4,38.27166304
2026-08-19 07:00:00,64347.5,64385.5,64276.5,64382.0,66.68513023999999
2026-08-19 07:15:00,64381.9,64382.0,64310.3,64341.2,33.06584711
2026-08-19 07:30:00,64341.2,64403.8,64338.1,64359.5,35.06031168
2026-08-19 07:45:00,64359.5,64376.7,64293.8,64293.9,50.11828175
2026-08-19 08:00:00,64293.9,64334.7,64254.8,64254.9,24.86996101
2026-08-19 08:15:00,64254.9,64295.1,64247.3,64295.0,43.43334141
2026-08-19 08:30:00,64294.9,64514.1,64294.9,64448.6,62.331629410000005
2026-08-19 08:45:00,64448.6,64481.4,64418.0,64418.0,79.36695848
2026-08-19 09:00:00,64418.1,64478.0,64392.1,64392.1,104.33929131
2026-08-19 09:15:00,64392.0,64421.9,64372.4,64391.8,29.31783618
2026-08-19 09:30:00,64391.9,64404.9,64360.4,64373.9,22.19649013
2026-08-19 09:45:00,64373.9,64432.9,64370.0,64429.3,21.64530824
2026-08-19 10:00:00,64429.4,64429.4,64372.9,64398.1,10.32232574
2026-08-19 10:15:00,64398.0,64406.7,64369.5,64403.8,21.11265965
2026-08-19 10:30:00,64403.9,64426.6,64382.1,64406.0,41.75132633
2026-08-19 10:45:00,64406.1,64468.1,64399.3,64458.8,29.8889665
2026-08-19 11:00:00,64458.8,64541.0,64452.6,64507.7,19.84387691
2026-08-19 11:15:00,64507.7,64534.5,64483.5,64507.0,39.1793119
2026-08-19 11:30:00,64507.1,64530.0,64461.4,64469.4,77.22640386
2026-08-19 11:45:00,64469.4,64534.2,64469.4,64513.5,53.17519056
2026-08-19 12:00:00,64513.5,64521.1,64471.6,64510.7,16.41989323
2026-08-19 12:15:00,64510.7,64510.7,64486.1,64491.1,6.34762698
2026-08-19 12:30:00,64491.2,64955.0,64483.1,64941.9,202.32062391
2026-08-19 12:45:00,64941.9,64988.9,64819.5,64886.5,154.35089954999998
2026-08-19 13:00:00,64886.6,65000.0,64787.6,64917.2,139.45243718
2026-08-19 13:15:00,64917.3,65039.9,64917.2,65012.0,103.05330263
2026-08-19 13:30:00,65012.0,65221.9,64805.5,65046.4,284.60520143
2026-08-19 13:45:00,65046.4,65187.1,64982.9,65014.4,135.01353691
2026-08-19 14:00:00,65015.7,65439.2,65010.1,65400.8,317.92908931
2026-08-19 14:15:00,65400.7,65479.4,65318.7,65409.7,274.9810908
2026-08-19 14:30:00,65408.0,65521.5,65346.5,65466.9,254.39324061
2026-08-19 14:45:00,65467.0,65974.1,65446.9,65925.2,458.37233228
2026-08-19 15:00:00,65925.3,66799.9,65888.2,66649.9,877.56039576
2026-08-19 15:15:00,66649.9,69888.0,66579.9,68305.4,2257.75136304
2026-08-19 15:30:00,68305.4,68856.7,67752.7,68680.3,1313.3980180899998
2026-08-19 15:45:00,68677.5,68692.0,68232.8,68556.8,420.34930565
2026-08-19 16:00:00,68553.5,68991.5,68524.3,68562.4,487.11391767
2026-08-19 16:15:00,68562.4,68931.7,68562.3,68899.9,203.97454352
2026-08-19 16:30:00,68899.9,68899.9,68551.7,68587.4,182.80350119
2026-08-19 16:45:00,68587.1,68700.0,68417.6,68462.4,215.54389701
2026-08-19 17:00:00,68462.5,68537.5,68220.1,68242.3,216.76356435
2026-08-19 17:15:00,68242.4,68319.9,67844.3,68005.5,219.29470651
2026-08-19 17:30:00,68007.7,68057.1,67830.3,68049.0,124.10452858
2026-08-19 17:45:00,68049.0,68269.2,68041.2,68193.9,85.20535875
2026-08-19 18:00:00,68197.5,68257.8,68034.1,68187.8,71.47122128
2026-08-19 18:15:00,68187.6,68323.9,68171.9,68278.4,47.928734430000006
2026-08-19 18:30:00,68278.4,68449.6,68225.7,68434.5,44.82462762
2026-08-19 18:45:00,68434.6,68470.0,68319.8,68398.3,53.91748598
2026-08-19 19:00:00,68398.0,68458.2,68099.5,68120.0,74.54455905
2026-08-19 19:15:00,68118.2,68398.9,68118.2,68186.5,105.95421955
2026-08-19 19:30:00,68186.4,68405.5,68134.5,68399.9,64.61360954
2026-08-19 19:45:00,68399.9,68494.7,68359.8,68429.9,65.07682549
2026-08-19 20:00:00,68430.0,68713.5,68385.6,68681.2,92.75150776
2026-08-19 20:15:00,68681.1,68819.5,68558.9,68700.7,56.44778373
2026-08-19 20:30:00,68700.4,68799.8,68641.6,68669.0,29.96869029
2026-08-19 20:45:00,68669.0,69603.6,68621.7,69055.0,493.75014109
2026-08-19 21:00:00,69055.0,69922.0,68981.2,69440.9,516.78841413
2026-08-19 21:15:00,69441.0,69780.8,69271.7,69645.6,153.75588448
2026-08-19 21:30:00,69645.6,69844.6,69386.2,69675.0,114.42521983
2026-08-19 21:45:00,69675.0,70064.2,69508.2,69718.5,257.56037297
2026-08-19 22:00:00,69718.5,69846.6,69302.6,69302.6,194.50083894
2026-08-19 22:15:00,69302.6,69418.3,69149.3,69149.3,85.81644675999999
2026-08-19 22:30:00,69149.4,69480.7,69000.0,69349.5,141.85326624
2026-08-19 22:45:00,69351.4,69354.0,69112.0,69264.5,87.01611473
2026-08-19 23:00:00,69264.7,69425.6,69206.8,69353.5,84.69449551
2026-08-19 23:15:00,69353.0,69462.5,69272.8,69378.8,50.99921167
2026-08-19 23:30:00,69378.8,69405.7,69257.6,69330.1,147.19517277
2026-08-19 23:45:00,69330.0,69346.2,69160.6,69337.1,50.162268350000005
2026-08-20 00:00:00,69337.2,69666.6,69319.9,69580.4,181.28943814
2026-08-20 00:15:00,69581.6,69793.0,69559.7,69637.0,78.92611541
2026-08-20 00:30:00,69636.0,69700.0,69486.1,69575.5,101.48412189
2026-08-20 00:45:00,69575.5,69723.7,69382.3,69428.4,103.97151612
2026-08-20 01:00:00,69429.0,69519.9,69284.5,69378.2,70.15279404
2026-08-20 01:15:00,69377.9,69448.0,69280.7,69332.6,73.73387115
2026-08-20 01:30:00,69332.6,69642.8,69300.1,69639.9,96.95906838
2026-08-20 01:45:00,69640.0,69893.5,69639.9,69724.9,108.30083523
2026-08-20 02:00:00,69724.9,69827.2,69581.8,69686.6,63.161550270000006
2026-08-20 02:15:00,69686.6,69716.3,69492.7,69510.0,73.3077687
2026-08-20 02:30:00,69510.0,69555.9,69323.0,69324.6,89.20547673
2026-08-20 02:45:00,69324.6,69392.2,69271.6,69306.3,174.60235956
2026-08-20 03:00:00,69306.3,69313.1,68916.6,68999.6,187.4501239
2026-08-20 03:15:00,68999.6,69213.6,68950.3,68978.3,99.62534099
2026-08-20 03:30:00,68978.4,69225.0,68978.4,69196.8,66.96918543
2026-08-20 03:45:00,69198.6,69351.4,69162.6,69197.1,105.65608785
2026-08-20 04:00:00,69197.2,69400.0,69170.4,69375.3,120.26560194
2026-08-20 04:15:00,69375.2,69414.5,69293.2,69363.5,60.08054365
2026-08-20 04:30:00,69363.6,69389.4,69233.0,69354.6,53.16695336
2026-08-20 04:45:00,69355.9,69610.7,69355.1,69491.8,57.02407148
2026-08-20 05:00:00,69491.8,69562.8,69462.5,69472.8,62.24385232
2026-08-20 05:15:00,69472.8,69671.4,69448.2,69589.5,40.62943617
2026-08-20 05:30:00,69589.5,69640.1,69530.1,69566.3,50.48734104
2026-08-20 05:45:00,69566.3,69566.3,69362.6,69421.8,82.22792131
2026-08-20 06:00:00,69422.0,69450.6,69362.7,69385.5,50.92067867
2026-08-20 06:15:00,69385.5,69700.0,69347.7,69609.4,91.22231431
2026-08-20 06:30:00,69609.3,69799.8,69603.3,69782.8,78.13930567999999
2026-08-20 06:45:00,69782.9,69928.8,69782.9,69862.3,79.24561318
2026-08-20 07:00:00,69862.3,70028.0,69764.8,69800.1,194.00389589
2026-08-20 07:15:00,69800.1,69803.8,69610.7,69688.9,41.01837827
2026-08-20 07:30:00,69690.8,69690.8,69510.0,69611.8,101.19771208
2026-08-20 07:45:00,69611.8,69833.3,69564.9,69829.4,119.59189184
2026-08-20 08:00:00,69829.5,71371.2,69784.8,71300.0,700.00414835
2026-08-20 08:15:00,71300.0,71574.1,71014.7,71343.1,401.47842967
2026-08-20 08:30:00,71343.0,71679.5,71168.3,71499.8,282.54915645
2026-08-20 08:45:00,71499.7,71818.0,71436.7,71588.4,472.66716363
2026-08-20 09:00:00,71588.4,71966.5,71485.8,71936.3,264.17177659000004
2026-08-20 09:15:00,71936.9,72080.0,71750.1,71826.0,303.65132571
2026-08-20 09:30:00,71825.9,72054.4,71747.1,71997.7,155.09184282
2026-08-20 09:45:00,71996.5,72034.5,71691.1,71801.4,163.86625782
2026-08-20 10:00:00,71801.5,72181.0,71706.9,72138.8,158.05091441
2026-08-20 10:15:00,72138.9,72495.0,71974.9,72041.9,312.67513191
2026-08-20 10:30:00,72042.0,72048.3,71766.6,71811.2,116.65410595
2026-08-20 10:45:00,71811.3,71998.8,71811.3,71998.8,59.47866656
2026-08-20 11:00:00,71998.7,72150.0,71823.6,72001.3,221.24174717
2026-08-20 11:15:00,72001.2,72059.6,71870.3,71893.0,156.39935693
2026-08-20 11:30:00,71892.9,72325.0,71863.1,72149.0,164.71377449
2026-08-20 11:45:00,72149.1,72281.6,71814.6,71923.8,132.55934475
2026-08-20 12:00:00,71923.8,71982.6,71500.9,71792.0,190.63992371
2026-08-20 12:15:00,71791.9,71891.0,71681.8,71836.1,81.26843958
2026-08-20 12:30:00,71836.1,72021.9,71659.3,71681.8,232.16783091
2026-08-20 12:45:00,71681.8,71959.0,71505.2,71956.4,121.87046155
2026-08-20 13:00:00,71956.4,72100.0,71895.6,72056.8,96.14818866
2026-08-20 13:15:00,72056.8,72076.3,71843.9,71956.3,633.7436672
2026-08-20 13:30:00,71956.4,71956.4,71118.1,71669.4,440.20347674
2026-08-20 13:45:00,71673.4,71839.9,71428.6,71691.3,168.55291512000002
2026-08-20 14:00:00,71688.5,71993.1,71604.6,71810.1,179.23356038999998
2026-08-20 14:15:00,71810.1,71830.1,71352.2,71447.1,158.28967319999998
2026-08-20 14:30:00,71447.0,71722.6,71400.8,71547.3,75.01933217
2026-08-20 14:45:00,71547.4,71825.2,71415.2,71824.2,94.97649501
2026-08-20 15:00:00,71824.2,72566.0,71786.6,72243.5,407.06377326
2026-08-20 15:15:00,72243.6,72417.9,71983.9,72416.5,189.99786165
2026-08-20 15:30:00,72416.5,72836.0,72173.1,72242.2,288.93965869
2026-08-20 15:45:00,72242.2,72567.9,72167.4,72469.0,174.48690943
2026-08-20 16:00:00,72467.9,72517.0,72278.9,72309.9,152.04117513
2026-08-20 16:15:00,72309.9,72427.3,72209.9,72411.9,158.15760446
2026-08-20 16:30:00,72411.9,72699.0,72276.6,72628.7,175.91082903
2026-08-20 16:45:00,72625.5,72912.6,72525.8,72848.9,140.74441273
2026-08-20 17:00:00,72850.0,72881.1,72528.9,72697.8,116.98019915
2026-08-20 17:15:00,72697.8,72845.9,72564.6,72807.9,61.12050338
2026-08-20 17:30:00,72807.9,72865.0,72665.7,72757.5,71.24616909
2026-08-20 17:45:00,72757.4,72966.0,72708.7,72734.3,84.77600161000001
2026-08-20 18:00:00,72737.7,72828.6,72466.1,72613.7,122.42176881
2026-08-20 18:15:00,72613.1,72742.7,72488.8,72686.7,42.13367472
2026-08-20 18:30:00,72686.7,72701.4,72391.5,72502.8,55.20705008
2026-08-20 18:45:00,72502.8,72623.5,72404.9,72431.9,29.57894425
2026-08-20 19:00:00,72425.7,72507.3,72328.0,72481.9,44.57633815
2026-08-20 19:15:00,72481.9,72634.4,72470.7,72598.1,47.55454342
2026-08-20 19:30:00,72598.1,72776.2,72537.1,72715.8,57.29962785000001
2026-08-20 19:45:00,72716.1,72752.9,72574.6,72688.0,70.70526587
2026-08-20 20:00:00,72684.5,72782.1,72626.9,72694.8,51.48542597
2026-08-20 20:15:00,72694.7,72917.3,72620.7,72826.1,94.02363412
2026-08-20 20:30:00,72826.2,73111.0,72700.1,72768.3,159.15134548
2026-08-20 20:45:00,72768.3,72786.1,72591.0,72667.1,45.53404459
2026-08-20 21:00:00,72667.1,72699.5,72550.2,72699.1,42.14636834
2026-08-20 21:15:00,72699.2,72845.3,72645.2,72662.9,40.59933685
2026-08-20 21:30:00,72662.9,72831.8,72654.1,72740.5,28.90875349
2026-08-20 21:45:00,72740.5,72776.0,72700.0,72737.0,14.4636229
2026-08-20 22:00:00,72737.0,72754.6,72484.2,72600.1,66.85298188
2026-08-20 22:15:00,72600.1,72826.3,72544.9,72788.1,44.7079483
2026-08-20 22:30:00,72788.0,72803.9,72664.7,72681.9,40.85242746
2026-08-20 22:45:00,72681.8,72875.0,72668.3,72677.5,36.48693073
2026-08-20 23:00:00,72677.6,72928.4,72658.3,72928.4,28.89888335
2026-08-20 23:15:00,72928.4,73405.4,72897.3,73215.0,266.36241017
2026-08-20 23:30:00,73215.0,73390.6,73074.0,73111.1,75.40705915999999
2026-08-20 23:45:00,73105.9,73159.6,72975.7,73031.7,69.35302522
2026-08-21 00:00:00,73031.7,73500.0,73020.2,73491.5,150.05994432
2026-08-21 00:15:00,73491.5,73888.0,73354.1,73724.3,283.90207741
2026-08-21 00:30:00,73724.4,73998.0,73525.8,73690.6,189.22021771
2026-08-21 00:45:00,73690.6,73850.5,73581.6,73714.3,101.65334119
2026-08-21 01:00:00,73713.1,73994.8,73664.2,73986.9,73.55871006000001
2026-08-21 01:15:00,73987.0,74863.0,73947.6,74731.0,676.4568713900001
2026-08-21 01:30:00,74731.1,75054.1,74550.0,74747.2,342.95002926
2026-08-21 01:45:00,74747.3,75779.4,74698.1,75131.1,592.31316525
2026-08-21 02:00:00,75131.1,75202.5,74682.0,74878.8,160.91512593
2026-08-21 02:15:00,74878.8,74991.8,74652.5,74973.2,113.26451147
2026-08-21 02:30:00,74973.2,75100.0,74567.2,74725.5,106.36145726
2026-08-21 02:45:00,74725.6,74726.4,74381.3,74440.7,142.4546473
2026-08-21 03:00:00,74444.6,74509.6,74250.7,74459.3,90.12102647
2026-08-21 03:15:00,74459.3,74643.0,74312.6,74611.0,99.9261884
2026-08-21 03:30:00,74611.1,74732.1,74434.0,74679.4,81.03649601000001
2026-08-21 03:45:00,74675.7,74886.2,74502.2,74518.1,104.90643679
2026-08-21 04:00:00,74518.2,74954.8,74518.2,74873.2,93.70063347
2026-08-21 04:15:00,74873.3,74951.3,74786.0,74822.4,55.01949133
2026-08-21 04:30:00,74822.3,74997.6,74786.0,74967.1,62.43962579
2026-08-21 04:45:00,74967.0,75058.4,74924.3,75031.7,86.28343646
2026-08-21 05:00:00,75031.7,75374.6,74914.7,75318.6,116.26018319
2026-08-21 05:15:00,75318.6,75500.0,75059.3,75205.8,152.58227587
2026-08-21 05:30:00,75201.4,75392.0,75110.0,75287.5,98.5290956
2026-08-21 05:45:00,75289.1,75473.8,75219.6,75473.8,109.51491176
2026-08-21 06:00:00,75473.8,75532.9,75261.8,75292.3,99.77759904
2026-08-21 06:15:00,75292.2,75520.0,75103.5,75333.9,134.21713068
2026-08-21 06:30:00,75333.9,75733.3,75314.1,75388.8,195.27582674
2026-08-21 06:45:00,75388.8,75648.1,75289.3,75641.8,107.95897627
2026-08-21 07:00:00,75641.9,76017.2,75611.2,75972.1,208.79119017
2026-08-21 07:15:00,75972.0,76903.2,75940.5,76411.3,597.4812877
2026-08-21 07:30:00,76410.4,76800.0,76282.4,76585.1,562.286347
2026-08-21 07:45:00,76584.8,76647.8,76200.0,76305.9,534.71196986
2026-08-21 08:00:00,76306.0,77200.0,76248.9,76895.7,340.60653308
2026-08-21 08:15:00,76895.0,77440.0,76852.9,77244.4,401.33491867
2026-08-21 08:30:00,77244.3,77807.3,77173.4,77661.4,401.559541
2026-08-21 08:45:00,77661.4,79515.7,77585.0,79270.3,1030.70134758
2026-08-21 09:00:00,79270.2,79368.3,77249.7,77883.7,1115.91195291
2026-08-21 09:15:00,77883.8,77959.4,77463.5,77714.9,319.83780523
2026-08-21 09:30:00,77714.3,78356.0,77619.2,78195.0,277.88563804
2026-08-21 09:45:00,78195.6,78368.7,77567.6,77897.8,301.24835555
2026-08-21 10:00:00,77897.8,78093.0,77609.0,78033.2,128.40141984000002
2026-08-21 10:15:00,78033.1,78258.6,77663.6,77925.2,146.0319773
2026-08-21 10:30:00,77925.3,77967.8,77622.1,77852.7,240.07850007
2026-08-21 10:45:00,77852.8,78000.0,77738.9,77814.2,92.85682822
2026-08-21 11:00:00,77814.3,77872.2,77339.5,77555.3,175.37881732
2026-08-21 11:15:00,77555.3,77684.8,77234.0,77422.5,242.19654467
2026-08-21 11:30:00,77422.6,77448.7,76422.3,76833.2,369.12263706
2026-08-21 11:45:00,76832.0,77028.9,76608.5,76730.1,162.70561715000002
2026-08-21 12:00:00,76730.1,77000.0,76530.4,76924.3,178.12388189
2026-08-21 12:15:00,76924.3,76924.3,76625.9,76689.0,79.25304025
2026-08-21 12:30:00,76689.1,77450.0,76629.6,77431.7,169.22065653
2026-08-21 12:45:00,77432.8,77480.4,77115.3,77228.0,95.47632858
2026-08-21 13:00:00,77228.0,77388.4,77049.5,77199.1,124.86442344
2026-08-21 13:15:00,77199.1,77219.5,76843.8,77096.2,197.80537876
2026-08-21 13:30:00,77096.2,77333.2,76222.2,77315.3,452.95931838
2026-08-21 13:45:00,77313.9,77719.6,77156.6,77455.8,203.2899636
2026-08-21 14:00:00,77261.7,77268.4,76689.3,76753.8,211.77940425
2026-08-21 14:15:00,76753.8,77199.8,76536.3,77059.3,324.68541479
2026-08-21 14:30:00,77053.4,77235.6,76857.5,77142.5,187.40155216
2026-08-21 14:45:00,77142.5,77439.1,77119.2,77384.2,122.90206602
2026-08-21 15:00:00,77384.3,77794.0,77316.4,77706.5,212.37323141
2026-08-21 15:15:00,77706.5,77868.8,77515.2,77609.2,241.14957199
2026-08-21 15:30:00,77609.2,77746.4,77471.3,77500.1,189.99415752
2026-08-21 15:45:00,77500.2,77562.3,77166.6,77228.9,151.86277531000002
2026-08-21 16:00:00,77228.9,77320.6,76850.1,76851.5,198.95918903
2026-08-21 16:15:00,76850.0,77382.5,76760.7,77382.5,195.20381331
2026-08-21 16:30:00,77382.5,77412.7,77229.1,77352.7,88.32232131
2026-08-21 16:45:00,77352.1,77559.2,77308.1,77474.5,82.79568914000001
2026-08-21 17:00:00,77474.5,77714.2,77459.4,77559.9,81.57181411
2026-08-21 17:15:00,77559.8,77559.9,77182.3,77556.4,103.84168239
2026-08-21 17:30:00,77556.5,77656.9,77334.2,77378.5,77.34744834
2026-08-21 17:45:00,77378.6,77512.1,77314.6,77393.1,69.34517609
2026-08-21 18:00:00,77393.3,77548.9,77272.7,77314.3,52.88039555
2026-08-21 18:15:00,77314.8,77497.9,77257.0,77389.3,54.16411665
2026-08-21 18:30:00,77389.4,77449.8,76861.4,76932.1,82.49977102
2026-08-21 18:45:00,76932.3,77140.3,76621.4,77140.3,134.37848197
2026-08-21 19:00:00,77140.3,77182.4,76846.9,77133.4,49.71337671
2026-08-21 19:15:00,77133.4,77333.8,76963.1,77324.0,62.97013167
2026-08-21 19:30:00,77323.9,77359.0,77083.7,77172.7,74.32973902
2026-08-21 19:45:00,77166.8,77247.3,77009.0,77024.9,38.96622541
2026-08-21 20:00:00,77025.2,77292.8,76841.1,77266.3,100.20651202
2026-08-21 20:15:00,77269.5,77526.5,77269.5,77488.0,70.3685217
2026-08-21 20:30:00,77487.9,77527.9,77343.0,77467.6,35.67686277
2026-08-21 20:45:00,77467.7,77539.6,77301.6,77515.3,23.92644035
2026-08-21 21:00:00,77515.3,77811.3,77376.2,77684.9,49.93628474
2026-08-21 21:15:00,77686.4,78200.0,77580.1,78088.5,163.52135111
2026-08-21 21:30:00,78089.1,78500.0,77993.8,78239.4,115.1821128
2026-08-21 21:45:00,78239.4,78680.7,78217.3,78511.5,115.14415749
2026-08-21 22:00:00,78509.9,78759.2,78177.9,78754.3,141.57569877
2026-08-21 22:15:00,78754.2,78754.2,78347.2,78505.1,95.39991562
2026-08-21 22:30:00,78505.1,78583.6,78087.7,78512.8,84.17890841
2026-08-21 22:45:00,78512.7,78615.2,78239.0,78458.2,144.82437717
2026-08-21 23:00:00,78459.0,78615.2,78339.0,78539.6,76.88682286
2026-08-21 23:15:00,78537.4,78730.1,78358.7,78407.4,104.82974266
2026-08-21 23:30:00,78408.7,78514.8,78123.0,78387.7,51.20028574
2026-08-21 23:45:00,78388.3,78407.1,78129.3,78339.3,59.77016348
2026-08-22 00:00:00,78338.1,78508.0,77737.6,77914.2,112.56458356
2026-08-22 00:15:00,77914.2,78100.0,77856.4,77920.5,52.3505161
2026-08-22 00:30:00,77920.6,78064.0,77754.9,77839.6,65.33584205
2026-08-22 00:45:00,77839.6,77991.7,77690.0,77944.9,64.13845203
2026-08-22 01:00:00,77945.0,78191.9,77899.6,78107.9,46.75778256
2026-08-22 01:15:00,78107.9,78169.9,77900.0,78015.0,28.5154603
2026-08-22 01:30:00,78016.7,78239.9,77885.8,77922.0,55.99952743
2026-08-22 01:45:00,77917.9,78010.0,77819.3,77830.1,42.67636891
2026-08-22 02:00:00,77830.1,78106.1,77787.2,78053.7,55.24319375
2026-08-22 02:15:00,78053.8,78472.2,78038.9,78389.0,63.131937050000005
2026-08-22 02:30:00,78389.0,78510.6,78159.6,78510.5,104.6262855
2026-08-22 02:45:00,78510.5,78564.8,78315.4,78487.1,76.1980812
2026-08-22 03:00:00,78487.0,78700.0,78381.4,78401.5,109.23799284
2026-08-22 03:15:00,78400.7,78800.0,78361.7,78763.6,82.01145438
2026-08-22 03:30:00,78763.5,78832.2,78561.1,78653.4,57.29024643
2026-08-22 03:45:00,78653.5,78699.9,78400.0,78412.9,57.8931632
2026-08-22 04:00:00,78413.0,78475.4,78234.9,78402.9,84.99553515
2026-08-22 04:15:00,78402.9,78596.9,78209.8,78596.8,57.79670954
2026-08-22 04:30:00,78597.2,78820.0,78520.0,78660.0,111.86261472
2026-08-22 04:45:00,78660.0,78700.4,78459.7,78465.9,178.67222838
2026-08-22 05:00:00,78465.9,78595.1,76515.0,77313.7,944.75054504
2026-08-22 05:15:00,77313.7,77549.0,76737.2,77305.7,299.77317745
2026-08-22 05:30:00,77305.7,77568.7,76923.1,77183.9,215.61650976
2026-08-22 05:45:00,77183.9,77510.0,77073.4,77390.4,136.75001627999998
2026-08-22 06:00:00,77391.4,77449.9,77156.7,77181.1,66.23200646000001
2026-08-22 06:15:00,77181.3,77399.9,77181.3,77259.1,68.52316988999999
2026-08-22 06:30:00,77259.0,77575.5,77002.0,77405.4,177.20031194
2026-08-22 06:45:00,77405.4,77546.6,77398.2,77492.8,75.71181775
2026-08-22 07:00:00,77492.8,77674.8,77284.2,77378.5,129.76476654
2026-08-22 07:15:00,77378.5,77516.4,77231.0,77499.2,104.08273927
2026-08-22 07:30:00,77499.2,77519.1,77294.6,77417.8,209.38310047
2026-08-22 07:45:00,77417.7,77447.1,77258.5,77288.6,141.55365603
2026-08-22 08:00:00,77288.6,77428.4,77191.8,77423.9,54.90388431
2026-08-22 08:15:00,77427.1,77433.9,77111.1,77215.3,51.06704442
2026-08-22 08:30:00,77215.3,77321.4,77032.1,77290.3,68.20343217
2026-08-22 08:45:00,77290.2,77290.3,77105.0,77201.7,40.89891813
2026-08-22 09:00:00,77201.8,77367.8,77052.1,77367.8,81.11469665999999
2026-08-22 09:15:00,77368.4,77387.3,77159.7,77206.4,50.63578631
2026-08-22 09:30:00,77206.5,77252.1,77150.1,77195.9,22.12009289
2026-08-22 09:45:00,77196.0,77196.0,76833.3,77055.6,80.69706115
2026-08-22 10:00:00,77055.7,77073.1,76673.9,76706.6,105.32198179
2026-08-22 10:15:00,76708.5,76953.5,76529.9,76942.8,163.64250486
2026-08-22 10:30:00,76944.0,77174.9,76859.7,77165.9,79.60927788000001
2026-08-22 10:45:00,77165.9,77192.1,76888.1,76970.3,73.58870716000001
2026-08-22 11:00:00,76970.3,77073.0,76818.1,76863.6,46.9922918
2026-08-22 11:15:00,76863.6,76988.4,76809.2,76983.4,41.67659608
2026-08-22 11:30:00,76980.9,77196.0,76942.2,77173.3,38.86942004
2026-08-22 11:45:00,77173.3,77211.0,77059.7,77127.4,20.680463
2026-08-22 12:00:00,77130.8,77283.4,77073.4,77243.9,35.493709190000004
2026-08-22 12:15:00,77244.7,77338.9,77194.4,77324.7,32.88209581
2026-08-22 12:30:00,77324.7,77345.2,77209.8,77342.4,33.77262369
2026-08-22 12:45:00,77341.7,77389.7,77251.8,77300.1,30.97061998
2026-08-22 13:00:00,77300.2,77317.7,77185.1,77217.2,36.06201138
2026-08-22 13:15:00,77217.3,77247.2,77117.1,77171.1,26.52302417
2026-08-22 13:30:00,77171.1,77195.8,77108.5,77145.0,12.89446407
2026-08-22 13:45:00,77156.9,77365.8,77142.0,77282.8,34.52470944
2026-08-22 14:00:00,77282.9,77316.5,76947.0,77033.1,45.922616
2026-08-22 14:15:00,77034.7,77096.8,76963.1,77095.1,23.2209726
2026-08-22 14:30:00,77095.1,77165.8,76950.3,76962.1,53.47136432
2026-08-22 14:45:00,76962.2,77088.5,76927.9,77009.0,48.60455452
2026-08-22 15:00:00,77009.0,77097.1,76938.0,76938.0,55.6362051
2026-08-22 15:15:00,76938.0,77037.2,76882.0,76993.0,65.36565102
2026-08-22 15:30:00,76993.0,77110.3,76989.1,77064.7,41.78874344
2026-08-22 15:45:00,77064.7,77098.4,76912.6,76991.0,70.07775242
2026-08-22 16:00:00,76991.1,77086.1,76950.7,77062.4,66.24370657
2026-08-22 16:15:00,77062.3,77265.9,77055.6,77205.4,111.55828463
2026-08-22 16:30:00,77205.4,77482.8,77183.0,77399.3,136.56140757
2026-08-22 16:45:00,77399.2,77573.4,77294.7,77294.7,41.50392901
2026-08-22 17:00:00,77294.7,77342.9,77245.1,77281.9,24.91159751
2026-08-22 17:15:00,77282.0,77343.6,77078.8,77092.3,23.49661568
2026-08-22 17:30:00,77092.3,77220.7,77092.3,77220.7,14.2744341
2026-08-22 17:45:00,77220.6,77374.5,77220.6,77279.0,14.57614061
2026-08-22 18:00:00,77279.0,77361.3,77211.6,77238.9,7.52600781
2026-08-22 18:15:00,77238.9,77348.8,77238.8,77296.2,6.530863719999999
2026-08-22 18:30:00,77294.4,77328.4,77220.1,77222.7,18.54855085
2026-08-22 18:45:00,77221.8,77266.7,77134.5,77266.7,21.79853158
2026-08-22 19:00:00,77266.6,77337.6,77200.1,77326.8,15.47344275
2026-08-22 19:15:00,77326.7,77337.6,77246.3,77279.3,14.85178554
2026-08-22 19:30:00,77279.4,77418.0,77279.2,77418.0,8.7037522
2026-08-22 19:45:00,77417.9,77473.6,77399.3,77415.5,17.3386222
2026-08-22 20:00:00,77415.5,77469.4,77361.0,77412.7,8.21601135
2026-08-22 20:15:00,77412.7,77429.1,77291.8,77295.9,16.75007147
2026-08-22 20:30:00,77295.9,77412.1,77261.0,77360.0,14.33691743
2026-08-22 20:45:00,77359.9,77384.4,77261.1,77309.9,11.87034544
2026-08-22 21:00:00,77309.9,77317.5,77026.1,77046.5,47.50722522
2026-08-22 21:15:00,77046.8,77212.9,77046.8,77179.6,16.22231453
2026-08-22 21:30:00,77179.6,77209.7,76922.8,77031.7,26.45415111
2026-08-22 21:45:00,77031.7,77031.7,76822.6,76851.3,29.85041144
2026-08-22 22:00:00,76851.3,77152.3,76775.0,77105.2,44.94489519
2026-08-22 22:15:00,77104.5,77159.7,77028.5,77041.8,32.97962756
2026-08-22 22:30:00,77041.7,77080.9,76875.7,77060.0,23.34783084
2026-08-22 22:45:00,77061.2,77142.8,76958.0,77001.5,24.00594871
2026-08-22 23:00:00,77001.6,77092.7,76947.2,76980.4,26.03536898
2026-08-22 23:15:00,76980.5,77031.6,76942.3,76947.3,9.15133551
2026-08-22 23:30:00,76947.3,77040.4,76900.0,77022.5,18.740706510000003
2026-08-22 23:45:00,77021.7,77132.5,77012.3,77070.7,13.36856219
2026-08-23 00:00:00,77070.8,77151.2,77038.5,77078.4,17.92406417
2026-08-23 00:15:00,77078.3,77254.5,77050.3,77230.4,28.31164177
2026-08-23 00:30:00,77230.4,77365.8,77230.3,77277.2,34.36392539
2026-08-23 00:45:00,77277.2,77357.8,77254.0,77303.8,22.14631077
2026-08-23 01:00:00,77303.8,77409.4,77169.3,77409.4,29.41213991
2026-08-23 01:15:00,77409.4,77409.4,77253.5,77275.9,18.34119121
2026-08-23 01:30:00,77275.9,77326.9,77167.9,77258.4,25.019239820000003
2026-08-23 01:45:00,77264.3,77334.2,77158.6,77197.9,39.33807086
2026-08-23 02:00:00,77197.9,77219.4,77041.3,77055.8,50.61288646
2026-08-23 02:15:00,77055.7,77134.1,77011.4,77120.1,31.55419581
2026-08-23 02:30:00,77121.2,77212.1,77115.4,77177.9,37.5345767
2026-08-23 02:45:00,77177.9,77231.6,77062.5,77076.4,25.0186784
2026-08-23 03:00:00,77076.5,77122.1,77011.4,77084.7,19.44463458
2026-08-23 03:15:00,77086.3,77148.9,76989.0,76989.1,36.09607304
2026-08-23 03:30:00,76989.0,76993.9,76836.4,76855.0,50.12910085
2026-08-23 03:45:00,76855.1,76999.5,76855.1,76934.3,20.76534759
2026-08-23 04:00:00,76934.4,77028.0,76715.9,77004.6,77.33324415999999
2026-08-23 04:15:00,77004.6,77038.9,76796.9,76966.6,24.19346088
2026-08-23 04:30:00,76966.6,76979.3,76808.6,76826.8,23.99137519
2026-08-23 04:45:00,76827.4,76830.2,76466.0,76602.3,164.60007751
2026-08-23 05:00:00,76602.2,76747.4,75815.1,75898.8,370.17963166
2026-08-23 05:15:00,75896.0,76324.8,75559.5,76236.5,403.9064664600001
2026-08-23 05:30:00,76236.5,76338.9,76109.7,76168.6,59.46692501
2026-08-23 05:45:00,76168.6,76256.0,76033.5,76060.4,33.4631914
2026-08-23 06:00:00,76060.3,76155.7,75883.3,76083.4,167.62261793
2026-08-23 06:15:00,76085.2,76313.4,76074.5,76232.8,92.00576984
2026-08-23 06:30:00,76233.2,76360.8,76176.8,76260.2,39.62161735
2026-08-23 06:45:00,76254.3,76276.2,76015.4,76099.7,24.08637139
2026-08-23 07:00:00,76099.8,76324.2,76018.5,76302.9,33.32536208
2026-08-23 07:15:00,76301.0,76350.0,76221.2,76223.0,17.55415873
2026-08-23 07:30:00,76222.9,76235.5,76030.3,76041.8,88.65532459
2026-08-23 07:45:00,76041.7,76138.3,75900.0,75996.5,169.02677804
2026-08-23 08:00:00,76000.3,76299.9,75941.4,76192.6,54.27590155
2026-08-23 08:15:00,76194.4,76293.7,76190.6,76232.8,25.84786759
2026-08-23 08:30:00,76232.7,76646.6,76232.7,76517.3,108.78906687
2026-08-23 08:45:00,76516.3,76608.2,76444.0,76480.0,51.423791
2026-08-23 09:00:00,76480.0,76634.1,76464.4,76579.6,33.79832256
2026-08-23 09:15:00,76580.3,76609.8,76469.0,76551.0,26.47514144
2026-08-23 09:30:00,76551.0,76574.9,76451.4,76561.9,39.49539035
2026-08-23 09:45:00,76561.9,76637.0,76501.7,76541.8,23.25360788
2026-08-23 10:00:00,76536.4,76725.3,76531.0,76651.1,50.50460444
2026-08-23 10:15:00,76653.1,76923.0,76637.9,76753.0,93.78993045
2026-08-23 10:30:00,76753.0,76922.9,76734.7,76853.7,45.48180735
2026-08-23 10:45:00,76852.0,76883.7,76771.4,76781.8,9.48203303
2026-08-23 11:00:00,76781.8,76881.0,76730.7,76880.8,22.40736531
2026-08-23 11:15:00,76881.1,77305.1,76813.5,77160.4,119.19393887
2026-08-23 11:30:00,77160.4,77376.1,77127.4,77275.4,58.51840120999999
2026-08-23 11:45:00,77275.3,77391.2,77173.2,77308.9,84.44455852
2026-08-23 12:00:00,77309.0,77312.3,77000.2,77067.0,48.46274177
2026-08-23 12:15:00,77066.9,77130.3,77017.9,77051.5,9.23202973
2026-08-23 12:30:00,77044.7,77250.0,77041.5,77235.9,15.96669574
2026-08-23 12:45:00,77235.9,77258.1,77160.0,77208.2,20.40866463
2026-08-23 13:00:00,77208.0,77338.3,77194.2,77338.3,16.23913011
2026-08-23 13:15:00,77338.2,77764.6,77332.3,77437.6,178.84405035
2026-08-23 13:30:00,77439.1,77618.9,77350.0,77497.2,62.84170315
2026-08-23 13:45:00,77525.1,77570.9,77373.4,77486.8,50.89106739
2026-08-23 14:00:00,77486.9,77617.5,77322.1,77553.1,68.49759588
2026-08-23 14:15:00,77553.2,77645.6,77416.6,77454.3,122.65923656
2026-08-23 14:30:00,77454.2,77487.3,76786.3,77018.2,178.05008927
2026-08-23 14:45:00,77018.3,77317.6,77018.3,77188.5,69.90831765
2026-08-23 15:00:00,77190.2,77332.8,77073.4,77164.7,27.4620874
2026-08-23 15:15:00,77164.8,77244.9,76871.3,77202.6,48.68056772
2026-08-23 15:30:00,77202.6,77321.4,77137.3,77272.2,25.92644861
2026-08-23 15:45:00,77272.1,77272.1,77140.4,77157.7,16.93025312
2026-08-23 16:00:00,77157.7,77301.0,77157.6,77269.5,18.97710203
2026-08-23 16:15:00,77269.5,77329.2,77206.5,77329.1,21.26280457
2026-08-23 16:30:00,77329.2,77436.9,77311.1,77385.1,37.97925324
2026-08-23 16:45:00,77385.0,77477.0,77355.1,77420.4,77.81542625
2026-08-23 17:00:00,77420.5,77456.4,77142.9,77284.9,77.99996164000001
2026-08-23 17:15:00,77289.2,77390.4,77189.8,77259.0,57.39269084
2026-08-23 17:30:00,77259.0,77321.0,77150.1,77241.0,20.09161949
2026-08-23 17:45:00,77241.0,77330.8,77183.9,77184.0,12.18521639
2026-08-23 18:00:00,77184.0,77405.4,77110.0,77340.7,27.74179893
2026-08-23 18:15:00,77340.7,77405.3,77263.9,77351.9,22.60207022
2026-08-23 18:30:00,77351.9,77368.0,77296.8,77338.7,18.47493525
2026-08-23 18:45:00,77338.7,77346.1,77244.7,77346.1,12.34612774
2026-08-23 19:00:00,77349.5,77406.8,77244.6,77318.7,22.045135780000003
2026-08-23 19:15:00,77318.7,77395.5,77283.0,77355.2,4.76098182
2026-08-23 19:30:00,77355.2,77440.3,77254.1,77431.6,18.81966787
2026-08-23 19:45:00,77431.5,77484.3,77326.2,77332.2,23.44421725
2026-08-23 20:00:00,77332.2,77337.7,77200.1,77276.1,21.13801805
2026-08-23 20:15:00,77276.2,77408.9,77275.9,77373.1,14.32608859
2026-08-23 20:30:00,77375.3,77456.6,77373.2,77419.3,6.57452823
2026-08-23 20:45:00,77419.3,77439.6,77391.1,77402.7,6.56659639
2026-08-23 21:00:00,77402.8,77702.9,77402.8,77701.8,87.01220783
2026-08-23 21:15:00,77701.9,78065.7,77692.5,78039.6,179.06700213
2026-08-23 21:30:00,78039.5,78051.9,77552.3,77639.4,102.93131766
2026-08-23 21:45:00,77639.7,77868.7,77639.5,77838.1,51.56493318
2026-08-23 22:00:00,77838.2,77982.5,77582.5,77697.4,71.29606584
2026-08-23 22:15:00,77697.3,77809.5,77633.3,77661.5,26.71253939
2026-08-23 22:30:00,77661.5,77729.0,77600.2,77647.4,35.720681240000005
2026-08-23 22:45:00,77647.7,77708.9,77568.5,77604.4,21.16477423
2026-08-23 23:00:00,77604.1,77625.6,77280.7,77476.5,56.40381107
2026-08-23 23:15:00,77476.5,77668.9,77450.0,77666.6,42.56888678
2026-08-23 23:30:00,77666.6,77828.4,77400.0,77489.6,45.928229900000005
2026-08-23 23:45:00,77489.6,77794.1,77479.6,77742.9,35.41139751
2026-08-24 00:00:00,77742.9,77755.7,77507.8,77626.3,32.57793212
2026-08-24 00:15:00,77626.4,77647.8,77257.6,77428.4,62.21903159
2026-08-24 00:30:00,77433.8,77585.4,77216.9,77230.0,46.7060236
2026-08-24 00:45:00,77230.1,77678.4,77153.9,77678.4,70.74128276
2026-08-24 01:00:00,77678.5,77720.5,77434.7,77435.9,41.74538078
2026-08-24 01:15:00,77437.1,77468.1,77224.7,77240.6,39.75891662
2026-08-24 01:30:00,77240.5,77374.6,77171.0,77218.2,34.06684533000001
2026-08-24 01:45:00,77218.2,77267.4,76909.5,76920.6,77.11929232
2026-08-24 02:00:00,76920.6,77419.7,76880.1,77371.2,64.16855131
2026-08-24 02:15:00,77371.2,77509.9,77371.2,77449.9,32.40996199
2026-08-24 02:30:00,77449.9,77546.3,77408.8,77445.9,19.66508252
2026-08-24 02:45:00,77445.9,77531.6,77237.6,77481.4,33.70653786
2026-08-24 03:00:00,77481.4,77531.7,77211.3,77213.6,21.2587428
2026-08-24 03:15:00,77213.6,77277.5,77124.2,77124.2,30.47083045
2026-08-24 03:30:00,77124.1,77166.6,76968.7,76987.8,65.16655725
2026-08-24 03:45:00,76987.4,77159.5,76934.3,76940.7,47.79109856
2026-08-24 04:00:00,76940.8,77099.2,76937.4,77028.0,23.660347100000003
2026-08-24 04:15:00,77027.9,77254.6,77025.1,77228.7,48.40675385
2026-08-24 04:30:00,77228.6,77238.4,77050.8,77113.7,63.70411482
2026-08-24 04:45:00,77113.8,77139.0,76681.1,76906.8,120.29285217
2026-08-24 05:00:00,76906.9,77220.0,76841.4,77219.9,55.09293993
2026-08-24 05:15:00,77219.9,77235.9,76952.3,77060.7,47.490360460000005
2026-08-24 05:30:00,77060.7,77184.5,76844.4,77095.5,46.52635137
2026-08-24 05:45:00,77099.0,77183.9,76993.1,77156.8,30.68093382
2026-08-24 06:00:00,77153.4,77431.7,77067.4,77392.9,48.66937091
2026-08-24 06:15:00,77391.4,77463.4,77295.2,77350.9,27.83674383
2026-08-24 06:30:00,77350.8,77389.6,77228.5,77346.8,26.21836554
2026-08-24 06:45:00,77349.6,77526.5,77339.7,77467.8,58.23625044
2026-08-24 07:00:00,77468.3,77790.0,77453.9,77751.9,79.36241334
2026-08-24 07:15:00,77751.9,77751.9,77544.0,77596.1,53.79405431
2026-08-24 07:30:00,77596.0,77596.1,77346.6,77346.6,69.86099730000001
2026-08-24 07:45:00,77346.6,77434.9,77281.2,77313.6,46.62165226
2026-08-24 08:00:00,77314.5,77421.4,77205.7,77254.1,38.82803258
2026-08-24 08:15:00,77254.5,77254.5,76837.5,76925.3,95.37264539
2026-08-24 08:30:00,76925.2,77137.2,76905.6,77137.2,22.69642132
2026-08-24 08:45:00,77137.1,77150.0,77015.5,77046.3,23.77110187
2026-08-24 09:00:00,77046.3,77314.1,77025.6,77287.8,32.09319541
2026-08-24 09:15:00,77287.8,77426.6,77208.9,77426.6,47.23542628
2026-08-24 09:30:00,77426.6,77500.0,77397.7,77469.2,44.74470151
2026-08-24 09:45:00,77464.6,77596.1,77436.1,77549.6,38.46379166
2026-08-24 10:00:00,77549.7,77888.0,77534.1,77849.6,94.00143632
2026-08-24 10:15:00,77849.6,77936.3,77768.4,77856.5,102.84717463
2026-08-24 10:30:00,77856.4,78021.6,77685.2,77731.9,106.17540247
2026-08-24 10:45:00,77731.9,77830.1,77538.7,77620.7,67.5375966
2026-08-24 11:00:00,77620.8,77855.2,77458.0,77819.7,97.96101497
2026-08-24 11:15:00,77819.7,77893.7,77721.1,77836.6,38.84454051
2026-08-24 11:30:00,77836.6,78573.0,77819.6,78573.0,253.91886526
2026-08-24 11:45:00,78573.0,78600.0,78100.0,78438.4,109.87499158
2026-08-24 12:00:00,78444.5,78444.6,78102.3,78140.2,63.72961787
2026-08-24 12:15:00,78140.1,78500.0,77964.3,78456.1,82.59304716
2026-08-24 12:30:00,78456.1,78880.0,78372.9,78730.0,240.25258887
2026-08-24 12:45:00,78729.9,79321.9,78714.1,79160.2,310.46189587000003
2026-08-24 13:00:00,79160.2,79427.6,78955.8,79224.8,248.83746686
2026-08-24 13:15:00,79224.9,79247.2,78871.6,79018.7,183.44020118
2026-08-24 13:30:00,79018.7,79045.2,78200.0,78266.9,490.33443109
2026-08-24 13:45:00,78264.8,78617.0,77860.0,78595.5,225.57812312
2026-08-24 14:00:00,78595.5,79239.0,78582.9,79195.1,211.82309949
2026-08-24 14:15:00,79195.1,79647.8,78867.5,79391.2,356.66785304
2026-08-24 14:30:00,79391.1,79838.6,79326.0,79645.2,270.43455384000004
2026-08-24 14:45:00,79645.2,79768.1,79271.6,79499.9,185.1800751
2026-08-24 15:00:00,79500.0,79711.3,79355.1,79530.6,128.67024073
2026-08-24 15:15:00,79530.5,79976.7,79513.9,79880.0,175.12763388
2026-08-24 15:30:00,79880.0,79999.8,79011.0,79280.0,330.07453965
2026-08-24 15:45:00,79278.9,79541.5,78807.5,79086.3,280.89115075
2026-08-24 16:00:00,79090.6,79528.8,79078.5,79483.6,155.8724494
2026-08-24 16:15:00,79483.7,79864.0,79465.5,79666.6,151.43592766999998
2026-08-24 16:30:00,79664.2,79769.7,79371.1,79371.2,117.69722738
2026-08-24 16:45:00,79371.2,79384.0,78885.8,79052.8,253.75945029
2026-08-24 17:00:00,79052.9,79196.8,78596.8,79092.5,176.38050965
2026-08-24 17:15:00,79092.4,79177.4,78454.6,78538.0,181.7192701
2026-08-24 17:30:00,78538.0,78847.0,78476.0,78619.1,77.0304911
2026-08-24 17:45:00,78619.8,78818.1,78538.3,78759.7,61.60415619
2026-08-24 18:00:00,78757.2,79011.4,78736.7,79003.7,66.12304295999999
2026-08-24 18:15:00,79003.6,79062.2,78921.1,79015.9,73.29660652
2026-08-24 18:30:00,79016.0,79080.6,78715.6,78971.8,52.93253662
2026-08-24 18:45:00,78971.8,79076.9,78854.1,78932.1,46.10128013
2026-08-24 19:00:00,78932.6,79122.1,78779.9,79022.2,86.27114492
2026-08-24 19:15:00,79025.5,79041.2,78610.0,78874.7,87.7958153
2026-08-24 19:30:00,78874.8,78960.4,78754.4,78880.3,64.16312882
2026-08-24 19:45:00,78878.2,78894.4,78590.2,78752.2,55.38141219
2026-08-24 20:00:00,78752.2,78818.1,78554.5,78687.2,63.61205616
2026-08-24 20:15:00,78687.1,78795.5,78609.5,78694.7,28.32267674
2026-08-24 20:30:00,78694.7,78994.0,78639.5,78913.1,80.49466115999999
2026-08-24 20:45:00,78908.7,78947.1,78820.9,78943.2,56.50913164
2026-08-24 21:00:00,78943.3,79048.4,78943.3,79036.3,29.63453922
2026-08-24 21:15:00,79036.3,79047.4,78856.5,78927.5,39.85412263
2026-08-24 21:30:00,78928.7,79033.1,78917.5,78992.0,27.19501727
2026-08-24 21:45:00,78992.0,79049.8,78922.3,78988.1,33.21634521
2026-08-24 22:00:00,78988.1,78996.0,78833.3,78880.4,53.48914461
2026-08-24 22:15:00,78878.0,78937.1,78757.8,78784.1,28.72862592
2026-08-24 22:30:00,78784.2,78923.2,78734.1,78763.6,46.71495904
2026-08-24 22:45:00,78763.6,78843.0,78670.2,78744.7,29.41828469
2026-08-24 23:00:00,78744.7,78825.3,78621.8,78746.2,32.76670581
2026-08-24 23:15:00,78748.1,78979.4,78735.7,78893.1,30.09848866
2026-08-24 23:30:00,78893.0,78979.4,78860.7,78963.1,26.58796123
2026-08-24 23:45:00,78963.1,79000.0,78829.6,78992.1,33.94925773
2026-08-25 00:00:00,78991.9,79070.0,78897.0,78961.0,60.89683498
2026-08-25 00:15:00,78960.9,78960.9,78717.2,78800.6,58.8941694
2026-08-25 00:30:00,78800.6,79366.6,78737.3,79366.6,78.15878355000001
2026-08-25 00:45:00,79366.6,79888.0,79335.5,79739.5,189.78896859
2026-08-25 01:00:00,79739.4,79980.0,79606.2,79647.4,119.96110622
2026-08-25 01:15:00,79647.7,79955.2,79475.0,79836.4,86.32906416
2026-08-25 01:30:00,79836.3,79914.8,79669.3,79702.2,42.22209617
2026-08-25 01:45:00,79695.8,79851.3,79512.9,79840.1,51.634636830000005
2026-08-25 02:00:00,79840.2,79929.9,79733.0,79868.0,47.9862818
2026-08-25 02:15:00,79868.1,81078.0,79812.5,81012.4,773.38908879
2026-08-25 02:30:00,81011.4,81280.0,80775.1,80824.8,231.76831023
2026-08-25 02:45:00,80824.8,80861.2,80436.8,80653.8,131.95391538
2026-08-25 03:00:00,80653.8,80955.2,80599.9,80798.7,91.9340774
2026-08-25 03:15:00,80798.7,80828.3,80504.9,80643.2,84.80436655
2026-08-25 03:30:00,80640.8,80874.7,80537.9,80598.3,88.61091888000001
2026-08-25 03:45:00,80598.2,80678.4,80313.4,80486.1,90.19290684
2026-08-25 04:00:00,80486.1,80610.7,80274.8,80490.2,55.06236812
2026-08-25 04:15:00,80490.3,80504.0,80233.9,80258.2,74.16212181
2026-08-25 04:30:00,80258.2,80388.9,80158.4,80241.2,81.85078591
2026-08-25 04:45:00,80241.2,80377.9,80220.9,80374.0,75.13029202999999
2026-08-25 05:00:00,80374.0,80583.0,80321.6,80545.9,75.87174809999999
2026-08-25 05:15:00,80546.5,80750.0,80476.6,80647.5,88.22549548
2026-08-25 05:30:00,80647.5,80820.0,80593.3,80707.4,66.34790081
2026-08-25 05:45:00,80707.5,80804.9,80635.7,80730.3,37.5649161
2026-08-25 06:00:00,80734.0,80859.1,80681.6,80844.3,68.57853999
2026-08-25 06:15:00,80844.2,80925.4,80745.2,80752.0,41.56431008
2026-08-25 06:30:00,80750.1,80752.3,80508.8,80534.5,46.811893600000005
2026-08-25 06:45:00,80534.5,80573.7,80410.1,80571.7,38.54510922
2026-08-25 07:00:00,80571.7,80812.1,80532.8,80717.8,40.99196736
2026-08-25 07:15:00,80717.7,80748.6,80600.1,80660.6,44.71493498
2026-08-25 07:30:00,80660.6,80690.9,80477.6,80509.6,139.96566925000002
2026-08-25 07:45:00,80509.6,80527.5,79360.2,79704.4,455.58716207
2026-08-25 08:00:00,79704.5,79982.6,79610.1,79926.1,102.83509657
2026-08-25 08:15:00,79926.0,80250.0,79925.1,80192.7,111.79772198
2026-08-25 08:30:00,80194.7,80234.7,79912.0,80113.3,85.18068061
2026-08-25 08:45:00,80113.3,80121.9,79836.0,79928.9,57.54181771
2026-08-25 09:00:00,79932.4,79959.9,79703.0,79829.6,117.95697369
2026-08-25 09:15:00,79829.6,79958.4,79769.7,79815.9,74.48865525
2026-08-25 09:30:00,79815.9,79950.0,79741.9,79742.0,67.8186587
2026-08-25 09:45:00,79741.9,79788.2,78880.0,79193.6,336.9679101
2026-08-25 10:00:00,79193.0,79345.6,79000.0,79326.4,72.34965925
2026-08-25 10:15:00,79326.5,79423.0,79216.7,79282.1,41.54110599
2026-08-25 10:30:00,79282.1,79332.9,79225.4,79325.4,55.97284732999999
2026-08-25 10:45:00,79326.5,79495.0,79301.5,79309.4,48.02675781
2026-08-25 11:00:00,79309.4,79405.0,79090.0,79100.8,59.8225785
2026-08-25 11:15:00,79101.7,79309.5,79055.3,79259.1,36.1603391
2026-08-25 11:30:00,79259.1,79477.1,79153.6,79158.4,53.21073505
2026-08-25 11:45:00,79158.4,79184.9,79033.2,79121.9,127.93932671
2026-08-25 12:00:00,79122.0,79178.9,78680.1,79075.8,200.95850559
2026-08-25 12:15:00,79075.7,79081.5,78633.4,78888.3,122.04681781
2026-08-25 12:30:00,78887.5,78999.9,78769.1,78932.1,52.66275558
2026-08-25 12:45:00,78933.0,79088.2,78892.7,78984.3,38.49364471
2026-08-25 13:00:00,78984.3,79086.3,78717.0,78814.9,97.58587748
2026-08-25 13:15:00,78815.0,78820.3,78571.5,78646.6,124.66341913
2026-08-25 13:30:00,78647.7,79225.0,78612.2,78647.0,192.56143693
2026-08-25 13:45:00,78648.0,78668.1,78127.6,78653.6,398.02020192
2026-08-25 14:00:00,78653.7,79050.0,78577.2,79001.8,114.44461914
2026-08-25 14:15:00,78999.4,79304.8,78897.8,79209.3,124.6403237
2026-08-25 14:30:00,79209.2,79393.6,79022.4,79171.5,146.97945804
2026-08-25 14:45:00,79172.0,79382.6,79162.4,79251.1,83.70142543
2026-08-25 15:00:00,79253.2,79366.0,79058.8,79106.7,85.30636652
2026-08-25 15:15:00,79116.1,79281.5,79007.5,79239.9,96.82929654
2026-08-25 15:30:00,79239.9,79478.5,79179.7,79406.4,108.28425751
2026-08-25 15:45:00,79407.4,79531.3,79264.7,79502.3,46.48692462
2026-08-25 16:00:00,79506.5,79571.4,79157.8,79167.6,72.14077739999999
2026-08-25 16:15:00,79167.6,79279.1,79070.0,79150.0,45.32070607
2026-08-25 16:30:00,79147.2,79361.6,79140.6,79227.4,33.92226264
2026-08-25 16:45:00,79227.4,79361.3,79091.6,79149.5,45.02139081
2026-08-25 17:00:00,79149.5,79149.5,78865.6,78969.1,90.52759131
2026-08-25 17:15:00,78969.2,79025.7,78752.8,78798.5,58.13721302
2026-08-25 17:30:00,78798.9,79179.9,78798.9,79133.8,49.74858849
2026-08-25 17:45:00,79133.9,79255.1,79133.9,79234.1,30.32094565
2026-08-25 18:00:00,79234.1,79366.1,79210.9,79318.7,43.14137517
2026-08-25 18:15:00,79318.7,79338.6,79233.4,79268.3,64.31387014
2026-08-25 18:30:00,79268.3,79273.5,79102.0,79169.5,21.47223485
2026-08-25 18:45:00,79169.5,79248.5,79042.6,79121.6,31.5807612
2026-08-25 19:00:00,79121.7,79193.6,79015.0,79156.5,24.88719852
2026-08-25 19:15:00,79156.4,79231.2,78908.8,78923.1,26.12447378
2026-08-25 19:30:00,78922.5,78950.0,78720.9,78746.2,38.75648181
2026-08-25 19:45:00,78746.2,78949.2,78736.3,78930.6,24.41382808
2026-08-25 20:00:00,78933.3,78973.7,78661.7,78882.2,31.69760402
2026-08-25 20:15:00,78882.5,78957.3,78771.0,78775.6,22.18828153
2026-08-25 20:30:00,78775.6,78789.3,78354.1,78473.2,77.47432805
2026-08-25 20:45:00,78473.1,78547.9,78174.5,78197.9,200.25573431
2026-08-25 21:00:00,78199.5,78302.3,77854.1,78290.4,207.7893053
2026-08-25 21:15:00,78290.5,78482.0,78205.6,78463.8,47.24365595
2026-08-25 21:30:00,78463.8,78655.2,78374.3,78585.3,39.15415661
2026-08-25 21:45:00,78585.3,78664.9,78535.4,78567.7,24.04630989
2026-08-25 22:00:00,78567.8,78946.3,78567.8,78936.5,47.87461357
2026-08-25 22:15:00,78936.5,79003.0,78600.6,78646.3,69.26318095
2026-08-25 22:30:00,78646.4,78873.6,78593.8,78774.0,32.78621159
2026-08-25 22:45:00,78773.7,78965.7,78771.8,78886.9,26.05256081
2026-08-25 23:00:00,78887.0,78981.0,78796.9,78951.9,43.08121567
2026-08-25 23:15:00,78951.8,78968.3,78625.0,78737.6,68.76514559
2026-08-25 23:30:00,78737.6,78800.0,78506.1,78596.1,42.10211246
2026-08-25 23:45:00,78596.1,78609.1,78393.9,78542.1,57.95207418
2026-08-26 00:00:00,78542.2,78633.1,78308.8,78358.8,78.77778041
2026-08-26 00:15:00,78358.9,78607.8,78331.5,78592.6,19.54148175
2026-08-26 00:30:00,78592.5,78670.6,78365.9,78393.7,30.50966139
2026-08-26 00:45:00,78395.1,78715.4,78368.4,78632.0,54.242770740000005
2026-08-26 01:00:00,78629.1,78905.6,78603.8,78755.3,71.99006641
2026-08-26 01:15:00,78755.6,78876.0,78691.8,78715.7,21.0164802
2026-08-26 01:30:00,78715.8,78956.0,78715.8,78870.2,25.89825281
2026-08-26 01:45:00,78870.2,78872.4,78765.2,78810.6,28.32476485
2026-08-26 02:00:00,78810.7,78882.2,78747.8,78782.3,38.67606527
2026-08-26 02:15:00,78775.0,79244.8,78738.3,79234.2,79.70803423
2026-08-26 02:30:00,79230.8,79234.2,79120.1,79148.1,25.55444682
2026-08-26 02:45:00,79148.1,79177.6,79038.2,79108.4,26.28314192
2026-08-26 03:00:00,79108.5,79182.5,79040.0,79040.1,20.89233375
2026-08-26 03:15:00,79040.1,79117.0,78988.9,79046.2,30.28316571
2026-08-26 03:30:00,79044.5,79125.8,78896.7,79060.1,22.72655653
2026-08-26 03:45:00,79060.0,79117.3,78946.0,79087.3,31.93175207
2026-08-26 04:00:00,79087.3,79194.9,78964.4,79049.0,48.78663506
2026-08-26 04:15:00,79048.9,79145.3,78977.5,79014.6,72.46140858
2026-08-26 04:30:00,79016.5,79059.6,78890.0,78967.3,34.27666038
2026-08-26 04:45:00,78966.4,78966.4,78786.5,78823.6,31.05768503
2026-08-26 05:00:00,78823.6,78956.5,78635.7,78907.3,46.4506491
2026-08-26 05:15:00,78900.0,79070.9,78745.1,79024.3,57.90762221
2026-08-26 05:30:00,79024.3,79137.2,78983.4,79117.3,17.75714509
2026-08-26 05:45:00,79117.3,79117.3,78941.1,79085.9,24.86547548
2026-08-26 06:00:00,79086.0,79213.1,78966.7,79002.3,50.27849454
2026-08-26 06:15:00,79002.4,79059.9,78825.8,78900.0,32.81622373
2026-08-26 06:30:00,78903.0,78977.3,78802.6,78936.2,26.22882068
2026-08-26 06:45:00,78936.2,78971.3,78864.5,78947.5,24.58031855
2026-08-26 07:00:00,78947.5,79096.2,78863.0,78989.5,35.565016990000004
2026-08-26 07:15:00,78989.5,79039.0,78905.6,78948.8,32.2359453
2026-08-26 07:30:00,78940.1,79050.0,78887.6,78995.0,27.34706739
2026-08-26 07:45:00,78995.0,79063.6,78920.4,78925.9,25.72152922
2026-08-26 08:00:00,78923.8,79112.1,78830.4,79036.3,23.70949582
2026-08-26 08:15:00,79036.4,79110.8,78907.6,78984.1,20.28317474
2026-08-26 08:30:00,78983.2,79029.1,78895.3,79001.0,21.38172602
2026-08-26 08:45:00,79000.9,79024.4,78604.2,78714.8,41.36430654
2026-08-26 09:00:00,78714.8,78881.4,78675.5,78782.5,39.45101818
2026-08-26 09:15:00,78782.5,78782.5,78400.2,78537.4,75.16090793000001
2026-08-26 09:30:00,78537.8,78600.0,78328.0,78328.9,52.56850475
2026-08-26 09:45:00,78328.9,78499.8,78246.5,78448.0,101.26424442
2026-08-26 10:00:00,78448.1,78479.2,78294.6,78441.2,62.70141967
2026-08-26 10:15:00,78440.5,78647.0,78436.6,78628.6,73.96276114999999
2026-08-26 10:30:00,78629.0,78816.3,78569.2,78732.0,62.55362524
2026-08-26 10:45:00,78732.1,78877.5,78700.1,78726.5,61.46642335999999
2026-08-26 11:00:00,78726.5,78786.0,78659.5,78705.3,23.47495621
2026-08-26 11:15:00,78705.4,78741.4,78621.0,78624.9,18.31029559
2026-08-26 11:30:00,78624.9,78628.8,78315.7,78484.8,39.96227388
2026-08-26 11:45:00,78481.2,78578.4,78381.6,78488.8,35.50736786
2026-08-26 12:00:00,78488.8,78565.8,78350.9,78399.9,21.65662254
2026-08-26 12:15:00,78399.8,78716.5,78296.4,78712.5,40.75474191
2026-08-26 12:30:00,78712.5,78712.6,77944.4,78266.7,243.08415509
2026-08-26 12:45:00,78270.9,78454.4,78204.7,78320.3,51.83634679
2026-08-26 13:00:00,78320.3,78449.3,77973.2,78128.6,97.35463508
2026-08-26 13:15:00,78128.7,78178.5,77920.1,78051.4,66.27675501
2026-08-26 13:30:00,78051.4,78500.0,78051.4,78499.4,140.8412591
2026-08-26 13:45:00,78492.0,78554.3,78119.0,78448.1,67.44950653000001
2026-08-26 14:00:00,78448.2,78605.9,78287.6,78460.0,119.91371212
2026-08-26 14:15:00,78459.9,78571.9,78205.1,78237.3,71.81743175
2026-08-26 14:30:00,78236.5,78289.8,77938.7,77980.8,70.52477224
2026-08-26 14:45:00,77980.0,78050.1,77770.0,77790.2,145.99721918
2026-08-26 15:00:00,77795.5,77961.8,77615.1,77847.4,101.49693761
2026-08-26 15:15:00,77847.4,78157.3,77727.8,78153.6,93.48137578
2026-08-26 15:30:00,78153.6,78171.4,77913.0,78038.3,41.14558408
2026-08-26 15:45:00,78037.5,78150.5,77966.1,78012.0,35.76762262
2026-08-26 16:00:00,78012.1,78165.3,77975.3,78080.7,24.97126784
2026-08-26 16:15:00,78084.3,78142.7,77971.1,78059.3,38.15062589
2026-08-26 16:30:00,78059.2,78155.5,77858.1,77866.0,53.8537881
2026-08-26 16:45:00,77866.1,78166.6,77866.1,77992.2,33.67366546
2026-08-26 17:00:00,77995.6,78139.3,77995.6,78135.9,12.54420555
2026-08-26 17:15:00,78135.8,78517.6,78135.8,78517.5,88.90852341
2026-08-26 17:30:00,78517.5,78607.1,78492.9,78514.3,72.68362089
2026-08-26 17:45:00,78514.4,78521.1,78365.8,78443.6,51.21387361
2026-08-26 18:00:00,78445.2,78654.7,78396.2,78565.5,43.72712701
2026-08-26 18:15:00,78565.6,78607.0,78441.2,78469.8,48.28303819
2026-08-26 18:30:00,78469.9,78495.1,78284.8,78300.9,26.86151266
2026-08-26 18:45:00,78301.0,78505.4,78290.1,78479.0,14.948980210000002
2026-08-26 19:00:00,78479.1,78510.6,78380.6,78382.5,20.92325286
2026-08-26 19:15:00,78382.5,78577.1,78291.6,78532.6,32.28130458
2026-08-26 19:30:00,78532.6,78553.4,78376.4,78433.8,20.19048139
2026-08-26 19:45:00,78433.8,78529.8,78431.4,78474.7,12.88931768
2026-08-26 20:00:00,78470.9,78522.4,78391.2,78416.0,13.67368566
2026-08-26 20:15:00,78416.1,78459.7,78200.0,78394.2,30.16877618
2026-08-26 20:30:00,78394.2,78429.0,78281.2,78395.1,9.61465118
2026-08-26 20:45:00,78395.1,78455.0,78380.0,78453.9,16.47012428
2026-08-26 21:00:00,78453.9,78799.9,78381.2,78787.3,57.3567753
2026-08-26 21:15:00,78788.7,78845.6,78706.7,78746.2,29.615884110000003
2026-08-26 21:30:00,78745.6,78833.2,78654.0,78713.4,23.92871429
2026-08-26 21:45:00,78715.1,78807.7,78671.6,78727.4,9.11547475
2026-08-26 22:00:00,78727.4,78869.5,78676.0,78788.1,28.10914543
2026-08-26 22:15:00,78788.0,78979.3,78763.1,78830.0,69.01885089
2026-08-26 22:30:00,78830.6,78830.6,78592.0,78699.9,18.61207367
2026-08-26 22:45:00,78699.9,78735.5,78558.3,78696.1,21.15046876
2026-08-26 23:00:00,78695.9,78752.2,78645.2,78712.2,20.19378438
2026-08-26 23:15:00,78707.4,78905.3,78671.7,78862.4,24.16110572
2026-08-26 23:30:00,78862.4,79057.9,78862.3,79043.3,50.24529377
2026-08-26 23:45:00,79043.4,79172.6,79000.0,79031.1,82.41376016000001
2026-08-27 00:00:00,79031.2,79037.8,78821.6,78849.2,53.3985435
2026-08-27 00:15:00,78849.2,78951.9,78819.3,78913.7,13.58149027
2026-08-27 00:30:00,78913.6,78916.6,78788.8,78883.3,25.16093167
2026-08-27 00:45:00,78883.3,78901.2,78696.7,78696.7,43.8850312
2026-08-27 01:00:00,78696.7,78785.5,78626.5,78669.9,25.83737718
2026-08-27 01:15:00,78666.5,78974.7,78552.7,78935.5,54.82827402
2026-08-27 01:30:00,78935.7,78982.9,78722.0,78722.0,28.19879178
2026-08-27 01:45:00,78722.0,79025.8,78702.4,78903.4,57.8097645
2026-08-27 02:00:00,78903.5,78988.7,78855.8,78884.9,27.51747658
2026-08-27 02:15:00,78881.2,78886.9,78730.3,78766.1,21.18548413
2026-08-27 02:30:00,78766.4,78805.2,78710.6,78744.9,11.65240344
2026-08-27 02:45:00,78744.9,78794.9,78713.5,78736.0,10.51215082
2026-08-27 03:00:00,78736.0,78790.7,78677.9,78683.0,13.63826266
2026-08-27 03:15:00,78683.2,78993.9,78650.0,78898.1,36.50998559
2026-08-27 03:30:00,78898.2,78926.5,78834.9,78872.1,14.31183329
2026-08-27 03:45:00,78872.1,78928.7,78774.7,78837.8,14.94243906
2026-08-27 04:00:00,78839.4,78900.1,78795.2,78857.5,47.95152988
2026-08-27 04:15:00,78857.5,78899.8,78781.2,78781.2,23.84514991
2026-08-27 04:30:00,78780.1,78820.1,78689.5,78820.1,35.27919209
2026-08-27 04:45:00,78820.0,78825.8,78706.5,78779.4,77.35694885
2026-08-27 05:00:00,78779.4,78786.4,78650.1,78655.0,13.44179172
2026-08-27 05:15:00,78655.0,78809.4,78635.1,78667.1,9.37706126
2026-08-27 05:30:00,78667.2,78806.6,78602.0,78716.4,22.14080384
2026-08-27 05:45:00,78712.9,78933.2,78709.5,78914.7,28.94775249
2026-08-27 06:00:00,78916.7,78916.7,78650.0,78691.0,69.47755239
2026-08-27 06:15:00,78691.0,78803.1,78611.7,78660.6,46.86245587
2026-08-27 06:30:00,78661.0,78799.8,78661.0,78759.1,24.17122205
2026-08-27 06:45:00,78759.1,78858.4,78751.3,78828.0,31.91182488
2026-08-27 07:00:00,78828.0,78868.4,78763.6,78832.9,14.37647824
2026-08-27 07:15:00,78830.5,78856.3,78753.0,78800.0,25.84261815
2026-08-27 07:30:00,78796.9,78884.0,78796.9,78839.9,24.53795317
2026-08-27 07:45:00,78840.0,79102.1,78840.0,79079.1,83.64848556
2026-08-27 08:00:00,79079.1,79875.0,79043.6,79639.8,244.29397183
2026-08-27 08:15:00,79639.8,79753.7,79451.5,79751.8,85.99273774
2026-08-27 08:30:00,79753.8,79999.3,79722.5,79922.1,114.13682624
2026-08-27 08:45:00,79922.2,80025.9,79695.6,79763.4,198.22488783
2026-08-27 09:00:00,79763.4,79887.3,79681.1,79880.0,64.50064180999999
2026-08-27 09:15:00,79879.9,80500.0,79792.0,80491.7,198.89519439
2026-08-27 09:30:00,80493.1,80523.5,80208.3,80247.3,59.22738627
2026-08-27 09:45:00,80247.4,80284.9,79904.3,80003.4,129.92854297
2026-08-27 10:00:00,80003.4,80166.5,79813.3,79939.9,62.01698837
2026-08-27 10:15:00,79939.9,80024.3,79341.0,79669.9,111.00306463
2026-08-27 10:30:00,79670.0,79686.1,79367.8,79613.5,66.26564985
2026-08-27 10:45:00,79613.5,79640.7,79494.6,79640.7,38.95991655
2026-08-27 11:00:00,79641.3,79731.7,79562.0,79671.1,25.61610447
2026-08-27 11:15:00,79759.5,79776.7,79493.0,79524.4,47.64088237
2026-08-27 11:30:00,79524.5,79573.5,79383.0,79437.2,40.84199453
2026-08-27 11:45:00,79437.3,79505.6,79182.7,79480.0,66.00588775
2026-08-27 12:00:00,79480.1,79560.2,79369.1,79500.1,36.55026207
2026-08-27 12:15:00,79500.4,79594.9,79389.1,79553.7,16.99083062
2026-08-27 12:30:00,79553.7,79553.7,79258.4,79271.6,53.76479701
2026-08-27 12:45:00,79271.7,79358.8,79253.8,79276.7,20.48529845
2026-08-27 13:00:00,79276.7,79386.3,79263.2,79371.8,25.9703509
2026-08-27 13:15:00,79371.9,79489.6,79293.7,79353.2,85.28128641
2026-08-27 13:30:00,79353.3,79365.0,79103.0,79239.5,87.41752187
2026-08-27 13:45:00,79239.5,79578.6,78907.4,79531.8,191.31066852
2026-08-27 14:00:00,79531.8,79800.0,79352.6,79462.3,133.89612064
2026-08-27 14:15:00,79462.3,79918.2,79395.0,79909.0,98.42500621
2026-08-27 14:30:00,79909.0,80394.2,79800.1,80367.0,236.51471068
2026-08-27 14:45:00,80366.3,80366.3,79998.7,80206.2,157.30825505
2026-08-27 15:00:00,80206.2,80800.0,80088.7,80676.0,338.45085047
2026-08-27 15:15:00,80671.3,80738.0,80412.8,80606.7,204.14646272
2026-08-27 15:30:00,80606.7,80616.5,80351.4,80495.4,142.88483216999998
2026-08-27 15:45:00,80495.4,80513.0,80300.6,80302.4,63.751845720000006
2026-08-27 16:00:00,80302.3,80535.6,80182.2,80409.7,107.53545529
2026-08-27 16:15:00,80405.3,80537.1,80390.0,80405.8,54.27371669
2026-08-27 16:30:00,80405.8,80625.0,80263.0,80560.0,90.2512846
2026-08-27 16:45:00,80566.4,80602.5,80340.2,80363.2,62.12803377
2026-08-27 17:00:00,80363.2,80670.1,80232.2,80629.2,97.68354933
2026-08-27 17:15:00,80629.2,80850.0,80590.9,80723.8,126.38925085
2026-08-27 17:30:00,80723.8,80809.5,80464.8,80494.4,85.79903222
2026-08-27 17:45:00,80494.5,80569.9,80429.2,80432.1,52.02619688
2026-08-27 18:00:00,80432.2,80434.5,79979.9,80082.2,96.0362377
2026-08-27 18:15:00,80082.2,80198.4,79753.7,79915.0,100.24555032
2026-08-27 18:30:00,79914.9,80009.5,79815.0,79965.6,40.12489753
2026-08-27 18:45:00,79965.6,80155.3,79899.7,80155.2,32.30322685
2026-08-27 19:00:00,80155.3,80294.1,80110.8,80159.6,63.12386444
2026-08-27 19:15:00,80159.7,80236.0,80038.6,80183.6,38.14745349
2026-08-27 19:30:00,80183.7,80232.1,79967.5,80007.2,48.55764296
2026-08-27 19:45:00,80007.3,80046.0,79877.7,79904.7,67.61550856
2026-08-27 20:00:00,79908.6,80047.7,79877.1,79955.4,42.76367094
2026-08-27 20:15:00,79955.5,80124.5,79947.3,79993.0,36.86836277
2026-08-27 20:30:00,79993.0,80054.4,79980.4,80018.3,17.340437710000003
2026-08-27 20:45:00,80018.3,80100.2,79959.9,80097.5,30.35971281
2026-08-27 21:00:00,80097.6,80157.7,80016.7,80093.5,32.5285885
2026-08-27 21:15:00,80093.6,80134.9,79986.0,80034.9,21.54444644
2026-08-27 21:30:00,80034.9,80133.4,79974.2,80030.0,19.85955788
2026-08-27 21:45:00,80030.0,80191.0,79995.9,80178.3,16.482457099999998
2026-08-27 22:00:00,80178.3,80326.4,80178.3,80247.6,19.69773843
2026-08-27 22:15:00,80247.9,80434.9,80202.1,80241.8,41.26870462
2026-08-27 22:30:00,80241.8,80296.4,80150.0,80285.6,28.7270482
2026-08-27 22:45:00,80285.5,80285.5,80212.9,80253.0,10.92748344
2026-08-27 23:00:00,80302.9,80302.9,80147.6,80172.5,15.65070164
2026-08-27 23:15:00,80172.5,80396.4,80140.7,80318.5,22.71609507
2026-08-27 23:30:00,80318.3,80330.1,80245.9,80266.1,13.35244954
2026-08-27 23:45:00,80266.2,80322.5,80188.5,80246.3,14.17618029
2026-08-28 00:00:00,80253.5,80279.8,80150.0,80210.9,64.42838889
2026-08-28 00:15:00,80210.9,80464.2,80210.9,80423.7,181.57121765
2026-08-28 00:30:00,80423.7,80500.0,80363.0,80427.5,44.23284117
2026-08-28 00:45:00,80427.5,80706.7,80349.9,80580.0,87.64149463000001
2026-08-28 01:00:00,80580.1,80888.0,80580.1,80757.4,81.60709407
2026-08-28 01:15:00,80757.4,81180.7,80686.0,81126.3,199.52187524
2026-08-28 01:30:00,81126.3,81499.9,80810.5,80843.7,221.5227854
2026-08-28 01:45:00,80843.6,80888.1,80439.6,80497.2,86.63758746
2026-08-28 02:00:00,80496.6,80500.9,80232.4,80242.0,165.44465691
2026-08-28 02:15:00,80235.4,80303.1,79923.9,79923.9,140.2247235
2026-08-28 02:30:00,79923.8,80159.7,79830.7,80033.7,80.96219162999999
2026-08-28 02:45:00,80033.7,80037.9,79720.0,79927.1,127.38987754
2026-08-28 03:00:00,79927.1,79976.9,79772.7,79869.7,48.72900442
2026-08-28 03:15:00,79869.7,80053.5,79869.7,79903.6,32.558082060000004
2026-08-28 03:30:00,79903.6,79991.6,79811.1,79820.4,53.98001831
2026-08-28 03:45:00,79820.4,79866.3,79780.6,79812.9,25.52390178
2026-08-28 04:00:00,79812.9,79863.3,79602.5,79856.4,105.24274997
2026-08-28 04:15:00,79856.3,79973.3,79808.5,79808.6,53.1591093
2026-08-28 04:30:00,79808.5,79845.7,79638.9,79705.0,50.93418794
2026-08-28 04:45:00,79707.2,79742.5,79620.6,79644.0,41.76945973
2026-08-28 05:00:00,79644.1,79719.9,79557.3,79644.2,61.5181692
2026-08-28 05:15:00,79644.3,79733.4,79568.0,79727.3,38.75744464
2026-08-28 05:30:00,79727.3,79860.8,79700.2,79812.9,41.91910062
2026-08-28 05:45:00,79812.9,79876.3,79647.1,79689.4,42.8470367
2026-08-28 06:00:00,79689.4,79913.3,79689.3,79904.1,24.44329158
2026-08-28 06:15:00,79904.0,79907.9,79802.1,79831.2,17.23464971
2026-08-28 06:30:00,79831.3,79876.3,79791.4,79866.3,25.23077297
2026-08-28 06:45:00,79866.2,80000.0,79866.2,79900.0,25.30461482
2026-08-28 07:00:00,79900.0,79900.0,79660.0,79691.7,32.73771121
2026-08-28 07:15:00,79691.8,79814.7,79670.0,79801.7,21.85201822
2026-08-28 07:30:00,79800.3,79811.0,79571.3,79581.5,148.17175721
2026-08-28 07:45:00,79581.5,79676.1,79581.5,79666.0,144.9942562
2026-08-28 08:00:00,79666.1,79842.8,79666.0,79736.3,51.35135021
2026-08-28 08:15:00,79736.3,79842.8,79736.2,79790.1,18.89506138
2026-08-28 08:30:00,79790.1,79823.1,79709.9,79709.9,44.1894699
2026-08-28 08:45:00,79710.0,79728.9,79481.0,79515.0,63.3165239
2026-08-28 09:00:00,79515.0,79515.0,79242.7,79390.2,96.67252117
2026-08-28 09:15:00,79390.2,79472.8,79377.1,79392.2,55.66238615
2026-08-28 09:30:00,79388.8,79448.1,79272.9,79272.9,75.25277267
2026-08-28 09:45:00,79273.0,79359.9,79272.9,79283.4,62.97483898
2026-08-28 10:00:00,79283.4,79318.6,79001.0,79219.7,104.17754838
2026-08-28 10:15:00,79219.7,79317.6,79150.1,79301.5,48.89729079
2026-08-28 10:30:00,79301.4,79381.9,79291.2,79327.5,45.83995253
2026-08-28 10:45:00,79322.8,79574.2,79322.0,79573.6,50.42650448
2026-08-28 11:00:00,79573.6,79722.1,79556.8,79701.4,37.45001294
2026-08-28 11:15:00,79701.3,79769.7,79649.0,79672.6,42.45070283
2026-08-28 11:30:00,79671.0,79746.0,79576.0,79619.0,41.06295776
2026-08-28 11:45:00,79619.0,79646.1,79547.9,79598.0,13.24961207
2026-08-28 12:00:00,79598.0,79676.6,79509.2,79535.3,15.10836289
2026-08-28 12:15:00,79535.6,79721.7,79522.5,79523.7,29.22528252
2026-08-28 12:30:00,79523.7,79533.9,79300.0,79418.6,43.0686856
2026-08-28 12:45:00,79414.3,79433.7,79347.8,79415.6,13.00045718
2026-08-28 13:00:00,79413.3,79487.4,79287.1,79376.4,29.19251623
2026-08-28 13:15:00,79376.3,79376.4,79082.8,79200.8,91.0920606
2026-08-28 13:30:00,79200.7,79361.6,79027.9,79083.7,102.52321742
2026-08-28 13:45:00,79083.7,79547.9,79072.5,79318.2,98.88644349
2026-08-28 14:00:00,79318.1,79725.0,78435.3,78631.7,422.19182338
2026-08-28 14:15:00,78631.6,79027.3,78503.8,78944.9,204.08405214
2026-08-28 14:30:00,78944.9,79705.8,78840.6,79417.0,268.83083972000003
2026-08-28 14:45:00,79420.0,79608.1,79100.0,79544.3,85.61177993
2026-08-28 15:00:00,79549.9,79839.3,79284.5,79304.4,90.32255978
2026-08-28 15:15:00,79304.4,79515.6,79233.0,79344.1,90.897714
2026-08-28 15:30:00,79344.0,79350.6,78772.8,78795.6,142.40962319
2026-08-28 15:45:00,78797.7,78916.6,78312.3,78329.9,185.46685528
2026-08-28 16:00:00,78325.7,78397.7,77825.7,77825.7,357.59670800000004
2026-08-28 16:15:00,77825.7,77866.6,76888.0,77529.9,1001.94737024
2026-08-28 16:30:00,77530.0,77967.2,77510.0,77799.2,170.92073534
2026-08-28 16:45:00,77799.3,77998.8,77772.2,77785.9,110.65900434
2026-08-28 17:00:00,77785.9,78017.9,77659.0,77999.4,98.13917091
2026-08-28 17:15:00,78006.0,78129.5,77829.7,77942.9,75.15324169
2026-08-28 17:30:00,77943.0,78000.0,77700.0,77779.3,46.8716012
2026-08-28 17:45:00,77779.3,77999.1,77779.3,77907.0,53.19445301
2026-08-28 18:00:00,77907.1,77942.6,77743.1,77743.2,55.0280322
2026-08-28 18:15:00,77743.2,77796.4,77501.6,77586.9,70.78008922
2026-08-28 18:30:00,77586.8,77625.2,77346.4,77414.1,123.55200117
2026-08-28 18:45:00,77414.1,77555.6,77267.0,77555.6,62.33232439
2026-08-28 19:00:00,77555.6,77740.9,77516.7,77671.3,61.6261569
2026-08-28 19:15:00,77671.4,77801.6,77627.6,77700.2,43.6261101
2026-08-28 19:30:00,77700.2,77710.9,77535.5,77535.6,38.1564874
2026-08-28 19:45:00,77535.6,77591.5,77370.0,77579.1,86.85264716
2026-08-28 20:00:00,77579.0,77615.2,77482.4,77563.1,59.84730223
2026-08-28 20:15:00,77563.0,77563.1,77408.1,77507.8,17.20671595
2026-08-28 20:30:00,77507.7,77507.7,77312.8,77405.2,31.75623979
2026-08-28 20:45:00,77404.2,77471.6,77345.9,77410.3,18.73566028
2026-08-28 21:00:00,77410.4,77442.8,77333.7,77403.9,23.24871767
2026-08-28 21:15:00,77403.9,77436.5,77330.6,77413.7,20.07056739
2026-08-28 21:30:00,77416.8,77532.7,77416.7,77479.7,96.36508686
2026-08-28 21:45:00,77479.6,77479.7,77254.5,77376.0,26.1696957
2026-08-28 22:00:00,77376.1,77462.1,77341.0,77462.0,19.96455015
2026-08-28 22:15:00,77462.0,77601.4,77401.8,77582.8,24.7561346
2026-08-28 22:30:00,77582.8,77749.6,77566.1,77742.9,36.35781407
2026-08-28 22:45:00,77742.8,77770.0,77681.1,77758.1,29.41888995
2026-08-28 23:00:00,77758.1,77781.3,77677.8,77771.4,25.57856017
2026-08-28 23:15:00,77771.4,77771.4,77666.2,77682.8,31.62315566
2026-08-28 23:30:00,77682.9,77717.1,77673.7,77699.6,22.67407776
2026-08-28 23:45:00,77696.8,77844.7,77639.3,77844.7,15.55530609
2026-08-29 00:00:00,77844.7,77906.5,77789.0,77816.8,23.42092893
2026-08-29 00:15:00,77816.8,77953.4,77816.8,77908.9,30.24728619
2026-08-29 00:30:00,77903.7,77903.7,77776.3,77787.6,20.59107356
2026-08-29 00:45:00,77787.6,77821.8,77727.2,77736.7,14.65361057
2026-08-29 01:00:00,77736.7,77736.7,77615.5,77638.2,25.92622936
2026-08-29 01:15:00,77638.5,77794.2,77638.5,77794.2,9.85165176
2026-08-29 01:30:00,77794.2,77831.5,77760.8,77831.5,18.0271821
2026-08-29 01:45:00,77831.5,77848.0,77755.1,77804.1,14.5298002
2026-08-29 02:00:00,77804.1,77830.9,77743.1,77743.2,23.75594287
2026-08-29 02:15:00,77743.2,77758.3,77585.3,77635.5,38.77512878
2026-08-29 02:30:00,77635.5,77683.8,77591.7,77625.1,18.31999005
2026-08-29 02:45:00,77625.1,77716.1,77625.1,77675.8,10.20470253
2026-08-29 03:00:00,77675.9,77736.1,77675.8,77686.9,7.16066198
2026-08-29 03:15:00,77686.9,77721.4,77639.9,77689.5,10.89658137
2026-08-29 03:30:00,77689.5,77715.0,77581.2,77620.0,15.67879887
2026-08-29 03:45:00,77619.8,77619.8,77509.4,77514.1,82.02108873
2026-08-29 04:00:00,77514.2,77601.4,77512.0,77589.2,13.81532624
2026-08-29 04:15:00,77589.1,77617.1,77581.2,77608.1,17.45203897
2026-08-29 04:30:00,77608.0,77646.3,77586.5,77617.3,15.848323659999998
2026-08-29 04:45:00,77617.4,77678.3,77610.3,77652.4,11.65731325
2026-08-29 05:00:00,77652.5,77723.4,77623.1,77706.4,23.46124814
2026-08-29 05:15:00,77706.4,77709.0,77636.3,77662.8,7.1420299
2026-08-29 05:30:00,77659.3,77723.2,77640.0,77689.9,15.768231
2026-08-29 05:45:00,77691.8,77700.0,77604.0,77638.2,7.35865249
2026-08-29 06:00:00,77638.3,77645.7,77484.3,77484.5,32.47756385
2026-08-29 06:15:00,77484.4,77522.6,77384.9,77411.3,31.33061799
2026-08-29 06:30:00,77411.3,77492.9,77411.3,77445.1,19.5487256
2026-08-29 06:45:00,77445.5,77478.5,77428.7,77465.5,6.31127793
2026-08-29 07:00:00,77465.3,77530.4,77435.7,77460.7,16.209693469999998
2026-08-29 07:15:00,77460.6,77530.4,77446.5,77522.0,12.02334765
2026-08-29 07:30:00,77522.0,77664.0,77510.4,77661.6,137.52653902
2026-08-29 07:45:00,77661.6,77683.3,77625.2,77625.2,99.07873656
2026-08-29 08:00:00,77625.3,77627.0,77484.8,77525.6,23.85254362
2026-08-29 08:15:00,77525.6,77598.4,77513.3,77598.3,33.54722195
2026-08-29 08:30:00,77598.3,77598.3,77511.9,77580.5,18.38226314
2026-08-29 08:45:00,77580.5,77638.7,77534.3,77638.7,12.35386305
2026-08-29 09:00:00,77638.8,77683.6,77558.7,77648.2,31.63717424
2026-08-29 09:15:00,77648.2,77668.6,77607.8,77636.7,7.14177503
2026-08-29 09:30:00,77636.7,77759.4,77622.6,77661.3,28.78288187
2026-08-29 09:45:00,77661.4,77682.4,77646.5,77646.6,17.33631259
2026-08-29 10:00:00,77646.6,77646.6,77513.0,77586.8,33.00072381
2026-08-29 10:15:00,77586.9,77722.7,77586.9,77671.5,19.70497487
2026-08-29 10:30:00,77671.5,77727.6,77670.0,77683.6,10.58004488
2026-08-29 10:45:00,77683.5,77729.1,77637.7,77637.8,17.30107692
2026-08-29 11:00:00,77637.8,77724.1,77621.1,77724.1,6.57389598
2026-08-29 11:15:00,77724.1,77724.1,77676.9,77690.9,6.44760007
2026-08-29 11:30:00,77691.4,77707.6,77636.3,77641.4,7.11943565
2026-08-29 11:45:00,77641.4,77665.4,77562.9,77590.1,12.46254923
2026-08-29 12:00:00,77590.1,77622.1,77563.2,77602.5,3.89904966
2026-08-29 12:15:00,77602.5,77662.5,77534.2,77590.7,12.45681681
2026-08-29 12:30:00,77590.7,77603.0,77508.5,77579.8,10.25378494
2026-08-29 12:45:00,77579.8,77600.0,77549.2,77587.5,10.03398822
2026-08-29 13:00:00,77587.6,77668.8,77561.6,77657.4,21.02771836
2026-08-29 13:15:00,77657.3,77724.2,77635.6,77654.0,26.0842177
2026-08-29 13:30:00,77653.9,77720.3,77636.3,77664.9,11.59976844
2026-08-29 13:45:00,77664.9,77720.4,77655.7,77700.1,16.77496647
2026-08-29 14:00:00,77700.1,77725.9,77654.6,77687.8,17.998624969999998
2026-08-29 14:15:00,77687.8,77750.0,77672.4,77700.1,35.80594454
2026-08-29 14:30:00,77700.0,78025.0,77687.6,77922.1,87.51391365
2026-08-29 14:45:00,77922.0,78152.5,77920.2,78010.1,84.32908427
2026-08-29 15:00:00,78010.1,78018.4,77855.5,77941.8,33.435563880000004
2026-08-29 15:15:00,77941.7,77990.6,77855.5,77894.6,12.26145293
2026-08-29 15:30:00,77894.5,77894.5,77804.7,77831.1,10.35876271
2026-08-29 15:45:00,77831.1,77939.0,77802.6,77858.1,13.81351778
2026-08-29 16:00:00,77858.0,77994.7,77848.0,77989.6,28.78026344
2026-08-29 16:15:00,77989.7,78113.9,77909.5,77951.2,45.60617461
2026-08-29 16:30:00,77953.6,78031.0,77888.8,78021.6,37.11696222
2026-08-29 16:45:00,78023.4,78096.1,77989.9,78022.8,71.84228232
2026-08-29 17:00:00,78022.8,78086.4,78022.7,78051.9,14.90409563
2026-08-29 17:15:00,78055.5,78100.3,77987.0,77987.1,38.03264119
2026-08-29 17:30:00,77987.1,78031.1,77896.3,78014.8,17.74625558
2026-08-29 17:45:00,78014.8,78108.2,77988.9,78108.2,13.932310479999998
2026-08-29 18:00:00,78108.6,78152.8,78064.0,78064.1,25.52046371
2026-08-29 18:15:00,78064.1,78102.4,78022.6,78050.0,37.71839459
2026-08-29 18:30:00,78052.3,78213.3,78013.9,78146.6,29.88352607
2026-08-29 18:45:00,78146.7,78252.8,78146.6,78157.1,17.25036994
2026-08-29 19:00:00,78157.1,78306.4,78157.0,78306.4,11.6728956
2026-08-29 19:15:00,78306.4,78336.6,78238.4,78246.0,24.07356259
2026-08-29 19:30:00,78246.1,78273.1,78190.0,78258.2,13.05343778
2026-08-29 19:45:00,78258.2,78267.1,78133.4,78188.2,10.4801263
2026-08-29 20:00:00,78188.2,78297.6,78168.0,78233.3,15.5978086
2026-08-29 20:15:00,78233.4,78273.6,78176.5,78176.5,5.97988865
2026-08-29 20:30:00,78174.4,78174.4,78113.7,78133.2,13.54143878
2026-08-29 20:45:00,78133.2,78160.0,78110.1,78123.0,7.085213809999999
2026-08-29 21:00:00,78123.0,78199.4,78058.7,78148.2,73.92331791
2026-08-29 21:15:00,78148.2,78183.3,78101.3,78104.2,11.61470129
2026-08-29 21:30:00,78104.3,78130.8,78058.9,78100.0,17.20060304
2026-08-29 21:45:00,78100.0,78209.0,78099.9,78168.7,5.44692588
2026-08-29 22:00:00,78168.8,78223.3,78110.0,78137.3,13.87223681
2026-08-29 22:15:00,78137.8,78160.3,78073.9,78150.7,12.03278562
2026-08-29 22:30:00,78148.7,78181.5,78141.1,78179.2,27.13349481
2026-08-29 22:45:00,78179.3,78240.9,78179.2,78225.8,12.35819827
2026-08-29 23:00:00,78225.8,78255.8,78200.0,78241.9,15.25184692
2026-08-29 23:15:00,78241.8,78268.1,78191.9,78268.1,15.21398655
2026-08-29 23:30:00,78268.1,78270.0,78227.2,78227.2,10.41337581
2026-08-29 23:45:00,78227.2,78280.0,78227.2,78233.0,5.46367862
2026-08-30 00:00:00,78233.1,78234.0,78143.8,78177.6,12.15729056
2026-08-30 00:15:00,78177.7,78327.8,78177.6,78216.8,20.73880286
2026-08-30 00:30:00,78216.8,78303.7,78191.0,78210.1,9.90223357
2026-08-30 00:45:00,78210.0,78253.2,78179.8,78180.0,22.67167622
2026-08-30 01:00:00,78180.1,78193.0,78066.6,78075.0,12.47493526
2026-08-30 01:15:00,78075.0,78075.0,78000.0,78017.3,21.29570889
2026-08-30 01:30:00,78017.3,78077.6,78000.0,78056.5,23.40542197
2026-08-30 01:45:00,78056.6,78138.4,78040.2,78081.4,17.07824911
2026-08-30 02:00:00,78081.5,78136.3,78054.0,78086.8,10.19517694
2026-08-30 02:15:00,78086.8,78096.4,78018.0,78036.9,8.641278419999999
2026-08-30 02:30:00,78035.1,78129.1,78003.9,78101.1,12.99684856
2026-08-30 02:45:00,78101.1,78184.1,78074.1,78101.4,12.05305391
2026-08-30 03:00:00,78100.1,78132.5,78064.1,78082.5,8.40652447
2026-08-30 03:15:00,78082.5,78167.7,78055.0,78167.7,6.636550639999999
2026-08-30 03:30:00,78168.2,78234.7,78140.0,78189.0,15.37152841
2026-08-30 03:45:00,78189.0,78192.9,78137.3,78139.0,4.12935971
2026-08-30 04:00:00,78138.4,78229.9,78138.3,78161.3,6.82928894
2026-08-30 04:15:00,78161.4,78178.2,78085.0,78117.5,15.44471809
2026-08-30 04:30:00,78117.5,78117.5,78017.2,78017.3,12.23888277
2026-08-30 04:45:00,78017.2,78114.5,77994.7,78114.5,51.68046921
2026-08-30 05:00:00,78114.4,78226.3,78111.7,78154.8,14.96662377
2026-08-30 05:15:00,78154.9,78154.9,78134.1,78151.2,1.87885776
2026-08-30 05:30:00,78151.3,78151.3,78125.0,78130.1,3.36133659
2026-08-30 05:45:00,78131.0,78146.6,78117.9,78141.4,5.50498824
2026-08-30 06:00:00,78141.4,78151.7,78115.5,78135.3,7.04820327
2026-08-30 06:15:00,78135.4,78199.0,78135.3,78189.1,5.93393048
2026-08-30 06:30:00,78189.1,78297.7,78187.0,78240.7,18.80356966
2026-08-30 06:45:00,78240.7,78317.5,78232.0,78287.7,15.24252777
2026-08-30 07:00:00,78287.7,78298.4,78251.8,78259.9,14.62843344
2026-08-30 07:15:00,78259.9,78260.0,78228.7,78228.7,8.371089529999999
2026-08-30 07:30:00,78228.7,78228.8,78134.8,78139.9,51.44905407
2026-08-30 07:45:00,78140.0,78167.8,78099.9,78108.8,47.97622651
2026-08-30 08:00:00,78108.8,78200.0,78108.8,78153.3,13.49332442
2026-08-30 08:15:00,78153.2,78200.0,78147.7,78157.4,7.73963185
2026-08-30 08:30:00,78157.4,78157.4,78036.1,78068.5,34.05859468
2026-08-30 08:45:00,78068.5,78094.4,78034.6,78075.1,12.54304381
2026-08-30 09:00:00,78075.1,78107.3,78070.0,78107.2,7.03546218
2026-08-30 09:15:00,78107.2,78129.8,77980.8,77994.0,24.30934212
2026-08-30 09:30:00,77994.0,78060.7,77992.2,78040.1,23.400659
2026-08-30 09:45:00,78040.2,78068.2,78000.0,78000.3,24.16450659
2026-08-30 10:00:00,78000.0,78074.1,77956.5,78016.6,26.58289608
2026-08-30 10:15:00,78016.5,78134.2,77991.1,78050.1,22.83559651
2026-08-30 10:30:00,78050.1,78120.0,78044.7,78111.2,5.75656402
2026-08-30 10:45:00,78111.3,78157.3,78111.3,78145.4,4.08802551
2026-08-30 11:00:00,78145.5,78200.9,78142.5,78173.6,13.15298882
2026-08-30 11:15:00,78173.6,78221.3,78150.4,78221.3,5.54286332
2026-08-30 11:30:00,78222.2,78244.0,78150.0,78188.1,13.5871611
2026-08-30 11:45:00,78188.2,78194.0,78115.2,78174.6,10.79168537
2026-08-30 12:00:00,78174.6,78715.4,78174.6,78666.6,146.05553741
2026-08-30 12:15:00,78666.6,78666.6,78490.0,78628.3,47.06090996
2026-08-30 12:30:00,78629.7,78852.8,78550.4,78653.9,76.62853329000001
2026-08-30 12:45:00,78653.9,78799.9,78581.1,78791.7,56.82823109
2026-08-30 13:00:00,78791.7,78832.2,78626.7,78635.0,45.41579507
2026-08-30 13:15:00,78635.1,78730.1,78585.6,78730.0,18.10303479
2026-08-30 13:30:00,78730.1,78820.2,78680.3,78792.8,52.79296886
2026-08-30 13:45:00,78792.8,78967.9,78792.8,78859.1,97.93154967
2026-08-30 14:00:00,78859.1,78951.7,78771.6,78923.9,40.91427645
2026-08-30 14:15:00,78924.6,78938.0,78790.3,78858.0,19.7532607
2026-08-30 14:30:00,78858.1,78936.6,78716.7,78759.8,20.1882776
2026-08-30 14:45:00,78759.8,78826.8,78720.0,78781.7,20.0294964
2026-08-30 15:00:00,78780.1,78879.8,78644.9,78676.1,33.05660363
2026-08-30 15:15:00,78676.1,78844.1,78629.3,78786.1,34.40251877
2026-08-30 15:30:00,78786.1,78859.7,78781.9,78857.8,14.83164496
2026-08-30 15:45:00,78859.8,78909.4,78786.9,78824.1,23.81781767
2026-08-30 16:00:00,78827.8,79187.4,78747.8,79119.6,115.26074364
2026-08-30 16:15:00,79126.8,79278.5,79006.7,79036.0,96.94526611
2026-08-30 16:30:00,79036.6,79264.6,79020.0,79198.2,61.84898373
2026-08-30 16:45:00,79198.1,79401.4,79140.0,79346.0,48.43107455
2026-08-30 17:00:00,79345.9,79345.9,79133.2,79177.7,32.57063475
2026-08-30 17:15:00,79177.7,79178.1,78777.1,78847.7,58.33375619
2026-08-30 17:30:00,78934.6,79062.2,78873.1,79048.6,20.48763003
2026-08-30 17:45:00,79050.0,79080.9,78957.2,79021.9,19.35720863
2026-08-30 18:00:00,79021.9,79079.8,78777.8,78843.6,36.48464767
2026-08-30 18:15:00,78843.6,79007.6,78841.9,79007.6,21.13240016
2026-08-30 18:30:00,79007.6,79181.8,79007.6,79087.3,31.62307748
2026-08-30 18:45:00,79087.4,79087.4,79013.0,79038.3,10.92228686
2026-08-30 19:00:00,79038.4,79046.4,78938.7,79038.4,11.24922533
2026-08-30 19:15:00,79038.4,79039.8,78911.1,78923.8,19.01544505
2026-08-30 19:30:00,78923.9,78957.6,78774.2,78785.7,26.40404141
2026-08-30 19:45:00,78785.8,78873.6,78726.9,78867.4,17.175666370000002
2026-08-30 20:00:00,78867.5,78925.0,78836.3,78863.2,23.18479281
2026-08-30 20:15:00,78863.2,78930.2,78833.0,78833.0,9.46380524
2026-08-30 20:30:00,78832.7,78891.2,78430.2,78473.8,49.52538912
2026-08-30 20:45:00,78473.9,78749.0,78473.9,78591.4,38.08367658
2026-08-30 21:00:00,78591.4,78591.4,78222.9,78504.8,145.05250891
2026-08-30 21:15:00,78504.8,78671.4,78471.7,78641.2,10.58105525
2026-08-30 21:30:00,78641.2,78731.9,78600.1,78644.6,11.45880674
2026-08-30 21:45:00,78642.3,78693.0,78548.5,78660.2,6.71310518
2026-08-30 22:00:00,78660.3,78809.6,78531.0,78568.2,28.24844324
2026-08-30 22:15:00,78568.2,78568.2,78294.5,78383.9,21.32690166
2026-08-30 22:30:00,78383.9,78540.0,78272.3,78460.4,21.65359641
2026-08-30 22:45:00,78460.4,78514.2,78372.1,78427.1,24.86108422
2026-08-30 23:00:00,78427.2,78457.5,78308.1,78368.5,32.97524791
2026-08-30 23:15:00,78368.4,78409.4,77645.3,77681.6,202.79933685
2026-08-30 23:30:00,77681.6,77888.1,77350.0,77479.3,184.18415278
2026-08-30 23:45:00,77476.9,77735.1,77000.0,77677.7,196.6500832
2026-08-31 00:00:00,77683.6,77833.2,77428.5,77764.3,116.53247534
2026-08-31 00:15:00,77764.7,77978.7,77716.6,77909.9,57.886633360000005
2026-08-31 00:30:00,77909.9,78183.4,77888.5,78037.0,45.60486149
2026-08-31 00:45:00,78031.2,78045.0,77914.7,77940.5,24.37515507
2026-08-31 01:00:00,77936.9,77999.5,77567.6,77657.8,42.4193589
2026-08-31 01:15:00,77653.3,77850.3,77567.9,77779.2,64.98461089
2026-08-31 01:30:00,77779.2,77954.5,77651.4,77749.7,44.671317990000006
2026-08-31 01:45:00,77749.7,77855.3,77620.0,77639.0,20.4872429
2026-08-31 02:00:00,77641.0,78006.2,77530.0,77946.1,65.48083635
2026-08-31 02:15:00,77946.1,77956.8,77816.7,77871.6,34.67005524
2026-08-31 02:30:00,77871.6,77935.5,77707.7,77707.7,14.85526476
2026-08-31 02:45:00,77707.8,77762.0,77385.5,77473.7,46.21243257
2026-08-31 03:00:00,77471.8,77688.9,77388.4,77653.9,27.95410209
2026-08-31 03:15:00,77653.8,77757.8,77588.5,77719.8,11.04200673
2026-08-31 03:30:00,77720.9,77836.7,77666.5,77823.5,67.72998502
2026-08-31 03:45:00,77823.6,77876.8,77743.5,77755.4,26.5779653
2026-08-31 04:00:00,77755.4,77773.5,77574.0,77591.7,35.20551712
2026-08-31 04:15:00,77591.7,77607.4,77490.2,77514.6,14.25182945
2026-08-31 04:30:00,77514.6,77597.4,77462.1,77569.0,25.5647529
2026-08-31 04:45:00,77570.4,77663.7,77471.4,77620.0,47.19958645
2026-08-31 05:00:00,77620.1,77816.8,77510.1,77760.1,28.2341872
2026-08-31 05:15:00,77760.1,78156.8,77754.2,78005.1,91.8317474
2026-08-31 05:30:00,78006.1,78063.9,77866.7,77969.7,35.03142986
2026-08-31 05:45:00,77965.7,78062.9,77943.8,78011.0,25.84652398
2026-08-31 06:00:00,78011.0,78083.2,77861.1,78028.9,67.34713039
2026-08-31 06:15:00,78028.8,78120.7,77968.7,78020.1,24.48549794
2026-08-31 06:30:00,78020.0,78158.2,77920.0,78085.4,63.60146405
2026-08-31 06:45:00,78085.4,78129.0,78010.1,78080.0,52.19209529
2026-08-31 07:00:00,78080.0,78171.7,78030.0,78131.7,37.46652523
2026-08-31 07:15:00,78131.7,78324.7,78131.6,78214.7,60.95742188
2026-08-31 07:30:00,78214.6,78293.4,78123.4,78268.9,39.15336942
2026-08-31 07:45:00,78269.7,78294.7,78184.1,78193.0,26.80759584
2026-08-31 08:00:00,78193.1,78358.6,78045.0,78157.0,57.1740961
2026-08-31 08:15:00,78156.6,78164.9,77973.4,78092.7,53.31743269
2026-08-31 08:30:00,78092.8,78456.7,78072.0,78327.4,51.04494833
2026-08-31 08:45:00,78327.4,78506.7,78301.2,78468.9,48.57164691
2026-08-31 09:00:00,78468.9,78798.5,78383.3,78640.7,110.82957521
2026-08-31 09:15:00,78647.1,78795.6,78588.2,78658.0,58.41591914
2026-08-31 09:30:00,78655.2,78715.4,78590.1,78700.0,10.85191959
2026-08-31 09:45:00,78700.1,78800.0,78513.5,78518.3,29.8948557
2026-08-31 10:00:00,78519.0,78530.1,78313.6,78525.3,59.20041953
2026-08-31 10:15:00,78525.3,78525.3,78394.5,78438.9,25.38773176
2026-08-31 10:30:00,78439.0,78543.9,78371.1,78528.0,18.56875353
2026-08-31 10:45:00,78528.1,78745.8,78501.2,78705.9,40.83701107
2026-08-31 11:00:00,78706.0,78706.0,78562.4,78628.1,45.82987592
2026-08-31 11:15:00,78628.0,78646.3,78471.4,78484.3,31.4424732
2026-08-31 11:30:00,78481.2,78486.0,78360.0,78384.9,28.2943037
2026-08-31 11:45:00,78384.9,78421.5,78297.7,78315.5,19.84467104
2026-08-31 12:00:00,78314.1,78543.3,78267.8,78408.3,61.95804343
2026-08-31 12:15:00,78408.4,78486.6,78056.0,78091.1,94.35245001
2026-08-31 12:30:00,78091.0,78166.5,77700.0,77891.6,170.11709056
2026-08-31 12:45:00,77891.7,77937.3,77778.1,77934.0,71.77601432
2026-08-31 13:00:00,77937.5,78199.9,77933.7,78085.7,74.52275553
2026-08-31 13:15:00,78085.7,78097.0,77890.2,78053.9,78.93346146
2026-08-31 13:30:00,78055.3,78285.3,77835.8,78002.2,132.09586971
2026-08-31 13:45:00,78002.4,78059.0,77729.1,77863.8,97.59535506
2026-08-31 14:00:00,77863.9,78069.3,77803.6,77898.6,55.51821364
2026-08-31 14:15:00,77898.6,78080.6,77750.1,78032.0,66.78932744
2026-08-31 14:30:00,78032.0,78678.5,77970.5,78515.2,223.56299981
2026-08-31 14:45:00,78515.3,78649.1,78371.7,78600.0,143.59796582
2026-08-31 15:00:00,78601.4,78683.7,78301.4,78309.6,105.88703957
2026-08-31 15:15:00,78308.6,78537.0,78209.7,78459.5,109.86797469
2026-08-31 15:30:00,78459.4,78778.0,78393.1,78706.8,181.9460617
2026-08-31 15:45:00,78705.7,78765.0,78519.3,78588.5,124.05781121
2026-08-31 16:00:00,78588.5,78796.2,78531.7,78673.8,106.20048411
2026-08-31 16:15:00,78670.1,78752.5,78515.5,78655.1,88.23744101
2026-08-31 16:30:00,78655.2,78769.9,78580.0,78724.2,68.61657422
2026-08-31 16:45:00,78720.1,78886.0,78630.1,78636.5,69.76252808000001
2026-08-31 17:00:00,78636.4,78809.9,78618.2,78741.3,48.58748748
2026-08-31 17:15:00,78741.4,78744.8,78489.8,78535.9,88.43008527
2026-08-31 17:30:00,78539.3,79000.0,78532.0,78909.7,134.68011437
2026-08-31 17:45:00,78909.6,78958.0,78838.9,78897.1,60.08818704
2026-08-31 18:00:00,78897.1,78964.2,78781.2,78959.9,74.13063294999999
2026-08-31 18:15:00,78963.2,79088.0,78840.0,78906.4,94.12147746
2026-08-31 18:30:00,78906.4,79220.5,78882.0,79183.7,75.68802849
2026-08-31 18:45:00,79183.6,79183.6,78988.9,79013.1,71.53244473999999
2026-08-31 19:00:00,79013.2,79256.0,79013.2,79187.9,87.51607672
2026-08-31 19:15:00,79183.3,79183.4,79021.3,79092.8,51.43829136
2026-08-31 19:30:00,79092.9,79144.4,78931.6,78984.9,34.02307208
2026-08-31 19:45:00,78984.9,79106.6,78850.0,78897.8,77.85890162
2026-08-31 20:00:00,78897.9,78973.7,78856.4,78960.0,19.09425943
2026-08-31 20:15:00,78960.0,79170.7,78918.9,78919.0,41.19449909
2026-08-31 20:30:00,78919.0,78955.9,78786.3,78876.8,19.03186264
2026-08-31 20:45:00,78874.7,78925.7,78823.2,78860.7,18.03078759
2026-08-31 21:00:00,78860.7,78894.5,78731.6,78840.1,31.28886509
2026-08-31 21:15:00,78840.1,78965.2,78810.0,78964.0,25.56632965
2026-08-31 21:30:00,78965.2,79063.9,78960.0,79050.5,29.8610526
2026-08-31 21:45:00,79050.5,79069.7,78943.7,78960.8,3.99232834
2026-08-31 22:00:00,78960.9,79013.8,78891.8,78891.8,15.66047068
2026-08-31 22:15:00,78891.8,78891.9,78736.2,78760.0,15.25628146
2026-08-31 22:30:00,78760.0,78765.1,78650.0,78652.3,14.11873381
2026-08-31 22:45:00,78652.4,78652.4,78571.4,78588.2,11.63217884
2026-08-31 23:00:00,78588.2,78588.2,78402.1,78455.1,24.02003443
2026-08-31 23:15:00,78455.2,78590.8,78455.2,78576.6,10.94437202
2026-08-31 23:30:00,78576.5,78589.9,78500.9,78559.9,19.63702482
2026-08-31 23:45:00,78560.0,78584.4,78544.3,78582.1,5.60431506
2026-09-01 00:00:00,78582.2,78782.5,78552.9,78749.4,25.26979032
2026-09-01 00:15:00,78749.4,78895.1,78731.9,78866.3,23.60836763
2026-09-01 00:30:00,78866.3,78889.5,78673.5,78708.7,40.82677941
2026-09-01 00:45:00,78708.7,78809.7,78579.9,78654.5,23.164726270000003
2026-09-01 01:00:00,78654.5,78798.6,78525.9,78549.9,34.28653131
2026-09-01 01:15:00,78550.0,78646.2,78404.5,78418.3,47.765127250000006
2026-09-01 01:30:00,78419.3,78582.9,78369.1,78571.9,47.149931
2026-09-01 01:45:00,78571.9,78578.8,78379.0,78407.3,17.32150551
2026-09-01 02:00:00,78407.3,78407.3,78183.3,78303.8,73.92753675
2026-09-01 02:15:00,78304.2,78327.2,78197.6,78214.2,66.78111369000001
2026-09-01 02:30:00,78214.2,78406.5,78214.2,78366.3,19.25209946
2026-09-01 02:45:00,78366.3,78460.4,78338.9,78450.3,12.02206965
2026-09-01 03:00:00,78450.3,78500.0,78400.8,78431.3,27.50310047
2026-09-01 03:15:00,78432.4,78505.9,78400.1,78483.0,11.37608605
2026-09-01 03:30:00,78483.1,78872.6,78472.2,78798.6,58.15930436
2026-09-01 03:45:00,78798.5,78798.6,78666.6,78682.3,18.82040807
2026-09-01 04:00:00,78682.4,78800.0,78650.1,78676.4,29.46592754
2026-09-01 04:15:00,78676.4,78936.1,78674.8,78824.4,26.77321946
2026-09-01 04:30:00,78825.3,78862.7,78709.8,78718.6,17.66135406
2026-09-01 04:45:00,78718.5,78782.3,78683.8,78729.5,35.25552911
2026-09-01 05:00:00,78729.5,78967.2,78729.5,78858.3,31.92703955
2026-09-01 05:15:00,78858.4,78999.9,78785.2,78990.7,35.05804529
2026-09-01 05:30:00,78990.6,79179.9,78963.6,79171.4,42.81485247
2026-09-01 05:45:00,79171.4,79219.6,79087.4,79175.4,36.44198895
2026-09-01 06:00:00,79175.3,79175.3,78966.7,79032.5,27.7618823
2026-09-01 06:15:00,79032.4,79032.5,78809.9,78891.3,41.71693421
2026-09-01 06:30:00,78891.3,78951.4,78850.0,78877.5,22.02378171
2026-09-01 06:45:00,78877.4,78882.7,78740.1,78740.1,25.37354915
2026-09-01 07:00:00,78740.1,78806.3,78710.9,78723.3,44.16517736
2026-09-01 07:15:00,78723.3,78795.4,78703.1,78774.7,52.89343027
2026-09-01 07:30:00,78774.8,78803.3,78495.4,78619.2,78.12832992
2026-09-01 07:45:00,78619.3,78683.2,78577.4,78628.9,45.06594086
2026-09-01 08:00:00,78629.0,78650.0,78264.9,78311.6,101.10653599
2026-09-01 08:15:00,78311.7,78342.5,77862.0,77894.8,134.84685737
2026-09-01 08:30:00,77894.7,78046.3,77836.0,77969.6,80.8614949
2026-09-01 08:45:00,77976.6,78041.4,77821.3,77878.9,139.0804307
2026-09-01 09:00:00,77878.9,77927.5,77778.2,77822.8,73.11006184
2026-09-01 09:15:00,77822.7,77976.3,77800.1,77921.7,34.700042260000004
2026-09-01 09:30:00,77921.7,78047.8,77851.2,78047.8,29.01108908
2026-09-01 09:45:00,78047.8,78049.9,77905.2,77908.0,28.23573863
2026-09-01 10:00:00,77908.1,77995.2,77800.0,77873.5,39.48767929
2026-09-01 10:15:00,77873.5,78048.5,77750.0,78010.0,67.81916294
2026-09-01 10:30:00,78010.8,78192.8,78010.8,78130.0,39.19745935
2026-09-01 10:45:00,78130.0,78168.0,77982.3,78020.1,20.05056116
2026-09-01 11:00:00,78020.1,78052.6,77914.2,77979.9,23.48742065
2026-09-01 11:15:00,77980.0,78023.7,77884.6,77999.8,29.27103218
2026-09-01 11:30:00,77999.8,78199.9,77948.9,78101.2,33.34432446
2026-09-01 11:45:00,78101.1,78197.3,78054.0,78087.8,20.209006780000003
2026-09-01 12:00:00,78087.8,78155.7,77948.0,78027.9,44.61511046
2026-09-01 12:15:00,78027.9,78101.1,77913.6,77983.4,32.46416018
2026-09-01 12:30:00,77983.4,77983.4,77737.1,77967.3,87.23363382
2026-09-01 12:45:00,77964.1,78073.7,77916.5,77999.5,42.68840957
2026-09-01 13:00:00,77998.6,78019.7,77500.0,77816.6,162.09742992
2026-09-01 13:15:00,77816.6,77899.9,77714.7,77881.9,39.47109831
2026-09-01 13:30:00,77881.9,78025.5,77508.1,77916.0,142.44150012
2026-09-01 13:45:00,77916.0,78200.0,77849.9,78070.0,81.29398133000001
2026-09-01 14:00:00,78070.0,78417.2,78039.7,78267.6,110.72567511
2026-09-01 14:15:00,78271.0,78407.1,78139.5,78246.6,63.30801534
2026-09-01 14:30:00,78246.6,78407.0,78222.7,78398.6,40.220133
2026-09-01 14:45:00,78398.6,78421.0,78137.5,78174.6,40.58336143
2026-09-01 15:00:00,78171.5,78171.5,77724.2,77815.8,78.46339671
2026-09-01 15:15:00,77815.6,77881.7,77754.3,77867.5,27.79894342
2026-09-01 15:30:00,77867.6,78017.5,77801.5,78009.7,22.44360638
2026-09-01 15:45:00,78015.9,78099.9,77910.1,77914.4,30.95581311
2026-09-01 16:00:00,77914.5,77977.5,77642.8,77663.2,63.73040377
2026-09-01 16:15:00,77663.2,77748.7,77459.0,77617.2,122.7305962
2026-09-01 16:30:00,77617.2,77623.5,77320.0,77444.5,128.79896421
2026-09-01 16:45:00,77444.5,77657.0,77431.5,77593.0,17.34746261
2026-09-01 17:00:00,77593.0,77656.5,77501.7,77525.0,19.4526153
2026-09-01 17:15:00,77525.0,77624.6,77409.5,77521.9,28.82258729
2026-09-01 17:30:00,77521.9,77722.1,77509.5,77519.4,23.04477207
2026-09-01 17:45:00,77519.5,77519.5,77231.3,77270.0,73.50386467
2026-09-01 18:00:00,77270.3,77325.5,77138.3,77227.7,71.1608806
2026-09-01 18:15:00,77227.7,77252.1,76713.6,77056.9,308.96979632
2026-09-01 18:30:00,77056.8,77124.9,76578.0,76578.1,172.13441742
2026-09-01 18:45:00,76578.1,77153.8,76416.6,77153.5,175.61825172
2026-09-01 19:00:00,77153.8,77300.0,77109.7,77209.9,32.58379865
2026-09-01 19:15:00,77210.0,77467.2,77136.7,77353.4,47.984286870000005
2026-09-01 19:30:00,77353.4,77388.1,77290.1,77309.9,22.57497201
2026-09-01 19:45:00,77310.3,77338.9,77195.8,77314.4,26.2088315
2026-09-01 20:00:00,77314.4,77430.7,77229.1,77425.0,19.13861069
2026-09-01 20:15:00,77425.0,77466.6,77321.5,77399.4,26.83305123
2026-09-01 20:30:00,77399.4,77477.8,77335.8,77392.6,13.752969939999998
2026-09-01 20:45:00,77392.7,77475.0,77341.0,77450.0,13.91351287
2026-09-01 21:00:00,77450.1,77522.9,77068.0,77109.2,55.14727532
2026-09-01 21:15:00,77112.5,77270.9,76911.9,77194.1,58.09195109
2026-09-01 21:30:00,77194.1,77229.4,77030.5,77151.2,19.77373427
2026-09-01 21:45:00,77151.2,77272.7,77130.7,77213.8,10.28033796
2026-09-01 22:00:00,77213.8,77330.5,77184.4,77300.8,33.797961220000005
2026-09-01 22:15:00,77300.8,77300.8,77070.2,77070.2,26.51329595
2026-09-01 22:30:00,77070.0,77194.4,77023.1,77158.4,27.12175152
2026-09-01 22:45:00,77158.4,77367.8,77158.4,77271.4,27.77487778
2026-09-01 23:00:00,77271.4,77327.5,77216.6,77260.7,24.15533287
2026-09-01 23:15:00,77259.1,77397.2,77259.1,77397.1,18.095159950000003
2026-09-01 23:30:00,77397.1,77599.2,77380.1,77542.6,35.12843074
2026-09-01 23:45:00,77542.7,77643.2,77417.2,77434.7,57.856569910000005
2026-09-02 00:00:00,77435.4,77519.4,77348.5,77398.5,138.71717813
2026-09-02 00:15:00,77398.6,77468.3,77262.6,77262.7,20.47963474
2026-09-02 00:30:00,77262.7,77342.2,77130.1,77232.9,51.36009439
2026-09-02 00:45:00,77232.9,77278.1,77179.1,77205.1,56.00970856
2026-09-02 01:00:00,77206.5,77372.2,77150.1,77343.4,27.98228616
2026-09-02 01:15:00,77343.4,77349.9,77150.0,77150.0,38.72967957
2026-09-02 01:30:00,77150.1,77195.3,76844.3,76887.7,99.69918374
2026-09-02 01:45:00,76893.6,77040.8,76713.6,77012.9,87.87193552000001
2026-09-02 02:00:00,77012.9,77206.1,76947.4,77080.1,62.87565026
2026-09-02 02:15:00,77080.1,77341.6,77070.7,77318.0,44.85592685
2026-09-02 02:30:00,77318.0,77318.0,77163.0,77219.9,31.6357491
2026-09-02 02:45:00,77218.5,77330.0,77197.0,77328.3,61.41720634
2026-09-02 03:00:00,77328.4,77591.8,77304.5,77506.4,71.06845049
2026-09-02 03:15:00,77506.5,77788.1,77481.9,77650.0,62.17783674
2026-09-02 03:30:00,77650.1,77657.3,77505.9,77539.9,47.97886486
2026-09-02 03:45:00,77539.9,77641.1,77504.3,77560.6,42.38538862
2026-09-02 04:00:00,77560.6,77560.7,77353.4,77368.4,34.08108752
2026-09-02 04:15:00,77368.4,77448.0,77287.1,77430.0,23.20819553
2026-09-02 04:30:00,77430.0,77594.0,77428.4,77594.0,19.3939156
2026-09-02 04:45:00,77594.2,77609.2,77530.2,77553.8,21.50937298
2026-09-02 05:00:00,77553.8,77609.1,77435.1,77607.8,35.73666799
2026-09-02 05:15:00,77607.8,77766.4,77607.8,77739.3,55.13887763
2026-09-02 05:30:00,77740.6,77754.0,77669.4,77704.4,21.34791281
2026-09-02 05:45:00,77705.3,77760.2,77571.7,77658.8,82.69824473
2026-09-02 06:00:00,77658.8,77730.0,77574.7,77582.0,44.76425215
2026-09-02 06:15:00,77582.1,77668.8,77547.7,77547.8,33.8069328
2026-09-02 06:30:00,77547.7,77677.7,77459.7,77612.8,71.89882245999999
2026-09-02 06:45:00,77612.7,77623.6,77492.9,77612.8,37.13636155
2026-09-02 07:00:00,77614.8,77761.2,77591.6,77679.6,23.92699537
2026-09-02 07:15:00,77679.5,77700.0,77593.3,77600.8,70.43419066999999
2026-09-02 07:30:00,77601.6,77636.1,77557.2,77557.2,41.13452792
2026-09-02 07:45:00,77557.3,77599.9,77480.0,77481.3,36.10790344
2026-09-02 08:00:00,77481.4,77554.0,77383.6,77425.4,38.67889707
2026-09-02 08:15:00,77425.5,77482.3,77232.7,77243.6,37.94478259
2026-09-02 08:30:00,77243.6,77253.3,76941.1,76968.9,89.24379338
2026-09-02 08:45:00,76966.6,77037.9,76746.4,76852.6,117.54223565
2026-09-02 09:00:00,76851.9,77055.3,76849.3,76955.6,33.94435039
2026-09-02 09:15:00,76955.5,76973.1,76600.0,76898.8,119.52286969
2026-09-02 09:30:00,76899.2,76900.0,76523.4,76564.3,83.52276317
2026-09-02 09:45:00,76559.2,76763.0,76495.0,76750.6,76.10211472
2026-09-02 10:00:00,76750.7,76763.1,76564.6,76640.1,72.63252708
2026-09-02 10:15:00,76640.0,76704.7,76568.0,76570.7,33.89953036
2026-09-02 10:30:00,76570.7,76618.3,76469.7,76607.5,41.290143310000005
2026-09-02 10:45:00,76607.5,76694.4,76261.0,76683.2,189.41860936
2026-09-02 11:00:00,76683.3,76729.9,76517.9,76729.9,62.11934117
2026-09-02 11:15:00,76729.9,76766.1,76350.0,76503.9,211.91848141
2026-09-02 11:30:00,76504.9,76737.4,76483.3,76643.0,64.19328151
2026-09-02 11:45:00,76643.0,76840.6,76590.1,76826.2,38.33988465
2026-09-02 12:00:00,76826.2,76843.0,76675.3,76828.5,51.4744825
2026-09-02 12:15:00,76829.9,77053.5,76762.9,76989.0,127.04039773
2026-09-02 12:30:00,76989.0,76992.0,76793.8,76822.9,41.73349699
2026-09-02 12:45:00,76822.9,76828.3,76609.2,76609.3,30.8650109
2026-09-02 13:00:00,76609.3,76879.4,76609.3,76739.9,47.43669061
2026-09-02 13:15:00,76740.1,76967.1,76709.5,76883.9,94.53889004
2026-09-02 13:30:00,76883.9,77399.8,76623.3,77386.7,193.06575938
2026-09-02 13:45:00,77386.2,77440.0,77008.6,77161.7,227.11807256
2026-09-02 14:00:00,77161.7,77350.0,77011.1,77345.3,83.25280581999999
2026-09-02 14:15:00,77345.3,77498.6,77230.1,77339.5,71.79057097
2026-09-02 14:30:00,77339.5,77396.8,77111.2,77327.7,164.28887809
2026-09-02 14:45:00,77327.6,77339.6,77068.0,77072.9,67.89728561
2026-09-02 15:00:00,77073.0,77183.7,76745.4,76819.9,107.19766512
2026-09-02 15:15:00,76820.0,77143.8,76812.4,77047.6,64.2075782
2026-09-02 15:30:00,77047.7,77391.6,76984.9,77371.7,81.40105412999999
2026-09-02 15:45:00,77371.7,77379.7,77133.9,77290.0,42.79178725
2026-09-02 16:00:00,77295.4,77395.9,77200.1,77354.1,47.64995376
2026-09-02 16:15:00,77354.3,77579.3,77328.1,77464.7,57.36348877
2026-09-02 16:30:00,77465.0,77565.6,77260.0,77260.9,39.68160329
2026-09-02 16:45:00,77266.4,77330.9,77175.9,77175.9,33.09994975
2026-09-02 17:00:00,77176.0,77254.2,77067.6,77131.4,37.48858922
2026-09-02 17:15:00,77131.3,77167.7,76963.2,77104.5,51.34094179
2026-09-02 17:30:00,77104.5,77308.2,77080.8,77308.2,39.07512333
2026-09-02 17:45:00,77308.6,77406.6,77308.6,77387.5,20.73476747
2026-09-02 18:00:00,77387.5,77444.1,77320.1,77419.2,21.45839414
2026-09-02 18:15:00,77419.3,77523.6,77378.7,77449.1,42.638647
2026-09-02 18:30:00,77449.0,77455.2,77294.6,77310.2,20.444936570000003
2026-09-02 18:45:00,77310.2,77419.6,77293.4,77377.3,11.24723663
2026-09-02 19:00:00,77377.3,77405.0,77321.1,77386.1,26.95423367
2026-09-02 19:15:00,77387.0,77421.6,77163.6,77163.6,11.82850864
2026-09-02 19:30:00,77163.6,77257.6,77125.0,77233.5,26.82054878
2026-09-02 19:45:00,77230.3,77353.0,77150.1,77344.1,17.452415209999998
2026-09-02 20:00:00,77344.2,77523.5,77282.5,77365.6,27.95446816
2026-09-02 20:15:00,77360.0,77461.4,77209.7,77375.0,15.67816625
2026-09-02 20:30:00,77374.4,77482.1,77316.2,77370.0,55.31284211
2026-09-02 20:45:00,77361.5,77477.1,77294.7,77399.9,24.57349759
2026-09-02 21:00:00,77399.9,77399.9,77310.0,77320.2,19.64188613
2026-09-02 21:15:00,77321.4,77336.5,77242.1,77280.2,11.34992046
2026-09-02 21:30:00,77280.2,77433.6,77239.7,77430.3,8.54472181
2026-09-02 21:45:00,77424.5,77429.3,77274.9,77285.8,9.21408197
2026-09-02 22:00:00,77285.8,77285.8,77063.4,77153.7,15.089026
2026-09-02 22:15:00,77153.7,77175.2,77021.2,77021.2,8.03005024
2026-09-02 22:30:00,77021.0,77160.3,77020.9,77119.8,7.81573747
2026-09-02 22:45:00,77119.7,77119.7,77025.5,77030.2,6.86869593
2026-09-02 23:00:00,77030.2,77232.0,77004.7,77227.4,37.88378269
2026-09-02 23:15:00,77227.4,77227.4,77133.0,77199.9,8.72344796
2026-09-02 23:30:00,77197.7,77256.0,77110.6,77146.3,3.07737164
2026-09-02 23:45:00,77149.0,77371.1,77149.0,77339.6,22.57056932
2026-09-03 00:00:00,77339.7,77391.3,77169.4,77169.4,20.93123417
2026-09-03 00:15:00,77169.4,77173.6,77036.2,77036.3,43.93278092
2026-09-03 00:30:00,77036.3,77131.6,76978.2,77110.0,36.13626076
2026-09-03 00:45:00,77109.9,77149.8,77031.3,77063.2,17.05164314
2026-09-03 01:00:00,77063.3,77421.0,76963.2,77407.9,163.39939450999998
2026-09-03 01:15:00,77407.9,77434.0,77276.8,77427.1,126.73294534
2026-09-03 01:30:00,77427.1,77536.0,77314.8,77336.0,93.97291856
2026-09-03 01:45:00,77335.9,77464.4,77286.2,77349.9,95.88255477
2026-09-03 02:00:00,77349.8,77482.6,77234.8,77482.5,85.39850364
2026-09-03 02:15:00,77482.6,77619.7,77416.7,77594.1,33.97988717
2026-09-03 02:30:00,77593.3,77900.0,77550.0,77779.9,129.10655709
2026-09-03 02:45:00,77779.9,77879.6,77735.6,77820.0,81.90115013
2026-09-03 03:00:00,77820.0,77865.4,77701.2,77824.5,32.85708249
2026-09-03 03:15:00,77823.7,77887.3,77713.3,77739.7,30.03421504
2026-09-03 03:30:00,77739.8,77779.6,77643.1,77662.7,32.29010351
2026-09-03 03:45:00,77662.7,77747.0,77635.9,77702.8,11.28721242
2026-09-03 04:00:00,77702.9,77833.5,77613.6,77642.6,35.74335454
2026-09-03 04:15:00,77638.3,77662.9,77546.5,77574.9,32.64113961
2026-09-03 04:30:00,77574.9,77623.8,77543.9,77551.5,13.02675357
2026-09-03 04:45:00,77551.4,77792.3,77551.4,77780.0,21.41995116
2026-09-03 05:00:00,77780.0,77823.4,77602.8,77635.3,28.95636973
2026-09-03 05:15:00,77635.4,77653.7,77110.0,77193.9,106.64989185
2026-09-03 05:30:00,77192.5,77509.5,77170.1,77482.8,52.4981818
2026-09-03 05:45:00,77482.8,77829.8,77410.1,77806.2,97.63375851
2026-09-03 06:00:00,77806.3,77850.0,77684.0,77700.5,38.74104795
2026-09-03 06:15:00,77700.5,77782.7,77694.4,77740.1,29.26476874
2026-09-03 06:30:00,77740.0,77828.7,77716.7,77823.9,25.69825925
2026-09-03 06:45:00,77823.9,77840.0,77758.5,77827.6,17.53876817
2026-09-03 07:00:00,77826.9,78176.1,77798.1,78051.1,231.34847087
2026-09-03 07:15:00,78051.1,78057.9,77883.9,77941.0,44.95222228
2026-09-03 07:30:00,77941.0,78055.8,77856.8,77891.1,117.6885185
2026-09-03 07:45:00,77891.0,77938.9,77588.0,77657.0,74.06942647
2026-09-03 08:00:00,77662.9,78058.9,77662.8,77927.4,68.26702331999999
2026-09-03 08:15:00,77927.4,77984.3,77821.8,77978.3,25.17667872
2026-09-03 08:30:00,77978.3,77995.5,77862.6,77875.6,17.22373564
2026-09-03 08:45:00,77875.6,77912.0,77756.3,77835.9,30.852458
2026-09-03 09:00:00,77834.2,77973.1,77798.2,77864.0,23.90779855
2026-09-03 09:15:00,77864.0,77917.9,77740.4,77740.4,29.58594116
2026-09-03 09:30:00,77740.4,77775.2,77651.0,77727.7,38.46975245
2026-09-03 09:45:00,77727.8,77786.4,77610.1,77613.8,26.07063324
2026-09-03 10:00:00,77613.9,77677.9,77535.3,77566.7,53.82403719
2026-09-03 10:15:00,77566.8,77718.9,77523.6,77632.5,29.91901724
2026-09-03 10:30:00,77630.6,77660.7,77472.8,77511.4,47.66248316
2026-09-03 10:45:00,77511.3,77769.1,77500.3,77741.3,34.64796615
2026-09-03 11:00:00,77741.3,77821.3,77701.1,77819.6,31.33007057
2026-09-03 11:15:00,77819.6,77954.4,77819.5,77923.5,25.11123566
2026-09-03 11:30:00,77923.9,77988.9,77821.5,77931.9,40.31462438
2026-09-03 11:45:00,77932.6,78005.5,77874.3,77935.6,30.07993177
2026-09-03 12:00:00,77935.6,78095.0,77883.4,78073.2,44.70741032000001
2026-09-03 12:15:00,78073.3,78137.2,77936.9,77961.7,33.8702351
2026-09-03 12:30:00,77961.8,78450.0,77961.8,78311.1,249.92334988
2026-09-03 12:45:00,78311.1,78787.1,78235.1,78649.7,168.12609907
2026-09-03 13:00:00,78649.7,78718.7,78514.9,78547.4,64.68156489
2026-09-03 13:15:00,78547.5,78605.0,78450.0,78489.3,53.37584657
2026-09-03 13:30:00,78489.4,78929.0,78450.0,78894.5,174.25794691000002
2026-09-03 13:45:00,78897.4,78996.0,78743.8,78832.6,149.41263156
2026-09-03 14:00:00,78832.1,79004.1,78702.7,78998.1,128.55997113
2026-09-03 14:15:00,78998.2,79705.8,78990.0,79665.5,266.82078950999994
2026-09-03 14:30:00,79665.5,79888.0,79600.1,79774.5,245.54683514
2026-09-03 14:45:00,79774.5,80566.0,79762.4,80552.6,474.31283707
2026-09-03 15:00:00,80552.7,80963.0,80360.0,80562.8,373.96074041
2026-09-03 15:15:00,80562.8,80792.1,80472.8,80753.2,199.72674816
2026-09-03 15:30:00,80745.4,81000.0,80689.3,80864.7,169.39399267
2026-09-03 15:45:00,80864.6,81376.9,80734.4,81358.7,221.89308735
2026-09-03 16:00:00,81358.8,81374.2,80786.7,80936.2,226.56880452
2026-09-03 16:15:00,80935.0,80957.7,80622.3,80762.6,104.76252789
2026-09-03 16:30:00,80762.6,80949.9,80760.9,80795.5,78.11418286
2026-09-03 16:45:00,80795.4,81042.4,80770.1,80969.7,90.61289933
2026-09-03 17:00:00,80969.7,81110.2,80883.0,81104.7,55.65643964
2026-09-03 17:15:00,81104.7,81139.3,80907.8,81006.2,134.58872402999998
2026-09-03 17:30:00,81006.2,81173.0,81000.1,81074.5,31.72418263
2026-09-03 17:45:00,81074.5,81196.0,81003.5,81049.9,54.86740773
2026-09-03 18:00:00,81049.8,81348.0,81010.0,81259.0,98.99228908
2026-09-03 18:15:00,81253.0,81287.8,80949.8,80949.9,48.2038572
2026-09-03 18:30:00,80949.9,81054.1,80896.8,80989.7,37.66412998
2026-09-03 18:45:00,80989.7,81269.2,80962.1,81258.4,37.77022467
2026-09-03 19:00:00,81258.5,81647.3,81177.4,81206.6,161.95482625
2026-09-03 19:15:00,81200.0,81615.2,81176.8,81543.1,78.28297265
2026-09-03 19:30:00,81543.1,81619.2,81384.9,81537.0,83.39745886
2026-09-03 19:45:00,81537.0,81796.1,81454.1,81768.9,154.43344436
2026-09-03 20:00:00,81758.0,81789.9,81405.0,81421.8,83.007641
2026-09-03 20:15:00,81421.8,81595.6,81386.6,81536.1,29.04371076
2026-09-03 20:30:00,81536.1,81631.3,81409.2,81473.6,27.640025790000003
2026-09-03 20:45:00,81473.6,81583.3,81416.5,81461.9,68.88754975
2026-09-03 21:00:00,81461.9,81628.9,81290.1,81594.3,69.11967089000001
2026-09-03 21:15:00,81591.8,81796.1,81510.8,81774.5,73.42484645
2026-09-03 21:30:00,81774.5,82285.0,81526.6,81530.1,422.08798474
2026-09-03 21:45:00,81530.1,81762.4,81420.0,81586.3,59.25766725
2026-09-03 22:00:00,81586.3,81614.1,81283.3,81383.5,77.00239321000001
2026-09-03 22:15:00,81383.5,81411.1,81102.3,81135.0,62.88095905
2026-09-03 22:30:00,81134.9,81244.5,80908.0,81200.0,120.24765201
2026-09-03 22:45:00,81200.0,81280.5,81058.6,81143.3,66.46231726
2026-09-03 23:00:00,81143.3,81215.4,81076.4,81171.2,61.41721132
2026-09-03 23:15:00,81171.2,81284.9,81153.1,81284.9,43.19984655
2026-09-03 23:30:00,81284.9,81342.5,81115.4,81233.9,54.99207716
2026-09-03 23:45:00,81233.9,81334.6,81180.1,81260.1,24.05586808
2026-09-04 00:00:00,81260.1,81270.8,81080.0,81249.2,145.4921301
2026-09-04 00:15:00,81249.1,81350.0,81138.6,81138.6,90.94447392
2026-09-04 00:30:00,81138.3,81433.9,81120.0,81231.7,106.55449563
2026-09-04 00:45:00,81231.7,81247.0,80962.8,80967.2,88.63419142000001
2026-09-04 01:00:00,80967.2,81099.9,80914.2,80944.1,60.86219082
2026-09-04 01:15:00,80944.0,81024.1,80783.4,80826.1,71.88345848
2026-09-04 01:30:00,80826.0,80933.8,80762.1,80787.8,44.10290629
2026-09-04 01:45:00,80787.7,81036.9,80779.1,80970.1,32.14728853
2026-09-04 02:00:00,80970.1,80970.1,80779.5,80803.4,38.50201571
2026-09-04 02:15:00,80803.4,80880.1,80686.9,80714.5,67.1148606
2026-09-04 02:30:00,80716.7,80847.1,80681.3,80740.0,28.09677004
2026-09-04 02:45:00,80740.1,80836.7,80657.2,80836.7,50.68200138
2026-09-04 03:00:00,80836.6,81016.5,80836.5,80935.4,90.21464043
2026-09-04 03:15:00,80935.3,80945.9,80832.8,80832.9,24.54635863
2026-09-04 03:30:00,80832.9,80878.3,80800.0,80873.3,24.733519790000003
2026-09-04 03:45:00,80873.2,80969.3,80838.5,80838.5,30.16987125
2026-09-04 04:00:00,80838.6,80963.5,80811.4,80963.3,27.20115697
2026-09-04 04:15:00,80963.4,81290.4,80951.1,81258.8,75.27123217
2026-09-04 04:30:00,81258.8,81272.8,81021.7,81037.1,55.682322240000005
2026-09-04 04:45:00,81037.1,81143.2,81019.2,81070.0,35.73329185
2026-09-04 05:00:00,81070.0,81077.4,80976.1,80976.1,41.847667470000005
2026-09-04 05:15:00,80976.1,81147.2,80941.4,81012.8,40.12694977
2026-09-04 05:30:00,81011.3,81025.3,80905.6,80990.2,32.11456699
2026-09-04 05:45:00,80991.8,81058.3,80857.7,80990.5,51.45662854
2026-09-04 06:00:00,80990.0,81090.3,80904.4,81013.4,43.27182597
2026-09-04 06:15:00,81013.4,81037.7,80700.1,80727.4,49.01386814
2026-09-04 06:30:00,80727.4,80866.8,80571.8,80850.6,64.27771319
2026-09-04 06:45:00,80850.6,80867.6,80701.8,80808.5,23.98907982
2026-09-04 07:00:00,80808.5,80963.0,80788.5,80931.8,32.77189023
2026-09-04 07:15:00,80931.8,80968.6,80842.2,80860.0,27.99752922
2026-09-04 07:30:00,80860.0,80900.0,80744.6,80762.8,215.96702839
2026-09-04 07:45:00,80762.7,80776.9,80629.9,80650.0,342.51386333000005
2026-09-04 08:00:00,80650.0,80773.4,80503.9,80773.4,168.40854392
2026-09-04 08:15:00,80773.4,80995.1,80772.7,80980.1,60.94012131
2026-09-04 08:30:00,80980.0,81153.1,80971.8,81050.0,154.38193776
2026-09-04 08:45:00,81050.1,81240.3,81002.2,81156.8,86.92743761
2026-09-04 09:00:00,81156.8,81239.0,81083.8,81090.1,76.38982873
2026-09-04 09:15:00,81090.1,81304.6,80935.3,81035.7,74.58827097
2026-09-04 09:30:00,81040.0,81229.9,80983.0,81170.0,49.56947383
2026-09-04 09:45:00,81170.0,81223.8,81028.7,81055.0,71.89624362
2026-09-04 10:00:00,81055.0,81132.5,80876.7,80971.7,42.96640449
2026-09-04 10:15:00,80974.4,80978.3,80832.8,80958.0,50.72772564
2026-09-04 10:30:00,80957.9,81111.1,80910.0,81070.0,70.90590617
2026-09-04 10:45:00,81070.0,81198.6,81018.8,81181.2,16.98480106
2026-09-04 11:00:00,81181.2,81222.3,81075.7,81187.3,31.34377105
2026-09-04 11:15:00,81184.2,81405.0,81130.1,81325.6,40.35488982
2026-09-04 11:30:00,81325.6,81330.8,81201.0,81251.8,30.11880426
2026-09-04 11:45:00,81251.8,81352.0,81203.4,81225.9,38.89414828
2026-09-04 12:00:00,81222.1,81267.7,81134.0,81250.0,59.03705234
2026-09-04 12:15:00,81250.0,81346.0,81127.1,81329.9,80.76265066
2026-09-04 12:30:00,81329.9,81329.9,79408.5,79679.0,1192.2798890200002
2026-09-04 12:45:00,79679.0,79692.5,79172.0,79453.3,284.21008243
2026-09-04 13:00:00,79453.3,79583.0,79183.2,79235.4,180.05655098
2026-09-04 13:15:00,79235.3,79498.1,79207.5,79317.5,103.68114137
2026-09-04 13:30:00,79324.3,79553.4,78990.0,79410.0,302.47842942
2026-09-04 13:45:00,79410.0,79709.1,79238.5,79380.1,204.90683898
2026-09-04 14:00:00,79380.1,79573.8,79255.1,79430.0,182.8196584
2026-09-04 14:15:00,79429.9,79514.2,79091.8,79371.0,136.10507882000002
2026-09-04 14:30:00,79371.0,79472.8,78851.3,79037.5,211.74103275
2026-09-04 14:45:00,79037.4,79146.6,78650.0,78910.1,213.04519752
2026-09-04 15:00:00,78910.2,79200.0,78789.2,79199.9,72.53018776
2026-09-04 15:15:00,79199.9,79426.4,79161.9,79410.6,59.70945131
2026-09-04 15:30:00,79418.9,79547.9,79359.0,79527.2,71.83908169
2026-09-04 15:45:00,79527.2,79557.5,79390.0,79427.7,54.81789054
2026-09-04 16:00:00,79427.7,79527.7,79371.4,79450.6,69.93274547
2026-09-04 16:15:00,79450.6,79587.3,79429.3,79549.6,39.6254463
2026-09-04 16:30:00,79549.6,79869.2,79540.0,79852.2,146.23024694
2026-09-04 16:45:00,79852.2,79857.8,79738.1,79751.9,56.98578672000001
2026-09-04 17:00:00,79752.0,79760.0,79619.0,79621.6,78.92099354
2026-09-04 17:15:00,79621.6,79650.0,79511.1,79514.2,45.93180779
2026-09-04 17:30:00,79514.2,79586.9,79434.3,79479.1,35.00856584
2026-09-04 17:45:00,79479.1,79523.2,79376.4,79469.5,20.7010096
2026-09-04 18:00:00,79469.5,79594.8,79469.5,79523.6,19.8566349
2026-09-04 18:15:00,79523.6,79620.0,79523.6,79539.9,9.43369803
2026-09-04 18:30:00,79540.8,79650.0,79529.7,79638.6,15.29500776
2026-09-04 18:45:00,79638.6,79659.0,79584.1,79619.1,14.36596304
2026-09-04 19:00:00,79619.1,79732.0,79619.1,79708.4,21.96774228
2026-09-04 19:15:00,79708.4,79816.6,79695.1,79800.1,15.94976856
2026-09-04 19:30:00,79800.0,79800.0,79630.5,79690.0,18.23106776
2026-09-04 19:45:00,79690.0,79813.9,79635.6,79796.2,33.90317385
2026-09-04 20:00:00,79796.3,79869.6,79764.0,79815.7,31.57034212
2026-09-04 20:15:00,79815.7,79846.9,79747.5,79758.5,27.88330949
2026-09-04 20:30:00,79758.4,79778.9,79694.7,79721.4,27.50549719
2026-09-04 20:45:00,79721.4,79772.5,79666.6,79704.2,27.33744706
2026-09-04 21:00:00,79704.2,79792.8,79650.3,79770.7,68.44481126000001
2026-09-04 21:15:00,79770.7,79811.1,79741.8,79773.6,16.43084804
2026-09-04 21:30:00,79773.7,79817.1,79750.4,79774.0,34.724439
2026-09-04 21:45:00,79789.2,79809.1,79518.9,79632.7,36.816295
2026-09-04 22:00:00,79632.7,79693.4,79630.1,79693.4,29.4698194
2026-09-04 22:15:00,79693.4,79710.0,79636.5,79708.5,27.397557560000003
2026-09-04 22:30:00,79708.5,79719.3,79652.2,79653.5,31.56979428
2026-09-04 22:45:00,79653.5,79683.3,79624.3,79632.5,25.2701866
2026-09-04 23:00:00,79632.5,79650.9,79586.5,79610.5,12.19569301
2026-09-04 23:15:00,79610.5,79759.6,79610.0,79730.7,20.03927704
2026-09-04 23:30:00,79730.7,79730.7,79663.7,79663.8,27.99436885
2026-09-04 23:45:00,79663.8,79666.1,79620.1,79660.7,17.525235379999998
2026-09-05 00:00:00,79660.8,79720.5,79609.3,79670.1,34.6513241
2026-09-05 00:15:00,79670.1,79670.1,79603.5,79656.7,15.43403816
2026-09-05 00:30:00,79656.7,79700.0,79625.1,79625.2,18.98136134
2026-09-05 00:45:00,79625.1,79654.8,79562.4,79578.0,44.47095734
2026-09-05 01:00:00,79578.0,79683.3,79554.8,79624.4,27.36868159
2026-09-05 01:15:00,79624.3,79706.6,79600.0,79695.0,20.01219043
2026-09-05 01:30:00,79695.1,79714.7,79608.5,79638.2,20.97303454
2026-09-05 01:45:00,79638.2,79672.7,79534.9,79534.9,24.8552342
2026-09-05 02:00:00,79534.8,79575.5,79479.1,79565.6,18.31065067
2026-09-05 02:15:00,79565.6,79602.8,79508.1,79524.0,38.64319399
2026-09-05 02:30:00,79524.0,79621.9,79524.0,79612.3,14.93013678
2026-09-05 02:45:00,79612.3,79612.3,79539.0,79570.1,11.44369738
2026-09-05 03:00:00,79570.1,79570.1,79514.1,79552.7,7.056901079999999
2026-09-05 03:15:00,79552.7,79616.0,79552.7,79584.1,14.00693515
2026-09-05 03:30:00,79584.0,79634.1,79584.0,79627.6,7.48867394
2026-09-05 03:45:00,79627.6,79631.6,79579.1,79584.6,8.38467402
2026-09-05 04:00:00,79584.6,79595.2,79504.8,79541.6,17.170662569999998
2026-09-05 04:15:00,79541.6,79583.2,79541.5,79555.6,5.75654019
2026-09-05 04:30:00,79555.6,79556.4,79527.9,79541.6,7.718698129999999
2026-09-05 04:45:00,79541.5,79560.0,79500.0,79500.1,16.79042578
2026-09-05 05:00:00,79500.1,79561.0,79449.5,79559.0,29.58854106
2026-09-05 05:15:00,79559.0,79590.0,79523.5,79590.0,20.2103971
2026-09-05 05:30:00,79590.0,79593.4,79556.8,79556.8,5.88651048
2026-09-05 05:45:00,79519.1,79605.9,79500.0,79575.8,13.86091946
2026-09-05 06:00:00,79575.8,79635.2,79575.8,79622.7,14.6888212
2026-09-05 06:15:00,79622.7,79649.6,79611.9,79643.5,14.98455927
2026-09-05 06:30:00,79643.5,79719.9,79620.6,79664.5,20.863878040000003
2026-09-05 06:45:00,79664.5,79685.9,79640.3,79640.3,20.01775541
2026-09-05 07:00:00,79640.2,79696.5,79640.1,79687.9,25.50014669
2026-09-05 07:15:00,79687.9,79719.2,79667.7,79719.2,24.4107661
2026-09-05 07:30:00,79719.2,79755.7,79703.8,79733.9,61.845075820000005
2026-09-05 07:45:00,79733.9,79773.7,79693.7,79719.7,82.87948294
2026-09-05 08:00:00,79719.7,79719.7,79627.8,79665.0,41.505510220000005
2026-09-05 08:15:00,79665.0,79727.7,79610.1,79644.2,26.43357474
2026-09-05 08:30:00,79644.2,79650.4,79564.5,79615.6,41.36986814
2026-09-05 08:45:00,79615.6,79668.7,79600.0,79650.0,12.89235119
2026-09-05 09:00:00,79650.0,79737.7,79649.7,79725.6,17.03495901
2026-09-05 09:15:00,79725.6,79725.6,79694.2,79700.1,6.889377479999999
2026-09-05 09:30:00,79700.1,79716.3,79659.0,79692.6,7.71608037
2026-09-05 09:45:00,79692.5,79692.5,79614.3,79631.7,11.20317567
2026-09-05 10:00:00,79631.7,79640.0,79616.6,79621.5,11.67998104
2026-09-05 10:15:00,79621.5,79670.0,79608.2,79617.3,12.70794131
2026-09-05 10:30:00,79617.3,79671.9,79591.9,79610.5,16.393463609999998
2026-09-05 10:45:00,79610.4,79657.4,79580.8,79622.4,18.81773531
2026-09-05 11:00:00,79622.4,79674.8,79622.3,79647.0,16.56426514
2026-09-05 11:15:00,79647.0,79647.0,79616.6,79627.3,4.489148569999999
2026-09-05 11:30:00,79627.3,79640.5,79603.6,79610.1,7.8365606
2026-09-05 11:45:00,79610.1,79684.3,79608.9,79614.6,10.36249432
2026-09-05 12:00:00,79614.6,79674.3,79611.5,79663.8,7.63477264
2026-09-05 12:15:00,79663.9,79674.8,79650.0,79650.8,6.91445989
2026-09-05 12:30:00,79650.8,79772.7,79610.4,79723.5,45.87239443
2026-09-05 12:45:00,79723.4,79764.1,79702.4,79705.9,25.54077329
2026-09-05 13:00:00,79705.9,79720.9,79663.8,79720.9,35.46296533
2026-09-05 13:15:00,79723.1,79760.2,79678.0,79749.1,20.0679049
2026-09-05 13:30:00,79749.1,79757.1,79640.2,79654.8,51.3723707
2026-09-05 13:45:00,79654.7,79693.8,79546.8,79615.4,43.75821487
2026-09-05 14:00:00,79615.4,79686.7,79615.4,79664.2,17.26220867
2026-09-05 14:15:00,79664.2,79736.6,79664.2,79729.2,27.816111990000003
2026-09-05 14:30:00,79729.2,79742.7,79689.3,79710.0,29.86309539
2026-09-05 14:45:00,79710.6,79748.8,79710.6,79714.5,23.81435673
2026-09-05 15:00:00,79714.5,79762.3,79710.1,79722.7,41.87791678
2026-09-05 15:15:00,79722.7,79770.0,79680.0,79696.2,47.75330224
2026-09-05 15:30:00,79696.2,79769.3,79696.1,79747.9,18.09778433
2026-09-05 15:45:00,79747.9,79813.3,79738.3,79800.5,21.13069415
2026-09-05 16:00:00,79800.5,79844.4,79749.6,79781.6,25.737208090000003
2026-09-05 16:15:00,79781.6,79898.7,79780.0,79894.6,36.19075266
2026-09-05 16:30:00,79894.6,79989.9,79894.6,79941.1,79.98958648
2026-09-05 16:45:00,79941.1,80197.6,79923.8,80042.0,124.6969674
2026-09-05 17:00:00,80041.1,80159.9,80009.0,80130.5,80.47086529
2026-09-05 17:15:00,80130.5,80157.0,79967.4,80034.6,42.29147823
2026-09-05 17:30:00,80034.6,80150.2,79992.4,80052.5,29.9811563
2026-09-05 17:45:00,80052.5,80101.6,80028.4,80064.9,11.30607936
2026-09-05 18:00:00,80064.9,80083.3,79967.6,80000.0,41.397462090000005
2026-09-05 18:15:00,80000.0,80032.2,79958.5,79958.5,16.75955148
2026-09-05 18:30:00,79958.6,80054.6,79934.9,79970.0,17.39583237
2026-09-05 18:45:00,79970.0,80006.5,79932.3,80001.1,4.80816353
2026-09-05 19:00:00,80001.1,80001.1,79932.3,79939.6,15.38526712
2026-09-05 19:15:00,79939.6,79989.2,79906.2,79964.5,6.61014343
2026-09-05 19:30:00,79964.5,79976.0,79759.8,79860.0,17.972078
2026-09-05 19:45:00,79862.7,79862.7,79700.2,79749.5,37.84746548
2026-09-05 20:00:00,79749.5,79844.0,79714.8,79740.0,25.78940728
2026-09-05 20:15:00,79740.0,79834.8,79691.6,79725.6,27.61595113
2026-09-05 20:30:00,79725.6,79780.0,79688.6,79780.0,24.42155272
2026-09-05 20:45:00,79780.0,79801.9,79727.0,79742.5,13.80689719
2026-09-05 21:00:00,79742.5,79803.7,79726.2,79789.4,11.65000113
2026-09-05 21:15:00,79789.4,79880.0,79773.8,79856.8,8.00601194
2026-09-05 21:30:00,79856.8,79929.4,79832.0,79914.1,13.94646304
2026-09-05 21:45:00,79914.1,79937.5,79857.4,79908.1,13.49274423
2026-09-05 22:00:00,79908.1,79935.5,79851.5,79921.5,10.67323024
2026-09-05 22:15:00,79921.5,79938.7,79767.2,79813.6,14.64809241
2026-09-05 22:30:00,79813.6,79865.9,79757.3,79778.5,16.598820619999998
2026-09-05 22:45:00,79778.0,79825.6,79757.2,79789.6,11.44936214
2026-09-05 23:00:00,79789.6,79789.6,79721.5,79765.7,8.85012532
2026-09-05 23:15:00,79765.6,79832.2,79747.6,79804.1,10.81896261
2026-09-05 23:30:00,79804.0,79847.3,79705.8,79810.6,17.43539222
2026-09-05 23:45:00,79810.6,79903.2,79778.1,79830.2,20.50973813
2026-09-06 00:00:00,79830.2,79915.6,79829.5,79911.3,5.79234684
2026-09-06 00:15:00,79911.3,79937.5,79871.5,79929.9,8.97215362
2026-09-06 00:30:00,79926.8,79946.4,79872.2,79878.4,15.14879175
2026-09-06 00:45:00,79878.4,79936.1,79860.3,79868.5,15.75821197
2026-09-06 01:00:00,79868.5,80007.5,79868.5,79955.8,23.81035766
2026-09-06 01:15:00,79955.9,79999.9,79897.8,79923.0,24.32672768
2026-09-06 01:30:00,79923.0,80064.5,79922.9,79976.0,24.75595742
2026-09-06 01:45:00,79976.1,80022.2,79934.4,79954.8,19.53423275
2026-09-06 02:00:00,79954.9,80018.5,79898.2,79998.9,17.0797836
2026-09-06 02:15:00,79998.6,80008.1,79902.2,79913.6,9.9567618
2026-09-06 02:30:00,79913.6,79960.1,79868.4,79882.8,9.97082432
2026-09-06 02:45:00,79882.8,79918.6,79870.0,79910.2,9.81221208
2026-09-06 03:00:00,79910.3,79934.6,79894.2,79934.4,11.22532136
2026-09-06 03:15:00,79934.4,79970.0,79893.2,79899.6,7.922808789999999
2026-09-06 03:30:00,79899.6,80106.8,79899.6,80106.8,17.264588709999998
2026-09-06 03:45:00,80106.8,80108.5,80006.6,80036.1,33.67070971
2026-09-06 04:00:00,80036.1,80036.1,79961.9,79981.3,19.60682828
2026-09-06 04:15:00,79981.3,79993.3,79879.7,79939.0,17.24992692
2026-09-06 04:30:00,79939.0,79943.2,79899.8,79922.5,10.47510042
2026-09-06 04:45:00,79922.5,79954.2,79846.6,79868.3,21.00199172
2026-09-06 05:00:00,79868.3,79910.7,79800.0,79811.3,19.95826552
2026-09-06 05:15:00,79811.3,79887.3,79800.0,79849.7,24.62536447
2026-09-06 05:30:00,79849.7,80113.3,79849.7,80028.9,36.41199408
2026-09-06 05:45:00,80027.0,80042.9,79955.6,79994.3,16.801688090000003
2026-09-06 06:00:00,79999.7,79999.7,79929.0,79930.7,10.08263527
2026-09-06 06:15:00,79930.6,79934.8,79834.4,79839.1,25.95290778
2026-09-06 06:30:00,79839.1,79856.5,79770.1,79826.7,32.51732159
2026-09-06 06:45:00,79826.6,79826.6,79697.2,79781.2,29.68581829
2026-09-06 07:00:00,79781.1,79807.1,79570.0,79671.9,55.472101910000006
2026-09-06 07:15:00,79674.4,79860.0,79674.3,79823.2,33.70537941
2026-09-06 07:30:00,79823.5,79874.5,79794.6,79859.4,206.59172613
2026-09-06 07:45:00,79859.4,79874.6,79818.9,79821.2,209.2830663
2026-09-06 08:00:00,79820.1,79902.6,79811.0,79878.5,43.39357785
2026-09-06 08:15:00,79878.5,79882.1,79802.7,79808.6,7.25297393
2026-09-06 08:30:00,79808.6,79825.3,79762.7,79792.6,17.61762049
2026-09-06 08:45:00,79792.6,79890.9,79762.1,79851.9,17.41272639
2026-09-06 09:00:00,79851.9,79936.0,79806.1,79936.0,13.65154746
2026-09-06 09:15:00,79936.0,79998.0,79916.0,79970.0,44.72744402
2026-09-06 09:30:00,79969.9,79998.4,79850.0,79865.7,22.45786739
2026-09-06 09:45:00,79865.8,79913.9,79851.5,79887.4,13.53675315
2026-09-06 10:00:00,79887.4,79948.5,79887.3,79927.1,6.05361319
2026-09-06 10:15:00,79927.2,79987.8,79927.1,79980.0,11.78755055
2026-09-06 10:30:00,79980.0,80022.0,79964.1,80021.8,16.65828479
2026-09-06 10:45:00,80021.9,80023.0,79978.0,80001.2,12.12547771
2026-09-06 11:00:00,80001.2,80001.2,79919.7,79979.9,18.75599202
2026-09-06 11:15:00,79979.9,79991.2,79901.8,79905.6,23.20567528
2026-09-06 11:30:00,79905.6,79979.0,79900.0,79959.0,19.22161133
2026-09-06 11:45:00,79959.0,79964.9,79914.2,79920.3,8.25925936
2026-09-06 12:00:00,79920.3,79949.7,79863.4,79936.2,16.48865365
2026-09-06 12:15:00,79936.2,80008.2,79936.2,79971.3,18.89556783
2026-09-06 12:30:00,79971.3,80008.2,79933.3,79933.4,18.19035095
2026-09-06 12:45:00,79933.3,80008.2,79919.1,79930.0,13.96232768
2026-09-06 13:00:00,79930.1,79977.2,79870.9,79894.5,34.44401074
2026-09-06 13:15:00,79894.5,79894.5,79800.0,79800.6,47.81400908
2026-09-06 13:30:00,79800.7,79868.6,79769.0,79806.3,51.46694289
2026-09-06 13:45:00,79806.2,79855.1,79790.0,79839.7,22.28441885
2026-09-06 14:00:00,79839.7,79851.9,79752.7,79757.4,50.502839
2026-09-06 14:15:00,79757.4,79808.5,79610.0,79670.0,75.25733479
2026-09-06 14:30:00,79670.1,79760.5,79199.0,79719.1,159.02821628
2026-09-06 14:45:00,79718.1,79719.1,79529.4,79543.7,31.63349263
2026-09-06 15:00:00,79543.7,79585.2,79382.4,79549.3,49.896521400000005
2026-09-06 15:15:00,79549.3,79678.7,79540.0,79647.7,20.3353107
2026-09-06 15:30:00,79647.6,79716.5,79600.1,79698.1,14.22018074
2026-09-06 15:45:00,79698.1,79729.8,79662.5,79718.0,10.85070296
2026-09-06 16:00:00,79717.9,79741.9,79608.9,79714.8,17.229703450000002
2026-09-06 16:15:00,79696.6,79734.4,79640.0,79724.6,9.47420372
2026-09-06 16:30:00,79724.5,79795.5,79690.7,79727.0,18.50101215
2026-09-06 16:45:00,79727.0,79736.9,79638.6,79691.7,6.45958428
2026-09-06 17:00:00,79691.7,79691.7,79588.7,79632.2,9.16329906
2026-09-06 17:15:00,79632.2,79780.5,79632.2,79701.1,18.21909743
2026-09-06 17:30:00,79701.1,79776.5,79681.2,79744.8,14.43017367
2026-09-06 17:45:00,79744.4,79770.0,79728.8,79743.7,13.22218396
2026-09-06 18:00:00,79747.6,79876.0,79747.5,79836.8,15.19097182
2026-09-06 18:15:00,79836.9,79918.8,79828.0,79918.8,9.17371015
2026-09-06 18:30:00,79918.7,79971.4,79918.7,79953.5,30.10309763
2026-09-06 18:45:00,79953.5,79962.9,79900.0,79949.5,12.63113583
2026-09-06 19:00:00,79949.5,79949.5,79860.0,79865.1,12.53631936
2026-09-06 19:15:00,79865.1,79880.7,79822.9,79854.0,10.32140933
2026-09-06 19:30:00,79854.0,79859.8,79808.0,79811.5,8.932531390000001
2026-09-06 19:45:00,79811.5,79840.8,79805.3,79840.8,8.0781123
2026-09-06 20:00:00,79840.8,79840.8,79784.2,79820.0,9.67452551
2026-09-06 20:15:00,79820.0,79956.4,79812.4,79934.4,10.0260406
2026-09-06 20:30:00,79934.4,79973.7,79913.6,79958.6,11.03766962
2026-09-06 20:45:00,79958.6,79979.2,79897.7,79919.0,8.74471961
2026-09-06 21:00:00,79919.0,80008.7,79918.0,80008.2,28.86789452
2026-09-06 21:15:00,80005.6,80030.0,79894.1,79902.0,31.49205007
2026-09-06 21:30:00,79902.0,79980.6,79869.6,79913.9,16.35754156
2026-09-06 21:45:00,79915.5,79999.0,79900.4,79937.5,44.90060733
2026-09-06 22:00:00,79937.5,79940.1,79679.0,79749.8,44.08610931
2026-09-06 22:15:00,79749.8,79833.2,79644.9,79819.4,28.80744746
2026-09-06 22:30:00,79819.4,80008.3,79812.3,79963.9,53.694529540000005
2026-09-06 22:45:00,79963.8,80088.2,79940.0,80046.4,38.4013046
2026-09-06 23:00:00,80046.4,80358.9,80007.9,80190.4,118.81614913
2026-09-06 23:15:00,80190.4,80282.3,80100.1,80128.0,54.8030323
2026-09-06 23:30:00,80128.5,80497.0,80128.0,80390.0,95.29653027
2026-09-06 23:45:00,80390.0,80555.4,80304.5,80341.4,91.10090395
2026-09-07 00:00:00,80341.4,80441.4,80240.5,80327.2,72.10623069
2026-09-07 00:15:00,80323.0,80337.2,80059.2,80200.0,46.83578342
2026-09-07 00:30:00,80200.0,80277.9,80110.6,80135.0,37.94756501
2026-09-07 00:45:00,80135.0,80197.8,80050.6,80159.1,41.4746748
2026-09-07 01:00:00,80159.1,80252.0,79939.8,79960.7,72.1584496
2026-09-07 01:15:00,79960.7,80019.0,79853.6,79919.5,44.41871944
2026-09-07 01:30:00,79919.4,79996.2,79832.7,79856.9,28.3195331
2026-09-07 01:45:00,79857.0,79979.1,79816.7,79931.6,23.66625553
2026-09-07 02:00:00,79931.5,79943.9,79799.8,79840.7,32.37338455
2026-09-07 02:15:00,79840.7,80057.3,79840.7,80027.5,38.0484134
2026-09-07 02:30:00,80027.7,80427.6,80000.1,80265.3,107.02767429
2026-09-07 02:45:00,80265.3,80289.1,79833.0,79879.9,83.86491794
2026-09-07 03:00:00,79880.0,79987.1,79772.9,79794.7,68.84235676
2026-09-07 03:15:00,79794.7,79845.3,79728.0,79730.3,28.01479927
2026-09-07 03:30:00,79730.1,79776.5,79600.0,79640.1,50.61651766
2026-09-07 03:45:00,79640.1,79696.6,79577.0,79594.8,39.18341385
2026-09-07 04:00:00,79594.9,79691.3,79558.0,79691.3,68.57925501
2026-09-07 04:15:00,79691.3,79699.9,79610.0,79610.0,32.53801469
2026-09-07 04:30:00,79606.2,79678.9,79541.6,79676.6,33.53794993
2026-09-07 04:45:00,79676.5,79727.9,79650.0,79724.0,31.16390926
2026-09-07 05:00:00,79724.0,79775.5,79658.6,79765.2,49.57825857
2026-09-07 05:15:00,79765.2,79927.3,79759.2,79855.9,39.66235315
2026-09-07 05:30:00,79855.9,79860.9,79808.6,79857.5,11.05569893
2026-09-07 05:45:00,79857.5,79857.5,79753.7,79753.8,14.88151576
2026-09-07 06:00:00,79753.8,79818.6,79741.9,79811.0,11.39496886
2026-09-07 06:15:00,79811.0,79811.0,79693.3,79710.6,18.83247257
2026-09-07 06:30:00,79710.6,79738.2,79651.8,79674.3,25.67725869
2026-09-07 06:45:00,79674.3,79681.1,79644.1,79652.5,10.84875247
2026-09-07 07:00:00,79652.5,79686.6,79592.1,79617.2,35.84869458
2026-09-07 07:15:00,79617.2,79627.5,79401.0,79425.3,115.25165173
2026-09-07 07:30:00,79425.3,79524.4,79000.0,79288.5,254.85488032
2026-09-07 07:45:00,79288.7,79407.5,79280.1,79401.2,86.56398627
2026-09-07 08:00:00,79401.3,79505.1,79398.9,79463.5,44.91699417
2026-09-07 08:15:00,79463.5,79522.8,79453.3,79475.6,34.712110679999995
2026-09-07 08:30:00,79475.5,79543.6,79419.2,79483.4,64.48091458
2026-09-07 08:45:00,79483.3,79503.9,79412.5,79428.0,40.16759438
2026-09-07 09:00:00,79428.0,79549.9,79407.6,79527.4,31.51092856
2026-09-07 09:15:00,79527.3,79539.0,79422.7,79483.7,26.15761597
2026-09-07 09:30:00,79483.7,79483.7,79323.3,79390.2,64.53980943
2026-09-07 09:45:00,79390.3,79460.6,79290.6,79309.9,52.10892511
2026-09-07 10:00:00,79309.9,79405.8,79309.9,79379.4,38.3666056
2026-09-07 10:15:00,79379.4,79425.2,79370.3,79422.3,17.95679121
2026-09-07 10:30:00,79422.3,79458.6,79388.4,79455.0,9.73106162
2026-09-07 10:45:00,79454.9,79457.9,79343.5,79366.3,17.342935750000002
2026-09-07 11:00:00,79366.3,79409.7,79279.9,79409.7,19.31641554
2026-09-07 11:15:00,79409.7,79473.5,79399.7,79444.7,12.31934628
2026-09-07 11:30:00,79444.7,79484.4,79407.2,79413.1,11.79130816
2026-09-07 11:45:00,79413.1,79436.3,79370.0,79416.1,50.23155136
2026-09-07 12:00:00,79416.1,79497.8,79395.1,79422.5,19.01044446
2026-09-07 12:15:00,79422.5,79534.2,79410.2,79527.9,16.02457698
2026-09-07 12:30:00,79527.9,79531.8,79460.0,79480.1,19.24262579
2026-09-07 12:45:00,79480.1,79636.3,79480.0,79601.9,57.484844
2026-09-07 13:00:00,79601.9,79648.1,79520.1,79630.0,45.45929001
2026-09-07 13:15:00,79630.0,79646.5,79575.4,79643.4,11.24369096
2026-09-07 13:30:00,79643.4,79643.4,79314.2,79379.7,60.54105386
2026-09-07 13:45:00,79379.6,79429.9,79323.5,79354.6,30.96611937
2026-09-07 14:00:00,79354.6,79397.1,79110.3,79179.0,79.51611389
2026-09-07 14:15:00,79180.0,79236.8,79046.1,79058.2,93.40259306
2026-09-07 14:30:00,79058.2,79121.8,78961.3,79036.9,104.68004864
2026-09-07 14:45:00,79036.9,79282.4,79036.8,79198.9,46.08934721
2026-09-07 15:00:00,79198.9,79198.9,79040.8,79045.5,31.08169815
2026-09-07 15:15:00,79045.6,79147.8,78836.5,79036.8,77.17287934
2026-09-07 15:30:00,79036.8,79044.1,78682.0,78773.9,111.43205636
2026-09-07 15:45:00,78773.8,78872.0,78704.4,78834.1,52.45240858
2026-09-07 16:00:00,78833.9,78928.5,78822.7,78910.9,28.90045425
2026-09-07 16:15:00,78910.9,78910.9,78808.9,78833.7,26.33674024
2026-09-07 16:30:00,78833.7,79036.7,78833.7,79012.9,35.069228100000004
2026-09-07 16:45:00,79012.9,79031.0,78973.6,79031.0,19.94830476
2026-09-07 17:00:00,79031.5,79157.2,79013.9,79157.1,15.00704748
2026-09-07 17:15:00,79156.8,79166.6,79084.8,79128.9,25.98936915
2026-09-07 17:30:00,79128.9,79175.8,79075.2,79156.4,14.07016926
2026-09-07 17:45:00,79156.4,79222.0,79142.7,79192.5,13.55035921
2026-09-07 18:00:00,79192.5,79219.3,79150.6,79177.8,23.85167262
2026-09-07 18:15:00,79177.8,79197.1,79133.9,79150.0,9.43532591
2026-09-07 18:30:00,79150.0,79165.8,79088.9,79160.7,9.71466554
2026-09-07 18:45:00,79160.7,79247.1,79139.1,79195.5,9.66607482
2026-09-07 19:00:00,79195.5,79195.7,79150.6,79170.5,6.07401473
2026-09-07 19:15:00,79170.5,79247.2,79170.4,79243.1,5.91390947
2026-09-07 19:30:00,79243.0,79419.3,79237.0,79344.3,51.15015341
2026-09-07 19:45:00,79344.3,79383.3,79344.3,79367.4,13.75687828
2026-09-07 20:00:00,79367.1,79399.0,79209.6,79238.1,19.54106016
2026-09-07 20:15:00,79238.0,79266.7,79187.5,79217.3,10.65788364
2026-09-07 20:30:00,79217.2,79246.4,79190.2,79190.3,8.67060702
2026-09-07 20:45:00,79190.3,79263.0,79166.6,79237.4,35.14894844
2026-09-07 21:00:00,79237.4,79270.0,79191.8,79270.0,20.03397665
2026-09-07 21:15:00,79271.4,79279.2,79210.2,79237.6,13.71046239
2026-09-07 21:30:00,79237.6,79237.6,79169.0,79194.5,7.09808403
2026-09-07 21:45:00,79194.1,79219.0,79157.7,79158.3,7.89358247
2026-09-07 22:00:00,79158.3,79224.3,79086.5,79152.2,53.06479169
2026-09-07 22:15:00,79152.2,79206.2,79028.8,79106.5,65.38441876
2026-09-07 22:30:00,79106.4,79106.4,78774.1,78828.2,39.60163221
2026-09-07 22:45:00,78828.2,78972.6,78824.9,78951.0,25.43808917
2026-09-07 23:00:00,78950.9,79172.6,78930.9,79138.8,35.53416815
2026-09-07 23:15:00,79138.4,79146.0,78963.1,79010.1,16.94644709
2026-09-07 23:30:00,79010.1,79129.3,78987.1,79129.2,9.51514514
2026-09-07 23:45:00,79129.2,79210.8,79106.2,79111.8,27.03862003
2026-09-08 00:00:00,79111.8,79122.0,78990.6,79054.4,33.55136426
2026-09-08 00:15:00,79054.3,79153.8,78969.5,79004.7,33.20684856
2026-09-08 00:30:00,79004.7,79283.5,78988.6,79218.5,24.34649362
2026-09-08 00:45:00,79216.3,79313.9,79200.4,79313.9,25.23495609
2026-09-08 01:00:00,79313.9,79371.7,79260.8,79300.3,35.95813192
2026-09-08 01:15:00,79300.3,79465.1,79256.4,79402.8,33.11426184
2026-09-08 01:30:00,79402.7,79402.7,79309.6,79320.2,20.407716840000003
2026-09-08 01:45:00,79320.2,79456.7,79302.0,79439.0,10.7813004
2026-09-08 02:00:00,79439.0,79444.0,79257.9,79334.0,25.32906507
2026-09-08 02:15:00,79333.9,79485.9,79250.1,79269.2,41.35024209
2026-09-08 02:30:00,79269.2,79277.9,79105.2,79133.0,19.40207088
2026-09-08 02:45:00,79133.0,79160.0,78935.4,78935.5,23.962250150000003
2026-09-08 03:00:00,78935.5,79004.7,78888.8,78918.8,40.34854529
2026-09-08 03:15:00,78914.3,78949.9,78730.1,78772.5,63.89418847
2026-09-08 03:30:00,78772.1,78988.2,78763.3,78953.9,38.04198284
2026-09-08 03:45:00,78953.6,78959.0,78869.8,78904.8,19.02932427
2026-09-08 04:00:00,78904.8,78939.5,78787.5,78816.7,31.60748741
2026-09-08 04:15:00,78817.3,78864.4,78760.1,78817.3,39.48026359
2026-09-08 04:30:00,78817.3,78878.7,78741.1,78787.6,22.71155928
2026-09-08 04:45:00,78787.7,78823.4,78680.0,78680.1,57.56596965
2026-09-08 05:00:00,78683.2,78820.0,78559.6,78705.2,91.54612855
2026-09-08 05:15:00,78705.2,78884.6,78663.1,78825.9,52.21256952
2026-09-08 05:30:00,78825.7,78830.7,78628.9,78628.9,57.04297512
2026-09-08 05:45:00,78628.9,78722.6,78602.9,78616.3,17.9367168
2026-09-08 06:00:00,78588.3,78630.5,78454.6,78598.1,123.15882466
2026-09-08 06:15:00,78598.0,78639.9,78367.4,78387.4,87.69418021
2026-09-08 06:30:00,78387.3,78450.0,78355.0,78429.8,46.85473428
2026-09-08 06:45:00,78429.7,78487.0,78261.7,78323.2,155.07884195
2026-09-08 07:00:00,78323.5,78446.8,78270.1,78405.2,132.52528015
2026-09-08 07:15:00,78405.2,78518.3,78373.0,78464.1,109.80718916
2026-09-08 07:30:00,78464.1,78607.9,78431.9,78432.0,184.57119277
2026-09-08 07:45:00,78432.0,78485.5,78181.6,78485.5,233.88276776
2026-09-08 08:00:00,78485.5,78485.5,78290.3,78388.8,31.90642588
2026-09-08 08:15:00,78388.8,78510.7,78306.6,78479.1,42.43029914
2026-09-08 08:30:00,78479.1,78562.2,78451.0,78538.6,51.47731789
2026-09-08 08:45:00,78538.5,78585.9,78382.5,78422.3,44.31444119
2026-09-08 09:00:00,78422.3,78499.0,78340.0,78486.0,50.37182766
2026-09-08 09:15:00,78486.0,78516.6,78345.7,78478.3,52.40081476
2026-09-08 09:30:00,78478.3,78781.3,78444.9,78765.8,95.2393195
2026-09-08 09:45:00,78765.7,78804.3,78731.0,78764.0,101.27937735
2026-09-08 10:00:00,78764.0,78764.0,78673.6,78747.0,56.31283226
2026-09-08 10:15:00,78747.2,78999.9,78733.3,78850.7,100.42365338
2026-09-08 10:30:00,78850.6,78876.8,78654.2,78672.6,34.62509383
2026-09-08 10:45:00,78672.6,78696.3,78561.8,78561.9,20.39469841
2026-09-08 11:00:00,78561.9,78582.1,78295.1,78319.1,43.6166552
2026-09-08 11:15:00,78319.0,78488.3,78312.4,78448.9,34.92800142
2026-09-08 11:30:00,78448.8,78495.7,78407.4,78445.3,27.89796952
2026-09-08 11:45:00,78445.3,78469.1,78371.1,78427.8,35.52892544
2026-09-08 12:00:00,78427.9,78427.9,78225.0,78225.1,50.9970445
2026-09-08 12:15:00,78226.4,78399.9,78225.1,78381.2,31.64833512
2026-09-08 12:30:00,78381.2,78460.0,78306.9,78344.4,28.63886593
2026-09-08 12:45:00,78339.6,78483.3,78306.9,78459.0,50.76726692
2026-09-08 13:00:00,78459.5,78549.4,78408.5,78481.5,29.39773497
2026-09-08 13:15:00,78481.5,78494.1,78314.8,78343.2,30.52715601
2026-09-08 13:30:00,78343.2,78382.6,77699.8,77851.7,270.07503092
2026-09-08 13:45:00,77851.7,78100.0,77624.6,77972.5,151.68607135
2026-09-08 14:00:00,77972.5,78194.1,77865.2,78160.1,105.33401694
2026-09-08 14:15:00,78160.1,78385.7,78160.1,78340.0,265.53138215
2026-09-08 14:30:00,78340.0,78433.7,78246.5,78410.7,118.71543646
2026-09-08 14:45:00,78410.7,78621.7,78382.0,78563.6,119.47555392
2026-09-08 15:00:00,78563.6,78664.2,78475.7,78643.8,54.42719575
2026-09-08 15:15:00,78643.8,78710.4,78442.4,78459.7,70.78170875
2026-09-08 15:30:00,78458.9,78762.0,78441.3,78716.1,196.44097966
2026-09-08 15:45:00,78716.1,78905.6,78659.7,78905.4,105.71616531
2026-09-08 16:00:00,78905.5,78905.6,78630.1,78649.9,88.88743488
2026-09-08 16:15:00,78650.0,78683.9,78572.7,78633.6,20.31778783
2026-09-08 16:30:00,78633.6,78970.8,78619.2,78794.0,49.82498812
2026-09-08 16:45:00,78794.0,78880.0,78627.3,78730.7,123.38478298
2026-09-08 17:00:00,78730.7,78887.5,78660.7,78707.6,46.2292825
2026-09-08 17:15:00,78707.6,78715.3,78546.6,78592.0,16.474200160000002
2026-09-08 17:30:00,78592.0,78665.8,78522.9,78530.1,28.64626297
2026-09-08 17:45:00,78530.1,78646.3,78494.0,78498.4,27.35413912
2026-09-08 18:00:00,78498.4,78721.9,78493.9,78671.4,46.07397401
2026-09-08 18:15:00,78671.5,78825.4,78671.5,78736.3,12.81913438
2026-09-08 18:30:00,78736.3,78780.4,78580.3,78602.3,17.53129863
2026-09-08 18:45:00,78602.3,78660.0,78265.0,78437.2,52.72801882
2026-09-08 19:00:00,78437.2,78522.4,78391.2,78468.2,25.07336579
2026-09-08 19:15:00,78468.2,78529.5,78339.4,78477.8,36.36530556
2026-09-08 19:30:00,78478.8,78520.5,78339.4,78411.4,34.65442432
2026-09-08 19:45:00,78411.4,78447.9,78315.7,78447.9,28.49061522
2026-09-08 20:00:00,78447.7,78622.2,78410.1,78610.3,16.322340660000002
2026-09-08 20:15:00,78610.3,78617.1,78453.9,78586.1,24.15735473
2026-09-08 20:30:00,78586.0,78586.1,78413.6,78530.1,20.96096655
2026-09-08 20:45:00,78530.1,78563.1,78465.1,78485.4,11.44725051
2026-09-08 21:00:00,78485.4,78579.3,78461.0,78553.4,13.90581134
2026-09-08 21:15:00,78553.5,78622.3,78506.1,78533.3,18.54785916
2026-09-08 21:30:00,78533.2,78570.0,78446.0,78524.5,29.21114951
2026-09-08 21:45:00,78524.5,78538.9,78405.7,78490.0,8.76849139
2026-09-08 22:00:00,78490.0,78663.9,78451.7,78512.5,27.67145654
2026-09-08 22:15:00,78512.5,78585.1,78467.5,78504.0,17.81506967
2026-09-08 22:30:00,78504.0,78539.2,78468.3,78493.5,7.725588910000001
2026-09-08 22:45:00,78493.5,78583.1,78491.6,78560.2,9.6384206
2026-09-08 23:00:00,78560.2,78577.9,78467.0,78498.2,17.94058678
2026-09-08 23:15:00,78498.3,78511.9,78436.7,78470.1,28.48451719
2026-09-08 23:30:00,78470.1,78475.4,78431.8,78446.0,32.55433948
2026-09-08 23:45:00,78445.9,78468.0,78410.0,78458.7,10.86970632
2026-09-09 00:00:00,78458.8,78733.5,78449.0,78714.4,26.30690193
2026-09-09 00:15:00,78714.4,78740.0,78600.0,78628.1,13.88033584
2026-09-09 00:30:00,78628.1,78698.7,78569.0,78698.6,6.03190564
2026-09-09 00:45:00,78698.6,78798.6,78698.6,78773.4,29.10549958
2026-09-09 01:00:00,78773.4,78865.0,78700.0,78739.2,33.97038753
2026-09-09 01:15:00,78739.2,78777.1,78633.0,78731.2,18.71985152
2026-09-09 01:30:00,78731.2,78880.0,78700.2,78841.3,12.68858917
2026-09-09 01:45:00,78841.3,78891.5,78814.4,78886.9,37.4282646
2026-09-09 02:00:00,78886.9,78923.0,78793.4,78795.8,39.17144675
2026-09-09 02:15:00,78795.8,78830.9,78683.0,78822.8,35.494088500000004
2026-09-09 02:30:00,78822.8,78834.9,78750.0,78791.1,9.71037376
2026-09-09 02:45:00,78791.1,78805.9,78720.9,78720.9,9.02330958
2026-09-09 03:00:00,78721.0,78724.8,78591.8,78592.5,16.187826870000002
2026-09-09 03:15:00,78592.5,78626.1,78551.3,78582.4,36.55704059
2026-09-09 03:30:00,78582.4,78664.8,78573.0,78653.1,6.283973420000001
2026-09-09 03:45:00,78653.0,78685.5,78600.1,78636.7,24.34216552
2026-09-09 04:00:00,78636.7,78945.0,78636.7,78845.4,54.65452585
2026-09-09 04:15:00,78845.3,78945.7,78782.8,78892.2,22.32449276
2026-09-09 04:30:00,78892.2,79206.8,78872.1,79195.6,92.7115353
2026-09-09 04:45:00,79195.6,79216.8,79076.0,79169.0,75.76016068999999
2026-09-09 05:00:00,79169.0,79343.5,79058.9,79276.3,165.01096465
2026-09-09 05:15:00,79276.3,79367.9,79127.5,79127.5,72.16682548
2026-09-09 05:30:00,79127.5,79138.3,78902.9,78924.1,59.99285408
2026-09-09 05:45:00,78924.1,78962.7,78841.7,78930.9,30.03160176
2026-09-09 06:00:00,78935.2,79138.3,78852.6,79116.4,42.13115182
2026-09-09 06:15:00,79116.3,79287.1,79095.4,79158.1,32.99452857
2026-09-09 06:30:00,79158.1,79236.0,79139.9,79191.9,23.08329977
2026-09-09 06:45:00,79191.9,79205.5,79116.0,79160.3,19.78809119
2026-09-09 07:00:00,79160.2,79396.8,79154.6,79256.6,66.28121415999999
2026-09-09 07:15:00,79256.6,79300.0,79226.2,79278.0,34.7588917
2026-09-09 07:30:00,79278.0,79297.6,79176.6,79196.2,81.38580681
2026-09-09 07:45:00,79196.2,79279.0,79186.6,79270.8,83.59961281
2026-09-09 08:00:00,79270.8,79544.9,79256.7,79408.8,156.92929623
2026-09-09 08:15:00,79408.8,79712.7,79403.6,79686.6,72.23823742
2026-09-09 08:30:00,79683.8,79768.0,79573.9,79647.0,161.06110596000002
2026-09-09 08:45:00,79647.0,79720.0,79592.5,79699.6,49.72496906999999
2026-09-09 09:00:00,79699.6,79714.1,79462.8,79537.3,59.74680244
2026-09-09 09:15:00,79537.3,79550.9,79420.1,79420.2,55.12043643
2026-09-09 09:30:00,79420.2,79439.5,79063.8,79073.2,90.42450975
2026-09-09 09:45:00,79077.2,79133.1,78900.4,78950.6,83.71735837
2026-09-09 10:00:00,78950.9,79056.3,78935.2,79000.1,42.16517224
2026-09-09 10:15:00,79000.0,79132.2,78921.2,79080.4,36.80026485
2026-09-09 10:30:00,79080.4,79187.7,79069.2,79081.7,36.3271704
2026-09-09 10:45:00,79081.6,79081.7,78878.8,78917.3,39.326131450000005
2026-09-09 11:00:00,78917.3,78965.2,78737.5,78873.7,59.73863178
2026-09-09 11:15:00,78874.2,79000.0,78804.1,78994.1,31.97723617
2026-09-09 11:30:00,78994.0,79096.7,78960.4,79023.1,34.00721774
2026-09-09 11:45:00,79023.2,79378.7,79023.2,79325.4,67.77744273
2026-09-09 12:00:00,79321.6,79450.0,79271.7,79384.5,45.764988040000006
2026-09-09 12:15:00,79384.4,79449.9,79316.7,79407.9,26.05489611
2026-09-09 12:30:00,79408.0,79608.6,79408.0,79524.4,87.09938631
2026-09-09 12:45:00,79524.4,79663.3,79524.3,79609.2,84.76600307000001
2026-09-09 13:00:00,79609.3,79625.0,79497.9,79518.4,58.94679823
2026-09-09 13:15:00,79518.5,79640.7,79466.6,79615.8,37.82742746
2026-09-09 13:30:00,79615.7,79675.6,79107.1,79243.7,137.91825759
2026-09-09 13:45:00,79243.5,79391.0,79108.0,79143.8,49.41539358
2026-09-09 14:00:00,79138.9,79204.4,78907.6,79088.1,77.09718629
2026-09-09 14:15:00,79086.8,79279.6,78883.6,79279.6,68.58793402
2026-09-09 14:30:00,79279.9,79413.7,78966.6,79007.3,78.11802039999999
2026-09-09 14:45:00,79007.4,79140.3,78900.7,78964.9,53.13004291
2026-09-09 15:00:00,78967.1,79400.0,78282.3,78477.4,321.42791533
2026-09-09 15:15:00,78477.5,78634.9,78064.8,78379.3,140.65377645
2026-09-09 15:30:00,78379.3,78753.0,78340.8,78647.4,87.14524485999999
2026-09-09 15:45:00,78647.1,78695.4,78556.3,78595.3,33.47979842
2026-09-09 16:00:00,78595.3,78788.3,78490.5,78666.8,43.92010425
2026-09-09 16:15:00,78665.3,78665.3,78453.7,78638.0,47.69152103
2026-09-09 16:30:00,78638.0,78933.8,78638.0,78803.5,70.8204655
2026-09-09 16:45:00,78803.6,78805.0,78733.1,78796.4,12.88647365
2026-09-09 17:00:00,78796.4,78841.9,78720.9,78790.0,25.75825036
2026-09-09 17:15:00,78871.2,78929.3,78789.3,78852.8,21.84566042
2026-09-09 17:30:00,78856.0,78866.7,78689.4,78697.7,36.06210345
2026-09-09 17:45:00,78697.7,78819.0,78669.0,78772.0,44.15868432
2026-09-09 18:00:00,78775.3,78794.4,78593.2,78607.8,18.45067473
2026-09-09 18:15:00,78607.9,78647.7,78567.0,78626.8,21.18025615
2026-09-09 18:30:00,78624.7,78650.5,78497.7,78539.6,21.48438467
2026-09-09 18:45:00,78539.9,78562.1,78401.0,78415.7,31.17424969
2026-09-09 19:00:00,78415.7,78495.6,78342.8,78481.8,35.85803569
2026-09-09 19:15:00,78481.8,78579.8,78465.4,78530.7,9.2757583
2026-09-09 19:30:00,78530.7,78555.6,78292.7,78303.5,93.36989352
2026-09-09 19:45:00,78303.6,78335.4,78153.8,78228.6,41.56891595
2026-09-09 20:00:00,78228.5,78297.7,78186.1,78253.0,14.92402664
2026-09-09 20:15:00,78253.0,78339.6,77930.0,78117.2,100.50260401
2026-09-09 20:30:00,78117.1,78320.2,78106.0,78283.3,59.72671504
2026-09-09 20:45:00,78276.6,78330.0,78100.1,78320.1,28.922977580000005
2026-09-09 21:00:00,78320.1,78342.8,78166.6,78250.0,38.25721679
2026-09-09 21:15:00,78250.7,78297.7,78140.8,78284.8,13.05276003
2026-09-09 21:30:00,78284.7,78284.7,78141.9,78248.3,15.6101242
2026-09-09 21:45:00,78248.3,78248.3,78004.7,78148.4,17.5609107
2026-09-09 22:00:00,78148.4,78200.0,77777.0,77863.5,95.63366439
2026-09-09 22:15:00,77863.5,78062.5,77764.1,78034.1,24.65487234
2026-09-09 22:30:00,78034.1,78059.9,77944.9,78041.8,25.73166522
2026-09-09 22:45:00,78041.7,78049.8,77909.2,77924.4,13.65967079
2026-09-09 23:00:00,77920.6,78200.0,77916.6,78154.7,17.647482240000002
2026-09-09 23:15:00,78154.6,78188.7,78100.0,78188.7,12.56035796
2026-09-09 23:30:00,78188.6,78265.8,78174.7,78232.5,14.51032883
2026-09-09 23:45:00,78232.1,78315.4,78219.9,78300.7,13.78867068
2026-09-10 00:00:00,78300.6,78397.5,78274.3,78277.5,107.92302934
2026-09-10 00:15:00,78277.5,78343.9,78219.9,78329.7,35.36436434
2026-09-10 00:30:00,78329.7,78329.7,78168.0,78168.1,28.02200795
2026-09-10 00:45:00,78168.1,78260.0,78103.1,78176.2,49.45834923
2026-09-10 01:00:00,78176.2,78508.1,78163.4,78337.1,49.13677512
2026-09-10 01:15:00,78337.0,78348.2,78166.6,78174.0,30.25594908
2026-09-10 01:30:00,78174.0,78246.6,77954.4,78177.9,53.1679833
2026-09-10 01:45:00,78177.9,78177.9,77992.2,78095.9,26.06616571
2026-09-10 02:00:00,78095.9,78103.2,78003.6,78044.8,13.39765379
2026-09-10 02:15:00,78044.6,78074.5,77971.4,78023.2,28.76886285
2026-09-10 02:30:00,78023.2,78267.2,78005.8,78260.7,34.6270722
2026-09-10 02:45:00,78260.6,78374.9,78256.6,78354.1,23.02891445
2026-09-10 03:00:00,78354.1,78544.6,78328.0,78380.5,143.63461934
2026-09-10 03:15:00,78378.0,78402.7,78305.0,78392.8,21.82501085
2026-09-10 03:30:00,78392.8,78454.5,78325.3,78371.0,26.27098178
2026-09-10 03:45:00,78371.0,78453.2,78274.9,78327.7,33.85365167
2026-09-10 04:00:00,78327.6,78406.7,78303.6,78343.5,21.12993738
2026-09-10 04:15:00,78343.4,78428.4,78343.4,78385.7,12.30968453
2026-09-10 04:30:00,78385.7,78416.7,78337.4,78337.4,9.52918312
2026-09-10 04:45:00,78337.4,78444.1,78300.1,78403.5,25.42520822
2026-09-10 05:00:00,78403.5,78495.5,78272.7,78481.2,27.17155052
2026-09-10 05:15:00,78480.0,78517.7,78360.1,78470.5,23.20385379
2026-09-10 05:30:00,78470.5,78519.9,78396.7,78412.9,20.75582011
2026-09-10 05:45:00,78412.8,78542.9,78409.9,78517.8,90.28739428
2026-09-10 06:00:00,78537.9,78539.9,78300.1,78310.6,14.09665505
2026-09-10 06:15:00,78310.6,78310.6,78159.4,78214.8,31.39898755
2026-09-10 06:30:00,78216.9,78277.5,78164.5,78206.9,25.2053994
2026-09-10 06:45:00,78207.0,78533.2,78207.0,78423.6,39.75329701
2026-09-10 07:00:00,78423.6,78431.1,78157.6,78221.2,19.31519012
2026-09-10 07:15:00,78221.4,78225.2,78023.4,78023.5,62.79239119
2026-09-10 07:30:00,78023.5,78051.3,77916.0,78023.3,160.11588547
2026-09-10 07:45:00,78027.4,78160.8,78017.1,78110.8,65.37213156
2026-09-10 08:00:00,78107.0,78162.9,78061.6,78080.4,62.87043025
2026-09-10 08:15:00,78080.4,78172.1,78039.7,78163.6,32.31911538
2026-09-10 08:30:00,78163.6,78169.7,78033.6,78105.4,23.5300149
2026-09-10 08:45:00,78105.4,78172.1,78088.3,78108.5,11.67453923
2026-09-10 09:00:00,78113.0,78215.1,78110.6,78162.0,12.25918222
2026-09-10 09:15:00,78163.0,78232.5,78140.0,78211.0,18.20274269
2026-09-10 09:30:00,78211.0,78211.0,77919.0,77964.5,38.68712067
2026-09-10 09:45:00,77964.5,78030.0,77950.0,77998.5,19.52982959
2026-09-10 10:00:00,77993.8,78046.3,77955.4,77994.4,35.42776336
2026-09-10 10:15:00,77994.3,78026.9,77931.3,77984.4,12.65643113
2026-09-10 10:30:00,77984.4,78046.6,77826.5,77994.6,39.89354078
2026-09-10 10:45:00,77994.7,78043.2,77861.0,77861.9,40.71663053
2026-09-10 11:00:00,77861.9,77928.5,77700.0,77927.4,74.18222284
2026-09-10 11:15:00,77928.5,78055.7,77928.5,78015.9,18.32477598
2026-09-10 11:30:00,78017.8,78055.7,77980.0,78010.3,23.80764134
2026-09-10 11:45:00,78010.2,78032.8,77832.2,77840.0,44.2292082
2026-09-10 12:00:00,77839.9,77895.6,77723.3,77834.5,38.95132905
2026-09-10 12:15:00,77832.1,77844.3,77681.1,77814.3,82.87129299
2026-09-10 12:30:00,77814.3,77973.2,77056.0,77138.0,481.44250535
2026-09-10 12:45:00,77141.1,77185.1,76680.0,76902.0,510.96208156
2026-09-10 13:00:00,76899.7,77090.9,76774.6,76835.5,180.29125882
2026-09-10 13:15:00,76835.5,76978.4,76736.1,76923.4,72.01551164
2026-09-10 13:30:00,76933.5,77110.0,76770.6,76934.9,107.87715465
2026-09-10 13:45:00,76935.0,77244.8,76920.0,77174.9,100.62462343
2026-09-10 14:00:00,77172.8,77344.9,76963.1,77083.0,92.10581125
2026-09-10 14:15:00,77081.1,77388.8,76956.5,77279.8,75.74042055
2026-09-10 14:30:00,77279.4,77367.8,77240.0,77280.1,39.13100221
2026-09-10 14:45:00,77280.2,77424.6,77260.4,77418.2,43.86307206
2026-09-10 15:00:00,77418.3,77420.0,77250.4,77344.2,44.91572594
2026-09-10 15:15:00,77344.2,77358.9,77101.8,77111.1,34.79228179
2026-09-10 15:30:00,77108.7,77339.4,77088.0,77215.1,34.31212438
2026-09-10 15:45:00,77215.2,77250.6,77120.0,77250.5,34.60981411
2026-09-10 16:00:00,77250.6,77319.9,76906.7,76983.7,63.97053277
2026-09-10 16:15:00,76984.9,77083.3,76883.1,76928.4,151.38025555
2026-09-10 16:30:00,76928.4,77066.4,76803.0,77042.3,157.15787401
2026-09-10 16:45:00,77042.4,77239.1,77042.4,77208.9,39.4180709
2026-09-10 17:00:00,77206.1,77245.0,77126.3,77181.1,37.20434903
2026-09-10 17:15:00,77181.1,77341.5,77130.1,77326.4,138.62085471
2026-09-10 17:30:00,77326.4,77549.9,77313.5,77362.2,112.85724139
2026-09-10 17:45:00,77365.5,77444.4,77321.4,77329.9,28.71674827
2026-09-10 18:00:00,77330.0,77347.4,76988.0,77012.8,35.77634578
2026-09-10 18:15:00,77012.7,77161.2,77000.1,77070.2,15.75828751
2026-09-10 18:30:00,77070.1,77170.4,77049.9,77163.9,13.64968511
2026-09-10 18:45:00,77164.0,77302.6,77098.3,77253.5,17.392391919999998
2026-09-10 19:00:00,77253.4,77253.5,77124.8,77175.4,19.25183448
2026-09-10 19:15:00,77175.4,77258.9,77105.3,77196.2,42.19977223
2026-09-10 19:30:00,77198.8,77300.0,77111.5,77257.2,25.24617444
2026-09-10 19:45:00,77257.3,77261.1,77082.9,77165.7,26.69155172
2026-09-10 20:00:00,77165.8,77322.5,77110.0,77322.4,22.26764138
2026-09-10 20:15:00,77322.5,77350.0,77255.3,77284.6,7.80639982
2026-09-10 20:30:00,77284.2,77296.5,77228.8,77296.4,13.59411623
2026-09-10 20:45:00,77296.5,77300.8,77220.1,77264.4,12.03623339
2026-09-10 21:00:00,77264.5,77303.6,77216.0,77254.3,25.90579098
2026-09-10 21:15:00,77254.4,77254.4,77190.8,77238.8,6.26640782
2026-09-10 21:30:00,77238.9,77242.4,77108.4,77152.4,15.201228400000002
2026-09-10 21:45:00,77152.4,77207.1,77120.4,77149.0,6.785786809999999
2026-09-10 22:00:00,77149.1,77194.3,77080.6,77144.5,30.18247514
2026-09-10 22:15:00,77144.4,77220.0,77066.7,77066.7,12.41690545
2026-09-10 22:30:00,77066.7,77088.7,76827.3,76860.2,35.23409414
2026-09-10 22:45:00,76860.1,76976.3,76820.6,76830.0,21.76609322
2026-09-10 23:00:00,76830.1,76881.5,76489.0,76517.8,130.31008634
2026-09-10 23:15:00,76517.8,76792.7,76464.7,76736.9,107.24774267
2026-09-10 23:30:00,76737.0,76817.4,76710.1,76778.0,25.45810269
2026-09-10 23:45:00,76777.8,76781.9,76541.0,76570.0,109.53050717
2026-09-11 00:00:00,76574.2,76852.9,76546.0,76818.7,66.72203085
2026-09-11 00:15:00,76818.6,76874.9,76770.5,76846.5,43.41902537
2026-09-11 00:30:00,76846.5,76846.5,76688.6,76767.1,44.30651294
2026-09-11 00:45:00,76763.9,76939.8,76746.9,76912.0,19.05972951
2026-09-11 01:00:00,76912.1,77005.2,76892.9,76904.7,24.42823287
2026-09-11 01:15:00,76905.3,76960.0,76800.0,76816.7,54.06832221
2026-09-11 01:30:00,76816.7,76919.9,76670.9,76900.0,28.27724641
2026-09-11 01:45:00,76900.0,76978.6,76794.1,76978.6,28.91014138
2026-09-11 02:00:00,76978.6,77017.1,76900.1,76988.0,64.69687789
2026-09-11 02:15:00,76987.8,76987.8,76770.0,76806.5,21.67691511
2026-09-11 02:30:00,76806.5,76927.6,76775.1,76867.2,34.431151889999995
2026-09-11 02:45:00,76867.2,76934.1,76805.0,76844.0,28.57626252
2026-09-11 03:00:00,76844.0,76885.1,76707.6,76883.6,51.43847764
2026-09-11 03:15:00,76883.7,76891.3,76760.1,76819.9,41.34359638
2026-09-11 03:30:00,76819.7,76898.9,76707.6,76882.8,42.70321937
2026-09-11 03:45:00,76883.3,76894.7,76765.8,76894.7,16.95823175
2026-09-11 04:00:00,76894.7,76994.0,76879.4,76973.5,33.07769748
2026-09-11 04:15:00,76978.9,77187.4,76930.3,77176.6,35.36705002
2026-09-11 04:30:00,77176.7,77195.0,77088.0,77104.4,28.64743184
2026-09-11 04:45:00,77099.0,77150.2,77096.3,77110.0,7.09290727
2026-09-11 05:00:00,77110.1,77164.8,77060.0,77139.7,20.36856219
2026-09-11 05:15:00,77139.8,77156.0,77084.4,77095.4,25.18596365
2026-09-11 05:30:00,77095.4,77192.9,77074.2,77192.8,30.46212093
2026-09-11 05:45:00,77192.9,77232.5,77162.0,77228.6,15.59596829
2026-09-11 06:00:00,77255.6,77437.6,77230.1,77403.9,53.21515442
2026-09-11 06:15:00,77403.5,77408.0,77246.1,77278.5,29.884121370000003
2026-09-11 06:30:00,77278.6,77278.6,77174.1,77251.3,26.67001331
2026-09-11 06:45:00,77251.2,77307.2,77251.2,77305.0,27.14361559
2026-09-11 07:00:00,77305.3,77396.0,77293.0,77321.5,21.25600896
2026-09-11 07:15:00,77321.5,77408.9,77301.0,77337.3,20.89386483
2026-09-11 07:30:00,77337.4,77350.0,77258.2,77272.5,59.29277714
2026-09-11 07:45:00,77272.5,77272.5,77205.6,77230.0,41.17335302
2026-09-11 08:00:00,77230.1,77271.9,77141.7,77184.8,62.68331276
2026-09-11 08:15:00,77184.8,77464.8,77184.0,77395.9,38.09762602
2026-09-11 08:30:00,77395.9,77498.8,77359.3,77419.9,30.83732844
2026-09-11 08:45:00,77419.9,77424.1,77331.2,77359.1,16.43040875
2026-09-11 09:00:00,77359.1,77374.7,77262.9,77282.1,24.37750672
2026-09-11 09:15:00,77282.0,77294.4,77140.8,77140.8,16.94214758
2026-09-11 09:30:00,77140.8,77173.8,76866.0,76971.0,86.45217322
2026-09-11 09:45:00,76971.3,77069.4,76967.4,77041.2,13.83250497
2026-09-11 10:00:00,77040.7,77167.6,76970.4,77089.5,34.27533085
2026-09-11 10:15:00,77089.5,77146.9,77036.7,77040.2,12.66488107
2026-09-11 10:30:00,77040.2,77060.0,76963.2,77016.1,25.0947612
2026-09-11 10:45:00,77016.1,77053.2,77000.0,77000.1,24.4020743
2026-09-11 11:00:00,77000.1,77003.2,76766.8,76793.9,67.64055199
2026-09-11 11:15:00,76793.9,76921.8,76750.0,76848.6,29.46680219
2026-09-11 11:30:00,76849.9,76914.1,76785.6,76910.4,24.00499632
2026-09-11 11:45:00,76910.4,77045.9,76893.2,77034.7,31.29785088
2026-09-11 12:00:00,77034.8,77131.8,76908.1,76925.5,48.71497722
2026-09-11 12:15:00,76925.4,77421.0,76900.8,77101.5,119.30087713
2026-09-11 12:30:00,77100.3,77713.2,76001.0,77592.7,1169.58840197
2026-09-11 12:45:00,77592.8,78159.9,77562.7,78025.1,545.18932898
2026-09-11 13:00:00,78025.0,78028.5,77563.7,77732.3,121.10299595
2026-09-11 13:15:00,77735.0,77840.6,77502.6,77520.6,109.64407803
2026-09-11 13:30:00,77520.6,77948.8,77255.4,77879.8,275.60429327
2026-09-11 13:45:00,77879.8,79331.7,77764.8,79251.4,653.29906855
2026-09-11 14:00:00,79240.0,79896.3,78815.8,79060.2,595.9201848
2026-09-11 14:15:00,79060.3,79188.8,78941.8,79045.5,171.60079387
2026-09-11 14:30:00,79046.8,79049.9,78559.3,78652.3,160.38696814
2026-09-11 14:45:00,78652.7,78877.3,78516.3,78796.8,96.39372594
2026-09-11 15:00:00,78796.8,78847.6,78509.4,78511.4,89.70169163999999
2026-09-11 15:15:00,78511.4,78778.9,78478.2,78717.3,72.85594094000001
2026-09-11 15:30:00,78717.3,78838.7,78649.9,78655.2,54.26324699
2026-09-11 15:45:00,78655.1,78667.9,77321.7,77727.0,339.97162027
2026-09-11 16:00:00,77726.9,78066.5,77663.9,77798.2,110.41892579
2026-09-11 16:15:00,77798.3,77844.6,77394.0,77673.0,179.43204065999998
2026-09-11 16:30:00,77679.0,77800.0,77535.7,77800.0,74.37278014
2026-09-11 16:45:00,77800.0,78000.0,77792.7,77913.4,109.32680313
2026-09-11 17:00:00,77913.1,77961.9,77752.2,77753.0,51.95665641
2026-09-11 17:15:00,77752.9,77906.8,77698.5,77844.0,27.99561673
2026-09-11 17:30:00,77844.0,77878.9,77574.9,77611.4,43.5737312
2026-09-11 17:45:00,77611.4,77636.9,77490.8,77532.2,45.975608
2026-09-11 18:00:00,77532.2,77541.7,76880.1,77087.2,213.7893547
2026-09-11 18:15:00,77087.1,77255.5,77060.0,77215.0,54.70727425
2026-09-11 18:30:00,77214.6,77290.3,77104.1,77110.5,27.42709569
2026-09-11 18:45:00,77110.5,77219.0,76952.1,77059.9,30.97064135
2026-09-11 19:00:00,77060.0,77249.9,77000.2,77220.0,31.21237558
2026-09-11 19:15:00,77215.5,77290.3,77088.1,77232.1,26.09069158
2026-09-11 19:30:00,77232.1,77331.5,77195.6,77303.4,25.82891872
2026-09-11 19:45:00,77303.3,77375.0,77248.1,77289.9,37.92879427
2026-09-11 20:00:00,77289.8,77500.0,77279.0,77452.2,29.98840381
2026-09-11 20:15:00,77452.1,77452.1,77368.2,77390.4,16.87781048
2026-09-11 20:30:00,77390.3,77457.4,77272.9,77413.4,26.32245257
2026-09-11 20:45:00,77413.3,77419.0,77195.2,77332.1,40.4261379
2026-09-11 21:00:00,77332.2,77425.5,77316.2,77368.6,16.474076189999998
2026-09-11 21:15:00,77369.8,77430.3,77348.1,77360.2,8.76223487
2026-09-11 21:30:00,77359.8,77406.8,77336.2,77348.6,12.1549485
2026-09-11 21:45:00,77348.7,77354.7,77084.8,77119.0,41.25204061
2026-09-11 22:00:00,77119.0,77184.9,76982.0,77184.9,92.70587639
2026-09-11 22:15:00,77184.9,77250.0,77105.4,77116.5,33.99987021
2026-09-11 22:30:00,77115.3,77206.0,76995.2,77123.2,38.64497608
2026-09-11 22:45:00,77123.1,77171.8,77000.0,77147.4,32.964249120000005
2026-09-11 23:00:00,77147.4,77219.9,77117.4,77130.3,61.1498331
2026-09-11 23:15:00,77130.3,77201.6,77130.2,77191.9,16.02784534
2026-09-11 23:30:00,77192.2,77231.7,77154.1,77182.9,21.76571492
2026-09-11 23:45:00,77182.6,77223.5,77153.6,77223.4,32.45998686
2026-09-12 00:00:00,77223.5,77303.5,77203.2,77296.3,23.72358526
2026-09-12 00:15:00,77299.0,77308.9,77270.3,77270.3,7.27058555
2026-09-12 00:30:00,77270.3,77291.1,77242.0,77282.2,14.02173476
2026-09-12 00:45:00,77282.2,77322.5,77268.6,77282.0,55.67029606
2026-09-12 01:00:00,77282.1,77368.4,77251.0,77368.3,12.56290871
2026-09-12 01:15:00,77368.3,77381.2,77294.1,77322.5,11.82814559
2026-09-12 01:30:00,77322.7,77330.0,77260.2,77277.3,11.10225998
2026-09-12 01:45:00,77277.3,77335.6,77265.8,77272.6,14.01297026
2026-09-12 02:00:00,77272.6,77325.6,77270.0,77299.5,12.796406479999998
2026-09-12 02:15:00,77299.6,77323.0,77281.1,77281.4,6.05724878
2026-09-12 02:30:00,77281.5,77293.5,77219.6,77234.0,27.99281912
2026-09-12 02:45:00,77234.1,77310.0,77219.6,77281.7,30.28138663
2026-09-12 03:00:00,77281.2,77349.9,77250.0,77290.3,24.04255433
2026-09-12 03:15:00,77283.7,77320.1,77231.7,77290.1,27.84936928
2026-09-12 03:30:00,77292.1,77292.2,77233.7,77257.1,7.157598419999999
2026-09-12 03:45:00,77257.1,77274.5,77240.8,77271.7,4.71318336
2026-09-12 04:00:00,77271.7,77315.0,77271.7,77290.8,7.92992866
2026-09-12 04:15:00,77290.8,77300.1,77221.3,77255.5,41.33160888
2026-09-12 04:30:00,77255.6,77304.4,77240.0,77255.0,66.62049744000001
2026-09-12 04:45:00,77255.0,77268.1,77230.0,77230.1,11.39795832
2026-09-12 05:00:00,77230.1,77251.4,77171.9,77229.3,29.30071314
2026-09-12 05:15:00,77226.1,77250.5,77191.6,77196.2,30.68658789
2026-09-12 05:30:00,77195.4,77260.3,77195.4,77239.0,11.00317123
2026-09-12 05:45:00,77238.7,77251.4,77214.5,77216.7,12.30852974
2026-09-12 06:00:00,77216.7,77234.6,77206.9,77214.4,6.88045228
2026-09-12 06:15:00,77214.5,77247.2,77214.0,77243.8,3.40692431
2026-09-12 06:30:00,77243.8,77320.0,77243.8,77319.5,31.99633798
2026-09-12 06:45:00,77319.4,77362.4,77293.1,77300.4,14.21928585
2026-09-12 07:00:00,77300.5,77358.4,77300.4,77346.4,15.36295496
2026-09-12 07:15:00,77346.4,77348.7,77311.8,77311.8,17.3194721
2026-09-12 07:30:00,77311.8,77311.9,77282.4,77287.0,20.50034522
2026-09-12 07:45:00,77287.0,77306.8,77262.7,77278.6,31.00125017
2026-09-12 08:00:00,77280.1,77350.5,77270.6,77303.5,16.5122811
2026-09-12 08:15:00,77303.5,77347.5,77299.5,77308.7,10.10313805
2026-09-12 08:30:00,77308.6,77349.7,77308.6,77349.7,6.33007854
2026-09-12 08:45:00,77349.7,77375.6,77333.5,77358.8,11.5880606
2026-09-12 09:00:00,77358.8,77381.3,77341.5,77369.6,28.21995758
2026-09-12 09:15:00,77369.6,77392.4,77350.7,77376.5,25.13896558
2026-09-12 09:30:00,77378.7,77380.0,77329.6,77341.5,38.97263921
2026-09-12 09:45:00,77341.5,77372.0,77332.0,77354.9,8.22773183
2026-09-12 10:00:00,77354.8,77405.0,77354.8,77402.6,21.31778927
2026-09-12 10:15:00,77402.7,77402.7,77378.0,77382.0,3.69817541
2026-09-12 10:30:00,77381.9,77384.9,77354.2,77371.9,15.04739627
2026-09-12 10:45:00,77371.9,77385.1,77310.9,77331.5,32.47011078
2026-09-12 11:00:00,77331.5,77355.3,77309.0,77332.4,33.86311329
2026-09-12 11:15:00,77332.5,77332.5,77278.5,77293.8,93.09470868
2026-09-12 11:30:00,77293.9,77343.9,77278.5,77341.4,35.46518241
2026-09-12 11:45:00,77341.3,77368.7,77341.3,77354.4,2.52890966
2026-09-12 12:00:00,77354.4,77361.9,77319.3,77330.8,8.790450439999999
2026-09-12 12:15:00,77330.8,77343.3,77311.1,77327.0,14.04193211
2026-09-12 12:30:00,77327.1,77347.5,77324.5,77324.7,5.04038916
2026-09-12 12:45:00,77324.3,77341.8,77288.2,77332.7,14.03957323
2026-09-12 13:00:00,77332.8,77400.0,77300.3,77317.4,37.5730988
2026-09-12 13:15:00,77317.4,77325.7,77250.0,77310.5,45.27153638
2026-09-12 13:30:00,77310.5,77325.6,77266.7,77296.7,26.52297469
2026-09-12 13:45:00,77296.7,77373.5,77278.7,77369.9,24.09492774
2026-09-12 14:00:00,77370.0,77385.2,77364.0,77369.9,4.44124367
2026-09-12 14:15:00,77369.9,77427.1,77369.9,77424.1,58.61922872
2026-09-12 14:30:00,77424.1,77480.4,77424.1,77450.2,22.20065717
2026-09-12 14:45:00,77450.3,77507.1,77450.3,77469.7,21.60278533
2026-09-12 15:00:00,77469.8,77472.3,77408.9,77433.0,34.55532158
2026-09-12 15:15:00,77433.0,77492.5,77426.8,77459.0,12.71993662
2026-09-12 15:30:00,77459.1,77461.0,77370.0,77405.4,19.12373273
2026-09-12 15:45:00,77405.5,77444.5,77377.6,77385.2,30.02300893
2026-09-12 16:00:00,77385.3,77423.3,77340.8,77365.2,19.42673332
2026-09-12 16:15:00,77365.3,77387.1,77365.3,77387.0,3.67334042
2026-09-12 16:30:00,77387.1,77394.9,77357.7,77363.5,4.40268867
2026-09-12 16:45:00,77363.3,77379.2,77348.6,77361.9,13.91605105
2026-09-12 17:00:00,77362.0,77405.2,77350.1,77366.6,15.97235954
2026-09-12 17:15:00,77366.5,77366.6,77272.7,77296.9,29.32576179
2026-09-12 17:30:00,77296.8,77296.8,77220.0,77240.7,13.38436423
2026-09-12 17:45:00,77240.7,77240.7,77184.5,77214.2,12.97907294
2026-09-12 18:00:00,77214.3,77234.3,77176.5,77176.5,12.1195375
2026-09-12 18:15:00,77176.6,77213.3,77130.5,77202.7,16.51746543
2026-09-12 18:30:00,77203.4,77205.6,77130.0,77195.5,18.77923868
2026-09-12 18:45:00,77195.6,77195.6,77142.1,77144.6,5.17985346
2026-09-12 19:00:00,77144.7,77189.0,77134.0,77180.8,14.10119355
2026-09-12 19:15:00,77180.9,77191.6,77130.3,77134.1,15.636898979999998
2026-09-12 19:30:00,77134.0,77156.1,77064.9,77082.8,18.52962525
2026-09-12 19:45:00,77082.8,77161.5,77080.3,77119.3,8.59575268
2026-09-12 20:00:00,77125.9,77191.6,77119.3,77188.3,8.76721697
2026-09-12 20:15:00,77188.4,77205.6,77157.5,77195.2,5.44313213
2026-09-12 20:30:00,77195.2,77212.1,77158.7,77187.9,9.35641881
2026-09-12 20:45:00,77187.1,77219.0,77161.0,77171.2,10.86086455
2026-09-12 21:00:00,77169.0,77245.9,77153.0,77172.2,26.87966209
2026-09-12 21:15:00,77172.2,77211.3,77168.8,77211.3,7.34933579
2026-09-12 21:30:00,77211.3,77276.6,77211.3,77242.0,6.52243948
2026-09-12 21:45:00,77238.8,77276.7,77210.0,77254.0,8.24876388
2026-09-12 22:00:00,77254.0,77294.5,77200.0,77258.5,15.39893403
2026-09-12 22:15:00,77255.7,77308.1,77194.4,77199.3,16.55966171
2026-09-12 22:30:00,77196.6,77251.6,77186.7,77196.2,8.14417396
2026-09-12 22:45:00,77196.2,77249.9,77193.3,77233.2,5.691676770000001
2026-09-12 23:00:00,77233.3,77277.6,77232.7,77272.7,4.98565829
2026-09-12 23:15:00,77272.8,77282.7,77240.6,77255.4,5.21821561
2026-09-12 23:30:00,77255.4,77272.9,77229.4,77249.8,4.987091980000001
2026-09-12 23:45:00,77249.8,77299.9,77249.7,77281.0,3.21922227
2026-09-13 00:00:00,77281.0,77314.3,77265.8,77269.5,6.27812861
2026-09-13 00:15:00,77269.6,77294.0,77269.5,77270.2,32.82652578
2026-09-13 00:30:00,77270.2,77270.5,77152.3,77216.5,34.22337071
2026-09-13 00:45:00,77216.6,77282.7,77216.5,77273.0,4.67418229
2026-09-13 01:00:00,77273.1,77294.5,77250.1,77280.4,28.82605893
2026-09-13 01:15:00,77280.4,77344.1,77253.9,77254.0,63.43154992
2026-09-13 01:30:00,77254.0,77302.3,77242.7,77300.6,10.3231503
2026-09-13 01:45:00,77300.5,77323.7,77283.3,77319.3,7.619799369999999
2026-09-13 02:00:00,77319.3,77319.3,77271.0,77280.6,4.705865940000001
2026-09-13 02:15:00,77284.5,77292.7,77250.0,77262.6,9.21946762
2026-09-13 02:30:00,77262.5,77307.3,77240.0,77302.4,22.48378883
2026-09-13 02:45:00,77302.5,77315.0,77278.5,77289.0,7.93752289
2026-09-13 03:00:00,77289.1,77315.8,77269.1,77281.1,9.85512342
2026-09-13 03:15:00,77281.1,77282.6,77250.2,77258.2,28.2101311
2026-09-13 03:30:00,77258.2,77258.2,77203.8,77225.0,31.74065464
2026-09-13 03:45:00,77225.0,77235.6,77188.9,77196.3,25.41258592
2026-09-13 04:00:00,77196.3,77263.6,77196.3,77216.4,11.79281641
2026-09-13 04:15:00,77216.4,77259.4,77216.3,77232.7,4.92472089
2026-09-13 04:30:00,77232.8,77238.0,77215.2,77221.1,4.11547961
2026-09-13 04:45:00,77221.1,77230.4,77200.0,77215.4,7.30156955
2026-09-13 05:00:00,77215.4,77247.6,77215.3,77241.2,4.69669406
2026-09-13 05:15:00,77241.3,77284.9,77241.2,77284.8,8.09346099
2026-09-13 05:30:00,77284.9,77300.0,77284.9,77300.0,11.19164434
2026-09-13 05:45:00,77300.0,77325.4,77299.9,77314.9,16.23790323
2026-09-13 06:00:00,77311.0,77317.5,77300.3,77306.4,6.49477927
2026-09-13 06:15:00,77306.4,77306.5,77285.0,77295.1,8.49408118
2026-09-13 06:30:00,77291.5,77304.3,77269.9,77299.3,6.74444263
2026-09-13 06:45:00,77299.3,77299.3,77063.1,77120.1,78.55116541
2026-09-13 07:00:00,77122.6,77173.1,77100.0,77173.0,15.72824501
2026-09-13 07:15:00,77173.0,77183.7,77126.0,77149.1,19.96776438
2026-09-13 07:30:00,77149.1,77176.7,77102.0,77170.7,71.34005336
2026-09-13 07:45:00,77170.7,77184.5,77103.9,77129.2,97.49999025
2026-09-13 08:00:00,77129.2,77203.6,77035.6,77066.6,53.756472720000005
2026-09-13 08:15:00,77066.6,77066.6,77000.0,77023.2,69.35461205
2026-09-13 08:30:00,77023.2,77023.2,76750.0,76828.3,83.23211073
2026-09-13 08:45:00,76828.3,76883.2,76757.4,76812.5,37.43849149
2026-09-13 09:00:00,76812.5,76900.3,76783.3,76821.2,12.43194723
2026-09-13 09:15:00,76821.2,76825.0,76600.0,76650.1,50.05724022
2026-09-13 09:30:00,76650.1,76777.9,76562.7,76720.1,50.35522928
2026-09-13 09:45:00,76720.1,76837.7,76720.1,76798.8,18.2675078
2026-09-13 10:00:00,76798.9,76813.9,76752.0,76793.2,22.08264822
2026-09-13 10:15:00,76793.2,76804.9,76743.6,76758.0,10.90859593
2026-09-13 10:30:00,76758.0,76810.0,76696.6,76696.7,22.35796422
2026-09-13 10:45:00,76696.6,76751.1,76635.1,76679.8,106.05874298999998
2026-09-13 11:00:00,76679.9,76721.7,76500.0,76530.5,55.122966520000006
2026-09-13 11:15:00,76530.5,76668.3,76530.5,76661.7,13.83768134
2026-09-13 11:30:00,76661.6,76795.9,76654.1,76782.6,9.43965895
2026-09-13 11:45:00,76782.7,76803.6,76755.0,76789.5,7.05049798
2026-09-13 12:00:00,76789.6,76806.7,76756.8,76799.0,10.01922062
2026-09-13 12:15:00,76799.1,76860.2,76799.0,76840.1,38.09475198
2026-09-13 12:30:00,76840.2,76873.8,76720.6,76739.2,26.96726349
2026-09-13 12:45:00,76739.3,76781.6,76690.4,76765.2,12.57400122
2026-09-13 13:00:00,76765.3,76768.7,76683.3,76768.7,37.53583132
2026-09-13 13:15:00,76768.7,76784.1,76559.4,76584.2,20.08746899
2026-09-13 13:30:00,76584.8,76777.8,76580.7,76770.2,9.72836301
2026-09-13 13:45:00,76770.2,76932.7,76770.2,76854.9,47.68929428
2026-09-13 14:00:00,76855.0,77020.3,76850.1,77010.5,15.804063460000002
2026-09-13 14:15:00,77011.3,77125.7,77011.3,77105.4,31.27449273
2026-09-13 14:30:00,77105.3,77254.1,77085.3,77183.3,34.32484583
2026-09-13 14:45:00,77184.4,77249.7,77160.5,77208.0,27.4963702
2026-09-13 15:00:00,77208.1,77208.1,77099.9,77121.8,25.87669299
2026-09-13 15:15:00,77119.5,77207.8,77015.8,77047.7,32.55190055
2026-09-13 15:30:00,77047.7,77183.1,77047.7,77162.2,17.51214307
2026-09-13 15:45:00,77162.3,77162.3,77115.9,77132.3,10.33912614
2026-09-13 16:00:00,77132.4,77270.8,77132.3,77208.4,23.49909759
2026-09-13 16:15:00,77208.4,77299.9,77188.9,77248.2,25.838280410000003
2026-09-13 16:30:00,77248.2,77373.0,77231.4,77320.0,40.57536543
2026-09-13 16:45:00,77320.0,77340.1,77250.1,77304.0,13.48154529
2026-09-13 17:00:00,77284.5,77418.8,77284.5,77377.9,30.82209999
2026-09-13 17:15:00,77377.9,77399.3,77301.9,77301.9,7.40670984
2026-09-13 17:30:00,77302.0,77302.0,77246.1,77274.0,9.59256084
2026-09-13 17:45:00,77274.1,77366.1,77274.1,77327.3,6.94783229
2026-09-13 18:00:00,77325.1,77374.7,77305.3,77364.0,6.1376715100000006
2026-09-13 18:15:00,77364.0,77384.7,77329.1,77329.1,4.98873072
2026-09-13 18:30:00,77329.1,77380.7,77313.7,77376.7,7.386087079999999
2026-09-13 18:45:00,77376.8,77381.8,77339.3,77344.0,1.21544109
2026-09-13 19:00:00,77344.0,77416.0,77284.6,77284.7,8.76351015
2026-09-13 19:15:00,77284.6,77284.7,77224.6,77275.2,3.91886391
2026-09-13 19:30:00,77275.1,77275.1,77223.0,77245.5,4.47527862
2026-09-13 19:45:00,77245.4,77280.9,77230.7,77279.9,3.35937651
2026-09-13 20:00:00,77280.0,77299.2,77258.4,77299.2,5.03241588
2026-09-13 20:15:00,77299.2,77330.4,77289.4,77319.6,4.10082661
2026-09-13 20:30:00,77319.7,77371.8,77300.7,77330.7,2.76933921
2026-09-13 20:45:00,77330.8,77375.4,77329.3,77348.5,7.509759110000001
2026-09-13 21:00:00,77349.4,77371.4,77304.7,77357.6,9.74007049
2026-09-13 21:15:00,77357.6,77452.1,77357.5,77411.4,13.08776393
2026-09-13 21:30:00,77408.4,77411.0,77342.0,77379.5,9.54162219
2026-09-13 21:45:00,77385.9,77386.1,77303.7,77310.8,8.078342769999999
2026-09-13 22:00:00,77310.8,77314.3,76829.7,76928.8,89.54407966
2026-09-13 22:15:00,76929.2,76932.5,76720.1,76842.9,41.99964407
2026-09-13 22:30:00,76843.0,76889.6,76724.3,76740.6,25.16099101
2026-09-13 22:45:00,76740.6,76819.5,76666.6,76721.8,34.43954603
2026-09-13 23:00:00,76719.8,76787.6,76668.8,76726.0,42.5872601
2026-09-13 23:15:00,76726.1,76765.2,76630.9,76738.2,22.51965328
2026-09-13 23:30:00,76738.1,76870.3,76729.5,76825.8,42.95826088
2026-09-13 23:45:00,76824.4,76870.3,76782.1,76836.0,26.22156499
2026-09-14 00:00:00,76832.3,77085.8,76824.0,76902.0,32.50155138
2026-09-14 00:15:00,76902.0,76936.6,76394.9,76474.4,143.73998656
2026-09-14 00:30:00,76478.6,76816.9,76457.1,76815.8,72.09196896
2026-09-14 00:45:00,76815.9,76882.0,76762.5,76805.0,129.23305964
2026-09-14 01:00:00,76805.6,76882.0,76700.1,76747.7,212.00684269
2026-09-14 01:15:00,76747.6,76902.2,76650.8,76851.2,27.43812903
2026-09-14 01:30:00,76850.1,76959.0,76642.5,76821.0,50.91788417
2026-09-14 01:45:00,76820.7,77161.2,76774.5,77107.7,57.34090987
2026-09-14 02:00:00,77107.7,77397.2,77016.6,77376.7,97.69056092
2026-09-14 02:15:00,77379.6,77666.6,77250.0,77533.5,216.06238569
2026-09-14 02:30:00,77537.0,77674.6,77434.7,77481.9,64.49829346
2026-09-14 02:45:00,77481.9,77726.5,77481.9,77598.3,70.12473551
2026-09-14 03:00:00,77598.4,77845.7,77584.9,77795.2,63.69260379000001
2026-09-14 03:15:00,77795.3,77864.3,77738.9,77810.4,65.68883449
2026-09-14 03:30:00,77810.5,77810.5,77524.8,77532.4,79.94159174
2026-09-14 03:45:00,77539.8,77596.7,77499.9,77593.4,18.03735235
2026-09-14 04:00:00,77593.4,77630.1,77528.5,77581.0,24.15043472
2026-09-14 04:15:00,77578.1,77694.2,77536.9,77630.6,43.80887048
2026-09-14 04:30:00,77630.6,77676.2,77536.0,77634.4,65.6783717
2026-09-14 04:45:00,77634.4,77698.0,77575.0,77674.1,30.76467839
2026-09-14 05:00:00,77676.2,77692.7,77555.9,77637.5,17.96451419
2026-09-14 05:15:00,77637.5,77644.5,77508.7,77518.5,22.26258988
2026-09-14 05:30:00,77518.7,77616.2,77508.6,77556.6,15.87995369
2026-09-14 05:45:00,77556.6,77609.0,77488.8,77608.9,38.18506833000001
2026-09-14 06:00:00,77609.0,77893.8,77590.2,77761.1,122.98229725
2026-09-14 06:15:00,77782.4,77783.2,77570.8,77570.8,48.49960767
2026-09-14 06:30:00,77570.8,77772.3,77378.0,77736.6,89.90917804
2026-09-14 06:45:00,77736.6,77764.8,77590.7,77590.7,26.30920437
2026-09-14 07:00:00,77590.8,77740.3,77518.6,77661.5,31.12188364
2026-09-14 07:15:00,77661.5,77745.7,77642.5,77710.3,14.42605658
2026-09-14 07:30:00,77710.2,77870.8,77677.6,77856.8,57.0653451
2026-09-14 07:45:00,77856.7,77885.0,77784.0,77885.0,41.58765065
2026-09-14 08:00:00,77885.4,77891.9,77709.5,77780.7,72.44965092000001
2026-09-14 08:15:00,77771.0,77999.9,77696.0,77754.7,69.99292372
2026-09-14 08:30:00,77754.7,77811.0,77707.1,77757.1,27.86435584
2026-09-14 08:45:00,77757.1,77775.2,77656.5,77739.3,51.93571591
2026-09-14 09:00:00,77739.3,77837.1,77702.4,77711.6,36.2687139
2026-09-14 09:15:00,77715.3,77782.3,77599.0,77782.2,43.5153151
2026-09-14 09:30:00,77782.2,77928.5,77782.2,77884.8,38.24856784
2026-09-14 09:45:00,77884.9,78372.9,77884.9,78147.5,179.53602528
2026-09-14 10:00:00,78147.6,78170.8,78010.9,78038.0,54.73857852
2026-09-14 10:15:00,78038.1,78069.5,77938.3,77977.9,64.28533253
2026-09-14 10:30:00,77977.8,78007.8,77921.1,77950.1,32.58699571
2026-09-14 10:45:00,77950.0,78024.6,77900.0,77901.7,21.62937955
2026-09-14 11:00:00,77900.1,77929.9,77715.6,77760.5,63.56726267
2026-09-14 11:15:00,77760.5,77919.7,77747.5,77907.2,9.48223694
2026-09-14 11:30:00,77907.2,77927.8,77700.9,77833.8,68.23268056
2026-09-14 11:45:00,77833.8,77840.0,77698.1,77788.2,22.41384895
2026-09-14 12:00:00,77788.2,77861.0,77716.0,77840.2,27.39135182
2026-09-14 12:15:00,77840.3,77999.9,77839.6,77999.8,45.67554554
2026-09-14 12:30:00,77999.8,78083.6,77759.5,77909.6,77.1827885
2026-09-14 12:45:00,77908.2,77941.0,77605.6,77701.7,67.23987424
2026-09-14 13:00:00,77701.7,77738.8,77480.4,77717.4,73.35335379
2026-09-14 13:15:00,77722.0,77861.5,77708.0,77861.5,60.75155
2026-09-14 13:30:00,77861.6,78264.6,77836.9,78147.9,227.73446017
2026-09-14 13:45:00,78152.9,78497.6,78049.4,78175.7,156.14234176000002
2026-09-14 14:00:00,78175.8,78538.1,78163.9,78507.5,158.43122725
2026-09-14 14:15:00,78507.6,78650.0,78207.3,78401.1,108.4478858
2026-09-14 14:30:00,78405.6,78703.8,78338.1,78428.9,117.64249832
2026-09-14 14:45:00,78436.9,78625.6,78389.6,78522.4,115.503399
2026-09-14 15:00:00,78522.3,78590.0,78305.8,78494.7,89.34567836
2026-09-14 15:15:00,78494.6,78605.9,78400.0,78408.7,60.10453541
2026-09-14 15:30:00,78408.7,78605.9,78339.4,78559.1,68.01393863
2026-09-14 15:45:00,78559.0,78685.2,78358.5,78575.7,52.10339373
2026-09-14 16:00:00,78575.7,78603.8,78424.7,78440.1,24.221402320000003
2026-09-14 16:15:00,78441.8,78888.0,78441.8,78671.0,102.43620719
2026-09-14 16:30:00,78669.8,78758.9,78615.1,78645.5,46.37541974
2026-09-14 16:45:00,78645.6,78913.9,78645.5,78766.3,67.59344907
2026-09-14 17:00:00,78766.4,78894.2,78735.2,78829.2,62.93925941
2026-09-14 17:15:00,78829.1,78993.9,78786.4,78893.4,77.05352497
2026-09-14 17:30:00,78893.4,78915.1,78715.8,78850.1,45.2115014
2026-09-14 17:45:00,78850.2,79053.2,78827.4,78945.5,66.24933748000001
2026-09-14 18:00:00,78945.7,79006.5,78851.0,78851.0,44.70676081
2026-09-14 18:15:00,78851.0,79256.7,78844.2,79144.5,117.67732762
2026-09-14 18:30:00,79145.3,79245.0,78992.5,79182.5,74.90183404999999
2026-09-14 18:45:00,79182.5,79328.9,79174.0,79222.1,58.912268350000005
2026-09-14 19:00:00,79222.1,79222.1,79013.7,79075.0,40.12559845
2026-09-14 19:15:00,79075.1,79250.0,79075.1,79145.0,69.01564312000001
2026-09-14 19:30:00,79145.0,79195.6,78960.0,79136.8,55.68409983
2026-09-14 19:45:00,79136.8,79156.8,78980.4,78996.7,38.59647386
2026-09-14 20:00:00,78996.8,79232.1,78982.7,79184.1,29.734076890000004
2026-09-14 20:15:00,79183.1,79600.0,79183.1,79444.9,115.94605085
2026-09-14 20:30:00,79445.3,79499.8,79337.9,79337.9,39.83252987
2026-09-14 20:45:00,79338.0,79389.9,79090.0,79101.8,24.70116135
2026-09-14 21:00:00,79101.8,79124.6,78760.0,78887.8,115.96598932
2026-09-14 21:15:00,78887.8,78990.0,78811.9,78909.3,44.73779597
2026-09-14 21:30:00,78914.4,78963.2,78787.3,78820.7,30.23417691
2026-09-14 21:45:00,78820.6,78835.3,78745.1,78767.9,14.61638725
2026-09-14 22:00:00,78767.9,78866.9,78716.7,78833.6,32.57160351
2026-09-14 22:15:00,78832.3,78840.1,78503.3,78587.5,50.88298942
2026-09-14 22:30:00,78587.4,78684.1,78504.1,78664.3,147.55673776
2026-09-14 22:45:00,78664.2,78665.0,78557.5,78557.6,24.92501131
2026-09-14 23:00:00,78557.6,78578.6,78355.0,78430.1,52.05873286
2026-09-14 23:15:00,78430.1,78474.2,78366.3,78396.9,28.47590216
2026-09-14 23:30:00,78396.4,78396.4,78264.8,78325.5,17.08019634
2026-09-14 23:45:00,78320.7,78323.8,78140.8,78195.7,134.97241755
2026-09-15 00:00:00,78195.7,78262.5,78131.2,78131.2,29.648606800000003
2026-09-15 00:15:00,78131.3,78141.8,78001.0,78025.5,41.3564801
2026-09-15 00:30:00,78025.5,78100.0,77943.0,77968.9,46.13621681
2026-09-15 00:45:00,77968.9,78026.5,77949.0,77951.1,51.63255292
2026-09-15 01:00:00,77951.1,77961.9,77755.0,77826.3,158.01710213
2026-09-15 01:15:00,77826.2,78038.4,77801.7,77867.4,174.76952676
2026-09-15 01:30:00,77867.4,78013.7,77849.9,78013.6,28.0745737
2026-09-15 01:45:00,78013.6,78085.6,77915.9,77915.9,66.51466361
2026-09-15 02:00:00,77915.9,78022.8,77883.3,77995.0,40.28836837
2026-09-15 02:15:00,77995.4,78029.2,77916.6,77960.3,21.20618035
2026-09-15 02:30:00,77960.4,77968.2,77850.4,77876.6,32.35060123
2026-09-15 02:45:00,77876.6,77937.7,77800.0,77912.3,154.53544214
2026-09-15 03:00:00,77912.3,77912.3,77700.0,77726.5,125.23810461
2026-09-15 03:15:00,77728.0,77850.0,77711.1,77844.6,17.45472101
2026-09-15 03:30:00,77844.7,77867.5,77777.4,77804.7,23.59648336
2026-09-15 03:45:00,77804.8,77820.7,77655.9,77686.3,30.72011257
2026-09-15 04:00:00,77686.3,77749.1,77640.6,77651.9,40.8626958
2026-09-15 04:15:00,77654.8,77703.9,77568.7,77630.4,33.91373165
2026-09-15 04:30:00,77630.4,77672.6,77544.1,77642.5,33.89549575
2026-09-15 04:45:00,77642.5,77645.1,77570.0,77570.1,20.2042752
2026-09-15 05:00:00,77570.1,77654.9,77307.6,77420.7,89.64939473
2026-09-15 05:15:00,77422.7,77477.5,77318.6,77465.4,36.98025987
2026-09-15 05:30:00,77465.4,77510.9,77380.6,77463.3,37.8352651
2026-09-15 05:45:00,77463.3,77677.9,77458.4,77630.4,65.3790665
2026-09-15 06:00:00,77630.4,77729.3,77580.0,77580.0,36.70302393
2026-09-15 06:15:00,77580.0,77606.4,77400.0,77407.2,26.64822438
2026-09-15 06:30:00,77407.2,77459.0,77400.0,77445.4,34.78305781
2026-09-15 06:45:00,77445.4,77450.0,77189.6,77282.6,86.72997578
2026-09-15 07:00:00,77282.5,77311.9,77166.6,77211.8,38.60777277
2026-09-15 07:15:00,77211.7,77306.3,77190.0,77279.4,45.09907665
2026-09-15 07:30:00,77279.4,77282.0,77019.9,77032.9,123.71630825
2026-09-15 07:45:00,77032.9,77098.0,76880.0,76931.6,109.7720188
2026-09-15 08:00:00,76928.6,76945.1,76704.0,76812.9,110.61410916
2026-09-15 08:15:00,76810.3,76894.4,76704.1,76859.9,155.89632701
2026-09-15 08:30:00,76861.1,76902.0,76829.1,76840.4,110.25937886
2026-09-15 08:45:00,76840.3,77000.0,76840.3,76997.0,41.15619639
2026-09-15 09:00:00,76997.0,76997.0,76896.6,76934.0,50.17980516
2026-09-15 09:15:00,76934.0,76986.6,76862.4,76916.5,36.2494896
2026-09-15 09:30:00,76916.4,76990.8,76897.2,76989.4,31.95578434
2026-09-15 09:45:00,76989.0,77060.2,76961.5,76980.6,54.76313568
2026-09-15 10:00:00,76980.7,77050.0,76896.2,77007.9,37.78536102
2026-09-15 10:15:00,77007.9,77041.0,76883.6,76883.6,33.56081627
2026-09-15 10:30:00,76883.5,77050.0,76870.0,77050.0,36.68568512
2026-09-15 10:45:00,77049.9,77172.0,77001.1,77050.1,64.67885455
2026-09-15 11:00:00,77052.4,77215.6,77008.2,77043.9,58.31252172
2026-09-15 11:15:00,77044.6,77115.4,76966.6,76990.7,34.82019827
2026-09-15 11:30:00,76990.7,76994.5,76843.7,76924.0,65.94924011
2026-09-15 11:45:00,76925.9,76956.3,76816.3,76923.6,98.82248613
2026-09-15 12:00:00,76923.7,76966.0,76855.4,76923.8,93.93459536
2026-09-15 12:15:00,76923.8,76983.2,76892.5,76940.6,35.7722594
2026-09-15 12:30:00,76940.6,76972.9,76853.0,76946.0,30.10047054
2026-09-15 12:45:00,76946.1,77129.9,76873.1,76948.3,84.89236223
2026-09-15 13:00:00,76943.9,77120.0,76940.4,76989.5,56.48824957
2026-09-15 13:15:00,76989.6,77007.0,76902.1,76944.0,27.944278840000003
2026-09-15 13:30:00,76943.9,76949.0,76125.3,76433.8,377.36634014
2026-09-15 13:45:00,76433.9,76620.6,76158.0,76620.6,165.64078426
2026-09-15 14:00:00,76620.6,76694.4,76326.8,76406.9,116.13900121
2026-09-15 14:15:00,76407.0,76508.3,76305.1,76343.8,104.2038151
2026-09-15 14:30:00,76343.8,76343.8,75696.3,75909.9,532.7172941399999
2026-09-15 14:45:00,75908.9,76000.0,75603.0,75938.8,294.32905370000003
2026-09-15 15:00:00,75938.8,76106.8,75827.0,76023.4,155.5763989
2026-09-15 15:15:00,76023.2,76515.4,75918.0,76344.8,168.99233656
2026-09-15 15:30:00,76349.7,76461.3,76269.2,76430.3,65.15723725000001
2026-09-15 15:45:00,76430.4,76600.0,76418.2,76505.7,153.73033314
2026-09-15 16:00:00,76505.8,76580.3,76265.1,76282.5,90.63572842
2026-09-15 16:15:00,76282.5,76503.6,76282.4,76473.4,68.31195525
2026-09-15 16:30:00,76473.3,76490.5,76296.7,76373.6,52.77754098
2026-09-15 16:45:00,76373.7,76503.5,76355.2,76383.9,64.80731856
2026-09-15 17:00:00,76383.9,76420.0,76192.6,76265.6,88.42501861000001
2026-09-15 17:15:00,76265.7,76545.1,76235.5,76522.0,49.76695973
2026-09-15 17:30:00,76522.0,77348.9,76522.0,76963.7,232.7997857
2026-09-15 17:45:00,76771.4,77085.9,76771.4,76959.8,79.99108367
2026-09-15 18:00:00,76959.7,76980.1,76825.7,76866.9,73.66840223
2026-09-15 18:15:00,76866.9,77207.0,76490.5,76913.2,185.0056936
2026-09-15 18:30:00,76909.3,76961.0,75703.4,75766.0,610.21927358
2026-09-15 18:45:00,75765.7,76194.9,74955.5,75999.9,856.17026719
2026-09-15 19:00:00,75990.7,76266.1,75809.6,75977.8,159.99407789
2026-09-15 19:15:00,75980.6,76303.5,75875.0,75924.2,148.67546578
2026-09-15 19:30:00,75913.4,76074.3,75875.0,75893.4,99.31741561
2026-09-15 19:45:00,75896.1,76188.8,75864.9,76183.9,83.85828094
2026-09-15 20:00:00,76183.8,76245.9,75926.2,76041.2,66.02225607999999
2026-09-15 20:15:00,76041.2,76041.2,75726.0,75740.0,34.53704635
2026-09-15 20:30:00,75735.7,75865.0,75612.8,75865.0,82.36560701
2026-09-15 20:45:00,75865.1,76004.2,75865.1,75934.8,44.98660621
2026-09-15 21:00:00,75934.9,75973.6,75723.9,75864.4,50.89412896
2026-09-15 21:15:00,75864.3,75906.1,75658.3,75687.9,38.6793066
2026-09-15 21:30:00,75685.5,75759.7,75555.5,75746.2,43.1384678
2026-09-15 21:45:00,75746.1,75759.7,75384.7,75448.9,82.44305183
2026-09-15 22:00:00,75449.0,75593.5,75328.3,75378.9,87.50461609999999
2026-09-15 22:15:00,75375.7,75555.4,75130.0,75487.0,69.01430517
2026-09-15 22:30:00,75487.0,75663.9,75478.6,75613.8,50.43503904
2026-09-15 22:45:00,75613.7,75746.0,75592.7,75667.9,30.15526814
2026-09-15 23:00:00,75667.8,75905.3,75654.1,75899.7,71.45829189
2026-09-15 23:15:00,75893.0,75942.7,75732.4,75732.4,42.41252653
2026-09-15 23:30:00,75732.3,75747.0,75563.4,75680.2,42.46842114
2026-09-15 23:45:00,75680.3,75726.3,75620.4,75641.0,25.96158529
2026-09-16 00:00:00,75640.2,75792.4,75570.8,75703.5,55.987697450000006
2026-09-16 00:15:00,75704.1,75846.6,75677.5,75845.0,26.44732848
2026-09-16 00:30:00,75845.0,75916.3,75768.8,75806.2,44.00528581
2026-09-16 00:45:00,75806.2,75880.0,75726.5,75772.1,30.5627791
2026-09-16 01:00:00,75772.1,75868.2,75687.5,75781.5,28.91061137
2026-09-16 01:15:00,75781.4,75972.7,75723.0,75868.6,68.43841927
2026-09-16 01:30:00,75868.5,75868.5,75550.0,75663.5,95.14132973
2026-09-16 01:45:00,75663.4,75715.9,75460.5,75500.1,34.41984422
2026-09-16 02:00:00,75500.1,75678.4,75479.7,75660.0,37.23117032
2026-09-16 02:15:00,75660.0,75948.6,75649.5,75946.8,54.4051183
2026-09-16 02:30:00,75948.2,76114.6,75926.9,75965.7,49.02015411
2026-09-16 02:45:00,75965.8,76006.6,75809.0,75886.7,29.55728597
2026-09-16 03:00:00,75886.8,75991.3,75820.0,75955.8,34.62174545
2026-09-16 03:15:00,75955.7,76080.2,75858.3,75858.4,26.70555899
2026-09-16 03:30:00,75858.3,75917.8,75782.6,75787.9,23.76713415
2026-09-16 03:45:00,75796.0,75841.3,75767.7,75818.5,13.56712296
2026-09-16 04:00:00,75818.2,75929.3,75816.7,75893.5,22.13572095
2026-09-16 04:15:00,75889.4,75990.0,75839.2,75876.3,33.49466841
2026-09-16 04:30:00,75877.2,76025.6,75850.1,75937.5,38.8650737
2026-09-16 04:45:00,75937.6,75985.1,75809.3,75863.2,26.89955668
2026-09-16 05:00:00,75863.2,75882.5,75678.5,75800.0,52.17397976
2026-09-16 05:15:00,75800.0,75923.0,75799.9,75881.1,28.06912419
2026-09-16 05:30:00,75881.1,75977.4,75830.9,75960.4,19.26934379
2026-09-16 05:45:00,75964.7,75967.8,75884.3,75957.9,27.46602792
2026-09-16 06:00:00,75966.9,76030.3,75959.6,75995.7,60.23080989
2026-09-16 06:15:00,75994.0,76022.5,75888.8,75926.7,14.74873561
2026-09-16 06:30:00,75926.7,75952.1,75825.4,75934.7,22.01442358
2026-09-16 06:45:00,75934.6,76039.8,75927.8,76035.0,24.81070013
2026-09-16 07:00:00,76035.0,76101.6,75818.5,75885.1,79.14501556
2026-09-16 07:15:00,75885.1,75933.5,75809.5,75822.7,39.45869886
2026-09-16 07:30:00,75822.7,75921.1,75780.0,75828.7,135.54220888
2026-09-16 07:45:00,75828.7,75904.8,75741.7,75775.1,126.13915571
2026-09-16 08:00:00,75775.1,75775.1,75462.5,75528.3,93.49841981
2026-09-16 08:15:00,75528.3,75638.9,75355.4,75437.4,93.31092917
2026-09-16 08:30:00,75437.5,75576.9,75423.7,75557.0,22.93740086
2026-09-16 08:45:00,75556.9,75740.6,75543.8,75740.6,21.93995427
2026-09-16 09:00:00,75740.7,75949.9,75730.9,75792.0,55.349391780000005
2026-09-16 09:15:00,75791.9,75881.8,75759.7,75828.7,27.43991849
2026-09-16 09:30:00,75829.5,75949.2,75829.5,75921.4,19.38350655
2026-09-16 09:45:00,75924.9,75995.3,75883.3,75994.6,21.72204004
2026-09-16 10:00:00,75991.6,76040.0,75920.7,75941.6,45.57101376
2026-09-16 10:15:00,75945.4,76020.0,75908.1,75971.0,26.3356018
2026-09-16 10:30:00,75971.0,75999.9,75939.7,75989.1,17.54344583
2026-09-16 10:45:00,75989.1,75994.2,75896.2,75984.2,17.55470512
2026-09-16 11:00:00,75984.3,76052.1,75902.8,75913.1,47.62515953
2026-09-16 11:15:00,75913.0,75998.2,75865.4,75967.2,27.12418356
2026-09-16 11:30:00,75967.2,76281.5,75949.4,76235.3,82.9530618
2026-09-16 11:45:00,76235.2,76300.9,76152.5,76249.9,50.25448663
2026-09-16 12:00:00,76249.8,76298.0,76107.4,76115.0,42.60918435
2026-09-16 12:15:00,76114.9,76161.5,75916.5,75945.0,22.99263844
2026-09-16 12:30:00,75946.2,76022.2,75792.7,75953.0,41.67610187
2026-09-16 12:45:00,75953.1,76049.9,75906.3,75970.7,26.20303479
2026-09-16 13:00:00,75970.7,75970.7,75667.4,75796.6,47.833607400000005
2026-09-16 13:15:00,75793.0,75880.5,75716.6,75771.1,53.85812102
2026-09-16 13:30:00,75771.1,75808.5,75586.1,75774.3,89.19245028
2026-09-16 13:45:00,75774.3,75942.6,75616.7,75650.1,127.35658366
2026-09-16 14:00:00,75654.4,75671.4,75432.6,75575.9,89.61238990999999
2026-09-16 14:15:00,75575.9,75830.9,75542.9,75830.9,70.36074493
2026-09-16 14:30:00,75830.8,75830.9,75621.8,75754.7,52.591681
2026-09-16 14:45:00,75754.7,75763.3,75473.5,75707.6,106.36575133
2026-09-16 15:00:00,75704.0,75800.0,75556.1,75759.2,84.10529475
2026-09-16 15:15:00,75756.7,75800.0,75629.9,75638.3,52.30409716
2026-09-16 15:30:00,75638.3,75793.8,75558.1,75730.5,47.18220422
2026-09-16 15:45:00,75725.4,75950.0,75714.3,75789.4,86.72993969000001
2026-09-16 16:00:00,75790.5,75868.3,75650.0,75843.4,56.07744383
2026-09-16 16:15:00,75843.4,75882.2,75741.6,75793.6,31.64689758
2026-09-16 16:30:00,75790.9,75849.0,75678.5,75685.0,21.27477431
2026-09-16 16:45:00,75684.9,75831.9,75673.7,75765.1,23.88599526
2026-09-16 17:00:00,75765.1,75797.8,75660.6,75718.0,39.66438375
2026-09-16 17:15:00,75718.0,75818.4,75636.2,75713.1,37.07171277
2026-09-16 17:30:00,75713.1,75743.9,75387.9,75460.5,84.31956511
2026-09-16 17:45:00,75460.6,75920.0,75354.4,75779.0,97.42234359
2026-09-16 18:00:00,75779.0,76558.7,75288.1,75801.3,715.14142262
2026-09-16 18:15:00,75801.3,76099.9,75647.0,76017.4,238.27667377
2026-09-16 18:30:00,76017.4,76328.8,75055.0,75979.8,416.24317997
2026-09-16 18:45:00,75979.7,76099.3,75486.9,75637.5,144.05494667
2026-09-16 19:00:00,75638.9,76187.2,75637.4,75944.8,129.75377413
2026-09-16 19:15:00,75944.8,76019.4,75259.0,75551.1,133.00765235
2026-09-16 19:30:00,75548.4,75996.8,75426.3,75972.2,68.53650366
2026-09-16 19:45:00,75972.1,76144.2,75957.9,76069.6,73.42841038
2026-09-16 20:00:00,76066.7,76414.5,76021.7,76213.9,171.01919926
2026-09-16 20:15:00,76213.9,76373.1,76111.7,76210.6,45.31248765
2026-09-16 20:30:00,76212.2,76257.1,76031.7,76125.6,41.40662588
2026-09-16 20:45:00,76125.6,76199.9,76058.7,76180.0,38.4796408
2026-09-16 21:00:00,76176.4,76219.5,76082.5,76116.6,23.23753315
2026-09-16 21:15:00,76116.5,76151.2,76034.3,76066.3,22.63980936
2026-09-16 21:30:00,76066.4,76095.0,75914.9,75963.6,20.54945507
2026-09-16 21:45:00,75963.6,76027.2,75930.2,75965.6,14.2509305
2026-09-16 22:00:00,75965.6,75989.6,75666.6,75885.4,78.47323779
2026-09-16 22:15:00,75885.5,75935.8,75678.5,75752.3,23.84691173
2026-09-16 22:30:00,75752.3,75817.2,75661.2,75813.0,15.25126672
2026-09-16 22:45:00,75813.0,75825.4,75642.2,75684.4,15.94843424
2026-09-16 23:00:00,75684.4,75850.0,75640.1,75847.6,14.6874862
2026-09-16 23:15:00,75847.6,76138.8,75847.6,76082.3,39.8532491
2026-09-16 23:30:00,76082.3,76222.8,76064.6,76210.2,74.66537614
2026-09-16 23:45:00,76212.7,76271.4,76150.1,76201.2,35.19311589
2026-09-17 00:00:00,76201.2,76442.4,76180.0,76330.0,187.20242061
2026-09-17 00:15:00,76328.9,76487.7,76310.2,76399.2,66.50954225
2026-09-17 00:30:00,76402.0,76499.0,76363.0,76424.9,40.88841585
2026-09-17 00:45:00,76423.3,76459.9,76334.5,76338.7,23.89703021
2026-09-17 01:00:00,76338.8,76369.7,76220.0,76304.9,32.55157529
2026-09-17 01:15:00,76306.6,76658.2,76220.0,76623.6,163.67597771
2026-09-17 01:30:00,76622.7,76775.0,76504.6,76603.7,123.78159579
2026-09-17 01:45:00,76603.8,76603.8,76335.2,76368.7,56.12966623
2026-09-17 02:00:00,76368.7,76394.9,76114.2,76218.9,56.10839167
2026-09-17 02:15:00,76219.0,76220.7,76050.4,76182.0,50.40288502999999
2026-09-17 02:30:00,76181.9,76449.5,76145.5,76424.0,55.15056283
2026-09-17 02:45:00,76421.8,76486.0,76331.0,76375.3,28.25503842
2026-09-17 03:00:00,76375.3,76504.9,76367.9,76444.4,43.81697449
2026-09-17 03:15:00,76444.5,76525.3,76407.9,76494.3,9.37471846
2026-09-17 03:30:00,76495.0,76531.9,76439.5,76485.7,17.66909789
2026-09-17 03:45:00,76486.4,76505.3,76413.7,76440.7,26.24612367
2026-09-17 04:00:00,76440.7,76440.7,76300.0,76319.9,27.91193085
2026-09-17 04:15:00,76319.9,76332.3,76181.1,76201.2,44.93162945
2026-09-17 04:30:00,76200.1,76394.1,76183.3,76366.2,25.521854320000003
2026-09-17 04:45:00,76365.7,76588.0,76334.6,76540.9,43.39138128
2026-09-17 05:00:00,76541.0,76633.2,76453.3,76473.9,19.27445828
2026-09-17 05:15:00,76473.9,76561.5,76419.9,76494.0,24.34221818
2026-09-17 05:30:00,76494.1,76494.1,76342.8,76352.0,20.1741606
2026-09-17 05:45:00,76350.5,76438.2,76319.0,76336.3,23.87197478
2026-09-17 06:00:00,76329.5,76483.6,76309.0,76466.7,16.77707572
2026-09-17 06:15:00,76466.7,76466.7,76335.9,76449.9,24.033662380000003
2026-09-17 06:30:00,76450.0,76584.8,76450.0,76565.2,21.55814804
2026-09-17 06:45:00,76565.1,76600.0,76466.3,76481.4,16.19849829
2026-09-17 07:00:00,76481.4,76680.7,76470.2,76540.0,66.59081346
2026-09-17 07:15:00,76539.3,76650.4,76511.9,76528.4,67.79198513
2026-09-17 07:30:00,76528.4,76551.0,76484.8,76510.8,47.8507549
2026-09-17 07:45:00,76510.8,76542.9,76417.1,76458.0,72.79322336
2026-09-17 08:00:00,76461.3,76530.3,76413.7,76416.4,20.80670037
2026-09-17 08:15:00,76417.7,76537.9,76386.1,76456.2,36.39804937
2026-09-17 08:30:00,76452.7,76549.1,76409.7,76498.1,43.02975331
2026-09-17 08:45:00,76498.1,76595.2,76475.4,76575.1,25.54387546
2026-09-17 09:00:00,76575.1,76721.1,76575.0,76690.8,55.81430703
2026-09-17 09:15:00,76689.8,76746.4,76641.6,76680.7,35.41184486
2026-09-17 09:30:00,76681.3,76770.0,76593.0,76593.1,32.23614051
2026-09-17 09:45:00,76593.0,76650.0,76472.8,76472.8,55.69671263
2026-09-17 10:00:00,76472.9,76479.0,76319.7,76389.7,54.29942859
2026-09-17 10:15:00,76389.7,76400.0,76314.1,76346.5,29.66383517
2026-09-17 10:30:00,76346.6,76418.6,76316.0,76316.7,28.84797085
2026-09-17 10:45:00,76316.7,76405.5,76266.2,76405.3,34.63835256
2026-09-17 11:00:00,76405.5,76453.8,76342.4,76441.5,24.34969534
2026-09-17 11:15:00,76441.5,76459.2,76344.8,76398.8,20.37433046
2026-09-17 11:30:00,76398.7,76398.7,76171.4,76190.7,45.5358956
2026-09-17 11:45:00,76193.6,76490.3,76193.6,76483.4,61.92318665
2026-09-17 12:00:00,76483.4,76818.0,76402.1,76817.0,113.80153949
2026-09-17 12:15:00,76818.1,77000.0,76808.0,76999.2,151.76820769
2026-09-17 12:30:00,76999.2,77167.3,76860.0,76869.0,175.43272432
2026-09-17 12:45:00,76866.2,76899.9,76723.4,76731.1,68.66005271
2026-09-17 13:00:00,76731.1,76887.9,76636.3,76659.2,57.66997131
2026-09-17 13:15:00,76658.7,76746.1,76468.4,76478.0,64.50307163
2026-09-17 13:30:00,76478.1,76585.0,76011.0,76154.9,291.77570192
2026-09-17 13:45:00,76154.9,76691.7,76045.6,76691.7,131.58838772
2026-09-17 14:00:00,76691.7,76980.6,76388.7,76957.3,166.09627991
2026-09-17 14:15:00,76957.2,77086.9,76701.2,76946.6,136.51289578
2026-09-17 14:30:00,76946.6,77021.5,76606.0,76614.6,86.4550641
2026-09-17 14:45:00,76614.6,76734.8,76500.7,76500.8,51.1457399
2026-09-17 15:00:00,76500.8,76509.5,76266.7,76353.1,89.10563917
2026-09-17 15:15:00,76347.6,76464.1,76288.9,76464.1,59.5220106
2026-09-17 15:30:00,76464.2,76865.3,76450.9,76756.9,59.95250714
2026-09-17 15:45:00,76754.8,76820.0,76602.4,76780.1,64.30072298
2026-09-17 16:00:00,76780.0,76819.3,76673.9,76731.5,40.3896114
2026-09-17 16:15:00,76731.6,76803.4,76672.0,76710.0,52.31454834
2026-09-17 16:30:00,76706.9,76721.9,76533.8,76709.1,74.96639071999999
2026-09-17 16:45:00,76709.1,76759.2,76588.9,76757.5,45.95929565
2026-09-17 17:00:00,76759.2,76921.8,76727.0,76815.9,59.40955279
2026-09-17 17:15:00,76813.0,76952.3,76766.3,76922.2,92.52432308
2026-09-17 17:30:00,76922.2,76972.6,76708.6,76708.6,58.54620536
2026-09-17 17:45:00,76708.3,76708.3,76573.3,76668.3,35.26729339
2026-09-17 18:00:00,76668.4,76727.0,76646.5,76720.3,11.84300114
2026-09-17 18:15:00,76720.3,76788.9,76720.3,76744.2,10.92380959
2026-09-17 18:30:00,76745.8,76777.6,76471.1,76618.5,106.81733411
2026-09-17 18:45:00,76618.5,76692.6,76572.9,76572.9,23.51275728
2026-09-17 19:00:00,76572.9,76628.3,76557.1,76557.1,9.5818478
2026-09-17 19:15:00,76557.1,76628.3,76500.1,76591.2,13.60764907
2026-09-17 19:30:00,76589.5,76628.2,76534.4,76604.1,20.18935108
2026-09-17 19:45:00,76603.1,76680.6,76500.0,76590.0,46.33200231
2026-09-17 20:00:00,76590.0,76655.2,76536.0,76630.3,9.65501968
2026-09-17 20:15:00,76630.2,76734.8,76589.9,76711.1,12.68123941
2026-09-17 20:30:00,76711.2,76711.2,76507.2,76530.8,12.4741063
2026-09-17 20:45:00,76530.9,76562.8,76498.2,76562.8,11.37545037
2026-09-17 21:00:00,76562.9,76616.6,76496.7,76508.5,22.50417758
2026-09-17 21:15:00,76508.5,76574.2,76504.7,76555.0,6.83214943
2026-09-17 21:30:00,76555.0,76585.9,76522.4,76522.4,12.85705915
2026-09-17 21:45:00,76522.5,76522.5,76400.0,76410.7,17.29896088
2026-09-17 22:00:00,76410.7,76462.2,76330.0,76360.8,66.35172632000001
2026-09-17 22:15:00,76360.9,76363.1,76258.3,76267.1,42.21475898
2026-09-17 22:30:00,76267.0,76455.4,76258.2,76421.8,43.04164343
2026-09-17 22:45:00,76421.8,76435.0,76322.3,76431.9,44.674024
2026-09-17 23:00:00,76432.0,76512.4,76387.9,76491.8,28.19991903
2026-09-17 23:15:00,76490.8,76507.6,76471.6,76487.7,5.14046433
2026-09-17 23:30:00,76487.8,76487.8,76383.4,76439.4,19.78967285
2026-09-17 23:45:00,76439.3,76499.4,76400.0,76419.3,23.72793899
2026-09-18 00:00:00,76419.2,76475.5,76380.0,76473.2,139.88983178
2026-09-18 00:15:00,76471.2,76472.2,76298.2,76382.6,37.87637471
2026-09-18 00:30:00,76382.5,76447.4,76349.4,76433.1,10.82072121
2026-09-18 00:45:00,76433.1,76595.6,76406.9,76593.2,43.91157243
2026-09-18 01:00:00,76593.3,76685.2,76546.1,76559.0,72.32526515
2026-09-18 01:15:00,76555.2,76649.9,76517.9,76595.2,18.53900769
2026-09-18 01:30:00,76595.1,76723.3,76580.1,76696.0,15.1465811
2026-09-18 01:45:00,76696.0,76771.5,76689.3,76739.2,30.89279875
2026-09-18 02:00:00,76739.3,76815.9,76647.0,76762.8,33.84896148
2026-09-18 02:15:00,76762.8,76927.6,76739.2,76927.6,32.31128403
2026-09-18 02:30:00,76927.6,77039.6,76927.6,76940.3,63.07552896999999
2026-09-18 02:45:00,76940.3,77036.9,76912.1,76979.8,33.54439587
2026-09-18 03:00:00,76979.9,77322.4,76976.1,77315.9,91.91160673
2026-09-18 03:15:00,77307.9,77599.8,77282.2,77423.3,261.47291451
2026-09-18 03:30:00,77423.3,77493.5,77316.6,77339.5,51.71125205
2026-09-18 03:45:00,77339.6,77471.2,77339.6,77379.5,35.80820584
2026-09-18 04:00:00,77379.5,77424.6,77234.9,77294.6,49.81849706
2026-09-18 04:15:00,77295.8,77384.5,77244.4,77274.6,53.02358854
2026-09-18 04:30:00,77275.0,77437.3,77215.2,77437.3,42.54538296
2026-09-18 04:45:00,77437.4,77580.5,77338.8,77580.4,30.94117296
2026-09-18 05:00:00,77580.5,77666.1,77449.0,77526.6,84.25126702
2026-09-18 05:15:00,77530.3,77619.3,77430.7,77604.7,75.13053996
2026-09-18 05:30:00,77604.8,77712.6,77516.4,77586.1,52.89103536
2026-09-18 05:45:00,77586.1,77592.1,77460.0,77487.8,22.85472835
2026-09-18 06:00:00,77487.8,77606.4,77487.8,77498.6,40.79662367
2026-09-18 06:15:00,77498.6,77676.7,77483.2,77529.2,46.542737810000006
2026-09-18 06:30:00,77528.3,77587.4,77492.5,77525.0,55.66455741
2026-09-18 06:45:00,77524.9,77617.5,77411.0,77597.0,85.32775851
2026-09-18 07:00:00,77594.2,77792.3,77565.5,77626.2,91.85758204
2026-09-18 07:15:00,77626.1,77837.1,77611.3,77793.5,120.54135483
2026-09-18 07:30:00,77795.4,77853.6,77725.0,77821.3,130.82460195
2026-09-18 07:45:00,77821.3,77826.6,77732.1,77800.0,194.93373626
2026-09-18 08:00:00,77800.0,77975.4,77659.5,77764.0,115.64071478
2026-09-18 08:15:00,77763.9,78061.3,77752.7,77950.2,98.45830218
2026-09-18 08:30:00,77950.1,78027.2,77890.8,77972.9,63.88297919
2026-09-18 08:45:00,77972.4,78271.7,77953.1,78257.2,95.4270769
2026-09-18 09:00:00,78257.2,78473.5,78218.1,78371.3,161.37672188
2026-09-18 09:15:00,78371.3,78391.3,78159.9,78161.5,61.60400689
2026-09-18 09:30:00,78161.4,78167.8,78011.2,78048.8,56.01080508
2026-09-18 09:45:00,78048.8,78218.9,78048.6,78216.0,46.48398255
2026-09-18 10:00:00,78216.0,78225.0,78101.6,78199.6,48.303287960000006
2026-09-18 10:15:00,78199.6,78286.4,78156.5,78283.9,93.93041091
2026-09-18 10:30:00,78283.9,78312.3,78189.8,78234.4,28.2833268
2026-09-18 10:45:00,78234.4,78363.7,78198.4,78288.3,51.44704448
2026-09-18 11:00:00,78290.2,78441.0,78044.0,78115.0,89.75758984999999
2026-09-18 11:15:00,78114.9,78174.1,78042.5,78051.6,42.01473509
2026-09-18 11:30:00,78051.7,78182.6,78025.4,78031.3,33.79806562
2026-09-18 11:45:00,78031.4,78105.8,78028.4,78062.8,32.91454977
2026-09-18 12:00:00,78062.6,78134.0,77980.3,78093.9,37.55983656
2026-09-18 12:15:00,78094.0,78110.9,77980.1,78016.6,34.591410190000005
2026-09-18 12:30:00,78016.7,78184.1,77987.9,78116.5,56.20978609
2026-09-18 12:45:00,78116.6,78157.1,78033.2,78049.9,23.5875172
2026-09-18 13:00:00,78050.0,78092.9,77968.7,78035.5,55.89807698
2026-09-18 13:15:00,78035.4,78183.7,78030.0,78183.3,29.60892449
2026-09-18 13:30:00,78183.8,79323.2,78140.8,79299.6,418.51310167
2026-09-18 13:45:00,79299.0,80515.8,79225.3,80075.9,918.28259682
2026-09-18 14:00:00,80070.1,80632.2,80070.1,80303.6,331.49260471
2026-09-18 14:15:00,80305.0,80982.5,80305.0,80706.0,397.71118984
2026-09-18 14:30:00,80706.1,80825.0,80500.0,80789.3,155.45765921
2026-09-18 14:45:00,80789.5,80965.0,80713.3,80946.8,173.05202544
2026-09-18 15:00:00,80946.9,81052.0,80571.4,80769.8,451.50845465
2026-09-18 15:15:00,80769.8,81155.0,80769.8,80969.0,185.22210624
2026-09-18 15:30:00,80972.5,80990.1,80650.0,80650.0,102.94577764
2026-09-18 15:45:00,80650.0,80826.1,80504.4,80728.7,125.28457151
2026-09-18 16:00:00,80728.8,80979.9,80664.3,80977.1,99.35332811
2026-09-18 16:15:00,80977.2,81080.0,80870.9,81059.1,134.73140206
2026-09-18 16:30:00,81059.1,81267.0,80903.9,81004.3,185.25126175
2026-09-18 16:45:00,81002.1,81002.2,80769.2,80849.0,52.48471891
2026-09-18 17:00:00,80849.0,80907.4,80762.0,80900.5,51.04223941
2026-09-18 17:15:00,80906.8,80954.1,80648.5,80760.8,82.84023085000001
2026-09-18 17:30:00,80760.8,80777.0,80568.6,80771.8,49.5477599
2026-09-18 17:45:00,80771.7,81019.8,80764.2,81019.3,58.48085491
2026-09-18 18:00:00,81019.3,81019.3,80805.0,80869.5,56.93037306
2026-09-18 18:15:00,80870.1,80998.0,80809.9,80993.6,42.65520331
2026-09-18 18:30:00,80993.6,81153.8,80917.3,80946.7,114.40375347
2026-09-18 18:45:00,80946.7,81085.0,80882.4,80943.7,49.5420929
2026-09-18 19:00:00,80943.7,81215.9,80911.3,81201.0,92.88292828
2026-09-18 19:15:00,81201.1,81407.0,81112.1,81263.6,144.98177443
2026-09-18 19:30:00,81263.5,81263.5,81053.0,81251.4,82.99770146
2026-09-18 19:45:00,81253.1,81355.7,81133.9,81211.5,62.78412015000001
2026-09-18 20:00:00,81212.1,81248.0,80959.1,81078.9,79.81244824999999
2026-09-18 20:15:00,81078.9,81229.1,80944.2,81024.9,61.44830083
2026-09-18 20:30:00,81025.0,81190.3,80954.0,81170.5,65.72909326
2026-09-18 20:45:00,81170.6,81190.4,81071.9,81125.4,44.4658201
2026-09-18 21:00:00,81125.0,81290.4,81088.9,81278.7,45.0259724
2026-09-18 21:15:00,81278.6,81288.7,81115.5,81196.4,23.79704675
2026-09-18 21:30:00,81196.3,81304.3,81144.2,81220.1,30.94220854
2026-09-18 21:45:00,81220.1,81260.0,81158.8,81242.2,26.92064777
2026-09-18 22:00:00,81242.2,81374.9,81205.2,81254.3,42.1881332
2026-09-18 22:15:00,81254.3,81356.0,81243.5,81260.6,31.752662540000003
2026-09-18 22:30:00,81260.5,81262.0,81059.8,81125.4,41.86695545
2026-09-18 22:45:00,81125.3,81180.1,81096.9,81144.9,25.44026624
2026-09-18 23:00:00,81148.1,81216.8,81091.6,81181.7,50.94167614
2026-09-18 23:15:00,81181.7,81200.0,81002.8,81002.9,35.84661917
2026-09-18 23:30:00,81002.9,81032.3,80868.5,80908.0,76.71821412
2026-09-18 23:45:00,80908.0,80984.2,80880.6,80903.0,27.51795623
2026-09-19 00:00:00,80903.0,80983.3,80847.5,80983.2,43.20768658
2026-09-19 00:15:00,80983.1,81109.6,80975.6,81109.6,37.46542594
2026-09-19 00:30:00,81109.6,81351.4,81109.5,81319.6,56.20745755
2026-09-19 00:45:00,81321.2,81673.1,81271.7,81672.1,181.14252684
2026-09-19 01:00:00,81673.2,81748.0,81276.7,81282.1,162.06069714
2026-09-19 01:15:00,81282.0,81333.1,81108.3,81256.1,47.51858877
2026-09-19 01:30:00,81253.4,81273.7,81055.2,81174.9,44.63438143
2026-09-19 01:45:00,81174.9,81439.9,81173.0,81285.8,56.73586488
2026-09-19 02:00:00,81285.8,81429.6,81261.0,81380.1,43.24976305
2026-09-19 02:15:00,81380.0,81455.3,81325.0,81347.5,99.07395331
2026-09-19 02:30:00,81346.4,81441.0,81300.4,81326.4,22.10937145
2026-09-19 02:45:00,81326.4,81331.5,81272.6,81310.8,29.327050990000004
2026-09-19 03:00:00,81310.9,81413.8,81280.7,81287.9,30.27371145
2026-09-19 03:15:00,81287.9,81287.9,81139.5,81145.0,25.10501996
2026-09-19 03:30:00,81145.1,81180.5,81129.3,81174.9,8.30143608
2026-09-19 03:45:00,81174.9,81190.0,81131.7,81131.7,6.659984339999999
2026-09-19 04:00:00,81131.0,81221.9,81119.0,81209.9,25.4926737
2026-09-19 04:15:00,81209.9,81230.1,81124.9,81143.5,20.39871
2026-09-19 04:30:00,81143.0,81143.0,80926.8,80979.3,44.40399659
2026-09-19 04:45:00,80979.4,81046.4,80941.2,81040.0,85.88034745
2026-09-19 05:00:00,81040.1,81158.2,81038.3,81061.4,125.57651318
2026-09-19 05:15:00,81061.4,81156.8,81026.8,81074.6,68.96897820000001
2026-09-19 05:30:00,81074.7,81134.8,81033.5,81034.0,14.72146301
2026-09-19 05:45:00,81036.1,81086.4,81010.1,81054.6,12.82186366
2026-09-19 06:00:00,81054.7,81079.2,81010.0,81011.7,16.09751471
2026-09-19 06:15:00,81011.8,81058.3,80928.0,80968.5,23.25015876
2026-09-19 06:30:00,80968.6,81098.7,80968.6,81069.1,25.6380951
2026-09-19 06:45:00,81069.0,81111.4,81030.0,81061.1,16.20029914
2026-09-19 07:00:00,81061.1,81171.6,81061.0,81166.2,15.143909140000002
2026-09-19 07:15:00,81164.1,81258.7,81065.0,81105.2,58.26709345
2026-09-19 07:30:00,81105.2,81124.8,81023.6,81049.7,247.26030424
2026-09-19 07:45:00,81049.7,81175.6,81016.7,81095.3,316.46453246
2026-09-19 08:00:00,81095.3,81245.2,81065.3,81240.3,40.87857257
2026-09-19 08:15:00,81240.3,81411.7,81194.9,81296.5,79.87201156
2026-09-19 08:30:00,81296.4,81400.0,81269.2,81313.8,32.25092522
2026-09-19 08:45:00,81313.8,81374.7,81281.4,81315.9,15.48392503
2026-09-19 09:00:00,81316.0,81529.4,81278.0,81434.7,70.70825494
2026-09-19 09:15:00,81434.8,81507.4,81386.1,81408.3,28.9922395
2026-09-19 09:30:00,81408.3,81435.1,81250.2,81259.2,97.94647003
2026-09-19 09:45:00,81259.2,81344.4,81252.5,81326.2,54.12689402
2026-09-19 10:00:00,81325.0,81330.2,81222.2,81299.4,19.77583487
2026-09-19 10:15:00,81299.3,81322.7,81252.0,81289.7,21.93485788
2026-09-19 10:30:00,81289.6,81300.0,81212.9,81260.0,24.6999021
2026-09-19 10:45:00,81259.9,81322.8,81210.2,81222.3,34.89955383
2026-09-19 11:00:00,81222.8,81384.3,81209.7,81312.5,19.52250479
2026-09-19 11:15:00,81312.5,81383.5,81268.7,81268.8,22.09494806
2026-09-19 11:30:00,81268.8,81310.0,81237.4,81297.5,24.72832011
2026-09-19 11:45:00,81297.5,81321.3,81282.6,81308.2,30.89689319
2026-09-19 12:00:00,81308.3,81371.0,81280.0,81358.3,27.34399259
2026-09-19 12:15:00,81358.3,81368.1,81212.8,81234.0,21.66231612
2026-09-19 12:30:00,81234.6,81300.0,81234.1,81290.3,14.35536195
2026-09-19 12:45:00,81290.3,81349.2,81237.9,81341.5,24.44578073
2026-09-19 13:00:00,81341.5,81347.3,81183.5,81247.5,45.85645145
2026-09-19 13:15:00,81247.5,81350.0,81234.5,81239.4,19.70189574
2026-09-19 13:30:00,81239.3,81289.6,81200.3,81270.6,28.06982088
2026-09-19 13:45:00,81270.1,81357.6,81236.6,81357.1,51.49146147
2026-09-19 14:00:00,81357.1,81452.7,81328.1,81391.6,38.83603954
2026-09-19 14:15:00,81391.5,81579.9,81391.5,81579.9,48.33407628
2026-09-19 14:30:00,81579.9,81629.7,81478.9,81533.4,35.92064223
2026-09-19 14:45:00,81534.2,81625.5,81500.0,81578.1,22.84043104
2026-09-19 15:00:00,81577.9,81748.0,81572.3,81705.8,52.50566439
2026-09-19 15:15:00,81707.3,81758.9,81567.2,81567.3,19.75613286
2026-09-19 15:30:00,81567.2,81953.1,81567.2,81907.1,112.91781401
2026-09-19 15:45:00,81905.9,81905.9,81600.1,81647.3,52.39766016
2026-09-19 16:00:00,81647.3,81777.1,81472.1,81763.1,55.39154465
2026-09-19 16:15:00,81763.2,81880.0,81738.7,81870.9,22.22423338
2026-09-19 16:30:00,81818.2,81915.8,81805.9,81855.2,40.513264410000005
2026-09-19 16:45:00,81855.2,81867.7,81822.0,81838.4,17.928218479999998
2026-09-19 17:00:00,81834.4,81851.3,81703.7,81712.3,42.85191769
2026-09-19 17:15:00,81712.3,81842.3,81447.6,81545.1,64.00222142999999
2026-09-19 17:30:00,81549.1,81598.7,81456.7,81497.9,18.51576022
2026-09-19 17:45:00,81497.8,81546.0,81458.5,81463.8,22.22120529
2026-09-19 18:00:00,81463.8,81544.2,81341.1,81389.5,39.49091257
2026-09-19 18:15:00,81389.6,81495.2,81333.3,81451.5,16.54857205
2026-09-19 18:30:00,81451.5,81531.3,81374.0,81488.4,10.21619661
2026-09-19 18:45:00,81488.3,81492.5,81413.2,81439.2,9.18875409
2026-09-19 19:00:00,81439.2,81466.8,81377.6,81377.7,7.33569244
2026-09-19 19:15:00,81377.7,81457.0,81353.1,81403.4,56.09823053
2026-09-19 19:30:00,81403.3,81403.4,81300.4,81325.1,8.88668226
2026-09-19 19:45:00,81325.1,81398.8,81318.0,81365.7,14.60614192
2026-09-19 20:00:00,81365.7,81438.0,81357.5,81417.6,25.489664240000003
2026-09-19 20:15:00,81417.5,81417.6,81263.1,81263.2,55.44082249
2026-09-19 20:30:00,81263.2,81293.4,81244.2,81293.2,34.93327751
2026-09-19 20:45:00,81293.2,81293.2,81070.1,81151.6,66.96533961
2026-09-19 21:00:00,81151.6,81230.7,81000.6,81013.9,55.87910067
2026-09-19 21:15:00,81013.9,81081.7,80902.1,81059.3,64.90987983
2026-09-19 21:30:00,81059.2,81073.6,80932.3,81022.5,22.6429365
2026-09-19 21:45:00,81022.5,81172.1,81022.5,81100.5,34.61168252
2026-09-19 22:00:00,81100.5,81100.7,80968.8,81005.9,21.29896563
2026-09-19 22:15:00,81005.9,81095.0,81005.9,81067.0,17.02747724
2026-09-19 22:30:00,81067.0,81249.5,81066.9,81242.5,18.09644084
2026-09-19 22:45:00,81242.5,81270.4,81205.5,81264.7,11.96998451
2026-09-19 23:00:00,81264.8,81287.8,81243.0,81287.8,11.77854321
2026-09-19 23:15:00,81287.7,81310.0,81222.5,81305.7,18.6798072
2026-09-19 23:30:00,81305.7,81369.9,81283.3,81283.3,46.57350237
2026-09-19 23:45:00,81283.4,81324.0,81261.5,81265.8,24.32077548
2026-09-20 00:00:00,81265.8,81291.5,81209.6,81287.0,33.5597418
2026-09-20 00:15:00,81287.1,81331.4,81211.4,81312.7,19.62170066
2026-09-20 00:30:00,81312.7,81334.3,81256.6,81330.2,26.01498684
2026-09-20 00:45:00,81330.2,81330.2,81272.9,81285.5,7.30523432
2026-09-20 01:00:00,81285.6,81305.6,81133.5,81135.9,12.56318525
2026-09-20 01:15:00,81135.9,81218.1,81095.8,81119.1,16.08057441
2026-09-20 01:30:00,81116.6,81128.3,81033.3,81076.2,18.59261774
2026-09-20 01:45:00,81076.2,81124.0,81032.2,81104.8,20.43300968
2026-09-20 02:00:00,81104.9,81157.3,81084.3,81157.3,22.32414973
2026-09-20 02:15:00,81157.4,81172.2,80990.0,80990.0,26.30345719
2026-09-20 02:30:00,80990.0,81000.0,80549.9,80565.9,104.95440625
2026-09-20 02:45:00,80565.9,80699.9,80264.9,80338.7,203.50893289
2026-09-20 03:00:00,80334.5,80528.2,80217.0,80255.0,96.88465134
2026-09-20 03:15:00,80255.9,80530.2,80133.4,80392.2,59.36663759
2026-09-20 03:30:00,80391.0,80416.0,80300.1,80387.1,29.09427547
2026-09-20 03:45:00,80387.1,80510.0,80333.5,80490.4,25.87316128
2026-09-20 04:00:00,80490.5,80527.7,80386.0,80443.7,125.45305014
2026-09-20 04:15:00,80443.7,80536.1,80350.4,80430.9,35.97794965
2026-09-20 04:30:00,80431.0,80488.8,80400.0,80400.0,24.79287244
2026-09-20 04:45:00,80400.0,80491.7,80319.1,80441.4,183.70225981
2026-09-20 05:00:00,80442.3,80652.4,80419.6,80593.2,47.71714999
2026-09-20 05:15:00,80593.3,80596.7,80456.4,80542.5,24.26460163
2026-09-20 05:30:00,80542.6,80632.3,80456.4,80531.7,20.86697375
2026-09-20 05:45:00,80531.8,80551.3,80456.4,80503.9,13.93379308
2026-09-20 06:00:00,80503.9,80531.8,80434.9,80455.7,10.73621782
2026-09-20 06:15:00,80528.2,80608.0,80464.6,80465.7,26.37942786
2026-09-20 06:30:00,80465.6,80489.7,80279.2,80388.7,27.104036330000003
2026-09-20 06:45:00,80388.8,80449.9,80228.2,80313.8,30.00296429
2026-09-20 07:00:00,80313.8,80371.0,80300.0,80345.5,11.39456634
2026-09-20 07:15:00,80343.1,80436.0,80291.5,80401.2,14.46251372
2026-09-20 07:30:00,80401.1,80401.4,80294.0,80332.3,51.95117102
2026-09-20 07:45:00,80330.3,80393.0,80299.2,80305.7,55.0030846
2026-09-20 08:00:00,80305.8,80456.0,80300.9,80421.0,25.41110391
2026-09-20 08:15:00,80421.1,80436.6,80375.1,80382.5,14.43446388
2026-09-20 08:30:00,80382.6,80419.5,80250.1,80264.7,26.75076186
2026-09-20 08:45:00,80264.7,80296.7,80173.5,80263.7,39.91766638
2026-09-20 09:00:00,80263.6,80344.3,80257.5,80271.0,20.37713092
2026-09-20 09:15:00,80271.0,80403.5,80258.5,80384.2,18.82659814
2026-09-20 09:30:00,80384.2,80589.9,80384.1,80559.3,44.34372623
2026-09-20 09:45:00,80559.2,80559.2,80465.6,80469.4,8.776377010000001
2026-09-20 10:00:00,80469.5,80524.4,80339.8,80424.8,28.2458018
2026-09-20 10:15:00,80424.8,80449.9,80336.3,80393.1,12.35988678
2026-09-20 10:30:00,80393.1,80440.6,80320.0,80363.1,13.446739999999998
2026-09-20 10:45:00,80363.1,80403.1,80320.0,80320.0,8.612046939999999
2026-09-20 11:00:00,80320.1,80422.8,80280.5,80367.5,15.06179293
2026-09-20 11:15:00,80367.6,80392.6,80310.0,80370.0,14.15022676
2026-09-20 11:30:00,80370.0,80491.3,80370.0,80460.9,23.16495911
2026-09-20 11:45:00,80460.9,80535.5,80446.9,80483.6,11.47546535
2026-09-20 12:00:00,80483.6,80531.2,80434.1,80493.2,31.87303735
2026-09-20 12:15:00,80493.2,80502.0,80357.2,80373.7,22.70225584
2026-09-20 12:30:00,80373.7,80387.1,80332.3,80362.1,8.479488069999999
2026-09-20 12:45:00,80362.1,80500.0,80362.1,80493.7,20.83461119
2026-09-20 13:00:00,80493.8,80659.0,80489.3,80566.2,26.67832539
2026-09-20 13:15:00,80566.1,80570.0,80489.8,80512.9,25.831661
2026-09-20 13:30:00,80512.9,80562.2,80428.6,80562.1,22.76650983
2026-09-20 13:45:00,80562.2,80580.8,80533.6,80566.5,8.93452409
2026-09-20 14:00:00,80566.6,80776.6,80566.5,80585.6,71.50490767000001
2026-09-20 14:15:00,80585.6,80585.6,80418.4,80534.8,45.38833323
2026-09-20 14:30:00,80534.8,80676.5,80503.3,80632.0,20.34892166
2026-09-20 14:45:00,80635.5,80766.2,80608.0,80682.6,14.30313226
2026-09-20 15:00:00,80682.7,80928.9,80682.7,80761.5,115.31576083
2026-09-20 15:15:00,80761.5,80890.6,80659.9,80668.8,36.24085136
2026-09-20 15:30:00,80668.8,80885.7,80668.8,80847.8,106.83929017
2026-09-20 15:45:00,80847.8,80973.8,80840.7,80917.5,31.36731502
2026-09-20 16:00:00,80917.5,81202.4,80815.4,81159.6,65.40271151
2026-09-20 16:15:00,81163.1,81283.5,81037.0,81181.0,47.10951798
2026-09-20 16:30:00,81184.6,81500.0,81109.5,81375.4,93.10424636
2026-09-20 16:45:00,81379.5,81457.4,81238.4,81340.5,46.82761633
2026-09-20 17:00:00,81343.8,81464.7,81163.0,81244.8,64.97603434
2026-09-20 17:15:00,81244.7,81328.0,81133.9,81168.1,44.815282030000006
2026-09-20 17:30:00,81168.1,81409.5,81168.0,81383.5,109.39004037
2026-09-20 17:45:00,81387.0,81431.8,81070.1,81158.0,121.5229204
2026-09-20 18:00:00,81158.1,81205.5,81032.2,81106.0,46.72616977
2026-09-20 18:15:00,81106.0,81282.3,81104.2,81277.8,23.39281448
2026-09-20 18:30:00,81277.9,81311.1,81184.5,81220.4,12.46057468
2026-09-20 18:45:00,81220.4,81224.4,81032.3,81040.3,24.1956623
2026-09-20 19:00:00,81040.4,81139.0,81040.4,81090.0,9.14090236
2026-09-20 19:15:00,81089.7,81124.3,81063.3,81124.3,2.69169412
2026-09-20 19:30:00,81124.3,81300.8,81115.1,81232.7,18.85173878
2026-09-20 19:45:00,81232.7,81297.9,81158.8,81186.7,13.84253377
2026-09-20 20:00:00,81186.8,81239.0,81153.1,81158.6,11.08386094
2026-09-20 20:15:00,81158.6,81230.2,81100.0,81180.1,26.95972736
2026-09-20 20:30:00,81180.0,81180.1,81076.9,81142.5,14.533141919999998
2026-09-20 20:45:00,81141.1,81231.5,81076.8,81096.6,18.62513005
2026-09-20 21:00:00,81096.6,81096.6,80588.0,80772.6,90.50360769
2026-09-20 21:15:00,80772.6,80931.4,80771.3,80890.9,23.23480489
2026-09-20 21:30:00,80890.8,80956.6,80800.1,80800.1,20.44614122
2026-09-20 21:45:00,80800.1,80955.1,80798.8,80940.4,10.47352848
2026-09-20 22:00:00,80940.4,81299.9,80778.9,81299.8,53.06042544
2026-09-20 22:15:00,81299.8,81299.8,81077.5,81168.3,31.62685873
2026-09-20 22:30:00,81163.1,81267.3,81106.3,81112.4,63.310025190000005
2026-09-20 22:45:00,81112.4,81274.9,81106.1,81211.2,59.99597823
2026-09-20 23:00:00,81211.2,81266.7,81118.5,81146.6,48.37083048
2026-09-20 23:15:00,81146.6,81300.0,81129.1,81155.3,18.30680472
2026-09-20 23:30:00,81155.4,81287.8,81127.7,81266.1,21.02074207
2026-09-20 23:45:00,81266.1,81342.8,81158.8,81179.6,39.83951602
2026-09-21 00:00:00,81180.1,81718.2,81171.3,81678.4,173.5246349
2026-09-21 00:15:00,81685.0,81830.4,81516.1,81739.4,132.16766891
2026-09-21 00:30:00,81737.5,81840.5,81533.4,81695.7,102.78763484
2026-09-21 00:45:00,81696.0,81846.1,81582.8,81605.0,72.75212647
2026-09-21 01:00:00,81602.3,81800.5,81514.9,81799.4,38.95454409
2026-09-21 01:15:00,81800.0,82099.0,81500.3,81596.4,227.3312135
2026-09-21 01:30:00,81596.3,81677.4,81276.5,81460.7,81.67666991
2026-09-21 01:45:00,81458.9,81496.2,80857.6,80993.3,194.29583191
2026-09-21 02:00:00,80993.4,81366.6,80951.0,81366.6,64.09809498
2026-09-21 02:15:00,81363.6,81516.1,81318.2,81428.6,37.79749369
2026-09-21 02:30:00,81428.5,81428.6,81160.0,81258.4,50.83091656
2026-09-21 02:45:00,81258.4,81400.0,81201.8,81318.5,26.42903845
2026-09-21 03:00:00,81318.5,81464.5,81250.1,81331.9,34.81280562
2026-09-21 03:15:00,81332.0,81507.7,81332.0,81459.6,30.92667198
2026-09-21 03:30:00,81454.2,81581.1,81454.2,81485.4,23.16076861
2026-09-21 03:45:00,81485.4,81522.5,81379.6,81444.6,21.58516257
2026-09-21 04:00:00,81444.6,81477.4,81287.8,81287.9,22.91587516
2026-09-21 04:15:00,81287.9,81355.0,81250.1,81301.7,29.48437065
2026-09-21 04:30:00,81301.7,81430.9,81234.6,81419.9,33.40841293
2026-09-21 04:45:00,81419.9,81516.1,81385.1,81404.1,51.85523559
2026-09-21 05:00:00,81404.1,81432.7,81312.9,81342.0,44.08201097
2026-09-21 05:15:00,81342.0,81658.0,81341.9,81593.4,57.72399477
2026-09-21 05:30:00,81593.1,81798.5,81589.4,81627.5,90.14623475
2026-09-21 05:45:00,81627.5,81696.2,81536.1,81567.5,45.56921573
2026-09-21 06:00:00,81567.5,81698.6,81549.7,81675.6,46.35863655
2026-09-21 06:15:00,81675.7,81887.8,81675.7,81818.6,28.35529054
2026-09-21 06:30:00,81818.7,81841.1,81400.0,81406.3,48.17814553
2026-09-21 06:45:00,81400.1,81756.4,81400.1,81639.0,63.60821892
2026-09-21 07:00:00,81639.0,81684.7,81469.5,81560.6,60.1286053
2026-09-21 07:15:00,81560.6,81664.2,81526.9,81613.5,59.64943416
2026-09-21 07:30:00,81613.5,81615.3,81459.7,81498.8,85.48177894
2026-09-21 07:45:00,81498.8,81726.0,81479.2,81722.0,93.38125586
2026-09-21 08:00:00,81722.0,82000.0,81714.8,81882.6,110.94603786
2026-09-21 08:15:00,81884.7,82266.1,81864.1,82245.6,200.45802195
2026-09-21 08:30:00,82245.6,84233.2,82183.2,83537.6,1226.0909971
2026-09-21 08:45:00,83537.5,83895.2,83306.2,83758.0,421.89763672
2026-09-21 09:00:00,83755.2,84057.1,83697.1,83926.6,237.50314499
2026-09-21 09:15:00,83926.6,84595.2,83900.0,84445.1,457.6806676
2026-09-21 09:30:00,84444.7,85325.2,84333.6,85024.3,654.07749946
2026-09-21 09:45:00,85024.2,85068.9,84567.1,84639.0,210.54786713
2026-09-21 10:00:00,84639.0,84822.6,84501.0,84575.6,116.47092303
2026-09-21 10:15:00,84577.4,84739.9,84370.0,84370.0,119.42027957
2026-09-21 10:30:00,84370.1,84468.6,84137.5,84252.1,238.34407282
2026-09-21 10:45:00,84252.2,84460.9,84149.0,84431.3,89.10501704
2026-09-21 11:00:00,84431.3,84645.7,84388.4,84597.3,125.90022516
2026-09-21 11:15:00,84597.3,84708.8,84519.1,84667.3,63.42286422
2026-09-21 11:30:00,84667.2,84888.0,84617.0,84829.5,90.51639581
2026-09-21 11:45:00,84829.5,84918.9,84719.5,84884.9,71.04774931
2026-09-21 12:00:00,84884.9,85168.0,84812.9,85005.7,249.70187636
2026-09-21 12:15:00,85005.6,85480.2,84985.2,85085.9,223.93370814
2026-09-21 12:30:00,85087.3,85415.7,85037.5,85289.1,168.72948247
2026-09-21 12:45:00,85289.2,85421.0,85142.7,85316.6,92.57059562
2026-09-21 13:00:00,85316.6,85464.5,85084.7,85174.2,109.70998691
2026-09-21 13:15:00,85170.7,85228.4,84915.4,84945.7,128.21590922
2026-09-21 13:30:00,84945.6,85232.0,84777.7,85076.1,276.89973025
2026-09-21 13:45:00,85081.1,85841.5,85034.6,85471.5,330.009459
2026-09-21 14:00:00,85475.1,85549.9,85051.7,85324.0,178.95452995
2026-09-21 14:15:00,85314.1,85791.7,85228.1,85724.2,178.67396029000002
2026-09-21 14:30:00,85724.2,86006.1,85570.0,85804.9,283.57770785
2026-09-21 14:45:00,85805.0,86137.2,85706.9,85837.1,236.76072167
2026-09-21 15:00:00,85837.0,86351.4,85801.6,86293.6,312.18318973
2026-09-21 15:15:00,86293.6,86293.6,85812.6,85854.8,169.71881791
2026-09-21 15:30:00,85854.8,86129.8,85800.0,86129.7,135.73943457
2026-09-21 15:45:00,86129.7,86180.1,85905.1,85931.7,152.04314264
2026-09-21 16:00:00,85931.7,85969.1,85694.7,85729.3,138.07087961
2026-09-21 16:15:00,85729.4,85982.0,85729.3,85850.2,77.19050735
2026-09-21 16:30:00,85850.2,85970.5,85600.0,85863.4,118.11095166
2026-09-21 16:45:00,85863.5,86108.0,85834.2,85958.7,151.98635344000002
2026-09-21 17:00:00,85958.8,86109.9,85888.4,85952.9,68.52887624
2026-09-21 17:15:00,85957.8,85998.6,85754.9,85879.9,88.65499974
2026-09-21 17:30:00,85879.8,85972.6,85815.4,85889.1,54.63403777
2026-09-21 17:45:00,85889.0,85901.3,85665.6,85891.6,56.52785174
2026-09-21 18:00:00,85891.6,86020.0,85806.6,85998.5,32.982955510000004
2026-09-21 18:15:00,86000.1,86076.8,85894.7,85930.0,49.43535913
2026-09-21 18:30:00,85930.0,85988.5,85807.4,85971.3,35.04186572
2026-09-21 18:45:00,85935.4,86074.6,85892.3,86063.7,30.27298393
2026-09-21 19:00:00,86063.7,86081.4,85979.4,86058.4,51.18281515
2026-09-21 19:15:00,86059.0,86476.5,86045.6,86371.7,145.71470262999998
2026-09-21 19:30:00,86371.7,86899.8,86322.3,86582.3,216.40495982
2026-09-21 19:45:00,86582.2,86674.2,86486.6,86502.3,46.69241796
2026-09-21 20:00:00,86502.4,86807.8,86502.4,86747.5,62.84597905
2026-09-21 20:15:00,86747.6,87399.0,86705.1,87284.8,282.29099353
2026-09-21 20:30:00,87284.7,87315.0,86899.9,86948.9,153.94691607
2026-09-21 20:45:00,86949.9,87090.0,86854.4,86999.2,123.49211548
2026-09-21 21:00:00,86999.2,86999.2,86600.0,86600.1,74.74172074
2026-09-21 21:15:00,86600.1,86700.0,86550.1,86637.1,40.16350507
2026-09-21 21:30:00,86637.2,86861.2,86637.1,86788.1,60.52646297
2026-09-21 21:45:00,86788.1,86789.2,86581.8,86581.9,40.81924838
2026-09-21 22:00:00,86581.9,86716.3,86549.3,86621.0,43.6624201
2026-09-21 22:15:00,86621.0,86763.8,86370.8,86432.3,78.45311583
2026-09-21 22:30:00,86432.3,86599.9,86387.6,86434.4,59.34541369
2026-09-21 22:45:00,86434.4,86463.6,86300.0,86449.8,42.59077724
2026-09-21 23:00:00,86449.8,86700.0,86424.5,86650.1,31.2097401
2026-09-21 23:15:00,86650.1,86708.9,86500.0,86500.0,24.33195392
2026-09-21 23:30:00,86500.0,86542.3,86366.5,86466.6,58.22619703
2026-09-21 23:45:00,86466.6,86657.1,86437.8,86617.8,52.6552599
2026-09-22 00:00:00,86617.9,86632.6,86310.1,86480.5,75.6041793
2026-09-22 00:15:00,86480.5,86500.0,86336.8,86407.0,43.79535852
2026-09-22 00:30:00,86407.0,86520.4,86155.4,86352.0,68.0393332
2026-09-22 00:45:00,86355.5,86406.3,85870.1,85903.6,154.74959497999998
2026-09-22 01:00:00,85903.7,85987.1,85629.1,85780.5,126.98540076
2026-09-22 01:15:00,85780.4,85880.0,85405.2,85773.8,101.86879786
2026-09-22 01:30:00,85775.5,85844.6,85640.2,85685.6,52.256821820000006
2026-09-22 01:45:00,85685.0,85733.1,85544.5,85620.2,30.02531823
2026-09-22 02:00:00,85620.2,85692.5,85391.3,85604.5,77.00965718
2026-09-22 02:15:00,85604.3,85863.6,85525.5,85750.6,42.20040968
2026-09-22 02:30:00,85750.5,85851.6,85649.9,85821.1,36.31535285
2026-09-22 02:45:00,85820.5,85876.1,85663.4,85727.7,32.05688654
2026-09-22 03:00:00,85727.7,85761.8,85461.5,85548.2,45.68381536
2026-09-22 03:15:00,85548.2,85649.9,85309.1,85613.5,51.47096626
2026-09-22 03:30:00,85613.4,85615.8,85433.3,85496.1,37.39434468
2026-09-22 03:45:00,85496.1,85743.3,85465.2,85697.2,55.44642278
2026-09-22 04:00:00,85697.3,85743.4,85617.7,85631.0,56.60529593
2026-09-22 04:15:00,85631.1,85649.6,85500.7,85564.5,34.31775546
2026-09-22 04:30:00,85565.4,85619.0,85463.6,85524.0,39.10763276
2026-09-22 04:45:00,85518.6,85548.7,85429.0,85464.2,22.26138245
2026-09-22 05:00:00,85464.3,85516.5,85368.3,85419.1,23.93391734
2026-09-22 05:15:00,85419.2,85425.7,85150.0,85212.6,90.29887217
2026-09-22 05:30:00,85212.4,85427.5,85111.1,85427.5,52.49987973
2026-09-22 05:45:00,85427.5,85600.0,85395.4,85412.6,52.76232936
2026-09-22 06:00:00,85412.7,85475.6,85306.6,85329.0,16.87995726
2026-09-22 06:15:00,85363.0,85388.3,85257.1,85375.3,28.70860166
2026-09-22 06:30:00,85375.1,85578.3,85346.0,85487.9,36.21688928
2026-09-22 06:45:00,85487.9,85505.0,85361.1,85384.9,38.36815525
2026-09-22 07:00:00,85385.0,85507.2,85300.1,85445.9,32.92480813
2026-09-22 07:15:00,85445.8,85472.1,85210.9,85316.3,68.17248094
2026-09-22 07:30:00,85316.5,85328.8,85160.0,85246.2,284.06020903
2026-09-22 07:45:00,85246.3,85346.7,85238.8,85344.9,299.00306508
2026-09-22 08:00:00,85344.8,85538.6,85329.5,85480.6,63.99669121
2026-09-22 08:15:00,85480.0,85611.9,85404.6,85415.5,31.18391279
2026-09-22 08:30:00,85413.9,86145.8,85319.2,86145.8,141.06155149
2026-09-22 08:45:00,86145.7,86375.1,86030.0,86215.5,138.91751566
2026-09-22 09:00:00,86216.0,86216.0,85680.9,85928.1,121.80438248
2026-09-22 09:15:00,85928.1,85999.8,85814.6,85906.3,42.11603428
2026-09-22 09:30:00,85906.3,86071.5,85840.9,86046.7,54.37473137
2026-09-22 09:45:00,86046.7,86280.8,86025.7,86261.0,75.21268091
2026-09-22 10:00:00,86261.0,86268.3,86013.3,86046.4,43.99590814
2026-09-22 10:15:00,86046.5,86114.8,85829.1,85870.6,47.5774301
2026-09-22 10:30:00,85870.7,85956.6,85750.0,85851.6,38.06049696
2026-09-22 10:45:00,85850.6,85981.7,85794.3,85901.1,29.90579101
2026-09-22 11:00:00,85901.2,85999.9,85776.0,85984.0,64.99486626
2026-09-22 11:15:00,85984.0,86107.5,85924.7,85939.9,32.898579590000004
2026-09-22 11:30:00,85940.7,86147.7,85851.7,86108.4,32.52988147
2026-09-22 11:45:00,86108.4,86145.5,85904.6,85992.6,40.31331753
2026-09-22 12:00:00,85992.6,86042.4,85917.8,85917.8,44.08859366
2026-09-22 12:15:00,85917.1,86123.9,85774.4,86123.9,55.45607617
2026-09-22 12:30:00,86124.0,86203.4,85982.4,85982.4,57.26407387
2026-09-22 12:45:00,85982.4,86079.5,85928.8,86030.6,58.78942574
2026-09-22 13:00:00,86030.6,86226.5,86017.4,86058.2,53.85851494
2026-09-22 13:15:00,86058.2,86067.3,85707.9,85743.8,74.62580299
2026-09-22 13:30:00,85741.0,86176.4,85584.3,85947.8,147.06717879
2026-09-22 13:45:00,85939.0,86372.7,85887.2,86354.5,103.45532588
2026-09-22 14:00:00,86355.8,86476.9,86087.7,86361.8,109.96343341
2026-09-22 14:15:00,86361.8,86397.9,85933.1,85933.1,80.609794
2026-09-22 14:30:00,85933.1,86006.6,85455.0,85897.0,217.64345128
2026-09-22 14:45:00,85897.1,86260.4,85885.5,86256.4,60.353256380000005
2026-09-22 15:00:00,86260.7,86392.1,86133.3,86305.6,83.10340742
2026-09-22 15:15:00,86305.6,86338.6,86125.2,86283.3,44.69870005
2026-09-22 15:30:00,86281.0,86580.4,86246.6,86554.6,72.31156657
2026-09-22 15:45:00,86554.6,86731.0,86332.8,86419.0,186.09132591
2026-09-22 16:00:00,86419.1,86530.2,86159.3,86182.1,85.47708688
2026-09-22 16:15:00,86182.1,86299.9,86082.7,86095.8,60.3821257
2026-09-22 16:30:00,86100.0,86292.6,86075.6,86234.8,59.8673332
2026-09-22 16:45:00,86234.8,86595.9,86210.0,86422.1,77.51869708999999
2026-09-22 17:00:00,86422.1,86566.5,86378.7,86421.5,73.27419049
2026-09-22 17:15:00,86421.4,86592.3,86256.0,86592.3,51.54930583
2026-09-22 17:30:00,86592.5,86634.2,86444.8,86484.4,50.88997033
2026-09-22 17:45:00,86486.9,86664.2,86416.4,86579.3,61.58827203
2026-09-22 18:00:00,86580.0,86652.0,86449.2,86531.0,54.27159105
2026-09-22 18:15:00,86531.1,86647.5,86278.2,86289.2,46.63757086
2026-09-22 18:30:00,86289.2,86452.1,86241.0,86409.8,55.50502569
2026-09-22 18:45:00,86409.8,86587.4,86409.8,86458.2,54.19806071
2026-09-22 19:00:00,86458.3,86535.9,86400.0,86485.7,40.83045234
2026-09-22 19:15:00,86486.0,86590.9,86437.1,86536.4,56.76384517
2026-09-22 19:30:00,86536.4,86536.4,86273.9,86383.5,89.23391282
2026-09-22 19:45:00,86383.6,86410.2,86150.2,86201.2,51.29191816
2026-09-22 20:00:00,86201.2,86280.1,86136.4,86210.3,32.79355989
2026-09-22 20:15:00,86212.3,86380.6,86200.4,86344.3,22.26431847
2026-09-22 20:30:00,86344.3,86371.8,86239.1,86325.1,23.36525194
2026-09-22 20:45:00,86325.0,86325.0,86201.1,86266.4,33.10150094
2026-09-22 21:00:00,86277.7,86354.8,86216.2,86260.8,32.0294345
2026-09-22 21:15:00,86260.8,86275.7,86222.9,86250.0,17.99313159
2026-09-22 21:30:00,86250.1,86315.4,86186.6,86214.2,27.17492712
2026-09-22 21:45:00,86214.2,86318.3,86187.0,86188.9,14.01142413
2026-09-22 22:00:00,86187.1,86306.5,86001.8,86051.3,50.94800071
2026-09-22 22:15:00,86051.3,86231.1,86030.4,86169.6,28.70746422
2026-09-22 22:30:00,86169.5,86280.1,86165.1,86227.6,72.05009046
2026-09-22 22:45:00,86227.7,86287.3,86125.9,86125.9,23.3524786
2026-09-22 23:00:00,86126.0,86514.9,86124.0,86395.9,50.10154746
2026-09-22 23:15:00,86391.1,86472.8,86171.4,86239.4,37.911273
2026-09-22 23:30:00,86236.4,86277.6,86092.2,86157.2,51.37232271
2026-09-22 23:45:00,86157.1,86223.7,86098.5,86209.1,26.98188229
2026-09-23 00:00:00,86209.2,86372.7,86140.7,86356.4,29.36266401
2026-09-23 00:15:00,86355.0,86534.2,86350.3,86461.4,29.97281643
2026-09-23 00:30:00,86462.0,86584.6,86431.3,86457.3,32.12469609
2026-09-23 00:45:00,86457.3,86514.6,86424.4,86465.5,12.25570201
2026-09-23 01:00:00,86465.6,86842.1,86440.0,86715.6,169.9149363
2026-09-23 01:15:00,86715.6,86736.6,86585.5,86641.1,28.73035041
2026-09-23 01:30:00,86641.2,86649.9,86279.2,86285.0,37.06021563
2026-09-23 01:45:00,86285.0,86380.2,86175.9,86368.2,48.72379266
2026-09-23 02:00:00,86365.1,86385.1,86264.4,86385.0,19.31733952
2026-09-23 02:15:00,86385.1,86633.2,86377.5,86581.5,64.16425953
2026-09-23 02:30:00,86581.5,86588.5,86469.1,86482.3,20.99167363
2026-09-23 02:45:00,86485.2,86555.4,86457.6,86554.4,18.15133033
2026-09-23 03:00:00,86554.4,86555.4,86434.8,86544.0,8.16004924
2026-09-23 03:15:00,86544.0,86824.4,86504.7,86694.7,30.1599292
2026-09-23 03:30:00,86694.7,86960.5,86666.9,86893.2,91.72030582
2026-09-23 03:45:00,86893.2,86893.3,86705.4,86710.7,27.87331563
2026-09-23 04:00:00,86710.8,86913.0,86638.0,86847.8,36.68458466
2026-09-23 04:15:00,86847.9,87244.7,86778.1,87015.0,177.18007368
2026-09-23 04:30:00,87015.1,87283.0,87015.1,87148.1,75.30993875
2026-09-23 04:45:00,87148.0,87230.7,87120.5,87169.8,45.12374032
2026-09-23 05:00:00,87169.8,87170.4,86894.6,86938.3,63.34224
2026-09-23 05:15:00,86938.3,86972.4,86747.4,86785.1,29.63510213
2026-09-23 05:30:00,86785.1,86843.3,86715.0,86757.2,35.08450607
2026-09-23 05:45:00,86757.1,86783.8,86500.0,86527.6,62.29861505
2026-09-23 06:00:00,86509.1,86626.6,86457.3,86612.4,31.11219707
2026-09-23 06:15:00,86612.4,86615.9,86427.2,86430.4,31.11198821
2026-09-23 06:30:00,86430.3,86587.3,86379.4,86579.4,25.81603827
2026-09-23 06:45:00,86579.4,86579.4,86449.0,86474.5,34.5974254
2026-09-23 07:00:00,86477.3,86477.3,86323.3,86371.7,45.37812349
2026-09-23 07:15:00,86371.7,86452.6,86314.3,86416.6,32.26065672
2026-09-23 07:30:00,86426.9,86429.8,86000.5,86068.1,128.31043637
2026-09-23 07:45:00,86070.4,86231.2,86051.7,86133.3,115.73470093
2026-09-23 08:00:00,86133.5,86257.7,86093.0,86191.2,40.74751765
2026-09-23 08:15:00,86191.2,86279.9,86152.4,86164.4,37.64230904
2026-09-23 08:30:00,86164.4,86228.5,86084.4,86100.0,60.64846831
2026-09-23 08:45:00,86100.0,86100.1,85700.0,85912.7,185.30036668
2026-09-23 09:00:00,85912.7,86020.0,85882.9,85954.6,41.01730466
2026-09-23 09:15:00,85954.6,86038.6,85861.6,85903.0,52.37118469
2026-09-23 09:30:00,85903.1,85946.3,85796.7,85806.7,21.10331216
2026-09-23 09:45:00,85805.6,85930.1,85740.7,85861.7,46.39933438
2026-09-23 10:00:00,85861.8,85937.9,85822.6,85855.8,23.24305232
2026-09-23 10:15:00,85855.5,85855.5,85656.6,85799.9,86.35450374
2026-09-23 10:30:00,85800.0,85884.2,85740.2,85881.8,46.37920449
2026-09-23 10:45:00,85881.7,85931.5,85828.8,85924.0,35.58782561
2026-09-23 11:00:00,85926.7,85979.9,85703.1,85755.6,49.34558612
2026-09-23 11:15:00,85755.7,85763.1,85440.8,85510.5,59.375289120000005
2026-09-23 11:30:00,85514.5,85612.9,85449.6,85522.5,31.65360318
2026-09-23 11:45:00,85522.6,85685.0,85514.5,85658.7,34.88023455
2026-09-23 12:00:00,85658.7,85685.3,85465.7,85479.6,101.26237005
2026-09-23 12:15:00,85479.7,85534.0,85273.4,85493.0,113.46361229
2026-09-23 12:30:00,85492.9,85586.1,85465.3,85465.4,98.21723268
2026-09-23 12:45:00,85465.4,85560.0,85404.6,85506.0,24.56979487
2026-09-23 13:00:00,85505.7,85529.4,85289.2,85370.5,71.7975223
2026-09-23 13:15:00,85370.5,85597.0,85370.5,85557.3,45.39246123
2026-09-23 13:30:00,85557.3,85887.8,85527.9,85837.9,119.69203534
2026-09-23 13:45:00,85837.4,85849.5,85561.5,85798.0,78.82538986
2026-09-23 14:00:00,85798.0,85945.6,84550.9,84879.9,505.66836452
2026-09-23 14:15:00,84879.8,84884.5,83938.1,84045.5,838.64105363
2026-09-23 14:30:00,84039.3,84505.7,83856.4,84313.9,447.03513501
2026-09-23 14:45:00,84313.8,84581.3,84205.4,84534.9,170.90250176
2026-09-23 15:00:00,84534.9,84719.4,84464.0,84648.7,129.04807252
2026-09-23 15:15:00,84643.3,84798.5,84500.0,84506.6,100.38670989
2026-09-23 15:30:00,84506.6,84544.2,84283.0,84290.1,107.01589161
2026-09-23 15:45:00,84291.6,84345.5,83950.0,84000.1,209.57056339
2026-09-23 16:00:00,84000.1,84356.5,83500.2,84344.3,431.72794145
2026-09-23 16:15:00,84344.2,84356.5,84140.2,84237.6,89.72053732
2026-09-23 16:30:00,84233.7,84340.9,83942.3,84095.2,76.27519916
2026-09-23 16:45:00,84095.3,84147.8,83844.6,84047.2,121.42057496
2026-09-23 17:00:00,84047.3,84182.5,83717.1,83802.9,124.49359265
2026-09-23 17:15:00,83802.8,84222.2,83777.3,84065.3,57.82822634
2026-09-23 17:30:00,84065.2,84260.9,83984.9,84251.5,55.3441259
2026-09-23 17:45:00,84252.7,84340.9,84252.7,84323.5,70.41831952999999
2026-09-23 18:00:00,84322.1,84340.9,84158.2,84204.0,55.82904038
2026-09-23 18:15:00,84203.0,84273.2,84145.5,84149.4,33.05834987
2026-09-23 18:30:00,84149.3,84240.8,84131.9,84222.4,22.70018522
2026-09-23 18:45:00,84221.9,84408.8,84187.5,84323.8,42.86868546
2026-09-23 19:00:00,84323.9,84400.0,84211.9,84371.2,40.37060129
2026-09-23 19:15:00,84371.6,84457.0,84298.4,84414.2,39.76991067
2026-09-23 19:30:00,84414.3,84488.3,84384.9,84442.8,60.08444062
2026-09-23 19:45:00,84442.7,84567.8,84433.8,84510.4,147.00141108
2026-09-23 20:00:00,84510.4,84579.9,84280.8,84336.3,52.18066563000001
2026-09-23 20:15:00,84336.2,84405.1,84257.5,84313.3,16.41975118
2026-09-23 20:30:00,84314.1,84431.9,84298.1,84407.8,18.471247660000003
2026-09-23 20:45:00,84407.8,84418.9,84218.1,84239.8,18.48676371
2026-09-23 21:00:00,84239.9,84379.0,84208.2,84373.1,32.98052237
2026-09-23 21:15:00,84373.1,84422.6,84332.1,84422.6,19.22434181
2026-09-23 21:30:00,84422.6,84513.0,84419.2,84497.2,20.83626512
2026-09-23 21:45:00,84497.2,84516.0,84422.1,84422.1,20.87662302
2026-09-23 22:00:00,84421.9,84666.6,84349.0,84592.5,42.99448348
2026-09-23 22:15:00,84592.5,84602.8,84483.4,84483.4,32.42838743
2026-09-23 22:30:00,84483.4,84525.2,84395.8,84491.7,30.13558361
2026-09-23 22:45:00,84491.8,84627.9,84491.7,84565.0,15.68795776
2026-09-23 23:00:00,84565.0,84577.8,84476.5,84492.1,24.50750756
2026-09-23 23:15:00,84492.0,84517.4,84441.2,84495.5,31.28291399
2026-09-23 23:30:00,84495.4,84548.1,84458.7,84490.6,459.99778333
2026-09-23 23:45:00,84490.6,84498.5,84359.6,84399.5,74.00494981
2026-09-24 00:00:00,84399.5,84500.0,84301.9,84362.3,77.48341872
2026-09-24 00:15:00,84362.3,84446.0,84334.8,84340.2,215.79401395
2026-09-24 00:30:00,84340.2,84438.5,84265.3,84348.5,269.35816793000004
2026-09-24 00:45:00,84348.6,84374.3,84203.1,84316.1,107.22184298
2026-09-24 01:00:00,84315.9,84405.8,84243.8,84280.0,29.53005749
2026-09-24 01:15:00,84280.0,84340.9,84182.8,84226.5,27.57111371
2026-09-24 01:30:00,84226.6,84471.5,84081.2,84139.7,71.79070115
2026-09-24 01:45:00,84139.6,84189.5,84061.8,84104.5,37.93242527
2026-09-24 02:00:00,84107.1,84128.2,83733.4,83945.4,139.47088337
2026-09-24 02:15:00,83945.4,84260.8,83945.4,84161.9,112.03295092
2026-09-24 02:30:00,84161.9,84340.9,84138.2,84333.5,53.07801296
2026-09-24 02:45:00,84333.1,84375.0,84326.5,84358.7,16.56784617
2026-09-24 03:00:00,84358.8,84477.8,84246.2,84343.8,50.91572895
2026-09-24 03:15:00,84343.8,84373.9,83979.7,84057.2,60.46821811
2026-09-24 03:30:00,84057.2,84057.2,83867.2,84011.9,55.33781906
2026-09-24 03:45:00,84012.0,84027.8,83842.4,83936.9,53.24925001
2026-09-24 04:00:00,83936.9,83965.8,83808.1,83829.1,60.87141633
2026-09-24 04:15:00,83829.9,83951.9,83784.7,83951.9,25.79403236
2026-09-24 04:30:00,83940.3,83942.2,83855.8,83884.1,25.13743401
2026-09-24 04:45:00,83884.1,84066.3,83786.4,84050.7,52.86860096
2026-09-24 05:00:00,84050.7,84406.8,84049.9,84208.0,138.04428206
2026-09-24 05:15:00,84205.8,84248.3,84130.4,84187.7,30.74808879
2026-09-24 05:30:00,84187.7,84260.2,84100.1,84196.1,48.63721828
2026-09-24 05:45:00,84196.1,84253.1,83942.3,83969.1,91.79219262
2026-09-24 06:00:00,83969.9,84157.4,83900.8,84133.5,77.02915598
2026-09-24 06:15:00,84135.5,84219.2,84067.6,84199.2,35.15091703
2026-09-24 06:30:00,84199.2,84237.8,84159.6,84198.1,49.43861984
2026-09-24 06:45:00,84198.2,84208.8,84086.1,84107.3,23.09818428
2026-09-24 07:00:00,84107.2,84164.0,83928.7,84093.0,156.38974964
2026-09-24 07:15:00,84092.9,84409.9,84059.5,84409.9,273.90693332
2026-09-24 07:30:00,84409.9,84574.6,84377.6,84433.0,142.08758509
2026-09-24 07:45:00,84431.2,84628.2,84375.0,84528.4,310.61327432
2026-09-24 08:00:00,84528.4,84628.1,84396.7,84403.9,77.77723651
2026-09-24 08:15:00,84403.9,84455.5,83788.1,83788.1,86.89296465000001
2026-09-24 08:30:00,83788.1,83980.5,83631.5,83738.7,104.55884199
2026-09-24 08:45:00,83737.6,83778.4,83236.2,83665.3,244.86234173
2026-09-24 09:00:00,83665.4,83749.9,83458.9,83468.0,83.93299319
2026-09-24 09:15:00,83468.1,83532.4,83334.5,83371.4,60.55943024
2026-09-24 09:30:00,83371.4,83371.4,82874.5,83169.9,317.80959463
2026-09-24 09:45:00,83169.9,83278.6,83034.8,83263.7,114.23944705
2026-09-24 10:00:00,83263.7,83392.3,83153.8,83302.8,104.12452055
2026-09-24 10:15:00,83302.8,83373.1,83168.2,83265.0,86.94243731
2026-09-24 10:30:00,83265.0,83444.4,83164.8,83397.6,57.19562171
2026-09-24 10:45:00,83397.6,83567.8,83371.4,83513.6,114.3175934
2026-09-24 11:00:00,83513.6,83600.0,83500.0,83559.1,99.30548868
2026-09-24 11:15:00,83563.8,83623.4,83501.3,83516.2,97.03889139
2026-09-24 11:30:00,83516.0,83552.4,83407.5,83457.2,29.12229018
2026-09-24 11:45:00,83457.2,83546.3,83394.8,83490.2,30.35542811
2026-09-24 12:00:00,83490.2,83601.5,83390.4,83530.9,30.28174796
2026-09-24 12:15:00,83527.5,83670.9,83520.1,83545.2,40.97631008
2026-09-24 12:30:00,83545.2,83580.6,83340.9,83505.4,35.28175221
2026-09-24 12:45:00,83500.0,83655.3,83427.4,83603.1,26.16080493
2026-09-24 13:00:00,83603.2,83767.9,83599.1,83758.4,61.75230584
2026-09-24 13:15:00,83758.3,83961.2,83722.7,83781.5,94.07519964
2026-09-24 13:30:00,83781.4,84352.0,83750.6,83941.2,207.1843867
2026-09-24 13:45:00,83947.6,84256.7,83852.1,84256.2,104.48304464
2026-09-24 14:00:00,84256.3,84370.0,84136.1,84229.3,78.24892922000001
2026-09-24 14:15:00,84229.4,84944.4,84142.0,84875.5,188.44943755
2026-09-24 14:30:00,84875.5,84875.5,84388.3,84411.7,92.11291328
2026-09-24 14:45:00,84411.6,84411.6,83387.8,83669.9,243.36430163
2026-09-24 15:00:00,83668.5,83929.9,83501.8,83896.8,174.2183619
2026-09-24 15:15:00,83896.7,84247.7,83873.6,84121.7,93.12058754
2026-09-24 15:30:00,84122.2,84455.5,84097.2,84423.3,67.79832498
2026-09-24 15:45:00,84423.2,84474.1,84282.7,84419.6,77.55035706000001
2026-09-24 16:00:00,84419.6,84435.9,84040.0,84261.8,90.03286596000001
2026-09-24 16:15:00,84264.9,84842.9,84264.9,84712.9,171.12766839
2026-09-24 16:30:00,84715.6,84929.9,84439.4,84550.1,99.27634096
2026-09-24 16:45:00,84550.0,84715.1,84424.2,84494.7,44.4072159
2026-09-24 17:00:00,84494.7,84568.1,84370.0,84480.2,42.77688548
2026-09-24 17:15:00,84480.1,84550.0,84203.1,84331.5,60.7591714
2026-09-24 17:30:00,84331.6,84442.3,84140.4,84171.9,25.71743173
2026-09-24 17:45:00,84171.9,84228.0,84010.1,84113.9,24.28408
2026-09-24 18:00:00,84113.3,84263.1,83888.6,84254.9,51.81003627
2026-09-24 18:15:00,84254.9,84480.0,84244.6,84428.7,36.5621065
2026-09-24 18:30:00,84428.8,84553.9,84256.7,84420.0,41.39518141
2026-09-24 18:45:00,84420.0,84549.9,84360.6,84476.1,25.4899797
2026-09-24 19:00:00,84476.1,84631.4,84298.2,84592.5,49.02915527
2026-09-24 19:15:00,84592.5,84665.6,84541.4,84645.4,24.03100396
2026-09-24 19:30:00,84645.4,84645.5,84411.8,84445.6,69.27112819000001
2026-09-24 19:45:00,84444.2,84582.6,84300.0,84402.0,95.34647642
2026-09-24 20:00:00,84411.5,84447.4,84244.3,84258.9,83.8880839
2026-09-24 20:15:00,84252.6,84326.6,84175.8,84275.0,52.743688070000005
2026-09-24 20:30:00,84278.3,84410.0,84207.1,84386.0,38.20404259
2026-09-24 20:45:00,84386.1,84480.6,84266.2,84373.6,32.78237441
2026-09-24 21:00:00,84373.6,84407.3,84286.0,84328.6,24.86081629
2026-09-24 21:15:00,84326.9,84450.5,84326.8,84419.5,20.10462168
2026-09-24 21:30:00,84419.5,84505.9,84411.3,84483.0,25.99538895
2026-09-24 21:45:00,84482.6,84487.6,84337.3,84340.4,15.33303793
2026-09-24 22:00:00,84337.7,84373.8,84250.1,84327.3,36.88700558
2026-09-24 22:15:00,84327.4,84343.3,83945.3,84136.5,63.18506671
2026-09-24 22:30:00,84136.4,84198.8,84066.5,84144.4,14.13972809
2026-09-24 22:45:00,84143.0,84281.6,84137.8,84278.4,19.8901278
2026-09-24 23:00:00,84281.6,84372.7,84264.0,84296.6,26.11544864
2026-09-24 23:15:00,84296.7,84442.3,84289.6,84428.5,18.69694164
2026-09-24 23:30:00,84428.5,84472.9,84405.9,84405.9,11.43135874
2026-09-24 23:45:00,84406.0,84449.3,84375.4,84409.8,7.7937873
2026-09-25 00:00:00,84409.9,84715.5,84399.8,84659.0,65.38207322
2026-09-25 00:15:00,84658.9,84670.0,84550.1,84669.9,28.96677414
2026-09-25 00:30:00,84669.9,84679.6,84554.4,84600.9,37.29119162
2026-09-25 00:45:00,84600.8,84670.7,84562.4,84590.4,16.40535304
2026-09-25 01:00:00,84593.7,84793.9,84574.1,84700.0,50.76811777
2026-09-25 01:15:00,84699.7,84760.5,84509.7,84536.3,20.7171142
2026-09-25 01:30:00,84533.8,84537.7,84360.6,84472.8,24.815755940000003
2026-09-25 01:45:00,84472.8,84633.3,84472.8,84612.8,23.294777850000003
2026-09-25 02:00:00,84612.8,84879.6,84571.1,84831.4,49.61731947
2026-09-25 02:15:00,84831.4,84888.0,84650.3,84693.8,34.25348872
2026-09-25 02:30:00,84693.7,84729.4,84407.3,84483.4,31.97746127
2026-09-25 02:45:00,84483.3,84483.4,84179.0,84229.0,65.97139068999999
2026-09-25 03:00:00,84230.5,84336.0,84179.1,84262.7,44.17080683
2026-09-25 03:15:00,84265.7,84340.7,84150.0,84154.2,28.35182784
2026-09-25 03:30:00,84154.3,84392.1,84068.2,84209.7,40.35468259
2026-09-25 03:45:00,84209.7,84246.0,84142.0,84239.7,21.92307071
2026-09-25 04:00:00,84239.8,84241.8,84068.1,84068.1,35.35493245
2026-09-25 04:15:00,84068.1,84175.7,84062.0,84133.9,23.49827481
2026-09-25 04:30:00,84133.9,84300.0,84133.9,84282.7,20.58062878
2026-09-25 04:45:00,84282.7,84293.3,84174.7,84215.5,28.12466677
2026-09-25 05:00:00,84215.6,84266.0,84162.1,84162.1,13.43639469
2026-09-25 05:15:00,84162.0,84276.4,84096.3,84191.0,20.22403057
2026-09-25 05:30:00,84191.1,84350.0,84118.7,84269.1,29.44090831
2026-09-25 05:45:00,84269.0,84297.9,84196.8,84196.8,6.66369099
2026-09-25 06:00:00,84196.9,84240.1,83972.3,84121.3,53.61951356
2026-09-25 06:15:00,84121.4,84289.5,84054.8,84101.9,44.39622636
2026-09-25 06:30:00,84101.9,84109.6,83937.2,84036.2,29.88340603
2026-09-25 06:45:00,84036.2,84080.3,84009.9,84040.4,20.1659893
2026-09-25 07:00:00,84040.4,84062.0,83753.9,83821.9,62.65544562
2026-09-25 07:15:00,83822.0,84055.1,83812.1,84048.2,23.94178853
2026-09-25 07:30:00,84048.3,84102.8,83817.9,83916.5,147.92629784000002
2026-09-25 07:45:00,83916.5,84079.8,83888.0,84037.3,161.56222233
2026-09-25 08:00:00,84037.3,84180.7,84025.5,84114.4,40.86259399
2026-09-25 08:15:00,84114.4,84509.9,84114.4,84419.6,126.62424908
2026-09-25 08:30:00,84423.1,84453.5,84316.4,84316.4,44.45383338
2026-09-25 08:45:00,84316.5,84471.4,84289.6,84420.7,34.32390234
2026-09-25 09:00:00,84420.7,84728.5,84420.6,84593.6,67.32460541
2026-09-25 09:15:00,84591.2,84834.0,84541.0,84808.0,132.02719355
2026-09-25 09:30:00,84807.9,84857.3,84593.0,84626.1,57.68570298
2026-09-25 09:45:00,84626.2,84651.1,84567.9,84569.2,28.41493236
2026-09-25 10:00:00,84569.2,84569.2,84394.3,84496.1,56.9432033
2026-09-25 10:15:00,84496.1,84748.9,84448.2,84723.7,53.70508942
2026-09-25 10:30:00,84723.8,84823.9,84660.9,84785.2,36.36276218
2026-09-25 10:45:00,84785.3,84871.9,84706.4,84724.0,41.15653339
2026-09-25 11:00:00,84724.0,85244.4,84702.1,85235.8,157.25963768
2026-09-25 11:15:00,85235.8,85258.8,84850.0,84938.2,96.69649993
2026-09-25 11:30:00,84943.4,84985.2,84711.3,84727.0,50.54625979
2026-09-25 11:45:00,84727.6,84751.6,84580.6,84580.7,42.19751466
2026-09-25 12:00:00,84580.7,84715.4,84210.3,84372.8,80.66667028
2026-09-25 12:15:00,84372.7,84406.1,83900.0,84405.2,141.63515165
2026-09-25 12:30:00,84406.0,84551.2,84333.3,84441.1,60.91406519
2026-09-25 12:45:00,84441.1,84579.8,84344.8,84471.5,42.33443533
2026-09-25 13:00:00,84471.5,84574.7,84336.3,84453.4,33.06397938
2026-09-25 13:15:00,84453.4,84568.3,84109.9,84109.9,58.85088983
2026-09-25 13:30:00,84109.9,84340.9,83804.4,84016.6,199.86640454
2026-09-25 13:45:00,84019.1,84125.0,83525.9,83934.0,237.35231832
2026-09-25 14:00:00,83933.9,84027.9,83174.7,83592.4,284.96821602
2026-09-25 14:15:00,83585.4,83804.7,83455.7,83662.5,107.3694924
2026-09-25 14:30:00,83666.7,83935.2,83658.1,83689.4,71.87941167
2026-09-25 14:45:00,83687.7,84034.2,83567.9,84013.0,77.89274748
2026-09-25 15:00:00,84013.1,84099.8,83759.2,83999.9,61.23200633
2026-09-25 15:15:00,84001.6,84005.0,83740.1,83772.0,61.94566487
2026-09-25 15:30:00,83772.0,83904.0,83463.9,83481.2,125.46405887
2026-09-25 15:45:00,83481.2,83800.0,83365.7,83800.0,77.63509291
2026-09-25 16:00:00,83800.0,84090.0,83800.0,84019.1,120.82062441
2026-09-25 16:15:00,84020.4,84117.6,83919.9,83982.1,55.95619141
2026-09-25 16:30:00,83982.1,84040.7,83821.4,83898.5,90.25271151
2026-09-25 16:45:00,83898.5,83907.0,83713.6,83750.2,34.39120615
2026-09-25 17:00:00,83750.2,83967.8,83750.2,83957.6,51.7894948
2026-09-25 17:15:00,83957.6,83980.2,83687.0,83687.0,37.62347573
2026-09-25 17:30:00,83686.9,83836.3,83620.7,83802.2,41.67258139
2026-09-25 17:45:00,83802.2,83817.1,83704.6,83741.1,12.42836375
2026-09-25 18:00:00,83783.1,84022.4,83783.1,83997.7,36.26926166
2026-09-25 18:15:00,83997.7,84081.9,83898.0,83967.0,28.196574310000003
2026-09-25 18:30:00,83967.0,84026.7,83910.9,83985.0,22.14693787
2026-09-25 18:45:00,83986.8,84008.3,83937.0,83966.6,24.5136937
2026-09-25 19:00:00,83969.0,84057.9,83928.5,84050.7,22.60680677
2026-09-25 19:15:00,84051.3,84053.1,83948.3,84010.4,19.56924335
2026-09-25 19:30:00,84010.3,84079.4,83946.0,83990.9,20.82916626
2026-09-25 19:45:00,83990.9,84075.0,83985.1,84013.2,27.06176368
2026-09-25 20:00:00,84013.3,84048.0,83943.2,83971.8,20.1005099
2026-09-25 20:15:00,83971.7,84103.6,83971.5,84063.0,13.13650411
2026-09-25 20:30:00,84063.0,84186.8,84040.3,84124.3,26.92908562
2026-09-25 20:45:00,84124.3,84124.3,83843.6,83877.9,47.65412628
2026-09-25 21:00:00,83877.9,83927.0,83650.0,83695.4,32.16862661
2026-09-25 21:15:00,83695.4,83778.1,83633.2,83778.0,29.53116929
2026-09-25 21:30:00,83778.1,83839.3,83714.7,83818.0,12.67248707
2026-09-25 21:45:00,83818.0,83885.7,83781.5,83800.5,10.70837251
2026-09-25 22:00:00,83800.5,83936.3,83771.4,83936.3,8.210405640000001
2026-09-25 22:15:00,83936.3,83976.7,83905.9,83913.3,14.66261261
2026-09-25 22:30:00,83911.4,84096.9,83911.4,84081.3,17.77440475
2026-09-25 22:45:00,84081.3,84129.0,84058.7,84073.2,17.26585017
2026-09-25 23:00:00,84073.2,84111.2,84062.0,84065.4,6.86054453
2026-09-25 23:15:00,84071.6,84094.3,84018.6,84094.3,28.80134864
2026-09-25 23:30:00,84094.3,84097.8,84074.8,84078.0,9.35959473
2026-09-25 23:45:00,84078.0,84099.0,84031.5,84099.0,20.71738552
2026-09-26 00:00:00,84099.0,84139.5,84047.2,84075.7,22.90680212
2026-09-26 00:15:00,84075.7,84087.8,83916.0,83950.5,18.19847257
2026-09-26 00:30:00,83950.5,83950.6,83791.1,83882.2,32.00036288
2026-09-26 00:45:00,83882.3,83955.0,83882.2,83911.5,5.77829516
2026-09-26 01:00:00,83911.6,83983.3,83905.4,83942.5,21.58138905
2026-09-26 01:15:00,83942.5,83991.5,83925.8,83947.2,11.61686948
2026-09-26 01:30:00,83947.2,84081.0,83942.9,84049.3,13.41203645
2026-09-26 01:45:00,84049.2,84086.9,84032.3,84081.4,15.35200077
2026-09-26 02:00:00,84081.4,84135.7,83990.6,84133.1,13.20840789
2026-09-26 02:15:00,84133.2,84137.7,84032.4,84032.5,15.99557898
2026-09-26 02:30:00,84032.4,84058.1,84000.0,84013.4,19.06033996
2026-09-26 02:45:00,84013.4,84065.8,84010.2,84012.6,8.35702832
2026-09-26 03:00:00,84012.6,84018.0,83925.6,83951.4,11.74337226
2026-09-26 03:15:00,83951.4,84037.6,83921.4,84018.8,25.75736484
2026-09-26 03:30:00,84018.8,84057.8,83956.1,83956.2,9.87362472
2026-09-26 03:45:00,83956.1,83966.7,83941.5,83944.0,4.26467368
2026-09-26 04:00:00,83944.1,84022.5,83944.0,83987.0,12.38415534
2026-09-26 04:15:00,83987.0,84050.0,83897.6,83898.6,15.60249509
2026-09-26 04:30:00,83898.6,83991.6,83829.4,83991.2,17.17101296
2026-09-26 04:45:00,83987.2,83997.3,83971.7,83991.2,4.02097956
2026-09-26 05:00:00,83991.3,84010.0,83942.8,83975.2,5.69473847
2026-09-26 05:15:00,83975.1,83996.7,83903.8,83937.1,7.33376921
2026-09-26 05:30:00,83937.0,83976.3,83900.0,83975.8,26.48404237
2026-09-26 05:45:00,83975.9,83994.6,83912.8,83932.0,11.74386759
2026-09-26 06:00:00,83932.5,83940.2,83900.0,83903.0,11.86710851
2026-09-26 06:15:00,83903.0,83944.5,83882.2,83944.5,15.15381832
2026-09-26 06:30:00,83944.4,83981.5,83903.5,83923.2,17.266260029999998
2026-09-26 06:45:00,83923.1,83944.5,83893.4,83900.6,9.75307619
2026-09-26 07:00:00,83900.6,84027.7,83900.6,84016.5,11.53393973
2026-09-26 07:15:00,84016.4,84030.0,84000.0,84014.6,5.07978511
2026-09-26 07:30:00,84014.6,84079.9,84014.5,84050.0,70.65077216
2026-09-26 07:45:00,84050.0,84148.9,84049.9,84126.1,90.83490954
2026-09-26 08:00:00,84126.1,84126.1,84052.1,84077.6,22.97867965
2026-09-26 08:15:00,84078.5,84110.4,84035.9,84110.3,14.06781527
2026-09-26 08:30:00,84110.4,84340.2,84110.3,84300.1,110.55666883
2026-09-26 08:45:00,84300.2,84300.2,84212.6,84212.7,18.3333544
2026-09-26 09:00:00,84212.7,84225.4,83980.0,84017.3,43.79492915
2026-09-26 09:15:00,84017.2,84046.0,83967.8,84035.1,36.8125407
2026-09-26 09:30:00,84034.6,84053.6,83982.4,84033.3,10.36991483
2026-09-26 09:45:00,84030.5,84041.7,84000.1,84036.3,16.34061671
2026-09-26 10:00:00,84030.9,84128.8,84030.8,84116.2,13.8267974
2026-09-26 10:15:00,84115.4,84191.8,84115.3,84151.5,38.12066901
2026-09-26 10:30:00,84151.6,84176.7,84123.6,84158.2,39.45887259
2026-09-26 10:45:00,84158.2,84188.1,84135.8,84186.6,16.48251949
2026-09-26 11:00:00,84186.6,84191.9,84131.0,84179.4,14.38774324
2026-09-26 11:15:00,84179.4,84210.2,84161.5,84176.0,5.23654803
2026-09-26 11:30:00,84177.5,84199.7,84163.8,84180.0,12.56711867
2026-09-26 11:45:00,84179.9,84194.0,84171.9,84171.9,6.88302816
2026-09-26 12:00:00,84171.9,84195.4,84110.0,84144.7,20.43866226
2026-09-26 12:15:00,84140.0,84199.4,84100.1,84100.2,10.38203324
2026-09-26 12:30:00,84100.2,84131.2,84045.7,84056.0,8.52737946
2026-09-26 12:45:00,84056.0,84075.2,84045.5,84049.9,18.72452944
2026-09-26 13:00:00,84049.6,84132.1,83964.4,84004.3,32.3890204
2026-09-26 13:15:00,84005.6,84038.0,83856.2,83939.6,49.84490388
2026-09-26 13:30:00,83939.7,83944.5,83865.2,83937.7,20.43616375
2026-09-26 13:45:00,83937.7,83986.3,83920.3,83953.2,25.49291119
2026-09-26 14:00:00,83953.3,83988.2,83920.0,83966.8,13.1770512
2026-09-26 14:15:00,83966.8,83989.0,83960.5,83989.0,13.57127059
2026-09-26 14:30:00,83991.6,84046.2,83991.6,84021.4,21.73091732
2026-09-26 14:45:00,84023.8,84055.6,84007.0,84021.7,9.31124378
2026-09-26 15:00:00,84024.6,84047.3,84009.9,84024.7,57.95844706
2026-09-26 15:15:00,84024.7,84060.1,84009.1,84060.1,15.012905170000002
2026-09-26 15:30:00,84060.1,84191.4,84060.1,84134.7,23.88638776
2026-09-26 15:45:00,84134.7,84156.3,84079.6,84156.2,38.60919147
2026-09-26 16:00:00,84156.3,84160.9,84109.7,84129.0,82.14180126
2026-09-26 16:15:00,84129.0,84150.6,84092.6,84109.0,45.92865601
2026-09-26 16:30:00,84108.9,84167.7,84108.9,84151.9,14.02143062
2026-09-26 16:45:00,84152.0,84169.3,84096.5,84118.8,86.40222178
2026-09-26 17:00:00,84118.9,84139.1,84055.6,84094.3,43.9980367
2026-09-26 17:15:00,84094.2,84094.2,84055.0,84064.1,109.76714314
2026-09-26 17:30:00,84064.4,84108.7,84037.1,84108.7,96.48851406
2026-09-26 17:45:00,84108.6,84140.6,84105.5,84139.4,11.46255539
2026-09-26 18:00:00,84139.4,84173.2,84100.0,84100.0,40.28372011
2026-09-26 18:15:00,84100.0,84100.1,84057.6,84071.7,5.3936799
2026-09-26 18:30:00,84071.7,84087.9,84005.4,84020.4,61.1714005
2026-09-26 18:45:00,84020.5,84026.1,83990.6,83999.0,82.36151326
2026-09-26 19:00:00,84007.4,84059.2,84007.4,84029.4,56.17776285
2026-09-26 19:15:00,84029.4,84059.1,84018.7,84049.0,71.07683639
2026-09-26 19:30:00,84049.0,84052.3,83980.0,84018.9,27.5075899
2026-09-26 19:45:00,84019.0,84038.2,84002.5,84025.4,4.63714225
2026-09-26 20:00:00,84025.5,84073.4,83994.9,84017.9,12.00963146
2026-09-26 20:15:00,84018.0,84101.0,84017.9,84084.8,124.0614555
2026-09-26 20:30:00,84084.8,84093.2,83871.1,83892.2,38.57481655
2026-09-26 20:45:00,83892.2,84052.4,83818.0,84035.5,33.60950049
2026-09-26 21:00:00,84035.5,84121.0,84033.6,84121.0,20.37059227
2026-09-26 21:15:00,84121.0,84211.9,84095.6,84211.8,15.91364866
2026-09-26 21:30:00,84211.9,84271.4,84151.5,84178.0,16.97397556
2026-09-26 21:45:00,84178.0,84178.1,84114.3,84158.5,14.417900329999998
2026-09-26 22:00:00,84158.6,84426.2,84158.5,84349.1,61.88022993
2026-09-26 22:15:00,84349.2,84366.9,84246.0,84349.7,25.081039420000003
2026-09-26 22:30:00,84349.7,84349.9,84264.6,84265.5,16.32598609
2026-09-26 22:45:00,84265.5,84345.0,84265.5,84283.2,13.37035774
2026-09-26 23:00:00,84283.3,84381.6,84283.2,84362.8,7.741861210000001
2026-09-26 23:15:00,84362.8,84444.2,84333.6,84380.4,30.87954344
2026-09-26 23:30:00,84380.5,84436.3,84349.5,84351.6,19.8975694
2026-09-26 23:45:00,84352.8,84477.9,84351.6,84439.9,11.9521392
2026-09-27 00:00:00,84439.9,84450.0,84318.6,84321.8,17.36688168
2026-09-27 00:15:00,84321.8,84324.0,84258.7,84260.4,16.4383435
2026-09-27 00:30:00,84260.4,84383.5,84260.4,84339.3,35.75442656
2026-09-27 00:45:00,84339.3,84343.1,84295.0,84301.5,13.17949291
2026-09-27 01:00:00,84301.5,84387.0,84276.5,84387.0,17.23296808
2026-09-27 01:15:00,84387.0,84409.8,84328.5,84328.5,10.30966912
2026-09-27 01:30:00,84328.5,84404.0,84303.0,84404.0,7.72230633
2026-09-27 01:45:00,84404.0,84571.4,84404.0,84489.3,47.22091065000001
2026-09-27 02:00:00,84489.3,84539.3,84450.7,84491.9,18.253671
2026-09-27 02:15:00,84489.8,84545.0,84459.4,84502.7,14.67751027
2026-09-27 02:30:00,84502.7,84537.4,84469.4,84472.3,4.35875864
2026-09-27 02:45:00,84472.2,84483.3,84442.7,84450.1,11.22867605
2026-09-27 03:00:00,84450.1,84515.9,84450.0,84481.1,9.81800889
2026-09-27 03:15:00,84481.0,84481.1,84375.2,84393.1,7.27786382
2026-09-27 03:30:00,84393.1,84440.9,84388.3,84404.9,7.68567934
2026-09-27 03:45:00,84404.9,84418.0,84368.0,84393.8,6.23575326
2026-09-27 04:00:00,84393.4,84504.2,84388.8,84484.7,6.09563814
2026-09-27 04:15:00,84484.6,84495.8,84415.3,84415.3,8.64957639
2026-09-27 04:30:00,84415.3,84415.3,84313.0,84313.0,9.8299426
2026-09-27 04:45:00,84313.1,84362.2,84304.3,84336.8,8.80061384
2026-09-27 05:00:00,84335.0,84400.0,84321.5,84391.8,6.53628753
2026-09-27 05:15:00,84392.1,84400.0,84386.3,84386.4,3.40029195
2026-09-27 05:30:00,84386.3,84650.0,84386.3,84546.4,51.85951984
2026-09-27 05:45:00,84546.4,84574.1,84474.6,84474.7,14.11793545
2026-09-27 06:00:00,84474.7,84601.1,84474.7,84598.5,10.20867247
2026-09-27 06:15:00,84598.6,84636.0,84536.2,84595.9,16.47570175
2026-09-27 06:30:00,84595.9,84602.7,84513.3,84529.3,14.99391689
2026-09-27 06:45:00,84529.2,84567.5,84474.3,84517.6,6.96163909
2026-09-27 07:00:00,84516.8,84546.5,84514.3,84537.4,20.40747933
2026-09-27 07:15:00,84537.5,84543.6,84483.1,84519.3,22.27842948
2026-09-27 07:30:00,84519.3,84632.2,84519.3,84614.7,30.74054934
2026-09-27 07:45:00,84614.7,84790.0,84606.9,84789.5,35.00462192
2026-09-27 08:00:00,84789.5,84855.9,84719.2,84809.0,80.38926013
2026-09-27 08:15:00,84809.0,84871.3,84755.5,84807.0,66.60548131
2026-09-27 08:30:00,84807.1,84885.0,84688.4,84744.3,66.73116820999999
2026-09-27 08:45:00,84744.3,84820.6,84707.8,84791.7,77.87684455
2026-09-27 09:00:00,84791.6,84801.7,84587.1,84658.9,38.53628716
2026-09-27 09:15:00,84658.8,84702.4,84625.7,84701.4,121.16866473
2026-09-27 09:30:00,84701.5,84799.7,84699.1,84799.7,12.48272783
2026-09-27 09:45:00,84799.7,84954.1,84799.7,84953.5,42.5572452
2026-09-27 10:00:00,84953.5,85045.8,84894.1,85039.8,116.2942588
2026-09-27 10:15:00,85039.0,85114.3,84901.2,84926.0,70.26647913000001
2026-09-27 10:30:00,84926.0,84933.2,84851.8,84851.9,15.08212109
2026-09-27 10:45:00,84851.9,84913.2,84799.9,84875.4,23.33320117
2026-09-27 11:00:00,84873.1,84940.7,84838.7,84910.8,40.8822921
2026-09-27 11:15:00,84910.8,84959.1,84847.0,84893.1,23.40919594
2026-09-27 11:30:00,84893.1,84917.2,84827.3,84917.2,15.04728812
2026-09-27 11:45:00,84917.1,84920.5,84844.6,84891.9,13.44999295
2026-09-27 12:00:00,84892.6,85008.0,84892.6,84998.5,14.8229161
2026-09-27 12:15:00,84998.5,85031.9,84946.6,84959.9,16.97131114
2026-09-27 12:30:00,84959.9,85005.5,84951.2,84982.4,11.75188726
2026-09-27 12:45:00,84982.4,84988.5,84754.6,84787.4,42.708624400000005
2026-09-27 13:00:00,84787.4,84805.9,84627.5,84645.1,76.61704112999999
2026-09-27 13:15:00,84648.4,84944.5,84648.3,84933.0,17.37885174
2026-09-27 13:30:00,84933.7,85199.8,84787.7,84795.0,77.41255618
2026-09-27 13:45:00,84797.1,85037.7,84739.2,85026.9,69.00523290000001
2026-09-27 14:00:00,85030.8,85049.1,84910.8,84992.0,38.09646778
2026-09-27 14:15:00,84992.1,85024.1,84677.2,84702.1,47.06595248
2026-09-27 14:30:00,84702.1,84801.7,84670.4,84732.6,31.9513443
2026-09-27 14:45:00,84732.4,84749.8,84420.4,84526.3,74.37718737
2026-09-27 15:00:00,84526.2,84586.8,84360.0,84505.3,79.03831714
2026-09-27 15:15:00,84510.0,84620.4,84441.4,84618.9,44.02995804
2026-09-27 15:30:00,84617.8,84647.5,84428.6,84435.1,32.91378683
2026-09-27 15:45:00,84439.4,84513.6,84400.8,84464.7,39.97640086
2026-09-27 16:00:00,84464.8,84595.2,84460.5,84566.1,49.19800777
2026-09-27 16:15:00,84566.2,84700.0,84503.0,84573.5,61.33229299
2026-09-27 16:30:00,84572.5,84572.5,84375.1,84398.3,25.80510962
2026-09-27 16:45:00,84398.3,84456.1,84382.4,84438.2,34.5023807
2026-09-27 17:00:00,84438.2,84481.8,84339.5,84394.0,48.11182291
2026-09-27 17:15:00,84394.0,84465.0,84394.0,84436.7,11.38584143
2026-09-27 17:30:00,84436.7,84531.0,84436.7,84486.4,12.89740906
2026-09-27 17:45:00,84486.4,84574.7,84486.3,84574.6,3.34364922
2026-09-27 18:00:00,84574.6,84607.6,84556.4,84607.6,12.97821823
2026-09-27 18:15:00,84607.5,84748.2,84607.5,84745.9,22.07863796
2026-09-27 18:30:00,84747.8,84780.1,84676.3,84769.7,10.15905119
2026-09-27 18:45:00,84769.6,84827.4,84702.3,84823.2,13.36689917
2026-09-27 19:00:00,84822.6,84860.1,84705.2,84794.5,45.58525697
2026-09-27 19:15:00,84794.5,84853.2,84686.9,84716.5,16.49395269
2026-09-27 19:30:00,84714.1,84805.9,84663.9,84781.8,18.91159366
2026-09-27 19:45:00,84785.5,84827.5,84734.0,84739.0,5.80262319
2026-09-27 20:00:00,84739.0,84825.2,84738.3,84824.2,6.5431918300000005
2026-09-27 20:15:00,84824.2,84825.2,84615.2,84623.5,15.85865822
2026-09-27 20:30:00,84623.5,84651.4,84583.3,84639.6,21.13763849
2026-09-27 20:45:00,84639.6,84639.6,84552.2,84553.0,28.91697406
2026-09-27 21:00:00,84553.1,84695.0,84553.0,84694.1,11.33594858
2026-09-27 21:15:00,84694.1,84727.1,84610.5,84610.5,15.26007353
2026-09-27 21:30:00,84610.5,84641.0,84461.9,84552.6,40.48626096
2026-09-27 21:45:00,84552.7,84701.5,84552.7,84685.1,15.92835974
2026-09-27 22:00:00,84685.2,84763.3,84259.6,84331.4,64.94872626
2026-09-27 22:15:00,84331.4,84577.5,84274.6,84551.2,13.33541842
2026-09-27 22:30:00,84551.1,84551.1,84178.7,84185.2,66.17675347
2026-09-27 22:45:00,84181.0,84244.7,84135.7,84195.5,28.5149706
2026-09-27 23:00:00,84199.9,84308.6,84125.0,84222.4,29.10057538
2026-09-27 23:15:00,84221.6,84453.5,84204.4,84403.9,20.33649519
2026-09-27 23:30:00,84403.8,84479.9,84335.6,84335.7,93.42553595
2026-09-27 23:45:00,84335.7,84538.0,84335.7,84479.0,31.19979088
2026-09-28 00:00:00,84479.1,84574.7,84377.4,84441.0,26.57714859
2026-09-28 00:15:00,84440.0,85000.0,84423.4,84797.1,182.95386143
2026-09-28 00:30:00,84793.8,84800.5,84207.0,84312.8,99.90299506
2026-09-28 00:45:00,84312.9,84629.0,84142.9,84142.9,98.66086156
2026-09-28 01:00:00,84142.8,84232.1,83930.5,83965.4,154.7346146
2026-09-28 01:15:00,83965.4,84173.1,83895.0,84085.1,58.77070548
2026-09-28 01:30:00,84079.9,84159.7,83819.3,83819.3,51.57999834
2026-09-28 01:45:00,83819.3,83931.6,83619.6,83700.3,126.24347623
2026-09-28 02:00:00,83700.2,83788.8,83487.4,83752.1,104.99308292
2026-09-28 02:15:00,83752.2,83765.8,83562.5,83639.4,45.32708674
2026-09-28 02:30:00,83640.1,83649.8,83431.4,83500.3,112.33002668
2026-09-28 02:45:00,83500.3,83549.0,83408.9,83435.6,78.98766016
2026-09-28 03:00:00,83436.0,83549.0,83392.3,83439.3,36.02116224
2026-09-28 03:15:00,83439.3,83526.7,83309.4,83339.1,86.00918501
2026-09-28 03:30:00,83334.6,83505.0,83219.2,83454.0,94.25045725
2026-09-28 03:45:00,83451.2,83491.5,83322.1,83350.9,56.51252443
2026-09-28 04:00:00,83350.9,83449.0,83247.2,83435.1,46.61033835
2026-09-28 04:15:00,83435.0,83523.0,83368.6,83481.8,28.49439124
2026-09-28 04:30:00,83481.8,83529.1,83436.8,83500.0,13.70069659
2026-09-28 04:45:00,83500.1,83521.4,83444.0,83492.1,13.95125561
2026-09-28 05:00:00,83492.2,83537.2,83258.0,83331.6,42.03707766
2026-09-28 05:15:00,83331.6,83355.2,83030.0,83086.6,123.65386138
2026-09-28 05:30:00,83086.6,83148.7,82716.8,83148.6,341.20648989000006
2026-09-28 05:45:00,83148.7,83201.9,83050.2,83180.0,64.25102841
2026-09-28 06:00:00,83180.0,83294.0,83143.5,83250.0,55.08434921
2026-09-28 06:15:00,83250.0,83263.0,83059.5,83060.6,53.59355039
2026-09-28 06:30:00,83060.5,83234.9,83044.3,83187.2,36.96981823
2026-09-28 06:45:00,83186.1,83231.2,83120.0,83170.5,31.8370188
2026-09-28 07:00:00,83170.5,83292.1,83060.1,83087.9,54.84416656
2026-09-28 07:15:00,83087.9,83166.4,82936.2,82948.6,45.58161634
2026-09-28 07:30:00,82951.5,83074.4,82919.9,82960.1,566.3289718
2026-09-28 07:45:00,82960.1,83153.8,82939.7,82973.6,561.40733346
2026-09-28 08:00:00,82973.5,83166.1,82925.7,83036.9,103.82483592
2026-09-28 08:15:00,83037.9,83057.6,82830.0,82858.2,46.60409619
2026-09-28 08:30:00,82858.2,82979.7,82800.0,82933.9,46.15151575
2026-09-28 08:45:00,82933.9,83035.7,82909.3,82967.2,77.80619044
2026-09-28 09:00:00,82967.2,83026.8,82610.6,82881.7,142.1656223
2026-09-28 09:15:00,82881.7,82979.0,82766.0,82832.0,78.90686233
2026-09-28 09:30:00,82832.0,82860.1,82606.2,82635.5,73.69433506
2026-09-28 09:45:00,82635.5,82791.2,82623.5,82679.0,36.57125826
2026-09-28 10:00:00,82679.1,82872.3,82679.1,82776.2,63.28981684
2026-09-28 10:15:00,82778.8,82863.3,82743.4,82822.1,46.2902681
2026-09-28 10:30:00,82822.1,82962.4,82779.4,82959.8,22.91906769
2026-09-28 10:45:00,82959.7,83049.3,82867.0,82958.3,82.88241325
2026-09-28 11:00:00,82958.4,83058.5,82958.4,82991.9,68.15369991
2026-09-28 11:15:00,82991.8,83080.0,82973.7,83023.1,49.22883694
2026-09-28 11:30:00,83023.2,83117.3,82986.1,83080.7,57.88497077
2026-09-28 11:45:00,83080.7,83096.5,82984.4,83087.8,57.04388568
2026-09-28 12:00:00,83087.7,83511.9,83012.6,83385.6,142.72545881000002
2026-09-28 12:15:00,83384.6,83483.6,83288.1,83376.2,79.78702493
2026-09-28 12:30:00,83376.3,83442.9,83275.1,83349.4,34.32449975
2026-09-28 12:45:00,83351.2,83640.6,83351.2,83584.9,155.11929437
2026-09-28 13:00:00,83586.2,83586.2,83317.7,83411.0,27.2652315
2026-09-28 13:15:00,83411.0,83565.9,83353.8,83565.9,31.900781010000003
2026-09-28 13:30:00,83566.0,83824.6,83400.0,83749.2,208.33796691
2026-09-28 13:45:00,83750.1,83830.8,83481.9,83648.5,103.21069668
2026-09-28 14:00:00,83649.0,83649.0,83328.0,83406.4,87.80562395
2026-09-28 14:15:00,83403.3,83603.6,83111.1,83235.1,107.75559287
2026-09-28 14:30:00,83235.1,83480.0,82867.5,82949.9,161.41159964000002
2026-09-28 14:45:00,82949.8,83065.8,82556.6,83027.3,156.12495369
2026-09-28 15:00:00,83027.4,83283.3,82933.4,82968.2,95.78909033
2026-09-28 15:15:00,82966.6,83132.4,82803.0,83080.0,98.03164787
2026-09-28 15:30:00,83081.9,83380.0,83019.5,83214.8,78.29673492
2026-09-28 15:45:00,83210.2,83400.0,83210.2,83371.1,46.5276462
2026-09-28 16:00:00,83369.9,83482.0,83259.0,83424.5,58.098712160000005
2026-09-28 16:15:00,83427.5,84187.0,83381.2,84017.1,304.18188344
2026-09-28 16:30:00,84018.0,84116.2,83683.7,83734.0,93.81211716
2026-09-28 16:45:00,83733.9,83789.2,83588.8,83729.4,50.04334309
2026-09-28 17:00:00,83730.9,84257.8,83566.1,84250.2,159.554406
2026-09-28 17:15:00,84250.2,84374.2,83883.1,83911.9,116.06999218
2026-09-28 17:30:00,83911.9,84033.0,83854.1,84011.6,31.43390947
2026-09-28 17:45:00,84011.6,84056.7,83844.5,83879.4,33.9594079
2026-09-28 18:00:00,83879.4,83982.1,83846.6,83982.0,22.14279389
2026-09-28 18:15:00,83982.0,84009.9,83900.5,83938.4,26.97670035
2026-09-28 18:30:00,83938.4,83962.6,83800.1,83875.2,21.98226961
2026-09-28 18:45:00,83875.5,84050.0,83811.8,84038.2,69.2224337
2026-09-28 19:00:00,84038.2,84048.8,83665.6,83725.3,55.99887639
2026-09-28 19:15:00,83723.1,83742.4,83634.5,83641.4,45.42317587
2026-09-28 19:30:00,83641.3,83657.4,83123.5,83314.9,125.92364331
2026-09-28 19:45:00,83314.9,83423.7,83276.7,83387.7,31.56228786
2026-09-28 20:00:00,83383.4,83614.7,83263.2,83578.3,42.49541588
2026-09-28 20:15:00,83578.2,83578.2,83468.8,83500.0,23.11906019
2026-09-28 20:30:00,83500.6,83586.4,83473.7,83495.8,9.15742767
2026-09-28 20:45:00,83495.8,83556.1,83440.5,83546.2,6.02452525
2026-09-28 21:00:00,83546.2,83665.6,83546.2,83580.2,21.0159661
2026-09-28 21:15:00,83580.2,83586.0,83459.9,83464.4,6.38980624
2026-09-28 21:30:00,83471.4,83481.1,83394.8,83431.0,9.82200783
2026-09-28 21:45:00,83431.1,83445.0,83222.0,83226.0,34.76046193
2026-09-28 22:00:00,83226.1,83245.8,83107.6,83182.0,29.29740404
2026-09-28 22:15:00,83182.8,83249.9,83167.0,83246.2,11.82510127
2026-09-28 22:30:00,83246.2,83495.6,83246.1,83492.2,32.19270075
2026-09-28 22:45:00,83492.2,83550.0,83486.9,83549.9,16.62464013
2026-09-28 23:00:00,83550.0,83640.8,83451.0,83458.6,24.53195782
2026-09-28 23:15:00,83458.6,83596.3,83458.5,83596.3,9.97801385
2026-09-28 23:30:00,83596.3,83630.8,83579.0,83601.1,6.15581404
2026-09-28 23:45:00,83600.0,83602.7,83498.7,83500.1,10.46451855
2026-09-29 00:00:00,83500.1,83549.8,83457.7,83524.2,14.35219375
2026-09-29 00:15:00,83522.9,83554.0,83345.9,83546.5,28.48773746
2026-09-29 00:30:00,83549.6,83624.7,83465.4,83539.5,25.02527059
2026-09-29 00:45:00,83539.4,83539.4,83187.7,83192.3,69.86105214
2026-09-29 01:00:00,83192.2,83252.8,82990.5,83043.5,68.38704194
2026-09-29 01:15:00,83043.4,83051.7,82831.1,82831.2,95.91486076
2026-09-29 01:30:00,82831.1,83004.1,82778.1,82966.4,79.99374036
2026-09-29 01:45:00,82966.4,83118.3,82912.6,83058.5,40.09108217
2026-09-29 02:00:00,83058.5,83097.5,82920.0,83021.5,35.3345978
2026-09-29 02:15:00,83021.6,83157.9,82910.0,82977.1,33.23500143
2026-09-29 02:30:00,82983.3,83034.4,82898.1,83033.8,22.80517536
2026-09-29 02:45:00,83030.5,83121.1,82908.7,82974.3,72.64683153
2026-09-29 03:00:00,82974.3,83047.6,82908.7,82908.8,35.0520014
2026-09-29 03:15:00,82908.7,83216.1,82870.1,83212.3,50.44937091
2026-09-29 03:30:00,83211.9,83214.7,83117.5,83121.8,19.12513605
2026-09-29 03:45:00,83121.8,83177.0,83045.7,83077.9,13.16282626
2026-09-29 04:00:00,83078.0,83170.6,83031.5,83138.4,16.36255023
2026-09-29 04:15:00,83138.5,83301.0,83138.5,83220.1,26.22398228
2026-09-29 04:30:00,83220.1,83220.1,83108.7,83173.1,9.41580374
2026-09-29 04:45:00,83169.7,83214.2,83075.9,83204.5,14.06479566
2026-09-29 05:00:00,83204.5,83266.3,83174.8,83265.7,42.21534295
2026-09-29 05:15:00,83265.7,83350.1,83223.4,83319.9,21.94897524
2026-09-29 05:30:00,83319.8,83329.8,82975.0,83300.4,41.08867567
2026-09-29 05:45:00,83300.4,83434.3,83215.0,83434.3,41.65404587
2026-09-29 06:00:00,83434.3,83892.6,83416.9,83892.6,83.96958474
2026-09-29 06:15:00,83892.5,83913.1,83742.0,83882.6,64.96039796
2026-09-29 06:30:00,83882.6,83952.8,83839.9,83900.0,21.68047403
2026-09-29 06:45:00,83900.0,84008.0,83860.3,84003.0,70.91658845
2026-09-29 07:00:00,84003.0,84039.9,83871.4,83990.0,54.39970354
2026-09-29 07:15:00,83990.0,84072.3,83923.1,83994.9,34.72064217
2026-09-29 07:30:00,83998.4,84200.0,83963.1,84020.3,60.90855575
2026-09-29 07:45:00,84019.5,84070.0,83963.5,83979.9,40.67574189
2026-09-29 08:00:00,83983.1,84079.0,83972.5,84040.1,25.86184631
2026-09-29 08:15:00,84040.2,84366.5,84040.2,84167.8,60.190253160000005
2026-09-29 08:30:00,84167.8,84167.9,83839.3,83855.0,36.27436238
2026-09-29 08:45:00,83856.5,83885.1,83796.8,83874.5,22.47224561
2026-09-29 09:00:00,83874.5,83880.9,83767.0,83786.7,25.951139160000004
2026-09-29 09:15:00,83786.7,83909.6,83760.1,83847.0,31.00292908
2026-09-29 09:30:00,83847.1,84003.6,83837.9,84003.6,18.11140069
2026-09-29 09:45:00,84003.8,84323.4,83990.6,84251.7,43.04053697
2026-09-29 10:00:00,84251.7,84333.3,84159.7,84206.2,57.91683947999999
2026-09-29 10:15:00,84206.2,84215.0,84059.1,84151.9,20.43527623
2026-09-29 10:30:00,84151.9,84161.6,83992.6,84013.5,32.41087381
2026-09-29 10:45:00,84013.6,84077.9,83985.1,84029.0,16.65567177
2026-09-29 11:00:00,84029.0,84099.5,83934.5,84026.6,22.33074713
2026-09-29 11:15:00,84029.4,84084.1,83977.3,84069.8,44.24586398
2026-09-29 11:30:00,84070.0,84275.5,84059.0,84273.8,36.36238439
2026-09-29 11:45:00,84273.9,84497.9,84241.5,84350.6,87.94000505
2026-09-29 12:00:00,84350.6,84434.4,84295.7,84323.4,59.52882735
2026-09-29 12:15:00,84323.4,84493.1,84135.9,84212.4,108.91513789
2026-09-29 12:30:00,84215.2,84471.5,84199.3,84355.2,66.39005991
2026-09-29 12:45:00,84356.5,84397.8,84250.0,84329.3,31.76680446
2026-09-29 13:00:00,84329.3,84449.9,84250.2,84402.4,69.64182852
2026-09-29 13:15:00,84402.4,84557.8,84335.7,84360.2,64.75906724000001
2026-09-29 13:30:00,84360.2,84360.2,84022.0,84191.0,125.86688792
2026-09-29 13:45:00,84199.2,84458.2,84089.9,84204.4,71.86808759
2026-09-29 14:00:00,84208.9,84296.5,83874.3,83923.1,93.92786524
2026-09-29 14:15:00,83923.2,84091.9,83862.8,83936.7,53.59208426
2026-09-29 14:30:00,83937.0,84024.5,83770.9,83906.2,106.44584805
2026-09-29 14:45:00,83906.2,84011.6,83696.9,83755.7,64.57147923
2026-09-29 15:00:00,83756.3,83765.2,83361.5,83431.0,192.50958348
2026-09-29 15:15:00,83431.0,83508.2,82918.1,83008.8,221.48937103
2026-09-29 15:30:00,83008.8,83248.4,82990.0,83187.0,151.43855671
2026-09-29 15:45:00,83187.0,83326.8,82934.2,83079.0,159.73749847
2026-09-29 16:00:00,83080.2,83158.6,82966.0,83039.1,99.77451656
2026-09-29 16:15:00,83038.0,83299.6,83000.1,83249.9,99.38738201
2026-09-29 16:30:00,83249.7,83279.8,83037.1,83042.7,65.7646071
2026-09-29 16:45:00,83039.7,83096.6,82902.8,83063.8,153.35597210999998
2026-09-29 17:00:00,83063.1,83195.9,83015.2,83176.0,65.80287547
2026-09-29 17:15:00,83176.0,83186.5,83045.6,83180.9,33.73662212
2026-09-29 17:30:00,83180.9,83227.2,83108.8,83135.8,147.11599197
2026-09-29 17:45:00,83132.4,83184.0,82987.0,83087.9,63.86539458
2026-09-29 18:00:00,83088.0,83437.4,83088.0,83434.1,116.07253853
2026-09-29 18:15:00,83434.1,83531.4,83400.8,83430.4,46.20054467
2026-09-29 18:30:00,83430.4,83700.0,83410.2,83637.1,53.28384778
2026-09-29 18:45:00,83633.9,83694.7,83584.0,83648.1,14.69597585
2026-09-29 19:00:00,83647.5,83702.8,83595.7,83598.6,16.15220998
2026-09-29 19:15:00,83598.6,83671.0,83536.3,83556.9,15.05795722
2026-09-29 19:30:00,83556.8,83626.0,83436.2,83436.2,27.69970903
2026-09-29 19:45:00,83435.8,83645.8,83407.2,83603.8,95.63838429
2026-09-29 20:00:00,83601.1,83614.7,83509.2,83544.8,21.92319017
2026-09-29 20:15:00,83544.8,83655.3,83544.8,83637.1,10.91219633
2026-09-29 20:30:00,83637.0,83651.8,83587.1,83644.7,6.30105777
2026-09-29 20:45:00,83646.9,83670.9,83620.9,83620.9,19.89996565
2026-09-29 21:00:00,83621.0,83621.0,83519.3,83567.4,27.70315513
2026-09-29 21:15:00,83567.4,83567.4,83382.0,83418.5,37.24339852
2026-09-29 21:30:00,83418.5,83547.1,83414.3,83507.6,23.76373809
2026-09-29 21:45:00,83507.5,83508.8,83409.7,83508.8,15.60256251
2026-09-29 22:00:00,83508.8,83724.2,83508.7,83664.4,75.16759334
2026-09-29 22:15:00,83664.5,83700.3,83545.1,83596.4,53.41122265
2026-09-29 22:30:00,83596.3,83629.8,83538.2,83605.0,14.10621704
2026-09-29 22:45:00,83608.2,83652.2,83574.2,83616.4,21.16419891
2026-09-29 23:00:00,83616.4,83847.3,83609.7,83847.3,47.57360186
2026-09-29 23:15:00,83847.3,83852.7,83722.4,83758.5,16.88635737
2026-09-29 23:30:00,83758.5,83758.5,83634.3,83669.3,24.96210168
2026-09-29 23:45:00,83669.2,83720.0,83632.5,83657.5,31.75947065
2026-09-30 00:00:00,83663.9,83728.3,83507.9,83540.4,97.24125723
2026-09-30 00:15:00,83536.6,83596.3,83392.9,83573.7,71.36604119
2026-09-30 00:30:00,83573.7,83631.1,83452.9,83488.7,36.1880159
2026-09-30 00:45:00,83488.8,83488.8,83352.9,83450.3,26.14273039
2026-09-30 01:00:00,83450.3,83487.2,83382.3,83430.3,22.65881714
2026-09-30 01:15:00,83430.4,83555.4,83400.0,83433.3,21.86158493
2026-09-30 01:30:00,83434.5,83454.7,83337.6,83447.4,26.66316709
2026-09-30 01:45:00,83447.4,83505.8,83405.1,83453.9,7.33897488
2026-09-30 02:00:00,83453.9,83631.5,83428.4,83485.9,23.30344124
2026-09-30 02:15:00,83486.0,83558.2,83382.3,83430.5,16.81989246
2026-09-30 02:30:00,83430.6,83454.5,83297.1,83380.7,32.0799831
2026-09-30 02:45:00,83380.6,83490.3,83357.3,83395.2,21.84633771
2026-09-30 03:00:00,83395.1,83434.0,83333.3,83336.6,9.40958198
2026-09-30 03:15:00,83336.5,83336.6,83180.2,83320.9,33.65843317
2026-09-30 03:30:00,83320.9,83430.0,83258.4,83368.5,18.90407477
2026-09-30 03:45:00,83368.5,83368.5,83283.5,83312.5,24.52760693
2026-09-30 04:00:00,83312.4,83420.0,83300.2,83367.1,14.10470312
2026-09-30 04:15:00,83367.2,83429.0,83353.6,83375.7,13.04783122
2026-09-30 04:30:00,83375.5,83410.0,83296.3,83322.1,13.08309832
2026-09-30 04:45:00,83320.2,83326.4,83209.7,83211.5,13.365409
2026-09-30 05:00:00,83216.5,83359.1,83216.4,83238.0,8.89596459
2026-09-30 05:15:00,83237.9,83383.3,83180.9,83383.3,26.78182318
2026-09-30 05:30:00,83383.3,83527.6,83383.3,83472.7,41.53219252
2026-09-30 05:45:00,83487.1,83498.3,83300.0,83386.4,28.6660563
2026-09-30 06:00:00,83386.4,83439.9,83111.2,83139.9,41.42583907
2026-09-30 06:15:00,83140.0,83192.7,83064.7,83170.0,84.71267038
2026-09-30 06:30:00,83170.5,83170.5,83050.0,83116.9,61.48154851
2026-09-30 06:45:00,83116.5,83203.4,82978.1,83049.5,54.51490584
2026-09-30 07:00:00,83049.5,83109.9,82960.1,83020.2,41.96157548
2026-09-30 07:15:00,83020.2,83409.0,83020.2,83313.2,46.96638381
2026-09-30 07:30:00,83315.2,83450.4,83273.0,83440.1,243.51756725
2026-09-30 07:45:00,83442.3,83483.2,83305.0,83307.2,279.57813550000003
2026-09-30 08:00:00,83307.2,83348.2,83125.8,83125.8,61.07658985
2026-09-30 08:15:00,83125.5,83287.5,83121.5,83142.6,36.76790537
2026-09-30 08:30:00,83140.1,83151.7,83028.2,83083.0,30.76382785
2026-09-30 08:45:00,83082.9,83181.4,83019.8,83071.5,31.526997720000004
2026-09-30 09:00:00,83071.5,83300.0,83060.1,83300.0,17.84799271
2026-09-30 09:15:00,83300.0,83435.8,83275.0,83430.2,32.71697775
2026-09-30 09:30:00,83431.4,83810.0,83426.3,83569.2,429.68662515
2026-09-30 09:45:00,83569.1,83663.5,83535.0,83634.5,48.48337836
2026-09-30 10:00:00,83633.2,83797.0,83633.2,83700.8,65.02546269
2026-09-30 10:15:00,83700.2,83866.6,83672.1,83798.7,59.70708579
2026-09-30 10:30:00,83798.7,83924.5,83798.6,83890.9,168.73587502
2026-09-30 10:45:00,83891.0,83958.7,83856.8,83913.3,58.26907852
2026-09-30 11:00:00,83913.3,83913.3,83688.9,83843.1,55.18358548
2026-09-30 11:15:00,83843.0,83875.0,83709.1,83845.0,60.95182032
2026-09-30 11:30:00,83845.1,83979.7,83743.5,83937.4,35.09870707
2026-09-30 11:45:00,83937.4,83983.9,83815.2,83914.8,27.83404138
2026-09-30 12:00:00,83914.8,83940.1,83763.7,83883.0,32.606722680000004
2026-09-30 12:15:00,83882.9,83976.7,83759.2,83935.7,50.82431376
2026-09-30 12:30:00,83932.7,85083.9,83874.1,84823.6,1290.23326034
2026-09-30 12:45:00,84823.7,85500.0,84740.5,85285.5,556.2793656700001
2026-09-30 13:00:00,85285.5,85650.0,85105.0,85389.1,359.66009376
2026-09-30 13:15:00,85392.8,85508.6,85157.4,85191.4,106.56193813
2026-09-30 13:30:00,85192.1,85560.9,84033.6,84516.1,420.9091357
2026-09-30 13:45:00,84519.8,84739.4,84386.5,84635.0,107.2816871
2026-09-30 14:00:00,84635.0,84645.7,84133.5,84345.2,163.60002011
2026-09-30 14:15:00,84345.1,84363.1,83639.4,83761.5,294.5386075
2026-09-30 14:30:00,83773.9,83830.5,83378.1,83557.7,199.35458504
2026-09-30 14:45:00,83558.9,83997.8,83537.8,83800.5,127.80472824
2026-09-30 15:00:00,83800.0,83999.9,83725.0,83952.9,97.04829944
2026-09-30 15:15:00,83950.1,84022.1,83684.1,83892.6,125.66384653
2026-09-30 15:30:00,83892.6,84298.0,83892.6,84109.4,105.59994082
2026-09-30 15:45:00,84110.9,84282.2,84084.9,84134.4,54.03868691
2026-09-30 16:00:00,84137.6,84372.7,84126.5,84355.6,82.53521886
2026-09-30 16:15:00,84359.9,84491.6,84290.7,84290.7,60.22015972
2026-09-30 16:30:00,84290.8,84372.9,84214.7,84362.4,37.49715689
2026-09-30 16:45:00,84364.5,84477.4,84280.0,84350.0,100.06232042
2026-09-30 17:00:00,84357.6,84431.2,84264.3,84291.2,58.22797029
2026-09-30 17:15:00,84290.4,84290.4,84005.2,84213.5,47.65766562
2026-09-30 17:30:00,84211.9,84211.9,83904.1,83993.8,45.69141481
2026-09-30 17:45:00,83993.7,84159.9,83963.5,84027.2,46.08219779
2026-09-30 18:00:00,84026.6,84080.0,83924.8,83991.8,36.289895130000005
2026-09-30 18:15:00,83997.8,84024.1,83871.7,83902.2,29.4095688
2026-09-30 18:30:00,83913.7,83946.4,83805.9,83854.1,38.59246564
2026-09-30 18:45:00,83861.0,83986.6,83789.5,83951.0,29.99361719
2026-09-30 19:00:00,83951.7,83964.8,83724.4,83758.2,41.46064766
2026-09-30 19:15:00,83758.2,83789.7,83611.1,83750.9,49.9403765
2026-09-30 19:30:00,83750.0,83948.7,83745.2,83823.0,29.80735368
2026-09-30 19:45:00,83822.9,83837.3,83502.3,83594.1,100.40318777
2026-09-30 20:00:00,83606.4,83678.8,83520.8,83657.0,43.53024277
2026-09-30 20:15:00,83656.9,83774.2,83600.0,83726.3,17.87983424
2026-09-30 20:30:00,83726.4,83741.5,83633.2,83688.7,14.94684888
2026-09-30 20:45:00,83688.7,83724.2,83633.0,83670.9,11.01865045
2026-09-30 21:00:00,83673.6,83811.1,83673.6,83764.2,24.52573288
2026-09-30 21:15:00,83764.1,83817.4,83723.8,83728.4,14.88631846
2026-09-30 21:30:00,83728.4,83823.2,83710.0,83710.0,10.16863574
2026-09-30 21:45:00,83708.0,83768.1,83704.1,83759.6,12.69485736
2026-09-30 22:00:00,83759.6,83784.2,83586.0,83724.5,24.70564953
2026-09-30 22:15:00,83724.5,83828.3,83709.6,83828.3,20.56135134
2026-09-30 22:30:00,83828.5,83846.1,83796.3,83820.1,20.58282202
2026-09-30 22:45:00,83820.0,83820.1,83685.8,83685.8,14.046745350000002
2026-09-30 23:00:00,83685.8,83786.2,83634.2,83694.0,33.55543445
2026-09-30 23:15:00,83692.5,83835.9,83664.2,83669.1,27.80702144
2026-09-30 23:30:00,83669.1,83691.0,83522.3,83620.3,34.96479913
2026-09-30 23:45:00,83620.3,83658.6,83546.1,83618.4,85.36035113
2026-10-01 00:00:00,83618.4,83656.6,83463.9,83510.4,95.42816489
2026-10-01 00:15:00,83506.2,83521.6,83417.1,83484.1,69.96245921
2026-10-01 00:30:00,83484.0,83578.3,83440.0,83578.3,12.97579541
2026-10-01 00:45:00,83577.7,83581.5,83490.0,83508.2,10.09882558
2026-10-01 01:00:00,83507.9,83619.5,83491.7,83587.6,20.31162154
2026-10-01 01:15:00,83587.6,83692.3,83527.9,83628.9,23.0171458
2026-10-01 01:30:00,83628.8,83628.8,83480.0,83598.4,28.33315197
2026-10-01 01:45:00,83599.4,83614.5,83508.2,83516.1,12.5154552
2026-10-01 02:00:00,83516.1,83670.8,83505.7,83592.5,10.27969856
2026-10-01 02:15:00,83592.6,83597.1,83433.0,83552.7,51.23516854
2026-10-01 02:30:00,83552.2,83604.1,83433.6,83448.1,23.36406872
2026-10-01 02:45:00,83448.0,83533.7,83411.4,83492.9,14.48031961
2026-10-01 03:00:00,83488.4,83534.5,83434.7,83475.4,24.56328756
2026-10-01 03:15:00,83475.4,83549.8,83440.0,83522.0,12.09977607
2026-10-01 03:30:00,83522.0,83731.3,83470.0,83712.8,40.73843439
2026-10-01 03:45:00,83712.8,83785.0,83644.2,83766.4,64.81031502
2026-10-01 04:00:00,83767.6,83939.6,83756.3,83939.6,49.75225006
2026-10-01 04:15:00,83939.8,83939.8,83723.8,83869.8,53.72390007
2026-10-01 04:30:00,83869.7,83930.9,83781.1,83930.4,33.99849114
2026-10-01 04:45:00,83930.9,84209.5,83927.1,84116.0,64.9940194
2026-10-01 05:00:00,84116.1,84260.2,84016.0,84239.5,52.13108396
2026-10-01 05:15:00,84238.6,84318.9,84233.0,84287.9,40.36729783
2026-10-01 05:30:00,84288.0,84325.1,84202.8,84217.4,23.03949009
2026-10-01 05:45:00,84217.5,84364.0,84217.5,84300.2,27.91183329
2026-10-01 06:00:00,84300.2,84418.2,84233.8,84378.1,22.67723406
2026-10-01 06:15:00,84379.9,84392.1,84298.2,84353.2,18.62071633
2026-10-01 06:30:00,84353.2,84364.0,84112.0,84163.7,33.899565890000005
2026-10-01 06:45:00,84163.7,84200.0,84116.4,84116.4,12.52589286
2026-10-01 07:00:00,84116.3,84216.0,84067.4,84197.8,43.75156226
2026-10-01 07:15:00,84054.6,84097.8,83331.2,83372.6,242.53211398
2026-10-01 07:30:00,83370.3,83676.0,83352.1,83556.8,404.64590271
2026-10-01 07:45:00,83556.8,83670.8,83402.0,83445.3,383.05625233
2026-10-01 08:00:00,83432.1,83541.6,83335.0,83383.9,102.89993552
2026-10-01 08:15:00,83383.9,83487.1,83351.4,83424.4,55.15116344
2026-10-01 08:30:00,83424.3,83570.9,83168.9,83498.2,144.29517295
2026-10-01 08:45:00,83497.3,83580.9,83440.5,83567.9,69.22240054
2026-10-01 09:00:00,83567.9,83764.6,83553.1,83690.6,41.39181495
2026-10-01 09:15:00,83690.7,83793.1,83672.1,83765.6,24.19709934
2026-10-01 09:30:00,83765.6,83888.0,83765.6,83877.9,22.80894684
2026-10-01 09:45:00,83877.9,83888.0,83742.2,83786.0,39.80668137
2026-10-01 10:00:00,83786.1,83827.3,83414.1,83705.6,55.66937642
2026-10-01 10:15:00,83705.6,83773.6,83546.3,83685.5,45.70748478
2026-10-01 10:30:00,83687.3,83888.0,83687.3,83887.6,18.82812777
2026-10-01 10:45:00,83887.6,84101.9,83855.9,83972.7,286.25279796
2026-10-01 11:00:00,83972.8,83972.8,83814.0,83866.9,34.5015512
2026-10-01 11:15:00,83863.4,83879.5,83782.6,83879.0,20.36978077
2026-10-01 11:30:00,83882.6,83986.5,83788.9,83959.8,37.62192744
2026-10-01 11:45:00,83959.6,84043.5,83898.5,83914.0,40.17245296
2026-10-01 12:00:00,83913.9,84012.3,83909.8,84001.7,18.35500854
2026-10-01 12:15:00,84001.7,84001.7,83859.1,83909.6,42.23645335
2026-10-01 12:30:00,83909.5,84054.6,83836.9,83891.5,23.76145161
2026-10-01 12:45:00,83891.5,83939.0,83658.6,83738.8,34.899917020000004
2026-10-01 13:00:00,83738.8,83750.5,83500.6,83524.9,32.369721
2026-10-01 13:15:00,83531.6,83624.4,83432.6,83473.3,92.30516733
2026-10-01 13:30:00,83473.3,83982.3,83460.1,83948.6,128.02230205
2026-10-01 13:45:00,83939.1,84029.8,83673.2,83940.0,122.10987261
2026-10-01 14:00:00,83934.7,84042.9,83553.9,83804.5,124.69310941
2026-10-01 14:15:00,83805.6,84217.3,83787.0,84118.5,129.95316063
2026-10-01 14:30:00,84118.5,84333.3,83987.5,84025.7,119.14152218
2026-10-01 14:45:00,84025.6,84086.7,83769.1,84050.8,99.28449132
2026-10-01 15:00:00,84054.1,84333.5,83833.3,84081.5,209.56801771
2026-10-01 15:15:00,84081.5,84249.2,84050.4,84083.3,57.08917865
2026-10-01 15:30:00,84082.5,84082.5,83830.6,83889.1,71.69647013
2026-10-01 15:45:00,83886.6,84300.0,83880.6,84167.9,90.81216568
2026-10-01 16:00:00,84168.0,84311.8,84132.6,84311.8,46.30563549
2026-10-01 16:15:00,84311.8,84422.2,84256.0,84303.6,201.67241840000003
2026-10-01 16:30:00,84303.7,84623.7,84189.9,84330.3,307.74529797
2026-10-01 16:45:00,84330.4,84409.8,84058.0,84200.2,70.84442948
2026-10-01 17:00:00,84200.1,84493.7,84191.3,84435.5,83.02097768
2026-10-01 17:15:00,84437.2,84928.8,84437.2,84923.1,216.32131329
2026-10-01 17:30:00,84925.5,85056.3,84774.9,85056.3,262.74791825
2026-10-01 17:45:00,85056.2,85093.0,84784.3,84912.5,111.94148674
2026-10-01 18:00:00,84908.7,84993.9,84686.9,84883.5,61.77124264
2026-10-01 18:15:00,84883.5,84949.9,84792.9,84798.0,25.13123156
2026-10-01 18:30:00,84798.0,85266.0,84790.6,84964.1,154.74650882
2026-10-01 18:45:00,84963.0,84972.1,84715.0,84805.0,46.66779226
2026-10-01 19:00:00,84805.0,84890.0,84720.2,84792.6,28.71580401
2026-10-01 19:15:00,84792.6,84830.8,84601.5,84607.8,42.54133943
2026-10-01 19:30:00,84607.9,84772.9,84600.0,84645.4,25.38949572
2026-10-01 19:45:00,84640.3,84705.9,84581.0,84681.9,36.0944453
2026-10-01 20:00:00,84674.5,84860.5,84672.7,84781.6,27.17225655
2026-10-01 20:15:00,84781.6,84857.6,84762.4,84762.5,15.31779641
2026-10-01 20:30:00,84762.5,84779.4,84597.7,84613.1,21.9757977
2026-10-01 20:45:00,84613.1,84672.0,84561.8,84633.1,19.95834378
2026-10-01 21:00:00,84633.2,84666.5,84608.6,84615.4,16.65060871
2026-10-01 21:15:00,84615.4,84693.9,84561.8,84589.6,26.16386511
2026-10-01 21:30:00,84589.6,84616.8,84490.9,84498.8,43.57889347
2026-10-01 21:45:00,84498.8,84571.4,84496.7,84541.9,14.55584045
2026-10-01 22:00:00,84541.9,84791.5,84541.8,84751.9,27.78958829
2026-10-01 22:15:00,84751.8,84776.7,84700.1,84700.1,8.92539386
2026-10-01 22:30:00,84700.0,84791.6,84659.6,84680.7,25.71267802
2026-10-01 22:45:00,84680.7,84788.2,84624.5,84752.4,10.56231137
2026-10-01 23:00:00,84752.5,84752.5,84667.0,84667.0,8.85015748
2026-10-01 23:15:00,84666.9,84775.6,84642.3,84740.0,20.69206413
2026-10-01 23:30:00,84740.0,84866.6,84701.5,84833.9,13.36041471
2026-10-01 23:45:00,84832.1,84904.6,84781.2,84877.4,62.07481831
2026-10-02 00:00:00,84877.5,84916.9,84767.2,84878.9,31.11946682
2026-10-02 00:15:00,84877.8,84953.3,84800.0,84802.1,20.3697863
2026-10-02 00:30:00,84800.0,84898.0,84702.8,84823.3,35.055343910000005
2026-10-02 00:45:00,84819.8,84823.1,84724.6,84789.9,12.29430493
2026-10-02 01:00:00,84790.0,84802.2,84659.4,84659.4,17.378218359999998
2026-10-02 01:15:00,84659.2,84714.3,84518.6,84621.6,27.433033920000003
2026-10-02 01:30:00,84621.6,84657.1,84568.9,84587.0,9.87411197
2026-10-02 01:45:00,84587.0,84993.9,84571.8,84908.9,28.49242747
2026-10-02 02:00:00,84909.0,85114.4,84862.9,85081.0,35.12824592
2026-10-02 02:15:00,85081.1,85085.5,84867.7,84930.0,44.93882248
2026-10-02 02:30:00,84930.0,84994.6,84859.4,84994.6,39.254415
2026-10-02 02:45:00,84994.7,85197.9,84991.9,85189.6,50.23446658
2026-10-02 03:00:00,85189.6,85518.3,85186.8,85304.0,187.76546687
2026-10-02 03:15:00,85303.9,85340.1,85191.7,85275.4,98.64633628
2026-10-02 03:30:00,85275.5,85470.4,85268.8,85422.4,57.98148591
2026-10-02 03:45:00,85422.5,85571.2,85381.0,85506.7,67.18988947
2026-10-02 04:00:00,85506.8,85620.0,85447.5,85466.7,69.44759313
2026-10-02 04:15:00,85466.7,86802.3,85466.7,86777.5,685.85995425
2026-10-02 04:30:00,86780.5,86914.8,86379.9,86514.9,257.26680223
2026-10-02 04:45:00,86514.8,86776.4,86448.0,86659.2,103.54739839
2026-10-02 05:00:00,86658.2,86675.7,86501.6,86578.1,61.45877181
2026-10-02 05:15:00,86578.0,86590.0,86295.5,86350.0,62.01729756
2026-10-02 05:30:00,86350.0,86395.3,85897.5,86138.3,106.23343103
2026-10-02 05:45:00,86135.8,86180.1,85964.9,86000.0,26.99893499
2026-10-02 06:00:00,86000.1,86107.7,85882.3,85908.9,59.55802766
2026-10-02 06:15:00,85908.9,86072.5,85908.8,86021.8,102.83366647
2026-10-02 06:30:00,86021.9,86100.0,85932.4,86012.1,38.40379043
2026-10-02 06:45:00,86008.9,86105.4,85950.8,85996.9,39.29944842
2026-10-02 07:00:00,85993.1,86077.2,85902.4,85960.1,46.0181678
2026-10-02 07:15:00,85961.3,85996.2,85891.0,85950.3,44.11652781
2026-10-02 07:30:00,85947.5,85947.5,85745.7,85754.9,933.02318243
2026-10-02 07:45:00,85758.5,86166.6,85757.5,86098.6,950.98463866
2026-10-02 08:00:00,86098.6,86347.5,86063.2,86311.2,144.51632874
2026-10-02 08:15:00,86311.2,86640.0,86300.5,86404.4,126.42586022
2026-10-02 08:30:00,86404.5,86480.0,86266.6,86323.4,75.49296011999999
2026-10-02 08:45:00,86323.4,86353.0,86197.6,86240.4,38.20838666
2026-10-02 09:00:00,86240.5,86258.6,86134.4,86214.5,60.50768023
2026-10-02 09:15:00,86213.6,86258.4,86109.7,86207.0,49.41019138
2026-10-02 09:30:00,86207.1,86411.4,86175.2,86338.2,60.90250925
2026-10-02 09:45:00,86338.2,86430.9,86277.9,86358.6,55.05374174
2026-10-02 10:00:00,86358.6,86442.5,86325.9,86342.8,61.24694099
2026-10-02 10:15:00,86342.8,86418.8,86183.7,86414.5,121.36014074
2026-10-02 10:30:00,86414.5,86507.4,86363.4,86434.3,49.37687798
2026-10-02 10:45:00,86434.3,86438.5,86284.3,86298.2,32.71534691
2026-10-02 11:00:00,86298.3,86500.0,86278.0,86461.6,34.16962465
2026-10-02 11:15:00,86462.8,86500.0,86420.9,86426.8,19.55299301
2026-10-02 11:30:00,86426.8,86555.3,86413.0,86498.5,58.34821015
2026-10-02 11:45:00,86498.6,86568.1,86418.1,86418.2,45.18482232
2026-10-02 12:00:00,86418.1,86490.2,86308.5,86412.2,33.53736571
2026-10-02 12:15:00,86417.5,86663.3,86391.0,86630.9,73.26994728
2026-10-02 12:30:00,86614.3,87238.3,86426.2,86486.8,730.97231716
2026-10-02 12:45:00,86488.2,86902.2,86448.7,86814.4,149.92805691
2026-10-02 13:00:00,86814.5,86950.0,86669.8,86685.4,99.30741711
2026-10-02 13:15:00,86685.4,86760.4,86605.0,86605.0,45.11082235
2026-10-02 13:30:00,86605.1,87150.0,86578.3,86903.7,178.38739676
2026-10-02 13:45:00,86903.7,86999.5,86470.4,86561.0,172.32788243
2026-10-02 14:00:00,86567.0,86841.1,86320.5,86350.9,156.12767575
2026-10-02 14:15:00,86354.2,86647.1,86076.2,86084.9,181.5916276
2026-10-02 14:30:00,86084.8,86177.7,85690.0,85954.4,309.85239284
2026-10-02 14:45:00,85954.5,86057.8,85397.1,85688.3,213.65285908
2026-10-02 15:00:00,85691.4,85755.7,85366.3,85633.7,145.69015625
2026-10-02 15:15:00,85633.6,85692.5,85317.1,85482.1,141.7577581
2026-10-02 15:30:00,85475.7,85555.4,85319.2,85341.1,83.43407933
2026-10-02 15:45:00,85344.4,85458.6,85155.8,85330.1,108.50302837
2026-10-02 16:00:00,85330.1,85510.0,85144.3,85211.6,113.07660028
2026-10-02 16:15:00,85211.6,85349.5,85123.0,85180.2,74.75969655
2026-10-02 16:30:00,85180.2,85238.6,85020.0,85191.4,86.02029196000001
2026-10-02 16:45:00,85192.1,85306.1,85087.1,85166.5,64.3212512
2026-10-02 17:00:00,85166.5,85268.5,84913.4,84913.6,71.47358696
2026-10-02 17:15:00,84914.8,84990.3,84600.0,84614.5,283.33538917
2026-10-02 17:30:00,84614.5,84790.5,84514.7,84622.5,95.28244775
2026-10-02 17:45:00,84618.7,84833.7,84580.1,84780.2,57.04605965
2026-10-02 18:00:00,84780.2,84906.8,84772.0,84890.3,39.67116398
2026-10-02 18:15:00,84890.2,84892.9,84565.3,84625.9,47.89113991
2026-10-02 18:30:00,84626.6,84639.9,83908.2,84053.1,303.14366878
2026-10-02 18:45:00,84054.7,84300.0,83884.0,84262.0,64.65790042
2026-10-02 19:00:00,84262.1,84316.0,84082.3,84131.7,27.78812001
2026-10-02 19:15:00,84134.5,84192.1,83980.0,84139.0,54.52511055
2026-10-02 19:30:00,84140.3,84232.5,84090.1,84188.6,78.67504528
2026-10-02 19:45:00,84188.6,84356.6,84151.5,84303.8,135.43674817
2026-10-02 20:00:00,84303.8,84474.1,84303.8,84373.4,110.47428092
2026-10-02 20:15:00,84375.5,84530.8,84333.9,84341.4,70.75979035
2026-10-02 20:30:00,84341.5,84455.6,84222.9,84239.4,55.31883047
2026-10-02 20:45:00,84239.4,84505.3,84225.0,84449.9,49.38925303
2026-10-02 21:00:00,84448.7,84545.3,84435.0,84494.9,14.74110422
2026-10-02 21:15:00,84495.0,84512.0,84424.9,84443.0,14.08320516
2026-10-02 21:30:00,84441.4,84545.2,84414.3,84516.8,14.72800824
2026-10-02 21:45:00,84516.8,84544.3,84501.5,84530.8,15.00482964
2026-10-02 22:00:00,84530.9,84549.8,84452.7,84537.5,47.81441211
2026-10-02 22:15:00,84540.1,84565.1,84474.3,84522.2,16.36933577
2026-10-02 22:30:00,84522.2,84557.0,84491.9,84511.4,19.70283396
2026-10-02 22:45:00,84511.0,84565.1,84505.0,84563.4,13.08360434
2026-10-02 23:00:00,84563.5,84563.5,84479.5,84491.6,9.25573493
2026-10-02 23:15:00,84491.6,84565.2,84491.6,84560.9,8.79669789
2026-10-02 23:30:00,84561.0,84574.3,84512.4,84567.4,15.91098276
2026-10-02 23:45:00,84567.4,84580.0,84514.3,84518.9,19.3608445
2026-10-03 00:00:00,84519.0,84540.0,84451.4,84521.5,24.70415304
2026-10-03 00:15:00,84521.5,84575.7,84521.5,84557.8,19.91054641
2026-10-03 00:30:00,84557.8,84650.1,84557.8,84626.7,24.86225621
2026-10-03 00:45:00,84625.9,84680.2,84625.8,84663.5,11.20033032
2026-10-03 01:00:00,84663.5,84688.8,84633.3,84662.8,25.81927359
2026-10-03 01:15:00,84663.3,84730.2,84602.9,84619.3,21.64013434
2026-10-03 01:30:00,84619.3,84667.9,84613.6,84635.2,10.54300801
2026-10-03 01:45:00,84635.2,84651.9,84613.5,84644.0,10.87528317
2026-10-03 02:00:00,84644.1,84646.8,84603.4,84616.5,29.43171252
2026-10-03 02:15:00,84616.6,84682.4,84616.5,84639.9,14.65241419
2026-10-03 02:30:00,84640.0,84703.1,84639.9,84681.2,8.63084714
2026-10-03 02:45:00,84679.0,84679.0,84600.1,84600.2,35.22222047
2026-10-03 03:00:00,84600.2,84627.1,84516.4,84532.1,14.35016905
2026-10-03 03:15:00,84532.1,84610.7,84532.0,84595.3,12.36853154
2026-10-03 03:30:00,84595.3,84659.1,84595.2,84659.1,6.10071371
2026-10-03 03:45:00,84659.1,84700.0,84657.0,84700.0,10.93710095
2026-10-03 04:00:00,84700.0,84729.9,84658.6,84658.9,20.03810902
2026-10-03 04:15:00,84658.9,84658.9,84534.8,84534.9,18.31446277
2026-10-03 04:30:00,84534.9,84574.4,84520.8,84558.3,6.8094329
2026-10-03 04:45:00,84558.3,84612.7,84557.4,84583.0,7.233569660000001
2026-10-03 05:00:00,84583.1,84589.3,84552.7,84569.5,5.7844678
2026-10-03 05:15:00,84569.5,84627.4,84569.5,84627.3,6.23476642
2026-10-03 05:30:00,84627.4,84643.1,84627.4,84635.8,5.1567008
2026-10-03 05:45:00,84635.8,84659.9,84620.7,84646.9,14.16084153
2026-10-03 06:00:00,84647.5,84676.7,84623.0,84629.2,7.02813928
2026-10-03 06:15:00,84630.0,84675.5,84629.9,84675.5,6.43833256
2026-10-03 06:30:00,84649.1,84670.7,84620.8,84648.4,21.18095434
2026-10-03 06:45:00,84648.5,84648.5,84550.0,84583.8,11.13876117
2026-10-03 07:00:00,84583.9,84626.3,84566.2,84589.2,9.13997508
2026-10-03 07:15:00,84589.1,84641.5,84583.4,84641.4,11.12367159
2026-10-03 07:30:00,84641.5,84679.4,84589.5,84595.6,381.38851585
2026-10-03 07:45:00,84595.7,84639.8,84565.0,84573.8,417.08041632
2026-10-03 08:00:00,84573.9,84669.6,84573.8,84660.9,34.80493753
2026-10-03 08:15:00,84660.8,84660.8,84571.4,84589.5,25.92802644
2026-10-03 08:30:00,84589.6,84634.9,84575.0,84634.9,3.72460798
2026-10-03 08:45:00,84635.0,84649.1,84614.6,84614.6,9.99360782
2026-10-03 09:00:00,84614.7,84674.8,84614.7,84639.3,16.21600868
2026-10-03 09:15:00,84639.4,84653.6,84601.1,84601.2,10.58803845
2026-10-03 09:30:00,84601.1,84601.2,84584.4,84591.2,2.60055434
2026-10-03 09:45:00,84591.3,84600.0,84588.0,84600.0,8.932306689999999
2026-10-03 10:00:00,84600.0,84616.1,84588.1,84590.0,5.76810658
2026-10-03 10:15:00,84590.0,84621.6,84573.4,84590.0,12.35856494
2026-10-03 10:30:00,84590.1,84625.0,84590.1,84611.6,5.27245586
2026-10-03 10:45:00,84611.6,84654.7,84611.5,84629.8,6.44561488
2026-10-03 11:00:00,84629.9,84649.9,84616.6,84647.1,10.65747553
2026-10-03 11:15:00,84647.1,84651.4,84628.2,84639.8,12.2230662
2026-10-03 11:30:00,84639.8,84661.0,84639.6,84657.8,9.956923
2026-10-03 11:45:00,84657.9,84698.2,84657.8,84676.2,13.44578074
2026-10-03 12:00:00,84676.2,84699.9,84670.8,84694.0,12.89449465
2026-10-03 12:15:00,84693.9,84912.9,84692.7,84855.8,120.56383506
2026-10-03 12:30:00,84854.0,84906.1,84785.0,84819.1,31.1374013
2026-10-03 12:45:00,84819.2,84923.7,84819.2,84883.3,21.17546399
2026-10-03 13:00:00,84883.3,84899.9,84827.6,84859.1,33.70209085
2026-10-03 13:15:00,84857.6,84857.6,84764.6,84819.3,15.83318298
2026-10-03 13:30:00,84819.4,84964.8,84800.6,84833.6,93.94719236
2026-10-03 13:45:00,84833.5,84884.4,84833.5,84865.3,13.91464992
2026-10-03 14:00:00,84865.4,84866.8,84783.2,84795.3,34.75697733
2026-10-03 14:15:00,84795.3,84842.0,84792.3,84818.5,22.66048342
2026-10-03 14:30:00,84818.6,84825.3,84747.4,84759.8,16.81818036
2026-10-03 14:45:00,84759.9,84853.7,84759.8,84853.6,55.151339840000006
2026-10-03 15:00:00,84853.6,84873.6,84775.7,84873.6,23.13284767
2026-10-03 15:15:00,84873.7,84877.7,84825.8,84825.8,15.80309473
2026-10-03 15:30:00,84825.9,84851.1,84755.7,84816.7,119.14106854
2026-10-03 15:45:00,84816.7,84866.2,84816.3,84864.3,18.25829175
2026-10-03 16:00:00,84864.4,84864.4,84828.0,84829.4,13.473851150000002
2026-10-03 16:15:00,84829.4,84829.4,84781.6,84814.5,9.84639822
2026-10-03 16:30:00,84814.5,84850.3,84814.4,84848.2,8.59634953
2026-10-03 16:45:00,84848.2,84877.7,84831.3,84863.7,14.66092204
2026-10-03 17:00:00,84863.7,84890.6,84862.7,84882.4,19.47571106
2026-10-03 17:15:00,84883.6,84959.99,84883.0,84894.01,43.37730499
2026-10-03 17:30:00,84894.01,84988.49,84840.0,84988.48,108.23085
2026-10-03 17:45:00,84988.49,85012.01,84935.0,85012.0,93.87576
2026-10-03 18:00:00,85012.01,85037.63,84977.06,84989.25,88.52712
2026-10-03 18:15:00,84989.25,85014.01,84954.0,84995.78,45.20301
2026-10-03 18:30:00,84995.78,84995.79,84920.0,84942.01,42.09931
2026-10-03 18:45:00,84942.0,84950.0,84934.18,84949.99,38.95322
2026-10-03 19:00:00,84950.0,84950.0,84850.51,84869.85,44.00016
2026-10-03 19:15:00,84869.85,84890.01,84828.1,84828.11,63.04184
2026-10-03 19:30:00,84828.1,84828.11,84784.99,84784.99,67.47043
2026-10-03 19:45:00,84784.99,84849.38,84700.0,84842.5,60.81024
2026-10-03 20:00:00,84842.5,84898.44,84842.49,84887.68,36.15959
2026-10-03 20:15:00,84887.68,84915.65,84881.79,84889.15,52.04737
2026-10-03 20:30:00,84889.16,84889.16,84858.46,84858.46,24.24166
2026-10-03 20:45:00,84858.46,84858.47,84714.0,84749.75,82.90633
2026-10-03 21:00:00,84749.76,84773.89,84558.0,84685.04,155.81529999999998
2026-10-03 21:15:00,84685.04,84732.14,84685.04,84710.68,50.47112
2026-10-03 21:30:00,84710.69,84724.47,84692.3,84701.45,49.00946
2026-10-03 21:45:00,84701.71,84745.67,84701.66,84715.15,33.41794
2026-10-03 22:00:00,84715.15,84787.86,84693.73,84787.56,65.78665000000001
2026-10-03 22:15:00,84787.57,84798.53,84742.35,84784.01,218.74824
2026-10-03 22:30:00,84784.01,84802.01,84783.98,84802.0,23.69279
2026-10-03 22:45:00,84802.0,84805.0,84776.01,84776.01,74.05112
2026-10-03 23:00:00,84776.02,84782.01,84760.0,84760.01,20.87975
2026-10-03 23:15:00,84760.01,84818.39,84738.0,84738.01,420.33884
2026-10-03 23:30:00,84738.0,84791.69,84738.0,84778.35,19.92003
2026-10-03 23:45:00,84778.35,84810.01,84708.16,84753.56,458.33972
2026-10-04 00:00:00,84753.57,84840.01,84753.56,84820.03,57.41441
2026-10-04 00:15:00,84820.03,84871.34,84808.93,84808.93,49.82334
2026-10-04 00:30:00,84808.93,84844.0,84804.05,84804.06,55.78277
2026-10-04 00:45:00,84804.05,84840.0,84762.0,84790.0,222.0124
2026-10-04 01:00:00,84790.0,84815.09,84769.99,84770.0,63.96538
2026-10-04 01:15:00,84770.0,84770.0,84719.99,84747.5,36.69453
2026-10-04 01:30:00,84747.51,84797.63,84747.5,84774.86,49.99822
2026-10-04 01:45:00,84774.86,84807.98,84774.85,84802.59,40.75697
2026-10-04 02:00:00,84802.6,84877.09,84802.59,84828.01,62.44004
2026-10-04 02:15:00,84828.0,84850.0,84800.0,84836.01,95.63557
2026-10-04 02:30:00,84836.0,84855.48,84796.49,84800.01,76.5153
2026-10-04 02:45:00,84800.01,84804.05,84781.05,84802.17,43.54935
2026-10-04 03:00:00,84802.17,84812.36,84802.16,84812.36,35.36471
2026-10-04 03:15:00,84812.35,84825.48,84796.41,84796.41,94.97343
2026-10-04 03:30:00,84796.42,84890.0,84796.41,84884.97,54.3158
2026-10-04 03:45:00,84884.97,84884.97,84840.87,84840.87,42.13077
2026-10-04 04:00:00,84840.88,84844.01,84808.11,84808.12,27.79238
2026-10-04 04:15:00,84808.11,84812.01,84808.11,84812.01,16.94374
2026-10-04 04:30:00,84812.0,84812.01,84812.0,84812.0,12.67171
2026-10-04 04:45:00,84812.0,84812.01,84811.93,84811.94,18.50555
2026-10-04 05:00:00,84811.94,84842.01,84811.61,84834.01,50.276
2026-10-04 05:15:00,84834.01,84872.6,84830.67,84861.34,104.20194
2026-10-04 05:30:00,84861.34,84923.68,84861.33,84923.67,43.03223
2026-10-04 05:45:00,84923.68,84924.53,84908.43,84912.01,29.26363
2026-10-04 06:00:00,84912.01,84922.6,84912.0,84922.6,39.45079
2026-10-04 06:15:00,84922.6,85058.01,84877.18,84947.61,138.62422
2026-10-04 06:30:00,84947.62,85029.2,84919.74,84957.89,84.31157
2026-10-04 06:45:00,84957.89,85075.2,84957.88,85030.2,13.23272898
2026-10-04 07:00:00,85030.2,85030.2,85000.0,85000.1,4.61924699
2026-10-04 07:15:00,85000.0,85015.7,84940.0,84973.2,18.40875867
2026-10-04 07:30:00,84973.1,84979.0,84919.8,84978.9,18.72597812
2026-10-04 07:45:00,84979.0,85114.6,84979.0,85112.9,32.95014622
2026-10-04 08:00:00,85114.7,85186.5,85090.4,85146.8,24.56608812
2026-10-04 08:15:00,85146.8,85196.5,85119.8,85141.3,20.68164212
2026-10-04 08:30:00,85141.4,85141.4,85034.1,85080.6,19.45096222
2026-10-04 08:45:00,85080.7,85123.9,85074.8,85100.7,13.04408234
2026-10-04 09:00:00,85100.7,85142.1,85050.9,85136.7,9.12649547
2026-10-04 09:15:00,85136.8,85281.9,85136.7,85264.6,23.43898766
2026-10-04 09:30:00,85264.5,85295.3,85193.2,85276.2,15.99582411
2026-10-04 09:45:00,85276.3,85330.2,85224.8,85231.2,20.71628983
2026-10-04 10:00:00,85231.3,85284.3,85220.4,85260.4,9.74338916
2026-10-04 10:15:00,85260.4,85428.0,85260.4,85373.5,25.75775593
2026-10-04 10:30:00,85373.5,85403.4,85288.8,85341.4,17.93684532
2026-10-04 10:45:00,85341.7,85343.5,85262.5,85272.1,10.02390334
2026-10-04 11:00:00,85272.2,85276.1,85212.0,85266.3,9.88763858
2026-10-04 11:15:00,85267.9,85333.7,85267.9,85321.6,3.643544
2026-10-04 11:30:00,85321.5,85329.1,85271.7,85278.7,10.29316108
2026-10-04 11:45:00,85278.7,85315.4,85259.5,85311.7,8.87199849
2026-10-04 12:00:00,85311.8,85399.8,85230.8,85235.9,18.9164267
2026-10-04 12:15:00,85235.9,85310.9,85180.1,85275.6,17.09223403
2026-10-04 12:30:00,85274.8,85306.4,85205.3,85205.3,7.536759340000001
2026-10-04 12:45:00,85205.4,85225.6,85105.7,85124.5,46.90848196
2026-10-04 13:00:00,85122.5,85174.0,85122.5,85173.9,12.40505054
2026-10-04 13:15:00,85174.0,85237.3,85167.5,85234.4,6.57839988
2026-10-04 13:30:00,85234.3,85332.6,85204.7,85229.8,16.02407531
2026-10-04 13:45:00,85229.7,85300.0,85215.2,85244.4,12.00768601
2026-10-04 14:00:00,85244.5,85254.2,85167.4,85220.5,8.21854127
2026-10-04 14:15:00,85216.7,85216.8,85132.7,85182.4,20.84049531
2026-10-04 14:30:00,85182.4,85200.0,85132.7,85132.7,16.22092665
2026-10-04 14:45:00,85132.8,85292.0,85101.5,85288.9,38.931560000000005
2026-10-04 15:00:00,85286.3,85376.9,85240.7,85359.0,17.21314993
2026-10-04 15:15:00,85359.8,85481.7,85277.4,85315.5,55.36575397
2026-10-04 15:30:00,85315.6,85353.5,85284.1,85346.3,8.48226094
2026-10-04 15:45:00,85346.3,85407.5,85260.0,85260.0,9.93213759
2026-10-04 16:00:00,85260.0,85307.3,85180.4,85304.9,12.90774749
2026-10-04 16:15:00,85305.0,85322.2,85202.1,85249.2,22.91079535
2026-10-04 16:30:00,85249.2,85356.2,85249.2,85350.2,12.24032777
2026-10-04 16:45:00,85350.1,85439.5,85340.0,85373.4,7.73495441
2026-10-04 17:00:00,85373.5,85400.8,85316.6,85326.9,12.98496948
2026-10-04 17:15:00,85326.9,85402.6,85324.7,85385.9,6.583710480000001
2026-10-04 17:30:00,85385.9,85425.6,85334.1,85425.6,4.1208635000000005
2026-10-04 17:45:00,85426.2,85462.8,85315.4,85316.4,10.60195999
2026-10-04 18:00:00,85316.5,85350.1,85308.8,85332.0,4.12867499
2026-10-04 18:15:00,85331.9,85345.9,85306.0,85330.0,1.95989331
2026-10-04 18:30:00,85330.1,85349.9,85312.8,85349.8,4.22990912
2026-10-04 18:45:00,85349.8,85367.1,85327.8,85336.1,1.79374752
2026-10-04 19:00:00,85336.2,85419.6,85336.1,85389.7,9.14028648
2026-10-04 19:15:00,85389.7,85470.0,85385.6,85463.7,110.61364879
2026-10-04 19:30:00,85464.3,85577.1,85397.2,85452.5,30.87361169
2026-10-04 19:45:00,85457.1,85469.9,85423.1,85426.6,5.69303002
2026-10-04 20:00:00,85426.6,85455.6,85392.3,85443.0,11.9573186
2026-10-04 20:15:00,85443.0,85498.2,85443.0,85473.4,4.56709159
2026-10-04 20:30:00,85475.0,85776.6,85441.0,85761.4,52.51369299
2026-10-04 20:45:00,85761.4,85879.7,85713.0,85832.4,36.564994330000005
2026-10-04 21:00:00,85832.5,86074.4,85785.7,86023.8,103.07769853
2026-10-04 21:15:00,86027.4,86067.5,85788.4,85822.6,39.43587047
2026-10-04 21:30:00,85826.1,86006.6,85825.9,85991.4,15.84471322
2026-10-04 21:45:00,85991.4,86058.1,85815.4,85862.3,13.48371542
2026-10-04 22:00:00,85862.7,86347.7,85862.7,86330.5,179.58967724
2026-10-04 22:15:00,86330.5,86696.3,86236.6,86254.8,138.51560385
2026-10-04 22:30:00,86252.7,86481.3,86234.5,86370.7,64.20770918
2026-10-04 22:45:00,86369.5,86462.4,86294.0,86440.0,24.63096717
2026-10-04 23:00:00,86440.0,86639.9,86397.0,86581.8,105.97473856
2026-10-04 23:15:00,86581.2,86798.8,86522.9,86687.3,130.43593984
2026-10-04 23:30:00,86687.2,86726.0,86432.1,86524.9,45.571760100000006
2026-10-04 23:45:00,86525.1,86559.9,86416.0,86525.1,30.67472276
2026-10-05 00:00:00,86522.4,86522.4,86320.8,86356.5,42.44078964
2026-10-05 00:15:00,86356.6,86498.9,86260.9,86276.5,37.27937439
2026-10-05 00:30:00,86276.4,86636.8,86194.3,86623.4,60.23998395
2026-10-05 00:45:00,86623.4,86710.1,86513.8,86654.1,43.7877108
2026-10-05 01:00:00,86645.6,86754.8,86471.8,86748.4,33.25478442
2026-10-05 01:15:00,86748.5,86994.3,86665.8,86943.5,115.92142911
2026-10-05 01:30:00,86943.7,86950.0,86653.9,86727.9,49.58648478
2026-10-05 01:45:00,86727.9,86766.7,86578.9,86610.4,32.15052928
2026-10-05 02:00:00,86610.5,86734.1,86573.5,86665.5,30.64308322
2026-10-05 02:15:00,86665.4,86698.7,86501.9,86503.6,27.55861484
2026-10-05 02:30:00,86503.6,86722.2,86404.8,86679.9,39.22093064
2026-10-05 02:45:00,86682.0,86698.6,86500.0,86525.6,39.95907484
2026-10-05 03:00:00,86525.7,86546.3,86399.1,86500.9,34.39387397
2026-10-05 03:15:00,86500.9,86510.1,86315.6,86448.0,35.35995425
2026-10-05 03:30:00,86448.1,86455.3,86254.6,86261.8,38.48110559
2026-10-05 03:45:00,86261.8,86329.4,86023.9,86092.2,104.16512355
2026-10-05 04:00:00,86092.2,86151.0,85952.1,85967.0,83.00060216
2026-10-05 04:15:00,85964.6,85977.1,85678.0,85787.6,95.2303492
2026-10-05 04:30:00,85787.6,85801.4,85500.1,85620.6,103.00106739
2026-10-05 04:45:00,85620.5,85705.6,85506.3,85544.0,24.16860447
2026-10-05 05:00:00,85543.9,85603.9,85486.1,85529.2,57.86967215999999
2026-10-05 05:15:00,85529.3,85561.2,85420.0,85548.0,48.67214265
2026-10-05 05:30:00,85548.0,85795.7,85456.6,85795.7,93.7448984
2026-10-05 05:45:00,85795.6,85795.7,85721.6,85778.0,36.5262854
2026-10-05 06:00:00,85778.1,85927.1,85777.1,85922.3,43.95426164
2026-10-05 06:15:00,85919.4,86061.9,85882.5,85886.2,44.99538982
2026-10-05 06:30:00,85883.9,85971.2,85801.6,85821.9,45.92521824
2026-10-05 06:45:00,85821.9,86372.7,85821.9,86234.9,111.02589175
2026-10-05 07:00:00,86268.2,86415.6,86156.6,86328.6,104.89516153
2026-10-05 07:15:00,86327.4,86495.5,86146.1,86299.6,74.81148454
2026-10-05 07:30:00,86304.7,86397.5,86156.5,86369.3,366.16770133
2026-10-05 07:45:00,86368.1,86433.5,86178.9,86245.3,369.16803422
2026-10-05 08:00:00,86245.3,86498.0,86215.5,86416.8,192.57095746
2026-10-05 08:15:00,86416.7,86448.4,86307.8,86430.9,41.59375387
2026-10-05 08:30:00,86431.3,86478.9,86235.5,86262.0,102.35200559
2026-10-05 08:45:00,86262.0,86278.6,86058.7,86228.0,59.14406297
2026-10-05 09:00:00,86228.1,86228.2,85974.4,85978.5,51.44383199000001
2026-10-05 09:15:00,85978.6,85998.6,85775.1,85876.3,86.71564123
2026-10-05 09:30:00,85876.2,85994.9,85864.1,85983.0,23.56480592
2026-10-05 09:45:00,85982.8,86030.2,85931.3,85976.2,35.84648982
2026-10-05 10:00:00,85976.3,86107.9,85951.5,86033.0,107.6810606
2026-10-05 10:15:00,86033.0,86164.5,86033.0,86066.2,20.84396526
2026-10-05 10:30:00,86062.3,86149.3,86010.1,86041.0,25.12721999
2026-10-05 10:45:00,86041.0,86212.1,86017.2,86119.3,22.82545431
2026-10-05 11:00:00,86119.4,86119.4,85906.7,85954.2,32.8060225
2026-10-05 11:15:00,85953.6,86225.0,85953.5,86212.0,26.22508205
2026-10-05 11:30:00,86212.0,86272.0,86058.8,86083.8,48.30863762
2026-10-05 11:45:00,86083.8,86244.3,86032.8,86210.8,26.38854893
2026-10-05 12:00:00,86208.6,86208.6,86087.0,86140.6,23.77284009
2026-10-05 12:15:00,86140.5,86158.6,86027.5,86044.8,38.04211385
2026-10-05 12:30:00,86049.5,86049.5,85840.7,85914.0,37.31005314
2026-10-05 12:45:00,85914.0,85986.0,85856.6,85903.6,30.13019225
2026-10-05 13:00:00,85903.6,86153.2,85903.6,86127.6,32.89244905
2026-10-05 13:15:00,86126.5,86218.1,86017.9,86111.2,23.81723376
2026-10-05 13:30:00,86111.3,86145.3,85810.9,85984.5,118.42124685
2026-10-05 13:45:00,85982.8,86489.9,85892.3,86427.2,151.55305629
2026-10-05 14:00:00,86427.2,86720.0,86263.2,86638.2,144.33050717
2026-10-05 14:15:00,86638.2,86710.0,86268.6,86279.8,160.78903579
2026-10-05 14:30:00,86279.7,86279.7,85445.9,85767.1,336.84375051
2026-10-05 14:45:00,85767.2,85785.6,85500.0,85644.2,99.60175184
2026-10-05 15:00:00,85643.8,85684.5,85480.0,85531.0,77.11633977
2026-10-05 15:15:00,85530.0,85627.6,85500.0,85556.7,39.21374463
2026-10-05 15:30:00,85556.7,85602.2,85184.5,85356.9,133.72986936
2026-10-05 15:45:00,85354.8,85434.6,85205.0,85266.4,107.47688757
2026-10-05 16:00:00,85267.6,85325.2,85166.7,85256.8,42.747270490000005
2026-10-05 16:15:00,85256.8,85256.8,84979.5,85138.9,122.00324958
2026-10-05 16:30:00,85140.9,85297.7,85120.6,85185.2,20.10980683
2026-10-05 16:45:00,85185.1,85330.8,85157.9,85308.1,29.77391216
2026-10-05 17:00:00,85308.2,85308.2,85211.5,85266.8,23.10452256
2026-10-05 17:15:00,85266.8,85378.9,85266.1,85378.8,17.27418624
2026-10-05 17:30:00,85378.9,85385.3,85268.7,85339.7,22.35674503
2026-10-05 17:45:00,85339.7,85451.8,85238.7,85442.1,22.6335062
2026-10-05 18:00:00,85442.6,85510.2,85338.8,85453.9,10.81399453
2026-10-05 18:15:00,85454.0,85611.6,85441.2,85559.8,29.97288652
2026-10-05 18:30:00,85559.7,85646.4,85515.9,85621.0,15.2571996
2026-10-05 18:45:00,85621.0,85658.4,85591.1,85658.4,34.789780050000005
2026-10-05 19:00:00,85658.4,85700.0,85550.8,85668.8,13.46430305
2026-10-05 19:15:00,85668.7,85810.0,85631.8,85728.1,36.0344732
2026-10-05 19:30:00,85728.1,85801.4,85669.0,85723.0,11.5935919
2026-10-05 19:45:00,85723.0,85753.7,85657.4,85739.1,15.53196821
2026-10-05 20:00:00,85739.0,85782.8,85648.5,85696.1,7.1404401
2026-10-05 20:15:00,85696.1,85826.9,85696.1,85780.3,8.11559918
2026-10-05 20:30:00,85780.3,85833.2,85737.0,85801.0,10.67455826
2026-10-05 20:45:00,85801.1,85875.0,85779.7,85779.7,21.27803794
2026-10-05 21:00:00,85779.8,85793.0,85702.5,85721.5,7.9171159
2026-10-05 21:15:00,85752.5,85849.2,85752.4,85800.3,35.96256068
2026-10-05 21:30:00,85800.3,85933.7,85800.3,85918.9,85.1462708
2026-10-05 21:45:00,85919.0,85984.7,85837.6,85941.5,78.18861026
2026-10-05 22:00:00,85941.6,86017.4,85842.9,85960.9,19.70650688
2026-10-05 22:15:00,85959.0,86020.3,85884.5,86003.6,19.18109749
2026-10-05 22:30:00,86003.7,86016.6,85859.9,85974.4,14.4482128
2026-10-05 22:45:00,85974.4,85983.3,85879.4,85932.8,4.2746821
2026-10-05 23:00:00,85932.8,86066.7,85839.6,85859.9,35.2215505
2026-10-05 23:15:00,85859.6,85990.9,85829.2,85921.2,18.04940351
2026-10-05 23:30:00,85921.1,85925.4,85817.5,85841.8,14.56167789
2026-10-05 23:45:00,85835.0,85855.6,85727.8,85759.7,16.02931357
2026-10-06 00:00:00,85759.7,85898.6,85759.6,85823.3,10.15549211
2026-10-06 00:15:00,85823.3,85974.9,85823.3,85823.3,40.13161057
2026-10-06 00:30:00,85823.2,85901.0,85774.2,85801.8,8.2375953
2026-10-06 00:45:00,85801.8,85918.5,85770.4,85918.5,10.3601699
2026-10-06 01:00:00,85919.3,86142.8,85919.3,86070.1,85.88501263
2026-10-06 01:15:00,86070.0,86070.0,85859.8,85980.5,19.1665113
2026-10-06 01:30:00,85980.5,85990.0,85663.6,85667.0,78.65705382
2026-10-06 01:45:00,85667.1,85746.2,85610.6,85678.4,46.8206296
2026-10-06 02:00:00,85678.4,85678.4,85458.2,85458.2,43.302939550000005
2026-10-06 02:15:00,85458.2,85760.8,85451.9,85638.9,21.47389058
2026-10-06 02:30:00,85638.9,85695.8,85502.0,85594.7,18.36664631
2026-10-06 02:45:00,85594.7,85600.0,85515.9,85544.4,12.34398423
2026-10-06 03:00:00,85536.7,85599.9,85522.2,85533.5,17.39486877
2026-10-06 03:15:00,85533.5,85618.2,85474.2,85474.2,9.64249054
2026-10-06 03:30:00,85474.2,85493.3,85321.1,85472.6,52.61866024
2026-10-06 03:45:00,85472.6,85588.8,85464.8,85522.2,19.97567096
2026-10-06 04:00:00,85522.2,85633.7,85521.0,85628.2,16.5950029
2026-10-06 04:15:00,85628.3,85641.9,85586.7,85590.0,7.22547549
2026-10-06 04:30:00,85592.0,85644.4,85559.7,85600.1,10.94935968
2026-10-06 04:45:00,85600.0,85630.0,85570.1,85627.0,15.72989882
2026-10-06 05:00:00,85627.0,85753.7,85585.4,85708.5,15.54678062
2026-10-06 05:15:00,85708.5,85726.0,85650.0,85690.7,8.07729314
2026-10-06 05:30:00,85690.6,85712.8,85580.1,85596.7,8.78121314
2026-10-06 05:45:00,85596.6,85596.6,85511.0,85519.2,21.14580814
2026-10-06 06:00:00,85519.3,85519.3,85150.0,85165.6,62.03751541
2026-10-06 06:15:00,85166.2,85300.6,85141.5,85261.7,33.60540836
2026-10-06 06:30:00,85258.4,85366.4,85257.0,85339.6,48.17479212
2026-10-06 06:45:00,85339.6,85378.4,85310.2,85310.2,17.77673226
2026-10-06 07:00:00,85310.2,85380.3,85273.1,85380.3,29.24647665
2026-10-06 07:15:00,85380.4,85415.7,85297.4,85304.1,27.58028108
2026-10-06 07:30:00,85302.8,85529.3,85302.8,85528.0,200.00209941
2026-10-06 07:45:00,85529.4,85659.2,85529.3,85578.4,266.73595747
2026-10-06 08:00:00,85578.5,86030.8,85565.6,85793.5,143.84523633
2026-10-06 08:15:00,85793.5,85934.1,85771.4,85885.4,32.19084432
2026-10-06 08:30:00,85883.6,85966.9,85801.6,85964.4,61.66643422
2026-10-06 08:45:00,85964.3,86056.6,85918.4,86022.7,43.54947192
2026-10-06 09:00:00,86022.8,86062.3,85882.6,85938.3,61.20757769
2026-10-06 09:15:00,85938.3,86130.0,85666.6,85793.4,153.25404513
2026-10-06 09:30:00,85788.5,85969.1,85750.2,85906.1,34.03589443
2026-10-06 09:45:00,85906.2,86225.0,85868.2,85994.1,73.55880282
2026-10-06 10:00:00,85994.1,86171.8,85959.4,86163.0,32.46240822
2026-10-06 10:15:00,86163.0,86163.0,86033.3,86131.2,43.2075126
2026-10-06 10:30:00,86133.9,86207.6,86005.3,86184.9,47.0035723
2026-10-06 10:45:00,86184.9,86256.5,86125.5,86164.3,50.7810183
2026-10-06 11:00:00,86164.3,86217.5,86061.6,86184.9,27.67567987
2026-10-06 11:15:00,86186.3,86386.8,86170.9,86203.8,82.93991382
2026-10-06 11:30:00,86203.9,86341.4,86175.0,86315.3,59.41674621
2026-10-06 11:45:00,86315.4,86364.1,86231.0,86247.2,33.496591710000004
2026-10-06 12:00:00,86247.2,86417.5,86225.7,86380.3,58.702304080000005
2026-10-06 12:15:00,86380.4,86406.1,86133.0,86149.6,38.28805235
2026-10-06 12:30:00,86149.7,86287.8,86120.8,86267.0,39.66980107
2026-10-06 12:45:00,86267.0,86323.5,86143.7,86207.9,50.82760006
2026-10-06 13:00:00,86207.9,86242.7,86068.0,86084.6,59.5784333
2026-10-06 13:15:00,86085.9,86121.0,85980.0,86019.7,80.49242373999999
2026-10-06 13:30:00,86019.6,86443.1,85991.1,86366.8,133.81338861
2026-10-06 13:45:00,86366.8,86483.1,86257.7,86316.6,72.21665605
2026-10-06 14:00:00,86316.6,86378.0,86093.0,86323.3,91.48062274
2026-10-06 14:15:00,86314.0,86351.6,85958.2,86022.5,94.80039728
2026-10-06 14:30:00,86022.5,86366.1,86002.4,86303.7,39.06596591
2026-10-06 14:45:00,86303.6,86633.2,86209.5,86595.0,165.53751241999998
2026-10-06 15:00:00,86599.4,86693.7,86523.5,86595.2,66.57560086000001
2026-10-06 15:15:00,86595.2,86650.0,86232.1,86269.5,140.01143266
2026-10-06 15:30:00,86272.0,86489.5,86100.0,86100.0,88.59750073000001
2026-10-06 15:45:00,86100.0,86123.0,85722.8,85722.8,101.55663861
2026-10-06 16:00:00,85722.8,85857.4,85714.2,85795.4,72.02586838
2026-10-06 16:15:00,85793.4,85813.0,85659.4,85723.1,67.24879677
2026-10-06 16:30:00,85722.1,85775.9,85580.0,85716.0,77.38455504
2026-10-06 16:45:00,85712.5,85750.9,85587.6,85587.7,20.68561357
2026-10-06 17:00:00,85587.6,85660.9,85513.8,85546.6,74.44245377
2026-10-06 17:15:00,85546.6,85665.1,85483.9,85633.4,76.91049539
2026-10-06 17:30:00,85633.4,85645.9,85528.5,85616.3,60.92723207
2026-10-06 17:45:00,85616.3,85761.5,85545.8,85732.0,50.94790473
2026-10-06 18:00:00,85733.6,85829.2,85733.6,85778.8,81.77349423
2026-10-06 18:15:00,85778.8,85800.2,85640.8,85729.3,26.22257433
2026-10-06 18:30:00,85729.1,85729.1,85554.4,85629.7,35.79353356
2026-10-06 18:45:00,85629.6,85629.7,85514.3,85514.3,15.76093314
2026-10-06 19:00:00,85514.3,85560.8,85428.5,85500.3,34.93584886
2026-10-06 19:15:00,85500.3,85549.0,85437.4,85502.9,19.98312167
2026-10-06 19:30:00,85503.0,85603.4,85500.0,85500.0,22.29878081
2026-10-06 19:45:00,85500.0,85693.2,85493.0,85615.0,23.17249181
2026-10-06 20:00:00,85615.1,85643.6,85572.8,85636.4,14.72775064
2026-10-06 20:15:00,85636.3,85677.0,85600.0,85614.5,17.31446931
2026-10-06 20:30:00,85614.5,85671.4,85614.4,85629.6,6.18416111
2026-10-06 20:45:00,85626.1,85672.4,85600.5,85616.3,8.9073148
2026-10-06 21:00:00,85616.3,85638.4,85516.7,85572.6,13.86063724
2026-10-06 21:15:00,85572.1,85584.7,85500.0,85575.1,4.61431778
2026-10-06 21:30:00,85580.0,85626.1,85570.6,85589.4,10.88116771
2026-10-06 21:45:00,85589.3,85629.6,85550.0,85629.6,9.22873832
2026-10-06 22:00:00,85629.6,85668.9,85577.0,85586.4,13.09132525
2026-10-06 22:15:00,85586.4,85633.4,85484.2,85485.4,14.03277713
2026-10-06 22:30:00,85487.5,85560.3,85469.3,85560.3,10.93343031
2026-10-06 22:45:00,85560.3,85592.9,85531.5,85531.5,9.40805626
2026-10-06 23:00:00,85531.6,85557.6,85500.0,85500.0,8.77296085
2026-10-06 23:15:00,85500.1,85543.1,85449.3,85498.5,24.42985855
2026-10-06 23:30:00,85498.5,85582.5,85355.2,85578.3,41.38157565
2026-10-06 23:45:00,85578.3,85621.5,85553.9,85553.9,13.48985732
2026-10-07 00:00:00,85553.9,85604.3,85470.2,85577.9,14.690515050000002
2026-10-07 00:15:00,85577.8,85594.9,85414.4,85414.4,11.51992495
2026-10-07 00:30:00,85412.7,85579.5,85406.7,85512.7,32.43649287
2026-10-07 00:45:00,85512.7,85568.3,85500.0,85546.0,9.43894586
2026-10-07 01:00:00,85546.0,85546.0,85412.6,85453.6,16.61681849
2026-10-07 01:15:00,85453.7,85453.7,85255.0,85272.2,64.79272632
2026-10-07 01:30:00,85270.7,85345.4,85200.0,85295.8,83.01759612
2026-10-07 01:45:00,85295.8,85339.0,84388.0,84388.0,387.40318947
2026-10-07 02:00:00,84388.0,84533.0,83577.1,83945.4,624.05208578
2026-10-07 02:15:00,83945.3,84108.2,83710.1,83855.1,125.30774886
2026-10-07 02:30:00,83855.1,83991.6,83800.0,83812.5,108.15353759
2026-10-07 02:45:00,83812.5,83942.7,83804.7,83860.5,80.04170744
2026-10-07 03:00:00,83865.5,84119.0,83865.5,83962.1,342.15648393
2026-10-07 03:15:00,83962.1,84122.4,83962.1,83989.0,40.22797412
2026-10-07 03:30:00,83988.9,84168.3,83988.9,84150.0,24.11958072
2026-10-07 03:45:00,84150.0,84249.9,84140.1,84162.7,82.68247863
2026-10-07 04:00:00,84162.6,84230.6,84108.0,84151.5,30.83980203
2026-10-07 04:15:00,84151.5,84187.1,84056.0,84156.6,24.79227382
2026-10-07 04:30:00,84156.6,84156.6,84037.1,84120.3,48.93625161
2026-10-07 04:45:00,84121.0,84180.6,84082.9,84099.8,21.66088478
2026-10-07 05:00:00,84099.8,84219.9,84078.8,84179.2,20.0489447
2026-10-07 05:15:00,84179.2,84247.2,84165.0,84189.8,13.00171179
2026-10-07 05:30:00,84189.8,84250.1,84170.6,84237.5,59.99003973
2026-10-07 05:45:00,84238.2,84349.0,84223.5,84335.0,32.2654295
2026-10-07 06:00:00,84335.1,84360.0,84263.6,84304.2,20.57183334
2026-10-07 06:15:00,84304.1,84306.4,84142.6,84192.7,30.12848922
2026-10-07 06:30:00,84192.8,84392.8,84179.1,84329.6,19.31399221
2026-10-07 06:45:00,84332.5,84352.4,84224.6,84224.7,15.83987409
2026-10-07 07:00:00,84224.7,84265.9,84159.4,84235.7,26.73506644
2026-10-07 07:15:00,84266.5,84275.7,84175.1,84235.9,11.77175685
2026-10-07 07:30:00,84237.7,84325.1,84232.8,84319.2,223.33557443
2026-10-07 07:45:00,84319.2,84319.2,84106.3,84148.8,196.43699336
2026-10-07 08:00:00,84143.9,84153.6,84019.0,84048.6,53.17212212
2026-10-07 08:15:00,84048.5,84073.6,83964.2,84041.5,55.8497514
2026-10-07 08:30:00,84041.6,84182.6,83970.1,84009.5,74.9683165
2026-10-07 08:45:00,84009.6,84040.3,83948.7,83955.3,22.86335927
2026-10-07 09:00:00,83955.1,84000.0,83901.7,83929.7,42.09025722
2026-10-07 09:15:00,83929.8,83956.8,83764.0,83839.7,64.70946585
2026-10-07 09:30:00,83846.1,83868.9,83650.0,83790.1,108.06244031
2026-10-07 09:45:00,83790.2,83840.8,83700.0,83806.4,39.39197753
2026-10-07 10:00:00,83806.4,83903.3,83423.6,83845.0,183.3668532
2026-10-07 10:15:00,83846.2,83939.8,83793.1,83882.6,36.87221282
2026-10-07 10:30:00,83885.0,83933.0,83646.9,83647.1,40.96191639
2026-10-07 10:45:00,83647.5,83845.1,83647.0,83749.2,23.13118034
2026-10-07 11:00:00,83749.2,83843.0,83697.5,83832.6,27.26644749
2026-10-07 11:15:00,83832.5,83835.9,83609.9,83731.6,35.6532567
2026-10-07 11:30:00,83732.4,83739.4,83584.9,83661.9,32.758053180000005
2026-10-07 11:45:00,83659.4,83754.0,83538.6,83736.0,42.25154534
2026-10-07 12:00:00,83736.1,83755.9,83596.3,83661.1,28.44228191
2026-10-07 12:15:00,83661.1,83690.3,83442.4,83479.5,52.47744887
2026-10-07 12:30:00,83479.5,83726.5,83451.9,83518.6,59.48065097
2026-10-07 12:45:00,83518.9,83525.0,83417.0,83499.8,53.90590981
2026-10-07 13:00:00,83499.6,83555.9,83322.4,83395.1,90.57382535
2026-10-07 13:15:00,83396.9,83497.1,83251.6,83322.1,82.76436021999999
2026-10-07 13:30:00,83322.1,83481.6,83071.6,83095.9,304.08255811000004
2026-10-07 13:45:00,83096.3,83400.0,82753.0,83184.8,268.79005917
2026-10-07 14:00:00,83184.8,83309.8,83067.7,83171.0,68.85781745
2026-10-07 14:15:00,83171.1,83255.3,82991.3,83076.6,63.1545804
2026-10-07 14:30:00,83072.2,83201.6,82966.6,82983.4,97.14455353
2026-10-07 14:45:00,82983.4,83056.6,82928.5,83008.9,42.71791186
2026-10-07 15:00:00,83009.0,83150.3,82813.5,83075.2,105.48530955
2026-10-07 15:15:00,83074.5,83170.8,82911.9,83074.4,48.82925935
2026-10-07 15:30:00,83074.4,83354.4,83068.5,83315.7,68.0823902
2026-10-07 15:45:00,83315.7,83460.0,83302.8,83458.2,112.57889175
2026-10-07 16:00:00,83458.1,83621.1,83348.6,83519.5,129.36455655999998
2026-10-07 16:15:00,83519.5,83655.3,83468.4,83563.3,42.12230282
2026-10-07 16:30:00,83564.5,83683.8,83400.0,83463.1,76.986835
2026-10-07 16:45:00,83463.0,83513.0,83374.1,83390.2,81.0246766
2026-10-07 17:00:00,83390.3,83633.2,83365.3,83535.2,55.83748349
2026-10-07 17:15:00,83534.2,83538.0,83210.9,83211.0,51.91483446
2026-10-07 17:30:00,83211.0,83306.0,83063.1,83114.8,79.58733483
2026-10-07 17:45:00,83114.2,83204.5,83063.1,83159.3,29.37478422
2026-10-07 18:00:00,83159.4,83476.3,83159.4,83353.6,51.21771567
2026-10-07 18:15:00,83353.7,83400.0,83251.5,83368.8,35.37776225
2026-10-07 18:30:00,83366.7,83381.4,83296.5,83323.3,11.66389355
2026-10-07 18:45:00,83321.7,83490.3,83316.6,83423.9,29.88081053
2026-10-07 19:00:00,83424.0,83498.0,83352.9,83397.1,19.24725
2026-10-07 19:15:00,83395.8,83513.4,83395.8,83452.1,9.49773097
2026-10-07 19:30:00,83452.2,83486.2,83306.8,83455.2,26.95657232
2026-10-07 19:45:00,83455.3,83455.3,83321.2,83440.1,35.89944735
2026-10-07 20:00:00,83440.1,83566.3,83439.2,83554.8,29.1375936
2026-10-07 20:15:00,83554.4,83622.0,83516.7,83577.1,26.33552466
2026-10-07 20:30:00,83577.2,83577.2,83333.4,83390.1,28.57513011
2026-10-07 20:45:00,83390.0,83454.7,83362.6,83437.8,16.46669428
2026-10-07 21:00:00,83437.8,83462.2,83332.2,83380.0,17.1474874
2026-10-07 21:15:00,83380.7,83408.6,83332.3,83332.4,3.92698235
2026-10-07 21:30:00,83332.4,83332.5,83201.1,83205.5,20.82018894
2026-10-07 21:45:00,83205.6,83225.4,83125.8,83160.7,41.813927
2026-10-07 22:00:00,83160.7,83291.9,83137.8,83239.3,50.71365191
2026-10-07 22:15:00,83239.4,83330.1,83191.6,83299.5,14.98795537
2026-10-07 22:30:00,83298.7,83335.0,83213.1,83295.2,15.04142017
2026-10-07 22:45:00,83295.2,83295.2,83222.2,83233.2,11.83212785
2026-10-07 23:00:00,83233.2,83253.9,83134.6,83185.1,31.53078946
2026-10-07 23:15:00,83185.0,83388.0,83185.0,83370.1,14.4493236
2026-10-07 23:30:00,83370.2,83415.0,83330.7,83344.0,18.79061992
2026-10-07 23:45:00,83344.0,83354.6,83256.9,83323.0,21.56032088
2026-10-08 00:00:00,83323.0,83336.9,83216.7,83271.6,96.55719636
2026-10-08 00:15:00,83271.6,83415.2,83254.1,83261.2,28.75760851
2026-10-08 00:30:00,83261.2,83327.0,83233.9,83289.9,83.86097928
2026-10-08 00:45:00,83289.9,83442.2,83256.6,83370.4,61.9244081
2026-10-08 01:00:00,83370.4,83520.0,83357.4,83377.4,78.29630761
2026-10-08 01:15:00,83377.4,83438.8,83162.8,83290.3,33.62178395
2026-10-08 01:30:00,83291.1,83400.0,83244.8,83263.6,39.91907473
2026-10-08 01:45:00,83258.0,83265.9,83100.0,83111.1,28.74676
2026-10-08 02:00:00,83111.1,83180.3,82916.3,83110.8,72.92309754
2026-10-08 02:15:00,83112.9,83208.4,83013.4,83172.6,29.76087914
2026-10-08 02:30:00,83172.6,83282.4,83153.4,83263.8,22.5257059
2026-10-08 02:45:00,83262.7,83308.9,83130.5,83181.1,28.27282659
2026-10-08 03:00:00,83181.2,83218.5,82921.1,82924.7,60.70208208
2026-10-08 03:15:00,82924.7,83032.1,82650.0,82971.9,158.77293453
2026-10-08 03:30:00,82972.2,83023.0,82816.6,82847.6,119.63610518
2026-10-08 03:45:00,82847.5,82908.3,82696.6,82771.6,71.5510958
2026-10-08 04:00:00,82769.3,82829.2,82627.3,82734.9,111.09644184
2026-10-08 04:15:00,82735.0,82893.6,82227.4,82874.4,393.86258211
2026-10-08 04:30:00,82876.2,82933.3,82513.2,82533.7,85.16314915000001
2026-10-08 04:45:00,82533.7,82737.8,82449.9,82660.8,72.61249179
2026-10-08 05:00:00,82660.8,82780.0,82568.3,82780.0,110.3928211
2026-10-08 05:15:00,82780.0,82991.6,82739.1,82913.8,63.5211238
2026-10-08 05:30:00,82913.8,83023.4,82851.4,82880.2,61.84464898
2026-10-08 05:45:00,82879.5,82959.9,82679.0,82679.0,58.81478713
2026-10-08 06:00:00,82679.1,82921.9,82656.6,82917.7,60.33610735
2026-10-08 06:15:00,82917.8,82931.8,82583.1,82601.4,64.26030657
2026-10-08 06:30:00,82600.9,82737.0,82509.0,82706.8,53.75964574
2026-10-08 06:45:00,82706.8,82948.4,82704.3,82868.5,72.748734
2026-10-08 07:00:00,82868.0,83074.0,82720.5,83054.9,57.81923646
2026-10-08 07:15:00,83054.9,83195.6,82995.2,83160.5,103.64716637
2026-10-08 07:30:00,83160.8,83224.8,83086.6,83112.3,187.61849977000003
2026-10-08 07:45:00,83112.4,83112.4,82983.8,83002.8,97.76402205
2026-10-08 08:00:00,83002.9,83070.4,82934.0,82966.7,31.97614037
2026-10-08 08:15:00,82968.2,83073.1,82934.0,83002.7,47.34802059
2026-10-08 08:30:00,83002.6,83029.9,82797.4,82865.5,39.00883131
2026-10-08 08:45:00,82865.4,82957.0,82826.2,82879.3,42.81389992
2026-10-08 09:00:00,82879.4,83066.6,82872.7,83036.2,25.49361176
2026-10-08 09:15:00,83036.1,83083.2,82825.9,83041.7,36.91176055
2026-10-08 09:30:00,83041.7,83174.9,83006.6,83128.0,26.21349043
2026-10-08 09:45:00,83124.7,83176.3,83058.8,83124.9,26.74789914
2026-10-08 10:00:00,83124.9,83177.0,83019.7,83080.7,19.48568032
2026-10-08 10:15:00,83080.8,83081.0,82737.6,82788.4,69.56251506000001
2026-10-08 10:30:00,82788.3,82850.3,82628.7,82716.7,35.92423762
2026-10-08 10:45:00,82716.7,82756.6,82600.0,82731.0,33.16896941
2026-10-08 11:00:00,82731.1,82741.7,82324.3,82478.5,138.51720212
2026-10-08 11:15:00,82478.2,82606.7,82338.3,82550.7,119.07971844
2026-10-08 11:30:00,82550.8,82669.7,82395.8,82619.0,65.6284514
2026-10-08 11:45:00,82619.0,82667.7,82486.0,82503.3,21.11400254
2026-10-08 12:00:00,82503.3,82520.8,82228.6,82408.7,82.66578419
2026-10-08 12:15:00,82408.8,82500.0,82350.0,82481.0,35.81863337
2026-10-08 12:30:00,82481.0,82481.0,82333.8,82350.1,34.28808521
2026-10-08 12:45:00,82350.0,82422.6,81938.9,82321.7,311.50774426
2026-10-08 13:00:00,82323.3,82530.3,82120.8,82482.8,99.16167896
2026-10-08 13:15:00,82480.3,82640.1,82360.0,82360.0,83.96749871
2026-10-08 13:30:00,82359.9,82503.5,81752.7,82039.5,316.76726502
2026-10-08 13:45:00,82039.4,82231.3,81801.4,82174.5,270.60001657
2026-10-08 14:00:00,82174.5,82613.0,82127.5,82544.7,180.40262408
2026-10-08 14:15:00,82544.6,82748.1,82442.3,82726.0,112.65703936
2026-10-08 14:30:00,82726.0,82781.2,82517.3,82561.2,77.15501743
2026-10-08 14:45:00,82561.2,82779.5,82553.0,82697.7,51.95735121
2026-10-08 15:00:00,82697.6,82697.6,82164.8,82166.3,156.88005597
2026-10-08 15:15:00,82164.9,82231.6,81284.7,81363.4,550.05196185
2026-10-08 15:30:00,81362.8,81541.0,80905.8,81244.3,454.95813148
2026-10-08 15:45:00,81238.2,81541.0,81000.0,81031.3,275.94709549000004
2026-10-08 16:00:00,81035.3,81290.3,80799.9,81022.7,416.93903224
2026-10-08 16:15:00,81022.7,81450.0,80940.6,81311.3,299.09275654
2026-10-08 16:30:00,81311.3,81446.5,81100.0,81283.0,94.16507111
2026-10-08 16:45:00,81283.0,81374.8,80903.4,80953.2,120.59197865
2026-10-08 17:00:00,80953.3,81027.8,80670.4,80936.0,292.32412341
2026-10-08 17:15:00,80933.1,80945.3,80400.0,80735.8,387.15105153
2026-10-08 17:30:00,80737.7,80933.9,80704.0,80839.0,230.54597146
2026-10-08 17:45:00,80838.4,80899.1,80546.0,80752.3,202.93165815
2026-10-08 18:00:00,80752.3,80826.6,80535.9,80801.4,201.80310709
2026-10-08 18:15:00,80801.3,81469.3,80800.0,81424.1,413.23524385
2026-10-08 18:30:00,81424.0,81560.0,81295.2,81520.3,355.18878063
2026-10-08 18:45:00,81520.2,81556.5,81443.2,81506.6,59.89340072
2026-10-08 19:00:00,81506.7,81627.4,81425.1,81503.7,62.94097134
2026-10-08 19:15:00,81503.7,81723.7,81454.3,81688.0,49.18229307
2026-10-08 19:30:00,81688.0,81837.5,81687.3,81744.2,44.5737084
2026-10-08 19:45:00,81744.2,81840.3,81711.0,81778.9,45.78769245
2026-10-08 20:00:00,81779.4,81897.0,81779.4,81884.2,40.07729624
2026-10-08 20:15:00,81884.2,81885.1,81709.7,81759.6,23.83452852
2026-10-08 20:30:00,81759.7,81853.7,81702.6,81820.8,37.98828864
2026-10-08 20:45:00,81817.7,81842.3,81751.5,81807.4,41.78115684
2026-10-08 21:00:00,81807.3,81807.3,81631.4,81763.9,55.38463472
2026-10-08 21:15:00,81764.0,81800.0,81668.4,81679.2,22.13627495
2026-10-08 21:30:00,81677.5,81738.1,81650.1,81701.7,16.903655280000002
2026-10-08 21:45:00,81701.7,81738.5,81609.7,81710.0,17.88488694
2026-10-08 22:00:00,81710.0,81853.8,81677.8,81828.7,17.44872461
2026-10-08 22:15:00,81828.7,81859.1,81770.7,81787.4,18.22472193
2026-10-08 22:30:00,81785.0,81930.8,81763.8,81912.8,20.85583844
2026-10-08 22:45:00,81912.7,81944.9,81816.4,81898.9,17.871446249999998
2026-10-08 23:00:00,81899.0,81939.7,81825.3,81834.4,35.056661410000004
2026-10-08 23:15:00,81834.4,81922.2,81823.5,81844.7,11.01091363
2026-10-08 23:30:00,81844.6,81923.5,81796.0,81802.6,24.8558971
2026-10-08 23:45:00,81802.7,81807.0,81700.0,81760.0,28.29665663
2026-10-09 00:00:00,81760.1,81853.7,81713.1,81835.4,103.66654297
2026-10-09 00:15:00,81835.3,81857.2,81700.1,81748.4,48.09899072
2026-10-09 00:30:00,81745.2,81889.0,81742.1,81838.6,39.30404457
2026-10-09 00:45:00,81838.6,81908.9,81794.7,81806.6,16.17075105
2026-10-09 01:00:00,81806.1,81889.2,81666.3,81735.1,29.16155268
2026-10-09 01:15:00,81735.1,81907.3,81611.9,81814.5,45.18933708
2026-10-09 01:30:00,81814.4,81997.0,81699.3,81983.8,32.262981440000004
2026-10-09 01:45:00,81982.6,82000.0,81891.7,81978.9,54.51999307
2026-10-09 02:00:00,81984.3,82133.2,81980.0,82024.8,65.04411013
2026-10-09 02:15:00,82026.6,82059.1,81909.9,81916.2,41.10863393
2026-10-09 02:30:00,81916.2,82055.0,81903.7,82044.8,32.69898146
2026-10-09 02:45:00,82044.8,82358.5,82004.9,82117.9,104.47794522
2026-10-09 03:00:00,82118.0,82191.5,82050.3,82076.5,51.5148567
2026-10-09 03:15:00,82076.5,82255.4,82076.4,82222.1,27.43261108
2026-10-09 03:30:00,82222.0,82397.3,82171.9,82393.2,42.17839471
2026-10-09 03:45:00,82393.1,82430.9,82321.3,82419.7,21.27519811
2026-10-09 04:00:00,82419.7,82509.7,82400.4,82509.6,100.1390723
2026-10-09 04:15:00,82509.6,82521.0,82430.9,82436.0,16.82144581
2026-10-09 04:30:00,82435.9,82489.2,82324.4,82336.1,37.57934032
2026-10-09 04:45:00,82336.1,82337.2,82214.2,82242.3,42.44122135
2026-10-09 05:00:00,82242.4,82383.4,82231.0,82364.3,59.59368982
2026-10-09 05:15:00,82363.4,82568.0,82363.3,82529.6,95.82159376
2026-10-09 05:30:00,82529.6,82617.6,82457.5,82507.3,37.61694942
2026-10-09 05:45:00,82510.0,82517.7,82311.2,82356.3,40.12203504
2026-10-09 06:00:00,82356.4,82478.6,82356.4,82467.1,57.83188388
2026-10-09 06:15:00,82467.0,82531.2,82412.9,82486.3,46.53574184
2026-10-09 06:30:00,82486.4,82606.7,82477.8,82594.8,16.87633224
2026-10-09 06:45:00,82594.8,82662.0,82546.6,82571.2,33.73054226
2026-10-09 07:00:00,82571.2,82587.0,82499.1,82532.5,27.240615740000003
2026-10-09 07:15:00,82532.6,82564.2,82517.6,82546.9,5.69066141
