timestamp,funding_rate,open_interest,open_interest_value,global_long_short_ratio,global_long_account,global_short_account,taker_buy_sell_ratio,taker_buy_vol,taker_sell_vol,fundamental_source_age_hours
2026-08-14 05:00:00,6.452e-05,104732.195,6786510084.1465,1.5221,0.6035,0.3965,0.6774,188.644,278.502,0.0
2026-08-14 05:15:00,6.452e-05,104732.195,6786510084.1465,1.5221,0.6035,0.3965,0.6774,188.644,278.502,0.0
2026-08-14 05:30:00,6.452e-05,104732.195,6786510084.1465,1.5221,0.6035,0.3965,0.6774,188.644,278.502,0.0
2026-08-14 05:45:00,6.452e-05,104732.195,6786510084.1465,1.5221,0.6035,0.3965,0.6774,188.644,278.502,0.0
2026-08-14 06:00:00,6.452e-05,104732.195,6786510084.1465,1.5221,0.6035,0.3965,0.6774,188.644,278.502,0.0
2026-08-14 06:15:00,6.452e-05,104732.195,6786510084.1465,1.5221,0.6035,0.3965,0.6774,188.644,278.502,0.0
2026-08-14 06:30:00,6.452e-05,104732.195,6786510084.1465,1.5221,0.6035,0.3965,0.6774,188.644,278.502,0.0
2026-08-14 06:45:00,6.452e-05,104732.195,6786510084.1465,1.5221,0.6035,0.3965,0.6774,188.644,278.502,0.0
2026-08-14 07:00:00,6.452e-05,104732.195,6786510084.1465,1.5221,0.6035,0.3965,0.6774,188.644,278.502,0.0
2026-08-14 07:15:00,6.452e-05,104732.195,6786510084.1465,1.5221,0.6035,0.3965,0.6774,188.644,278.502,0.0
2026-08-14 07:30:00,6.452e-05,104732.195,6786510084.1465,1.5221,0.6035,0.3965,0.6774,188.644,278.502,0.0
2026-08-14 07:45:00,6.452e-05,104732.195,6786510084.1465,1.5221,0.6035,0.3965,0.6774,188.644,278.502,0.0
2026-08-14 08:00:00,6.452e-05,104732.195,6786510084.1465,1.5221,0.6035,0.3965,0.6774,188.644,278.502,0.0
2026-08-14 08:15:00,6.452e-05,104732.195,6786510084.1465,1.5221,0.6035,0.3965,0.6774,188.644,278.502,0.0
2026-08-14 08:30:00,6.452e-05,104732.195,6786510084.1465,1.5221,0.6035,0.3965,0.6774,188.644,278.502,0.0
2026-08-14 08:45:00,6.452e-05,104732.195,6786510084.1465,1.5221,0.6035,0.3965,0.6774,188.644,278.502,0.0
2026-08-14 09:00:00,6.452e-05,104732.195,6786510084.1465,1.5221,0.6035,0.3965,0.6774,188.644,278.502,0.0
2026-08-14 09:15:00,6.452e-05,104732.195,6786510084.1465,1.5221,0.6035,0.3965,0.6774,188.644,278.502,0.0
2026-08-14 09:30:00,6.452e-05,104732.195,6786510084.1465,1.5221,0.6035,0.3965,0.6774,188.644,278.502,0.0
2026-08-14 09:45:00,6.452e-05,104732.195,6786510084.1465,1.5221,0.6035,0.3965,0.6774,188.644,278.502,0.0
2026-08-14 10:00:00,6.452e-05,104732.195,6786510084.1465,1.5221,0.6035,0.3965,0.6774,188.644,278.502,0.0
2026-08-14 10:15:00,6.452e-05,104732.195,6786510084.1465,1.5221,0.6035,0.3965,0.6774,188.644,278.502,0.0
2026-08-14 10:30:00,6.452e-05,104732.195,6786510084.1465,1.5221,0.6035,0.3965,0.6774,188.644,278.502,0.0
2026-08-14 10:45:00,6.452e-05,104732.195,6786510084.1465,1.5221,0.6035,0.3965,0.6774,188.644,278.502,0.0
2026-08-14 11:00:00,6.452e-05,104732.195,6786510084.1465,1.5221,0.6035,0.3965,0.6774,188.644,278.502,0.0
2026-08-14 11:15:00,6.452e-05,104732.195,6786510084.1465,1.5221,0.6035,0.3965,0.6774,188.644,278.502,0.0
2026-08-14 11:30:00,6.452e-05,104732.195,6786510084.1465,1.5221,0.6035,0.3965,0.6774,188.644,278.502,0.0
2026-08-14 11:45:00,6.452e-05,104732.195,6786510084.1465,1.5221,0.6035,0.3965,0.6774,188.644,278.502,0.0
2026-08-14 12:00:00,6.452e-05,104732.195,6786510084.1465,1.5221,0.6035,0.3965,0.6774,188.644,278.502,0.0
2026-08-14 12:15:00,6.452e-05,104732.195,6786510084.1465,1.5221,0.6035,0.3965,0.6774,188.644,278.502,0.0
2026-08-14 12:30:00,6.452e-05,104732.195,6786510084.1465,1.5221,0.6035,0.3965,0.6774,188.644,278.502,0.0
2026-08-14 12:45:00,6.452e-05,104732.195,6786510084.1465,1.5221,0.6035,0.3965,0.6774,188.644,278.502,0.0
2026-08-14 13:00:00,6.452e-05,104732.195,6786510084.1465,1.5221,0.6035,0.3965,0.6774,188.644,278.502,0.0
2026-08-14 13:15:00,6.452e-05,104732.195,6786510084.1465,1.5221,0.6035,0.3965,0.6774,188.644,278.502,0.0
2026-08-14 13:30:00,6.452e-05,104732.195,6786510084.1465,1.5221,0.6035,0.3965,0.6774,188.644,278.502,0.0
2026-08-14 13:45:00,6.452e-05,104732.195,6786510084.1465,1.5221,0.6035,0.3965,0.6774,188.644,278.502,0.0
2026-08-14 14:00:00,6.452e-05,104732.195,6786510084.1465,1.5221,0.6035,0.3965,0.6774,188.644,278.502,0.0
2026-08-14 14:15:00,6.452e-05,104732.195,6786510084.1465,1.5221,0.6035,0.3965,0.6774,188.644,278.502,0.0
2026-08-14 14:30:00,6.452e-05,104732.195,6786510084.1465,1.5221,0.6035,0.3965,0.6774,188.644,278.502,0.0
2026-08-14 14:45:00,6.452e-05,104732.195,6786510084.1465,1.5221,0.6035,0.3965,0.6774,188.644,278.502,0.0
2026-08-14 15:00:00,6.452e-05,104732.195,6786510084.1465,1.5221,0.6035,0.3965,0.6774,188.644,278.502,0.0
2026-08-14 15:15:00,6.452e-05,104732.195,6786510084.1465,1.5221,0.6035,0.3965,0.6774,188.644,278.502,0.0
2026-08-14 15:30:00,6.452e-05,104732.195,6786510084.1465,1.5221,0.6035,0.3965,0.6774,188.644,278.502,0.0
2026-08-14 15:45:00,6.452e-05,104732.195,6786510084.1465,1.5221,0.6035,0.3965,0.6774,188.644,278.502,0.0
2026-08-14 16:00:00,6.452e-05,104732.195,6786510084.1465,1.5221,0.6035,0.3965,0.6774,188.644,278.502,0.0
2026-08-14 16:15:00,6.452e-05,104732.195,6786510084.1465,1.5221,0.6035,0.3965,0.6774,188.644,278.502,0.0
2026-08-14 16:30:00,6.452e-05,104732.195,6786510084.1465,1.5221,0.6035,0.3965,0.6774,188.644,278.502,0.0
2026-08-14 16:45:00,6.452e-05,104732.195,6786510084.1465,1.5221,0.6035,0.3965,0.6774,188.644,278.502,0.0
2026-08-14 17:00:00,6.452e-05,104732.195,6786510084.1465,1.5221,0.6035,0.3965,0.6774,188.644,278.502,0.0
2026-08-14 17:15:00,6.452e-05,104732.195,6786510084.1465,1.5221,0.6035,0.3965,0.6774,188.644,278.502,0.0
2026-08-14 17:30:00,6.452e-05,104732.195,6786510084.1465,1.5221,0.6035,0.3965,0.6774,188.644,278.502,0.0
2026-08-14 17:45:00,6.452e-05,104732.195,6786510084.1465,1.5221,0.6035,0.3965,0.6774,188.644,278.502,0.0
2026-08-14 18:00:00,6.452e-05,104732.195,6786510084.1465,1.5221,0.6035,0.3965,0.6774,188.644,278.502,0.0
2026-08-14 18:15:00,6.452e-05,104732.195,6786510084.1465,1.5221,0.6035,0.3965,0.6774,188.644,278.502,0.0
2026-08-14 18:30:00,6.452e-05,104732.195,6786510084.1465,1.5221,0.6035,0.3965,0.6774,188.644,278.502,0.0
2026-08-14 18:45:00,6.452e-05,104732.195,6786510084.1465,1.5221,0.6035,0.3965,0.6774,188.644,278.502,0.0
2026-08-14 19:00:00,6.452e-05,104732.195,6786510084.1465,1.5221,0.6035,0.3965,0.6774,188.644,278.502,0.0
2026-08-14 19:15:00,6.452e-05,104732.195,6786510084.1465,1.5221,0.6035,0.3965,0.6774,188.644,278.502,0.0
2026-08-14 19:30:00,6.452e-05,104732.195,6786510084.1465,1.5221,0.6035,0.3965,0.6774,188.644,278.502,0.0
2026-08-14 19:45:00,6.452e-05,104732.195,6786510084.1465,1.5221,0.6035,0.3965,0.6774,188.644,278.502,0.0
2026-08-14 20:00:00,6.452e-05,104732.195,6786510084.1465,1.5221,0.6035,0.3965,0.6774,188.644,278.502,0.0
2026-08-14 20:15:00,6.452e-05,104732.195,6786510084.1465,1.5221,0.6035,0.3965,0.6774,188.644,278.502,0.0
2026-08-14 20:30:00,6.452e-05,104732.195,6786510084.1465,1.5221,0.6035,0.3965,0.6774,188.644,278.502,0.0
2026-08-14 20:45:00,6.452e-05,104732.195,6786510084.1465,1.5221,0.6035,0.3965,0.6774,188.644,278.502,0.0
2026-08-14 21:00:00,6.452e-05,104732.195,6786510084.1465,1.5221,0.6035,0.3965,0.6774,188.644,278.502,0.0
2026-08-14 21:15:00,6.452e-05,104732.195,6786510084.1465,1.5221,0.6035,0.3965,0.6774,188.644,278.502,0.0
2026-08-14 21:30:00,6.452e-05,104732.195,6786510084.1465,1.5221,0.6035,0.3965,0.6774,188.644,278.502,0.0
2026-08-14 21:45:00,6.452e-05,104732.195,6786510084.1465,1.5221,0.6035,0.3965,0.6774,188.644,278.502,0.0
2026-08-14 22:00:00,6.452e-05,104732.195,6786510084.1465,1.5221,0.6035,0.3965,0.6774,188.644,278.502,0.0
2026-08-14 22:15:00,6.452e-05,104732.195,6786510084.1465,1.5221,0.6035,0.3965,0.6774,188.644,278.502,0.0
2026-08-14 22:30:00,6.452e-05,104732.195,6786510084.1465,1.5221,0.6035,0.3965,0.6774,188.644,278.502,0.0
2026-08-14 22:45:00,6.452e-05,104732.195,6786510084.1465,1.5221,0.6035,0.3965,0.6774,188.644,278.502,0.0
2026-08-14 23:00:00,6.452e-05,104732.195,6786510084.1465,1.5221,0.6035,0.3965,0.6774,188.644,278.502,0.0
2026-08-14 23:15:00,6.452e-05,104732.195,6786510084.1465,1.5221,0.6035,0.3965,0.6774,188.644,278.502,0.0
2026-08-14 23:30:00,6.452e-05,104732.195,6786510084.1465,1.5221,0.6035,0.3965,0.6774,188.644,278.502,0.0
2026-08-14 23:45:00,6.452e-05,104732.195,6786510084.1465,1.5221,0.6035,0.3965,0.6774,188.644,278.502,0.0
2026-08-15 00:00:00,6.452e-05,104732.195,6786510084.1465,1.5221,0.6035,0.3965,0.6774,188.644,278.502,0.0
2026-08-15 00:15:00,6.452e-05,104732.195,6786510084.1465,1.5221,0.6035,0.3965,0.6774,188.644,278.502,0.0
2026-08-15 00:30:00,6.452e-05,104732.195,6786510084.1465,1.5221,0.6035,0.3965,0.6774,188.644,278.502,0.0
2026-08-15 00:45:00,6.452e-05,104732.195,6786510084.1465,1.5221,0.6035,0.3965,0.6774,188.644,278.502,0.0
2026-08-15 01:00:00,6.452e-05,104732.195,6786510084.1465,1.5221,0.6035,0.3965,0.6774,188.644,278.502,0.0
2026-08-15 01:15:00,6.452e-05,104732.195,6786510084.1465,1.5221,0.6035,0.3965,0.6774,188.644,278.502,0.0
2026-08-15 01:30:00,6.452e-05,104732.195,6786510084.1465,1.5221,0.6035,0.3965,0.6774,188.644,278.502,0.0
2026-08-15 01:45:00,6.452e-05,104732.195,6786510084.1465,1.5221,0.6035,0.3965,0.6774,188.644,278.502,0.0
2026-08-15 02:00:00,6.452e-05,104732.195,6786510084.1465,1.5221,0.6035,0.3965,0.6774,188.644,278.502,0.0
2026-08-15 02:15:00,6.452e-05,104732.195,6786510084.1465,1.5221,0.6035,0.3965,0.6774,188.644,278.502,0.0
2026-08-15 02:30:00,6.452e-05,104732.195,6786510084.1465,1.5221,0.6035,0.3965,0.6774,188.644,278.502,0.0
2026-08-15 02:45:00,6.452e-05,104732.195,6786510084.1465,1.5221,0.6035,0.3965,0.6774,188.644,278.502,0.0
2026-08-15 03:00:00,6.452e-05,104732.195,6786510084.1465,1.5221,0.6035,0.3965,0.6774,188.644,278.502,0.0
2026-08-15 03:15:00,6.452e-05,104732.195,6786510084.1465,1.5221,0.6035,0.3965,0.6774,188.644,278.502,0.0
2026-08-15 03:30:00,6.452e-05,104732.195,6786510084.1465,1.5221,0.6035,0.3965,0.6774,188.644,278.502,0.0
2026-08-15 03:45:00,6.452e-05,104732.195,6786510084.1465,1.5221,0.6035,0.3965,0.6774,188.644,278.502,0.0
2026-08-15 04:00:00,6.452e-05,104732.195,6786510084.1465,1.5221,0.6035,0.3965,0.6774,188.644,278.502,0.0
2026-08-15 04:15:00,6.452e-05,104732.195,6786510084.1465,1.5221,0.6035,0.3965,0.6774,188.644,278.502,0.0
2026-08-15 04:30:00,6.452e-05,104732.195,6786510084.1465,1.5221,0.6035,0.3965,0.6774,188.644,278.502,0.0
2026-08-15 04:45:00,6.452e-05,104732.195,6786510084.1465,1.5221,0.6035,0.3965,0.6774,188.644,278.502,0.0
2026-08-15 05:00:00,6.452e-05,104732.195,6786510084.1465,1.5221,0.6035,0.3965,0.6774,188.644,278.502,0.0
2026-08-15 05:15:00,6.452e-05,104732.195,6786510084.1465,1.5221,0.6035,0.3965,0.6774,188.644,278.502,0.0
2026-08-15 05:30:00,6.452e-05,104732.195,6786510084.1465,1.5221,0.6035,0.3965,0.6774,188.644,278.502,0.0
2026-08-15 05:45:00,6.452e-05,104732.195,6786510084.1465,1.5221,0.6035,0.3965,0.6774,188.644,278.502,0.0
2026-08-15 06:00:00,6.452e-05,104732.195,6786510084.1465,1.5221,0.6035,0.3965,0.6774,188.644,278.502,0.0
2026-08-15 06:15:00,6.452e-05,104732.195,6786510084.1465,1.5221,0.6035,0.3965,0.6774,188.644,278.502,0.0
2026-08-15 06:30:00,6.452e-05,104732.195,6786510084.1465,1.5221,0.6035,0.3965,0.6774,188.644,278.502,0.0
2026-08-15 06:45:00,6.452e-05,104732.195,6786510084.1465,1.5221,0.6035,0.3965,0.6774,188.644,278.502,0.0
2026-08-15 07:00:00,6.452e-05,104732.195,6786510084.1465,1.5221,0.6035,0.3965,0.6774,188.644,278.502,0.0
2026-08-15 07:15:00,6.452e-05,104732.195,6786510084.1465,1.5221,0.6035,0.3965,0.6774,188.644,278.502,0.0
2026-08-15 07:30:00,6.452e-05,104732.195,6786510084.1465,1.5221,0.6035,0.3965,0.6774,188.644,278.502,0.0
2026-08-15 07:45:00,6.452e-05,104732.195,6786510084.1465,1.5221,0.6035,0.3965,0.6774,188.644,278.502,0.0
2026-08-15 08:00:00,6.452e-05,104732.195,6786510084.1465,1.5221,0.6035,0.3965,0.6774,188.644,278.502,0.0
2026-08-15 08:15:00,6.452e-05,104732.195,6786510084.1465,1.5221,0.6035,0.3965,0.6774,188.644,278.502,0.0
2026-08-15 08:30:00,6.452e-05,104732.195,6786510084.1465,1.5221,0.6035,0.3965,0.6774,188.644,278.502,0.0
2026-08-15 08:45:00,6.452e-05,104732.195,6786510084.1465,1.5221,0.6035,0.3965,0.6774,188.644,278.502,0.0
2026-08-15 09:00:00,6.452e-05,104732.195,6786510084.1465,1.5221,0.6035,0.3965,0.6774,188.644,278.502,0.0
2026-08-15 09:15:00,6.452e-05,104732.195,6786510084.1465,1.5221,0.6035,0.3965,0.6774,188.644,278.502,0.0
2026-08-15 09:30:00,6.452e-05,104732.195,6786510084.1465,1.5221,0.6035,0.3965,0.6774,188.644,278.502,0.0
2026-08-15 09:45:00,6.452e-05,104732.195,6786510084.1465,1.5221,0.6035,0.3965,0.6774,188.644,278.502,0.0
2026-08-15 10:00:00,6.452e-05,104732.195,6786510084.1465,1.5221,0.6035,0.3965,0.6774,188.644,278.502,0.0
2026-08-15 10:15:00,6.452e-05,104732.195,6786510084.1465,1.5221,0.6035,0.3965,0.6774,188.644,278.502,0.0
2026-08-15 10:30:00,6.452e-05,104732.195,6786510084.1465,1.5221,0.6035,0.3965,0.6774,188.644,278.502,0.0
2026-08-15 10:45:00,6.452e-05,104732.195,6786510084.1465,1.5221,0.6035,0.3965,0.6774,188.644,278.502,0.0
2026-08-15 11:00:00,6.452e-05,104732.195,6786510084.1465,1.5221,0.6035,0.3965,0.6774,188.644,278.502,0.0
2026-08-15 11:15:00,6.452e-05,104732.195,6786510084.1465,1.5221,0.6035,0.3965,0.6774,188.644,278.502,0.0
2026-08-15 11:30:00,6.452e-05,104732.195,6786510084.1465,1.5221,0.6035,0.3965,0.6774,188.644,278.502,0.0
2026-08-15 11:45:00,6.452e-05,104732.195,6786510084.1465,1.5221,0.6035,0.3965,0.6774,188.644,278.502,0.0
2026-08-15 12:00:00,6.452e-05,104732.195,6786510084.1465,1.5221,0.6035,0.3965,0.6774,188.644,278.502,0.0
2026-08-15 12:15:00,6.452e-05,104732.195,6786510084.1465,1.5221,0.6035,0.3965,0.6774,188.644,278.502,0.0
2026-08-15 12:30:00,6.452e-05,104732.195,6786510084.1465,1.5221,0.6035,0.3965,0.6774,188.644,278.502,0.0
2026-08-15 12:45:00,6.452e-05,104732.195,6786510084.1465,1.5221,0.6035,0.3965,0.6774,188.644,278.502,0.0
2026-08-15 13:00:00,6.452e-05,104732.195,6786510084.1465,1.5221,0.6035,0.3965,0.6774,188.644,278.502,0.0
2026-08-15 13:15:00,6.452e-05,104732.195,6786510084.1465,1.5221,0.6035,0.3965,0.6774,188.644,278.502,0.0
2026-08-15 13:30:00,6.452e-05,104732.195,6786510084.1465,1.5221,0.6035,0.3965,0.6774,188.644,278.502,0.0
2026-08-15 13:45:00,6.452e-05,104732.195,6786510084.1465,1.5221,0.6035,0.3965,0.6774,188.644,278.502,0.0
2026-08-15 14:00:00,6.452e-05,104732.195,6786510084.1465,1.5221,0.6035,0.3965,0.6774,188.644,278.502,0.0
2026-08-15 14:15:00,6.452e-05,104732.195,6786510084.1465,1.5221,0.6035,0.3965,0.6774,188.644,278.502,0.0
2026-08-15 14:30:00,6.452e-05,104732.195,6786510084.1465,1.5221,0.6035,0.3965,0.6774,188.644,278.502,0.0
2026-08-15 14:45:00,6.452e-05,104732.195,6786510084.1465,1.5221,0.6035,0.3965,0.6774,188.644,278.502,0.0
2026-08-15 15:00:00,6.452e-05,104732.195,6786510084.1465,1.5221,0.6035,0.3965,0.6774,188.644,278.502,0.0
2026-08-15 15:15:00,6.452e-05,104732.195,6786510084.1465,1.5221,0.6035,0.3965,0.6774,188.644,278.502,0.0
2026-08-15 15:30:00,6.452e-05,104732.195,6786510084.1465,1.5221,0.6035,0.3965,0.6774,188.644,278.502,0.0
2026-08-15 15:45:00,6.452e-05,104732.195,6786510084.1465,1.5221,0.6035,0.3965,0.6774,188.644,278.502,0.0
2026-08-15 16:00:00,6.452e-05,104732.195,6786510084.1465,1.5221,0.6035,0.3965,0.6774,188.644,278.502,0.0
2026-08-15 16:15:00,6.452e-05,104732.195,6786510084.1465,1.5221,0.6035,0.3965,0.6774,188.644,278.502,0.0
2026-08-15 16:30:00,6.452e-05,104732.195,6786510084.1465,1.5221,0.6035,0.3965,0.6774,188.644,278.502,0.0
2026-08-15 16:45:00,6.452e-05,104732.195,6786510084.1465,1.5221,0.6035,0.3965,0.6774,188.644,278.502,0.0
2026-08-15 17:00:00,6.452e-05,104732.195,6786510084.1465,1.5221,0.6035,0.3965,0.6774,188.644,278.502,0.0
2026-08-15 17:15:00,6.452e-05,104732.195,6786510084.1465,1.5221,0.6035,0.3965,0.6774,188.644,278.502,0.0
2026-08-15 17:30:00,6.452e-05,104732.195,6786510084.1465,1.5221,0.6035,0.3965,0.6774,188.644,278.502,0.0
2026-08-15 17:45:00,6.452e-05,104732.195,6786510084.1465,1.5221,0.6035,0.3965,0.6774,188.644,278.502,0.0
2026-08-15 18:00:00,6.452e-05,104732.195,6786510084.1465,1.5221,0.6035,0.3965,0.6774,188.644,278.502,0.0
2026-08-15 18:15:00,6.452e-05,104732.195,6786510084.1465,1.5221,0.6035,0.3965,0.6774,188.644,278.502,0.0
2026-08-15 18:30:00,6.452e-05,104732.195,6786510084.1465,1.5221,0.6035,0.3965,0.6774,188.644,278.502,0.0
2026-08-15 18:45:00,6.452e-05,104732.195,6786510084.1465,1.5221,0.6035,0.3965,0.6774,188.644,278.502,0.0
2026-08-15 19:00:00,6.452e-05,104732.195,6786510084.1465,1.5221,0.6035,0.3965,0.6774,188.644,278.502,0.0
2026-08-15 19:15:00,6.452e-05,104732.195,6786510084.1465,1.5221,0.6035,0.3965,0.6774,188.644,278.502,0.0
2026-08-15 19:30:00,6.452e-05,104732.195,6786510084.1465,1.5221,0.6035,0.3965,0.6774,188.644,278.502,0.0
2026-08-15 19:45:00,6.452e-05,104732.195,6786510084.1465,1.5221,0.6035,0.3965,0.6774,188.644,278.502,0.0
2026-08-15 20:00:00,6.452e-05,104732.195,6786510084.1465,1.5221,0.6035,0.3965,0.6774,188.644,278.502,0.0
2026-08-15 20:15:00,6.452e-05,104732.195,6786510084.1465,1.5221,0.6035,0.3965,0.6774,188.644,278.502,0.0
2026-08-15 20:30:00,6.452e-05,104732.195,6786510084.1465,1.5221,0.6035,0.3965,0.6774,188.644,278.502,0.0
2026-08-15 20:45:00,6.452e-05,104732.195,6786510084.1465,1.5221,0.6035,0.3965,0.6774,188.644,278.502,0.0
2026-08-15 21:00:00,6.452e-05,104732.195,6786510084.1465,1.5221,0.6035,0.3965,0.6774,188.644,278.502,0.0
2026-08-15 21:15:00,6.452e-05,104732.195,6786510084.1465,1.5221,0.6035,0.3965,0.6774,188.644,278.502,0.0
2026-08-15 21:30:00,6.452e-05,104732.195,6786510084.1465,1.5221,0.6035,0.3965,0.6774,188.644,278.502,0.0
2026-08-15 21:45:00,6.452e-05,104732.195,6786510084.1465,1.5221,0.6035,0.3965,0.6774,188.644,278.502,0.0
2026-08-15 22:00:00,6.452e-05,104732.195,6786510084.1465,1.5221,0.6035,0.3965,0.6774,188.644,278.502,0.0
2026-08-15 22:15:00,6.452e-05,104732.195,6786510084.1465,1.5221,0.6035,0.3965,0.6774,188.644,278.502,0.0
2026-08-15 22:30:00,6.452e-05,104732.195,6786510084.1465,1.5221,0.6035,0.3965,0.6774,188.644,278.502,0.0
2026-08-15 22:45:00,6.452e-05,104732.195,6786510084.1465,1.5221,0.6035,0.3965,0.6774,188.644,278.502,0.0
2026-08-15 23:00:00,6.452e-05,104732.195,6786510084.1465,1.5221,0.6035,0.3965,0.6774,188.644,278.502,0.0
2026-08-15 23:15:00,6.452e-05,104732.195,6786510084.1465,1.5221,0.6035,0.3965,0.6774,188.644,278.502,0.0
2026-08-15 23:30:00,6.452e-05,104732.195,6786510084.1465,1.5221,0.6035,0.3965,0.6774,188.644,278.502,0.0
2026-08-15 23:45:00,6.452e-05,104732.195,6786510084.1465,1.5221,0.6035,0.3965,0.6774,188.644,278.502,0.0
2026-08-16 00:00:00,6.452e-05,104732.195,6786510084.1465,1.5221,0.6035,0.3965,0.6774,188.644,278.502,0.0
2026-08-16 00:15:00,6.452e-05,104732.195,6786510084.1465,1.5221,0.6035,0.3965,0.6774,188.644,278.502,0.0
2026-08-16 00:30:00,6.452e-05,104732.195,6786510084.1465,1.5221,0.6035,0.3965,0.6774,188.644,278.502,0.0
2026-08-16 00:45:00,6.452e-05,104732.195,6786510084.1465,1.5221,0.6035,0.3965,0.6774,188.644,278.502,0.0
2026-08-16 01:00:00,6.452e-05,104732.195,6786510084.1465,1.5221,0.6035,0.3965,0.6774,188.644,278.502,0.0
2026-08-16 01:15:00,6.452e-05,104732.195,6786510084.1465,1.5221,0.6035,0.3965,0.6774,188.644,278.502,0.0
2026-08-16 01:30:00,6.452e-05,104732.195,6786510084.1465,1.5221,0.6035,0.3965,0.6774,188.644,278.502,0.0
2026-08-16 01:45:00,6.452e-05,104732.195,6786510084.1465,1.5221,0.6035,0.3965,0.6774,188.644,278.502,0.0
2026-08-16 02:00:00,6.452e-05,104732.195,6786510084.1465,1.5221,0.6035,0.3965,0.6774,188.644,278.502,0.0
2026-08-16 02:15:00,6.452e-05,104732.195,6786510084.1465,1.5221,0.6035,0.3965,0.6774,188.644,278.502,0.0
2026-08-16 02:30:00,6.452e-05,104732.195,6786510084.1465,1.5221,0.6035,0.3965,0.6774,188.644,278.502,0.0
2026-08-16 02:45:00,6.452e-05,104732.195,6786510084.1465,1.5221,0.6035,0.3965,0.6774,188.644,278.502,0.0
2026-08-16 03:00:00,6.452e-05,104732.195,6786510084.1465,1.5221,0.6035,0.3965,0.6774,188.644,278.502,0.0
2026-08-16 03:15:00,6.452e-05,104732.195,6786510084.1465,1.5221,0.6035,0.3965,0.6774,188.644,278.502,0.0
2026-08-16 03:30:00,6.452e-05,104732.195,6786510084.1465,1.5221,0.6035,0.3965,0.6774,188.644,278.502,0.0
2026-08-16 03:45:00,6.452e-05,104732.195,6786510084.1465,1.5221,0.6035,0.3965,0.6774,188.644,278.502,0.0
2026-08-16 04:00:00,6.452e-05,104732.195,6786510084.1465,1.5221,0.6035,0.3965,0.6774,188.644,278.502,0.0
2026-08-16 04:15:00,6.452e-05,104732.195,6786510084.1465,1.5221,0.6035,0.3965,0.6774,188.644,278.502,0.0
2026-08-16 04:30:00,6.452e-05,104732.195,6786510084.1465,1.5221,0.6035,0.3965,0.6774,188.644,278.502,0.0
2026-08-16 04:45:00,6.452e-05,104732.195,6786510084.1465,1.5221,0.6035,0.3965,0.6774,188.644,278.502,0.0
2026-08-16 05:00:00,6.452e-05,104732.195,6786510084.1465,1.5221,0.6035,0.3965,0.6774,188.644,278.502,0.0
2026-08-16 05:15:00,6.452e-05,104732.195,6786510084.1465,1.5221,0.6035,0.3965,0.6774,188.644,278.502,0.0
2026-08-16 05:30:00,6.452e-05,104732.195,6786510084.1465,1.5221,0.6035,0.3965,0.6774,188.644,278.502,0.0
2026-08-16 05:45:00,6.452e-05,104732.195,6786510084.1465,1.5221,0.6035,0.3965,0.6774,188.644,278.502,0.0
2026-08-16 06:00:00,6.452e-05,104732.195,6786510084.1465,1.5221,0.6035,0.3965,0.6774,188.644,278.502,0.0
2026-08-16 06:15:00,6.452e-05,104732.195,6786510084.1465,1.5221,0.6035,0.3965,0.6774,188.644,278.502,0.0
2026-08-16 06:30:00,6.452e-05,104732.195,6786510084.1465,1.5221,0.6035,0.3965,0.6774,188.644,278.502,0.0
2026-08-16 06:45:00,6.452e-05,104732.195,6786510084.1465,1.5221,0.6035,0.3965,0.6774,188.644,278.502,0.0
2026-08-16 07:00:00,6.452e-05,104732.195,6786510084.1465,1.5221,0.6035,0.3965,0.6774,188.644,278.502,0.0
2026-08-16 07:15:00,6.452e-05,104732.195,6786510084.1465,1.5221,0.6035,0.3965,0.6774,188.644,278.502,0.0
2026-08-16 07:30:00,6.452e-05,104732.195,6786510084.1465,1.5221,0.6035,0.3965,0.6774,188.644,278.502,0.0
2026-08-16 07:45:00,6.452e-05,104732.195,6786510084.1465,1.5221,0.6035,0.3965,0.6774,188.644,278.502,0.0
2026-08-16 08:00:00,6.452e-05,104732.195,6786510084.1465,1.5221,0.6035,0.3965,0.6774,188.644,278.502,0.0
2026-08-16 08:15:00,6.452e-05,104732.195,6786510084.1465,1.5221,0.6035,0.3965,0.6774,188.644,278.502,0.0
2026-08-16 08:30:00,6.452e-05,104732.195,6786510084.1465,1.5221,0.6035,0.3965,0.6774,188.644,278.502,0.0
2026-08-16 08:45:00,6.452e-05,104732.195,6786510084.1465,1.5221,0.6035,0.3965,0.6774,188.644,278.502,0.0
2026-08-16 09:00:00,6.452e-05,104732.195,6786510084.1465,1.5221,0.6035,0.3965,0.6774,188.644,278.502,0.0
2026-08-16 09:15:00,6.452e-05,104732.195,6786510084.1465,1.5221,0.6035,0.3965,0.6774,188.644,278.502,0.0
2026-08-16 09:30:00,6.452e-05,104732.195,6786510084.1465,1.5221,0.6035,0.3965,0.6774,188.644,278.502,0.0
2026-08-16 09:45:00,6.452e-05,104732.195,6786510084.1465,1.5221,0.6035,0.3965,0.6774,188.644,278.502,0.0
2026-08-16 10:00:00,6.452e-05,104732.195,6786510084.1465,1.5221,0.6035,0.3965,0.6774,188.644,278.502,0.0
2026-08-16 10:15:00,6.452e-05,104732.195,6786510084.1465,1.5221,0.6035,0.3965,0.6774,188.644,278.502,0.0
2026-08-16 10:30:00,6.452e-05,104732.195,6786510084.1465,1.5221,0.6035,0.3965,0.6774,188.644,278.502,0.0
2026-08-16 10:45:00,6.452e-05,104732.195,6786510084.1465,1.5221,0.6035,0.3965,0.6774,188.644,278.502,0.0
2026-08-16 11:00:00,6.452e-05,104732.195,6786510084.1465,1.5221,0.6035,0.3965,0.6774,188.644,278.502,0.0
2026-08-16 11:15:00,6.452e-05,104732.195,6786510084.1465,1.5221,0.6035,0.3965,0.6774,188.644,278.502,0.0
2026-08-16 11:30:00,6.452e-05,104732.195,6786510084.1465,1.5221,0.6035,0.3965,0.6774,188.644,278.502,0.0
2026-08-16 11:45:00,6.452e-05,104732.195,6786510084.1465,1.5221,0.6035,0.3965,0.6774,188.644,278.502,0.0
2026-08-16 12:00:00,6.452e-05,104732.195,6786510084.1465,1.5221,0.6035,0.3965,0.6774,188.644,278.502,0.0
2026-08-16 12:15:00,6.452e-05,104732.195,6786510084.1465,1.5221,0.6035,0.3965,0.6774,188.644,278.502,0.0
2026-08-16 12:30:00,6.452e-05,104732.195,6786510084.1465,1.5221,0.6035,0.3965,0.6774,188.644,278.502,0.0
2026-08-16 12:45:00,6.452e-05,104732.195,6786510084.1465,1.5221,0.6035,0.3965,0.6774,188.644,278.502,0.0
2026-08-16 13:00:00,6.452e-05,104732.195,6786510084.1465,1.5221,0.6035,0.3965,0.6774,188.644,278.502,0.0
2026-08-16 13:15:00,6.452e-05,104732.195,6786510084.1465,1.5221,0.6035,0.3965,0.6774,188.644,278.502,0.0
2026-08-16 13:30:00,6.452e-05,104732.195,6786510084.1465,1.5221,0.6035,0.3965,0.6774,188.644,278.502,0.0
2026-08-16 13:45:00,6.452e-05,104732.195,6786510084.1465,1.5221,0.6035,0.3965,0.6774,188.644,278.502,0.0
2026-08-16 14:00:00,6.452e-05,104732.195,6786510084.1465,1.5221,0.6035,0.3965,0.6774,188.644,278.502,0.0
2026-08-16 14:15:00,6.452e-05,104732.195,6786510084.1465,1.5221,0.6035,0.3965,0.6774,188.644,278.502,0.0
2026-08-16 14:30:00,6.452e-05,104732.195,6786510084.1465,1.5221,0.6035,0.3965,0.6774,188.644,278.502,0.0
2026-08-16 14:45:00,6.452e-05,104732.195,6786510084.1465,1.5221,0.6035,0.3965,0.6774,188.644,278.502,0.0
2026-08-16 15:00:00,6.452e-05,104732.195,6786510084.1465,1.5221,0.6035,0.3965,0.6774,188.644,278.502,0.0
2026-08-16 15:15:00,6.452e-05,104732.195,6786510084.1465,1.5221,0.6035,0.3965,0.6774,188.644,278.502,0.0
2026-08-16 15:30:00,6.452e-05,104732.195,6786510084.1465,1.5221,0.6035,0.3965,0.6774,188.644,278.502,0.0
2026-08-16 15:45:00,6.452e-05,104732.195,6786510084.1465,1.5221,0.6035,0.3965,0.6774,188.644,278.502,0.0
2026-08-16 16:00:00,6.452e-05,104732.195,6786510084.1465,1.5221,0.6035,0.3965,0.6774,188.644,278.502,0.0
2026-08-16 16:15:00,6.452e-05,104732.195,6786510084.1465,1.5221,0.6035,0.3965,0.6774,188.644,278.502,0.0
2026-08-16 16:30:00,6.452e-05,104732.195,6786510084.1465,1.5221,0.6035,0.3965,0.6774,188.644,278.502,0.0
2026-08-16 16:45:00,6.452e-05,104732.195,6786510084.1465,1.5221,0.6035,0.3965,0.6774,188.644,278.502,0.0
2026-08-16 17:00:00,6.452e-05,104732.195,6786510084.1465,1.5221,0.6035,0.3965,0.6774,188.644,278.502,0.0
2026-08-16 17:15:00,6.452e-05,104732.195,6786510084.1465,1.5221,0.6035,0.3965,0.6774,188.644,278.502,0.0
2026-08-16 17:30:00,6.452e-05,104732.195,6786510084.1465,1.5221,0.6035,0.3965,0.6774,188.644,278.502,0.0
2026-08-16 17:45:00,6.452e-05,104732.195,6786510084.1465,1.5221,0.6035,0.3965,0.6774,188.644,278.502,0.0
2026-08-16 18:00:00,6.452e-05,104732.195,6786510084.1465,1.5221,0.6035,0.3965,0.6774,188.644,278.502,0.0
2026-08-16 18:15:00,6.452e-05,104732.195,6786510084.1465,1.5221,0.6035,0.3965,0.6774,188.644,278.502,0.0
2026-08-16 18:30:00,6.452e-05,104732.195,6786510084.1465,1.5221,0.6035,0.3965,0.6774,188.644,278.502,0.0
2026-08-16 18:45:00,6.452e-05,104732.195,6786510084.1465,1.5221,0.6035,0.3965,0.6774,188.644,278.502,0.0
2026-08-16 19:00:00,6.452e-05,104732.195,6786510084.1465,1.5221,0.6035,0.3965,0.6774,188.644,278.502,0.0
2026-08-16 19:15:00,6.452e-05,104732.195,6786510084.1465,1.5221,0.6035,0.3965,0.6774,188.644,278.502,0.0
2026-08-16 19:30:00,6.452e-05,104732.195,6786510084.1465,1.5221,0.6035,0.3965,0.6774,188.644,278.502,0.0
2026-08-16 19:45:00,6.452e-05,104732.195,6786510084.1465,1.5221,0.6035,0.3965,0.6774,188.644,278.502,0.0
2026-08-16 20:00:00,6.452e-05,104732.195,6786510084.1465,1.5221,0.6035,0.3965,0.6774,188.644,278.502,0.0
2026-08-16 20:15:00,6.452e-05,104732.195,6786510084.1465,1.5221,0.6035,0.3965,0.6774,188.644,278.502,0.0
2026-08-16 20:30:00,6.452e-05,104732.195,6786510084.1465,1.5221,0.6035,0.3965,0.6774,188.644,278.502,0.0
2026-08-16 20:45:00,6.452e-05,104732.195,6786510084.1465,1.5221,0.6035,0.3965,0.6774,188.644,278.502,0.0
2026-08-16 21:00:00,6.452e-05,104732.195,6786510084.1465,1.5221,0.6035,0.3965,0.6774,188.644,278.502,0.0
2026-08-16 21:15:00,6.452e-05,104732.195,6786510084.1465,1.5221,0.6035,0.3965,0.6774,188.644,278.502,0.0
2026-08-16 21:30:00,6.452e-05,104732.195,6786510084.1465,1.5221,0.6035,0.3965,0.6774,188.644,278.502,0.0
2026-08-16 21:45:00,6.452e-05,104732.195,6786510084.1465,1.5221,0.6035,0.3965,0.6774,188.644,278.502,0.0
2026-08-16 22:00:00,6.452e-05,104732.195,6786510084.1465,1.5221,0.6035,0.3965,0.6774,188.644,278.502,0.0
2026-08-16 22:15:00,6.452e-05,104732.195,6786510084.1465,1.5221,0.6035,0.3965,0.6774,188.644,278.502,0.0
2026-08-16 22:30:00,6.452e-05,104732.195,6786510084.1465,1.5221,0.6035,0.3965,0.6774,188.644,278.502,0.0
2026-08-16 22:45:00,6.452e-05,104732.195,6786510084.1465,1.5221,0.6035,0.3965,0.6774,188.644,278.502,0.0
2026-08-16 23:00:00,6.452e-05,104732.195,6786510084.1465,1.5221,0.6035,0.3965,0.6774,188.644,278.502,0.0
2026-08-16 23:15:00,6.452e-05,104732.195,6786510084.1465,1.5221,0.6035,0.3965,0.6774,188.644,278.502,0.0
2026-08-16 23:30:00,6.452e-05,104732.195,6786510084.1465,1.5221,0.6035,0.3965,0.6774,188.644,278.502,0.0
2026-08-16 23:45:00,6.452e-05,104732.195,6786510084.1465,1.5221,0.6035,0.3965,0.6774,188.644,278.502,0.0
2026-08-17 00:00:00,6.452e-05,104732.195,6786510084.1465,1.5221,0.6035,0.3965,0.6774,188.644,278.502,0.0
2026-08-17 00:15:00,6.452e-05,104732.195,6786510084.1465,1.5221,0.6035,0.3965,0.6774,188.644,278.502,0.0
2026-08-17 00:30:00,6.452e-05,104732.195,6786510084.1465,1.5221,0.6035,0.3965,0.6774,188.644,278.502,0.0
2026-08-17 00:45:00,6.452e-05,104732.195,6786510084.1465,1.5221,0.6035,0.3965,0.6774,188.644,278.502,0.0
2026-08-17 01:00:00,6.452e-05,104732.195,6786510084.1465,1.5221,0.6035,0.3965,0.6774,188.644,278.502,0.0
2026-08-17 01:15:00,6.452e-05,104732.195,6786510084.1465,1.5221,0.6035,0.3965,0.6774,188.644,278.502,0.0
2026-08-17 01:30:00,6.452e-05,104732.195,6786510084.1465,1.5221,0.6035,0.3965,0.6774,188.644,278.502,0.0
2026-08-17 01:45:00,6.452e-05,104732.195,6786510084.1465,1.5221,0.6035,0.3965,0.6774,188.644,278.502,0.0
2026-08-17 02:00:00,6.452e-05,104732.195,6786510084.1465,1.5221,0.6035,0.3965,0.6774,188.644,278.502,0.0
2026-08-17 02:15:00,6.452e-05,104732.195,6786510084.1465,1.5221,0.6035,0.3965,0.6774,188.644,278.502,0.0
2026-08-17 02:30:00,6.452e-05,104732.195,6786510084.1465,1.5221,0.6035,0.3965,0.6774,188.644,278.502,0.0
2026-08-17 02:45:00,6.452e-05,104732.195,6786510084.1465,1.5221,0.6035,0.3965,0.6774,188.644,278.502,0.0
2026-08-17 03:00:00,6.452e-05,104732.195,6786510084.1465,1.5221,0.6035,0.3965,0.6774,188.644,278.502,0.0
2026-08-17 03:15:00,6.452e-05,104732.195,6786510084.1465,1.5221,0.6035,0.3965,0.6774,188.644,278.502,0.0
2026-08-17 03:30:00,6.452e-05,104732.195,6786510084.1465,1.5221,0.6035,0.3965,0.6774,188.644,278.502,0.0
2026-08-17 03:45:00,6.452e-05,104732.195,6786510084.1465,1.5221,0.6035,0.3965,0.6774,188.644,278.502,0.0
2026-08-17 04:00:00,6.452e-05,104732.195,6786510084.1465,1.5221,0.6035,0.3965,0.6774,188.644,278.502,0.0
2026-08-17 04:15:00,6.452e-05,104732.195,6786510084.1465,1.5221,0.6035,0.3965,0.6774,188.644,278.502,0.0
2026-08-17 04:30:00,6.452e-05,104732.195,6786510084.1465,1.5221,0.6035,0.3965,0.6774,188.644,278.502,0.0
2026-08-17 04:45:00,6.452e-05,104732.195,6786510084.1465,1.5221,0.6035,0.3965,0.6774,188.644,278.502,0.0
2026-08-17 05:00:00,6.452e-05,104732.195,6786510084.1465,1.5221,0.6035,0.3965,0.6774,188.644,278.502,0.0
2026-08-17 05:15:00,6.452e-05,104732.195,6786510084.1465,1.5221,0.6035,0.3965,0.6774,188.644,278.502,0.0
2026-08-17 05:30:00,6.452e-05,104732.195,6786510084.1465,1.5221,0.6035,0.3965,0.6774,188.644,278.502,0.0
2026-08-17 05:45:00,6.452e-05,104732.195,6786510084.1465,1.5221,0.6035,0.3965,0.6774,188.644,278.502,0.0
2026-08-17 06:00:00,6.452e-05,104732.195,6786510084.1465,1.5221,0.6035,0.3965,0.6774,188.644,278.502,0.0
2026-08-17 06:15:00,6.452e-05,104732.195,6786510084.1465,1.5221,0.6035,0.3965,0.6774,188.644,278.502,0.0
2026-08-17 06:30:00,6.452e-05,104732.195,6786510084.1465,1.5221,0.6035,0.3965,0.6774,188.644,278.502,0.0
2026-08-17 06:45:00,6.452e-05,104732.195,6786510084.1465,1.5221,0.6035,0.3965,0.6774,188.644,278.502,0.0
2026-08-17 07:00:00,6.452e-05,104732.195,6786510084.1465,1.5221,0.6035,0.3965,0.6774,188.644,278.502,0.0
2026-08-17 07:15:00,6.452e-05,104732.195,6786510084.1465,1.5221,0.6035,0.3965,0.6774,188.644,278.502,0.0
2026-08-17 07:30:00,6.452e-05,104732.195,6786510084.1465,1.5221,0.6035,0.3965,0.6774,188.644,278.502,0.0
2026-08-17 07:45:00,6.452e-05,104732.195,6786510084.1465,1.5221,0.6035,0.3965,0.6774,188.644,278.502,0.0
2026-08-17 08:00:00,6.452e-05,104732.195,6786510084.1465,1.5221,0.6035,0.3965,0.6774,188.644,278.502,0.0
2026-08-17 08:15:00,6.452e-05,104732.195,6786510084.1465,1.5221,0.6035,0.3965,0.6774,188.644,278.502,0.0
2026-08-17 08:30:00,6.452e-05,104732.195,6786510084.1465,1.5221,0.6035,0.3965,0.6774,188.644,278.502,0.0
2026-08-17 08:45:00,6.452e-05,104732.195,6786510084.1465,1.5221,0.6035,0.3965,0.6774,188.644,278.502,0.0
2026-08-17 09:00:00,6.452e-05,104732.195,6786510084.1465,1.5221,0.6035,0.3965,0.6774,188.644,278.502,0.0
2026-08-17 09:15:00,6.452e-05,104732.195,6786510084.1465,1.5221,0.6035,0.3965,0.6774,188.644,278.502,0.0
2026-08-17 09:30:00,6.452e-05,104732.195,6786510084.1465,1.5221,0.6035,0.3965,0.6774,188.644,278.502,0.0
2026-08-17 09:45:00,6.452e-05,104732.195,6786510084.1465,1.5221,0.6035,0.3965,0.6774,188.644,278.502,0.0
2026-08-17 10:00:00,6.452e-05,104732.195,6786510084.1465,1.5221,0.6035,0.3965,0.6774,188.644,278.502,0.0
2026-08-17 10:15:00,6.452e-05,104732.195,6786510084.1465,1.5221,0.6035,0.3965,0.6774,188.644,278.502,0.0
2026-08-17 10:30:00,6.452e-05,104732.195,6786510084.1465,1.5221,0.6035,0.3965,0.6774,188.644,278.502,0.0
2026-08-17 10:45:00,6.452e-05,104732.195,6786510084.1465,1.5221,0.6035,0.3965,0.6774,188.644,278.502,0.0
2026-08-17 11:00:00,6.452e-05,104732.195,6786510084.1465,1.5221,0.6035,0.3965,0.6774,188.644,278.502,0.0
2026-08-17 11:15:00,6.452e-05,104732.195,6786510084.1465,1.5221,0.6035,0.3965,0.6774,188.644,278.502,0.0
2026-08-17 11:30:00,6.452e-05,104732.195,6786510084.1465,1.5221,0.6035,0.3965,0.6774,188.644,278.502,0.0
2026-08-17 11:45:00,6.452e-05,104732.195,6786510084.1465,1.5221,0.6035,0.3965,0.6774,188.644,278.502,0.0
2026-08-17 12:00:00,6.452e-05,104732.195,6786510084.1465,1.5221,0.6035,0.3965,0.6774,188.644,278.502,0.0
2026-08-17 12:15:00,6.452e-05,104732.195,6786510084.1465,1.5221,0.6035,0.3965,0.6774,188.644,278.502,0.0
2026-08-17 12:30:00,6.452e-05,104732.195,6786510084.1465,1.5221,0.6035,0.3965,0.6774,188.644,278.502,0.0
2026-08-17 12:45:00,6.452e-05,104732.195,6786510084.1465,1.5221,0.6035,0.3965,0.6774,188.644,278.502,0.0
2026-08-17 13:00:00,6.452e-05,104732.195,6786510084.1465,1.5221,0.6035,0.3965,0.6774,188.644,278.502,0.0
2026-08-17 13:15:00,6.452e-05,104732.195,6786510084.1465,1.5221,0.6035,0.3965,0.6774,188.644,278.502,0.0
2026-08-17 13:30:00,6.452e-05,104732.195,6786510084.1465,1.5221,0.6035,0.3965,0.6774,188.644,278.502,0.0
2026-08-17 13:45:00,6.452e-05,104732.195,6786510084.1465,1.5221,0.6035,0.3965,0.6774,188.644,278.502,0.0
2026-08-17 14:00:00,6.452e-05,104732.195,6786510084.1465,1.5221,0.6035,0.3965,0.6774,188.644,278.502,0.0
2026-08-17 14:15:00,6.452e-05,104732.195,6786510084.1465,1.5221,0.6035,0.3965,0.6774,188.644,278.502,0.0
2026-08-17 14:30:00,6.452e-05,104732.195,6786510084.1465,1.5221,0.6035,0.3965,0.6774,188.644,278.502,0.0
2026-08-17 14:45:00,6.452e-05,104732.195,6786510084.1465,1.5221,0.6035,0.3965,0.6774,188.644,278.502,0.0
2026-08-17 15:00:00,6.452e-05,104732.195,6786510084.1465,1.5221,0.6035,0.3965,0.6774,188.644,278.502,0.0
2026-08-17 15:15:00,6.452e-05,104732.195,6786510084.1465,1.5221,0.6035,0.3965,0.6774,188.644,278.502,0.0
2026-08-17 15:30:00,6.452e-05,104732.195,6786510084.1465,1.5221,0.6035,0.3965,0.6774,188.644,278.502,0.0
2026-08-17 15:45:00,6.452e-05,104732.195,6786510084.1465,1.5221,0.6035,0.3965,0.6774,188.644,278.502,0.0
2026-08-17 16:00:00,6.452e-05,104732.195,6786510084.1465,1.5221,0.6035,0.3965,0.6774,188.644,278.502,0.0
2026-08-17 16:15:00,6.452e-05,104732.195,6786510084.1465,1.5221,0.6035,0.3965,0.6774,188.644,278.502,0.0
2026-08-17 16:30:00,6.452e-05,104732.195,6786510084.1465,1.5221,0.6035,0.3965,0.6774,188.644,278.502,0.0
2026-08-17 16:45:00,6.452e-05,104732.195,6786510084.1465,1.5221,0.6035,0.3965,0.6774,188.644,278.502,0.0
2026-08-17 17:00:00,6.452e-05,104732.195,6786510084.1465,1.5221,0.6035,0.3965,0.6774,188.644,278.502,0.0
2026-08-17 17:15:00,6.452e-05,104732.195,6786510084.1465,1.5221,0.6035,0.3965,0.6774,188.644,278.502,0.0
2026-08-17 17:30:00,6.452e-05,104732.195,6786510084.1465,1.5221,0.6035,0.3965,0.6774,188.644,278.502,0.0
2026-08-17 17:45:00,6.452e-05,104732.195,6786510084.1465,1.5221,0.6035,0.3965,0.6774,188.644,278.502,0.0
2026-08-17 18:00:00,6.452e-05,104732.195,6786510084.1465,1.5221,0.6035,0.3965,0.6774,188.644,278.502,0.0
2026-08-17 18:15:00,6.452e-05,104732.195,6786510084.1465,1.5221,0.6035,0.3965,0.6774,188.644,278.502,0.0
2026-08-17 18:30:00,6.452e-05,104732.195,6786510084.1465,1.5221,0.6035,0.3965,0.6774,188.644,278.502,0.0
2026-08-17 18:45:00,6.452e-05,104732.195,6786510084.1465,1.5221,0.6035,0.3965,0.6774,188.644,278.502,0.0
2026-08-17 19:00:00,6.452e-05,104732.195,6786510084.1465,1.5221,0.6035,0.3965,0.6774,188.644,278.502,0.0
2026-08-17 19:15:00,6.452e-05,104732.195,6786510084.1465,1.5221,0.6035,0.3965,0.6774,188.644,278.502,0.0
2026-08-17 19:30:00,6.452e-05,104732.195,6786510084.1465,1.5221,0.6035,0.3965,0.6774,188.644,278.502,0.0
2026-08-17 19:45:00,6.452e-05,104732.195,6786510084.1465,1.5221,0.6035,0.3965,0.6774,188.644,278.502,0.0
2026-08-17 20:00:00,6.452e-05,104732.195,6786510084.1465,1.5221,0.6035,0.3965,0.6774,188.644,278.502,0.0
2026-08-17 20:15:00,6.452e-05,104732.195,6786510084.1465,1.5221,0.6035,0.3965,0.6774,188.644,278.502,0.0
2026-08-17 20:30:00,6.452e-05,104732.195,6786510084.1465,1.5221,0.6035,0.3965,0.6774,188.644,278.502,0.0
2026-08-17 20:45:00,6.452e-05,104732.195,6786510084.1465,1.5221,0.6035,0.3965,0.6774,188.644,278.502,0.0
2026-08-17 21:00:00,6.452e-05,104732.195,6786510084.1465,1.5221,0.6035,0.3965,0.6774,188.644,278.502,0.0
2026-08-17 21:15:00,6.452e-05,104732.195,6786510084.1465,1.5221,0.6035,0.3965,0.6774,188.644,278.502,0.0
2026-08-17 21:30:00,6.452e-05,104732.195,6786510084.1465,1.5221,0.6035,0.3965,0.6774,188.644,278.502,0.0
2026-08-17 21:45:00,6.452e-05,104732.195,6786510084.1465,1.5221,0.6035,0.3965,0.6774,188.644,278.502,0.0
2026-08-17 22:00:00,6.452e-05,104732.195,6786510084.1465,1.5221,0.6035,0.3965,0.6774,188.644,278.502,0.0
2026-08-17 22:15:00,6.452e-05,104732.195,6786510084.1465,1.5221,0.6035,0.3965,0.6774,188.644,278.502,0.0
2026-08-17 22:30:00,6.452e-05,104732.195,6786510084.1465,1.5221,0.6035,0.3965,0.6774,188.644,278.502,0.0
2026-08-17 22:45:00,6.452e-05,104732.195,6786510084.1465,1.5221,0.6035,0.3965,0.6774,188.644,278.502,0.0
2026-08-17 23:00:00,6.452e-05,104732.195,6786510084.1465,1.5221,0.6035,0.3965,0.6774,188.644,278.502,0.0
2026-08-17 23:15:00,6.452e-05,104732.195,6786510084.1465,1.5221,0.6035,0.3965,0.6774,188.644,278.502,0.0
2026-08-17 23:30:00,6.452e-05,104732.195,6786510084.1465,1.5221,0.6035,0.3965,0.6774,188.644,278.502,0.0
2026-08-17 23:45:00,6.452e-05,104732.195,6786510084.1465,1.5221,0.6035,0.3965,0.6774,188.644,278.502,0.0
2026-08-18 00:00:00,6.452e-05,104732.195,6786510084.1465,1.5221,0.6035,0.3965,0.6774,188.644,278.502,0.0
2026-08-18 00:15:00,6.452e-05,104732.195,6786510084.1465,1.5221,0.6035,0.3965,0.6774,188.644,278.502,0.0
2026-08-18 00:30:00,6.452e-05,104732.195,6786510084.1465,1.5221,0.6035,0.3965,0.6774,188.644,278.502,0.0
2026-08-18 00:45:00,6.452e-05,104732.195,6786510084.1465,1.5221,0.6035,0.3965,0.6774,188.644,278.502,0.0
2026-08-18 01:00:00,6.452e-05,104732.195,6786510084.1465,1.5221,0.6035,0.3965,0.6774,188.644,278.502,0.0
2026-08-18 01:15:00,6.452e-05,104732.195,6786510084.1465,1.5221,0.6035,0.3965,0.6774,188.644,278.502,0.0
2026-08-18 01:30:00,6.452e-05,104732.195,6786510084.1465,1.5221,0.6035,0.3965,0.6774,188.644,278.502,0.0
2026-08-18 01:45:00,6.452e-05,104732.195,6786510084.1465,1.5221,0.6035,0.3965,0.6774,188.644,278.502,0.0
2026-08-18 02:00:00,6.452e-05,104732.195,6786510084.1465,1.5221,0.6035,0.3965,0.6774,188.644,278.502,0.0
2026-08-18 02:15:00,6.452e-05,104732.195,6786510084.1465,1.5221,0.6035,0.3965,0.6774,188.644,278.502,0.0
2026-08-18 02:30:00,6.452e-05,104732.195,6786510084.1465,1.5221,0.6035,0.3965,0.6774,188.644,278.502,0.0
2026-08-18 02:45:00,6.452e-05,104732.195,6786510084.1465,1.5221,0.6035,0.3965,0.6774,188.644,278.502,0.0
2026-08-18 03:00:00,6.452e-05,104732.195,6786510084.1465,1.5221,0.6035,0.3965,0.6774,188.644,278.502,0.0
2026-08-18 03:15:00,6.452e-05,104732.195,6786510084.1465,1.5221,0.6035,0.3965,0.6774,188.644,278.502,0.0
2026-08-18 03:30:00,6.452e-05,104732.195,6786510084.1465,1.5221,0.6035,0.3965,0.6774,188.644,278.502,0.0
2026-08-18 03:45:00,6.452e-05,104732.195,6786510084.1465,1.5221,0.6035,0.3965,0.6774,188.644,278.502,0.0
2026-08-18 04:00:00,6.452e-05,104732.195,6786510084.1465,1.5221,0.6035,0.3965,0.6774,188.644,278.502,0.0
2026-08-18 04:15:00,6.452e-05,104732.195,6786510084.1465,1.5221,0.6035,0.3965,0.6774,188.644,278.502,0.0
2026-08-18 04:30:00,6.452e-05,104732.195,6786510084.1465,1.5221,0.6035,0.3965,0.6774,188.644,278.502,0.0
2026-08-18 04:45:00,6.452e-05,104732.195,6786510084.1465,1.5221,0.6035,0.3965,0.6774,188.644,278.502,0.0
2026-08-18 05:00:00,6.452e-05,104732.195,6786510084.1465,1.5221,0.6035,0.3965,0.6774,188.644,278.502,0.0
2026-08-18 05:15:00,6.452e-05,104732.195,6786510084.1465,1.5221,0.6035,0.3965,0.6774,188.644,278.502,0.0
2026-08-18 05:30:00,6.452e-05,104732.195,6786510084.1465,1.5221,0.6035,0.3965,0.6774,188.644,278.502,0.0
2026-08-18 05:45:00,6.452e-05,104732.195,6786510084.1465,1.5221,0.6035,0.3965,0.6774,188.644,278.502,0.0
2026-08-18 06:00:00,6.452e-05,104732.195,6786510084.1465,1.5221,0.6035,0.3965,0.6774,188.644,278.502,0.0
2026-08-18 06:15:00,6.452e-05,104732.195,6786510084.1465,1.5221,0.6035,0.3965,0.6774,188.644,278.502,0.0
2026-08-18 06:30:00,6.452e-05,104732.195,6786510084.1465,1.5221,0.6035,0.3965,0.6774,188.644,278.502,0.0
2026-08-18 06:45:00,6.452e-05,104732.195,6786510084.1465,1.5221,0.6035,0.3965,0.6774,188.644,278.502,0.0
2026-08-18 07:00:00,6.452e-05,104732.195,6786510084.1465,1.5221,0.6035,0.3965,0.6774,188.644,278.502,0.0
2026-08-18 07:15:00,6.452e-05,104732.195,6786510084.1465,1.5221,0.6035,0.3965,0.6774,188.644,278.502,0.0
2026-08-18 07:30:00,6.452e-05,104732.195,6786510084.1465,1.5221,0.6035,0.3965,0.6774,188.644,278.502,0.0
2026-08-18 07:45:00,6.452e-05,104732.195,6786510084.1465,1.5221,0.6035,0.3965,0.6774,188.644,278.502,0.0
2026-08-18 08:00:00,6.452e-05,104732.195,6786510084.1465,1.5221,0.6035,0.3965,0.6774,188.644,278.502,0.0
2026-08-18 08:15:00,6.452e-05,104732.195,6786510084.1465,1.5221,0.6035,0.3965,0.6774,188.644,278.502,0.0
2026-08-18 08:30:00,6.452e-05,104732.195,6786510084.1465,1.5221,0.6035,0.3965,0.6774,188.644,278.502,0.0
2026-08-18 08:45:00,6.452e-05,104732.195,6786510084.1465,1.5221,0.6035,0.3965,0.6774,188.644,278.502,0.0
2026-08-18 09:00:00,6.452e-05,104732.195,6786510084.1465,1.5221,0.6035,0.3965,0.6774,188.644,278.502,0.0
2026-08-18 09:15:00,6.452e-05,104732.195,6786510084.1465,1.5221,0.6035,0.3965,0.6774,188.644,278.502,0.0
2026-08-18 09:30:00,6.452e-05,104732.195,6786510084.1465,1.5221,0.6035,0.3965,0.6774,188.644,278.502,0.0
2026-08-18 09:45:00,6.452e-05,104732.195,6786510084.1465,1.5221,0.6035,0.3965,0.6774,188.644,278.502,0.0
2026-08-18 10:00:00,6.452e-05,104732.195,6786510084.1465,1.5221,0.6035,0.3965,0.6774,188.644,278.502,0.0
2026-08-18 10:15:00,6.452e-05,104732.195,6786510084.1465,1.5221,0.6035,0.3965,0.6774,188.644,278.502,0.0
2026-08-18 10:30:00,6.452e-05,104732.195,6786510084.1465,1.5221,0.6035,0.3965,0.6774,188.644,278.502,0.0
2026-08-18 10:45:00,6.452e-05,104732.195,6786510084.1465,1.5221,0.6035,0.3965,0.6774,188.644,278.502,0.0
2026-08-18 11:00:00,6.452e-05,104732.195,6786510084.1465,1.5221,0.6035,0.3965,0.6774,188.644,278.502,0.0
2026-08-18 11:15:00,6.452e-05,104732.195,6786510084.1465,1.5221,0.6035,0.3965,0.6774,188.644,278.502,0.0
2026-08-18 11:30:00,6.452e-05,104732.195,6786510084.1465,1.5221,0.6035,0.3965,0.6774,188.644,278.502,0.0
2026-08-18 11:45:00,6.452e-05,104732.195,6786510084.1465,1.5221,0.6035,0.3965,0.6774,188.644,278.502,0.0
2026-08-18 12:00:00,6.452e-05,104732.195,6786510084.1465,1.5221,0.6035,0.3965,0.6774,188.644,278.502,0.0
2026-08-18 12:15:00,6.452e-05,104732.195,6786510084.1465,1.5221,0.6035,0.3965,0.6774,188.644,278.502,0.0
2026-08-18 12:30:00,6.452e-05,104732.195,6786510084.1465,1.5221,0.6035,0.3965,0.6774,188.644,278.502,0.0
2026-08-18 12:45:00,6.452e-05,104732.195,6786510084.1465,1.5221,0.6035,0.3965,0.6774,188.644,278.502,0.0
2026-08-18 13:00:00,6.452e-05,104732.195,6786510084.1465,1.5221,0.6035,0.3965,0.6774,188.644,278.502,0.0
2026-08-18 13:15:00,6.452e-05,104732.195,6786510084.1465,1.5221,0.6035,0.3965,0.6774,188.644,278.502,0.0
2026-08-18 13:30:00,6.452e-05,104732.195,6786510084.1465,1.5221,0.6035,0.3965,0.6774,188.644,278.502,0.0
2026-08-18 13:45:00,6.452e-05,104732.195,6786510084.1465,1.5221,0.6035,0.3965,0.6774,188.644,278.502,0.0
2026-08-18 14:00:00,6.452e-05,104732.195,6786510084.1465,1.5221,0.6035,0.3965,0.6774,188.644,278.502,0.0
2026-08-18 14:15:00,6.452e-05,104732.195,6786510084.1465,1.5221,0.6035,0.3965,0.6774,188.644,278.502,0.0
2026-08-18 14:30:00,6.452e-05,104732.195,6786510084.1465,1.5221,0.6035,0.3965,0.6774,188.644,278.502,0.0
2026-08-18 14:45:00,6.452e-05,104732.195,6786510084.1465,1.5221,0.6035,0.3965,0.6774,188.644,278.502,0.0
2026-08-18 15:00:00,6.452e-05,104732.195,6786510084.1465,1.5221,0.6035,0.3965,0.6774,188.644,278.502,0.0
2026-08-18 15:15:00,6.452e-05,104732.195,6786510084.1465,1.5221,0.6035,0.3965,0.6774,188.644,278.502,0.0
2026-08-18 15:30:00,6.452e-05,104732.195,6786510084.1465,1.5221,0.6035,0.3965,0.6774,188.644,278.502,0.0
2026-08-18 15:45:00,6.452e-05,104732.195,6786510084.1465,1.5221,0.6035,0.3965,0.6774,188.644,278.502,0.0
2026-08-18 16:00:00,6.452e-05,104732.195,6786510084.1465,1.5221,0.6035,0.3965,0.6774,188.644,278.502,0.0
2026-08-18 16:15:00,6.452e-05,104732.195,6786510084.1465,1.5221,0.6035,0.3965,0.6774,188.644,278.502,0.0
2026-08-18 16:30:00,6.452e-05,104732.195,6786510084.1465,1.5221,0.6035,0.3965,0.6774,188.644,278.502,0.0
2026-08-18 16:45:00,6.452e-05,104732.195,6786510084.1465,1.5221,0.6035,0.3965,0.6774,188.644,278.502,0.0
2026-08-18 17:00:00,6.452e-05,104732.195,6786510084.1465,1.5221,0.6035,0.3965,0.6774,188.644,278.502,0.0
2026-08-18 17:15:00,6.452e-05,104732.195,6786510084.1465,1.5221,0.6035,0.3965,0.6774,188.644,278.502,0.0
2026-08-18 17:30:00,6.452e-05,104732.195,6786510084.1465,1.5221,0.6035,0.3965,0.6774,188.644,278.502,0.0
2026-08-18 17:45:00,6.452e-05,104732.195,6786510084.1465,1.5221,0.6035,0.3965,0.6774,188.644,278.502,0.0
2026-08-18 18:00:00,6.452e-05,104732.195,6786510084.1465,1.5221,0.6035,0.3965,0.6774,188.644,278.502,0.0
2026-08-18 18:15:00,6.452e-05,104732.195,6786510084.1465,1.5221,0.6035,0.3965,0.6774,188.644,278.502,0.0
2026-08-18 18:30:00,6.452e-05,104732.195,6786510084.1465,1.5221,0.6035,0.3965,0.6774,188.644,278.502,0.0
2026-08-18 18:45:00,6.452e-05,104732.195,6786510084.1465,1.5221,0.6035,0.3965,0.6774,188.644,278.502,0.0
2026-08-18 19:00:00,6.452e-05,104732.195,6786510084.1465,1.5221,0.6035,0.3965,0.6774,188.644,278.502,0.0
2026-08-18 19:15:00,6.452e-05,104732.195,6786510084.1465,1.5221,0.6035,0.3965,0.6774,188.644,278.502,0.0
2026-08-18 19:30:00,6.452e-05,104732.195,6786510084.1465,1.5221,0.6035,0.3965,0.6774,188.644,278.502,0.0
2026-08-18 19:45:00,6.452e-05,104732.195,6786510084.1465,1.5221,0.6035,0.3965,0.6774,188.644,278.502,0.0
2026-08-18 20:00:00,6.452e-05,104732.195,6786510084.1465,1.5221,0.6035,0.3965,0.6774,188.644,278.502,0.0
2026-08-18 20:15:00,6.452e-05,104732.195,6786510084.1465,1.5221,0.6035,0.3965,0.6774,188.644,278.502,0.0
2026-08-18 20:30:00,6.452e-05,104732.195,6786510084.1465,1.5221,0.6035,0.3965,0.6774,188.644,278.502,0.0
2026-08-18 20:45:00,6.452e-05,104732.195,6786510084.1465,1.5221,0.6035,0.3965,0.6774,188.644,278.502,0.0
2026-08-18 21:00:00,6.452e-05,104732.195,6786510084.1465,1.5221,0.6035,0.3965,0.6774,188.644,278.502,0.0
2026-08-18 21:15:00,6.452e-05,104732.195,6786510084.1465,1.5221,0.6035,0.3965,0.6774,188.644,278.502,0.0
2026-08-18 21:30:00,6.452e-05,104732.195,6786510084.1465,1.5221,0.6035,0.3965,0.6774,188.644,278.502,0.0
2026-08-18 21:45:00,6.452e-05,104732.195,6786510084.1465,1.5221,0.6035,0.3965,0.6774,188.644,278.502,0.0
2026-08-18 22:00:00,6.452e-05,104732.195,6786510084.1465,1.5221,0.6035,0.3965,0.6774,188.644,278.502,0.0
2026-08-18 22:15:00,6.452e-05,104732.195,6786510084.1465,1.5221,0.6035,0.3965,0.6774,188.644,278.502,0.0
2026-08-18 22:30:00,6.452e-05,104732.195,6786510084.1465,1.5221,0.6035,0.3965,0.6774,188.644,278.502,0.0
2026-08-18 22:45:00,6.452e-05,104732.195,6786510084.1465,1.5221,0.6035,0.3965,0.6774,188.644,278.502,0.0
2026-08-18 23:00:00,6.452e-05,104732.195,6786510084.1465,1.5221,0.6035,0.3965,0.6774,188.644,278.502,0.0
2026-08-18 23:15:00,6.452e-05,104732.195,6786510084.1465,1.5221,0.6035,0.3965,0.6774,188.644,278.502,0.0
2026-08-18 23:30:00,6.452e-05,104732.195,6786510084.1465,1.5221,0.6035,0.3965,0.6774,188.644,278.502,0.0
2026-08-18 23:45:00,6.452e-05,104732.195,6786510084.1465,1.5221,0.6035,0.3965,0.6774,188.644,278.502,0.0
2026-08-19 00:00:00,6.452e-05,104732.195,6786510084.1465,1.5221,0.6035,0.3965,0.6774,188.644,278.502,0.0
2026-08-19 00:15:00,6.452e-05,104732.195,6786510084.1465,1.5221,0.6035,0.3965,0.6774,188.644,278.502,0.0
2026-08-19 00:30:00,6.452e-05,104732.195,6786510084.1465,1.5221,0.6035,0.3965,0.6774,188.644,278.502,0.0
2026-08-19 00:45:00,6.452e-05,104732.195,6786510084.1465,1.5221,0.6035,0.3965,0.6774,188.644,278.502,0.0
2026-08-19 01:00:00,6.452e-05,104732.195,6786510084.1465,1.5221,0.6035,0.3965,0.6774,188.644,278.502,0.0
2026-08-19 01:15:00,6.452e-05,104732.195,6786510084.1465,1.5221,0.6035,0.3965,0.6774,188.644,278.502,0.0
2026-08-19 01:30:00,6.452e-05,104732.195,6786510084.1465,1.5221,0.6035,0.3965,0.6774,188.644,278.502,0.0
2026-08-19 01:45:00,6.452e-05,104732.195,6786510084.1465,1.5221,0.6035,0.3965,0.6774,188.644,278.502,0.0
2026-08-19 02:00:00,6.452e-05,104732.195,6786510084.1465,1.5221,0.6035,0.3965,0.6774,188.644,278.502,0.0
2026-08-19 02:15:00,6.452e-05,104732.195,6786510084.1465,1.5221,0.6035,0.3965,0.6774,188.644,278.502,0.0
2026-08-19 02:30:00,6.452e-05,104732.195,6786510084.1465,1.5221,0.6035,0.3965,0.6774,188.644,278.502,0.0
2026-08-19 02:45:00,6.452e-05,104732.195,6786510084.1465,1.5221,0.6035,0.3965,0.6774,188.644,278.502,0.0
2026-08-19 03:00:00,6.452e-05,104732.195,6786510084.1465,1.5221,0.6035,0.3965,0.6774,188.644,278.502,0.0
2026-08-19 03:15:00,6.452e-05,104732.195,6786510084.1465,1.5221,0.6035,0.3965,0.6774,188.644,278.502,0.0
2026-08-19 03:30:00,6.452e-05,104732.195,6786510084.1465,1.5221,0.6035,0.3965,0.6774,188.644,278.502,0.0
2026-08-19 03:45:00,6.452e-05,104732.195,6786510084.1465,1.5221,0.6035,0.3965,0.6774,188.644,278.502,0.0
2026-08-19 04:00:00,6.452e-05,104732.195,6786510084.1465,1.5221,0.6035,0.3965,0.6774,188.644,278.502,0.0
2026-08-19 04:15:00,6.452e-05,104732.195,6786510084.1465,1.5221,0.6035,0.3965,0.6774,188.644,278.502,0.0
2026-08-19 04:30:00,6.452e-05,104732.195,6786510084.1465,1.5221,0.6035,0.3965,0.6774,188.644,278.502,0.0
2026-08-19 04:45:00,6.452e-05,104732.195,6786510084.1465,1.5221,0.6035,0.3965,0.6774,188.644,278.502,0.0
2026-08-19 05:00:00,6.452e-05,104732.195,6786510084.1465,1.5221,0.6035,0.3965,0.6774,188.644,278.502,0.0
2026-08-19 05:15:00,6.452e-05,104732.195,6786510084.1465,1.5221,0.6035,0.3965,0.6774,188.644,278.502,0.0
2026-08-19 05:30:00,6.452e-05,104732.195,6786510084.1465,1.5221,0.6035,0.3965,0.6774,188.644,278.502,0.0
2026-08-19 05:45:00,6.452e-05,104732.195,6786510084.1465,1.5221,0.6035,0.3965,0.6774,188.644,278.502,0.0
2026-08-19 06:00:00,6.452e-05,104732.195,6786510084.1465,1.5221,0.6035,0.3965,0.6774,188.644,278.502,0.0
2026-08-19 06:15:00,6.452e-05,104732.195,6786510084.1465,1.5221,0.6035,0.3965,0.6774,188.644,278.502,0.0
2026-08-19 06:30:00,6.452e-05,104732.195,6786510084.1465,1.5221,0.6035,0.3965,0.6774,188.644,278.502,0.0
2026-08-19 06:45:00,6.452e-05,104732.195,6786510084.1465,1.5221,0.6035,0.3965,0.6774,188.644,278.502,0.0
2026-08-19 07:00:00,6.452e-05,104732.195,6786510084.1465,1.5221,0.6035,0.3965,0.6774,188.644,278.502,0.0
2026-08-19 07:15:00,6.452e-05,104732.195,6786510084.1465,1.5221,0.6035,0.3965,0.6774,188.644,278.502,0.0
2026-08-19 07:30:00,6.452e-05,104732.195,6786510084.1465,1.5221,0.6035,0.3965,0.6774,188.644,278.502,0.0
2026-08-19 07:45:00,6.452e-05,104732.195,6786510084.1465,1.5221,0.6035,0.3965,0.6774,188.644,278.502,0.0
2026-08-19 08:00:00,6.452e-05,104732.195,6786510084.1465,1.5221,0.6035,0.3965,0.6774,188.644,278.502,0.0
2026-08-19 08:15:00,6.452e-05,104732.195,6786510084.1465,1.5221,0.6035,0.3965,0.6774,188.644,278.502,0.0
2026-08-19 08:30:00,6.452e-05,104732.195,6786510084.1465,1.5221,0.6035,0.3965,0.6774,188.644,278.502,0.0
2026-08-19 08:45:00,6.452e-05,104732.195,6786510084.1465,1.5221,0.6035,0.3965,0.6774,188.644,278.502,0.0
2026-08-19 09:00:00,6.452e-05,104732.195,6786510084.1465,1.5221,0.6035,0.3965,0.6774,188.644,278.502,0.0
2026-08-19 09:15:00,6.452e-05,104732.195,6786510084.1465,1.5221,0.6035,0.3965,0.6774,188.644,278.502,0.0
2026-08-19 09:30:00,6.452e-05,104732.195,6786510084.1465,1.5221,0.6035,0.3965,0.6774,188.644,278.502,0.0
2026-08-19 09:45:00,6.452e-05,104732.195,6786510084.1465,1.5221,0.6035,0.3965,0.6774,188.644,278.502,0.0
2026-08-19 10:00:00,6.452e-05,104732.195,6786510084.1465,1.5221,0.6035,0.3965,0.6774,188.644,278.502,0.0
2026-08-19 10:15:00,6.452e-05,104732.195,6786510084.1465,1.5221,0.6035,0.3965,0.6774,188.644,278.502,0.0
2026-08-19 10:30:00,6.452e-05,104732.195,6786510084.1465,1.5221,0.6035,0.3965,0.6774,188.644,278.502,0.0
2026-08-19 10:45:00,6.452e-05,104732.195,6786510084.1465,1.5221,0.6035,0.3965,0.6774,188.644,278.502,0.0
2026-08-19 11:00:00,6.452e-05,104732.195,6786510084.1465,1.5221,0.6035,0.3965,0.6774,188.644,278.502,0.0
2026-08-19 11:15:00,6.452e-05,104732.195,6786510084.1465,1.5221,0.6035,0.3965,0.6774,188.644,278.502,0.0
2026-08-19 11:30:00,6.452e-05,104732.195,6786510084.1465,1.5221,0.6035,0.3965,0.6774,188.644,278.502,0.0
2026-08-19 11:45:00,6.452e-05,104732.195,6786510084.1465,1.5221,0.6035,0.3965,0.6774,188.644,278.502,0.0
2026-08-19 12:00:00,6.452e-05,104732.195,6786510084.1465,1.5221,0.6035,0.3965,0.6774,188.644,278.502,0.0
2026-08-19 12:15:00,6.452e-05,104732.195,6786510084.1465,1.5221,0.6035,0.3965,0.6774,188.644,278.502,0.0
2026-08-19 12:30:00,6.452e-05,104732.195,6786510084.1465,1.5221,0.6035,0.3965,0.6774,188.644,278.502,0.0
2026-08-19 12:45:00,6.452e-05,104732.195,6786510084.1465,1.5221,0.6035,0.3965,0.6774,188.644,278.502,0.0
2026-08-19 13:00:00,6.452e-05,104732.195,6786510084.1465,1.5221,0.6035,0.3965,0.6774,188.644,278.502,0.0
2026-08-19 13:15:00,6.452e-05,104732.195,6786510084.1465,1.5221,0.6035,0.3965,0.6774,188.644,278.502,0.0
2026-08-19 13:30:00,6.452e-05,104732.195,6786510084.1465,1.5221,0.6035,0.3965,0.6774,188.644,278.502,0.0
2026-08-19 13:45:00,6.452e-05,104732.195,6786510084.1465,1.5221,0.6035,0.3965,0.6774,188.644,278.502,0.0
2026-08-19 14:00:00,6.452e-05,104732.195,6786510084.1465,1.5221,0.6035,0.3965,0.6774,188.644,278.502,0.0
2026-08-19 14:15:00,6.452e-05,104732.195,6786510084.1465,1.5221,0.6035,0.3965,0.6774,188.644,278.502,0.0
2026-08-19 14:30:00,6.452e-05,104732.195,6786510084.1465,1.5221,0.6035,0.3965,0.6774,188.644,278.502,0.0
2026-08-19 14:45:00,6.452e-05,104732.195,6786510084.1465,1.5221,0.6035,0.3965,0.6774,188.644,278.502,0.0
2026-08-19 15:00:00,6.452e-05,104732.195,6786510084.1465,1.5221,0.6035,0.3965,0.6774,188.644,278.502,0.0
2026-08-19 15:15:00,6.452e-05,104732.195,6786510084.1465,1.5221,0.6035,0.3965,0.6774,188.644,278.502,0.0
2026-08-19 15:30:00,6.452e-05,104732.195,6786510084.1465,1.5221,0.6035,0.3965,0.6774,188.644,278.502,0.0
2026-08-19 15:45:00,6.452e-05,104732.195,6786510084.1465,1.5221,0.6035,0.3965,0.6774,188.644,278.502,0.0
2026-08-19 16:00:00,6.452e-05,104732.195,6786510084.1465,1.5221,0.6035,0.3965,0.6774,188.644,278.502,0.0
2026-08-19 16:15:00,6.452e-05,104732.195,6786510084.1465,1.5221,0.6035,0.3965,0.6774,188.644,278.502,0.0
2026-08-19 16:30:00,6.452e-05,104732.195,6786510084.1465,1.5221,0.6035,0.3965,0.6774,188.644,278.502,0.0
2026-08-19 16:45:00,6.452e-05,104732.195,6786510084.1465,1.5221,0.6035,0.3965,0.6774,188.644,278.502,0.0
2026-08-19 17:00:00,6.452e-05,104732.195,6786510084.1465,1.5221,0.6035,0.3965,0.6774,188.644,278.502,0.0
2026-08-19 17:15:00,6.452e-05,104732.195,6786510084.1465,1.5221,0.6035,0.3965,0.6774,188.644,278.502,0.0
2026-08-19 17:30:00,6.452e-05,104732.195,6786510084.1465,1.5221,0.6035,0.3965,0.6774,188.644,278.502,0.0
2026-08-19 17:45:00,6.452e-05,104732.195,6786510084.1465,1.5221,0.6035,0.3965,0.6774,188.644,278.502,0.0
2026-08-19 18:00:00,6.452e-05,104732.195,6786510084.1465,1.5221,0.6035,0.3965,0.6774,188.644,278.502,0.0
2026-08-19 18:15:00,6.452e-05,104732.195,6786510084.1465,1.5221,0.6035,0.3965,0.6774,188.644,278.502,0.0
2026-08-19 18:30:00,6.452e-05,104732.195,6786510084.1465,1.5221,0.6035,0.3965,0.6774,188.644,278.502,0.0
2026-08-19 18:45:00,6.452e-05,104732.195,6786510084.1465,1.5221,0.6035,0.3965,0.6774,188.644,278.502,0.0
2026-08-19 19:00:00,6.452e-05,104732.195,6786510084.1465,1.5221,0.6035,0.3965,0.6774,188.644,278.502,0.0
2026-08-19 19:15:00,6.452e-05,104732.195,6786510084.1465,1.5221,0.6035,0.3965,0.6774,188.644,278.502,0.0
2026-08-19 19:30:00,6.452e-05,104732.195,6786510084.1465,1.5221,0.6035,0.3965,0.6774,188.644,278.502,0.0
2026-08-19 19:45:00,6.452e-05,104732.195,6786510084.1465,1.5221,0.6035,0.3965,0.6774,188.644,278.502,0.0
2026-08-19 20:00:00,6.452e-05,104732.195,6786510084.1465,1.5221,0.6035,0.3965,0.6774,188.644,278.502,0.0
2026-08-19 20:15:00,6.452e-05,104732.195,6786510084.1465,1.5221,0.6035,0.3965,0.6774,188.644,278.502,0.0
2026-08-19 20:30:00,6.452e-05,104732.195,6786510084.1465,1.5221,0.6035,0.3965,0.6774,188.644,278.502,0.0
2026-08-19 20:45:00,6.452e-05,104732.195,6786510084.1465,1.5221,0.6035,0.3965,0.6774,188.644,278.502,0.0
2026-08-19 21:00:00,6.452e-05,104732.195,6786510084.1465,1.5221,0.6035,0.3965,0.6774,188.644,278.502,0.0
2026-08-19 21:15:00,6.452e-05,104732.195,6786510084.1465,1.5221,0.6035,0.3965,0.6774,188.644,278.502,0.0
2026-08-19 21:30:00,6.452e-05,104732.195,6786510084.1465,1.5221,0.6035,0.3965,0.6774,188.644,278.502,0.0
2026-08-19 21:45:00,6.452e-05,104732.195,6786510084.1465,1.5221,0.6035,0.3965,0.6774,188.644,278.502,0.0
2026-08-19 22:00:00,6.452e-05,104732.195,6786510084.1465,1.5221,0.6035,0.3965,0.6774,188.644,278.502,0.0
2026-08-19 22:15:00,6.452e-05,104732.195,6786510084.1465,1.5221,0.6035,0.3965,0.6774,188.644,278.502,0.0
2026-08-19 22:30:00,6.452e-05,104732.195,6786510084.1465,1.5221,0.6035,0.3965,0.6774,188.644,278.502,0.0
2026-08-19 22:45:00,6.452e-05,104732.195,6786510084.1465,1.5221,0.6035,0.3965,0.6774,188.644,278.502,0.0
2026-08-19 23:00:00,6.452e-05,104732.195,6786510084.1465,1.5221,0.6035,0.3965,0.6774,188.644,278.502,0.0
2026-08-19 23:15:00,6.452e-05,104732.195,6786510084.1465,1.5221,0.6035,0.3965,0.6774,188.644,278.502,0.0
2026-08-19 23:30:00,6.452e-05,104732.195,6786510084.1465,1.5221,0.6035,0.3965,0.6774,188.644,278.502,0.0
2026-08-19 23:45:00,6.452e-05,104732.195,6786510084.1465,1.5221,0.6035,0.3965,0.6774,188.644,278.502,0.0
2026-08-20 00:00:00,6.452e-05,104732.195,6786510084.1465,1.5221,0.6035,0.3965,0.6774,188.644,278.502,0.0
2026-08-20 00:15:00,6.452e-05,104732.195,6786510084.1465,1.5221,0.6035,0.3965,0.6774,188.644,278.502,0.0
2026-08-20 00:30:00,6.452e-05,104732.195,6786510084.1465,1.5221,0.6035,0.3965,0.6774,188.644,278.502,0.0
2026-08-20 00:45:00,6.452e-05,104732.195,6786510084.1465,1.5221,0.6035,0.3965,0.6774,188.644,278.502,0.0
2026-08-20 01:00:00,6.452e-05,104732.195,6786510084.1465,1.5221,0.6035,0.3965,0.6774,188.644,278.502,0.0
2026-08-20 01:15:00,6.452e-05,104732.195,6786510084.1465,1.5221,0.6035,0.3965,0.6774,188.644,278.502,0.0
2026-08-20 01:30:00,6.452e-05,104732.195,6786510084.1465,1.5221,0.6035,0.3965,0.6774,188.644,278.502,0.0
2026-08-20 01:45:00,6.452e-05,104732.195,6786510084.1465,1.5221,0.6035,0.3965,0.6774,188.644,278.502,0.0
2026-08-20 02:00:00,6.452e-05,104732.195,6786510084.1465,1.5221,0.6035,0.3965,0.6774,188.644,278.502,0.0
2026-08-20 02:15:00,6.452e-05,104732.195,6786510084.1465,1.5221,0.6035,0.3965,0.6774,188.644,278.502,0.0
2026-08-20 02:30:00,6.452e-05,104732.195,6786510084.1465,1.5221,0.6035,0.3965,0.6774,188.644,278.502,0.0
2026-08-20 02:45:00,6.452e-05,104732.195,6786510084.1465,1.5221,0.6035,0.3965,0.6774,188.644,278.502,0.0
2026-08-20 03:00:00,6.452e-05,104732.195,6786510084.1465,1.5221,0.6035,0.3965,0.6774,188.644,278.502,0.0
2026-08-20 03:15:00,6.452e-05,104732.195,6786510084.1465,1.5221,0.6035,0.3965,0.6774,188.644,278.502,0.0
2026-08-20 03:30:00,6.452e-05,104732.195,6786510084.1465,1.5221,0.6035,0.3965,0.6774,188.644,278.502,0.0
2026-08-20 03:45:00,6.452e-05,104732.195,6786510084.1465,1.5221,0.6035,0.3965,0.6774,188.644,278.502,0.0
2026-08-20 04:00:00,6.452e-05,104732.195,6786510084.1465,1.5221,0.6035,0.3965,0.6774,188.644,278.502,0.0
2026-08-20 04:15:00,6.452e-05,104732.195,6786510084.1465,1.5221,0.6035,0.3965,0.6774,188.644,278.502,0.0
2026-08-20 04:30:00,6.452e-05,104732.195,6786510084.1465,1.5221,0.6035,0.3965,0.6774,188.644,278.502,0.0
2026-08-20 04:45:00,6.452e-05,104732.195,6786510084.1465,1.5221,0.6035,0.3965,0.6774,188.644,278.502,0.0
2026-08-20 05:00:00,6.452e-05,104732.195,6786510084.1465,1.5221,0.6035,0.3965,0.6774,188.644,278.502,0.0
2026-08-20 05:15:00,6.452e-05,104732.195,6786510084.1465,1.5221,0.6035,0.3965,0.6774,188.644,278.502,0.0
2026-08-20 05:30:00,6.452e-05,104732.195,6786510084.1465,1.5221,0.6035,0.3965,0.6774,188.644,278.502,0.0
2026-08-20 05:45:00,6.452e-05,104732.195,6786510084.1465,1.5221,0.6035,0.3965,0.6774,188.644,278.502,0.0
2026-08-20 06:00:00,6.452e-05,104732.195,6786510084.1465,1.5221,0.6035,0.3965,0.6774,188.644,278.502,0.0
2026-08-20 06:15:00,6.452e-05,104732.195,6786510084.1465,1.5221,0.6035,0.3965,0.6774,188.644,278.502,0.0
2026-08-20 06:30:00,6.452e-05,104732.195,6786510084.1465,1.5221,0.6035,0.3965,0.6774,188.644,278.502,0.0
2026-08-20 06:45:00,6.452e-05,104732.195,6786510084.1465,1.5221,0.6035,0.3965,0.6774,188.644,278.502,0.0
2026-08-20 07:00:00,6.452e-05,104732.195,6786510084.1465,1.5221,0.6035,0.3965,0.6774,188.644,278.502,0.0
2026-08-20 07:15:00,6.452e-05,104732.195,6786510084.1465,1.5221,0.6035,0.3965,0.6774,188.644,278.502,0.0
2026-08-20 07:30:00,6.452e-05,104732.195,6786510084.1465,1.5221,0.6035,0.3965,0.6774,188.644,278.502,0.0
2026-08-20 07:45:00,6.452e-05,104732.195,6786510084.1465,1.5221,0.6035,0.3965,0.6774,188.644,278.502,0.0
2026-08-20 08:00:00,6.452e-05,104732.195,6786510084.1465,1.5221,0.6035,0.3965,0.6774,188.644,278.502,0.0
2026-08-20 08:15:00,6.452e-05,104732.195,6786510084.1465,1.5221,0.6035,0.3965,0.6774,188.644,278.502,0.0
2026-08-20 08:30:00,6.452e-05,104732.195,6786510084.1465,1.5221,0.6035,0.3965,0.6774,188.644,278.502,0.0
2026-08-20 08:45:00,6.452e-05,104732.195,6786510084.1465,1.5221,0.6035,0.3965,0.6774,188.644,278.502,0.0
2026-08-20 09:00:00,6.452e-05,104732.195,6786510084.1465,1.5221,0.6035,0.3965,0.6774,188.644,278.502,0.0
2026-08-20 09:15:00,6.452e-05,104732.195,6786510084.1465,1.5221,0.6035,0.3965,0.6774,188.644,278.502,0.0
2026-08-20 09:30:00,6.452e-05,104732.195,6786510084.1465,1.5221,0.6035,0.3965,0.6774,188.644,278.502,0.0
2026-08-20 09:45:00,6.452e-05,104732.195,6786510084.1465,1.5221,0.6035,0.3965,0.6774,188.644,278.502,0.0
2026-08-20 10:00:00,6.452e-05,104732.195,6786510084.1465,1.5221,0.6035,0.3965,0.6774,188.644,278.502,0.0
2026-08-20 10:15:00,6.452e-05,104732.195,6786510084.1465,1.5221,0.6035,0.3965,0.6774,188.644,278.502,0.0
2026-08-20 10:30:00,6.452e-05,104732.195,6786510084.1465,1.5221,0.6035,0.3965,0.6774,188.644,278.502,0.0
2026-08-20 10:45:00,6.452e-05,104732.195,6786510084.1465,1.5221,0.6035,0.3965,0.6774,188.644,278.502,0.0
2026-08-20 11:00:00,6.452e-05,104732.195,6786510084.1465,1.5221,0.6035,0.3965,0.6774,188.644,278.502,0.0
2026-08-20 11:15:00,6.452e-05,104732.195,6786510084.1465,1.5221,0.6035,0.3965,0.6774,188.644,278.502,0.0
2026-08-20 11:30:00,6.452e-05,104732.195,6786510084.1465,1.5221,0.6035,0.3965,0.6774,188.644,278.502,0.0
2026-08-20 11:45:00,6.452e-05,104732.195,6786510084.1465,1.5221,0.6035,0.3965,0.6774,188.644,278.502,0.0
2026-08-20 12:00:00,6.452e-05,104732.195,6786510084.1465,1.5221,0.6035,0.3965,0.6774,188.644,278.502,0.0
2026-08-20 12:15:00,6.452e-05,104732.195,6786510084.1465,1.5221,0.6035,0.3965,0.6774,188.644,278.502,0.0
2026-08-20 12:30:00,6.452e-05,104732.195,6786510084.1465,1.5221,0.6035,0.3965,0.6774,188.644,278.502,0.0
2026-08-20 12:45:00,6.452e-05,104732.195,6786510084.1465,1.5221,0.6035,0.3965,0.6774,188.644,278.502,0.0
2026-08-20 13:00:00,6.452e-05,104732.195,6786510084.1465,1.5221,0.6035,0.3965,0.6774,188.644,278.502,0.0
2026-08-20 13:15:00,6.452e-05,104732.195,6786510084.1465,1.5221,0.6035,0.3965,0.6774,188.644,278.502,0.0
2026-08-20 13:30:00,6.452e-05,104732.195,6786510084.1465,1.5221,0.6035,0.3965,0.6774,188.644,278.502,0.0
2026-08-20 13:45:00,6.452e-05,104732.195,6786510084.1465,1.5221,0.6035,0.3965,0.6774,188.644,278.502,0.0
2026-08-20 14:00:00,6.452e-05,104732.195,6786510084.1465,1.5221,0.6035,0.3965,0.6774,188.644,278.502,0.0
2026-08-20 14:15:00,6.452e-05,104732.195,6786510084.1465,1.5221,0.6035,0.3965,0.6774,188.644,278.502,0.0
2026-08-20 14:30:00,6.452e-05,104732.195,6786510084.1465,1.5221,0.6035,0.3965,0.6774,188.644,278.502,0.0
2026-08-20 14:45:00,6.452e-05,104732.195,6786510084.1465,1.5221,0.6035,0.3965,0.6774,188.644,278.502,0.0
2026-08-20 15:00:00,6.452e-05,104732.195,6786510084.1465,1.5221,0.6035,0.3965,0.6774,188.644,278.502,0.0
2026-08-20 15:15:00,6.452e-05,104732.195,6786510084.1465,1.5221,0.6035,0.3965,0.6774,188.644,278.502,0.0
2026-08-20 15:30:00,6.452e-05,104732.195,6786510084.1465,1.5221,0.6035,0.3965,0.6774,188.644,278.502,0.0
2026-08-20 15:45:00,6.452e-05,104732.195,6786510084.1465,1.5221,0.6035,0.3965,0.6774,188.644,278.502,0.0
2026-08-20 16:00:00,6.452e-05,104732.195,6786510084.1465,1.5221,0.6035,0.3965,0.6774,188.644,278.502,0.0
2026-08-20 16:15:00,6.452e-05,104732.195,6786510084.1465,1.5221,0.6035,0.3965,0.6774,188.644,278.502,0.0
2026-08-20 16:30:00,6.452e-05,104732.195,6786510084.1465,1.5221,0.6035,0.3965,0.6774,188.644,278.502,0.0
2026-08-20 16:45:00,6.452e-05,104732.195,6786510084.1465,1.5221,0.6035,0.3965,0.6774,188.644,278.502,0.0
2026-08-20 17:00:00,6.452e-05,104732.195,6786510084.1465,1.5221,0.6035,0.3965,0.6774,188.644,278.502,0.0
2026-08-20 17:15:00,6.452e-05,104732.195,6786510084.1465,1.5221,0.6035,0.3965,0.6774,188.644,278.502,0.0
2026-08-20 17:30:00,6.452e-05,104732.195,6786510084.1465,1.5221,0.6035,0.3965,0.6774,188.644,278.502,0.0
2026-08-20 17:45:00,6.452e-05,104732.195,6786510084.1465,1.5221,0.6035,0.3965,0.6774,188.644,278.502,0.0
2026-08-20 18:00:00,6.452e-05,104732.195,6786510084.1465,1.5221,0.6035,0.3965,0.6774,188.644,278.502,0.0
2026-08-20 18:15:00,6.452e-05,104732.195,6786510084.1465,1.5221,0.6035,0.3965,0.6774,188.644,278.502,0.0
2026-08-20 18:30:00,6.452e-05,104732.195,6786510084.1465,1.5221,0.6035,0.3965,0.6774,188.644,278.502,0.0
2026-08-20 18:45:00,6.452e-05,104732.195,6786510084.1465,1.5221,0.6035,0.3965,0.6774,188.644,278.502,0.0
2026-08-20 19:00:00,6.452e-05,104732.195,6786510084.1465,1.5221,0.6035,0.3965,0.6774,188.644,278.502,0.0
2026-08-20 19:15:00,6.452e-05,104732.195,6786510084.1465,1.5221,0.6035,0.3965,0.6774,188.644,278.502,0.0
2026-08-20 19:30:00,6.452e-05,104732.195,6786510084.1465,1.5221,0.6035,0.3965,0.6774,188.644,278.502,0.0
2026-08-20 19:45:00,6.452e-05,104732.195,6786510084.1465,1.5221,0.6035,0.3965,0.6774,188.644,278.502,0.0
2026-08-20 20:00:00,6.452e-05,104732.195,6786510084.1465,1.5221,0.6035,0.3965,0.6774,188.644,278.502,0.0
2026-08-20 20:15:00,6.452e-05,104732.195,6786510084.1465,1.5221,0.6035,0.3965,0.6774,188.644,278.502,0.0
2026-08-20 20:30:00,6.452e-05,104732.195,6786510084.1465,1.5221,0.6035,0.3965,0.6774,188.644,278.502,0.0
2026-08-20 20:45:00,6.452e-05,104732.195,6786510084.1465,1.5221,0.6035,0.3965,0.6774,188.644,278.502,0.0
2026-08-20 21:00:00,6.452e-05,104732.195,6786510084.1465,1.5221,0.6035,0.3965,0.6774,188.644,278.502,0.0
2026-08-20 21:15:00,6.452e-05,104732.195,6786510084.1465,1.5221,0.6035,0.3965,0.6774,188.644,278.502,0.0
2026-08-20 21:30:00,6.452e-05,104732.195,6786510084.1465,1.5221,0.6035,0.3965,0.6774,188.644,278.502,0.0
2026-08-20 21:45:00,6.452e-05,104732.195,6786510084.1465,1.5221,0.6035,0.3965,0.6774,188.644,278.502,0.0
2026-08-20 22:00:00,6.452e-05,104732.195,6786510084.1465,1.5221,0.6035,0.3965,0.6774,188.644,278.502,0.0
2026-08-20 22:15:00,6.452e-05,104732.195,6786510084.1465,1.5221,0.6035,0.3965,0.6774,188.644,278.502,0.0
2026-08-20 22:30:00,6.452e-05,104732.195,6786510084.1465,1.5221,0.6035,0.3965,0.6774,188.644,278.502,0.0
2026-08-20 22:45:00,6.452e-05,104732.195,6786510084.1465,1.5221,0.6035,0.3965,0.6774,188.644,278.502,0.0
2026-08-20 23:00:00,6.452e-05,104732.195,6786510084.1465,1.5221,0.6035,0.3965,0.6774,188.644,278.502,0.0
2026-08-20 23:15:00,6.452e-05,104732.195,6786510084.1465,1.5221,0.6035,0.3965,0.6774,188.644,278.502,0.0
2026-08-20 23:30:00,6.452e-05,104732.195,6786510084.1465,1.5221,0.6035,0.3965,0.6774,188.644,278.502,0.0
2026-08-20 23:45:00,6.452e-05,104732.195,6786510084.1465,1.5221,0.6035,0.3965,0.6774,188.644,278.502,0.0
2026-08-21 00:00:00,6.452e-05,104732.195,6786510084.1465,1.5221,0.6035,0.3965,0.6774,188.644,278.502,0.0
2026-08-21 00:15:00,6.452e-05,104732.195,6786510084.1465,1.5221,0.6035,0.3965,0.6774,188.644,278.502,0.0
2026-08-21 00:30:00,6.452e-05,104732.195,6786510084.1465,1.5221,0.6035,0.3965,0.6774,188.644,278.502,0.0
2026-08-21 00:45:00,6.452e-05,104732.195,6786510084.1465,1.5221,0.6035,0.3965,0.6774,188.644,278.502,0.0
2026-08-21 01:00:00,6.452e-05,104732.195,6786510084.1465,1.5221,0.6035,0.3965,0.6774,188.644,278.502,0.0
2026-08-21 01:15:00,6.452e-05,104732.195,6786510084.1465,1.5221,0.6035,0.3965,0.6774,188.644,278.502,0.0
2026-08-21 01:30:00,6.452e-05,104732.195,6786510084.1465,1.5221,0.6035,0.3965,0.6774,188.644,278.502,0.0
2026-08-21 01:45:00,6.452e-05,104732.195,6786510084.1465,1.5221,0.6035,0.3965,0.6774,188.644,278.502,0.0
2026-08-21 02:00:00,6.452e-05,104732.195,6786510084.1465,1.5221,0.6035,0.3965,0.6774,188.644,278.502,0.0
2026-08-21 02:15:00,6.452e-05,104732.195,6786510084.1465,1.5221,0.6035,0.3965,0.6774,188.644,278.502,0.0
2026-08-21 02:30:00,6.452e-05,104732.195,6786510084.1465,1.5221,0.6035,0.3965,0.6774,188.644,278.502,0.0
2026-08-21 02:45:00,6.452e-05,104732.195,6786510084.1465,1.5221,0.6035,0.3965,0.6774,188.644,278.502,0.0
2026-08-21 03:00:00,6.452e-05,104732.195,6786510084.1465,1.5221,0.6035,0.3965,0.6774,188.644,278.502,0.0
2026-08-21 03:15:00,6.452e-05,104732.195,6786510084.1465,1.5221,0.6035,0.3965,0.6774,188.644,278.502,0.0
2026-08-21 03:30:00,6.452e-05,104732.195,6786510084.1465,1.5221,0.6035,0.3965,0.6774,188.644,278.502,0.0
2026-08-21 03:45:00,6.452e-05,104732.195,6786510084.1465,1.5221,0.6035,0.3965,0.6774,188.644,278.502,0.0
2026-08-21 04:00:00,6.452e-05,104732.195,6786510084.1465,1.5221,0.6035,0.3965,0.6774,188.644,278.502,0.0
2026-08-21 04:15:00,6.452e-05,104732.195,6786510084.1465,1.5221,0.6035,0.3965,0.6774,188.644,278.502,0.0
2026-08-21 04:30:00,6.452e-05,104732.195,6786510084.1465,1.5221,0.6035,0.3965,0.6774,188.644,278.502,0.0
2026-08-21 04:45:00,6.452e-05,104732.195,6786510084.1465,1.5221,0.6035,0.3965,0.6774,188.644,278.502,0.0
2026-08-21 05:00:00,6.452e-05,104732.195,6786510084.1465,1.5221,0.6035,0.3965,0.6774,188.644,278.502,0.0
2026-08-21 05:15:00,6.452e-05,104732.195,6786510084.1465,1.5221,0.6035,0.3965,0.6774,188.644,278.502,0.0
2026-08-21 05:30:00,6.452e-05,104732.195,6786510084.1465,1.5221,0.6035,0.3965,0.6774,188.644,278.502,0.0
2026-08-21 05:45:00,6.452e-05,104732.195,6786510084.1465,1.5221,0.6035,0.3965,0.6774,188.644,278.502,0.0
2026-08-21 06:00:00,6.452e-05,104732.195,6786510084.1465,1.5221,0.6035,0.3965,0.6774,188.644,278.502,0.0
2026-08-21 06:15:00,6.452e-05,104732.195,6786510084.1465,1.5221,0.6035,0.3965,0.6774,188.644,278.502,0.0
2026-08-21 06:30:00,6.452e-05,104732.195,6786510084.1465,1.5221,0.6035,0.3965,0.6774,188.644,278.502,0.0
2026-08-21 06:45:00,6.452e-05,104732.195,6786510084.1465,1.5221,0.6035,0.3965,0.6774,188.644,278.502,0.0
2026-08-21 07:00:00,6.452e-05,104732.195,6786510084.1465,1.5221,0.6035,0.3965,0.6774,188.644,278.502,0.0
2026-08-21 07:15:00,6.452e-05,104732.195,6786510084.1465,1.5221,0.6035,0.3965,0.6774,188.644,278.502,0.0
2026-08-21 07:30:00,6.452e-05,104732.195,6786510084.1465,1.5221,0.6035,0.3965,0.6774,188.644,278.502,0.0
2026-08-21 07:45:00,6.452e-05,104732.195,6786510084.1465,1.5221,0.6035,0.3965,0.6774,188.644,278.502,0.0
2026-08-21 08:00:00,6.452e-05,104732.195,6786510084.1465,1.5221,0.6035,0.3965,0.6774,188.644,278.502,0.0
2026-08-21 08:15:00,6.452e-05,104732.195,6786510084.1465,1.5221,0.6035,0.3965,0.6774,188.644,278.502,0.0
2026-08-21 08:30:00,6.452e-05,104732.195,6786510084.1465,1.5221,0.6035,0.3965,0.6774,188.644,278.502,0.0
2026-08-21 08:45:00,6.452e-05,104732.195,6786510084.1465,1.5221,0.6035,0.3965,0.6774,188.644,278.502,0.0
2026-08-21 09:00:00,6.452e-05,104732.195,6786510084.1465,1.5221,0.6035,0.3965,0.6774,188.644,278.502,0.0
2026-08-21 09:15:00,6.452e-05,104732.195,6786510084.1465,1.5221,0.6035,0.3965,0.6774,188.644,278.502,0.0
2026-08-21 09:30:00,6.452e-05,104732.195,6786510084.1465,1.5221,0.6035,0.3965,0.6774,188.644,278.502,0.0
2026-08-21 09:45:00,6.452e-05,104732.195,6786510084.1465,1.5221,0.6035,0.3965,0.6774,188.644,278.502,0.0
2026-08-21 10:00:00,6.452e-05,104732.195,6786510084.1465,1.5221,0.6035,0.3965,0.6774,188.644,278.502,0.0
2026-08-21 10:15:00,6.452e-05,104732.195,6786510084.1465,1.5221,0.6035,0.3965,0.6774,188.644,278.502,0.0
2026-08-21 10:30:00,6.452e-05,104732.195,6786510084.1465,1.5221,0.6035,0.3965,0.6774,188.644,278.502,0.0
2026-08-21 10:45:00,6.452e-05,104732.195,6786510084.1465,1.5221,0.6035,0.3965,0.6774,188.644,278.502,0.0
2026-08-21 11:00:00,6.452e-05,104732.195,6786510084.1465,1.5221,0.6035,0.3965,0.6774,188.644,278.502,0.0
2026-08-21 11:15:00,6.452e-05,104732.195,6786510084.1465,1.5221,0.6035,0.3965,0.6774,188.644,278.502,0.0
2026-08-21 11:30:00,6.452e-05,104732.195,6786510084.1465,1.5221,0.6035,0.3965,0.6774,188.644,278.502,0.0
2026-08-21 11:45:00,6.452e-05,104732.195,6786510084.1465,1.5221,0.6035,0.3965,0.6774,188.644,278.502,0.0
2026-08-21 12:00:00,6.452e-05,104732.195,6786510084.1465,1.5221,0.6035,0.3965,0.6774,188.644,278.502,0.0
2026-08-21 12:15:00,6.452e-05,104732.195,6786510084.1465,1.5221,0.6035,0.3965,0.6774,188.644,278.502,0.0
2026-08-21 12:30:00,6.452e-05,104732.195,6786510084.1465,1.5221,0.6035,0.3965,0.6774,188.644,278.502,0.0
2026-08-21 12:45:00,6.452e-05,104732.195,6786510084.1465,1.5221,0.6035,0.3965,0.6774,188.644,278.502,0.0
2026-08-21 13:00:00,6.452e-05,104732.195,6786510084.1465,1.5221,0.6035,0.3965,0.6774,188.644,278.502,0.0
2026-08-21 13:15:00,6.452e-05,104732.195,6786510084.1465,1.5221,0.6035,0.3965,0.6774,188.644,278.502,0.0
2026-08-21 13:30:00,6.452e-05,104732.195,6786510084.1465,1.5221,0.6035,0.3965,0.6774,188.644,278.502,0.0
2026-08-21 13:45:00,6.452e-05,104732.195,6786510084.1465,1.5221,0.6035,0.3965,0.6774,188.644,278.502,0.0
2026-08-21 14:00:00,6.452e-05,104732.195,6786510084.1465,1.5221,0.6035,0.3965,0.6774,188.644,278.502,0.0
2026-08-21 14:15:00,6.452e-05,104732.195,6786510084.1465,1.5221,0.6035,0.3965,0.6774,188.644,278.502,0.0
2026-08-21 14:30:00,6.452e-05,104732.195,6786510084.1465,1.5221,0.6035,0.3965,0.6774,188.644,278.502,0.0
2026-08-21 14:45:00,6.452e-05,104732.195,6786510084.1465,1.5221,0.6035,0.3965,0.6774,188.644,278.502,0.0
2026-08-21 15:00:00,6.452e-05,104732.195,6786510084.1465,1.5221,0.6035,0.3965,0.6774,188.644,278.502,0.0
2026-08-21 15:15:00,6.452e-05,104732.195,6786510084.1465,1.5221,0.6035,0.3965,0.6774,188.644,278.502,0.0
2026-08-21 15:30:00,6.452e-05,104732.195,6786510084.1465,1.5221,0.6035,0.3965,0.6774,188.644,278.502,0.0
2026-08-21 15:45:00,6.452e-05,104732.195,6786510084.1465,1.5221,0.6035,0.3965,0.6774,188.644,278.502,0.0
2026-08-21 16:00:00,6.452e-05,104732.195,6786510084.1465,1.5221,0.6035,0.3965,0.6774,188.644,278.502,0.0
2026-08-21 16:15:00,6.452e-05,104732.195,6786510084.1465,1.5221,0.6035,0.3965,0.6774,188.644,278.502,0.0
2026-08-21 16:30:00,6.452e-05,104732.195,6786510084.1465,1.5221,0.6035,0.3965,0.6774,188.644,278.502,0.0
2026-08-21 16:45:00,6.452e-05,104732.195,6786510084.1465,1.5221,0.6035,0.3965,0.6774,188.644,278.502,0.0
2026-08-21 17:00:00,6.452e-05,104732.195,6786510084.1465,1.5221,0.6035,0.3965,0.6774,188.644,278.502,0.0
2026-08-21 17:15:00,6.452e-05,104732.195,6786510084.1465,1.5221,0.6035,0.3965,0.6774,188.644,278.502,0.0
2026-08-21 17:30:00,6.452e-05,104732.195,6786510084.1465,1.5221,0.6035,0.3965,0.6774,188.644,278.502,0.0
2026-08-21 17:45:00,6.452e-05,104732.195,6786510084.1465,1.5221,0.6035,0.3965,0.6774,188.644,278.502,0.0
2026-08-21 18:00:00,6.452e-05,104732.195,6786510084.1465,1.5221,0.6035,0.3965,0.6774,188.644,278.502,0.0
2026-08-21 18:15:00,6.452e-05,104732.195,6786510084.1465,1.5221,0.6035,0.3965,0.6774,188.644,278.502,0.0
2026-08-21 18:30:00,6.452e-05,104732.195,6786510084.1465,1.5221,0.6035,0.3965,0.6774,188.644,278.502,0.0
2026-08-21 18:45:00,6.452e-05,104732.195,6786510084.1465,1.5221,0.6035,0.3965,0.6774,188.644,278.502,0.0
2026-08-21 19:00:00,6.452e-05,104732.195,6786510084.1465,1.5221,0.6035,0.3965,0.6774,188.644,278.502,0.0
2026-08-21 19:15:00,6.452e-05,104732.195,6786510084.1465,1.5221,0.6035,0.3965,0.6774,188.644,278.502,0.0
2026-08-21 19:30:00,6.452e-05,104732.195,6786510084.1465,1.5221,0.6035,0.3965,0.6774,188.644,278.502,0.0
2026-08-21 19:45:00,6.452e-05,104732.195,6786510084.1465,1.5221,0.6035,0.3965,0.6774,188.644,278.502,0.0
2026-08-21 20:00:00,6.452e-05,104732.195,6786510084.1465,1.5221,0.6035,0.3965,0.6774,188.644,278.502,0.0
2026-08-21 20:15:00,6.452e-05,104732.195,6786510084.1465,1.5221,0.6035,0.3965,0.6774,188.644,278.502,0.0
2026-08-21 20:30:00,6.452e-05,104732.195,6786510084.1465,1.5221,0.6035,0.3965,0.6774,188.644,278.502,0.0
2026-08-21 20:45:00,6.452e-05,104732.195,6786510084.1465,1.5221,0.6035,0.3965,0.6774,188.644,278.502,0.0
2026-08-21 21:00:00,6.452e-05,104732.195,6786510084.1465,1.5221,0.6035,0.3965,0.6774,188.644,278.502,0.0
2026-08-21 21:15:00,6.452e-05,104732.195,6786510084.1465,1.5221,0.6035,0.3965,0.6774,188.644,278.502,0.0
2026-08-21 21:30:00,6.452e-05,104732.195,6786510084.1465,1.5221,0.6035,0.3965,0.6774,188.644,278.502,0.0
2026-08-21 21:45:00,6.452e-05,104732.195,6786510084.1465,1.5221,0.6035,0.3965,0.6774,188.644,278.502,0.0
2026-08-21 22:00:00,6.452e-05,104732.195,6786510084.1465,1.5221,0.6035,0.3965,0.6774,188.644,278.502,0.0
2026-08-21 22:15:00,6.452e-05,104732.195,6786510084.1465,1.5221,0.6035,0.3965,0.6774,188.644,278.502,0.0
2026-08-21 22:30:00,6.452e-05,104732.195,6786510084.1465,1.5221,0.6035,0.3965,0.6774,188.644,278.502,0.0
2026-08-21 22:45:00,6.452e-05,104732.195,6786510084.1465,1.5221,0.6035,0.3965,0.6774,188.644,278.502,0.0
2026-08-21 23:00:00,6.452e-05,104732.195,6786510084.1465,1.5221,0.6035,0.3965,0.6774,188.644,278.502,0.0
2026-08-21 23:15:00,6.452e-05,104732.195,6786510084.1465,1.5221,0.6035,0.3965,0.6774,188.644,278.502,0.0
2026-08-21 23:30:00,6.452e-05,104732.195,6786510084.1465,1.5221,0.6035,0.3965,0.6774,188.644,278.502,0.0
2026-08-21 23:45:00,6.452e-05,104732.195,6786510084.1465,1.5221,0.6035,0.3965,0.6774,188.644,278.502,0.0
2026-08-22 00:00:00,6.452e-05,104732.195,6786510084.1465,1.5221,0.6035,0.3965,0.6774,188.644,278.502,0.0
2026-08-22 00:15:00,6.452e-05,104732.195,6786510084.1465,1.5221,0.6035,0.3965,0.6774,188.644,278.502,0.0
2026-08-22 00:30:00,6.452e-05,104732.195,6786510084.1465,1.5221,0.6035,0.3965,0.6774,188.644,278.502,0.0
2026-08-22 00:45:00,6.452e-05,104732.195,6786510084.1465,1.5221,0.6035,0.3965,0.6774,188.644,278.502,0.0
2026-08-22 01:00:00,6.452e-05,104732.195,6786510084.1465,1.5221,0.6035,0.3965,0.6774,188.644,278.502,0.0
2026-08-22 01:15:00,6.452e-05,104732.195,6786510084.1465,1.5221,0.6035,0.3965,0.6774,188.644,278.502,0.0
2026-08-22 01:30:00,6.452e-05,104732.195,6786510084.1465,1.5221,0.6035,0.3965,0.6774,188.644,278.502,0.0
2026-08-22 01:45:00,6.452e-05,104732.195,6786510084.1465,1.5221,0.6035,0.3965,0.6774,188.644,278.502,0.0
2026-08-22 02:00:00,6.452e-05,104732.195,6786510084.1465,1.5221,0.6035,0.3965,0.6774,188.644,278.502,0.0
2026-08-22 02:15:00,6.452e-05,104732.195,6786510084.1465,1.5221,0.6035,0.3965,0.6774,188.644,278.502,0.0
2026-08-22 02:30:00,6.452e-05,104732.195,6786510084.1465,1.5221,0.6035,0.3965,0.6774,188.644,278.502,0.0
2026-08-22 02:45:00,6.452e-05,104732.195,6786510084.1465,1.5221,0.6035,0.3965,0.6774,188.644,278.502,0.0
2026-08-22 03:00:00,6.452e-05,104732.195,6786510084.1465,1.5221,0.6035,0.3965,0.6774,188.644,278.502,0.0
2026-08-22 03:15:00,6.452e-05,104732.195,6786510084.1465,1.5221,0.6035,0.3965,0.6774,188.644,278.502,0.0
2026-08-22 03:30:00,6.452e-05,104732.195,6786510084.1465,1.5221,0.6035,0.3965,0.6774,188.644,278.502,0.0
2026-08-22 03:45:00,6.452e-05,104732.195,6786510084.1465,1.5221,0.6035,0.3965,0.6774,188.644,278.502,0.0
2026-08-22 04:00:00,6.452e-05,104732.195,6786510084.1465,1.5221,0.6035,0.3965,0.6774,188.644,278.502,0.0
2026-08-22 04:15:00,6.452e-05,104732.195,6786510084.1465,1.5221,0.6035,0.3965,0.6774,188.644,278.502,0.0
2026-08-22 04:30:00,6.452e-05,104732.195,6786510084.1465,1.5221,0.6035,0.3965,0.6774,188.644,278.502,0.0
2026-08-22 04:45:00,6.452e-05,104732.195,6786510084.1465,1.5221,0.6035,0.3965,0.6774,188.644,278.502,0.0
2026-08-22 05:00:00,6.452e-05,104732.195,6786510084.1465,1.5221,0.6035,0.3965,0.6774,188.644,278.502,0.0
2026-08-22 05:15:00,6.452e-05,104732.195,6786510084.1465,1.5221,0.6035,0.3965,0.6774,188.644,278.502,0.0
2026-08-22 05:30:00,6.452e-05,104732.195,6786510084.1465,1.5221,0.6035,0.3965,0.6774,188.644,278.502,0.0
2026-08-22 05:45:00,6.452e-05,104732.195,6786510084.1465,1.5221,0.6035,0.3965,0.6774,188.644,278.502,0.0
2026-08-22 06:00:00,6.452e-05,104732.195,6786510084.1465,1.5221,0.6035,0.3965,0.6774,188.644,278.502,0.0
2026-08-22 06:15:00,6.452e-05,104732.195,6786510084.1465,1.5221,0.6035,0.3965,0.6774,188.644,278.502,0.0
2026-08-22 06:30:00,6.452e-05,104732.195,6786510084.1465,1.5221,0.6035,0.3965,0.6774,188.644,278.502,0.0
2026-08-22 06:45:00,6.452e-05,104732.195,6786510084.1465,1.5221,0.6035,0.3965,0.6774,188.644,278.502,0.0
2026-08-22 07:00:00,6.452e-05,104732.195,6786510084.1465,1.5221,0.6035,0.3965,0.6774,188.644,278.502,0.0
2026-08-22 07:15:00,6.452e-05,104732.195,6786510084.1465,1.5221,0.6035,0.3965,0.6774,188.644,278.502,0.0
2026-08-22 07:30:00,6.452e-05,104732.195,6786510084.1465,1.5221,0.6035,0.3965,0.6774,188.644,278.502,0.0
2026-08-22 07:45:00,6.452e-05,104732.195,6786510084.1465,1.5221,0.6035,0.3965,0.6774,188.644,278.502,0.0
2026-08-22 08:00:00,6.452e-05,104732.195,6786510084.1465,1.5221,0.6035,0.3965,0.6774,188.644,278.502,0.0
2026-08-22 08:15:00,6.452e-05,104732.195,6786510084.1465,1.5221,0.6035,0.3965,0.6774,188.644,278.502,0.0
2026-08-22 08:30:00,6.452e-05,104732.195,6786510084.1465,1.5221,0.6035,0.3965,0.6774,188.644,278.502,0.0
2026-08-22 08:45:00,6.452e-05,104732.195,6786510084.1465,1.5221,0.6035,0.3965,0.6774,188.644,278.502,0.0
2026-08-22 09:00:00,6.452e-05,104732.195,6786510084.1465,1.5221,0.6035,0.3965,0.6774,188.644,278.502,0.0
2026-08-22 09:15:00,6.452e-05,104732.195,6786510084.1465,1.5221,0.6035,0.3965,0.6774,188.644,278.502,0.0
2026-08-22 09:30:00,6.452e-05,104732.195,6786510084.1465,1.5221,0.6035,0.3965,0.6774,188.644,278.502,0.0
2026-08-22 09:45:00,6.452e-05,104732.195,6786510084.1465,1.5221,0.6035,0.3965,0.6774,188.644,278.502,0.0
2026-08-22 10:00:00,6.452e-05,104732.195,6786510084.1465,1.5221,0.6035,0.3965,0.6774,188.644,278.502,0.0
2026-08-22 10:15:00,6.452e-05,104732.195,6786510084.1465,1.5221,0.6035,0.3965,0.6774,188.644,278.502,0.0
2026-08-22 10:30:00,6.452e-05,104732.195,6786510084.1465,1.5221,0.6035,0.3965,0.6774,188.644,278.502,0.0
2026-08-22 10:45:00,6.452e-05,104732.195,6786510084.1465,1.5221,0.6035,0.3965,0.6774,188.644,278.502,0.0
2026-08-22 11:00:00,6.452e-05,104732.195,6786510084.1465,1.5221,0.6035,0.3965,0.6774,188.644,278.502,0.0
2026-08-22 11:15:00,6.452e-05,104732.195,6786510084.1465,1.5221,0.6035,0.3965,0.6774,188.644,278.502,0.0
2026-08-22 11:30:00,6.452e-05,104732.195,6786510084.1465,1.5221,0.6035,0.3965,0.6774,188.644,278.502,0.0
2026-08-22 11:45:00,6.452e-05,104732.195,6786510084.1465,1.5221,0.6035,0.3965,0.6774,188.644,278.502,0.0
2026-08-22 12:00:00,6.452e-05,104732.195,6786510084.1465,1.5221,0.6035,0.3965,0.6774,188.644,278.502,0.0
2026-08-22 12:15:00,6.452e-05,104732.195,6786510084.1465,1.5221,0.6035,0.3965,0.6774,188.644,278.502,0.0
2026-08-22 12:30:00,6.452e-05,104732.195,6786510084.1465,1.5221,0.6035,0.3965,0.6774,188.644,278.502,0.0
2026-08-22 12:45:00,6.452e-05,104732.195,6786510084.1465,1.5221,0.6035,0.3965,0.6774,188.644,278.502,0.0
2026-08-22 13:00:00,6.452e-05,104732.195,6786510084.1465,1.5221,0.6035,0.3965,0.6774,188.644,278.502,0.0
2026-08-22 13:15:00,6.452e-05,104732.195,6786510084.1465,1.5221,0.6035,0.3965,0.6774,188.644,278.502,0.0
2026-08-22 13:30:00,6.452e-05,104732.195,6786510084.1465,1.5221,0.6035,0.3965,0.6774,188.644,278.502,0.0
2026-08-22 13:45:00,6.452e-05,104732.195,6786510084.1465,1.5221,0.6035,0.3965,0.6774,188.644,278.502,0.0
2026-08-22 14:00:00,6.452e-05,104732.195,6786510084.1465,1.5221,0.6035,0.3965,0.6774,188.644,278.502,0.0
2026-08-22 14:15:00,6.452e-05,104732.195,6786510084.1465,1.5221,0.6035,0.3965,0.6774,188.644,278.502,0.0
2026-08-22 14:30:00,6.452e-05,104732.195,6786510084.1465,1.5221,0.6035,0.3965,0.6774,188.644,278.502,0.0
2026-08-22 14:45:00,6.452e-05,104732.195,6786510084.1465,1.5221,0.6035,0.3965,0.6774,188.644,278.502,0.0
2026-08-22 15:00:00,6.452e-05,104732.195,6786510084.1465,1.5221,0.6035,0.3965,0.6774,188.644,278.502,0.0
2026-08-22 15:15:00,6.452e-05,104732.195,6786510084.1465,1.5221,0.6035,0.3965,0.6774,188.644,278.502,0.0
2026-08-22 15:30:00,6.452e-05,104732.195,6786510084.1465,1.5221,0.6035,0.3965,0.6774,188.644,278.502,0.0
2026-08-22 15:45:00,6.452e-05,104732.195,6786510084.1465,1.5221,0.6035,0.3965,0.6774,188.644,278.502,0.0
2026-08-22 16:00:00,6.452e-05,104732.195,6786510084.1465,1.5221,0.6035,0.3965,0.6774,188.644,278.502,0.0
2026-08-22 16:15:00,6.452e-05,104732.195,6786510084.1465,1.5221,0.6035,0.3965,0.6774,188.644,278.502,0.0
2026-08-22 16:30:00,6.452e-05,104732.195,6786510084.1465,1.5221,0.6035,0.3965,0.6774,188.644,278.502,0.0
2026-08-22 16:45:00,6.452e-05,104732.195,6786510084.1465,1.5221,0.6035,0.3965,0.6774,188.644,278.502,0.0
2026-08-22 17:00:00,6.452e-05,104732.195,6786510084.1465,1.5221,0.6035,0.3965,0.6774,188.644,278.502,0.0
2026-08-22 17:15:00,6.452e-05,104732.195,6786510084.1465,1.5221,0.6035,0.3965,0.6774,188.644,278.502,0.0
2026-08-22 17:30:00,6.452e-05,104732.195,6786510084.1465,1.5221,0.6035,0.3965,0.6774,188.644,278.502,0.0
2026-08-22 17:45:00,6.452e-05,104732.195,6786510084.1465,1.5221,0.6035,0.3965,0.6774,188.644,278.502,0.0
2026-08-22 18:00:00,6.452e-05,104732.195,6786510084.1465,1.5221,0.6035,0.3965,0.6774,188.644,278.502,0.0
2026-08-22 18:15:00,6.452e-05,104732.195,6786510084.1465,1.5221,0.6035,0.3965,0.6774,188.644,278.502,0.0
2026-08-22 18:30:00,6.452e-05,104732.195,6786510084.1465,1.5221,0.6035,0.3965,0.6774,188.644,278.502,0.0
2026-08-22 18:45:00,6.452e-05,104732.195,6786510084.1465,1.5221,0.6035,0.3965,0.6774,188.644,278.502,0.0
2026-08-22 19:00:00,6.452e-05,104732.195,6786510084.1465,1.5221,0.6035,0.3965,0.6774,188.644,278.502,0.0
2026-08-22 19:15:00,6.452e-05,104732.195,6786510084.1465,1.5221,0.6035,0.3965,0.6774,188.644,278.502,0.0
2026-08-22 19:30:00,6.452e-05,104732.195,6786510084.1465,1.5221,0.6035,0.3965,0.6774,188.644,278.502,0.0
2026-08-22 19:45:00,6.452e-05,104732.195,6786510084.1465,1.5221,0.6035,0.3965,0.6774,188.644,278.502,0.0
2026-08-22 20:00:00,6.452e-05,104732.195,6786510084.1465,1.5221,0.6035,0.3965,0.6774,188.644,278.502,0.0
2026-08-22 20:15:00,6.452e-05,104732.195,6786510084.1465,1.5221,0.6035,0.3965,0.6774,188.644,278.502,0.0
2026-08-22 20:30:00,6.452e-05,104732.195,6786510084.1465,1.5221,0.6035,0.3965,0.6774,188.644,278.502,0.0
2026-08-22 20:45:00,6.452e-05,104732.195,6786510084.1465,1.5221,0.6035,0.3965,0.6774,188.644,278.502,0.0
2026-08-22 21:00:00,6.452e-05,104732.195,6786510084.1465,1.5221,0.6035,0.3965,0.6774,188.644,278.502,0.0
2026-08-22 21:15:00,6.452e-05,104732.195,6786510084.1465,1.5221,0.6035,0.3965,0.6774,188.644,278.502,0.0
2026-08-22 21:30:00,6.452e-05,104732.195,6786510084.1465,1.5221,0.6035,0.3965,0.6774,188.644,278.502,0.0
2026-08-22 21:45:00,6.452e-05,104732.195,6786510084.1465,1.5221,0.6035,0.3965,0.6774,188.644,278.502,0.0
2026-08-22 22:00:00,6.452e-05,104732.195,6786510084.1465,1.5221,0.6035,0.3965,0.6774,188.644,278.502,0.0
2026-08-22 22:15:00,6.452e-05,104732.195,6786510084.1465,1.5221,0.6035,0.3965,0.6774,188.644,278.502,0.0
2026-08-22 22:30:00,6.452e-05,104732.195,6786510084.1465,1.5221,0.6035,0.3965,0.6774,188.644,278.502,0.0
2026-08-22 22:45:00,6.452e-05,104732.195,6786510084.1465,1.5221,0.6035,0.3965,0.6774,188.644,278.502,0.0
2026-08-22 23:00:00,6.452e-05,104732.195,6786510084.1465,1.5221,0.6035,0.3965,0.6774,188.644,278.502,0.0
2026-08-22 23:15:00,6.452e-05,104732.195,6786510084.1465,1.5221,0.6035,0.3965,0.6774,188.644,278.502,0.0
2026-08-22 23:30:00,6.452e-05,104732.195,6786510084.1465,1.5221,0.6035,0.3965,0.6774,188.644,278.502,0.0
2026-08-22 23:45:00,6.452e-05,104732.195,6786510084.1465,1.5221,0.6035,0.3965,0.6774,188.644,278.502,0.0
2026-08-23 00:00:00,6.452e-05,104732.195,6786510084.1465,1.5221,0.6035,0.3965,0.6774,188.644,278.502,0.0
2026-08-23 00:15:00,6.452e-05,104732.195,6786510084.1465,1.5221,0.6035,0.3965,0.6774,188.644,278.502,0.0
2026-08-23 00:30:00,6.452e-05,104732.195,6786510084.1465,1.5221,0.6035,0.3965,0.6774,188.644,278.502,0.0
2026-08-23 00:45:00,6.452e-05,104732.195,6786510084.1465,1.5221,0.6035,0.3965,0.6774,188.644,278.502,0.0
2026-08-23 01:00:00,6.452e-05,104732.195,6786510084.1465,1.5221,0.6035,0.3965,0.6774,188.644,278.502,0.0
2026-08-23 01:15:00,6.452e-05,104732.195,6786510084.1465,1.5221,0.6035,0.3965,0.6774,188.644,278.502,0.0
2026-08-23 01:30:00,6.452e-05,104732.195,6786510084.1465,1.5221,0.6035,0.3965,0.6774,188.644,278.502,0.0
2026-08-23 01:45:00,6.452e-05,104732.195,6786510084.1465,1.5221,0.6035,0.3965,0.6774,188.644,278.502,0.0
2026-08-23 02:00:00,6.452e-05,104732.195,6786510084.1465,1.5221,0.6035,0.3965,0.6774,188.644,278.502,0.0
2026-08-23 02:15:00,6.452e-05,104732.195,6786510084.1465,1.5221,0.6035,0.3965,0.6774,188.644,278.502,0.0
2026-08-23 02:30:00,6.452e-05,104732.195,6786510084.1465,1.5221,0.6035,0.3965,0.6774,188.644,278.502,0.0
2026-08-23 02:45:00,6.452e-05,104732.195,6786510084.1465,1.5221,0.6035,0.3965,0.6774,188.644,278.502,0.0
2026-08-23 03:00:00,6.452e-05,104732.195,6786510084.1465,1.5221,0.6035,0.3965,0.6774,188.644,278.502,0.0
2026-08-23 03:15:00,6.452e-05,104732.195,6786510084.1465,1.5221,0.6035,0.3965,0.6774,188.644,278.502,0.0
2026-08-23 03:30:00,6.452e-05,104732.195,6786510084.1465,1.5221,0.6035,0.3965,0.6774,188.644,278.502,0.0
2026-08-23 03:45:00,6.452e-05,104732.195,6786510084.1465,1.5221,0.6035,0.3965,0.6774,188.644,278.502,0.0
2026-08-23 04:00:00,6.452e-05,104732.195,6786510084.1465,1.5221,0.6035,0.3965,0.6774,188.644,278.502,0.0
2026-08-23 04:15:00,6.452e-05,104732.195,6786510084.1465,1.5221,0.6035,0.3965,0.6774,188.644,278.502,0.0
2026-08-23 04:30:00,6.452e-05,104732.195,6786510084.1465,1.5221,0.6035,0.3965,0.6774,188.644,278.502,0.0
2026-08-23 04:45:00,6.452e-05,104732.195,6786510084.1465,1.5221,0.6035,0.3965,0.6774,188.644,278.502,0.0
2026-08-23 05:00:00,6.452e-05,104732.195,6786510084.1465,1.5221,0.6035,0.3965,0.6774,188.644,278.502,0.0
2026-08-23 05:15:00,6.452e-05,104732.195,6786510084.1465,1.5221,0.6035,0.3965,0.6774,188.644,278.502,0.0
2026-08-23 05:30:00,6.452e-05,104732.195,6786510084.1465,1.5221,0.6035,0.3965,0.6774,188.644,278.502,0.0
2026-08-23 05:45:00,6.452e-05,104732.195,6786510084.1465,1.5221,0.6035,0.3965,0.6774,188.644,278.502,0.0
2026-08-23 06:00:00,6.452e-05,104732.195,6786510084.1465,1.5221,0.6035,0.3965,0.6774,188.644,278.502,0.0
2026-08-23 06:15:00,6.452e-05,104732.195,6786510084.1465,1.5221,0.6035,0.3965,0.6774,188.644,278.502,0.0
2026-08-23 06:30:00,6.452e-05,104732.195,6786510084.1465,1.5221,0.6035,0.3965,0.6774,188.644,278.502,0.0
2026-08-23 06:45:00,6.452e-05,104732.195,6786510084.1465,1.5221,0.6035,0.3965,0.6774,188.644,278.502,0.0
2026-08-23 07:00:00,6.452e-05,104732.195,6786510084.1465,1.5221,0.6035,0.3965,0.6774,188.644,278.502,0.0
2026-08-23 07:15:00,6.452e-05,104732.195,6786510084.1465,1.5221,0.6035,0.3965,0.6774,188.644,278.502,0.0
2026-08-23 07:30:00,6.452e-05,104732.195,6786510084.1465,1.5221,0.6035,0.3965,0.6774,188.644,278.502,0.0
2026-08-23 07:45:00,6.452e-05,104732.195,6786510084.1465,1.5221,0.6035,0.3965,0.6774,188.644,278.502,0.0
2026-08-23 08:00:00,6.452e-05,104732.195,6786510084.1465,1.5221,0.6035,0.3965,0.6774,188.644,278.502,0.0
2026-08-23 08:15:00,6.452e-05,104732.195,6786510084.1465,1.5221,0.6035,0.3965,0.6774,188.644,278.502,0.0
2026-08-23 08:30:00,6.452e-05,104732.195,6786510084.1465,1.5221,0.6035,0.3965,0.6774,188.644,278.502,0.0
2026-08-23 08:45:00,6.452e-05,104732.195,6786510084.1465,1.5221,0.6035,0.3965,0.6774,188.644,278.502,0.0
2026-08-23 09:00:00,6.452e-05,104732.195,6786510084.1465,1.5221,0.6035,0.3965,0.6774,188.644,278.502,0.0
2026-08-23 09:15:00,6.452e-05,104732.195,6786510084.1465,1.5221,0.6035,0.3965,0.6774,188.644,278.502,0.0
2026-08-23 09:30:00,6.452e-05,104732.195,6786510084.1465,1.5221,0.6035,0.3965,0.6774,188.644,278.502,0.0
2026-08-23 09:45:00,6.452e-05,104732.195,6786510084.1465,1.5221,0.6035,0.3965,0.6774,188.644,278.502,0.0
2026-08-23 10:00:00,6.452e-05,104732.195,6786510084.1465,1.5221,0.6035,0.3965,0.6774,188.644,278.502,0.0
2026-08-23 10:15:00,6.452e-05,104732.195,6786510084.1465,1.5221,0.6035,0.3965,0.6774,188.644,278.502,0.0
2026-08-23 10:30:00,6.452e-05,104732.195,6786510084.1465,1.5221,0.6035,0.3965,0.6774,188.644,278.502,0.0
2026-08-23 10:45:00,6.452e-05,104732.195,6786510084.1465,1.5221,0.6035,0.3965,0.6774,188.644,278.502,0.0
2026-08-23 11:00:00,6.452e-05,104732.195,6786510084.1465,1.5221,0.6035,0.3965,0.6774,188.644,278.502,0.0
2026-08-23 11:15:00,6.452e-05,104732.195,6786510084.1465,1.5221,0.6035,0.3965,0.6774,188.644,278.502,0.0
2026-08-23 11:30:00,6.452e-05,104732.195,6786510084.1465,1.5221,0.6035,0.3965,0.6774,188.644,278.502,0.0
2026-08-23 11:45:00,6.452e-05,104732.195,6786510084.1465,1.5221,0.6035,0.3965,0.6774,188.644,278.502,0.0
2026-08-23 12:00:00,6.452e-05,104732.195,6786510084.1465,1.5221,0.6035,0.3965,0.6774,188.644,278.502,0.0
2026-08-23 12:15:00,6.452e-05,104732.195,6786510084.1465,1.5221,0.6035,0.3965,0.6774,188.644,278.502,0.0
2026-08-23 12:30:00,6.452e-05,104732.195,6786510084.1465,1.5221,0.6035,0.3965,0.6774,188.644,278.502,0.0
2026-08-23 12:45:00,6.452e-05,104732.195,6786510084.1465,1.5221,0.6035,0.3965,0.6774,188.644,278.502,0.0
2026-08-23 13:00:00,6.452e-05,104732.195,6786510084.1465,1.5221,0.6035,0.3965,0.6774,188.644,278.502,0.0
2026-08-23 13:15:00,6.452e-05,104732.195,6786510084.1465,1.5221,0.6035,0.3965,0.6774,188.644,278.502,0.0
2026-08-23 13:30:00,6.452e-05,104732.195,6786510084.1465,1.5221,0.6035,0.3965,0.6774,188.644,278.502,0.0
2026-08-23 13:45:00,6.452e-05,104732.195,6786510084.1465,1.5221,0.6035,0.3965,0.6774,188.644,278.502,0.0
2026-08-23 14:00:00,6.452e-05,104732.195,6786510084.1465,1.5221,0.6035,0.3965,0.6774,188.644,278.502,0.0
2026-08-23 14:15:00,6.452e-05,104732.195,6786510084.1465,1.5221,0.6035,0.3965,0.6774,188.644,278.502,0.0
2026-08-23 14:30:00,6.452e-05,104732.195,6786510084.1465,1.5221,0.6035,0.3965,0.6774,188.644,278.502,0.0
2026-08-23 14:45:00,6.452e-05,104732.195,6786510084.1465,1.5221,0.6035,0.3965,0.6774,188.644,278.502,0.0
2026-08-23 15:00:00,6.452e-05,104732.195,6786510084.1465,1.5221,0.6035,0.3965,0.6774,188.644,278.502,0.0
2026-08-23 15:15:00,6.452e-05,104732.195,6786510084.1465,1.5221,0.6035,0.3965,0.6774,188.644,278.502,0.0
2026-08-23 15:30:00,6.452e-05,104732.195,6786510084.1465,1.5221,0.6035,0.3965,0.6774,188.644,278.502,0.0
2026-08-23 15:45:00,6.452e-05,104732.195,6786510084.1465,1.5221,0.6035,0.3965,0.6774,188.644,278.502,0.0
2026-08-23 16:00:00,6.452e-05,104732.195,6786510084.1465,1.5221,0.6035,0.3965,0.6774,188.644,278.502,0.0
2026-08-23 16:15:00,6.452e-05,104732.195,6786510084.1465,1.5221,0.6035,0.3965,0.6774,188.644,278.502,0.0
2026-08-23 16:30:00,6.452e-05,104732.195,6786510084.1465,1.5221,0.6035,0.3965,0.6774,188.644,278.502,0.0
2026-08-23 16:45:00,6.452e-05,104732.195,6786510084.1465,1.5221,0.6035,0.3965,0.6774,188.644,278.502,0.0
2026-08-23 17:00:00,6.452e-05,104732.195,6786510084.1465,1.5221,0.6035,0.3965,0.6774,188.644,278.502,0.0
2026-08-23 17:15:00,6.452e-05,104732.195,6786510084.1465,1.5221,0.6035,0.3965,0.6774,188.644,278.502,0.0
2026-08-23 17:30:00,6.452e-05,104732.195,6786510084.1465,1.5221,0.6035,0.3965,0.6774,188.644,278.502,0.0
2026-08-23 17:45:00,6.452e-05,104732.195,6786510084.1465,1.5221,0.6035,0.3965,0.6774,188.644,278.502,0.0
2026-08-23 18:00:00,6.452e-05,104732.195,6786510084.1465,1.5221,0.6035,0.3965,0.6774,188.644,278.502,0.0
2026-08-23 18:15:00,6.452e-05,104732.195,6786510084.1465,1.5221,0.6035,0.3965,0.6774,188.644,278.502,0.0
2026-08-23 18:30:00,6.452e-05,104732.195,6786510084.1465,1.5221,0.6035,0.3965,0.6774,188.644,278.502,0.0
2026-08-23 18:45:00,6.452e-05,104732.195,6786510084.1465,1.5221,0.6035,0.3965,0.6774,188.644,278.502,0.0
2026-08-23 19:00:00,6.452e-05,104732.195,6786510084.1465,1.5221,0.6035,0.3965,0.6774,188.644,278.502,0.0
2026-08-23 19:15:00,6.452e-05,104732.195,6786510084.1465,1.5221,0.6035,0.3965,0.6774,188.644,278.502,0.0
2026-08-23 19:30:00,6.452e-05,104732.195,6786510084.1465,1.5221,0.6035,0.3965,0.6774,188.644,278.502,0.0
2026-08-23 19:45:00,6.452e-05,104732.195,6786510084.1465,1.5221,0.6035,0.3965,0.6774,188.644,278.502,0.0
2026-08-23 20:00:00,6.452e-05,104732.195,6786510084.1465,1.5221,0.6035,0.3965,0.6774,188.644,278.502,0.0
2026-08-23 20:15:00,6.452e-05,104732.195,6786510084.1465,1.5221,0.6035,0.3965,0.6774,188.644,278.502,0.0
2026-08-23 20:30:00,6.452e-05,104732.195,6786510084.1465,1.5221,0.6035,0.3965,0.6774,188.644,278.502,0.0
2026-08-23 20:45:00,6.452e-05,104732.195,6786510084.1465,1.5221,0.6035,0.3965,0.6774,188.644,278.502,0.0
2026-08-23 21:00:00,6.452e-05,104732.195,6786510084.1465,1.5221,0.6035,0.3965,0.6774,188.644,278.502,0.0
2026-08-23 21:15:00,6.452e-05,104732.195,6786510084.1465,1.5221,0.6035,0.3965,0.6774,188.644,278.502,0.0
2026-08-23 21:30:00,6.452e-05,104732.195,6786510084.1465,1.5221,0.6035,0.3965,0.6774,188.644,278.502,0.0
2026-08-23 21:45:00,6.452e-05,104732.195,6786510084.1465,1.5221,0.6035,0.3965,0.6774,188.644,278.502,0.0
2026-08-23 22:00:00,6.452e-05,104732.195,6786510084.1465,1.5221,0.6035,0.3965,0.6774,188.644,278.502,0.0
2026-08-23 22:15:00,6.452e-05,104732.195,6786510084.1465,1.5221,0.6035,0.3965,0.6774,188.644,278.502,0.0
2026-08-23 22:30:00,6.452e-05,104732.195,6786510084.1465,1.5221,0.6035,0.3965,0.6774,188.644,278.502,0.0
2026-08-23 22:45:00,6.452e-05,104732.195,6786510084.1465,1.5221,0.6035,0.3965,0.6774,188.644,278.502,0.0
2026-08-23 23:00:00,6.452e-05,104732.195,6786510084.1465,1.5221,0.6035,0.3965,0.6774,188.644,278.502,0.0
2026-08-23 23:15:00,6.452e-05,104732.195,6786510084.1465,1.5221,0.6035,0.3965,0.6774,188.644,278.502,0.0
2026-08-23 23:30:00,6.452e-05,104732.195,6786510084.1465,1.5221,0.6035,0.3965,0.6774,188.644,278.502,0.0
2026-08-23 23:45:00,6.452e-05,104732.195,6786510084.1465,1.5221,0.6035,0.3965,0.6774,188.644,278.502,0.0
2026-08-24 00:00:00,6.452e-05,104732.195,6786510084.1465,1.5221,0.6035,0.3965,0.6774,188.644,278.502,0.0
2026-08-24 00:15:00,6.452e-05,104732.195,6786510084.1465,1.5221,0.6035,0.3965,0.6774,188.644,278.502,0.0
2026-08-24 00:30:00,6.452e-05,104732.195,6786510084.1465,1.5221,0.6035,0.3965,0.6774,188.644,278.502,0.0
2026-08-24 00:45:00,6.452e-05,104732.195,6786510084.1465,1.5221,0.6035,0.3965,0.6774,188.644,278.502,0.0
2026-08-24 01:00:00,6.452e-05,104732.195,6786510084.1465,1.5221,0.6035,0.3965,0.6774,188.644,278.502,0.0
2026-08-24 01:15:00,6.452e-05,104732.195,6786510084.1465,1.5221,0.6035,0.3965,0.6774,188.644,278.502,0.0
2026-08-24 01:30:00,6.452e-05,104732.195,6786510084.1465,1.5221,0.6035,0.3965,0.6774,188.644,278.502,0.0
2026-08-24 01:45:00,6.452e-05,104732.195,6786510084.1465,1.5221,0.6035,0.3965,0.6774,188.644,278.502,0.0
2026-08-24 02:00:00,6.452e-05,104732.195,6786510084.1465,1.5221,0.6035,0.3965,0.6774,188.644,278.502,0.0
2026-08-24 02:15:00,6.452e-05,104732.195,6786510084.1465,1.5221,0.6035,0.3965,0.6774,188.644,278.502,0.0
2026-08-24 02:30:00,6.452e-05,104732.195,6786510084.1465,1.5221,0.6035,0.3965,0.6774,188.644,278.502,0.0
2026-08-24 02:45:00,6.452e-05,104732.195,6786510084.1465,1.5221,0.6035,0.3965,0.6774,188.644,278.502,0.0
2026-08-24 03:00:00,6.452e-05,104732.195,6786510084.1465,1.5221,0.6035,0.3965,0.6774,188.644,278.502,0.0
2026-08-24 03:15:00,6.452e-05,104732.195,6786510084.1465,1.5221,0.6035,0.3965,0.6774,188.644,278.502,0.0
2026-08-24 03:30:00,6.452e-05,104732.195,6786510084.1465,1.5221,0.6035,0.3965,0.6774,188.644,278.502,0.0
2026-08-24 03:45:00,6.452e-05,104732.195,6786510084.1465,1.5221,0.6035,0.3965,0.6774,188.644,278.502,0.0
2026-08-24 04:00:00,6.452e-05,104732.195,6786510084.1465,1.5221,0.6035,0.3965,0.6774,188.644,278.502,0.0
2026-08-24 04:15:00,6.452e-05,104732.195,6786510084.1465,1.5221,0.6035,0.3965,0.6774,188.644,278.502,0.0
2026-08-24 04:30:00,6.452e-05,104732.195,6786510084.1465,1.5221,0.6035,0.3965,0.6774,188.644,278.502,0.0
2026-08-24 04:45:00,6.452e-05,104732.195,6786510084.1465,1.5221,0.6035,0.3965,0.6774,188.644,278.502,0.0
2026-08-24 05:00:00,6.452e-05,104732.195,6786510084.1465,1.5221,0.6035,0.3965,0.6774,188.644,278.502,0.0
2026-08-24 05:15:00,6.452e-05,104732.195,6786510084.1465,1.5221,0.6035,0.3965,0.6774,188.644,278.502,0.0
2026-08-24 05:30:00,6.452e-05,104732.195,6786510084.1465,1.5221,0.6035,0.3965,0.6774,188.644,278.502,0.0
2026-08-24 05:45:00,6.452e-05,104732.195,6786510084.1465,1.5221,0.6035,0.3965,0.6774,188.644,278.502,0.0
2026-08-24 06:00:00,6.452e-05,104732.195,6786510084.1465,1.5221,0.6035,0.3965,0.6774,188.644,278.502,0.0
2026-08-24 06:15:00,6.452e-05,104732.195,6786510084.1465,1.5221,0.6035,0.3965,0.6774,188.644,278.502,0.0
2026-08-24 06:30:00,6.452e-05,104732.195,6786510084.1465,1.5221,0.6035,0.3965,0.6774,188.644,278.502,0.0
2026-08-24 06:45:00,6.452e-05,104732.195,6786510084.1465,1.5221,0.6035,0.3965,0.6774,188.644,278.502,0.0
2026-08-24 07:00:00,6.452e-05,104732.195,6786510084.1465,1.5221,0.6035,0.3965,0.6774,188.644,278.502,0.0
2026-08-24 07:15:00,6.452e-05,104732.195,6786510084.1465,1.5221,0.6035,0.3965,0.6774,188.644,278.502,0.0
2026-08-24 07:30:00,6.452e-05,104732.195,6786510084.1465,1.5221,0.6035,0.3965,0.6774,188.644,278.502,0.0
2026-08-24 07:45:00,6.452e-05,104732.195,6786510084.1465,1.5221,0.6035,0.3965,0.6774,188.644,278.502,0.0
2026-08-24 08:00:00,6.452e-05,104732.195,6786510084.1465,1.5221,0.6035,0.3965,0.6774,188.644,278.502,0.0
2026-08-24 08:15:00,6.452e-05,104732.195,6786510084.1465,1.5221,0.6035,0.3965,0.6774,188.644,278.502,0.0
2026-08-24 08:30:00,6.452e-05,104732.195,6786510084.1465,1.5221,0.6035,0.3965,0.6774,188.644,278.502,0.0
2026-08-24 08:45:00,6.452e-05,104732.195,6786510084.1465,1.5221,0.6035,0.3965,0.6774,188.644,278.502,0.0
2026-08-24 09:00:00,6.452e-05,104732.195,6786510084.1465,1.5221,0.6035,0.3965,0.6774,188.644,278.502,0.0
2026-08-24 09:15:00,6.452e-05,104732.195,6786510084.1465,1.5221,0.6035,0.3965,0.6774,188.644,278.502,0.0
2026-08-24 09:30:00,6.452e-05,104732.195,6786510084.1465,1.5221,0.6035,0.3965,0.6774,188.644,278.502,0.0
2026-08-24 09:45:00,6.452e-05,104732.195,6786510084.1465,1.5221,0.6035,0.3965,0.6774,188.644,278.502,0.0
2026-08-24 10:00:00,6.452e-05,104732.195,6786510084.1465,1.5221,0.6035,0.3965,0.6774,188.644,278.502,0.0
2026-08-24 10:15:00,6.452e-05,104732.195,6786510084.1465,1.5221,0.6035,0.3965,0.6774,188.644,278.502,0.0
2026-08-24 10:30:00,6.452e-05,104732.195,6786510084.1465,1.5221,0.6035,0.3965,0.6774,188.644,278.502,0.0
2026-08-24 10:45:00,6.452e-05,104732.195,6786510084.1465,1.5221,0.6035,0.3965,0.6774,188.644,278.502,0.0
2026-08-24 11:00:00,6.452e-05,104732.195,6786510084.1465,1.5221,0.6035,0.3965,0.6774,188.644,278.502,0.0
2026-08-24 11:15:00,6.452e-05,104732.195,6786510084.1465,1.5221,0.6035,0.3965,0.6774,188.644,278.502,0.0
2026-08-24 11:30:00,6.452e-05,104732.195,6786510084.1465,1.5221,0.6035,0.3965,0.6774,188.644,278.502,0.0
2026-08-24 11:45:00,6.452e-05,104732.195,6786510084.1465,1.5221,0.6035,0.3965,0.6774,188.644,278.502,0.0
2026-08-24 12:00:00,6.452e-05,104732.195,6786510084.1465,1.5221,0.6035,0.3965,0.6774,188.644,278.502,0.0
2026-08-24 12:15:00,6.452e-05,104732.195,6786510084.1465,1.5221,0.6035,0.3965,0.6774,188.644,278.502,0.0
2026-08-24 12:30:00,6.452e-05,104732.195,6786510084.1465,1.5221,0.6035,0.3965,0.6774,188.644,278.502,0.0
2026-08-24 12:45:00,6.452e-05,104732.195,6786510084.1465,1.5221,0.6035,0.3965,0.6774,188.644,278.502,0.0
2026-08-24 13:00:00,6.452e-05,104732.195,6786510084.1465,1.5221,0.6035,0.3965,0.6774,188.644,278.502,0.0
2026-08-24 13:15:00,6.452e-05,104732.195,6786510084.1465,1.5221,0.6035,0.3965,0.6774,188.644,278.502,0.0
2026-08-24 13:30:00,6.452e-05,104732.195,6786510084.1465,1.5221,0.6035,0.3965,0.6774,188.644,278.502,0.0
2026-08-24 13:45:00,6.452e-05,104732.195,6786510084.1465,1.5221,0.6035,0.3965,0.6774,188.644,278.502,0.0
2026-08-24 14:00:00,6.452e-05,104732.195,6786510084.1465,1.5221,0.6035,0.3965,0.6774,188.644,278.502,0.0
2026-08-24 14:15:00,6.452e-05,104732.195,6786510084.1465,1.5221,0.6035,0.3965,0.6774,188.644,278.502,0.0
2026-08-24 14:30:00,6.452e-05,104732.195,6786510084.1465,1.5221,0.6035,0.3965,0.6774,188.644,278.502,0.0
2026-08-24 14:45:00,6.452e-05,104732.195,6786510084.1465,1.5221,0.6035,0.3965,0.6774,188.644,278.502,0.0
2026-08-24 15:00:00,6.452e-05,104732.195,6786510084.1465,1.5221,0.6035,0.3965,0.6774,188.644,278.502,0.0
2026-08-24 15:15:00,6.452e-05,104732.195,6786510084.1465,1.5221,0.6035,0.3965,0.6774,188.644,278.502,0.0
2026-08-24 15:30:00,6.452e-05,104732.195,6786510084.1465,1.5221,0.6035,0.3965,0.6774,188.644,278.502,0.0
2026-08-24 15:45:00,6.452e-05,104732.195,6786510084.1465,1.5221,0.6035,0.3965,0.6774,188.644,278.502,0.0
2026-08-24 16:00:00,6.452e-05,104732.195,6786510084.1465,1.5221,0.6035,0.3965,0.6774,188.644,278.502,0.0
2026-08-24 16:15:00,6.452e-05,104732.195,6786510084.1465,1.5221,0.6035,0.3965,0.6774,188.644,278.502,0.0
2026-08-24 16:30:00,6.452e-05,104732.195,6786510084.1465,1.5221,0.6035,0.3965,0.6774,188.644,278.502,0.0
2026-08-24 16:45:00,6.452e-05,104732.195,6786510084.1465,1.5221,0.6035,0.3965,0.6774,188.644,278.502,0.0
2026-08-24 17:00:00,6.452e-05,104732.195,6786510084.1465,1.5221,0.6035,0.3965,0.6774,188.644,278.502,0.0
2026-08-24 17:15:00,6.452e-05,104732.195,6786510084.1465,1.5221,0.6035,0.3965,0.6774,188.644,278.502,0.0
2026-08-24 17:30:00,6.452e-05,104732.195,6786510084.1465,1.5221,0.6035,0.3965,0.6774,188.644,278.502,0.0
2026-08-24 17:45:00,6.452e-05,104732.195,6786510084.1465,1.5221,0.6035,0.3965,0.6774,188.644,278.502,0.0
2026-08-24 18:00:00,6.452e-05,104732.195,6786510084.1465,1.5221,0.6035,0.3965,0.6774,188.644,278.502,0.0
2026-08-24 18:15:00,6.452e-05,104732.195,6786510084.1465,1.5221,0.6035,0.3965,0.6774,188.644,278.502,0.0
2026-08-24 18:30:00,6.452e-05,104732.195,6786510084.1465,1.5221,0.6035,0.3965,0.6774,188.644,278.502,0.0
2026-08-24 18:45:00,6.452e-05,104732.195,6786510084.1465,1.5221,0.6035,0.3965,0.6774,188.644,278.502,0.0
2026-08-24 19:00:00,6.452e-05,104732.195,6786510084.1465,1.5221,0.6035,0.3965,0.6774,188.644,278.502,0.0
2026-08-24 19:15:00,6.452e-05,104732.195,6786510084.1465,1.5221,0.6035,0.3965,0.6774,188.644,278.502,0.0
2026-08-24 19:30:00,6.452e-05,104732.195,6786510084.1465,1.5221,0.6035,0.3965,0.6774,188.644,278.502,0.0
2026-08-24 19:45:00,6.452e-05,104732.195,6786510084.1465,1.5221,0.6035,0.3965,0.6774,188.644,278.502,0.0
2026-08-24 20:00:00,6.452e-05,104732.195,6786510084.1465,1.5221,0.6035,0.3965,0.6774,188.644,278.502,0.0
2026-08-24 20:15:00,6.452e-05,104732.195,6786510084.1465,1.5221,0.6035,0.3965,0.6774,188.644,278.502,0.0
2026-08-24 20:30:00,6.452e-05,104732.195,6786510084.1465,1.5221,0.6035,0.3965,0.6774,188.644,278.502,0.0
2026-08-24 20:45:00,6.452e-05,104732.195,6786510084.1465,1.5221,0.6035,0.3965,0.6774,188.644,278.502,0.0
2026-08-24 21:00:00,6.452e-05,104732.195,6786510084.1465,1.5221,0.6035,0.3965,0.6774,188.644,278.502,0.0
2026-08-24 21:15:00,6.452e-05,104732.195,6786510084.1465,1.5221,0.6035,0.3965,0.6774,188.644,278.502,0.0
2026-08-24 21:30:00,6.452e-05,104732.195,6786510084.1465,1.5221,0.6035,0.3965,0.6774,188.644,278.502,0.0
2026-08-24 21:45:00,6.452e-05,104732.195,6786510084.1465,1.5221,0.6035,0.3965,0.6774,188.644,278.502,0.0
2026-08-24 22:00:00,6.452e-05,104732.195,6786510084.1465,1.5221,0.6035,0.3965,0.6774,188.644,278.502,0.0
2026-08-24 22:15:00,6.452e-05,104732.195,6786510084.1465,1.5221,0.6035,0.3965,0.6774,188.644,278.502,0.0
2026-08-24 22:30:00,6.452e-05,104732.195,6786510084.1465,1.5221,0.6035,0.3965,0.6774,188.644,278.502,0.0
2026-08-24 22:45:00,6.452e-05,104732.195,6786510084.1465,1.5221,0.6035,0.3965,0.6774,188.644,278.502,0.0
2026-08-24 23:00:00,6.452e-05,104732.195,6786510084.1465,1.5221,0.6035,0.3965,0.6774,188.644,278.502,0.0
2026-08-24 23:15:00,6.452e-05,104732.195,6786510084.1465,1.5221,0.6035,0.3965,0.6774,188.644,278.502,0.0
2026-08-24 23:30:00,6.452e-05,104732.195,6786510084.1465,1.5221,0.6035,0.3965,0.6774,188.644,278.502,0.0
2026-08-24 23:45:00,6.452e-05,104732.195,6786510084.1465,1.5221,0.6035,0.3965,0.6774,188.644,278.502,0.0
2026-08-25 00:00:00,6.452e-05,104732.195,6786510084.1465,1.5221,0.6035,0.3965,0.6774,188.644,278.502,0.0
2026-08-25 00:15:00,6.452e-05,104732.195,6786510084.1465,1.5221,0.6035,0.3965,0.6774,188.644,278.502,0.0
2026-08-25 00:30:00,6.452e-05,104732.195,6786510084.1465,1.5221,0.6035,0.3965,0.6774,188.644,278.502,0.0
2026-08-25 00:45:00,6.452e-05,104732.195,6786510084.1465,1.5221,0.6035,0.3965,0.6774,188.644,278.502,0.0
2026-08-25 01:00:00,6.452e-05,104732.195,6786510084.1465,1.5221,0.6035,0.3965,0.6774,188.644,278.502,0.0
2026-08-25 01:15:00,6.452e-05,104732.195,6786510084.1465,1.5221,0.6035,0.3965,0.6774,188.644,278.502,0.0
2026-08-25 01:30:00,6.452e-05,104732.195,6786510084.1465,1.5221,0.6035,0.3965,0.6774,188.644,278.502,0.0
2026-08-25 01:45:00,6.452e-05,104732.195,6786510084.1465,1.5221,0.6035,0.3965,0.6774,188.644,278.502,0.0
2026-08-25 02:00:00,6.452e-05,104732.195,6786510084.1465,1.5221,0.6035,0.3965,0.6774,188.644,278.502,0.0
2026-08-25 02:15:00,6.452e-05,104732.195,6786510084.1465,1.5221,0.6035,0.3965,0.6774,188.644,278.502,0.0
2026-08-25 02:30:00,6.452e-05,104732.195,6786510084.1465,1.5221,0.6035,0.3965,0.6774,188.644,278.502,0.0
2026-08-25 02:45:00,6.452e-05,104732.195,6786510084.1465,1.5221,0.6035,0.3965,0.6774,188.644,278.502,0.0
2026-08-25 03:00:00,6.452e-05,104732.195,6786510084.1465,1.5221,0.6035,0.3965,0.6774,188.644,278.502,0.0
2026-08-25 03:15:00,6.452e-05,104732.195,6786510084.1465,1.5221,0.6035,0.3965,0.6774,188.644,278.502,0.0
2026-08-25 03:30:00,6.452e-05,104732.195,6786510084.1465,1.5221,0.6035,0.3965,0.6774,188.644,278.502,0.0
2026-08-25 03:45:00,6.452e-05,104732.195,6786510084.1465,1.5221,0.6035,0.3965,0.6774,188.644,278.502,0.0
2026-08-25 04:00:00,6.452e-05,104732.195,6786510084.1465,1.5221,0.6035,0.3965,0.6774,188.644,278.502,0.0
2026-08-25 04:15:00,6.452e-05,104732.195,6786510084.1465,1.5221,0.6035,0.3965,0.6774,188.644,278.502,0.0
2026-08-25 04:30:00,6.452e-05,104732.195,6786510084.1465,1.5221,0.6035,0.3965,0.6774,188.644,278.502,0.0
2026-08-25 04:45:00,6.452e-05,104732.195,6786510084.1465,1.5221,0.6035,0.3965,0.6774,188.644,278.502,0.0
2026-08-25 05:00:00,6.452e-05,104732.195,6786510084.1465,1.5221,0.6035,0.3965,0.6774,188.644,278.502,0.0
2026-08-25 05:15:00,6.452e-05,104732.195,6786510084.1465,1.5221,0.6035,0.3965,0.6774,188.644,278.502,0.0
2026-08-25 05:30:00,6.452e-05,104732.195,6786510084.1465,1.5221,0.6035,0.3965,0.6774,188.644,278.502,0.0
2026-08-25 05:45:00,6.452e-05,104732.195,6786510084.1465,1.5221,0.6035,0.3965,0.6774,188.644,278.502,0.0
2026-08-25 06:00:00,6.452e-05,104732.195,6786510084.1465,1.5221,0.6035,0.3965,0.6774,188.644,278.502,0.0
2026-08-25 06:15:00,6.452e-05,104732.195,6786510084.1465,1.5221,0.6035,0.3965,0.6774,188.644,278.502,0.0
2026-08-25 06:30:00,6.452e-05,104732.195,6786510084.1465,1.5221,0.6035,0.3965,0.6774,188.644,278.502,0.0
2026-08-25 06:45:00,6.452e-05,104732.195,6786510084.1465,1.5221,0.6035,0.3965,0.6774,188.644,278.502,0.0
2026-08-25 07:00:00,6.452e-05,104732.195,6786510084.1465,1.5221,0.6035,0.3965,0.6774,188.644,278.502,0.0
2026-08-25 07:15:00,6.452e-05,104732.195,6786510084.1465,1.5221,0.6035,0.3965,0.6774,188.644,278.502,0.0
2026-08-25 07:30:00,6.452e-05,104732.195,6786510084.1465,1.5221,0.6035,0.3965,0.6774,188.644,278.502,0.0
2026-08-25 07:45:00,6.452e-05,104732.195,6786510084.1465,1.5221,0.6035,0.3965,0.6774,188.644,278.502,0.0
2026-08-25 08:00:00,6.452e-05,104732.195,6786510084.1465,1.5221,0.6035,0.3965,0.6774,188.644,278.502,0.0
2026-08-25 08:15:00,6.452e-05,104732.195,6786510084.1465,1.5221,0.6035,0.3965,0.6774,188.644,278.502,0.0
2026-08-25 08:30:00,6.452e-05,104732.195,6786510084.1465,1.5221,0.6035,0.3965,0.6774,188.644,278.502,0.0
2026-08-25 08:45:00,6.452e-05,104732.195,6786510084.1465,1.5221,0.6035,0.3965,0.6774,188.644,278.502,0.0
2026-08-25 09:00:00,6.452e-05,104732.195,6786510084.1465,1.5221,0.6035,0.3965,0.6774,188.644,278.502,0.0
2026-08-25 09:15:00,6.452e-05,104732.195,6786510084.1465,1.5221,0.6035,0.3965,0.6774,188.644,278.502,0.0
2026-08-25 09:30:00,6.452e-05,104732.195,6786510084.1465,1.5221,0.6035,0.3965,0.6774,188.644,278.502,0.0
2026-08-25 09:45:00,6.452e-05,104732.195,6786510084.1465,1.5221,0.6035,0.3965,0.6774,188.644,278.502,0.0
2026-08-25 10:00:00,6.452e-05,104732.195,6786510084.1465,1.5221,0.6035,0.3965,0.6774,188.644,278.502,0.0
2026-08-25 10:15:00,6.452e-05,104732.195,6786510084.1465,1.5221,0.6035,0.3965,0.6774,188.644,278.502,0.0
2026-08-25 10:30:00,6.452e-05,104732.195,6786510084.1465,1.5221,0.6035,0.3965,0.6774,188.644,278.502,0.0
2026-08-25 10:45:00,6.452e-05,104732.195,6786510084.1465,1.5221,0.6035,0.3965,0.6774,188.644,278.502,0.0
2026-08-25 11:00:00,6.452e-05,104732.195,6786510084.1465,1.5221,0.6035,0.3965,0.6774,188.644,278.502,0.0
2026-08-25 11:15:00,6.452e-05,104732.195,6786510084.1465,1.5221,0.6035,0.3965,0.6774,188.644,278.502,0.0
2026-08-25 11:30:00,6.452e-05,104732.195,6786510084.1465,1.5221,0.6035,0.3965,0.6774,188.644,278.502,0.0
2026-08-25 11:45:00,6.452e-05,104732.195,6786510084.1465,1.5221,0.6035,0.3965,0.6774,188.644,278.502,0.0
2026-08-25 12:00:00,6.452e-05,104732.195,6786510084.1465,1.5221,0.6035,0.3965,0.6774,188.644,278.502,0.0
2026-08-25 12:15:00,6.452e-05,104732.195,6786510084.1465,1.5221,0.6035,0.3965,0.6774,188.644,278.502,0.0
2026-08-25 12:30:00,6.452e-05,104732.195,6786510084.1465,1.5221,0.6035,0.3965,0.6774,188.644,278.502,0.0
2026-08-25 12:45:00,6.452e-05,104732.195,6786510084.1465,1.5221,0.6035,0.3965,0.6774,188.644,278.502,0.0
2026-08-25 13:00:00,6.452e-05,104732.195,6786510084.1465,1.5221,0.6035,0.3965,0.6774,188.644,278.502,0.0
2026-08-25 13:15:00,6.452e-05,104732.195,6786510084.1465,1.5221,0.6035,0.3965,0.6774,188.644,278.502,0.0
2026-08-25 13:30:00,6.452e-05,104732.195,6786510084.1465,1.5221,0.6035,0.3965,0.6774,188.644,278.502,0.0
2026-08-25 13:45:00,6.452e-05,104732.195,6786510084.1465,1.5221,0.6035,0.3965,0.6774,188.644,278.502,0.0
2026-08-25 14:00:00,6.452e-05,104732.195,6786510084.1465,1.5221,0.6035,0.3965,0.6774,188.644,278.502,0.0
2026-08-25 14:15:00,6.452e-05,104732.195,6786510084.1465,1.5221,0.6035,0.3965,0.6774,188.644,278.502,0.0
2026-08-25 14:30:00,6.452e-05,104732.195,6786510084.1465,1.5221,0.6035,0.3965,0.6774,188.644,278.502,0.0
2026-08-25 14:45:00,6.452e-05,104732.195,6786510084.1465,1.5221,0.6035,0.3965,0.6774,188.644,278.502,0.0
2026-08-25 15:00:00,6.452e-05,104732.195,6786510084.1465,1.5221,0.6035,0.3965,0.6774,188.644,278.502,0.0
2026-08-25 15:15:00,6.452e-05,104732.195,6786510084.1465,1.5221,0.6035,0.3965,0.6774,188.644,278.502,0.0
2026-08-25 15:30:00,6.452e-05,104732.195,6786510084.1465,1.5221,0.6035,0.3965,0.6774,188.644,278.502,0.0
2026-08-25 15:45:00,6.452e-05,104732.195,6786510084.1465,1.5221,0.6035,0.3965,0.6774,188.644,278.502,0.0
2026-08-25 16:00:00,6.452e-05,104732.195,6786510084.1465,1.5221,0.6035,0.3965,0.6774,188.644,278.502,0.0
2026-08-25 16:15:00,6.452e-05,104732.195,6786510084.1465,1.5221,0.6035,0.3965,0.6774,188.644,278.502,0.0
2026-08-25 16:30:00,6.452e-05,104732.195,6786510084.1465,1.5221,0.6035,0.3965,0.6774,188.644,278.502,0.0
2026-08-25 16:45:00,6.452e-05,104732.195,6786510084.1465,1.5221,0.6035,0.3965,0.6774,188.644,278.502,0.0
2026-08-25 17:00:00,6.452e-05,104732.195,6786510084.1465,1.5221,0.6035,0.3965,0.6774,188.644,278.502,0.0
2026-08-25 17:15:00,6.452e-05,104732.195,6786510084.1465,1.5221,0.6035,0.3965,0.6774,188.644,278.502,0.0
2026-08-25 17:30:00,6.452e-05,104732.195,6786510084.1465,1.5221,0.6035,0.3965,0.6774,188.644,278.502,0.0
2026-08-25 17:45:00,6.452e-05,104732.195,6786510084.1465,1.5221,0.6035,0.3965,0.6774,188.644,278.502,0.0
2026-08-25 18:00:00,6.452e-05,104732.195,6786510084.1465,1.5221,0.6035,0.3965,0.6774,188.644,278.502,0.0
2026-08-25 18:15:00,6.452e-05,104732.195,6786510084.1465,1.5221,0.6035,0.3965,0.6774,188.644,278.502,0.0
2026-08-25 18:30:00,6.452e-05,104732.195,6786510084.1465,1.5221,0.6035,0.3965,0.6774,188.644,278.502,0.0
2026-08-25 18:45:00,6.452e-05,104732.195,6786510084.1465,1.5221,0.6035,0.3965,0.6774,188.644,278.502,0.0
2026-08-25 19:00:00,6.452e-05,104732.195,6786510084.1465,1.5221,0.6035,0.3965,0.6774,188.644,278.502,0.0
2026-08-25 19:15:00,6.452e-05,104732.195,6786510084.1465,1.5221,0.6035,0.3965,0.6774,188.644,278.502,0.0
2026-08-25 19:30:00,6.452e-05,104732.195,6786510084.1465,1.5221,0.6035,0.3965,0.6774,188.644,278.502,0.0
2026-08-25 19:45:00,6.452e-05,104732.195,6786510084.1465,1.5221,0.6035,0.3965,0.6774,188.644,278.502,0.0
2026-08-25 20:00:00,6.452e-05,104732.195,6786510084.1465,1.5221,0.6035,0.3965,0.6774,188.644,278.502,0.0
2026-08-25 20:15:00,6.452e-05,104732.195,6786510084.1465,1.5221,0.6035,0.3965,0.6774,188.644,278.502,0.0
2026-08-25 20:30:00,6.452e-05,104732.195,6786510084.1465,1.5221,0.6035,0.3965,0.6774,188.644,278.502,0.0
2026-08-25 20:45:00,6.452e-05,104732.195,6786510084.1465,1.5221,0.6035,0.3965,0.6774,188.644,278.502,0.0
2026-08-25 21:00:00,6.452e-05,104732.195,6786510084.1465,1.5221,0.6035,0.3965,0.6774,188.644,278.502,0.0
2026-08-25 21:15:00,6.452e-05,104732.195,6786510084.1465,1.5221,0.6035,0.3965,0.6774,188.644,278.502,0.0
2026-08-25 21:30:00,6.452e-05,104732.195,6786510084.1465,1.5221,0.6035,0.3965,0.6774,188.644,278.502,0.0
2026-08-25 21:45:00,6.452e-05,104732.195,6786510084.1465,1.5221,0.6035,0.3965,0.6774,188.644,278.502,0.0
2026-08-25 22:00:00,6.452e-05,104732.195,6786510084.1465,1.5221,0.6035,0.3965,0.6774,188.644,278.502,0.0
2026-08-25 22:15:00,6.452e-05,104732.195,6786510084.1465,1.5221,0.6035,0.3965,0.6774,188.644,278.502,0.0
2026-08-25 22:30:00,6.452e-05,104732.195,6786510084.1465,1.5221,0.6035,0.3965,0.6774,188.644,278.502,0.0
2026-08-25 22:45:00,6.452e-05,104732.195,6786510084.1465,1.5221,0.6035,0.3965,0.6774,188.644,278.502,0.0
2026-08-25 23:00:00,6.452e-05,104732.195,6786510084.1465,1.5221,0.6035,0.3965,0.6774,188.644,278.502,0.0
2026-08-25 23:15:00,6.452e-05,104732.195,6786510084.1465,1.5221,0.6035,0.3965,0.6774,188.644,278.502,0.0
2026-08-25 23:30:00,6.452e-05,104732.195,6786510084.1465,1.5221,0.6035,0.3965,0.6774,188.644,278.502,0.0
2026-08-25 23:45:00,6.452e-05,104732.195,6786510084.1465,1.5221,0.6035,0.3965,0.6774,188.644,278.502,0.0
2026-08-26 00:00:00,6.452e-05,104732.195,6786510084.1465,1.5221,0.6035,0.3965,0.6774,188.644,278.502,0.0
2026-08-26 00:15:00,6.452e-05,104732.195,6786510084.1465,1.5221,0.6035,0.3965,0.6774,188.644,278.502,0.0
2026-08-26 00:30:00,6.452e-05,104732.195,6786510084.1465,1.5221,0.6035,0.3965,0.6774,188.644,278.502,0.0
2026-08-26 00:45:00,6.452e-05,104732.195,6786510084.1465,1.5221,0.6035,0.3965,0.6774,188.644,278.502,0.0
2026-08-26 01:00:00,6.452e-05,104732.195,6786510084.1465,1.5221,0.6035,0.3965,0.6774,188.644,278.502,0.0
2026-08-26 01:15:00,6.452e-05,104732.195,6786510084.1465,1.5221,0.6035,0.3965,0.6774,188.644,278.502,0.0
2026-08-26 01:30:00,6.452e-05,104732.195,6786510084.1465,1.5221,0.6035,0.3965,0.6774,188.644,278.502,0.0
2026-08-26 01:45:00,6.452e-05,104732.195,6786510084.1465,1.5221,0.6035,0.3965,0.6774,188.644,278.502,0.0
2026-08-26 02:00:00,6.452e-05,104732.195,6786510084.1465,1.5221,0.6035,0.3965,0.6774,188.644,278.502,0.0
2026-08-26 02:15:00,6.452e-05,104732.195,6786510084.1465,1.5221,0.6035,0.3965,0.6774,188.644,278.502,0.0
2026-08-26 02:30:00,6.452e-05,104732.195,6786510084.1465,1.5221,0.6035,0.3965,0.6774,188.644,278.502,0.0
2026-08-26 02:45:00,6.452e-05,104732.195,6786510084.1465,1.5221,0.6035,0.3965,0.6774,188.644,278.502,0.0
2026-08-26 03:00:00,6.452e-05,104732.195,6786510084.1465,1.5221,0.6035,0.3965,0.6774,188.644,278.502,0.0
2026-08-26 03:15:00,6.452e-05,104732.195,6786510084.1465,1.5221,0.6035,0.3965,0.6774,188.644,278.502,0.0
2026-08-26 03:30:00,6.452e-05,104732.195,6786510084.1465,1.5221,0.6035,0.3965,0.6774,188.644,278.502,0.0
2026-08-26 03:45:00,6.452e-05,104732.195,6786510084.1465,1.5221,0.6035,0.3965,0.6774,188.644,278.502,0.0
2026-08-26 04:00:00,6.452e-05,104732.195,6786510084.1465,1.5221,0.6035,0.3965,0.6774,188.644,278.502,0.0
2026-08-26 04:15:00,6.452e-05,104732.195,6786510084.1465,1.5221,0.6035,0.3965,0.6774,188.644,278.502,0.0
2026-08-26 04:30:00,6.452e-05,104732.195,6786510084.1465,1.5221,0.6035,0.3965,0.6774,188.644,278.502,0.0
2026-08-26 04:45:00,6.452e-05,104732.195,6786510084.1465,1.5221,0.6035,0.3965,0.6774,188.644,278.502,0.0
2026-08-26 05:00:00,6.452e-05,104732.195,6786510084.1465,1.5221,0.6035,0.3965,0.6774,188.644,278.502,0.0
2026-08-26 05:15:00,6.452e-05,104732.195,6786510084.1465,1.5221,0.6035,0.3965,0.6774,188.644,278.502,0.0
2026-08-26 05:30:00,6.452e-05,104732.195,6786510084.1465,1.5221,0.6035,0.3965,0.6774,188.644,278.502,0.0
2026-08-26 05:45:00,6.452e-05,104732.195,6786510084.1465,1.5221,0.6035,0.3965,0.6774,188.644,278.502,0.0
2026-08-26 06:00:00,6.452e-05,104732.195,6786510084.1465,1.5221,0.6035,0.3965,0.6774,188.644,278.502,0.0
2026-08-26 06:15:00,6.452e-05,104732.195,6786510084.1465,1.5221,0.6035,0.3965,0.6774,188.644,278.502,0.0
2026-08-26 06:30:00,6.452e-05,104732.195,6786510084.1465,1.5221,0.6035,0.3965,0.6774,188.644,278.502,0.0
2026-08-26 06:45:00,6.452e-05,104732.195,6786510084.1465,1.5221,0.6035,0.3965,0.6774,188.644,278.502,0.0
2026-08-26 07:00:00,6.452e-05,104732.195,6786510084.1465,1.5221,0.6035,0.3965,0.6774,188.644,278.502,0.0
2026-08-26 07:15:00,6.452e-05,104732.195,6786510084.1465,1.5221,0.6035,0.3965,0.6774,188.644,278.502,0.0
2026-08-26 07:30:00,6.452e-05,104732.195,6786510084.1465,1.5221,0.6035,0.3965,0.6774,188.644,278.502,0.0
2026-08-26 07:45:00,6.452e-05,104732.195,6786510084.1465,1.5221,0.6035,0.3965,0.6774,188.644,278.502,0.0
2026-08-26 08:00:00,6.452e-05,104732.195,6786510084.1465,1.5221,0.6035,0.3965,0.6774,188.644,278.502,0.0
2026-08-26 08:15:00,6.452e-05,104732.195,6786510084.1465,1.5221,0.6035,0.3965,0.6774,188.644,278.502,0.0
2026-08-26 08:30:00,6.452e-05,104732.195,6786510084.1465,1.5221,0.6035,0.3965,0.6774,188.644,278.502,0.0
2026-08-26 08:45:00,6.452e-05,104732.195,6786510084.1465,1.5221,0.6035,0.3965,0.6774,188.644,278.502,0.0
2026-08-26 09:00:00,6.452e-05,104732.195,6786510084.1465,1.5221,0.6035,0.3965,0.6774,188.644,278.502,0.0
2026-08-26 09:15:00,6.452e-05,104732.195,6786510084.1465,1.5221,0.6035,0.3965,0.6774,188.644,278.502,0.0
2026-08-26 09:30:00,6.452e-05,104732.195,6786510084.1465,1.5221,0.6035,0.3965,0.6774,188.644,278.502,0.0
2026-08-26 09:45:00,6.452e-05,104732.195,6786510084.1465,1.5221,0.6035,0.3965,0.6774,188.644,278.502,0.0
2026-08-26 10:00:00,6.452e-05,104732.195,6786510084.1465,1.5221,0.6035,0.3965,0.6774,188.644,278.502,0.0
2026-08-26 10:15:00,6.452e-05,104732.195,6786510084.1465,1.5221,0.6035,0.3965,0.6774,188.644,278.502,0.0
2026-08-26 10:30:00,6.452e-05,104732.195,6786510084.1465,1.5221,0.6035,0.3965,0.6774,188.644,278.502,0.0
2026-08-26 10:45:00,6.452e-05,104732.195,6786510084.1465,1.5221,0.6035,0.3965,0.6774,188.644,278.502,0.0
2026-08-26 11:00:00,6.452e-05,104732.195,6786510084.1465,1.5221,0.6035,0.3965,0.6774,188.644,278.502,0.0
2026-08-26 11:15:00,6.452e-05,104732.195,6786510084.1465,1.5221,0.6035,0.3965,0.6774,188.644,278.502,0.0
2026-08-26 11:30:00,6.452e-05,104732.195,6786510084.1465,1.5221,0.6035,0.3965,0.6774,188.644,278.502,0.0
2026-08-26 11:45:00,6.452e-05,104732.195,6786510084.1465,1.5221,0.6035,0.3965,0.6774,188.644,278.502,0.0
2026-08-26 12:00:00,6.452e-05,104732.195,6786510084.1465,1.5221,0.6035,0.3965,0.6774,188.644,278.502,0.0
2026-08-26 12:15:00,6.452e-05,104732.195,6786510084.1465,1.5221,0.6035,0.3965,0.6774,188.644,278.502,0.0
2026-08-26 12:30:00,6.452e-05,104732.195,6786510084.1465,1.5221,0.6035,0.3965,0.6774,188.644,278.502,0.0
2026-08-26 12:45:00,6.452e-05,104732.195,6786510084.1465,1.5221,0.6035,0.3965,0.6774,188.644,278.502,0.0
2026-08-26 13:00:00,6.452e-05,104732.195,6786510084.1465,1.5221,0.6035,0.3965,0.6774,188.644,278.502,0.0
2026-08-26 13:15:00,6.452e-05,104732.195,6786510084.1465,1.5221,0.6035,0.3965,0.6774,188.644,278.502,0.0
2026-08-26 13:30:00,6.452e-05,104732.195,6786510084.1465,1.5221,0.6035,0.3965,0.6774,188.644,278.502,0.0
2026-08-26 13:45:00,6.452e-05,104732.195,6786510084.1465,1.5221,0.6035,0.3965,0.6774,188.644,278.502,0.0
2026-08-26 14:00:00,6.452e-05,104732.195,6786510084.1465,1.5221,0.6035,0.3965,0.6774,188.644,278.502,0.0
2026-08-26 14:15:00,6.452e-05,104732.195,6786510084.1465,1.5221,0.6035,0.3965,0.6774,188.644,278.502,0.0
2026-08-26 14:30:00,6.452e-05,104732.195,6786510084.1465,1.5221,0.6035,0.3965,0.6774,188.644,278.502,0.0
2026-08-26 14:45:00,6.452e-05,104732.195,6786510084.1465,1.5221,0.6035,0.3965,0.6774,188.644,278.502,0.0
2026-08-26 15:00:00,6.452e-05,104732.195,6786510084.1465,1.5221,0.6035,0.3965,0.6774,188.644,278.502,0.0
2026-08-26 15:15:00,6.452e-05,104732.195,6786510084.1465,1.5221,0.6035,0.3965,0.6774,188.644,278.502,0.0
2026-08-26 15:30:00,6.452e-05,104732.195,6786510084.1465,1.5221,0.6035,0.3965,0.6774,188.644,278.502,0.0
2026-08-26 15:45:00,6.452e-05,104732.195,6786510084.1465,1.5221,0.6035,0.3965,0.6774,188.644,278.502,0.0
2026-08-26 16:00:00,6.452e-05,104732.195,6786510084.1465,1.5221,0.6035,0.3965,0.6774,188.644,278.502,0.0
2026-08-26 16:15:00,6.452e-05,104732.195,6786510084.1465,1.5221,0.6035,0.3965,0.6774,188.644,278.502,0.0
2026-08-26 16:30:00,6.452e-05,104732.195,6786510084.1465,1.5221,0.6035,0.3965,0.6774,188.644,278.502,0.0
2026-08-26 16:45:00,6.452e-05,104732.195,6786510084.1465,1.5221,0.6035,0.3965,0.6774,188.644,278.502,0.0
2026-08-26 17:00:00,6.452e-05,104732.195,6786510084.1465,1.5221,0.6035,0.3965,0.6774,188.644,278.502,0.0
2026-08-26 17:15:00,6.452e-05,104732.195,6786510084.1465,1.5221,0.6035,0.3965,0.6774,188.644,278.502,0.0
2026-08-26 17:30:00,6.452e-05,104732.195,6786510084.1465,1.5221,0.6035,0.3965,0.6774,188.644,278.502,0.0
2026-08-26 17:45:00,6.452e-05,104732.195,6786510084.1465,1.5221,0.6035,0.3965,0.6774,188.644,278.502,0.0
2026-08-26 18:00:00,6.452e-05,104732.195,6786510084.1465,1.5221,0.6035,0.3965,0.6774,188.644,278.502,0.0
2026-08-26 18:15:00,6.452e-05,104732.195,6786510084.1465,1.5221,0.6035,0.3965,0.6774,188.644,278.502,0.0
2026-08-26 18:30:00,6.452e-05,104732.195,6786510084.1465,1.5221,0.6035,0.3965,0.6774,188.644,278.502,0.0
2026-08-26 18:45:00,6.452e-05,104732.195,6786510084.1465,1.5221,0.6035,0.3965,0.6774,188.644,278.502,0.0
2026-08-26 19:00:00,6.452e-05,104732.195,6786510084.1465,1.5221,0.6035,0.3965,0.6774,188.644,278.502,0.0
2026-08-26 19:15:00,6.452e-05,104732.195,6786510084.1465,1.5221,0.6035,0.3965,0.6774,188.644,278.502,0.0
2026-08-26 19:30:00,6.452e-05,104732.195,6786510084.1465,1.5221,0.6035,0.3965,0.6774,188.644,278.502,0.0
2026-08-26 19:45:00,6.452e-05,104732.195,6786510084.1465,1.5221,0.6035,0.3965,0.6774,188.644,278.502,0.0
2026-08-26 20:00:00,6.452e-05,104732.195,6786510084.1465,1.5221,0.6035,0.3965,0.6774,188.644,278.502,0.0
2026-08-26 20:15:00,6.452e-05,104732.195,6786510084.1465,1.5221,0.6035,0.3965,0.6774,188.644,278.502,0.0
2026-08-26 20:30:00,6.452e-05,104732.195,6786510084.1465,1.5221,0.6035,0.3965,0.6774,188.644,278.502,0.0
2026-08-26 20:45:00,6.452e-05,104732.195,6786510084.1465,1.5221,0.6035,0.3965,0.6774,188.644,278.502,0.0
2026-08-26 21:00:00,6.452e-05,104732.195,6786510084.1465,1.5221,0.6035,0.3965,0.6774,188.644,278.502,0.0
2026-08-26 21:15:00,6.452e-05,104732.195,6786510084.1465,1.5221,0.6035,0.3965,0.6774,188.644,278.502,0.0
2026-08-26 21:30:00,6.452e-05,104732.195,6786510084.1465,1.5221,0.6035,0.3965,0.6774,188.644,278.502,0.0
2026-08-26 21:45:00,6.452e-05,104732.195,6786510084.1465,1.5221,0.6035,0.3965,0.6774,188.644,278.502,0.0
2026-08-26 22:00:00,6.452e-05,104732.195,6786510084.1465,1.5221,0.6035,0.3965,0.6774,188.644,278.502,0.0
2026-08-26 22:15:00,6.452e-05,104732.195,6786510084.1465,1.5221,0.6035,0.3965,0.6774,188.644,278.502,0.0
2026-08-26 22:30:00,6.452e-05,104732.195,6786510084.1465,1.5221,0.6035,0.3965,0.6774,188.644,278.502,0.0
2026-08-26 22:45:00,6.452e-05,104732.195,6786510084.1465,1.5221,0.6035,0.3965,0.6774,188.644,278.502,0.0
2026-08-26 23:00:00,6.452e-05,104732.195,6786510084.1465,1.5221,0.6035,0.3965,0.6774,188.644,278.502,0.0
2026-08-26 23:15:00,6.452e-05,104732.195,6786510084.1465,1.5221,0.6035,0.3965,0.6774,188.644,278.502,0.0
2026-08-26 23:30:00,6.452e-05,104732.195,6786510084.1465,1.5221,0.6035,0.3965,0.6774,188.644,278.502,0.0
2026-08-26 23:45:00,6.452e-05,104732.195,6786510084.1465,1.5221,0.6035,0.3965,0.6774,188.644,278.502,0.0
2026-08-27 00:00:00,6.452e-05,104732.195,6786510084.1465,1.5221,0.6035,0.3965,0.6774,188.644,278.502,0.0
2026-08-27 00:15:00,6.452e-05,104732.195,6786510084.1465,1.5221,0.6035,0.3965,0.6774,188.644,278.502,0.0
2026-08-27 00:30:00,6.452e-05,104732.195,6786510084.1465,1.5221,0.6035,0.3965,0.6774,188.644,278.502,0.0
2026-08-27 00:45:00,6.452e-05,104732.195,6786510084.1465,1.5221,0.6035,0.3965,0.6774,188.644,278.502,0.0
2026-08-27 01:00:00,6.452e-05,104732.195,6786510084.1465,1.5221,0.6035,0.3965,0.6774,188.644,278.502,0.0
2026-08-27 01:15:00,6.452e-05,104732.195,6786510084.1465,1.5221,0.6035,0.3965,0.6774,188.644,278.502,0.0
2026-08-27 01:30:00,6.452e-05,104732.195,6786510084.1465,1.5221,0.6035,0.3965,0.6774,188.644,278.502,0.0
2026-08-27 01:45:00,6.452e-05,104732.195,6786510084.1465,1.5221,0.6035,0.3965,0.6774,188.644,278.502,0.0
2026-08-27 02:00:00,6.452e-05,104732.195,6786510084.1465,1.5221,0.6035,0.3965,0.6774,188.644,278.502,0.0
2026-08-27 02:15:00,6.452e-05,104732.195,6786510084.1465,1.5221,0.6035,0.3965,0.6774,188.644,278.502,0.0
2026-08-27 02:30:00,6.452e-05,104732.195,6786510084.1465,1.5221,0.6035,0.3965,0.6774,188.644,278.502,0.0
2026-08-27 02:45:00,6.452e-05,104732.195,6786510084.1465,1.5221,0.6035,0.3965,0.6774,188.644,278.502,0.0
2026-08-27 03:00:00,6.452e-05,104732.195,6786510084.1465,1.5221,0.6035,0.3965,0.6774,188.644,278.502,0.0
2026-08-27 03:15:00,6.452e-05,104732.195,6786510084.1465,1.5221,0.6035,0.3965,0.6774,188.644,278.502,0.0
2026-08-27 03:30:00,6.452e-05,104732.195,6786510084.1465,1.5221,0.6035,0.3965,0.6774,188.644,278.502,0.0
2026-08-27 03:45:00,6.452e-05,104732.195,6786510084.1465,1.5221,0.6035,0.3965,0.6774,188.644,278.502,0.0
2026-08-27 04:00:00,6.452e-05,104732.195,6786510084.1465,1.5221,0.6035,0.3965,0.6774,188.644,278.502,0.0
2026-08-27 04:15:00,6.452e-05,104732.195,6786510084.1465,1.5221,0.6035,0.3965,0.6774,188.644,278.502,0.0
2026-08-27 04:30:00,6.452e-05,104732.195,6786510084.1465,1.5221,0.6035,0.3965,0.6774,188.644,278.502,0.0
2026-08-27 04:45:00,6.452e-05,104732.195,6786510084.1465,1.5221,0.6035,0.3965,0.6774,188.644,278.502,0.0
2026-08-27 05:00:00,6.452e-05,104732.195,6786510084.1465,1.5221,0.6035,0.3965,0.6774,188.644,278.502,0.0
2026-08-27 05:15:00,6.452e-05,104732.195,6786510084.1465,1.5221,0.6035,0.3965,0.6774,188.644,278.502,0.0
2026-08-27 05:30:00,6.452e-05,104732.195,6786510084.1465,1.5221,0.6035,0.3965,0.6774,188.644,278.502,0.0
2026-08-27 05:45:00,6.452e-05,104732.195,6786510084.1465,1.5221,0.6035,0.3965,0.6774,188.644,278.502,0.0
2026-08-27 06:00:00,6.452e-05,104732.195,6786510084.1465,1.5221,0.6035,0.3965,0.6774,188.644,278.502,0.0
2026-08-27 06:15:00,6.452e-05,104732.195,6786510084.1465,1.5221,0.6035,0.3965,0.6774,188.644,278.502,0.0
2026-08-27 06:30:00,6.452e-05,104732.195,6786510084.1465,1.5221,0.6035,0.3965,0.6774,188.644,278.502,0.0
2026-08-27 06:45:00,6.452e-05,104732.195,6786510084.1465,1.5221,0.6035,0.3965,0.6774,188.644,278.502,0.0
2026-08-27 07:00:00,6.452e-05,104732.195,6786510084.1465,1.5221,0.6035,0.3965,0.6774,188.644,278.502,0.0
2026-08-27 07:15:00,6.452e-05,104732.195,6786510084.1465,1.5221,0.6035,0.3965,0.6774,188.644,278.502,0.0
2026-08-27 07:30:00,6.452e-05,104732.195,6786510084.1465,1.5221,0.6035,0.3965,0.6774,188.644,278.502,0.0
2026-08-27 07:45:00,6.452e-05,104732.195,6786510084.1465,1.5221,0.6035,0.3965,0.6774,188.644,278.502,0.0
2026-08-27 08:00:00,6.452e-05,104732.195,6786510084.1465,1.5221,0.6035,0.3965,0.6774,188.644,278.502,0.0
2026-08-27 08:15:00,6.452e-05,104732.195,6786510084.1465,1.5221,0.6035,0.3965,0.6774,188.644,278.502,0.0
2026-08-27 08:30:00,6.452e-05,104732.195,6786510084.1465,1.5221,0.6035,0.3965,0.6774,188.644,278.502,0.0
2026-08-27 08:45:00,6.452e-05,104732.195,6786510084.1465,1.5221,0.6035,0.3965,0.6774,188.644,278.502,0.0
2026-08-27 09:00:00,6.452e-05,104732.195,6786510084.1465,1.5221,0.6035,0.3965,0.6774,188.644,278.502,0.0
2026-08-27 09:15:00,6.452e-05,104732.195,6786510084.1465,1.5221,0.6035,0.3965,0.6774,188.644,278.502,0.0
2026-08-27 09:30:00,6.452e-05,104732.195,6786510084.1465,1.5221,0.6035,0.3965,0.6774,188.644,278.502,0.0
2026-08-27 09:45:00,6.452e-05,104732.195,6786510084.1465,1.5221,0.6035,0.3965,0.6774,188.644,278.502,0.0
2026-08-27 10:00:00,6.452e-05,104732.195,6786510084.1465,1.5221,0.6035,0.3965,0.6774,188.644,278.502,0.0
2026-08-27 10:15:00,6.452e-05,104732.195,6786510084.1465,1.5221,0.6035,0.3965,0.6774,188.644,278.502,0.0
2026-08-27 10:30:00,6.452e-05,104732.195,6786510084.1465,1.5221,0.6035,0.3965,0.6774,188.644,278.502,0.0
2026-08-27 10:45:00,6.452e-05,104732.195,6786510084.1465,1.5221,0.6035,0.3965,0.6774,188.644,278.502,0.0
2026-08-27 11:00:00,6.452e-05,104732.195,6786510084.1465,1.5221,0.6035,0.3965,0.6774,188.644,278.502,0.0
2026-08-27 11:15:00,6.452e-05,104732.195,6786510084.1465,1.5221,0.6035,0.3965,0.6774,188.644,278.502,0.0
2026-08-27 11:30:00,6.452e-05,104732.195,6786510084.1465,1.5221,0.6035,0.3965,0.6774,188.644,278.502,0.0
2026-08-27 11:45:00,6.452e-05,104732.195,6786510084.1465,1.5221,0.6035,0.3965,0.6774,188.644,278.502,0.0
2026-08-27 12:00:00,6.452e-05,104732.195,6786510084.1465,1.5221,0.6035,0.3965,0.6774,188.644,278.502,0.0
2026-08-27 12:15:00,6.452e-05,104732.195,6786510084.1465,1.5221,0.6035,0.3965,0.6774,188.644,278.502,0.0
2026-08-27 12:30:00,6.452e-05,104732.195,6786510084.1465,1.5221,0.6035,0.3965,0.6774,188.644,278.502,0.0
2026-08-27 12:45:00,6.452e-05,104732.195,6786510084.1465,1.5221,0.6035,0.3965,0.6774,188.644,278.502,0.0
2026-08-27 13:00:00,6.452e-05,104732.195,6786510084.1465,1.5221,0.6035,0.3965,0.6774,188.644,278.502,0.0
2026-08-27 13:15:00,6.452e-05,104732.195,6786510084.1465,1.5221,0.6035,0.3965,0.6774,188.644,278.502,0.0
2026-08-27 13:30:00,6.452e-05,104732.195,6786510084.1465,1.5221,0.6035,0.3965,0.6774,188.644,278.502,0.0
2026-08-27 13:45:00,6.452e-05,104732.195,6786510084.1465,1.5221,0.6035,0.3965,0.6774,188.644,278.502,0.0
2026-08-27 14:00:00,6.452e-05,104732.195,6786510084.1465,1.5221,0.6035,0.3965,0.6774,188.644,278.502,0.0
2026-08-27 14:15:00,6.452e-05,104732.195,6786510084.1465,1.5221,0.6035,0.3965,0.6774,188.644,278.502,0.0
2026-08-27 14:30:00,6.452e-05,104732.195,6786510084.1465,1.5221,0.6035,0.3965,0.6774,188.644,278.502,0.0
2026-08-27 14:45:00,6.452e-05,104732.195,6786510084.1465,1.5221,0.6035,0.3965,0.6774,188.644,278.502,0.0
2026-08-27 15:00:00,6.452e-05,104732.195,6786510084.1465,1.5221,0.6035,0.3965,0.6774,188.644,278.502,0.0
2026-08-27 15:15:00,6.452e-05,104732.195,6786510084.1465,1.5221,0.6035,0.3965,0.6774,188.644,278.502,0.0
2026-08-27 15:30:00,6.452e-05,104732.195,6786510084.1465,1.5221,0.6035,0.3965,0.6774,188.644,278.502,0.0
2026-08-27 15:45:00,6.452e-05,104732.195,6786510084.1465,1.5221,0.6035,0.3965,0.6774,188.644,278.502,0.0
2026-08-27 16:00:00,6.452e-05,104732.195,6786510084.1465,1.5221,0.6035,0.3965,0.6774,188.644,278.502,0.0
2026-08-27 16:15:00,6.452e-05,104732.195,6786510084.1465,1.5221,0.6035,0.3965,0.6774,188.644,278.502,0.0
2026-08-27 16:30:00,6.452e-05,104732.195,6786510084.1465,1.5221,0.6035,0.3965,0.6774,188.644,278.502,0.0
2026-08-27 16:45:00,6.452e-05,104732.195,6786510084.1465,1.5221,0.6035,0.3965,0.6774,188.644,278.502,0.0
2026-08-27 17:00:00,6.452e-05,104732.195,6786510084.1465,1.5221,0.6035,0.3965,0.6774,188.644,278.502,0.0
2026-08-27 17:15:00,6.452e-05,104732.195,6786510084.1465,1.5221,0.6035,0.3965,0.6774,188.644,278.502,0.0
2026-08-27 17:30:00,6.452e-05,104732.195,6786510084.1465,1.5221,0.6035,0.3965,0.6774,188.644,278.502,0.0
2026-08-27 17:45:00,6.452e-05,104732.195,6786510084.1465,1.5221,0.6035,0.3965,0.6774,188.644,278.502,0.0
2026-08-27 18:00:00,6.452e-05,104732.195,6786510084.1465,1.5221,0.6035,0.3965,0.6774,188.644,278.502,0.0
2026-08-27 18:15:00,6.452e-05,104732.195,6786510084.1465,1.5221,0.6035,0.3965,0.6774,188.644,278.502,0.0
2026-08-27 18:30:00,6.452e-05,104732.195,6786510084.1465,1.5221,0.6035,0.3965,0.6774,188.644,278.502,0.0
2026-08-27 18:45:00,6.452e-05,104732.195,6786510084.1465,1.5221,0.6035,0.3965,0.6774,188.644,278.502,0.0
2026-08-27 19:00:00,6.452e-05,104732.195,6786510084.1465,1.5221,0.6035,0.3965,0.6774,188.644,278.502,0.0
2026-08-27 19:15:00,6.452e-05,104732.195,6786510084.1465,1.5221,0.6035,0.3965,0.6774,188.644,278.502,0.0
2026-08-27 19:30:00,6.452e-05,104732.195,6786510084.1465,1.5221,0.6035,0.3965,0.6774,188.644,278.502,0.0
2026-08-27 19:45:00,6.452e-05,104732.195,6786510084.1465,1.5221,0.6035,0.3965,0.6774,188.644,278.502,0.0
2026-08-27 20:00:00,6.452e-05,104732.195,6786510084.1465,1.5221,0.6035,0.3965,0.6774,188.644,278.502,0.0
2026-08-27 20:15:00,6.452e-05,104732.195,6786510084.1465,1.5221,0.6035,0.3965,0.6774,188.644,278.502,0.0
2026-08-27 20:30:00,6.452e-05,104732.195,6786510084.1465,1.5221,0.6035,0.3965,0.6774,188.644,278.502,0.0
2026-08-27 20:45:00,6.452e-05,104732.195,6786510084.1465,1.5221,0.6035,0.3965,0.6774,188.644,278.502,0.0
2026-08-27 21:00:00,6.452e-05,104732.195,6786510084.1465,1.5221,0.6035,0.3965,0.6774,188.644,278.502,0.0
2026-08-27 21:15:00,6.452e-05,104732.195,6786510084.1465,1.5221,0.6035,0.3965,0.6774,188.644,278.502,0.0
2026-08-27 21:30:00,6.452e-05,104732.195,6786510084.1465,1.5221,0.6035,0.3965,0.6774,188.644,278.502,0.0
2026-08-27 21:45:00,6.452e-05,104732.195,6786510084.1465,1.5221,0.6035,0.3965,0.6774,188.644,278.502,0.0
2026-08-27 22:00:00,6.452e-05,104732.195,6786510084.1465,1.5221,0.6035,0.3965,0.6774,188.644,278.502,0.0
2026-08-27 22:15:00,6.452e-05,104732.195,6786510084.1465,1.5221,0.6035,0.3965,0.6774,188.644,278.502,0.0
2026-08-27 22:30:00,6.452e-05,104732.195,6786510084.1465,1.5221,0.6035,0.3965,0.6774,188.644,278.502,0.0
2026-08-27 22:45:00,6.452e-05,104732.195,6786510084.1465,1.5221,0.6035,0.3965,0.6774,188.644,278.502,0.0
2026-08-27 23:00:00,6.452e-05,104732.195,6786510084.1465,1.5221,0.6035,0.3965,0.6774,188.644,278.502,0.0
2026-08-27 23:15:00,6.452e-05,104732.195,6786510084.1465,1.5221,0.6035,0.3965,0.6774,188.644,278.502,0.0
2026-08-27 23:30:00,6.452e-05,104732.195,6786510084.1465,1.5221,0.6035,0.3965,0.6774,188.644,278.502,0.0
2026-08-27 23:45:00,6.452e-05,104732.195,6786510084.1465,1.5221,0.6035,0.3965,0.6774,188.644,278.502,0.0
2026-08-28 00:00:00,6.452e-05,104732.195,6786510084.1465,1.5221,0.6035,0.3965,0.6774,188.644,278.502,0.0
2026-08-28 00:15:00,6.452e-05,104732.195,6786510084.1465,1.5221,0.6035,0.3965,0.6774,188.644,278.502,0.0
2026-08-28 00:30:00,6.452e-05,104732.195,6786510084.1465,1.5221,0.6035,0.3965,0.6774,188.644,278.502,0.0
2026-08-28 00:45:00,6.452e-05,104732.195,6786510084.1465,1.5221,0.6035,0.3965,0.6774,188.644,278.502,0.0
2026-08-28 01:00:00,6.452e-05,104732.195,6786510084.1465,1.5221,0.6035,0.3965,0.6774,188.644,278.502,0.0
2026-08-28 01:15:00,6.452e-05,104732.195,6786510084.1465,1.5221,0.6035,0.3965,0.6774,188.644,278.502,0.0
2026-08-28 01:30:00,6.452e-05,104732.195,6786510084.1465,1.5221,0.6035,0.3965,0.6774,188.644,278.502,0.0
2026-08-28 01:45:00,6.452e-05,104732.195,6786510084.1465,1.5221,0.6035,0.3965,0.6774,188.644,278.502,0.0
2026-08-28 02:00:00,6.452e-05,104732.195,6786510084.1465,1.5221,0.6035,0.3965,0.6774,188.644,278.502,0.0
2026-08-28 02:15:00,6.452e-05,104732.195,6786510084.1465,1.5221,0.6035,0.3965,0.6774,188.644,278.502,0.0
2026-08-28 02:30:00,6.452e-05,104732.195,6786510084.1465,1.5221,0.6035,0.3965,0.6774,188.644,278.502,0.0
2026-08-28 02:45:00,6.452e-05,104732.195,6786510084.1465,1.5221,0.6035,0.3965,0.6774,188.644,278.502,0.0
2026-08-28 03:00:00,6.452e-05,104732.195,6786510084.1465,1.5221,0.6035,0.3965,0.6774,188.644,278.502,0.0
2026-08-28 03:15:00,6.452e-05,104732.195,6786510084.1465,1.5221,0.6035,0.3965,0.6774,188.644,278.502,0.0
2026-08-28 03:30:00,6.452e-05,104732.195,6786510084.1465,1.5221,0.6035,0.3965,0.6774,188.644,278.502,0.0
2026-08-28 03:45:00,6.452e-05,104732.195,6786510084.1465,1.5221,0.6035,0.3965,0.6774,188.644,278.502,0.0
2026-08-28 04:00:00,6.452e-05,104732.195,6786510084.1465,1.5221,0.6035,0.3965,0.6774,188.644,278.502,0.0
2026-08-28 04:15:00,6.452e-05,104732.195,6786510084.1465,1.5221,0.6035,0.3965,0.6774,188.644,278.502,0.0
2026-08-28 04:30:00,6.452e-05,104732.195,6786510084.1465,1.5221,0.6035,0.3965,0.6774,188.644,278.502,0.0
2026-08-28 04:45:00,6.452e-05,104732.195,6786510084.1465,1.5221,0.6035,0.3965,0.6774,188.644,278.502,0.0
2026-08-28 05:00:00,6.452e-05,104732.195,6786510084.1465,1.5221,0.6035,0.3965,0.6774,188.644,278.502,0.0
2026-08-28 05:15:00,6.452e-05,104732.195,6786510084.1465,1.5221,0.6035,0.3965,0.6774,188.644,278.502,0.0
2026-08-28 05:30:00,6.452e-05,104732.195,6786510084.1465,1.5221,0.6035,0.3965,0.6774,188.644,278.502,0.0
2026-08-28 05:45:00,6.452e-05,104732.195,6786510084.1465,1.5221,0.6035,0.3965,0.6774,188.644,278.502,0.0
2026-08-28 06:00:00,6.452e-05,104732.195,6786510084.1465,1.5221,0.6035,0.3965,0.6774,188.644,278.502,0.0
2026-08-28 06:15:00,6.452e-05,104732.195,6786510084.1465,1.5221,0.6035,0.3965,0.6774,188.644,278.502,0.0
2026-08-28 06:30:00,6.452e-05,104732.195,6786510084.1465,1.5221,0.6035,0.3965,0.6774,188.644,278.502,0.0
2026-08-28 06:45:00,6.452e-05,104732.195,6786510084.1465,1.5221,0.6035,0.3965,0.6774,188.644,278.502,0.0
2026-08-28 07:00:00,6.452e-05,104732.195,6786510084.1465,1.5221,0.6035,0.3965,0.6774,188.644,278.502,0.0
2026-08-28 07:15:00,6.452e-05,104732.195,6786510084.1465,1.5221,0.6035,0.3965,0.6774,188.644,278.502,0.0
2026-08-28 07:30:00,6.452e-05,104732.195,6786510084.1465,1.5221,0.6035,0.3965,0.6774,188.644,278.502,0.0
2026-08-28 07:45:00,6.452e-05,104732.195,6786510084.1465,1.5221,0.6035,0.3965,0.6774,188.644,278.502,0.0
2026-08-28 08:00:00,6.452e-05,104732.195,6786510084.1465,1.5221,0.6035,0.3965,0.6774,188.644,278.502,0.0
2026-08-28 08:15:00,6.452e-05,104732.195,6786510084.1465,1.5221,0.6035,0.3965,0.6774,188.644,278.502,0.0
2026-08-28 08:30:00,6.452e-05,104732.195,6786510084.1465,1.5221,0.6035,0.3965,0.6774,188.644,278.502,0.0
2026-08-28 08:45:00,6.452e-05,104732.195,6786510084.1465,1.5221,0.6035,0.3965,0.6774,188.644,278.502,0.0
2026-08-28 09:00:00,6.452e-05,104732.195,6786510084.1465,1.5221,0.6035,0.3965,0.6774,188.644,278.502,0.0
2026-08-28 09:15:00,6.452e-05,104732.195,6786510084.1465,1.5221,0.6035,0.3965,0.6774,188.644,278.502,0.0
2026-08-28 09:30:00,6.452e-05,104732.195,6786510084.1465,1.5221,0.6035,0.3965,0.6774,188.644,278.502,0.0
2026-08-28 09:45:00,6.452e-05,104732.195,6786510084.1465,1.5221,0.6035,0.3965,0.6774,188.644,278.502,0.0
2026-08-28 10:00:00,6.452e-05,104732.195,6786510084.1465,1.5221,0.6035,0.3965,0.6774,188.644,278.502,0.0
2026-08-28 10:15:00,6.452e-05,104732.195,6786510084.1465,1.5221,0.6035,0.3965,0.6774,188.644,278.502,0.0
2026-08-28 10:30:00,6.452e-05,104732.195,6786510084.1465,1.5221,0.6035,0.3965,0.6774,188.644,278.502,0.0
2026-08-28 10:45:00,6.452e-05,104732.195,6786510084.1465,1.5221,0.6035,0.3965,0.6774,188.644,278.502,0.0
2026-08-28 11:00:00,6.452e-05,104732.195,6786510084.1465,1.5221,0.6035,0.3965,0.6774,188.644,278.502,0.0
2026-08-28 11:15:00,6.452e-05,104732.195,6786510084.1465,1.5221,0.6035,0.3965,0.6774,188.644,278.502,0.0
2026-08-28 11:30:00,6.452e-05,104732.195,6786510084.1465,1.5221,0.6035,0.3965,0.6774,188.644,278.502,0.0
2026-08-28 11:45:00,6.452e-05,104732.195,6786510084.1465,1.5221,0.6035,0.3965,0.6774,188.644,278.502,0.0
2026-08-28 12:00:00,6.452e-05,104732.195,6786510084.1465,1.5221,0.6035,0.3965,0.6774,188.644,278.502,0.0
2026-08-28 12:15:00,6.452e-05,104732.195,6786510084.1465,1.5221,0.6035,0.3965,0.6774,188.644,278.502,0.0
2026-08-28 12:30:00,6.452e-05,104732.195,6786510084.1465,1.5221,0.6035,0.3965,0.6774,188.644,278.502,0.0
2026-08-28 12:45:00,6.452e-05,104732.195,6786510084.1465,1.5221,0.6035,0.3965,0.6774,188.644,278.502,0.0
2026-08-28 13:00:00,6.452e-05,104732.195,6786510084.1465,1.5221,0.6035,0.3965,0.6774,188.644,278.502,0.0
2026-08-28 13:15:00,6.452e-05,104732.195,6786510084.1465,1.5221,0.6035,0.3965,0.6774,188.644,278.502,0.0
2026-08-28 13:30:00,6.452e-05,104732.195,6786510084.1465,1.5221,0.6035,0.3965,0.6774,188.644,278.502,0.0
2026-08-28 13:45:00,6.452e-05,104732.195,6786510084.1465,1.5221,0.6035,0.3965,0.6774,188.644,278.502,0.0
2026-08-28 14:00:00,6.452e-05,104732.195,6786510084.1465,1.5221,0.6035,0.3965,0.6774,188.644,278.502,0.0
2026-08-28 14:15:00,6.452e-05,104732.195,6786510084.1465,1.5221,0.6035,0.3965,0.6774,188.644,278.502,0.0
2026-08-28 14:30:00,6.452e-05,104732.195,6786510084.1465,1.5221,0.6035,0.3965,0.6774,188.644,278.502,0.0
2026-08-28 14:45:00,6.452e-05,104732.195,6786510084.1465,1.5221,0.6035,0.3965,0.6774,188.644,278.502,0.0
2026-08-28 15:00:00,6.452e-05,104732.195,6786510084.1465,1.5221,0.6035,0.3965,0.6774,188.644,278.502,0.0
2026-08-28 15:15:00,6.452e-05,104732.195,6786510084.1465,1.5221,0.6035,0.3965,0.6774,188.644,278.502,0.0
2026-08-28 15:30:00,6.452e-05,104732.195,6786510084.1465,1.5221,0.6035,0.3965,0.6774,188.644,278.502,0.0
2026-08-28 15:45:00,6.452e-05,104732.195,6786510084.1465,1.5221,0.6035,0.3965,0.6774,188.644,278.502,0.0
2026-08-28 16:00:00,6.452e-05,104732.195,6786510084.1465,1.5221,0.6035,0.3965,0.6774,188.644,278.502,0.0
2026-08-28 16:15:00,6.452e-05,104732.195,6786510084.1465,1.5221,0.6035,0.3965,0.6774,188.644,278.502,0.0
2026-08-28 16:30:00,6.452e-05,104732.195,6786510084.1465,1.5221,0.6035,0.3965,0.6774,188.644,278.502,0.0
2026-08-28 16:45:00,6.452e-05,104732.195,6786510084.1465,1.5221,0.6035,0.3965,0.6774,188.644,278.502,0.0
2026-08-28 17:00:00,6.452e-05,104732.195,6786510084.1465,1.5221,0.6035,0.3965,0.6774,188.644,278.502,0.0
2026-08-28 17:15:00,6.452e-05,104732.195,6786510084.1465,1.5221,0.6035,0.3965,0.6774,188.644,278.502,0.0
2026-08-28 17:30:00,6.452e-05,104732.195,6786510084.1465,1.5221,0.6035,0.3965,0.6774,188.644,278.502,0.0
2026-08-28 17:45:00,6.452e-05,104732.195,6786510084.1465,1.5221,0.6035,0.3965,0.6774,188.644,278.502,0.0
2026-08-28 18:00:00,6.452e-05,104732.195,6786510084.1465,1.5221,0.6035,0.3965,0.6774,188.644,278.502,0.0
2026-08-28 18:15:00,6.452e-05,104732.195,6786510084.1465,1.5221,0.6035,0.3965,0.6774,188.644,278.502,0.0
2026-08-28 18:30:00,6.452e-05,104732.195,6786510084.1465,1.5221,0.6035,0.3965,0.6774,188.644,278.502,0.0
2026-08-28 18:45:00,6.452e-05,104732.195,6786510084.1465,1.5221,0.6035,0.3965,0.6774,188.644,278.502,0.0
2026-08-28 19:00:00,6.452e-05,104732.195,6786510084.1465,1.5221,0.6035,0.3965,0.6774,188.644,278.502,0.0
2026-08-28 19:15:00,6.452e-05,104732.195,6786510084.1465,1.5221,0.6035,0.3965,0.6774,188.644,278.502,0.0
2026-08-28 19:30:00,6.452e-05,104732.195,6786510084.1465,1.5221,0.6035,0.3965,0.6774,188.644,278.502,0.0
2026-08-28 19:45:00,6.452e-05,104732.195,6786510084.1465,1.5221,0.6035,0.3965,0.6774,188.644,278.502,0.0
2026-08-28 20:00:00,6.452e-05,104732.195,6786510084.1465,1.5221,0.6035,0.3965,0.6774,188.644,278.502,0.0
2026-08-28 20:15:00,6.452e-05,104732.195,6786510084.1465,1.5221,0.6035,0.3965,0.6774,188.644,278.502,0.0
2026-08-28 20:30:00,6.452e-05,104732.195,6786510084.1465,1.5221,0.6035,0.3965,0.6774,188.644,278.502,0.0
2026-08-28 20:45:00,6.452e-05,104732.195,6786510084.1465,1.5221,0.6035,0.3965,0.6774,188.644,278.502,0.0
2026-08-28 21:00:00,6.452e-05,104732.195,6786510084.1465,1.5221,0.6035,0.3965,0.6774,188.644,278.502,0.0
2026-08-28 21:15:00,6.452e-05,104732.195,6786510084.1465,1.5221,0.6035,0.3965,0.6774,188.644,278.502,0.0
2026-08-28 21:30:00,6.452e-05,104732.195,6786510084.1465,1.5221,0.6035,0.3965,0.6774,188.644,278.502,0.0
2026-08-28 21:45:00,6.452e-05,104732.195,6786510084.1465,1.5221,0.6035,0.3965,0.6774,188.644,278.502,0.0
2026-08-28 22:00:00,6.452e-05,104732.195,6786510084.1465,1.5221,0.6035,0.3965,0.6774,188.644,278.502,0.0
2026-08-28 22:15:00,6.452e-05,104732.195,6786510084.1465,1.5221,0.6035,0.3965,0.6774,188.644,278.502,0.0
2026-08-28 22:30:00,6.452e-05,104732.195,6786510084.1465,1.5221,0.6035,0.3965,0.6774,188.644,278.502,0.0
2026-08-28 22:45:00,6.452e-05,104732.195,6786510084.1465,1.5221,0.6035,0.3965,0.6774,188.644,278.502,0.0
2026-08-28 23:00:00,6.452e-05,104732.195,6786510084.1465,1.5221,0.6035,0.3965,0.6774,188.644,278.502,0.0
2026-08-28 23:15:00,6.452e-05,104732.195,6786510084.1465,1.5221,0.6035,0.3965,0.6774,188.644,278.502,0.0
2026-08-28 23:30:00,6.452e-05,104732.195,6786510084.1465,1.5221,0.6035,0.3965,0.6774,188.644,278.502,0.0
2026-08-28 23:45:00,6.452e-05,104732.195,6786510084.1465,1.5221,0.6035,0.3965,0.6774,188.644,278.502,0.0
2026-08-29 00:00:00,6.452e-05,104732.195,6786510084.1465,1.5221,0.6035,0.3965,0.6774,188.644,278.502,0.0
2026-08-29 00:15:00,6.452e-05,104732.195,6786510084.1465,1.5221,0.6035,0.3965,0.6774,188.644,278.502,0.0
2026-08-29 00:30:00,6.452e-05,104732.195,6786510084.1465,1.5221,0.6035,0.3965,0.6774,188.644,278.502,0.0
2026-08-29 00:45:00,6.452e-05,104732.195,6786510084.1465,1.5221,0.6035,0.3965,0.6774,188.644,278.502,0.0
2026-08-29 01:00:00,6.452e-05,104732.195,6786510084.1465,1.5221,0.6035,0.3965,0.6774,188.644,278.502,0.0
2026-08-29 01:15:00,6.452e-05,104732.195,6786510084.1465,1.5221,0.6035,0.3965,0.6774,188.644,278.502,0.0
2026-08-29 01:30:00,6.452e-05,104732.195,6786510084.1465,1.5221,0.6035,0.3965,0.6774,188.644,278.502,0.0
2026-08-29 01:45:00,6.452e-05,104732.195,6786510084.1465,1.5221,0.6035,0.3965,0.6774,188.644,278.502,0.0
2026-08-29 02:00:00,6.452e-05,104732.195,6786510084.1465,1.5221,0.6035,0.3965,0.6774,188.644,278.502,0.0
2026-08-29 02:15:00,6.452e-05,104732.195,6786510084.1465,1.5221,0.6035,0.3965,0.6774,188.644,278.502,0.0
2026-08-29 02:30:00,6.452e-05,104732.195,6786510084.1465,1.5221,0.6035,0.3965,0.6774,188.644,278.502,0.0
2026-08-29 02:45:00,6.452e-05,104732.195,6786510084.1465,1.5221,0.6035,0.3965,0.6774,188.644,278.502,0.0
2026-08-29 03:00:00,6.452e-05,104732.195,6786510084.1465,1.5221,0.6035,0.3965,0.6774,188.644,278.502,0.0
2026-08-29 03:15:00,6.452e-05,104732.195,6786510084.1465,1.5221,0.6035,0.3965,0.6774,188.644,278.502,0.0
2026-08-29 03:30:00,6.452e-05,104732.195,6786510084.1465,1.5221,0.6035,0.3965,0.6774,188.644,278.502,0.0
2026-08-29 03:45:00,6.452e-05,104732.195,6786510084.1465,1.5221,0.6035,0.3965,0.6774,188.644,278.502,0.0
2026-08-29 04:00:00,6.452e-05,104732.195,6786510084.1465,1.5221,0.6035,0.3965,0.6774,188.644,278.502,0.0
2026-08-29 04:15:00,6.452e-05,104732.195,6786510084.1465,1.5221,0.6035,0.3965,0.6774,188.644,278.502,0.0
2026-08-29 04:30:00,6.452e-05,104732.195,6786510084.1465,1.5221,0.6035,0.3965,0.6774,188.644,278.502,0.0
2026-08-29 04:45:00,6.452e-05,104732.195,6786510084.1465,1.5221,0.6035,0.3965,0.6774,188.644,278.502,0.0
2026-08-29 05:00:00,6.452e-05,104732.195,6786510084.1465,1.5221,0.6035,0.3965,0.6774,188.644,278.502,0.0
2026-08-29 05:15:00,6.452e-05,104732.195,6786510084.1465,1.5221,0.6035,0.3965,0.6774,188.644,278.502,0.0
2026-08-29 05:30:00,6.452e-05,104732.195,6786510084.1465,1.5221,0.6035,0.3965,0.6774,188.644,278.502,0.0
2026-08-29 05:45:00,6.452e-05,104732.195,6786510084.1465,1.5221,0.6035,0.3965,0.6774,188.644,278.502,0.0
2026-08-29 06:00:00,6.452e-05,104732.195,6786510084.1465,1.5221,0.6035,0.3965,0.6774,188.644,278.502,0.0
2026-08-29 06:15:00,6.452e-05,104732.195,6786510084.1465,1.5221,0.6035,0.3965,0.6774,188.644,278.502,0.0
2026-08-29 06:30:00,6.452e-05,104732.195,6786510084.1465,1.5221,0.6035,0.3965,0.6774,188.644,278.502,0.0
2026-08-29 06:45:00,6.452e-05,104732.195,6786510084.1465,1.5221,0.6035,0.3965,0.6774,188.644,278.502,0.0
2026-08-29 07:00:00,6.452e-05,104732.195,6786510084.1465,1.5221,0.6035,0.3965,0.6774,188.644,278.502,0.0
2026-08-29 07:15:00,6.452e-05,104732.195,6786510084.1465,1.5221,0.6035,0.3965,0.6774,188.644,278.502,0.0
2026-08-29 07:30:00,6.452e-05,104732.195,6786510084.1465,1.5221,0.6035,0.3965,0.6774,188.644,278.502,0.0
2026-08-29 07:45:00,6.452e-05,104732.195,6786510084.1465,1.5221,0.6035,0.3965,0.6774,188.644,278.502,0.0
2026-08-29 08:00:00,6.452e-05,104732.195,6786510084.1465,1.5221,0.6035,0.3965,0.6774,188.644,278.502,0.0
2026-08-29 08:15:00,6.452e-05,104732.195,6786510084.1465,1.5221,0.6035,0.3965,0.6774,188.644,278.502,0.0
2026-08-29 08:30:00,6.452e-05,104732.195,6786510084.1465,1.5221,0.6035,0.3965,0.6774,188.644,278.502,0.0
2026-08-29 08:45:00,6.452e-05,104732.195,6786510084.1465,1.5221,0.6035,0.3965,0.6774,188.644,278.502,0.0
2026-08-29 09:00:00,6.452e-05,104732.195,6786510084.1465,1.5221,0.6035,0.3965,0.6774,188.644,278.502,0.0
2026-08-29 09:15:00,6.452e-05,104732.195,6786510084.1465,1.5221,0.6035,0.3965,0.6774,188.644,278.502,0.0
2026-08-29 09:30:00,6.452e-05,104732.195,6786510084.1465,1.5221,0.6035,0.3965,0.6774,188.644,278.502,0.0
2026-08-29 09:45:00,6.452e-05,104732.195,6786510084.1465,1.5221,0.6035,0.3965,0.6774,188.644,278.502,0.0
2026-08-29 10:00:00,6.452e-05,104732.195,6786510084.1465,1.5221,0.6035,0.3965,0.6774,188.644,278.502,0.0
2026-08-29 10:15:00,6.452e-05,104732.195,6786510084.1465,1.5221,0.6035,0.3965,0.6774,188.644,278.502,0.0
2026-08-29 10:30:00,6.452e-05,104732.195,6786510084.1465,1.5221,0.6035,0.3965,0.6774,188.644,278.502,0.0
2026-08-29 10:45:00,6.452e-05,104732.195,6786510084.1465,1.5221,0.6035,0.3965,0.6774,188.644,278.502,0.0
2026-08-29 11:00:00,6.452e-05,104732.195,6786510084.1465,1.5221,0.6035,0.3965,0.6774,188.644,278.502,0.0
2026-08-29 11:15:00,6.452e-05,104732.195,6786510084.1465,1.5221,0.6035,0.3965,0.6774,188.644,278.502,0.0
2026-08-29 11:30:00,6.452e-05,104732.195,6786510084.1465,1.5221,0.6035,0.3965,0.6774,188.644,278.502,0.0
2026-08-29 11:45:00,6.452e-05,104732.195,6786510084.1465,1.5221,0.6035,0.3965,0.6774,188.644,278.502,0.0
2026-08-29 12:00:00,6.452e-05,104732.195,6786510084.1465,1.5221,0.6035,0.3965,0.6774,188.644,278.502,0.0
2026-08-29 12:15:00,6.452e-05,104732.195,6786510084.1465,1.5221,0.6035,0.3965,0.6774,188.644,278.502,0.0
2026-08-29 12:30:00,6.452e-05,104732.195,6786510084.1465,1.5221,0.6035,0.3965,0.6774,188.644,278.502,0.0
2026-08-29 12:45:00,6.452e-05,104732.195,6786510084.1465,1.5221,0.6035,0.3965,0.6774,188.644,278.502,0.0
2026-08-29 13:00:00,6.452e-05,104732.195,6786510084.1465,1.5221,0.6035,0.3965,0.6774,188.644,278.502,0.0
2026-08-29 13:15:00,6.452e-05,104732.195,6786510084.1465,1.5221,0.6035,0.3965,0.6774,188.644,278.502,0.0
2026-08-29 13:30:00,6.452e-05,104732.195,6786510084.1465,1.5221,0.6035,0.3965,0.6774,188.644,278.502,0.0
2026-08-29 13:45:00,6.452e-05,104732.195,6786510084.1465,1.5221,0.6035,0.3965,0.6774,188.644,278.502,0.0
2026-08-29 14:00:00,6.452e-05,104732.195,6786510084.1465,1.5221,0.6035,0.3965,0.6774,188.644,278.502,0.0
2026-08-29 14:15:00,6.452e-05,104732.195,6786510084.1465,1.5221,0.6035,0.3965,0.6774,188.644,278.502,0.0
2026-08-29 14:30:00,6.452e-05,104732.195,6786510084.1465,1.5221,0.6035,0.3965,0.6774,188.644,278.502,0.0
2026-08-29 14:45:00,6.452e-05,104732.195,6786510084.1465,1.5221,0.6035,0.3965,0.6774,188.644,278.502,0.0
2026-08-29 15:00:00,6.452e-05,104732.195,6786510084.1465,1.5221,0.6035,0.3965,0.6774,188.644,278.502,0.0
2026-08-29 15:15:00,6.452e-05,104732.195,6786510084.1465,1.5221,0.6035,0.3965,0.6774,188.644,278.502,0.0
2026-08-29 15:30:00,6.452e-05,104732.195,6786510084.1465,1.5221,0.6035,0.3965,0.6774,188.644,278.502,0.0
2026-08-29 15:45:00,6.452e-05,104732.195,6786510084.1465,1.5221,0.6035,0.3965,0.6774,188.644,278.502,0.0
2026-08-29 16:00:00,6.452e-05,104732.195,6786510084.1465,1.5221,0.6035,0.3965,0.6774,188.644,278.502,0.0
2026-08-29 16:15:00,6.452e-05,104732.195,6786510084.1465,1.5221,0.6035,0.3965,0.6774,188.644,278.502,0.0
2026-08-29 16:30:00,6.452e-05,104732.195,6786510084.1465,1.5221,0.6035,0.3965,0.6774,188.644,278.502,0.0
2026-08-29 16:45:00,6.452e-05,104732.195,6786510084.1465,1.5221,0.6035,0.3965,0.6774,188.644,278.502,0.0
2026-08-29 17:00:00,6.452e-05,104732.195,6786510084.1465,1.5221,0.6035,0.3965,0.6774,188.644,278.502,0.0
2026-08-29 17:15:00,6.452e-05,104732.195,6786510084.1465,1.5221,0.6035,0.3965,0.6774,188.644,278.502,0.0
2026-08-29 17:30:00,6.452e-05,104732.195,6786510084.1465,1.5221,0.6035,0.3965,0.6774,188.644,278.502,0.0
2026-08-29 17:45:00,6.452e-05,104732.195,6786510084.1465,1.5221,0.6035,0.3965,0.6774,188.644,278.502,0.0
2026-08-29 18:00:00,6.452e-05,104732.195,6786510084.1465,1.5221,0.6035,0.3965,0.6774,188.644,278.502,0.0
2026-08-29 18:15:00,6.452e-05,104732.195,6786510084.1465,1.5221,0.6035,0.3965,0.6774,188.644,278.502,0.0
2026-08-29 18:30:00,6.452e-05,104732.195,6786510084.1465,1.5221,0.6035,0.3965,0.6774,188.644,278.502,0.0
2026-08-29 18:45:00,6.452e-05,104732.195,6786510084.1465,1.5221,0.6035,0.3965,0.6774,188.644,278.502,0.0
2026-08-29 19:00:00,6.452e-05,104732.195,6786510084.1465,1.5221,0.6035,0.3965,0.6774,188.644,278.502,0.0
2026-08-29 19:15:00,6.452e-05,104732.195,6786510084.1465,1.5221,0.6035,0.3965,0.6774,188.644,278.502,0.0
2026-08-29 19:30:00,6.452e-05,104732.195,6786510084.1465,1.5221,0.6035,0.3965,0.6774,188.644,278.502,0.0
2026-08-29 19:45:00,6.452e-05,104732.195,6786510084.1465,1.5221,0.6035,0.3965,0.6774,188.644,278.502,0.0
2026-08-29 20:00:00,6.452e-05,104732.195,6786510084.1465,1.5221,0.6035,0.3965,0.6774,188.644,278.502,0.0
2026-08-29 20:15:00,6.452e-05,104732.195,6786510084.1465,1.5221,0.6035,0.3965,0.6774,188.644,278.502,0.0
2026-08-29 20:30:00,6.452e-05,104732.195,6786510084.1465,1.5221,0.6035,0.3965,0.6774,188.644,278.502,0.0
2026-08-29 20:45:00,6.452e-05,104732.195,6786510084.1465,1.5221,0.6035,0.3965,0.6774,188.644,278.502,0.0
2026-08-29 21:00:00,6.452e-05,104732.195,6786510084.1465,1.5221,0.6035,0.3965,0.6774,188.644,278.502,0.0
2026-08-29 21:15:00,6.452e-05,104732.195,6786510084.1465,1.5221,0.6035,0.3965,0.6774,188.644,278.502,0.0
2026-08-29 21:30:00,6.452e-05,104732.195,6786510084.1465,1.5221,0.6035,0.3965,0.6774,188.644,278.502,0.0
2026-08-29 21:45:00,6.452e-05,104732.195,6786510084.1465,1.5221,0.6035,0.3965,0.6774,188.644,278.502,0.0
2026-08-29 22:00:00,6.452e-05,104732.195,6786510084.1465,1.5221,0.6035,0.3965,0.6774,188.644,278.502,0.0
2026-08-29 22:15:00,6.452e-05,104732.195,6786510084.1465,1.5221,0.6035,0.3965,0.6774,188.644,278.502,0.0
2026-08-29 22:30:00,6.452e-05,104732.195,6786510084.1465,1.5221,0.6035,0.3965,0.6774,188.644,278.502,0.0
2026-08-29 22:45:00,6.452e-05,104732.195,6786510084.1465,1.5221,0.6035,0.3965,0.6774,188.644,278.502,0.0
2026-08-29 23:00:00,6.452e-05,104732.195,6786510084.1465,1.5221,0.6035,0.3965,0.6774,188.644,278.502,0.0
2026-08-29 23:15:00,6.452e-05,104732.195,6786510084.1465,1.5221,0.6035,0.3965,0.6774,188.644,278.502,0.0
2026-08-29 23:30:00,6.452e-05,104732.195,6786510084.1465,1.5221,0.6035,0.3965,0.6774,188.644,278.502,0.0
2026-08-29 23:45:00,6.452e-05,104732.195,6786510084.1465,1.5221,0.6035,0.3965,0.6774,188.644,278.502,0.0
2026-08-30 00:00:00,6.452e-05,104732.195,6786510084.1465,1.5221,0.6035,0.3965,0.6774,188.644,278.502,0.0
2026-08-30 00:15:00,6.452e-05,104732.195,6786510084.1465,1.5221,0.6035,0.3965,0.6774,188.644,278.502,0.0
2026-08-30 00:30:00,6.452e-05,104732.195,6786510084.1465,1.5221,0.6035,0.3965,0.6774,188.644,278.502,0.0
2026-08-30 00:45:00,6.452e-05,104732.195,6786510084.1465,1.5221,0.6035,0.3965,0.6774,188.644,278.502,0.0
2026-08-30 01:00:00,6.452e-05,104732.195,6786510084.1465,1.5221,0.6035,0.3965,0.6774,188.644,278.502,0.0
2026-08-30 01:15:00,6.452e-05,104732.195,6786510084.1465,1.5221,0.6035,0.3965,0.6774,188.644,278.502,0.0
2026-08-30 01:30:00,6.452e-05,104732.195,6786510084.1465,1.5221,0.6035,0.3965,0.6774,188.644,278.502,0.0
2026-08-30 01:45:00,6.452e-05,104732.195,6786510084.1465,1.5221,0.6035,0.3965,0.6774,188.644,278.502,0.0
2026-08-30 02:00:00,6.452e-05,104732.195,6786510084.1465,1.5221,0.6035,0.3965,0.6774,188.644,278.502,0.0
2026-08-30 02:15:00,6.452e-05,104732.195,6786510084.1465,1.5221,0.6035,0.3965,0.6774,188.644,278.502,0.0
2026-08-30 02:30:00,6.452e-05,104732.195,6786510084.1465,1.5221,0.6035,0.3965,0.6774,188.644,278.502,0.0
2026-08-30 02:45:00,6.452e-05,104732.195,6786510084.1465,1.5221,0.6035,0.3965,0.6774,188.644,278.502,0.0
2026-08-30 03:00:00,6.452e-05,104732.195,6786510084.1465,1.5221,0.6035,0.3965,0.6774,188.644,278.502,0.0
2026-08-30 03:15:00,6.452e-05,104732.195,6786510084.1465,1.5221,0.6035,0.3965,0.6774,188.644,278.502,0.0
2026-08-30 03:30:00,6.452e-05,104732.195,6786510084.1465,1.5221,0.6035,0.3965,0.6774,188.644,278.502,0.0
2026-08-30 03:45:00,6.452e-05,104732.195,6786510084.1465,1.5221,0.6035,0.3965,0.6774,188.644,278.502,0.0
2026-08-30 04:00:00,6.452e-05,104732.195,6786510084.1465,1.5221,0.6035,0.3965,0.6774,188.644,278.502,0.0
2026-08-30 04:15:00,6.452e-05,104732.195,6786510084.1465,1.5221,0.6035,0.3965,0.6774,188.644,278.502,0.0
2026-08-30 04:30:00,6.452e-05,104732.195,6786510084.1465,1.5221,0.6035,0.3965,0.6774,188.644,278.502,0.0
2026-08-30 04:45:00,6.452e-05,104732.195,6786510084.1465,1.5221,0.6035,0.3965,0.6774,188.644,278.502,0.0
2026-08-30 05:00:00,6.452e-05,104732.195,6786510084.1465,1.5221,0.6035,0.3965,0.6774,188.644,278.502,0.0
2026-08-30 05:15:00,6.452e-05,104732.195,6786510084.1465,1.5221,0.6035,0.3965,0.6774,188.644,278.502,0.0
2026-08-30 05:30:00,6.452e-05,104732.195,6786510084.1465,1.5221,0.6035,0.3965,0.6774,188.644,278.502,0.0
2026-08-30 05:45:00,6.452e-05,104732.195,6786510084.1465,1.5221,0.6035,0.3965,0.6774,188.644,278.502,0.0
2026-08-30 06:00:00,6.452e-05,104732.195,6786510084.1465,1.5221,0.6035,0.3965,0.6774,188.644,278.502,0.0
2026-08-30 06:15:00,6.452e-05,104732.195,6786510084.1465,1.5221,0.6035,0.3965,0.6774,188.644,278.502,0.0
2026-08-30 06:30:00,6.452e-05,104732.195,6786510084.1465,1.5221,0.6035,0.3965,0.6774,188.644,278.502,0.0
2026-08-30 06:45:00,6.452e-05,104732.195,6786510084.1465,1.5221,0.6035,0.3965,0.6774,188.644,278.502,0.0
2026-08-30 07:00:00,6.452e-05,104732.195,6786510084.1465,1.5221,0.6035,0.3965,0.6774,188.644,278.502,0.0
2026-08-30 07:15:00,6.452e-05,104732.195,6786510084.1465,1.5221,0.6035,0.3965,0.6774,188.644,278.502,0.0
2026-08-30 07:30:00,6.452e-05,104732.195,6786510084.1465,1.5221,0.6035,0.3965,0.6774,188.644,278.502,0.0
2026-08-30 07:45:00,6.452e-05,104732.195,6786510084.1465,1.5221,0.6035,0.3965,0.6774,188.644,278.502,0.0
2026-08-30 08:00:00,6.452e-05,104732.195,6786510084.1465,1.5221,0.6035,0.3965,0.6774,188.644,278.502,0.0
2026-08-30 08:15:00,6.452e-05,104732.195,6786510084.1465,1.5221,0.6035,0.3965,0.6774,188.644,278.502,0.0
2026-08-30 08:30:00,6.452e-05,104732.195,6786510084.1465,1.5221,0.6035,0.3965,0.6774,188.644,278.502,0.0
2026-08-30 08:45:00,6.452e-05,104732.195,6786510084.1465,1.5221,0.6035,0.3965,0.6774,188.644,278.502,0.0
2026-08-30 09:00:00,6.452e-05,104732.195,6786510084.1465,1.5221,0.6035,0.3965,0.6774,188.644,278.502,0.0
2026-08-30 09:15:00,6.452e-05,104732.195,6786510084.1465,1.5221,0.6035,0.3965,0.6774,188.644,278.502,0.0
2026-08-30 09:30:00,6.452e-05,104732.195,6786510084.1465,1.5221,0.6035,0.3965,0.6774,188.644,278.502,0.0
2026-08-30 09:45:00,6.452e-05,104732.195,6786510084.1465,1.5221,0.6035,0.3965,0.6774,188.644,278.502,0.0
2026-08-30 10:00:00,6.452e-05,104732.195,6786510084.1465,1.5221,0.6035,0.3965,0.6774,188.644,278.502,0.0
2026-08-30 10:15:00,6.452e-05,104732.195,6786510084.1465,1.5221,0.6035,0.3965,0.6774,188.644,278.502,0.0
2026-08-30 10:30:00,6.452e-05,104732.195,6786510084.1465,1.5221,0.6035,0.3965,0.6774,188.644,278.502,0.0
2026-08-30 10:45:00,6.452e-05,104732.195,6786510084.1465,1.5221,0.6035,0.3965,0.6774,188.644,278.502,0.0
2026-08-30 11:00:00,6.452e-05,104732.195,6786510084.1465,1.5221,0.6035,0.3965,0.6774,188.644,278.502,0.0
2026-08-30 11:15:00,6.452e-05,104732.195,6786510084.1465,1.5221,0.6035,0.3965,0.6774,188.644,278.502,0.0
2026-08-30 11:30:00,6.452e-05,104732.195,6786510084.1465,1.5221,0.6035,0.3965,0.6774,188.644,278.502,0.0
2026-08-30 11:45:00,6.452e-05,104732.195,6786510084.1465,1.5221,0.6035,0.3965,0.6774,188.644,278.502,0.0
2026-08-30 12:00:00,6.452e-05,104732.195,6786510084.1465,1.5221,0.6035,0.3965,0.6774,188.644,278.502,0.0
2026-08-30 12:15:00,6.452e-05,104732.195,6786510084.1465,1.5221,0.6035,0.3965,0.6774,188.644,278.502,0.0
2026-08-30 12:30:00,6.452e-05,104732.195,6786510084.1465,1.5221,0.6035,0.3965,0.6774,188.644,278.502,0.0
2026-08-30 12:45:00,6.452e-05,104732.195,6786510084.1465,1.5221,0.6035,0.3965,0.6774,188.644,278.502,0.0
2026-08-30 13:00:00,6.452e-05,104732.195,6786510084.1465,1.5221,0.6035,0.3965,0.6774,188.644,278.502,0.0
2026-08-30 13:15:00,6.452e-05,104732.195,6786510084.1465,1.5221,0.6035,0.3965,0.6774,188.644,278.502,0.0
2026-08-30 13:30:00,6.452e-05,104732.195,6786510084.1465,1.5221,0.6035,0.3965,0.6774,188.644,278.502,0.0
2026-08-30 13:45:00,6.452e-05,104732.195,6786510084.1465,1.5221,0.6035,0.3965,0.6774,188.644,278.502,0.0
2026-08-30 14:00:00,6.452e-05,104732.195,6786510084.1465,1.5221,0.6035,0.3965,0.6774,188.644,278.502,0.0
2026-08-30 14:15:00,6.452e-05,104732.195,6786510084.1465,1.5221,0.6035,0.3965,0.6774,188.644,278.502,0.0
2026-08-30 14:30:00,6.452e-05,104732.195,6786510084.1465,1.5221,0.6035,0.3965,0.6774,188.644,278.502,0.0
2026-08-30 14:45:00,6.452e-05,104732.195,6786510084.1465,1.5221,0.6035,0.3965,0.6774,188.644,278.502,0.0
2026-08-30 15:00:00,6.452e-05,104732.195,6786510084.1465,1.5221,0.6035,0.3965,0.6774,188.644,278.502,0.0
2026-08-30 15:15:00,6.452e-05,104732.195,6786510084.1465,1.5221,0.6035,0.3965,0.6774,188.644,278.502,0.0
2026-08-30 15:30:00,6.452e-05,104732.195,6786510084.1465,1.5221,0.6035,0.3965,0.6774,188.644,278.502,0.0
2026-08-30 15:45:00,6.452e-05,104732.195,6786510084.1465,1.5221,0.6035,0.3965,0.6774,188.644,278.502,0.0
2026-08-30 16:00:00,6.452e-05,104732.195,6786510084.1465,1.5221,0.6035,0.3965,0.6774,188.644,278.502,0.0
2026-08-30 16:15:00,6.452e-05,104732.195,6786510084.1465,1.5221,0.6035,0.3965,0.6774,188.644,278.502,0.0
2026-08-30 16:30:00,6.452e-05,104732.195,6786510084.1465,1.5221,0.6035,0.3965,0.6774,188.644,278.502,0.0
2026-08-30 16:45:00,6.452e-05,104732.195,6786510084.1465,1.5221,0.6035,0.3965,0.6774,188.644,278.502,0.0
2026-08-30 17:00:00,6.452e-05,104732.195,6786510084.1465,1.5221,0.6035,0.3965,0.6774,188.644,278.502,0.0
2026-08-30 17:15:00,6.452e-05,104732.195,6786510084.1465,1.5221,0.6035,0.3965,0.6774,188.644,278.502,0.0
2026-08-30 17:30:00,6.452e-05,104732.195,6786510084.1465,1.5221,0.6035,0.3965,0.6774,188.644,278.502,0.0
2026-08-30 17:45:00,6.452e-05,104732.195,6786510084.1465,1.5221,0.6035,0.3965,0.6774,188.644,278.502,0.0
2026-08-30 18:00:00,6.452e-05,104732.195,6786510084.1465,1.5221,0.6035,0.3965,0.6774,188.644,278.502,0.0
2026-08-30 18:15:00,6.452e-05,104732.195,6786510084.1465,1.5221,0.6035,0.3965,0.6774,188.644,278.502,0.0
2026-08-30 18:30:00,6.452e-05,104732.195,6786510084.1465,1.5221,0.6035,0.3965,0.6774,188.644,278.502,0.0
2026-08-30 18:45:00,6.452e-05,104732.195,6786510084.1465,1.5221,0.6035,0.3965,0.6774,188.644,278.502,0.0
2026-08-30 19:00:00,6.452e-05,104732.195,6786510084.1465,1.5221,0.6035,0.3965,0.6774,188.644,278.502,0.0
2026-08-30 19:15:00,6.452e-05,104732.195,6786510084.1465,1.5221,0.6035,0.3965,0.6774,188.644,278.502,0.0
2026-08-30 19:30:00,6.452e-05,104732.195,6786510084.1465,1.5221,0.6035,0.3965,0.6774,188.644,278.502,0.0
2026-08-30 19:45:00,6.452e-05,104732.195,6786510084.1465,1.5221,0.6035,0.3965,0.6774,188.644,278.502,0.0
2026-08-30 20:00:00,6.452e-05,104732.195,6786510084.1465,1.5221,0.6035,0.3965,0.6774,188.644,278.502,0.0
2026-08-30 20:15:00,6.452e-05,104732.195,6786510084.1465,1.5221,0.6035,0.3965,0.6774,188.644,278.502,0.0
2026-08-30 20:30:00,6.452e-05,104732.195,6786510084.1465,1.5221,0.6035,0.3965,0.6774,188.644,278.502,0.0
2026-08-30 20:45:00,6.452e-05,104732.195,6786510084.1465,1.5221,0.6035,0.3965,0.6774,188.644,278.502,0.0
2026-08-30 21:00:00,6.452e-05,104732.195,6786510084.1465,1.5221,0.6035,0.3965,0.6774,188.644,278.502,0.0
2026-08-30 21:15:00,6.452e-05,104732.195,6786510084.1465,1.5221,0.6035,0.3965,0.6774,188.644,278.502,0.0
2026-08-30 21:30:00,6.452e-05,104732.195,6786510084.1465,1.5221,0.6035,0.3965,0.6774,188.644,278.502,0.0
2026-08-30 21:45:00,6.452e-05,104732.195,6786510084.1465,1.5221,0.6035,0.3965,0.6774,188.644,278.502,0.0
2026-08-30 22:00:00,6.452e-05,104732.195,6786510084.1465,1.5221,0.6035,0.3965,0.6774,188.644,278.502,0.0
2026-08-30 22:15:00,6.452e-05,104732.195,6786510084.1465,1.5221,0.6035,0.3965,0.6774,188.644,278.502,0.0
2026-08-30 22:30:00,6.452e-05,104732.195,6786510084.1465,1.5221,0.6035,0.3965,0.6774,188.644,278.502,0.0
2026-08-30 22:45:00,6.452e-05,104732.195,6786510084.1465,1.5221,0.6035,0.3965,0.6774,188.644,278.502,0.0
2026-08-30 23:00:00,6.452e-05,104732.195,6786510084.1465,1.5221,0.6035,0.3965,0.6774,188.644,278.502,0.0
2026-08-30 23:15:00,6.452e-05,104732.195,6786510084.1465,1.5221,0.6035,0.3965,0.6774,188.644,278.502,0.0
2026-08-30 23:30:00,6.452e-05,104732.195,6786510084.1465,1.5221,0.6035,0.3965,0.6774,188.644,278.502,0.0
2026-08-30 23:45:00,6.452e-05,104732.195,6786510084.1465,1.5221,0.6035,0.3965,0.6774,188.644,278.502,0.0
2026-08-31 00:00:00,6.452e-05,104732.195,6786510084.1465,1.5221,0.6035,0.3965,0.6774,188.644,278.502,0.0
2026-08-31 00:15:00,6.452e-05,104732.195,6786510084.1465,1.5221,0.6035,0.3965,0.6774,188.644,278.502,0.0
2026-08-31 00:30:00,6.452e-05,104732.195,6786510084.1465,1.5221,0.6035,0.3965,0.6774,188.644,278.502,0.0
2026-08-31 00:45:00,6.452e-05,104732.195,6786510084.1465,1.5221,0.6035,0.3965,0.6774,188.644,278.502,0.0
2026-08-31 01:00:00,6.452e-05,104732.195,6786510084.1465,1.5221,0.6035,0.3965,0.6774,188.644,278.502,0.0
2026-08-31 01:15:00,6.452e-05,104732.195,6786510084.1465,1.5221,0.6035,0.3965,0.6774,188.644,278.502,0.0
2026-08-31 01:30:00,6.452e-05,104732.195,6786510084.1465,1.5221,0.6035,0.3965,0.6774,188.644,278.502,0.0
2026-08-31 01:45:00,6.452e-05,104732.195,6786510084.1465,1.5221,0.6035,0.3965,0.6774,188.644,278.502,0.0
2026-08-31 02:00:00,6.452e-05,104732.195,6786510084.1465,1.5221,0.6035,0.3965,0.6774,188.644,278.502,0.0
2026-08-31 02:15:00,6.452e-05,104732.195,6786510084.1465,1.5221,0.6035,0.3965,0.6774,188.644,278.502,0.0
2026-08-31 02:30:00,6.452e-05,104732.195,6786510084.1465,1.5221,0.6035,0.3965,0.6774,188.644,278.502,0.0
2026-08-31 02:45:00,6.452e-05,104732.195,6786510084.1465,1.5221,0.6035,0.3965,0.6774,188.644,278.502,0.0
2026-08-31 03:00:00,6.452e-05,104732.195,6786510084.1465,1.5221,0.6035,0.3965,0.6774,188.644,278.502,0.0
2026-08-31 03:15:00,6.452e-05,104732.195,6786510084.1465,1.5221,0.6035,0.3965,0.6774,188.644,278.502,0.0
2026-08-31 03:30:00,6.452e-05,104732.195,6786510084.1465,1.5221,0.6035,0.3965,0.6774,188.644,278.502,0.0
2026-08-31 03:45:00,6.452e-05,104732.195,6786510084.1465,1.5221,0.6035,0.3965,0.6774,188.644,278.502,0.0
2026-08-31 04:00:00,6.452e-05,104732.195,6786510084.1465,1.5221,0.6035,0.3965,0.6774,188.644,278.502,0.0
2026-08-31 04:15:00,6.452e-05,104732.195,6786510084.1465,1.5221,0.6035,0.3965,0.6774,188.644,278.502,0.0
2026-08-31 04:30:00,6.452e-05,104732.195,6786510084.1465,1.5221,0.6035,0.3965,0.6774,188.644,278.502,0.0
2026-08-31 04:45:00,6.452e-05,104732.195,6786510084.1465,1.5221,0.6035,0.3965,0.6774,188.644,278.502,0.0
2026-08-31 05:00:00,6.452e-05,104732.195,6786510084.1465,1.5221,0.6035,0.3965,0.6774,188.644,278.502,0.0
2026-08-31 05:15:00,6.452e-05,104732.195,6786510084.1465,1.5221,0.6035,0.3965,0.6774,188.644,278.502,0.0
2026-08-31 05:30:00,6.452e-05,104732.195,6786510084.1465,1.5221,0.6035,0.3965,0.6774,188.644,278.502,0.0
2026-08-31 05:45:00,6.452e-05,104732.195,6786510084.1465,1.5221,0.6035,0.3965,0.6774,188.644,278.502,0.0
2026-08-31 06:00:00,6.452e-05,104732.195,6786510084.1465,1.5221,0.6035,0.3965,0.6774,188.644,278.502,0.0
2026-08-31 06:15:00,6.452e-05,104732.195,6786510084.1465,1.5221,0.6035,0.3965,0.6774,188.644,278.502,0.0
2026-08-31 06:30:00,6.452e-05,104732.195,6786510084.1465,1.5221,0.6035,0.3965,0.6774,188.644,278.502,0.0
2026-08-31 06:45:00,6.452e-05,104732.195,6786510084.1465,1.5221,0.6035,0.3965,0.6774,188.644,278.502,0.0
2026-08-31 07:00:00,6.452e-05,104732.195,6786510084.1465,1.5221,0.6035,0.3965,0.6774,188.644,278.502,0.0
2026-08-31 07:15:00,6.452e-05,104732.195,6786510084.1465,1.5221,0.6035,0.3965,0.6774,188.644,278.502,0.0
2026-08-31 07:30:00,6.452e-05,104732.195,6786510084.1465,1.5221,0.6035,0.3965,0.6774,188.644,278.502,0.0
2026-08-31 07:45:00,6.452e-05,104732.195,6786510084.1465,1.5221,0.6035,0.3965,0.6774,188.644,278.502,0.0
2026-08-31 08:00:00,6.452e-05,104732.195,6786510084.1465,1.5221,0.6035,0.3965,0.6774,188.644,278.502,0.0
2026-08-31 08:15:00,6.452e-05,104732.195,6786510084.1465,1.5221,0.6035,0.3965,0.6774,188.644,278.502,0.0
2026-08-31 08:30:00,6.452e-05,104732.195,6786510084.1465,1.5221,0.6035,0.3965,0.6774,188.644,278.502,0.0
2026-08-31 08:45:00,6.452e-05,104732.195,6786510084.1465,1.5221,0.6035,0.3965,0.6774,188.644,278.502,0.0
2026-08-31 09:00:00,6.452e-05,104732.195,6786510084.1465,1.5221,0.6035,0.3965,0.6774,188.644,278.502,0.0
2026-08-31 09:15:00,6.452e-05,104732.195,6786510084.1465,1.5221,0.6035,0.3965,0.6774,188.644,278.502,0.0
2026-08-31 09:30:00,6.452e-05,104732.195,6786510084.1465,1.5221,0.6035,0.3965,0.6774,188.644,278.502,0.0
2026-08-31 09:45:00,6.452e-05,104732.195,6786510084.1465,1.5221,0.6035,0.3965,0.6774,188.644,278.502,0.0
2026-08-31 10:00:00,6.452e-05,104732.195,6786510084.1465,1.5221,0.6035,0.3965,0.6774,188.644,278.502,0.0
2026-08-31 10:15:00,6.452e-05,104732.195,6786510084.1465,1.5221,0.6035,0.3965,0.6774,188.644,278.502,0.0
2026-08-31 10:30:00,6.452e-05,104732.195,6786510084.1465,1.5221,0.6035,0.3965,0.6774,188.644,278.502,0.0
2026-08-31 10:45:00,6.452e-05,104732.195,6786510084.1465,1.5221,0.6035,0.3965,0.6774,188.644,278.502,0.0
2026-08-31 11:00:00,6.452e-05,104732.195,6786510084.1465,1.5221,0.6035,0.3965,0.6774,188.644,278.502,0.0
2026-08-31 11:15:00,6.452e-05,104732.195,6786510084.1465,1.5221,0.6035,0.3965,0.6774,188.644,278.502,0.0
2026-08-31 11:30:00,6.452e-05,104732.195,6786510084.1465,1.5221,0.6035,0.3965,0.6774,188.644,278.502,0.0
2026-08-31 11:45:00,6.452e-05,104732.195,6786510084.1465,1.5221,0.6035,0.3965,0.6774,188.644,278.502,0.0
2026-08-31 12:00:00,6.452e-05,104732.195,6786510084.1465,1.5221,0.6035,0.3965,0.6774,188.644,278.502,0.0
2026-08-31 12:15:00,6.452e-05,104732.195,6786510084.1465,1.5221,0.6035,0.3965,0.6774,188.644,278.502,0.0
2026-08-31 12:30:00,6.452e-05,104732.195,6786510084.1465,1.5221,0.6035,0.3965,0.6774,188.644,278.502,0.0
2026-08-31 12:45:00,6.452e-05,104732.195,6786510084.1465,1.5221,0.6035,0.3965,0.6774,188.644,278.502,0.0
2026-08-31 13:00:00,6.452e-05,104732.195,6786510084.1465,1.5221,0.6035,0.3965,0.6774,188.644,278.502,0.0
2026-08-31 13:15:00,6.452e-05,104732.195,6786510084.1465,1.5221,0.6035,0.3965,0.6774,188.644,278.502,0.0
2026-08-31 13:30:00,6.452e-05,104732.195,6786510084.1465,1.5221,0.6035,0.3965,0.6774,188.644,278.502,0.0
2026-08-31 13:45:00,6.452e-05,104732.195,6786510084.1465,1.5221,0.6035,0.3965,0.6774,188.644,278.502,0.0
2026-08-31 14:00:00,6.452e-05,104732.195,6786510084.1465,1.5221,0.6035,0.3965,0.6774,188.644,278.502,0.0
2026-08-31 14:15:00,6.452e-05,104732.195,6786510084.1465,1.5221,0.6035,0.3965,0.6774,188.644,278.502,0.0
2026-08-31 14:30:00,6.452e-05,104732.195,6786510084.1465,1.5221,0.6035,0.3965,0.6774,188.644,278.502,0.0
2026-08-31 14:45:00,6.452e-05,104732.195,6786510084.1465,1.5221,0.6035,0.3965,0.6774,188.644,278.502,0.0
2026-08-31 15:00:00,6.452e-05,104732.195,6786510084.1465,1.5221,0.6035,0.3965,0.6774,188.644,278.502,0.0
2026-08-31 15:15:00,6.452e-05,104732.195,6786510084.1465,1.5221,0.6035,0.3965,0.6774,188.644,278.502,0.0
2026-08-31 15:30:00,6.452e-05,104732.195,6786510084.1465,1.5221,0.6035,0.3965,0.6774,188.644,278.502,0.0
2026-08-31 15:45:00,6.452e-05,104732.195,6786510084.1465,1.5221,0.6035,0.3965,0.6774,188.644,278.502,0.0
2026-08-31 16:00:00,6.452e-05,104732.195,6786510084.1465,1.5221,0.6035,0.3965,0.6774,188.644,278.502,0.0
2026-08-31 16:15:00,6.452e-05,104732.195,6786510084.1465,1.5221,0.6035,0.3965,0.6774,188.644,278.502,0.0
2026-08-31 16:30:00,6.452e-05,104732.195,6786510084.1465,1.5221,0.6035,0.3965,0.6774,188.644,278.502,0.0
2026-08-31 16:45:00,6.452e-05,104732.195,6786510084.1465,1.5221,0.6035,0.3965,0.6774,188.644,278.502,0.0
2026-08-31 17:00:00,6.452e-05,104732.195,6786510084.1465,1.5221,0.6035,0.3965,0.6774,188.644,278.502,0.0
2026-08-31 17:15:00,6.452e-05,104732.195,6786510084.1465,1.5221,0.6035,0.3965,0.6774,188.644,278.502,0.0
2026-08-31 17:30:00,6.452e-05,104732.195,6786510084.1465,1.5221,0.6035,0.3965,0.6774,188.644,278.502,0.0
2026-08-31 17:45:00,6.452e-05,104732.195,6786510084.1465,1.5221,0.6035,0.3965,0.6774,188.644,278.502,0.0
2026-08-31 18:00:00,6.452e-05,104732.195,6786510084.1465,1.5221,0.6035,0.3965,0.6774,188.644,278.502,0.0
2026-08-31 18:15:00,6.452e-05,104732.195,6786510084.1465,1.5221,0.6035,0.3965,0.6774,188.644,278.502,0.0
2026-08-31 18:30:00,6.452e-05,104732.195,6786510084.1465,1.5221,0.6035,0.3965,0.6774,188.644,278.502,0.0
2026-08-31 18:45:00,6.452e-05,104732.195,6786510084.1465,1.5221,0.6035,0.3965,0.6774,188.644,278.502,0.0
2026-08-31 19:00:00,6.452e-05,104732.195,6786510084.1465,1.5221,0.6035,0.3965,0.6774,188.644,278.502,0.0
2026-08-31 19:15:00,6.452e-05,104732.195,6786510084.1465,1.5221,0.6035,0.3965,0.6774,188.644,278.502,0.0
2026-08-31 19:30:00,6.452e-05,104732.195,6786510084.1465,1.5221,0.6035,0.3965,0.6774,188.644,278.502,0.0
2026-08-31 19:45:00,6.452e-05,104732.195,6786510084.1465,1.5221,0.6035,0.3965,0.6774,188.644,278.502,0.0
2026-08-31 20:00:00,6.452e-05,104732.195,6786510084.1465,1.5221,0.6035,0.3965,0.6774,188.644,278.502,0.0
2026-08-31 20:15:00,6.452e-05,104732.195,6786510084.1465,1.5221,0.6035,0.3965,0.6774,188.644,278.502,0.0
2026-08-31 20:30:00,6.452e-05,104732.195,6786510084.1465,1.5221,0.6035,0.3965,0.6774,188.644,278.502,0.0
2026-08-31 20:45:00,6.452e-05,104732.195,6786510084.1465,1.5221,0.6035,0.3965,0.6774,188.644,278.502,0.0
2026-08-31 21:00:00,6.452e-05,104732.195,6786510084.1465,1.5221,0.6035,0.3965,0.6774,188.644,278.502,0.0
2026-08-31 21:15:00,6.452e-05,104732.195,6786510084.1465,1.5221,0.6035,0.3965,0.6774,188.644,278.502,0.0
2026-08-31 21:30:00,6.452e-05,104732.195,6786510084.1465,1.5221,0.6035,0.3965,0.6774,188.644,278.502,0.0
2026-08-31 21:45:00,6.452e-05,104732.195,6786510084.1465,1.5221,0.6035,0.3965,0.6774,188.644,278.502,0.0
2026-08-31 22:00:00,6.452e-05,104732.195,6786510084.1465,1.5221,0.6035,0.3965,0.6774,188.644,278.502,0.0
2026-08-31 22:15:00,6.452e-05,104732.195,6786510084.1465,1.5221,0.6035,0.3965,0.6774,188.644,278.502,0.0
2026-08-31 22:30:00,6.452e-05,104732.195,6786510084.1465,1.5221,0.6035,0.3965,0.6774,188.644,278.502,0.0
2026-08-31 22:45:00,6.452e-05,104732.195,6786510084.1465,1.5221,0.6035,0.3965,0.6774,188.644,278.502,0.0
2026-08-31 23:00:00,6.452e-05,104732.195,6786510084.1465,1.5221,0.6035,0.3965,0.6774,188.644,278.502,0.0
2026-08-31 23:15:00,6.452e-05,104732.195,6786510084.1465,1.5221,0.6035,0.3965,0.6774,188.644,278.502,0.0
2026-08-31 23:30:00,6.452e-05,104732.195,6786510084.1465,1.5221,0.6035,0.3965,0.6774,188.644,278.502,0.0
2026-08-31 23:45:00,6.452e-05,104732.195,6786510084.1465,1.5221,0.6035,0.3965,0.6774,188.644,278.502,0.0
2026-09-01 00:00:00,6.452e-05,104732.195,6786510084.1465,1.5221,0.6035,0.3965,0.6774,188.644,278.502,0.0
2026-09-01 00:15:00,6.452e-05,104732.195,6786510084.1465,1.5221,0.6035,0.3965,0.6774,188.644,278.502,0.0
2026-09-01 00:30:00,6.452e-05,104732.195,6786510084.1465,1.5221,0.6035,0.3965,0.6774,188.644,278.502,0.0
2026-09-01 00:45:00,6.452e-05,104732.195,6786510084.1465,1.5221,0.6035,0.3965,0.6774,188.644,278.502,0.0
2026-09-01 01:00:00,6.452e-05,104732.195,6786510084.1465,1.5221,0.6035,0.3965,0.6774,188.644,278.502,0.0
2026-09-01 01:15:00,6.452e-05,104732.195,6786510084.1465,1.5221,0.6035,0.3965,0.6774,188.644,278.502,0.0
2026-09-01 01:30:00,6.452e-05,104732.195,6786510084.1465,1.5221,0.6035,0.3965,0.6774,188.644,278.502,0.0
2026-09-01 01:45:00,6.452e-05,104732.195,6786510084.1465,1.5221,0.6035,0.3965,0.6774,188.644,278.502,0.0
2026-09-01 02:00:00,6.452e-05,104732.195,6786510084.1465,1.5221,0.6035,0.3965,0.6774,188.644,278.502,0.0
2026-09-01 02:15:00,6.452e-05,104732.195,6786510084.1465,1.5221,0.6035,0.3965,0.6774,188.644,278.502,0.0
2026-09-01 02:30:00,6.452e-05,104732.195,6786510084.1465,1.5221,0.6035,0.3965,0.6774,188.644,278.502,0.0
2026-09-01 02:45:00,6.452e-05,104732.195,6786510084.1465,1.5221,0.6035,0.3965,0.6774,188.644,278.502,0.0
2026-09-01 03:00:00,6.452e-05,104732.195,6786510084.1465,1.5221,0.6035,0.3965,0.6774,188.644,278.502,0.0
2026-09-01 03:15:00,6.452e-05,104732.195,6786510084.1465,1.5221,0.6035,0.3965,0.6774,188.644,278.502,0.0
2026-09-01 03:30:00,6.452e-05,104732.195,6786510084.1465,1.5221,0.6035,0.3965,0.6774,188.644,278.502,0.0
2026-09-01 03:45:00,6.452e-05,104732.195,6786510084.1465,1.5221,0.6035,0.3965,0.6774,188.644,278.502,0.0
2026-09-01 04:00:00,6.452e-05,104732.195,6786510084.1465,1.5221,0.6035,0.3965,0.6774,188.644,278.502,0.0
2026-09-01 04:15:00,6.452e-05,104732.195,6786510084.1465,1.5221,0.6035,0.3965,0.6774,188.644,278.502,0.0
2026-09-01 04:30:00,6.452e-05,104732.195,6786510084.1465,1.5221,0.6035,0.3965,0.6774,188.644,278.502,0.0
2026-09-01 04:45:00,6.452e-05,104732.195,6786510084.1465,1.5221,0.6035,0.3965,0.6774,188.644,278.502,0.0
2026-09-01 05:00:00,6.452e-05,104732.195,6786510084.1465,1.5221,0.6035,0.3965,0.6774,188.644,278.502,0.0
2026-09-01 05:15:00,6.452e-05,104732.195,6786510084.1465,1.5221,0.6035,0.3965,0.6774,188.644,278.502,0.0
2026-09-01 05:30:00,6.452e-05,104732.195,6786510084.1465,1.5221,0.6035,0.3965,0.6774,188.644,278.502,0.0
2026-09-01 05:45:00,6.452e-05,104732.195,6786510084.1465,1.5221,0.6035,0.3965,0.6774,188.644,278.502,0.0
2026-09-01 06:00:00,6.452e-05,104732.195,6786510084.1465,1.5221,0.6035,0.3965,0.6774,188.644,278.502,0.0
2026-09-01 06:15:00,6.452e-05,104732.195,6786510084.1465,1.5221,0.6035,0.3965,0.6774,188.644,278.502,0.0
2026-09-01 06:30:00,6.452e-05,104732.195,6786510084.1465,1.5221,0.6035,0.3965,0.6774,188.644,278.502,0.0
2026-09-01 06:45:00,6.452e-05,104732.195,6786510084.1465,1.5221,0.6035,0.3965,0.6774,188.644,278.502,0.0
2026-09-01 07:00:00,6.452e-05,104732.195,6786510084.1465,1.5221,0.6035,0.3965,0.6774,188.644,278.502,0.0
2026-09-01 07:15:00,6.452e-05,104732.195,6786510084.1465,1.5221,0.6035,0.3965,0.6774,188.644,278.502,0.0
2026-09-01 07:30:00,6.452e-05,104732.195,6786510084.1465,1.5221,0.6035,0.3965,0.6774,188.644,278.502,0.0
2026-09-01 07:45:00,6.452e-05,104732.195,6786510084.1465,1.5221,0.6035,0.3965,0.6774,188.644,278.502,0.0
2026-09-01 08:00:00,6.452e-05,104732.195,6786510084.1465,1.5221,0.6035,0.3965,0.6774,188.644,278.502,0.0
2026-09-01 08:15:00,6.452e-05,104732.195,6786510084.1465,1.5221,0.6035,0.3965,0.6774,188.644,278.502,0.0
2026-09-01 08:30:00,6.452e-05,104732.195,6786510084.1465,1.5221,0.6035,0.3965,0.6774,188.644,278.502,0.0
2026-09-01 08:45:00,6.452e-05,104732.195,6786510084.1465,1.5221,0.6035,0.3965,0.6774,188.644,278.502,0.0
2026-09-01 09:00:00,6.452e-05,104732.195,6786510084.1465,1.5221,0.6035,0.3965,0.6774,188.644,278.502,0.0
2026-09-01 09:15:00,6.452e-05,104732.195,6786510084.1465,1.5221,0.6035,0.3965,0.6774,188.644,278.502,0.0
2026-09-01 09:30:00,6.452e-05,104732.195,6786510084.1465,1.5221,0.6035,0.3965,0.6774,188.644,278.502,0.0
2026-09-01 09:45:00,6.452e-05,104732.195,6786510084.1465,1.5221,0.6035,0.3965,0.6774,188.644,278.502,0.0
2026-09-01 10:00:00,6.452e-05,104732.195,6786510084.1465,1.5221,0.6035,0.3965,0.6774,188.644,278.502,0.0
2026-09-01 10:15:00,6.452e-05,104732.195,6786510084.1465,1.5221,0.6035,0.3965,0.6774,188.644,278.502,0.0
2026-09-01 10:30:00,6.452e-05,104732.195,6786510084.1465,1.5221,0.6035,0.3965,0.6774,188.644,278.502,0.0
2026-09-01 10:45:00,6.452e-05,104732.195,6786510084.1465,1.5221,0.6035,0.3965,0.6774,188.644,278.502,0.0
2026-09-01 11:00:00,6.452e-05,104732.195,6786510084.1465,1.5221,0.6035,0.3965,0.6774,188.644,278.502,0.0
2026-09-01 11:15:00,6.452e-05,104732.195,6786510084.1465,1.5221,0.6035,0.3965,0.6774,188.644,278.502,0.0
2026-09-01 11:30:00,6.452e-05,104732.195,6786510084.1465,1.5221,0.6035,0.3965,0.6774,188.644,278.502,0.0
2026-09-01 11:45:00,6.452e-05,104732.195,6786510084.1465,1.5221,0.6035,0.3965,0.6774,188.644,278.502,0.0
2026-09-01 12:00:00,6.452e-05,104732.195,6786510084.1465,1.5221,0.6035,0.3965,0.6774,188.644,278.502,0.0
2026-09-01 12:15:00,6.452e-05,104732.195,6786510084.1465,1.5221,0.6035,0.3965,0.6774,188.644,278.502,0.0
2026-09-01 12:30:00,6.452e-05,104732.195,6786510084.1465,1.5221,0.6035,0.3965,0.6774,188.644,278.502,0.0
2026-09-01 12:45:00,6.452e-05,104732.195,6786510084.1465,1.5221,0.6035,0.3965,0.6774,188.644,278.502,0.0
2026-09-01 13:00:00,6.452e-05,104732.195,6786510084.1465,1.5221,0.6035,0.3965,0.6774,188.644,278.502,0.0
2026-09-01 13:15:00,6.452e-05,104732.195,6786510084.1465,1.5221,0.6035,0.3965,0.6774,188.644,278.502,0.0
2026-09-01 13:30:00,6.452e-05,104732.195,6786510084.1465,1.5221,0.6035,0.3965,0.6774,188.644,278.502,0.0
2026-09-01 13:45:00,6.452e-05,104732.195,6786510084.1465,1.5221,0.6035,0.3965,0.6774,188.644,278.502,0.0
2026-09-01 14:00:00,6.452e-05,104732.195,6786510084.1465,1.5221,0.6035,0.3965,0.6774,188.644,278.502,0.0
2026-09-01 14:15:00,6.452e-05,104732.195,6786510084.1465,1.5221,0.6035,0.3965,0.6774,188.644,278.502,0.0
2026-09-01 14:30:00,6.452e-05,104732.195,6786510084.1465,1.5221,0.6035,0.3965,0.6774,188.644,278.502,0.0
2026-09-01 14:45:00,6.452e-05,104732.195,6786510084.1465,1.5221,0.6035,0.3965,0.6774,188.644,278.502,0.0
2026-09-01 15:00:00,6.452e-05,104732.195,6786510084.1465,1.5221,0.6035,0.3965,0.6774,188.644,278.502,0.0
2026-09-01 15:15:00,6.452e-05,104732.195,6786510084.1465,1.5221,0.6035,0.3965,0.6774,188.644,278.502,0.0
2026-09-01 15:30:00,6.452e-05,104732.195,6786510084.1465,1.5221,0.6035,0.3965,0.6774,188.644,278.502,0.0
2026-09-01 15:45:00,6.452e-05,104732.195,6786510084.1465,1.5221,0.6035,0.3965,0.6774,188.644,278.502,0.0
2026-09-01 16:00:00,6.452e-05,104732.195,6786510084.1465,1.5221,0.6035,0.3965,0.6774,188.644,278.502,0.0
2026-09-01 16:15:00,6.452e-05,104732.195,6786510084.1465,1.5221,0.6035,0.3965,0.6774,188.644,278.502,0.0
2026-09-01 16:30:00,6.452e-05,104732.195,6786510084.1465,1.5221,0.6035,0.3965,0.6774,188.644,278.502,0.0
2026-09-01 16:45:00,6.452e-05,104732.195,6786510084.1465,1.5221,0.6035,0.3965,0.6774,188.644,278.502,0.0
2026-09-01 17:00:00,6.452e-05,104732.195,6786510084.1465,1.5221,0.6035,0.3965,0.6774,188.644,278.502,0.0
2026-09-01 17:15:00,6.452e-05,104732.195,6786510084.1465,1.5221,0.6035,0.3965,0.6774,188.644,278.502,0.0
2026-09-01 17:30:00,6.452e-05,104732.195,6786510084.1465,1.5221,0.6035,0.3965,0.6774,188.644,278.502,0.0
2026-09-01 17:45:00,6.452e-05,104732.195,6786510084.1465,1.5221,0.6035,0.3965,0.6774,188.644,278.502,0.0
2026-09-01 18:00:00,6.452e-05,104732.195,6786510084.1465,1.5221,0.6035,0.3965,0.6774,188.644,278.502,0.0
2026-09-01 18:15:00,6.452e-05,104732.195,6786510084.1465,1.5221,0.6035,0.3965,0.6774,188.644,278.502,0.0
2026-09-01 18:30:00,6.452e-05,104732.195,6786510084.1465,1.5221,0.6035,0.3965,0.6774,188.644,278.502,0.0
2026-09-01 18:45:00,6.452e-05,104732.195,6786510084.1465,1.5221,0.6035,0.3965,0.6774,188.644,278.502,0.0
2026-09-01 19:00:00,6.452e-05,104732.195,6786510084.1465,1.5221,0.6035,0.3965,0.6774,188.644,278.502,0.0
2026-09-01 19:15:00,6.452e-05,104732.195,6786510084.1465,1.5221,0.6035,0.3965,0.6774,188.644,278.502,0.0
2026-09-01 19:30:00,6.452e-05,104732.195,6786510084.1465,1.5221,0.6035,0.3965,0.6774,188.644,278.502,0.0
2026-09-01 19:45:00,6.452e-05,104732.195,6786510084.1465,1.5221,0.6035,0.3965,0.6774,188.644,278.502,0.0
2026-09-01 20:00:00,6.452e-05,104732.195,6786510084.1465,1.5221,0.6035,0.3965,0.6774,188.644,278.502,0.0
2026-09-01 20:15:00,6.452e-05,104732.195,6786510084.1465,1.5221,0.6035,0.3965,0.6774,188.644,278.502,0.0
2026-09-01 20:30:00,6.452e-05,104732.195,6786510084.1465,1.5221,0.6035,0.3965,0.6774,188.644,278.502,0.0
2026-09-01 20:45:00,6.452e-05,104732.195,6786510084.1465,1.5221,0.6035,0.3965,0.6774,188.644,278.502,0.0
2026-09-01 21:00:00,6.452e-05,104732.195,6786510084.1465,1.5221,0.6035,0.3965,0.6774,188.644,278.502,0.0
2026-09-01 21:15:00,6.452e-05,104732.195,6786510084.1465,1.5221,0.6035,0.3965,0.6774,188.644,278.502,0.0
2026-09-01 21:30:00,6.452e-05,104732.195,6786510084.1465,1.5221,0.6035,0.3965,0.6774,188.644,278.502,0.0
2026-09-01 21:45:00,6.452e-05,104732.195,6786510084.1465,1.5221,0.6035,0.3965,0.6774,188.644,278.502,0.0
2026-09-01 22:00:00,6.452e-05,104732.195,6786510084.1465,1.5221,0.6035,0.3965,0.6774,188.644,278.502,0.0
2026-09-01 22:15:00,6.452e-05,104732.195,6786510084.1465,1.5221,0.6035,0.3965,0.6774,188.644,278.502,0.0
2026-09-01 22:30:00,6.452e-05,104732.195,6786510084.1465,1.5221,0.6035,0.3965,0.6774,188.644,278.502,0.0
2026-09-01 22:45:00,6.452e-05,104732.195,6786510084.1465,1.5221,0.6035,0.3965,0.6774,188.644,278.502,0.0
2026-09-01 23:00:00,6.452e-05,104732.195,6786510084.1465,1.5221,0.6035,0.3965,0.6774,188.644,278.502,0.0
2026-09-01 23:15:00,6.452e-05,104732.195,6786510084.1465,1.5221,0.6035,0.3965,0.6774,188.644,278.502,0.0
2026-09-01 23:30:00,6.452e-05,104732.195,6786510084.1465,1.5221,0.6035,0.3965,0.6774,188.644,278.502,0.0
2026-09-01 23:45:00,6.452e-05,104732.195,6786510084.1465,1.5221,0.6035,0.3965,0.6774,188.644,278.502,0.0
2026-09-02 00:00:00,6.452e-05,104732.195,6786510084.1465,1.5221,0.6035,0.3965,0.6774,188.644,278.502,0.0
2026-09-02 00:15:00,6.452e-05,104732.195,6786510084.1465,1.5221,0.6035,0.3965,0.6774,188.644,278.502,0.0
2026-09-02 00:30:00,6.452e-05,104732.195,6786510084.1465,1.5221,0.6035,0.3965,0.6774,188.644,278.502,0.0
2026-09-02 00:45:00,6.452e-05,104732.195,6786510084.1465,1.5221,0.6035,0.3965,0.6774,188.644,278.502,0.0
2026-09-02 01:00:00,6.452e-05,104732.195,6786510084.1465,1.5221,0.6035,0.3965,0.6774,188.644,278.502,0.0
2026-09-02 01:15:00,6.452e-05,104732.195,6786510084.1465,1.5221,0.6035,0.3965,0.6774,188.644,278.502,0.0
2026-09-02 01:30:00,6.452e-05,104732.195,6786510084.1465,1.5221,0.6035,0.3965,0.6774,188.644,278.502,0.0
2026-09-02 01:45:00,6.452e-05,104732.195,6786510084.1465,1.5221,0.6035,0.3965,0.6774,188.644,278.502,0.0
2026-09-02 02:00:00,6.452e-05,104732.195,6786510084.1465,1.5221,0.6035,0.3965,0.6774,188.644,278.502,0.0
2026-09-02 02:15:00,6.452e-05,104732.195,6786510084.1465,1.5221,0.6035,0.3965,0.6774,188.644,278.502,0.0
2026-09-02 02:30:00,6.452e-05,104732.195,6786510084.1465,1.5221,0.6035,0.3965,0.6774,188.644,278.502,0.0
2026-09-02 02:45:00,6.452e-05,104732.195,6786510084.1465,1.5221,0.6035,0.3965,0.6774,188.644,278.502,0.0
2026-09-02 03:00:00,6.452e-05,104732.195,6786510084.1465,1.5221,0.6035,0.3965,0.6774,188.644,278.502,0.0
2026-09-02 03:15:00,6.452e-05,104732.195,6786510084.1465,1.5221,0.6035,0.3965,0.6774,188.644,278.502,0.0
2026-09-02 03:30:00,6.452e-05,104732.195,6786510084.1465,1.5221,0.6035,0.3965,0.6774,188.644,278.502,0.0
2026-09-02 03:45:00,6.452e-05,104732.195,6786510084.1465,1.5221,0.6035,0.3965,0.6774,188.644,278.502,0.0
2026-09-02 04:00:00,6.452e-05,104732.195,6786510084.1465,1.5221,0.6035,0.3965,0.6774,188.644,278.502,0.0
2026-09-02 04:15:00,6.452e-05,104732.195,6786510084.1465,1.5221,0.6035,0.3965,0.6774,188.644,278.502,0.0
2026-09-02 04:30:00,6.452e-05,104732.195,6786510084.1465,1.5221,0.6035,0.3965,0.6774,188.644,278.502,0.0
2026-09-02 04:45:00,6.452e-05,104732.195,6786510084.1465,1.5221,0.6035,0.3965,0.6774,188.644,278.502,0.0
2026-09-02 05:00:00,6.452e-05,104732.195,6786510084.1465,1.5221,0.6035,0.3965,0.6774,188.644,278.502,0.0
2026-09-02 05:15:00,6.452e-05,104732.195,6786510084.1465,1.5221,0.6035,0.3965,0.6774,188.644,278.502,0.0
2026-09-02 05:30:00,6.452e-05,104732.195,6786510084.1465,1.5221,0.6035,0.3965,0.6774,188.644,278.502,0.0
2026-09-02 05:45:00,6.452e-05,104732.195,6786510084.1465,1.5221,0.6035,0.3965,0.6774,188.644,278.502,0.0
2026-09-02 06:00:00,6.452e-05,104732.195,6786510084.1465,1.5221,0.6035,0.3965,0.6774,188.644,278.502,0.0
2026-09-02 06:15:00,6.452e-05,104732.195,6786510084.1465,1.5221,0.6035,0.3965,0.6774,188.644,278.502,0.0
2026-09-02 06:30:00,6.452e-05,104732.195,6786510084.1465,1.5221,0.6035,0.3965,0.6774,188.644,278.502,0.0
2026-09-02 06:45:00,6.452e-05,104732.195,6786510084.1465,1.5221,0.6035,0.3965,0.6774,188.644,278.502,0.0
2026-09-02 07:00:00,6.452e-05,104732.195,6786510084.1465,1.5221,0.6035,0.3965,0.6774,188.644,278.502,0.0
2026-09-02 07:15:00,6.452e-05,104732.195,6786510084.1465,1.5221,0.6035,0.3965,0.6774,188.644,278.502,0.0
2026-09-02 07:30:00,6.452e-05,104732.195,6786510084.1465,1.5221,0.6035,0.3965,0.6774,188.644,278.502,0.0
2026-09-02 07:45:00,6.452e-05,104732.195,6786510084.1465,1.5221,0.6035,0.3965,0.6774,188.644,278.502,0.0
2026-09-02 08:00:00,6.452e-05,104732.195,6786510084.1465,1.5221,0.6035,0.3965,0.6774,188.644,278.502,0.0
2026-09-02 08:15:00,6.452e-05,104732.195,6786510084.1465,1.5221,0.6035,0.3965,0.6774,188.644,278.502,0.0
2026-09-02 08:30:00,6.452e-05,104732.195,6786510084.1465,1.5221,0.6035,0.3965,0.6774,188.644,278.502,0.0
2026-09-02 08:45:00,6.452e-05,104732.195,6786510084.1465,1.5221,0.6035,0.3965,0.6774,188.644,278.502,0.0
2026-09-02 09:00:00,6.452e-05,104732.195,6786510084.1465,1.5221,0.6035,0.3965,0.6774,188.644,278.502,0.0
2026-09-02 09:15:00,6.452e-05,104732.195,6786510084.1465,1.5221,0.6035,0.3965,0.6774,188.644,278.502,0.0
2026-09-02 09:30:00,6.452e-05,104732.195,6786510084.1465,1.5221,0.6035,0.3965,0.6774,188.644,278.502,0.0
2026-09-02 09:45:00,6.452e-05,104732.195,6786510084.1465,1.5221,0.6035,0.3965,0.6774,188.644,278.502,0.0
2026-09-02 10:00:00,6.452e-05,104732.195,6786510084.1465,1.5221,0.6035,0.3965,0.6774,188.644,278.502,0.0
2026-09-02 10:15:00,6.452e-05,104732.195,6786510084.1465,1.5221,0.6035,0.3965,0.6774,188.644,278.502,0.0
2026-09-02 10:30:00,6.452e-05,104732.195,6786510084.1465,1.5221,0.6035,0.3965,0.6774,188.644,278.502,0.0
2026-09-02 10:45:00,6.452e-05,104732.195,6786510084.1465,1.5221,0.6035,0.3965,0.6774,188.644,278.502,0.0
2026-09-02 11:00:00,6.452e-05,104732.195,6786510084.1465,1.5221,0.6035,0.3965,0.6774,188.644,278.502,0.0
2026-09-02 11:15:00,6.452e-05,104732.195,6786510084.1465,1.5221,0.6035,0.3965,0.6774,188.644,278.502,0.0
2026-09-02 11:30:00,6.452e-05,104732.195,6786510084.1465,1.5221,0.6035,0.3965,0.6774,188.644,278.502,0.0
2026-09-02 11:45:00,6.452e-05,104732.195,6786510084.1465,1.5221,0.6035,0.3965,0.6774,188.644,278.502,0.0
2026-09-02 12:00:00,6.452e-05,104732.195,6786510084.1465,1.5221,0.6035,0.3965,0.6774,188.644,278.502,0.0
2026-09-02 12:15:00,6.452e-05,104732.195,6786510084.1465,1.5221,0.6035,0.3965,0.6774,188.644,278.502,0.0
2026-09-02 12:30:00,6.452e-05,104732.195,6786510084.1465,1.5221,0.6035,0.3965,0.6774,188.644,278.502,0.0
2026-09-02 12:45:00,6.452e-05,104732.195,6786510084.1465,1.5221,0.6035,0.3965,0.6774,188.644,278.502,0.0
2026-09-02 13:00:00,6.452e-05,104732.195,6786510084.1465,1.5221,0.6035,0.3965,0.6774,188.644,278.502,0.0
2026-09-02 13:15:00,6.452e-05,104732.195,6786510084.1465,1.5221,0.6035,0.3965,0.6774,188.644,278.502,0.0
2026-09-02 13:30:00,6.452e-05,104732.195,6786510084.1465,1.5221,0.6035,0.3965,0.6774,188.644,278.502,0.0
2026-09-02 13:45:00,6.452e-05,104732.195,6786510084.1465,1.5221,0.6035,0.3965,0.6774,188.644,278.502,0.0
2026-09-02 14:00:00,6.452e-05,104732.195,6786510084.1465,1.5221,0.6035,0.3965,0.6774,188.644,278.502,0.0
2026-09-02 14:15:00,6.452e-05,104732.195,6786510084.1465,1.5221,0.6035,0.3965,0.6774,188.644,278.502,0.0
2026-09-02 14:30:00,6.452e-05,104732.195,6786510084.1465,1.5221,0.6035,0.3965,0.6774,188.644,278.502,0.0
2026-09-02 14:45:00,6.452e-05,104732.195,6786510084.1465,1.5221,0.6035,0.3965,0.6774,188.644,278.502,0.0
2026-09-02 15:00:00,6.452e-05,104732.195,6786510084.1465,1.5221,0.6035,0.3965,0.6774,188.644,278.502,0.0
2026-09-02 15:15:00,6.452e-05,104732.195,6786510084.1465,1.5221,0.6035,0.3965,0.6774,188.644,278.502,0.0
2026-09-02 15:30:00,6.452e-05,104732.195,6786510084.1465,1.5221,0.6035,0.3965,0.6774,188.644,278.502,0.0
2026-09-02 15:45:00,6.452e-05,104732.195,6786510084.1465,1.5221,0.6035,0.3965,0.6774,188.644,278.502,0.0
2026-09-02 16:00:00,6.452e-05,104732.195,6786510084.1465,1.5221,0.6035,0.3965,0.6774,188.644,278.502,0.0
2026-09-02 16:15:00,6.452e-05,104732.195,6786510084.1465,1.5221,0.6035,0.3965,0.6774,188.644,278.502,0.0
2026-09-02 16:30:00,6.452e-05,104732.195,6786510084.1465,1.5221,0.6035,0.3965,0.6774,188.644,278.502,0.0
2026-09-02 16:45:00,6.452e-05,104732.195,6786510084.1465,1.5221,0.6035,0.3965,0.6774,188.644,278.502,0.0
2026-09-02 17:00:00,6.452e-05,104732.195,6786510084.1465,1.5221,0.6035,0.3965,0.6774,188.644,278.502,0.0
2026-09-02 17:15:00,6.452e-05,104732.195,6786510084.1465,1.5221,0.6035,0.3965,0.6774,188.644,278.502,0.0
2026-09-02 17:30:00,6.452e-05,104732.195,6786510084.1465,1.5221,0.6035,0.3965,0.6774,188.644,278.502,0.0
2026-09-02 17:45:00,6.452e-05,104732.195,6786510084.1465,1.5221,0.6035,0.3965,0.6774,188.644,278.502,0.0
2026-09-02 18:00:00,6.452e-05,104732.195,6786510084.1465,1.5221,0.6035,0.3965,0.6774,188.644,278.502,0.0
2026-09-02 18:15:00,6.452e-05,104732.195,6786510084.1465,1.5221,0.6035,0.3965,0.6774,188.644,278.502,0.0
2026-09-02 18:30:00,6.452e-05,104732.195,6786510084.1465,1.5221,0.6035,0.3965,0.6774,188.644,278.502,0.0
2026-09-02 18:45:00,6.452e-05,104732.195,6786510084.1465,1.5221,0.6035,0.3965,0.6774,188.644,278.502,0.0
2026-09-02 19:00:00,6.452e-05,104732.195,6786510084.1465,1.5221,0.6035,0.3965,0.6774,188.644,278.502,0.0
2026-09-02 19:15:00,6.452e-05,104732.195,6786510084.1465,1.5221,0.6035,0.3965,0.6774,188.644,278.502,0.0
2026-09-02 19:30:00,6.452e-05,104732.195,6786510084.1465,1.5221,0.6035,0.3965,0.6774,188.644,278.502,0.0
2026-09-02 19:45:00,6.452e-05,104732.195,6786510084.1465,1.5221,0.6035,0.3965,0.6774,188.644,278.502,0.0
2026-09-02 20:00:00,6.452e-05,104732.195,6786510084.1465,1.5221,0.6035,0.3965,0.6774,188.644,278.502,0.0
2026-09-02 20:15:00,6.452e-05,104732.195,6786510084.1465,1.5221,0.6035,0.3965,0.6774,188.644,278.502,0.0
2026-09-02 20:30:00,6.452e-05,104732.195,6786510084.1465,1.5221,0.6035,0.3965,0.6774,188.644,278.502,0.0
2026-09-02 20:45:00,6.452e-05,104732.195,6786510084.1465,1.5221,0.6035,0.3965,0.6774,188.644,278.502,0.0
2026-09-02 21:00:00,6.452e-05,104732.195,6786510084.1465,1.5221,0.6035,0.3965,0.6774,188.644,278.502,0.0
2026-09-02 21:15:00,6.452e-05,104732.195,6786510084.1465,1.5221,0.6035,0.3965,0.6774,188.644,278.502,0.0
2026-09-02 21:30:00,6.452e-05,104732.195,6786510084.1465,1.5221,0.6035,0.3965,0.6774,188.644,278.502,0.0
2026-09-02 21:45:00,6.452e-05,104732.195,6786510084.1465,1.5221,0.6035,0.3965,0.6774,188.644,278.502,0.0
2026-09-02 22:00:00,6.452e-05,104732.195,6786510084.1465,1.5221,0.6035,0.3965,0.6774,188.644,278.502,0.0
2026-09-02 22:15:00,6.452e-05,104732.195,6786510084.1465,1.5221,0.6035,0.3965,0.6774,188.644,278.502,0.0
2026-09-02 22:30:00,6.452e-05,104732.195,6786510084.1465,1.5221,0.6035,0.3965,0.6774,188.644,278.502,0.0
2026-09-02 22:45:00,6.452e-05,104732.195,6786510084.1465,1.5221,0.6035,0.3965,0.6774,188.644,278.502,0.0
2026-09-02 23:00:00,6.452e-05,104732.195,6786510084.1465,1.5221,0.6035,0.3965,0.6774,188.644,278.502,0.0
2026-09-02 23:15:00,6.452e-05,104732.195,6786510084.1465,1.5221,0.6035,0.3965,0.6774,188.644,278.502,0.0
2026-09-02 23:30:00,6.452e-05,104732.195,6786510084.1465,1.5221,0.6035,0.3965,0.6774,188.644,278.502,0.0
2026-09-02 23:45:00,6.452e-05,104732.195,6786510084.1465,1.5221,0.6035,0.3965,0.6774,188.644,278.502,0.0
2026-09-03 00:00:00,6.452e-05,104732.195,6786510084.1465,1.5221,0.6035,0.3965,0.6774,188.644,278.502,0.0
2026-09-03 00:15:00,6.452e-05,104732.195,6786510084.1465,1.5221,0.6035,0.3965,0.6774,188.644,278.502,0.0
2026-09-03 00:30:00,6.452e-05,104732.195,6786510084.1465,1.5221,0.6035,0.3965,0.6774,188.644,278.502,0.0
2026-09-03 00:45:00,6.452e-05,104732.195,6786510084.1465,1.5221,0.6035,0.3965,0.6774,188.644,278.502,0.0
2026-09-03 01:00:00,6.452e-05,104732.195,6786510084.1465,1.5221,0.6035,0.3965,0.6774,188.644,278.502,0.0
2026-09-03 01:15:00,6.452e-05,104732.195,6786510084.1465,1.5221,0.6035,0.3965,0.6774,188.644,278.502,0.0
2026-09-03 01:30:00,6.452e-05,104732.195,6786510084.1465,1.5221,0.6035,0.3965,0.6774,188.644,278.502,0.0
2026-09-03 01:45:00,6.452e-05,104732.195,6786510084.1465,1.5221,0.6035,0.3965,0.6774,188.644,278.502,0.0
2026-09-03 02:00:00,6.452e-05,104732.195,6786510084.1465,1.5221,0.6035,0.3965,0.6774,188.644,278.502,0.0
2026-09-03 02:15:00,6.452e-05,104732.195,6786510084.1465,1.5221,0.6035,0.3965,0.6774,188.644,278.502,0.0
2026-09-03 02:30:00,6.452e-05,104732.195,6786510084.1465,1.5221,0.6035,0.3965,0.6774,188.644,278.502,0.0
2026-09-03 02:45:00,6.452e-05,104732.195,6786510084.1465,1.5221,0.6035,0.3965,0.6774,188.644,278.502,0.0
2026-09-03 03:00:00,6.452e-05,104732.195,6786510084.1465,1.5221,0.6035,0.3965,0.6774,188.644,278.502,0.0
2026-09-03 03:15:00,6.452e-05,104732.195,6786510084.1465,1.5221,0.6035,0.3965,0.6774,188.644,278.502,0.0
2026-09-03 03:30:00,6.452e-05,104732.195,6786510084.1465,1.5221,0.6035,0.3965,0.6774,188.644,278.502,0.0
2026-09-03 03:45:00,6.452e-05,104732.195,6786510084.1465,1.5221,0.6035,0.3965,0.6774,188.644,278.502,0.0
2026-09-03 04:00:00,6.452e-05,104732.195,6786510084.1465,1.5221,0.6035,0.3965,0.6774,188.644,278.502,0.0
2026-09-03 04:15:00,6.452e-05,104732.195,6786510084.1465,1.5221,0.6035,0.3965,0.6774,188.644,278.502,0.0
2026-09-03 04:30:00,6.452e-05,104732.195,6786510084.1465,1.5221,0.6035,0.3965,0.6774,188.644,278.502,0.0
2026-09-03 04:45:00,6.452e-05,104732.195,6786510084.1465,1.5221,0.6035,0.3965,0.6774,188.644,278.502,0.0
2026-09-03 05:00:00,6.452e-05,104732.195,6786510084.1465,1.5221,0.6035,0.3965,0.6774,188.644,278.502,0.0
2026-09-03 05:15:00,6.452e-05,104732.195,6786510084.1465,1.5221,0.6035,0.3965,0.6774,188.644,278.502,0.0
2026-09-03 05:30:00,6.452e-05,104732.195,6786510084.1465,1.5221,0.6035,0.3965,0.6774,188.644,278.502,0.0
2026-09-03 05:45:00,6.452e-05,104732.195,6786510084.1465,1.5221,0.6035,0.3965,0.6774,188.644,278.502,0.0
2026-09-03 06:00:00,6.452e-05,104732.195,6786510084.1465,1.5221,0.6035,0.3965,0.6774,188.644,278.502,0.0
2026-09-03 06:15:00,6.452e-05,104732.195,6786510084.1465,1.5221,0.6035,0.3965,0.6774,188.644,278.502,0.0
2026-09-03 06:30:00,6.452e-05,104732.195,6786510084.1465,1.5221,0.6035,0.3965,0.6774,188.644,278.502,0.0
2026-09-03 06:45:00,6.452e-05,104732.195,6786510084.1465,1.5221,0.6035,0.3965,0.6774,188.644,278.502,0.0
2026-09-03 07:00:00,6.452e-05,104732.195,6786510084.1465,1.5221,0.6035,0.3965,0.6774,188.644,278.502,0.0
2026-09-03 07:15:00,6.452e-05,104732.195,6786510084.1465,1.5221,0.6035,0.3965,0.6774,188.644,278.502,0.0
2026-09-03 07:30:00,6.452e-05,104732.195,6786510084.1465,1.5221,0.6035,0.3965,0.6774,188.644,278.502,0.0
2026-09-03 07:45:00,6.452e-05,104732.195,6786510084.1465,1.5221,0.6035,0.3965,0.6774,188.644,278.502,0.0
2026-09-03 08:00:00,6.452e-05,104732.195,6786510084.1465,1.5221,0.6035,0.3965,0.6774,188.644,278.502,0.0
2026-09-03 08:15:00,6.452e-05,104732.195,6786510084.1465,1.5221,0.6035,0.3965,0.6774,188.644,278.502,0.0
2026-09-03 08:30:00,6.452e-05,104732.195,6786510084.1465,1.5221,0.6035,0.3965,0.6774,188.644,278.502,0.0
2026-09-03 08:45:00,6.452e-05,104732.195,6786510084.1465,1.5221,0.6035,0.3965,0.6774,188.644,278.502,0.0
2026-09-03 09:00:00,6.452e-05,104732.195,6786510084.1465,1.5221,0.6035,0.3965,0.6774,188.644,278.502,0.0
2026-09-03 09:15:00,6.452e-05,104732.195,6786510084.1465,1.5221,0.6035,0.3965,0.6774,188.644,278.502,0.0
2026-09-03 09:30:00,6.452e-05,104732.195,6786510084.1465,1.5221,0.6035,0.3965,0.6774,188.644,278.502,0.0
2026-09-03 09:45:00,6.452e-05,104732.195,6786510084.1465,1.5221,0.6035,0.3965,0.6774,188.644,278.502,0.0
2026-09-03 10:00:00,6.452e-05,104732.195,6786510084.1465,1.5221,0.6035,0.3965,0.6774,188.644,278.502,0.0
2026-09-03 10:15:00,6.452e-05,104732.195,6786510084.1465,1.5221,0.6035,0.3965,0.6774,188.644,278.502,0.0
2026-09-03 10:30:00,6.452e-05,104732.195,6786510084.1465,1.5221,0.6035,0.3965,0.6774,188.644,278.502,0.0
2026-09-03 10:45:00,6.452e-05,104732.195,6786510084.1465,1.5221,0.6035,0.3965,0.6774,188.644,278.502,0.0
2026-09-03 11:00:00,6.452e-05,104732.195,6786510084.1465,1.5221,0.6035,0.3965,0.6774,188.644,278.502,0.0
2026-09-03 11:15:00,6.452e-05,104732.195,6786510084.1465,1.5221,0.6035,0.3965,0.6774,188.644,278.502,0.0
2026-09-03 11:30:00,6.452e-05,104732.195,6786510084.1465,1.5221,0.6035,0.3965,0.6774,188.644,278.502,0.0
2026-09-03 11:45:00,6.452e-05,104732.195,6786510084.1465,1.5221,0.6035,0.3965,0.6774,188.644,278.502,0.0
2026-09-03 12:00:00,6.452e-05,104732.195,6786510084.1465,1.5221,0.6035,0.3965,0.6774,188.644,278.502,0.0
2026-09-03 12:15:00,6.452e-05,104732.195,6786510084.1465,1.5221,0.6035,0.3965,0.6774,188.644,278.502,0.0
2026-09-03 12:30:00,6.452e-05,104732.195,6786510084.1465,1.5221,0.6035,0.3965,0.6774,188.644,278.502,0.0
2026-09-03 12:45:00,6.452e-05,104732.195,6786510084.1465,1.5221,0.6035,0.3965,0.6774,188.644,278.502,0.0
2026-09-03 13:00:00,6.452e-05,104732.195,6786510084.1465,1.5221,0.6035,0.3965,0.6774,188.644,278.502,0.0
2026-09-03 13:15:00,6.452e-05,104732.195,6786510084.1465,1.5221,0.6035,0.3965,0.6774,188.644,278.502,0.0
2026-09-03 13:30:00,6.452e-05,104732.195,6786510084.1465,1.5221,0.6035,0.3965,0.6774,188.644,278.502,0.0
2026-09-03 13:45:00,6.452e-05,104732.195,6786510084.1465,1.5221,0.6035,0.3965,0.6774,188.644,278.502,0.0
2026-09-03 14:00:00,6.452e-05,104732.195,6786510084.1465,1.5221,0.6035,0.3965,0.6774,188.644,278.502,0.0
2026-09-03 14:15:00,6.452e-05,104732.195,6786510084.1465,1.5221,0.6035,0.3965,0.6774,188.644,278.502,0.0
2026-09-03 14:30:00,6.452e-05,104732.195,6786510084.1465,1.5221,0.6035,0.3965,0.6774,188.644,278.502,0.0
2026-09-03 14:45:00,6.452e-05,104732.195,6786510084.1465,1.5221,0.6035,0.3965,0.6774,188.644,278.502,0.0
2026-09-03 15:00:00,6.452e-05,104732.195,6786510084.1465,1.5221,0.6035,0.3965,0.6774,188.644,278.502,0.0
2026-09-03 15:15:00,6.452e-05,104732.195,6786510084.1465,1.5221,0.6035,0.3965,0.6774,188.644,278.502,0.0
2026-09-03 15:30:00,6.452e-05,104732.195,6786510084.1465,1.5221,0.6035,0.3965,0.6774,188.644,278.502,0.0
2026-09-03 15:45:00,6.452e-05,104732.195,6786510084.1465,1.5221,0.6035,0.3965,0.6774,188.644,278.502,0.0
2026-09-03 16:00:00,6.452e-05,104732.195,6786510084.1465,1.5221,0.6035,0.3965,0.6774,188.644,278.502,0.0
2026-09-03 16:15:00,6.452e-05,104732.195,6786510084.1465,1.5221,0.6035,0.3965,0.6774,188.644,278.502,0.0
2026-09-03 16:30:00,6.452e-05,104732.195,6786510084.1465,1.5221,0.6035,0.3965,0.6774,188.644,278.502,0.0
2026-09-03 16:45:00,6.452e-05,104732.195,6786510084.1465,1.5221,0.6035,0.3965,0.6774,188.644,278.502,0.0
2026-09-03 17:00:00,6.452e-05,104732.195,6786510084.1465,1.5221,0.6035,0.3965,0.6774,188.644,278.502,0.0
2026-09-03 17:15:00,6.452e-05,104732.195,6786510084.1465,1.5221,0.6035,0.3965,0.6774,188.644,278.502,0.0
2026-09-03 17:30:00,6.452e-05,104732.195,6786510084.1465,1.5221,0.6035,0.3965,0.6774,188.644,278.502,0.0
2026-09-03 17:45:00,6.452e-05,104732.195,6786510084.1465,1.5221,0.6035,0.3965,0.6774,188.644,278.502,0.0
2026-09-03 18:00:00,6.452e-05,104732.195,6786510084.1465,1.5221,0.6035,0.3965,0.6774,188.644,278.502,0.0
2026-09-03 18:15:00,6.452e-05,104732.195,6786510084.1465,1.5221,0.6035,0.3965,0.6774,188.644,278.502,0.0
2026-09-03 18:30:00,6.452e-05,104732.195,6786510084.1465,1.5221,0.6035,0.3965,0.6774,188.644,278.502,0.0
2026-09-03 18:45:00,6.452e-05,104732.195,6786510084.1465,1.5221,0.6035,0.3965,0.6774,188.644,278.502,0.0
2026-09-03 19:00:00,6.452e-05,104732.195,6786510084.1465,1.5221,0.6035,0.3965,0.6774,188.644,278.502,0.0
2026-09-03 19:15:00,6.452e-05,104732.195,6786510084.1465,1.5221,0.6035,0.3965,0.6774,188.644,278.502,0.0
2026-09-03 19:30:00,6.452e-05,104732.195,6786510084.1465,1.5221,0.6035,0.3965,0.6774,188.644,278.502,0.0
2026-09-03 19:45:00,6.452e-05,104732.195,6786510084.1465,1.5221,0.6035,0.3965,0.6774,188.644,278.502,0.0
2026-09-03 20:00:00,6.452e-05,104732.195,6786510084.1465,1.5221,0.6035,0.3965,0.6774,188.644,278.502,0.0
2026-09-03 20:15:00,6.452e-05,104732.195,6786510084.1465,1.5221,0.6035,0.3965,0.6774,188.644,278.502,0.0
2026-09-03 20:30:00,6.452e-05,104732.195,6786510084.1465,1.5221,0.6035,0.3965,0.6774,188.644,278.502,0.0
2026-09-03 20:45:00,6.452e-05,104732.195,6786510084.1465,1.5221,0.6035,0.3965,0.6774,188.644,278.502,0.0
2026-09-03 21:00:00,6.452e-05,104732.195,6786510084.1465,1.5221,0.6035,0.3965,0.6774,188.644,278.502,0.0
2026-09-03 21:15:00,6.452e-05,104732.195,6786510084.1465,1.5221,0.6035,0.3965,0.6774,188.644,278.502,0.0
2026-09-03 21:30:00,6.452e-05,104732.195,6786510084.1465,1.5221,0.6035,0.3965,0.6774,188.644,278.502,0.0
2026-09-03 21:45:00,6.452e-05,104732.195,6786510084.1465,1.5221,0.6035,0.3965,0.6774,188.644,278.502,0.0
2026-09-03 22:00:00,6.452e-05,104732.195,6786510084.1465,1.5221,0.6035,0.3965,0.6774,188.644,278.502,0.0
2026-09-03 22:15:00,6.452e-05,104732.195,6786510084.1465,1.5221,0.6035,0.3965,0.6774,188.644,278.502,0.0
2026-09-03 22:30:00,6.452e-05,104732.195,6786510084.1465,1.5221,0.6035,0.3965,0.6774,188.644,278.502,0.0
2026-09-03 22:45:00,6.452e-05,104732.195,6786510084.1465,1.5221,0.6035,0.3965,0.6774,188.644,278.502,0.0
2026-09-03 23:00:00,6.452e-05,104732.195,6786510084.1465,1.5221,0.6035,0.3965,0.6774,188.644,278.502,0.0
2026-09-03 23:15:00,6.452e-05,104732.195,6786510084.1465,1.5221,0.6035,0.3965,0.6774,188.644,278.502,0.0
2026-09-03 23:30:00,6.452e-05,104732.195,6786510084.1465,1.5221,0.6035,0.3965,0.6774,188.644,278.502,0.0
2026-09-03 23:45:00,6.452e-05,104732.195,6786510084.1465,1.5221,0.6035,0.3965,0.6774,188.644,278.502,0.0
2026-09-04 00:00:00,6.452e-05,104732.195,6786510084.1465,1.5221,0.6035,0.3965,0.6774,188.644,278.502,0.0
2026-09-04 00:15:00,6.452e-05,104732.195,6786510084.1465,1.5221,0.6035,0.3965,0.6774,188.644,278.502,0.0
2026-09-04 00:30:00,6.452e-05,104732.195,6786510084.1465,1.5221,0.6035,0.3965,0.6774,188.644,278.502,0.0
2026-09-04 00:45:00,6.452e-05,104732.195,6786510084.1465,1.5221,0.6035,0.3965,0.6774,188.644,278.502,0.0
2026-09-04 01:00:00,6.452e-05,104732.195,6786510084.1465,1.5221,0.6035,0.3965,0.6774,188.644,278.502,0.0
2026-09-04 01:15:00,6.452e-05,104732.195,6786510084.1465,1.5221,0.6035,0.3965,0.6774,188.644,278.502,0.0
2026-09-04 01:30:00,6.452e-05,104732.195,6786510084.1465,1.5221,0.6035,0.3965,0.6774,188.644,278.502,0.0
2026-09-04 01:45:00,6.452e-05,104732.195,6786510084.1465,1.5221,0.6035,0.3965,0.6774,188.644,278.502,0.0
2026-09-04 02:00:00,6.452e-05,104732.195,6786510084.1465,1.5221,0.6035,0.3965,0.6774,188.644,278.502,0.0
2026-09-04 02:15:00,6.452e-05,104732.195,6786510084.1465,1.5221,0.6035,0.3965,0.6774,188.644,278.502,0.0
2026-09-04 02:30:00,6.452e-05,104732.195,6786510084.1465,1.5221,0.6035,0.3965,0.6774,188.644,278.502,0.0
2026-09-04 02:45:00,6.452e-05,104732.195,6786510084.1465,1.5221,0.6035,0.3965,0.6774,188.644,278.502,0.0
2026-09-04 03:00:00,6.452e-05,104732.195,6786510084.1465,1.5221,0.6035,0.3965,0.6774,188.644,278.502,0.0
2026-09-04 03:15:00,6.452e-05,104732.195,6786510084.1465,1.5221,0.6035,0.3965,0.6774,188.644,278.502,0.0
2026-09-04 03:30:00,6.452e-05,104732.195,6786510084.1465,1.5221,0.6035,0.3965,0.6774,188.644,278.502,0.0
2026-09-04 03:45:00,6.452e-05,104732.195,6786510084.1465,1.5221,0.6035,0.3965,0.6774,188.644,278.502,0.0
2026-09-04 04:00:00,6.452e-05,104732.195,6786510084.1465,1.5221,0.6035,0.3965,0.6774,188.644,278.502,0.0
2026-09-04 04:15:00,6.452e-05,104732.195,6786510084.1465,1.5221,0.6035,0.3965,0.6774,188.644,278.502,0.0
2026-09-04 04:30:00,6.452e-05,104732.195,6786510084.1465,1.5221,0.6035,0.3965,0.6774,188.644,278.502,0.0
2026-09-04 04:45:00,6.452e-05,104732.195,6786510084.1465,1.5221,0.6035,0.3965,0.6774,188.644,278.502,0.0
2026-09-04 05:00:00,6.452e-05,104732.195,6786510084.1465,1.5221,0.6035,0.3965,0.6774,188.644,278.502,0.0
2026-09-04 05:15:00,6.452e-05,104732.195,6786510084.1465,1.5221,0.6035,0.3965,0.6774,188.644,278.502,0.0
2026-09-04 05:30:00,6.452e-05,104732.195,6786510084.1465,1.5221,0.6035,0.3965,0.6774,188.644,278.502,0.0
2026-09-04 05:45:00,6.452e-05,104732.195,6786510084.1465,1.5221,0.6035,0.3965,0.6774,188.644,278.502,0.0
2026-09-04 06:00:00,6.452e-05,104732.195,6786510084.1465,1.5221,0.6035,0.3965,0.6774,188.644,278.502,0.0
2026-09-04 06:15:00,6.452e-05,104732.195,6786510084.1465,1.5221,0.6035,0.3965,0.6774,188.644,278.502,0.0
2026-09-04 06:30:00,6.452e-05,104732.195,6786510084.1465,1.5221,0.6035,0.3965,0.6774,188.644,278.502,0.0
2026-09-04 06:45:00,6.452e-05,104732.195,6786510084.1465,1.5221,0.6035,0.3965,0.6774,188.644,278.502,0.0
2026-09-04 07:00:00,6.452e-05,104732.195,6786510084.1465,1.5221,0.6035,0.3965,0.6774,188.644,278.502,0.0
2026-09-04 07:15:00,6.452e-05,104732.195,6786510084.1465,1.5221,0.6035,0.3965,0.6774,188.644,278.502,0.0
2026-09-04 07:30:00,6.452e-05,104732.195,6786510084.1465,1.5221,0.6035,0.3965,0.6774,188.644,278.502,0.0
2026-09-04 07:45:00,6.452e-05,104732.195,6786510084.1465,1.5221,0.6035,0.3965,0.6774,188.644,278.502,0.0
2026-09-04 08:00:00,6.452e-05,104732.195,6786510084.1465,1.5221,0.6035,0.3965,0.6774,188.644,278.502,0.0
2026-09-04 08:15:00,6.452e-05,104732.195,6786510084.1465,1.5221,0.6035,0.3965,0.6774,188.644,278.502,0.0
2026-09-04 08:30:00,6.452e-05,104732.195,6786510084.1465,1.5221,0.6035,0.3965,0.6774,188.644,278.502,0.0
2026-09-04 08:45:00,6.452e-05,104732.195,6786510084.1465,1.5221,0.6035,0.3965,0.6774,188.644,278.502,0.0
2026-09-04 09:00:00,6.452e-05,104732.195,6786510084.1465,1.5221,0.6035,0.3965,0.6774,188.644,278.502,0.0
2026-09-04 09:15:00,6.452e-05,104732.195,6786510084.1465,1.5221,0.6035,0.3965,0.6774,188.644,278.502,0.0
2026-09-04 09:30:00,6.452e-05,104732.195,6786510084.1465,1.5221,0.6035,0.3965,0.6774,188.644,278.502,0.0
2026-09-04 09:45:00,6.452e-05,104732.195,6786510084.1465,1.5221,0.6035,0.3965,0.6774,188.644,278.502,0.0
2026-09-04 10:00:00,6.452e-05,104732.195,6786510084.1465,1.5221,0.6035,0.3965,0.6774,188.644,278.502,0.0
2026-09-04 10:15:00,6.452e-05,104732.195,6786510084.1465,1.5221,0.6035,0.3965,0.6774,188.644,278.502,0.0
2026-09-04 10:30:00,6.452e-05,104732.195,6786510084.1465,1.5221,0.6035,0.3965,0.6774,188.644,278.502,0.0
2026-09-04 10:45:00,6.452e-05,104732.195,6786510084.1465,1.5221,0.6035,0.3965,0.6774,188.644,278.502,0.0
2026-09-04 11:00:00,6.452e-05,104732.195,6786510084.1465,1.5221,0.6035,0.3965,0.6774,188.644,278.502,0.0
2026-09-04 11:15:00,6.452e-05,104732.195,6786510084.1465,1.5221,0.6035,0.3965,0.6774,188.644,278.502,0.0
2026-09-04 11:30:00,6.452e-05,104732.195,6786510084.1465,1.5221,0.6035,0.3965,0.6774,188.644,278.502,0.0
2026-09-04 11:45:00,6.452e-05,104732.195,6786510084.1465,1.5221,0.6035,0.3965,0.6774,188.644,278.502,0.0
2026-09-04 12:00:00,6.452e-05,104732.195,6786510084.1465,1.5221,0.6035,0.3965,0.6774,188.644,278.502,0.0
2026-09-04 12:15:00,6.452e-05,104732.195,6786510084.1465,1.5221,0.6035,0.3965,0.6774,188.644,278.502,0.0
2026-09-04 12:30:00,6.452e-05,104732.195,6786510084.1465,1.5221,0.6035,0.3965,0.6774,188.644,278.502,0.0
2026-09-04 12:45:00,6.452e-05,104732.195,6786510084.1465,1.5221,0.6035,0.3965,0.6774,188.644,278.502,0.0
2026-09-04 13:00:00,6.452e-05,104732.195,6786510084.1465,1.5221,0.6035,0.3965,0.6774,188.644,278.502,0.0
2026-09-04 13:15:00,6.452e-05,104732.195,6786510084.1465,1.5221,0.6035,0.3965,0.6774,188.644,278.502,0.0
2026-09-04 13:30:00,6.452e-05,104732.195,6786510084.1465,1.5221,0.6035,0.3965,0.6774,188.644,278.502,0.0
2026-09-04 13:45:00,6.452e-05,104732.195,6786510084.1465,1.5221,0.6035,0.3965,0.6774,188.644,278.502,0.0
2026-09-04 14:00:00,6.452e-05,104732.195,6786510084.1465,1.5221,0.6035,0.3965,0.6774,188.644,278.502,0.0
2026-09-04 14:15:00,6.452e-05,104732.195,6786510084.1465,1.5221,0.6035,0.3965,0.6774,188.644,278.502,0.0
2026-09-04 14:30:00,6.452e-05,104732.195,6786510084.1465,1.5221,0.6035,0.3965,0.6774,188.644,278.502,0.0
2026-09-04 14:45:00,6.452e-05,104732.195,6786510084.1465,1.5221,0.6035,0.3965,0.6774,188.644,278.502,0.0
2026-09-04 15:00:00,6.452e-05,104732.195,6786510084.1465,1.5221,0.6035,0.3965,0.6774,188.644,278.502,0.0
2026-09-04 15:15:00,6.452e-05,104732.195,6786510084.1465,1.5221,0.6035,0.3965,0.6774,188.644,278.502,0.0
2026-09-04 15:30:00,6.452e-05,104732.195,6786510084.1465,1.5221,0.6035,0.3965,0.6774,188.644,278.502,0.0
2026-09-04 15:45:00,6.452e-05,104732.195,6786510084.1465,1.5221,0.6035,0.3965,0.6774,188.644,278.502,0.0
2026-09-04 16:00:00,6.452e-05,104732.195,6786510084.1465,1.5221,0.6035,0.3965,0.6774,188.644,278.502,0.0
2026-09-04 16:15:00,6.452e-05,104732.195,6786510084.1465,1.5221,0.6035,0.3965,0.6774,188.644,278.502,0.0
2026-09-04 16:30:00,6.452e-05,104732.195,6786510084.1465,1.5221,0.6035,0.3965,0.6774,188.644,278.502,0.0
2026-09-04 16:45:00,6.452e-05,104732.195,6786510084.1465,1.5221,0.6035,0.3965,0.6774,188.644,278.502,0.0
2026-09-04 17:00:00,6.452e-05,104732.195,6786510084.1465,1.5221,0.6035,0.3965,0.6774,188.644,278.502,0.0
2026-09-04 17:15:00,6.452e-05,104732.195,6786510084.1465,1.5221,0.6035,0.3965,0.6774,188.644,278.502,0.0
2026-09-04 17:30:00,6.452e-05,104732.195,6786510084.1465,1.5221,0.6035,0.3965,0.6774,188.644,278.502,0.0
2026-09-04 17:45:00,6.452e-05,104732.195,6786510084.1465,1.5221,0.6035,0.3965,0.6774,188.644,278.502,0.0
2026-09-04 18:00:00,6.452e-05,104732.195,6786510084.1465,1.5221,0.6035,0.3965,0.6774,188.644,278.502,0.0
2026-09-04 18:15:00,6.452e-05,104732.195,6786510084.1465,1.5221,0.6035,0.3965,0.6774,188.644,278.502,0.0
2026-09-04 18:30:00,6.452e-05,104732.195,6786510084.1465,1.5221,0.6035,0.3965,0.6774,188.644,278.502,0.0
2026-09-04 18:45:00,6.452e-05,104732.195,6786510084.1465,1.5221,0.6035,0.3965,0.6774,188.644,278.502,0.0
2026-09-04 19:00:00,6.452e-05,104732.195,6786510084.1465,1.5221,0.6035,0.3965,0.6774,188.644,278.502,0.0
2026-09-04 19:15:00,6.452e-05,104732.195,6786510084.1465,1.5221,0.6035,0.3965,0.6774,188.644,278.502,0.0
2026-09-04 19:30:00,6.452e-05,104732.195,6786510084.1465,1.5221,0.6035,0.3965,0.6774,188.644,278.502,0.0
2026-09-04 19:45:00,6.452e-05,104732.195,6786510084.1465,1.5221,0.6035,0.3965,0.6774,188.644,278.502,0.0
2026-09-04 20:00:00,6.452e-05,104732.195,6786510084.1465,1.5221,0.6035,0.3965,0.6774,188.644,278.502,0.0
2026-09-04 20:15:00,6.452e-05,104732.195,6786510084.1465,1.5221,0.6035,0.3965,0.6774,188.644,278.502,0.0
2026-09-04 20:30:00,6.452e-05,104732.195,6786510084.1465,1.5221,0.6035,0.3965,0.6774,188.644,278.502,0.0
2026-09-04 20:45:00,6.452e-05,104732.195,6786510084.1465,1.5221,0.6035,0.3965,0.6774,188.644,278.502,0.0
2026-09-04 21:00:00,6.452e-05,104732.195,6786510084.1465,1.5221,0.6035,0.3965,0.6774,188.644,278.502,0.0
2026-09-04 21:15:00,6.452e-05,104732.195,6786510084.1465,1.5221,0.6035,0.3965,0.6774,188.644,278.502,0.0
2026-09-04 21:30:00,6.452e-05,104732.195,6786510084.1465,1.5221,0.6035,0.3965,0.6774,188.644,278.502,0.0
2026-09-04 21:45:00,6.452e-05,104732.195,6786510084.1465,1.5221,0.6035,0.3965,0.6774,188.644,278.502,0.0
2026-09-04 22:00:00,6.452e-05,104732.195,6786510084.1465,1.5221,0.6035,0.3965,0.6774,188.644,278.502,0.0
2026-09-04 22:15:00,6.452e-05,104732.195,6786510084.1465,1.5221,0.6035,0.3965,0.6774,188.644,278.502,0.0
2026-09-04 22:30:00,6.452e-05,104732.195,6786510084.1465,1.5221,0.6035,0.3965,0.6774,188.644,278.502,0.0
2026-09-04 22:45:00,6.452e-05,104732.195,6786510084.1465,1.5221,0.6035,0.3965,0.6774,188.644,278.502,0.0
2026-09-04 23:00:00,6.452e-05,104732.195,6786510084.1465,1.5221,0.6035,0.3965,0.6774,188.644,278.502,0.0
2026-09-04 23:15:00,6.452e-05,104732.195,6786510084.1465,1.5221,0.6035,0.3965,0.6774,188.644,278.502,0.0
2026-09-04 23:30:00,6.452e-05,104732.195,6786510084.1465,1.5221,0.6035,0.3965,0.6774,188.644,278.502,0.0
2026-09-04 23:45:00,6.452e-05,104732.195,6786510084.1465,1.5221,0.6035,0.3965,0.6774,188.644,278.502,0.0
2026-09-05 00:00:00,6.452e-05,104732.195,6786510084.1465,1.5221,0.6035,0.3965,0.6774,188.644,278.502,0.0
2026-09-05 00:15:00,6.452e-05,104732.195,6786510084.1465,1.5221,0.6035,0.3965,0.6774,188.644,278.502,0.0
2026-09-05 00:30:00,6.452e-05,104732.195,6786510084.1465,1.5221,0.6035,0.3965,0.6774,188.644,278.502,0.0
2026-09-05 00:45:00,6.452e-05,104732.195,6786510084.1465,1.5221,0.6035,0.3965,0.6774,188.644,278.502,0.0
2026-09-05 01:00:00,6.452e-05,104732.195,6786510084.1465,1.5221,0.6035,0.3965,0.6774,188.644,278.502,0.0
2026-09-05 01:15:00,6.452e-05,104732.195,6786510084.1465,1.5221,0.6035,0.3965,0.6774,188.644,278.502,0.0
2026-09-05 01:30:00,6.452e-05,104732.195,6786510084.1465,1.5221,0.6035,0.3965,0.6774,188.644,278.502,0.0
2026-09-05 01:45:00,6.452e-05,104732.195,6786510084.1465,1.5221,0.6035,0.3965,0.6774,188.644,278.502,0.0
2026-09-05 02:00:00,6.452e-05,104732.195,6786510084.1465,1.5221,0.6035,0.3965,0.6774,188.644,278.502,0.0
2026-09-05 02:15:00,6.452e-05,104732.195,6786510084.1465,1.5221,0.6035,0.3965,0.6774,188.644,278.502,0.0
2026-09-05 02:30:00,6.452e-05,104732.195,6786510084.1465,1.5221,0.6035,0.3965,0.6774,188.644,278.502,0.0
2026-09-05 02:45:00,6.452e-05,104732.195,6786510084.1465,1.5221,0.6035,0.3965,0.6774,188.644,278.502,0.0
2026-09-05 03:00:00,6.452e-05,104732.195,6786510084.1465,1.5221,0.6035,0.3965,0.6774,188.644,278.502,0.0
2026-09-05 03:15:00,6.452e-05,104732.195,6786510084.1465,1.5221,0.6035,0.3965,0.6774,188.644,278.502,0.0
2026-09-05 03:30:00,6.452e-05,104732.195,6786510084.1465,1.5221,0.6035,0.3965,0.6774,188.644,278.502,0.0
2026-09-05 03:45:00,6.452e-05,104732.195,6786510084.1465,1.5221,0.6035,0.3965,0.6774,188.644,278.502,0.0
2026-09-05 04:00:00,6.452e-05,104732.195,6786510084.1465,1.5221,0.6035,0.3965,0.6774,188.644,278.502,0.0
2026-09-05 04:15:00,6.452e-05,104732.195,6786510084.1465,1.5221,0.6035,0.3965,0.6774,188.644,278.502,0.0
2026-09-05 04:30:00,6.452e-05,104732.195,6786510084.1465,1.5221,0.6035,0.3965,0.6774,188.644,278.502,0.0
2026-09-05 04:45:00,6.452e-05,104732.195,6786510084.1465,1.5221,0.6035,0.3965,0.6774,188.644,278.502,0.0
2026-09-05 05:00:00,6.452e-05,104732.195,6786510084.1465,1.5221,0.6035,0.3965,0.6774,188.644,278.502,0.0
2026-09-05 05:15:00,6.452e-05,104732.195,6786510084.1465,1.5221,0.6035,0.3965,0.6774,188.644,278.502,0.0
2026-09-05 05:30:00,6.452e-05,104732.195,6786510084.1465,1.5221,0.6035,0.3965,0.6774,188.644,278.502,0.0
2026-09-05 05:45:00,6.452e-05,104732.195,6786510084.1465,1.5221,0.6035,0.3965,0.6774,188.644,278.502,0.0
2026-09-05 06:00:00,6.452e-05,104732.195,6786510084.1465,1.5221,0.6035,0.3965,0.6774,188.644,278.502,0.0
2026-09-05 06:15:00,6.452e-05,104732.195,6786510084.1465,1.5221,0.6035,0.3965,0.6774,188.644,278.502,0.0
2026-09-05 06:30:00,6.452e-05,104732.195,6786510084.1465,1.5221,0.6035,0.3965,2.5519,505.637,198.141,0.0
2026-09-05 06:45:00,6.452e-05,107658.315,8572045717.750499,1.0231,0.5057,0.4943,0.8626,177.214,205.431,0.0
2026-09-05 07:00:00,6.452e-05,107647.337,8569438497.6242,1.0247,0.5061,0.4939,1.175,138.332,117.725,0.0
2026-09-05 07:15:00,6.452e-05,107603.168,8570528178.659312,1.0272,0.5067,0.4933,2.3841,189.811,79.614,0.0
2026-09-05 07:30:00,6.452e-05,107550.627,8569623077.262801,1.0296,0.5073,0.4927,1.0496,255.079,243.016,0.0
2026-09-05 07:45:00,6.452e-05,107493.796,8565792646.445661,1.0321,0.5079,0.4921,1.106,227.231,205.454,0.0
2026-09-05 08:00:00,-1.5e-06,107459.972,8561669095.1532,1.0333,0.5082,0.4918,0.787,185.852,236.153,0.0
2026-09-05 08:15:00,-1.5e-06,107450.931,8554877793.0546,1.0309,0.5076,0.4924,0.8997,193.936,215.554,0.0
2026-09-05 08:30:00,-1.5e-06,107445.545,8553041441.407501,1.03,0.5074,0.4926,1.185,177.252,149.581,0.0
2026-09-05 08:45:00,-1.5e-06,107450.84,8551131258.712,1.0309,0.5076,0.4924,2.7361,198.335,72.488,0.0
2026-09-05 09:00:00,-1.5e-06,107416.583,8552239797.0025,1.0325,0.508,0.492,2.8859,388.437,134.599,0.0
2026-09-05 09:15:00,-1.5e-06,107410.129,8559352064.816499,1.0342,0.5084,0.4916,1.0431,135.914,130.301,0.0
2026-09-05 09:30:00,-1.5e-06,107368.425,8553215682.877501,1.0346,0.5085,0.4915,0.9795,121.747,124.297,0.0
2026-09-05 09:45:00,-1.5e-06,107333.865,8548641029.65579,1.0346,0.5085,0.4915,0.8142,156.424,192.12,0.0
2026-09-05 10:00:00,-1.5e-06,107278.443,8538784759.2078,1.035,0.5086,0.4914,1.1998,103.37,86.155,0.0
2026-09-05 10:15:00,-1.5e-06,107261.608,8536469096.77692,1.035,0.5086,0.4914,0.885,268.767,303.676,0.0
2026-09-05 10:30:00,-1.5e-06,107255.807,8535610181.5126,1.0358,0.5088,0.4912,0.9053,242.688,268.086,0.0
2026-09-05 10:45:00,-1.5e-06,107287.594,8536777295.7454,1.0367,0.509,0.491,1.7808,251.397,141.171,0.0
2026-09-05 11:00:00,-1.5e-06,107239.641,8534398187.429007,1.0338,0.5083,0.4917,1.5208,226.89,149.191,0.0
2026-09-05 11:15:00,-1.5e-06,107269.018,8541016658.8032,1.0367,0.509,0.491,0.351,33.563,95.618,0.0
2026-09-05 11:30:00,-1.5e-06,107275.583,8537881282.478899,1.0367,0.509,0.491,1.3616,228.394,167.742,0.0
2026-09-05 11:45:00,-1.5e-06,107252.932,8533898809.4603,1.0367,0.509,0.491,1.1087,281.394,253.803,0.0
2026-09-05 12:00:00,-1.5e-06,107263.649,8535777109.78339,1.0383,0.5094,0.4906,1.8335,203.123,110.785,0.0
2026-09-05 12:15:00,-1.5e-06,107190.28,8534725912.216,1.0387,0.5095,0.4905,0.6125,98.715,161.161,0.0
2026-09-05 12:30:00,-1.5e-06,107219.555,8536794646.699246,1.0404,0.5099,0.4901,1.1944,435.423,364.547,0.0
2026-09-05 12:45:00,-1.5e-06,107111.704,8534949776.3208,1.0437,0.5107,0.4893,0.9476,299.942,316.527,0.0
2026-09-05 13:00:00,-1.5e-06,106976.691,8522405065.206,1.05,0.5122,0.4878,1.1869,253.372,213.481,0.0
2026-09-05 13:15:00,-1.5e-06,106946.587,8521809880.649933,1.0521,0.5127,0.4873,1.6815,257.733,153.274,0.0
2026-09-05 13:30:00,-1.5e-06,106930.801,8523678702.392099,1.0559,0.5136,0.4864,0.5743,170.429,296.785,0.0
2026-09-05 13:45:00,-1.5e-06,106894.401,8510515319.4560995,1.0568,0.5138,0.4862,0.7902,242.686,307.116,0.0
2026-09-05 14:00:00,-1.5e-06,106834.408,8501376584.7937565,1.0547,0.5133,0.4867,1.8567,155.229,83.604,0.0
2026-09-05 14:15:00,-1.5e-06,106831.465,8507064339.975501,1.0547,0.5133,0.4867,1.5699,146.439,93.281,0.0
2026-09-05 14:30:00,-1.5e-06,106815.141,8511660644.211901,1.0475,0.5116,0.4884,0.9982,217.75,218.134,0.0
2026-09-05 14:45:00,-1.5e-06,106808.399,8509809658.5664,1.0429,0.5105,0.4895,1.8841,237.894,126.266,0.0
2026-09-05 15:00:00,-1.5e-06,106793.825,8509226493.107648,1.0433,0.5106,0.4894,1.1155,179.277,160.715,0.0
2026-09-05 15:15:00,-1.5e-06,106803.702,8510695715.3508,1.0433,0.5106,0.4894,0.9965,271.462,272.414,0.0
2026-09-05 15:30:00,-1.5e-06,106840.831,8510411402.436932,1.0433,0.5106,0.4894,1.86,191.268,102.83,0.0
2026-09-05 15:45:00,-1.5e-06,106841.891,8517887535.07537,1.0404,0.5099,0.4901,1.7201,322.596,187.55,0.0
2026-09-05 16:00:00,-1.5e-06,106828.748,8520938116.182007,1.0437,0.5107,0.4893,1.1425,392.62,343.639,0.0
2026-09-05 16:15:00,-1.5e-06,106847.433,8518636035.926606,1.0504,0.5123,0.4877,1.6768,535.96,319.633,0.0
2026-09-05 16:30:00,-1.5e-06,106860.15,8533810368.151265,1.0597,0.5145,0.4855,1.7073,1011.358,592.389,0.0
2026-09-05 16:45:00,-1.5e-06,106761.054,8529893072.214421,1.0687,0.5166,0.4834,1.4802,1644.467,1110.998,0.0
2026-09-05 17:00:00,-1.5e-06,106684.283,8534891997.9962,1.0803,0.5193,0.4807,0.8991,628.779,699.371,0.0
2026-09-05 17:15:00,-1.5e-06,106613.258,8539103608.9036,1.0833,0.52,0.48,0.5557,379.353,682.63,0.0
2026-09-05 17:30:00,-1.5e-06,106585.355,8525815839.127501,1.0794,0.5191,0.4809,1.0544,408.862,387.759,0.0
2026-09-05 17:45:00,-1.5e-06,106571.48,8527103829.24,1.0768,0.5185,0.4815,1.2866,490.733,381.417,0.0
2026-09-05 18:00:00,-1.5e-06,106522.058,8525129841.098141,1.0751,0.5181,0.4819,0.9227,292.345,316.829,0.0
2026-09-05 18:15:00,-1.5e-06,106531.715,8519357388.877177,1.0713,0.5172,0.4828,0.6514,178.148,273.471,0.0
2026-09-05 18:30:00,-1.5e-06,106581.984,8518735602.3744,1.0691,0.5167,0.4833,1.1319,305.408,269.819,0.0
2026-09-05 18:45:00,-1.5e-06,106561.778,8518548533.32,1.0644,0.5156,0.4844,1.0045,188.93,188.075,0.0
2026-09-05 19:00:00,-1.5e-06,106538.002,8518688122.549808,1.0623,0.5151,0.4849,0.537,98.733,183.866,0.0
2026-09-05 19:15:00,-1.5e-06,106561.757,8514489379.084971,1.0589,0.5143,0.4857,0.9696,118.757,122.482,0.0
2026-09-05 19:30:00,-1.5e-06,106532.496,8514650617.311644,1.0589,0.5143,0.4857,0.4506,366.679,813.795,0.0
2026-09-05 19:45:00,-1.5e-06,106353.78,8489084271.954,1.0559,0.5136,0.4864,0.4275,235.531,550.96,0.0
2026-09-05 20:00:00,-1.5e-06,106335.573,8477061246.002701,1.0517,0.5126,0.4874,0.7649,257.582,336.774,0.0
2026-09-05 20:15:00,-1.5e-06,106350.276,8476744463.8284,1.0521,0.5127,0.4873,0.9865,398.955,404.414,0.0
2026-09-05 20:30:00,-1.5e-06,106488.375,8485781733.975,1.0513,0.5125,0.4875,1.8406,404.141,219.567,0.0
2026-09-05 20:45:00,-1.5e-06,106405.067,8485963700.850499,1.0488,0.5119,0.4881,0.8908,240.266,269.729,0.0
2026-09-05 21:00:00,-1.5e-06,106368.789,8477815857.756899,1.0509,0.5124,0.4876,1.1532,146.111,126.701,0.0
2026-09-05 21:15:00,-1.5e-06,106312.127,8478796459.462163,1.0504,0.5123,0.4877,1.9441,217.37,111.81,0.0
2026-09-05 21:30:00,-1.5e-06,106316.729,8486094992.051,1.0517,0.5126,0.4874,1.4473,300.889,207.899,0.0
2026-09-05 21:45:00,-1.5e-06,106278.107,8490411886.820861,1.0525,0.5128,0.4872,1.5426,205.578,133.269,0.0
2026-09-05 22:00:00,-1.5e-06,106198.399,8482331624.127501,1.0517,0.5126,0.4874,1.5832,215.453,136.083,0.0
2026-09-05 22:15:00,-1.5e-06,106201.228,8483912794.983382,1.0517,0.5126,0.4874,0.5268,134.326,254.963,0.0
2026-09-05 22:30:00,-1.5e-06,106259.87,8476349829.9,1.0504,0.5123,0.4877,0.8759,232.02,264.907,0.0
2026-09-05 22:45:00,-1.5e-06,106280.358,8475099140.374594,1.0509,0.5124,0.4876,1.0011,367.128,366.717,0.0
2026-09-05 23:00:00,-1.5e-06,106372.316,8484161244.319822,1.0509,0.5124,0.4876,0.4204,170.68,406.004,0.0
2026-09-05 23:15:00,-1.5e-06,106355.07,8478615544.893,1.0517,0.5126,0.4874,1.1102,141.256,127.237,0.0
2026-09-05 23:30:00,-1.5e-06,106340.836,8482202344.9548,1.0509,0.5124,0.4876,0.7199,231.472,321.55,0.0
2026-09-05 23:45:00,-1.5e-06,106319.409,8481337456.86196,1.053,0.5129,0.4871,1.7242,488.289,283.204,0.0
2026-09-06 00:00:00,3.589e-05,106255.013,8479150037.4,1.0475,0.5116,0.4884,1.5275,209.302,137.02,0.0
2026-09-06 00:15:00,3.589e-05,106323.984,8492298617.6496,1.0467,0.5114,0.4886,0.8144,139.879,171.756,0.0
2026-09-06 00:30:00,3.589e-05,106351.507,8496964286.915699,1.0475,0.5116,0.4884,0.8485,173.996,205.074,0.0
2026-09-06 00:45:00,3.589e-05,106383.056,8494088321.8448925,1.0488,0.5119,0.4881,0.8329,177.085,212.608,0.0
2026-09-06 01:00:00,3.589e-05,106398.327,8494076359.7256,1.0504,0.5123,0.4877,1.6666,427.334,256.405,0.0
2026-09-06 01:15:00,3.589e-05,106389.191,8503404865.608911,1.0559,0.5136,0.4864,0.7181,213.637,297.511,0.0
2026-09-06 01:30:00,3.589e-05,106374.076,8497706800.473958,1.0559,0.5136,0.4864,0.9635,405.191,420.521,0.0
2026-09-06 01:45:00,3.589e-05,106348.468,8502004907.652181,1.0589,0.5143,0.4857,0.8748,241.539,276.098,0.0
2026-09-06 02:00:00,3.589e-05,106389.654,8502189973.9019375,1.0606,0.5147,0.4853,1.2853,409.411,318.541,0.0
2026-09-06 02:15:00,3.589e-05,106336.879,8502367200.5151005,1.0602,0.5146,0.4854,0.5111,99.432,194.549,0.0
2026-09-06 02:30:00,3.589e-05,106359.302,8496129704.7771,1.061,0.5148,0.4852,0.7767,132.985,171.21,0.0
2026-09-06 02:45:00,3.589e-05,106398.039,8495585499.6408,1.061,0.5148,0.4852,1.1495,146.571,127.508,0.0
2026-09-06 03:00:00,3.589e-05,106368.546,8495899531.041714,1.0534,0.513,0.487,1.1986,133.767,111.605,0.0
2026-09-06 03:15:00,3.589e-05,106379.434,8499416202.864508,1.0542,0.5132,0.4868,0.7768,102.282,131.669,0.0
2026-09-06 03:30:00,3.589e-05,106409.814,8498302744.3146,1.0559,0.5136,0.4864,2.7199,521.5,191.735,0.0
2026-09-06 03:45:00,3.589e-05,106470.908,8526247045.663328,1.0602,0.5146,0.4854,0.9843,281.608,286.103,0.0
2026-09-06 04:00:00,3.589e-05,106506.602,8519569600.582,1.061,0.5148,0.4852,0.729,102.058,139.997,0.0
2026-09-06 04:15:00,3.589e-05,106460.628,8509933621.486173,1.0614,0.5149,0.4851,1.0087,179.771,178.221,0.0
2026-09-06 04:30:00,3.589e-05,106389.647,8499990208.100301,1.0597,0.5145,0.4855,0.6427,145.593,226.532,0.0
2026-09-06 04:45:00,3.589e-05,106408.926,8500413208.1544,1.0627,0.5152,0.4848,0.4448,217.99,490.056,0.0
2026-09-06 05:00:00,3.589e-05,106452.654,8497487298.1614,1.0657,0.5159,0.4841,0.6621,190.645,287.944,0.0
2026-09-06 05:15:00,3.589e-05,106388.947,8487391024.819,1.0648,0.5157,0.4843,1.134,346.816,305.844,0.0
2026-09-06 05:30:00,3.589e-05,106322.845,8486962661.336704,1.0678,0.5164,0.4836,1.3795,642.336,465.616,0.0
2026-09-06 05:45:00,3.589e-05,106280.141,8501667319.013,1.0695,0.5168,0.4832,0.7055,139.328,197.489,0.0
2026-09-06 06:00:00,3.589e-05,106264.838,8496171339.6464,1.0695,0.5168,0.4832,0.6879,153.518,223.175,0.0
2026-09-06 06:15:00,3.589e-05,106255.998,8488611045.0234,1.0678,0.5164,0.4836,0.4513,274.376,607.979,0.0
2026-09-06 06:30:00,3.589e-05,106488.739,8497290226.2528,1.0704,0.517,0.483,0.5681,334.492,588.745,0.0
2026-09-06 06:45:00,3.589e-05,106646.636,8507253701.140086,1.0747,0.518,0.482,0.5734,377.84,658.939,0.0
2026-09-06 07:00:00,3.589e-05,106901.024,8523775105.955323,1.0738,0.5178,0.4822,0.6265,581.179,927.586,0.0
2026-09-06 07:15:00,3.589e-05,106678.062,8495862193.2924,1.0665,0.5161,0.4839,1.0439,483.117,462.811,0.0
2026-09-06 07:30:00,3.589e-05,106685.535,8512107984.9329405,1.0665,0.5161,0.4839,0.9514,377.971,397.298,0.0
2026-09-06 07:45:00,3.589e-05,106590.367,8506708113.515568,1.0653,0.5158,0.4842,0.8886,220.094,247.68,0.0
2026-09-06 08:00:00,2.295e-05,106494.917,8496341434.226814,1.067,0.5162,0.4838,0.9394,338.768,360.612,0.0
2026-09-06 08:15:00,2.295e-05,106420.273,8495898239.11923,1.0674,0.5163,0.4837,0.4023,66.876,166.219,0.0
2026-09-06 08:30:00,2.295e-05,106415.017,8488012925.476099,1.0653,0.5158,0.4842,1.4652,320.361,218.653,0.0
2026-09-06 08:45:00,2.295e-05,106368.978,8483043001.3758,1.0606,0.5147,0.4853,1.6384,245.104,149.601,0.0
2026-09-06 09:00:00,2.295e-05,106449.98,8495730323.808,1.0602,0.5146,0.4854,1.7956,243.986,135.88,0.0
2026-09-06 09:15:00,2.295e-05,106462.949,8506131667.689076,1.0623,0.5151,0.4849,1.581,393.056,248.617,0.0
2026-09-06 09:30:00,2.295e-05,106520.814,8516594729.2536,1.067,0.5162,0.4838,0.8206,283.423,345.403,0.0
2026-09-06 09:45:00,2.295e-05,106562.426,8507006342.4912,1.0636,0.5154,0.4846,1.213,315.742,260.301,0.0
2026-09-06 10:00:00,2.295e-05,106565.31,8509479526.795465,1.0627,0.5152,0.4848,1.9633,140.939,71.786,0.0
2026-09-06 10:15:00,2.295e-05,106549.177,8512096546.435299,1.0627,0.5152,0.4848,0.9206,107.33,116.592,0.0
2026-09-06 10:30:00,2.295e-05,106587.609,8520805321.1562,1.0627,0.5152,0.4848,1.0496,145.983,139.078,0.0
2026-09-06 10:45:00,2.295e-05,106570.031,8524058475.628845,1.0627,0.5152,0.4848,0.9184,184.119,200.482,0.0
2026-09-06 11:00:00,2.295e-05,106600.483,8524233002.756899,1.0623,0.5151,0.4849,0.7043,136.442,193.715,0.0
2026-09-06 11:15:00,2.295e-05,106643.056,8525812555.114841,1.0597,0.5145,0.4855,0.6395,250.191,391.231,0.0
2026-09-06 11:30:00,2.295e-05,106735.162,8524595836.4216,1.0597,0.5145,0.4855,1.0263,168.362,164.048,0.0
2026-09-06 11:45:00,2.295e-05,106738.047,8530745617.050624,1.0597,0.5145,0.4855,0.6083,49.541,81.439,0.0
2026-09-06 12:00:00,2.295e-05,106740.154,8526471605.605448,1.0602,0.5146,0.4854,0.5751,195.186,339.4,0.0
2026-09-06 12:15:00,2.295e-05,106751.495,8528659731.090194,1.0589,0.5143,0.4857,2.3787,287.506,120.869,0.0
2026-09-06 12:30:00,2.295e-05,106696.081,8528425566.943146,1.0593,0.5144,0.4856,0.7263,147.094,202.535,0.0
2026-09-06 12:45:00,2.295e-05,106700.99,8524960956.842,1.0602,0.5146,0.4854,0.9137,170.879,187.028,0.0
2026-09-06 13:00:00,2.295e-05,106684.355,8522148977.6744995,1.0597,0.5145,0.4855,0.6516,132.702,203.652,0.0
2026-09-06 13:15:00,2.295e-05,106676.506,8517990992.2928,1.0589,0.5143,0.4857,0.4496,228.052,507.23,0.0
2026-09-06 13:30:00,2.295e-05,106720.118,8511772499.4322,1.0551,0.5134,0.4866,0.8975,324.504,361.565,0.0
2026-09-06 13:45:00,2.295e-05,106714.037,8511981132.8828,1.0555,0.5135,0.4865,1.4637,444.522,303.689,0.0
2026-09-06 14:00:00,2.295e-05,106711.715,8515375589.169987,1.0563,0.5137,0.4863,1.1131,302.956,272.175,0.0
2026-09-06 14:15:00,2.295e-05,106655.506,8502395623.9598,1.0525,0.5128,0.4872,0.8318,650.225,781.676,0.0
2026-09-06 14:30:00,2.295e-05,106654.996,8493187989.26897,1.0504,0.5123,0.4877,0.7872,1957.24,2486.239,0.0
2026-09-06 14:45:00,2.295e-05,106596.26,8494005722.214,1.0442,0.5108,0.4892,0.7677,477.483,621.926,0.0
2026-09-06 15:00:00,2.295e-05,106519.125,8469058679.025,1.0475,0.5116,0.4884,0.9832,714.356,726.591,0.0
2026-09-06 15:15:00,2.295e-05,106533.848,8470335800.3232,1.045,0.511,0.489,1.9608,398.286,203.124,0.0
2026-09-06 15:30:00,2.295e-05,106442.712,8473101060.161602,1.0475,0.5116,0.4884,1.5634,244.296,156.263,0.0
2026-09-06 15:45:00,2.295e-05,106438.15,8478149893.395,1.05,0.5122,0.4878,1.8104,250.761,138.508,0.0
2026-09-06 16:00:00,2.295e-05,106402.009,8477888632.901101,1.0517,0.5126,0.4874,1.1053,437.1,395.473,0.0
2026-09-06 16:15:00,2.295e-05,106348.762,8472005068.527178,1.0517,0.5126,0.4874,0.8641,240.361,278.161,0.0
2026-09-06 16:30:00,2.295e-05,106342.611,8473315438.9134,1.0521,0.5127,0.4873,1.5703,288.161,183.508,0.0
2026-09-06 16:45:00,2.295e-05,106298.335,8470935575.817,1.0547,0.5133,0.4867,0.7099,96.076,135.337,0.0
2026-09-06 17:00:00,2.295e-05,106303.3,8467057845.0,1.0542,0.5132,0.4868,0.9944,178.154,179.162,0.0
2026-09-06 17:15:00,2.295e-05,106304.203,8461814558.8,1.0504,0.5123,0.4877,0.7991,215.257,269.376,0.0
2026-09-06 17:30:00,2.295e-05,106295.162,8467419457.339,1.0521,0.5127,0.4873,0.9694,162.828,167.961,0.0
2026-09-06 17:45:00,2.295e-05,106328.683,8476660836.047901,1.0534,0.513,0.487,1.0815,193.294,178.734,0.0
2026-09-06 18:00:00,2.295e-05,106391.61,8480262449.88,1.0542,0.5132,0.4868,1.9636,321.057,163.503,0.0
2026-09-06 18:15:00,2.295e-05,106279.938,8483808024.472161,1.0568,0.5138,0.4862,1.6823,258.092,153.415,0.0
2026-09-06 18:30:00,2.295e-05,106229.907,8486373100.964211,1.0576,0.514,0.486,1.1994,260.224,216.958,0.0
2026-09-06 18:45:00,2.295e-05,106212.318,8486523526.677,1.058,0.5141,0.4859,0.8223,204.395,248.567,0.0
2026-09-06 19:00:00,2.295e-05,106228.527,8489432170.582803,1.0538,0.5131,0.4869,0.4076,106.439,261.138,0.0
2026-09-06 19:15:00,2.295e-05,106221.584,8480044971.215034,1.0521,0.5127,0.4873,0.5795,79.081,136.457,0.0
2026-09-06 19:30:00,2.295e-05,106217.408,8477763663.0016,1.0509,0.5124,0.4876,0.7837,86.257,110.057,0.0
2026-09-06 19:45:00,2.295e-05,106207.272,8472493950.7104,1.0496,0.5121,0.4879,1.1904,240.0,201.606,0.0
2026-09-06 20:00:00,2.295e-05,106240.836,8478507420.6456,1.0513,0.5125,0.4875,0.709,126.235,178.035,0.0
2026-09-06 20:15:00,2.295e-05,106221.501,8475014905.304793,1.05,0.5122,0.4878,1.6222,200.193,123.405,0.0
2026-09-06 20:30:00,2.295e-05,106194.754,8484263679.2247715,1.0513,0.5125,0.4875,1.1666,182.827,156.722,0.0
2026-09-06 20:45:00,2.295e-05,106160.067,8483663678.154778,1.0513,0.5125,0.4875,0.6154,101.454,164.857,0.0
2026-09-06 21:00:00,2.295e-05,106169.755,8479101374.258408,1.0525,0.5128,0.4872,1.5846,320.084,201.997,0.0
2026-09-06 21:15:00,2.295e-05,106079.316,8482462777.0344,1.0551,0.5134,0.4866,0.7671,170.693,222.506,0.0
2026-09-06 21:30:00,2.295e-05,106072.571,8471263130.515901,1.0568,0.5138,0.4862,0.5953,165.132,277.39,0.0
2026-09-06 21:45:00,2.295e-05,106111.765,8475104225.844,1.058,0.5141,0.4859,1.1376,248.613,218.55,0.0
2026-09-06 22:00:00,2.295e-05,106023.58,8471559703.308,1.0576,0.514,0.486,0.8891,479.034,538.781,0.0
2026-09-06 22:15:00,2.295e-05,106111.078,8458402892.491673,1.0589,0.5143,0.4857,1.2003,479.92,399.836,0.0
2026-09-06 22:30:00,2.295e-05,106063.443,8462063486.541308,1.0585,0.5142,0.4858,0.9385,570.98,608.403,0.0
2026-09-06 22:45:00,2.295e-05,105978.64,8470953401.0331745,1.0589,0.5143,0.4857,1.2566,536.418,426.875,0.0
2026-09-06 23:00:00,2.295e-05,105990.668,8480135448.256474,1.0559,0.5136,0.4864,1.4659,1486.369,1013.959,0.0
2026-09-06 23:15:00,2.295e-05,105881.993,8486320185.65439,1.0695,0.5168,0.4832,0.6136,368.705,600.933,0.0
2026-09-06 23:30:00,2.295e-05,105890.641,8480114326.651699,1.0674,0.5163,0.4837,1.384,1287.893,930.563,0.0
2026-09-06 23:45:00,2.295e-05,105831.982,8502859798.537242,1.0678,0.5164,0.4836,1.2072,1178.323,976.108,0.0
2026-09-07 00:00:00,2.295e-05,105543.713,8475632589.396382,1.0602,0.5146,0.4854,0.8592,616.748,717.841,0.0
2026-09-07 00:15:00,2.295e-05,105558.131,8476587003.803997,1.0597,0.5145,0.4855,0.726,511.331,704.341,0.0
2026-09-07 00:30:00,2.295e-05,105668.848,8470857641.078477,1.0572,0.5139,0.4861,1.0068,397.75,395.068,0.0
2026-09-07 00:45:00,2.295e-05,105690.185,8467203083.189808,1.0559,0.5136,0.4864,1.4889,706.871,474.748,0.0
2026-09-07 01:00:00,2.295e-05,105722.512,8470699106.464,1.0538,0.5131,0.4869,0.7243,668.83,923.372,0.0
2026-09-07 01:15:00,2.295e-05,105777.681,8454122487.403501,1.0517,0.5126,0.4874,0.9043,593.922,656.747,0.0
2026-09-07 01:30:00,2.295e-05,105745.623,8447681443.110982,1.0454,0.5111,0.4889,0.5397,269.59,499.484,0.0
2026-09-07 01:45:00,2.295e-05,105705.617,8436988955.910301,1.0338,0.5083,0.4917,1.1163,367.561,329.253,0.0
2026-09-07 02:00:00,2.295e-05,105656.903,8441479396.5656,1.0371,0.5091,0.4909,0.8979,292.178,325.406,0.0
2026-09-07 02:15:00,2.295e-05,105595.909,8426778813.298978,1.0346,0.5085,0.4915,1.9409,519.667,267.739,0.0
2026-09-07 02:30:00,2.295e-05,105560.676,8445887469.956605,1.0396,0.5097,0.4903,1.1473,1259.092,1097.436,0.0
2026-09-07 02:45:00,2.295e-05,105647.1,8476437807.16911,1.0458,0.5112,0.4888,0.505,630.17,1247.787,0.0
2026-09-07 03:00:00,2.295e-05,105563.599,8428503878.597101,1.045,0.511,0.489,0.9898,821.63,830.09,0.0
2026-09-07 03:15:00,2.295e-05,105463.371,8412182796.719507,1.0467,0.5114,0.4886,0.6517,373.182,572.64,0.0
2026-09-07 03:30:00,2.295e-05,105580.042,8414290367.007554,1.0492,0.512,0.488,0.5568,557.324,1000.935,0.0
2026-09-07 03:45:00,2.295e-05,105708.661,8414906246.306701,1.0471,0.5115,0.4885,0.9769,566.74,580.122,0.0
2026-09-07 04:00:00,2.295e-05,105731.626,8412252291.223122,1.0517,0.5126,0.4874,0.7699,546.379,709.658,0.0
2026-09-07 04:15:00,2.295e-05,105829.279,8429381470.383469,1.0551,0.5134,0.4866,1.1425,553.277,484.266,0.0
2026-09-07 04:30:00,2.295e-05,105877.39,8425466815.787422,1.0619,0.515,0.485,0.7145,351.577,492.088,0.0
2026-09-07 04:45:00,2.295e-05,105909.585,8435441415.734206,1.064,0.5155,0.4845,1.158,374.74,323.609,0.0
2026-09-07 05:00:00,2.295e-05,105904.865,8439199949.863861,1.0687,0.5166,0.4834,0.957,593.962,620.657,0.0
2026-09-07 05:15:00,2.295e-05,106126.995,8461851173.975541,1.0756,0.5182,0.4818,1.6057,797.902,496.928,0.0
2026-09-07 05:30:00,2.295e-05,105984.246,8459556531.474,1.073,0.5176,0.4824,0.9004,201.506,223.807,0.0
2026-09-07 05:45:00,2.295e-05,106019.185,8463333688.585219,1.0678,0.5164,0.4836,0.6482,348.23,537.207,0.0
2026-09-07 06:00:00,2.295e-05,106230.592,8468995226.275762,1.0648,0.5157,0.4843,0.7393,205.021,277.328,0.0
2026-09-07 06:15:00,2.295e-05,106282.495,8478601692.6828575,1.0648,0.5157,0.4843,0.6558,153.348,233.819,0.0
2026-09-07 06:30:00,2.295e-05,106280.731,8467600911.691375,1.0606,0.5147,0.4853,0.5271,183.396,347.961,0.0
2026-09-07 06:45:00,2.295e-05,106309.026,8465834238.2892,1.0585,0.5142,0.4858,0.8141,232.315,285.368,0.0
2026-09-07 07:00:00,2.295e-05,106338.433,8466357654.004301,1.0585,0.5142,0.4858,0.8328,277.935,333.718,0.0
2026-09-07 07:15:00,2.295e-05,106356.122,8463724468.2502,1.0606,0.5147,0.4853,0.5038,482.209,957.15,0.0
2026-09-07 07:30:00,2.295e-05,106345.572,8442870672.0948,1.0593,0.5144,0.4856,0.7483,2314.288,3092.657,0.0
2026-09-07 07:45:00,2.295e-05,106772.617,8460735647.662188,1.0644,0.5156,0.4844,1.1358,787.586,693.416,0.0
2026-09-07 08:00:00,3.113e-05,106702.712,8467415051.3024,1.0734,0.5177,0.4823,1.314,712.956,542.601,0.0
2026-09-07 08:15:00,3.113e-05,106737.479,8477798711.532457,1.0807,0.5194,0.4806,0.8423,348.523,413.781,0.0
2026-09-07 08:30:00,3.113e-05,106747.292,8479048925.086205,1.082,0.5197,0.4803,0.9569,413.156,431.744,0.0
2026-09-07 08:45:00,3.113e-05,106673.633,8474942790.4042,1.0794,0.5191,0.4809,0.6398,258.029,403.276,0.0
2026-09-07 09:00:00,3.113e-05,106798.621,8479276514.295,1.0794,0.5191,0.4809,1.6128,419.797,260.293,0.0
2026-09-07 09:15:00,3.113e-05,106823.595,8493857657.042976,1.082,0.5197,0.4803,0.6383,327.414,512.911,0.0
2026-09-07 09:30:00,3.113e-05,107042.901,8504194538.5866,1.0842,0.5202,0.4798,0.5162,213.974,414.543,0.0
2026-09-07 09:45:00,3.113e-05,107140.785,8502041065.79316,1.0799,0.5192,0.4808,0.5913,272.142,460.252,0.0
2026-09-07 10:00:00,3.113e-05,107082.285,8489333639.601,1.076,0.5183,0.4817,0.7987,281.487,352.419,0.0
2026-09-07 10:15:00,3.113e-05,107114.833,8498582944.887324,1.0777,0.5187,0.4813,1.2247,235.604,192.382,0.0
2026-09-07 10:30:00,3.113e-05,107111.552,8502922895.625741,1.0803,0.5193,0.4807,1.6399,230.672,140.658,0.0
2026-09-07 10:45:00,3.113e-05,107120.383,8506766408.276094,1.0816,0.5196,0.4804,0.5567,145.779,261.845,0.0
2026-09-07 11:00:00,3.113e-05,107073.708,8493734582.1776705,1.0829,0.5199,0.4801,0.633,324.326,512.348,0.0
2026-09-07 11:15:00,3.113e-05,107199.748,8508904957.6764,1.0807,0.5194,0.4806,1.0966,150.682,137.414,0.0
2026-09-07 11:30:00,3.113e-05,107221.797,8514064734.7617,1.0864,0.5207,0.4793,0.7991,145.988,182.686,0.0
2026-09-07 11:45:00,3.113e-05,107256.359,8513666557.0712,1.0938,0.5224,0.4776,1.3907,295.997,212.838,0.0
2026-09-07 12:00:00,3.113e-05,107244.192,8512969235.715456,1.0938,0.5224,0.4776,1.0969,231.641,211.169,0.0
2026-09-07 12:15:00,3.113e-05,107272.324,8516226864.390221,1.0912,0.5218,0.4782,1.5644,263.766,168.602,0.0
2026-09-07 12:30:00,3.113e-05,107342.765,8532879510.685915,1.0973,0.5232,0.4768,0.6892,133.649,193.917,0.0
2026-09-07 12:45:00,3.113e-05,107337.863,8526915623.320313,1.0986,0.5235,0.4765,1.989,686.776,345.29,0.0
2026-09-07 13:00:00,3.113e-05,107251.215,8533988694.151939,1.1119,0.5265,0.4735,0.9198,419.664,456.238,0.0
2026-09-07 13:15:00,3.113e-05,107227.247,8534238034.1794,1.1133,0.5268,0.4732,1.3004,282.789,217.465,0.0
2026-09-07 13:30:00,3.113e-05,107145.45,8529339885.620231,1.1124,0.5266,0.4734,0.5374,617.283,1148.695,0.0
2026-09-07 13:45:00,3.113e-05,107270.783,8510649381.654,1.1048,0.5249,0.4751,0.5336,346.954,650.202,0.0
2026-09-07 14:00:00,3.113e-05,107470.844,8523985509.3536,1.1066,0.5253,0.4747,0.6213,884.974,1424.348,0.0
2026-09-07 14:15:00,3.113e-05,107764.479,8528616943.360365,1.0986,0.5235,0.4765,0.6673,839.18,1257.511,0.0
2026-09-07 14:30:00,3.113e-05,108039.272,8536841920.2792,1.1013,0.5241,0.4759,0.984,1198.023,1217.466,0.0
2026-09-07 14:45:00,3.113e-05,108317.708,8556275717.4192,1.1061,0.5252,0.4748,2.3516,1480.219,629.455,0.0
2026-09-07 15:00:00,3.113e-05,108040.384,8551698906.6752,1.1441,0.5336,0.4664,0.7976,518.626,650.264,0.0
2026-09-07 15:15:00,3.113e-05,107945.547,8528527413.9279585,1.1455,0.5339,0.4661,0.6235,970.694,1556.813,0.0
2026-09-07 15:30:00,3.113e-05,107855.745,8519805722.487,1.1464,0.5341,0.4659,0.7819,1765.064,2257.377,0.0
2026-09-07 15:45:00,3.113e-05,107743.347,8483861983.4658,1.1418,0.5331,0.4669,1.2067,1164.911,965.341,0.0
2026-09-07 16:00:00,3.113e-05,107779.817,8490031565.872016,1.158,0.5366,0.4634,0.9025,685.466,759.494,0.0
2026-09-07 16:15:00,3.113e-05,107910.027,8511298125.123482,1.1668,0.5385,0.4615,1.1949,357.499,299.192,0.0
2026-09-07 16:30:00,3.113e-05,107837.874,8497408795.452,1.1668,0.5385,0.4615,2.1644,941.778,435.121,0.0
2026-09-07 16:45:00,3.113e-05,107867.505,8517660451.570499,1.1768,0.5406,0.4594,1.341,321.086,239.444,0.0
2026-09-07 17:00:00,3.113e-05,107848.683,8518996578.373161,1.1782,0.5409,0.4591,2.0821,606.446,291.26,0.0
2026-09-07 17:15:00,3.113e-05,107780.606,8527623102.8412,1.1867,0.5427,0.4573,0.884,488.912,553.094,0.0
2026-09-07 17:30:00,3.113e-05,107851.805,8529999257.45,1.1839,0.5421,0.4579,1.5395,363.921,236.39,0.0
2026-09-07 17:45:00,3.113e-05,107802.086,8529592109.9522,1.1829,0.5419,0.4581,1.1412,294.97,258.463,0.0
2026-09-07 18:00:00,3.113e-05,107827.653,8535177317.192184,1.1768,0.5406,0.4594,0.5003,271.259,542.156,0.0
2026-09-07 18:15:00,3.113e-05,107874.973,8537149850.738899,1.1753,0.5403,0.4597,0.5301,156.24,294.753,0.0
2026-09-07 18:30:00,3.113e-05,107852.869,8532168187.191933,1.1697,0.5391,0.4609,0.8359,193.053,230.959,0.0
2026-09-07 18:45:00,3.113e-05,107810.394,8530470192.969776,1.1645,0.538,0.462,1.0761,243.169,225.976,0.0
2026-09-07 19:00:00,3.113e-05,107735.615,8528200453.539,1.1659,0.5383,0.4617,0.8252,105.693,128.077,0.0
2026-09-07 19:15:00,3.113e-05,107702.199,8522625789.9486,1.1645,0.538,0.462,0.9216,103.342,112.132,0.0
2026-09-07 19:30:00,3.113e-05,107666.457,8525999063.373,1.1654,0.5382,0.4618,2.3768,922.803,388.26,0.0
2026-09-07 19:45:00,3.113e-05,107403.66,8517586995.06427,1.1654,0.5382,0.4618,1.0227,341.54,333.967,0.0
2026-09-07 20:00:00,3.113e-05,107225.474,8507011766.0224,1.1636,0.5378,0.4622,0.6905,231.148,334.758,0.0
2026-09-07 20:15:00,3.113e-05,107100.79,8483121069.855589,1.1594,0.5369,0.4631,0.7247,113.761,156.978,0.0
2026-09-07 20:30:00,3.113e-05,107096.142,8479838734.727199,1.1575,0.5365,0.4635,1.1495,152.416,132.599,0.0
2026-09-07 20:45:00,3.113e-05,107114.302,8478728977.6818,1.157,0.5364,0.4636,1.7208,307.184,178.51,0.0
2026-09-07 21:00:00,3.113e-05,107088.82,8482202733.234392,1.1561,0.5362,0.4638,0.9012,198.042,219.756,0.0
2026-09-07 21:15:00,3.113e-05,106950.281,8473756323.8548,1.1556,0.5361,0.4639,1.1331,130.74,115.384,0.0
2026-09-07 21:30:00,3.113e-05,106942.081,8469246022.170701,1.1556,0.5361,0.4639,0.724,170.88,236.008,0.0
2026-09-07 21:45:00,3.113e-05,106929.335,8464804174.871,1.1542,0.5358,0.4642,0.7677,103.873,135.308,0.0
2026-09-07 22:00:00,3.113e-05,106965.716,8464111534.5072,1.1538,0.5357,0.4643,0.6823,276.866,405.767,0.0
2026-09-07 22:15:00,3.113e-05,107068.103,8471046293.584899,1.1538,0.5357,0.4643,0.8604,426.328,495.482,0.0
2026-09-07 22:30:00,3.113e-05,107016.262,8461597710.0984335,1.1519,0.5353,0.4647,0.7299,611.429,837.73,0.0
2026-09-07 22:45:00,3.113e-05,107119.152,8439778731.1824,1.1482,0.5345,0.4655,2.5261,562.963,222.862,0.0
2026-09-07 23:00:00,3.113e-05,107100.284,8452471718.35859,1.1524,0.5354,0.4646,1.6587,651.799,392.967,0.0
2026-09-07 23:15:00,3.113e-05,106948.744,8458971873.3128,1.1561,0.5362,0.4638,0.9143,263.232,287.898,0.0
2026-09-07 23:30:00,3.113e-05,106896.986,8442545679.542505,1.1561,0.5362,0.4638,1.6627,223.128,134.198,0.0
2026-09-07 23:45:00,3.113e-05,106890.18,8454307762.812,1.158,0.5366,0.4634,1.2644,312.509,247.169,0.0
2026-09-08 00:00:00,3.113e-05,106876.11,8451324586.749,1.1608,0.5372,0.4628,1.1916,453.128,380.278,0.0
2026-09-08 00:15:00,3.113e-05,106828.391,8441925633.446529,1.1547,0.5359,0.4641,0.6423,324.357,504.993,0.0
2026-09-08 00:30:00,3.113e-05,106825.565,8436171400.015086,1.1552,0.536,0.464,1.3887,553.932,398.889,0.0
2026-09-08 00:45:00,3.113e-05,106843.594,8460962711.382931,1.1589,0.5368,0.4632,1.9806,356.504,179.995,0.0
2026-09-08 01:00:00,3.113e-05,106780.928,8466328760.2432,1.1636,0.5378,0.4622,1.1852,377.539,318.545,0.0
2026-09-08 01:15:00,3.113e-05,106779.627,8463751657.116701,1.165,0.5381,0.4619,1.8269,654.617,358.325,0.0
2026-09-08 01:30:00,3.113e-05,106807.483,8476658400.063699,1.1678,0.5387,0.4613,0.8767,246.431,281.077,0.0
2026-09-08 01:45:00,3.113e-05,106713.928,8461571450.3688,1.164,0.5379,0.4621,1.4545,231.13,158.904,0.0
2026-09-08 02:00:00,3.113e-05,106670.827,8470634368.325699,1.1654,0.5382,0.4618,0.6795,202.558,298.11,0.0
2026-09-08 02:15:00,3.113e-05,106644.234,8457259586.77779,1.164,0.5379,0.4621,0.9663,517.708,535.783,0.0
2026-09-08 02:30:00,3.113e-05,106452.735,8434601488.0755005,1.1668,0.5385,0.4615,1.1207,468.166,417.747,0.0
2026-09-08 02:45:00,3.113e-05,106541.649,8427434101.360046,1.1612,0.5373,0.4627,0.7032,594.664,845.7,0.0
2026-09-08 03:00:00,3.113e-05,106651.691,8415372772.978032,1.1608,0.5372,0.4628,0.3491,395.618,1133.192,0.0
2026-09-08 03:15:00,3.113e-05,106812.242,8425866764.176024,1.1683,0.5388,0.4612,0.9785,796.105,813.614,0.0
2026-09-08 03:30:00,3.113e-05,107055.42,8430767069.8115635,1.1701,0.5392,0.4608,2.2249,1119.1,502.997,0.0
2026-09-08 03:45:00,3.113e-05,107071.1,8450384820.719954,1.181,0.5415,0.4585,0.4987,245.431,492.122,0.0
2026-09-08 04:00:00,3.113e-05,107116.487,8449348494.56,1.1844,0.5422,0.4578,0.7687,344.033,447.54,0.0
2026-09-08 04:15:00,3.113e-05,107208.982,8446245228.906,1.1848,0.5423,0.4577,0.8792,414.386,471.332,0.0
2026-09-08 04:30:00,3.113e-05,107326.763,8456125399.3018,1.193,0.544,0.456,0.8792,414.386,471.332,0.0
2026-09-08 04:45:00,3.113e-05,107301.211,8450640863.525872,1.2007,0.5456,0.4544,0.753,468.501,622.143,0.0
2026-09-08 05:00:00,3.113e-05,107272.27,8437081160.495217,1.1997,0.5454,0.4546,0.9428,1538.289,1631.684,0.0
2026-09-08 05:15:00,3.113e-05,107404.942,8450105292.8384,1.2026,0.546,0.454,1.5356,814.396,530.332,0.0
2026-09-08 05:30:00,3.113e-05,107397.547,8462332195.139291,1.2124,0.548,0.452,0.9823,585.453,596.0,0.0
2026-09-08 05:45:00,3.113e-05,107415.927,8442885123.018192,1.2129,0.5481,0.4519,0.9077,384.163,423.221,0.0
2026-09-08 06:00:00,3.113e-05,107549.279,8448307758.3591,1.2119,0.5479,0.4521,0.5003,1225.146,2448.863,0.0
2026-09-08 06:15:00,3.113e-05,108024.788,8486137149.994611,1.2036,0.5462,0.4538,0.6122,833.131,1360.952,0.0
2026-09-08 06:30:00,3.113e-05,108087.21,8469068243.535722,1.2007,0.5456,0.4544,1.3527,644.695,476.584,0.0
2026-09-08 06:45:00,3.113e-05,108237.937,8485207484.222733,1.207,0.5469,0.4531,1.0106,1209.083,1196.439,0.0
2026-09-08 07:00:00,3.113e-05,108260.568,8475665738.436,1.2198,0.5495,0.4505,2.6908,866.658,322.079,0.0
2026-09-08 07:15:00,3.113e-05,108143.773,8475506346.916244,1.2336,0.5523,0.4477,1.3756,668.042,485.623,0.0
2026-09-08 07:30:00,3.113e-05,108110.485,8479732379.363,1.2452,0.5546,0.4454,1.2664,888.786,701.828,0.0
2026-09-08 07:45:00,3.113e-05,108122.075,8477203168.3,1.2563,0.5568,0.4432,0.702,1044.401,1487.851,0.0
2026-09-08 08:00:00,3.113e-05,108487.675,8510311238.850036,1.2553,0.5566,0.4434,0.7448,489.288,656.978,0.0
2026-09-08 08:15:00,3.113e-05,108677.308,8515866913.0336,1.2578,0.5571,0.4429,1.3453,756.421,562.269,0.0
2026-09-08 08:30:00,3.113e-05,108740.145,8531819482.411607,1.263,0.5581,0.4419,1.4259,729.451,511.583,0.0
2026-09-08 08:45:00,3.113e-05,108887.088,8546286208.1088,1.2707,0.5596,0.4404,0.8618,460.439,534.254,0.0
2026-09-08 09:00:00,3.113e-05,109077.319,8549927480.2279005,1.2717,0.5598,0.4402,1.1942,633.266,530.299,0.0
2026-09-08 09:15:00,3.113e-05,109043.344,8555802213.510251,1.2722,0.5599,0.4401,1.0518,548.778,521.755,0.0
2026-09-08 09:30:00,3.113e-05,109033.574,8553175820.979815,1.2738,0.5602,0.4398,1.4798,1165.38,787.529,0.0
2026-09-08 09:45:00,3.113e-05,108738.862,8561880516.156,1.2889,0.5631,0.4369,0.9799,758.701,774.256,0.0
2026-09-08 10:00:00,3.113e-05,108581.073,8549021794.79604,1.2857,0.5625,0.4375,0.5105,316.79,620.564,0.0
2026-09-08 10:15:00,3.113e-05,108605.913,8548901346.39702,1.2815,0.5617,0.4383,1.922,1554.394,808.724,0.0
2026-09-08 10:30:00,3.113e-05,108161.857,8524765943.2692995,1.2836,0.5621,0.4379,0.3972,407.257,1025.342,0.0
2026-09-08 10:45:00,3.113e-05,108308.598,8517052390.0662,1.2779,0.561,0.439,0.5134,248.43,483.926,0.0
2026-09-08 11:00:00,3.113e-05,108415.304,8513788773.9376,1.2722,0.5599,0.4401,0.6947,824.367,1186.594,0.0
2026-09-08 11:15:00,3.113e-05,108422.622,8486791579.3122,1.2681,0.5591,0.4409,1.7627,1063.676,603.424,0.0
2026-09-08 11:30:00,3.113e-05,108425.211,8501967755.1852,1.2748,0.5604,0.4396,0.8338,459.096,550.614,0.0
2026-09-08 11:45:00,3.113e-05,108490.976,8506495351.6224,1.2784,0.5611,0.4389,0.9497,429.234,451.964,0.0
2026-09-08 12:00:00,3.113e-05,108594.919,8513852509.091901,1.2758,0.5606,0.4394,0.5157,547.463,1061.67,0.0
2026-09-08 12:15:00,3.113e-05,108692.799,8498733430.9296,1.2763,0.5607,0.4393,1.3126,659.338,502.326,0.0
2026-09-08 12:30:00,3.113e-05,108913.734,8533549400.528048,1.2784,0.5611,0.4389,0.93,384.68,413.655,0.0
2026-09-08 12:45:00,3.113e-05,109019.191,8536627830.144899,1.2841,0.5622,0.4378,1.3426,632.109,470.797,0.0
2026-09-08 13:00:00,3.113e-05,109175.635,8561203934.668,1.2883,0.563,0.437,0.8857,401.925,453.802,0.0
2026-09-08 13:15:00,3.113e-05,109203.306,8566379115.740302,1.2962,0.5645,0.4355,0.6514,321.309,493.288,0.0
2026-09-08 13:30:00,3.113e-05,109141.885,8547813285.495472,1.2962,0.5645,0.4355,0.6392,3971.926,6213.582,0.0
2026-09-08 13:45:00,3.113e-05,109293.388,8505004125.395341,1.302,0.5656,0.4344,1.0291,2848.165,2767.65,0.0
2026-09-08 14:00:00,3.113e-05,108987.866,8494132818.509,1.3337,0.5715,0.4285,1.1902,1767.908,1485.375,0.0
2026-09-08 14:15:00,3.113e-05,108994.092,8514999946.362,1.3386,0.5724,0.4276,1.3235,1627.899,1229.978,0.0
2026-09-08 14:30:00,3.113e-05,108897.36,8527708702.656,1.3288,0.5706,0.4294,0.8132,751.415,924.075,0.0
2026-09-08 14:45:00,3.113e-05,108792.12,8526980282.221903,1.3207,0.5691,0.4309,1.1531,1572.041,1363.329,0.0
2026-09-08 15:00:00,3.113e-05,108443.7,8516533351.292106,1.3213,0.5692,0.4308,0.786,775.941,987.237,0.0
2026-09-08 15:15:00,3.113e-05,108301.782,8513386479.456,1.3175,0.5685,0.4315,0.7398,915.533,1237.541,0.0
2026-09-08 15:30:00,3.113e-05,108401.774,8501463326.837,1.3068,0.5665,0.4335,1.8354,1332.146,725.796,0.0
2026-09-08 15:45:00,3.113e-05,108164.365,8510906091.261046,1.3116,0.5674,0.4326,1.1539,1391.487,1205.848,0.0
2026-09-08 16:00:00,3.113e-05,107910.875,8510941502.337501,1.3148,0.568,0.432,0.5927,555.892,937.925,0.0
2026-09-08 16:15:00,3.113e-05,107834.256,8477594920.5264,1.302,0.5656,0.4344,0.8335,487.476,584.83,0.0
2026-09-08 16:30:00,3.113e-05,107832.635,8475612761.209501,1.3015,0.5655,0.4345,1.3999,1044.646,746.246,0.0
2026-09-08 16:45:00,3.113e-05,107578.015,8472736883.385,1.2983,0.5649,0.4351,0.6835,403.126,589.825,0.0
2026-09-08 17:00:00,3.113e-05,107579.811,8466520367.718899,1.2941,0.5641,0.4359,1.1541,467.916,405.455,0.0
2026-09-08 17:15:00,3.113e-05,107543.907,8460920093.708701,1.292,0.5637,0.4363,0.8839,401.407,454.125,0.0
2026-09-08 17:30:00,3.113e-05,107434.021,8440016689.76,1.2868,0.5627,0.4373,0.759,304.059,400.62,0.0
2026-09-08 17:45:00,3.113e-05,107314.37,8423340992.914,1.2852,0.5624,0.4376,0.9073,340.532,375.304,0.0
2026-09-08 18:00:00,3.113e-05,107305.531,8420039675.954899,1.2847,0.5623,0.4377,1.4775,372.573,252.171,0.0
2026-09-08 18:15:00,3.113e-05,107274.124,8436037111.36,1.2889,0.5631,0.4369,1.4413,278.037,192.904,0.0
2026-09-08 18:30:00,3.113e-05,107237.917,8439454718.810959,1.2899,0.5633,0.4367,0.6139,213.12,347.159,0.0
2026-09-08 18:45:00,3.113e-05,107181.556,8421222331.531069,1.2873,0.5628,0.4372,0.9424,1179.786,1251.925,0.0
2026-09-08 19:00:00,3.113e-05,107361.559,8417061319.722411,1.2889,0.5631,0.4369,0.9722,470.554,484.028,0.0
2026-09-08 19:15:00,3.113e-05,107119.334,8401701435.5554,1.2878,0.5629,0.4371,0.8767,604.584,689.648,0.0
2026-09-08 19:30:00,3.113e-05,107125.637,8402292212.458,1.2883,0.563,0.437,1.3642,635.94,466.161,0.0
2026-09-08 19:45:00,3.113e-05,107012.51,8387313594.537565,1.2894,0.5632,0.4368,0.714,459.107,643.005,0.0
2026-09-08 20:00:00,3.113e-05,106915.575,8382961563.697501,1.2899,0.5633,0.4367,1.5078,646.635,428.849,0.0
2026-09-08 20:15:00,3.113e-05,106797.194,8391045522.278227,1.2946,0.5642,0.4358,0.9245,428.4,463.372,0.0
2026-09-08 20:30:00,3.113e-05,106821.37,8391085561.224186,1.2941,0.5641,0.4359,0.685,204.993,299.262,0.0
2026-09-08 20:45:00,3.113e-05,106764.787,8380437896.6928,1.2931,0.5639,0.4361,0.5035,157.356,312.51,0.0
2026-09-08 21:00:00,3.113e-05,106748.863,8374234804.624,1.2957,0.5644,0.4356,0.9657,196.765,203.745,0.0
2026-09-08 21:15:00,3.113e-05,106652.376,8373192062.487814,1.2967,0.5646,0.4354,0.8353,292.633,350.352,0.0
2026-09-08 21:30:00,3.113e-05,106607.279,8368952262.931854,1.2989,0.565,0.435,0.9842,279.068,283.561,0.0
2026-09-08 21:45:00,3.113e-05,106579.279,8365420403.629181,1.2983,0.5649,0.4351,0.8414,116.778,138.794,0.0
2026-09-08 22:00:00,3.113e-05,106556.22,8360392821.004125,1.2978,0.5648,0.4352,1.5824,555.04,350.763,0.0
2026-09-08 22:15:00,3.113e-05,106621.739,8367151630.198899,1.2967,0.5646,0.4354,0.8921,221.959,248.806,0.0
2026-09-08 22:30:00,3.113e-05,106545.053,8360158117.395211,1.2973,0.5647,0.4353,1.4331,239.655,167.227,0.0
2026-09-08 22:45:00,3.113e-05,106529.048,8357999187.718995,1.2962,0.5645,0.4355,1.1268,366.749,325.475,0.0
2026-09-08 23:00:00,3.113e-05,106422.356,8356943211.7272,1.2973,0.5647,0.4353,1.164,277.035,238.006,0.0
2026-09-08 23:15:00,3.113e-05,106478.252,8354890577.9564,1.2978,0.5648,0.4352,0.6577,160.849,244.579,0.0
2026-09-08 23:30:00,3.113e-05,106508.988,8355081888.315785,1.2983,0.5649,0.4351,0.804,123.257,153.313,0.0
2026-09-08 23:45:00,3.113e-05,106539.536,8354390285.172177,1.2978,0.5648,0.4352,1.3024,226.74,174.096,0.0
2026-09-09 00:00:00,3.113e-05,106627.347,8362393359.55277,1.2952,0.5643,0.4357,1.3465,435.178,323.194,0.0
2026-09-09 00:15:00,3.113e-05,106595.229,8387509551.0024,1.301,0.5654,0.4346,0.7947,230.043,289.469,0.0
2026-09-09 00:30:00,3.113e-05,106594.42,8377863055.994,1.2999,0.5652,0.4348,1.1613,154.438,132.983,0.0
2026-09-09 00:45:00,3.113e-05,106582.203,8384506005.633995,1.2999,0.5652,0.4348,1.3839,308.553,222.958,0.0
2026-09-09 01:00:00,3.113e-05,106528.861,8388721688.306,1.3047,0.5661,0.4339,1.3153,629.97,478.938,0.0
2026-09-09 01:15:00,3.113e-05,106650.24,8394184429.824,1.3026,0.5657,0.4343,0.4445,341.576,768.451,0.0
2026-09-09 01:30:00,3.113e-05,106503.947,8381761606.576237,1.3015,0.5655,0.4345,1.1728,252.182,215.029,0.0
2026-09-09 01:45:00,3.113e-05,106508.93,8393074098.288,1.301,0.5654,0.4346,0.6606,461.533,698.7,0.0
2026-09-09 02:00:00,3.113e-05,106661.369,8410376368.885931,1.3084,0.5668,0.4332,1.5318,630.647,411.697,0.0
2026-09-09 02:15:00,3.113e-05,106425.675,8382572983.342824,1.3052,0.5662,0.4338,0.7569,390.199,515.524,0.0
2026-09-09 02:30:00,3.113e-05,106357.002,8380027723.083,1.3031,0.5658,0.4342,0.7806,79.388,101.695,0.0
2026-09-09 02:45:00,3.113e-05,106364.963,8377559688.568496,1.3026,0.5657,0.4343,0.6939,81.664,117.691,0.0
2026-09-09 03:00:00,3.113e-05,106353.533,8369944116.594698,1.2994,0.5651,0.4349,1.2454,781.422,627.452,0.0
2026-09-09 03:15:00,3.113e-05,106893.77,8397040102.35,1.2973,0.5647,0.4353,1.0793,310.862,288.033,0.0
2026-09-09 03:30:00,3.113e-05,106973.691,8402045309.582099,1.2952,0.5643,0.4357,1.5013,252.489,168.179,0.0
2026-09-09 03:45:00,3.113e-05,106980.143,8409931529.453075,1.2999,0.5652,0.4348,1.3167,207.957,157.936,0.0
2026-09-09 04:00:00,3.113e-05,106946.295,8405411452.404752,1.301,0.5654,0.4346,1.0604,922.856,870.299,0.0
2026-09-09 04:15:00,3.113e-05,106927.644,8426571991.3572,1.3026,0.5657,0.4343,0.9633,289.163,300.174,0.0
2026-09-09 04:30:00,3.113e-05,106925.111,8432233805.032306,1.302,0.5656,0.4344,2.3567,1453.782,616.881,0.0
2026-09-09 04:45:00,3.113e-05,106623.581,8441197042.872146,1.3207,0.5691,0.4309,1.0008,923.32,922.604,0.0
2026-09-09 05:00:00,3.113e-05,106607.26,8436461466.634,1.3234,0.5696,0.4304,2.1966,2332.069,1061.67,0.0
2026-09-09 05:15:00,3.113e-05,106198.072,8416199280.70996,1.2983,0.5649,0.4351,0.8207,1272.916,1550.989,0.0
2026-09-09 05:30:00,3.113e-05,105719.851,8361753035.0685,1.292,0.5637,0.4363,0.6593,770.455,1168.642,0.0
2026-09-09 05:45:00,3.113e-05,105700.383,8339589395.39144,1.2904,0.5634,0.4366,0.846,464.657,549.211,0.0
2026-09-09 06:00:00,3.113e-05,105856.025,8352728436.662499,1.2962,0.5645,0.4355,1.0039,670.865,668.251,0.0
2026-09-09 06:15:00,3.113e-05,105795.744,8367831008.466707,1.2994,0.5651,0.4349,1.2027,516.372,429.348,0.0
2026-09-09 06:30:00,3.113e-05,105721.8,8365292921.284398,1.2936,0.564,0.436,0.7752,325.45,419.808,0.0
2026-09-09 06:45:00,3.113e-05,105813.18,8376078674.025407,1.2889,0.5631,0.4369,0.4908,178.131,362.95,0.0
2026-09-09 07:00:00,3.113e-05,105864.264,8376561657.3926115,1.281,0.5616,0.4384,1.1194,866.638,774.205,0.0
2026-09-09 07:15:00,3.113e-05,105680.299,8371929878.6006,1.2841,0.5622,0.4378,0.6155,246.668,400.733,0.0
2026-09-09 07:30:00,3.113e-05,105663.656,8372629605.956,1.2841,0.5622,0.4378,0.6846,227.346,332.083,0.0
2026-09-09 07:45:00,3.113e-05,105598.932,8359792251.246,1.2805,0.5615,0.4385,1.5923,294.688,185.074,0.0
2026-09-09 08:00:00,3.113e-05,105623.302,8370281363.114352,1.2774,0.5609,0.4391,1.4991,1632.159,1088.783,0.0
2026-09-09 08:15:00,3.113e-05,105835.451,8402277968.797335,1.2538,0.5563,0.4437,1.5855,1376.885,868.428,0.0
2026-09-09 08:30:00,3.113e-05,105620.178,8413175278.59,1.2584,0.5572,0.4428,0.8711,1073.704,1232.616,0.0
2026-09-09 08:45:00,3.113e-05,105470.83,8396232477.918687,1.2502,0.5556,0.4444,1.037,452.6,436.47,0.0
2026-09-09 09:00:00,3.113e-05,105538.133,8407230997.6598,1.2416,0.5539,0.4461,0.4242,431.82,1018.037,0.0
2026-09-09 09:15:00,3.113e-05,105487.112,8386223521.283957,1.2297,0.5515,0.4485,0.46,179.217,389.578,0.0
2026-09-09 09:30:00,3.113e-05,105485.53,8374441745.71701,1.2232,0.5502,0.4498,0.5552,957.54,1724.792,0.0
2026-09-09 09:45:00,3.113e-05,105206.137,8316626339.681231,1.2188,0.5493,0.4507,0.7926,1354.491,1708.959,0.0
2026-09-09 10:00:00,3.113e-05,105470.653,8323850635.904304,1.2158,0.5487,0.4513,1.5231,990.171,650.105,0.0
2026-09-09 10:15:00,3.113e-05,105489.48,8330872154.280615,1.2316,0.5519,0.4481,1.1525,609.261,528.663,0.0
2026-09-09 10:30:00,3.113e-05,105518.446,8341357199.798631,1.2376,0.5531,0.4469,1.103,586.785,532.002,0.0
2026-09-09 10:45:00,3.113e-05,105565.454,8343703466.3428,1.2492,0.5554,0.4446,0.521,477.763,917.038,0.0
2026-09-09 11:00:00,3.113e-05,105594.704,8329574238.28,1.2326,0.5521,0.4479,1.0527,1039.398,987.361,0.0
2026-09-09 11:15:00,3.113e-05,105739.229,8336026135.6753,1.2252,0.5506,0.4494,1.2822,552.297,430.729,0.0
2026-09-09 11:30:00,3.113e-05,105788.285,8353704115.152527,1.2326,0.5521,0.4479,1.6402,798.864,487.059,0.0
2026-09-09 11:45:00,3.113e-05,105663.855,8346331220.854989,1.2371,0.553,0.447,1.2161,1395.151,1147.253,0.0
2026-09-09 12:00:00,3.113e-05,105446.802,8362133470.585704,1.2432,0.5542,0.4458,0.8236,870.344,1056.814,0.0
2026-09-09 12:15:00,3.113e-05,105462.927,8368061405.742,1.2467,0.5549,0.4451,0.9911,529.348,534.084,0.0
2026-09-09 12:30:00,3.113e-05,105291.685,8356927334.270499,1.2396,0.5535,0.4465,1.1776,862.742,732.656,0.0
2026-09-09 12:45:00,3.113e-05,105244.191,8363999544.068267,1.2331,0.5522,0.4478,1.0245,1067.092,1041.62,0.0
2026-09-09 13:00:00,3.113e-05,105218.574,8371755398.681755,1.2227,0.5501,0.4499,0.4739,803.451,1695.306,0.0
2026-09-09 13:15:00,3.113e-05,104885.9,8336680262.307935,1.2026,0.546,0.454,1.2999,845.672,650.563,0.0
2026-09-09 13:30:00,3.113e-05,104885.532,8347801698.126986,1.1949,0.5444,0.4556,0.6768,1515.031,2238.609,0.0
2026-09-09 13:45:00,3.113e-05,104573.403,8283316242.56708,1.1791,0.5411,0.4589,1.0007,883.895,883.303,0.0
2026-09-09 14:00:00,3.113e-05,104721.575,8284817018.66,1.1825,0.5418,0.4582,0.6819,2347.163,3441.978,0.0
2026-09-09 14:15:00,3.113e-05,105732.719,8358881169.3583555,1.1035,0.5246,0.4754,1.3236,1631.895,1232.884,0.0
2026-09-09 14:30:00,3.113e-05,105876.45,8386995544.709152,1.1146,0.5271,0.4729,0.6807,920.699,1352.546,0.0
2026-09-09 14:45:00,3.113e-05,105710.998,8346739551.1838,1.1151,0.5272,0.4728,1.0117,1025.316,1013.418,0.0
2026-09-09 15:00:00,3.113e-05,105979.863,8365223742.2886,1.1209,0.5285,0.4715,0.7839,5385.0,6869.6,0.0
2026-09-09 15:15:00,3.113e-05,106025.299,8319169060.736,1.1345,0.5315,0.4685,1.0698,3504.897,3276.25,0.0
2026-09-09 15:30:00,3.113e-05,105752.761,8285846334.825642,1.1777,0.5408,0.4592,1.2796,2150.104,1680.35,0.0
2026-09-09 15:45:00,3.113e-05,105422.74,8287808705.1,1.1716,0.5395,0.4605,0.8737,633.765,725.346,0.0
2026-09-09 16:00:00,3.113e-05,105487.135,8288124196.95,1.1631,0.5377,0.4623,1.0452,970.284,928.35,0.0
2026-09-09 16:15:00,3.113e-05,105435.667,8291140890.407556,1.1505,0.535,0.465,1.0039,634.128,631.65,0.0
2026-09-09 16:30:00,3.113e-05,105319.658,8277767031.9628,1.1496,0.5348,0.4652,1.877,1828.937,974.399,0.0
2026-09-09 16:45:00,3.113e-05,104816.698,8256809604.9124,1.2302,0.5516,0.4484,1.2379,380.741,307.568,0.0
2026-09-09 17:00:00,3.113e-05,104726.798,8249410486.22086,1.2306,0.5517,0.4483,1.0571,537.877,508.8,0.0
2026-09-09 17:15:00,3.113e-05,104681.096,8252958282.444751,1.2302,0.5516,0.4484,0.568,307.193,540.796,0.0
2026-09-09 17:30:00,3.113e-05,104501.334,8237048152.697049,1.2316,0.5519,0.4481,0.7593,612.201,806.322,0.0
2026-09-09 17:45:00,3.113e-05,104734.946,8239224966.560341,1.2114,0.5478,0.4522,0.5452,462.118,847.582,0.0
2026-09-09 18:00:00,3.113e-05,104956.674,8264515698.607905,1.1589,0.5368,0.4632,0.5158,217.406,421.523,0.0
2026-09-09 18:15:00,3.113e-05,104904.053,8242825474.069699,1.1631,0.5377,0.4623,0.8056,277.417,344.346,0.0
2026-09-09 18:30:00,3.113e-05,104912.201,8245561205.73354,1.1622,0.5375,0.4625,0.4672,314.86,673.889,0.0
2026-09-09 18:45:00,3.113e-05,105016.979,8244284424.509699,1.157,0.5364,0.4636,0.8749,614.988,702.943,0.0
2026-09-09 19:00:00,3.113e-05,105082.789,8236809332.976,1.1422,0.5332,0.4668,1.1939,834.716,699.173,0.0
2026-09-09 19:15:00,3.113e-05,105020.639,8239264041.398819,1.1455,0.5339,0.4661,2.7032,466.582,172.606,0.0
2026-09-09 19:30:00,3.113e-05,104940.365,8237363271.39006,1.158,0.5366,0.4634,0.8135,496.011,609.696,0.0
2026-09-09 19:45:00,3.113e-05,104996.374,8217530711.4726,1.1505,0.535,0.465,0.8405,659.394,784.538,0.0
2026-09-09 20:00:00,3.113e-05,105016.529,8212282066.1471,1.1538,0.5357,0.4643,1.1296,429.547,380.263,0.0
2026-09-09 20:15:00,3.113e-05,104967.725,8210197565.69,1.1594,0.5369,0.4631,0.8068,1066.777,1322.251,0.0
2026-09-09 20:30:00,3.113e-05,104854.275,8185914486.839224,1.1654,0.5382,0.4618,1.4512,628.7,433.23,0.0
2026-09-09 20:45:00,3.113e-05,104802.422,8199888220.6708,1.1744,0.5401,0.4599,1.1904,536.935,451.062,0.0
2026-09-09 21:00:00,3.113e-05,104898.16,8212198314.083229,1.1777,0.5408,0.4592,1.1962,347.769,290.739,0.0
2026-09-09 21:15:00,3.113e-05,104910.636,8204452359.8712,1.1825,0.5418,0.4582,0.8061,257.531,319.49,0.0
2026-09-09 21:30:00,3.113e-05,104998.22,8215785220.518,1.1858,0.5425,0.4575,0.9705,247.375,254.899,0.0
2026-09-09 21:45:00,3.113e-05,105112.117,8220818670.57,1.1882,0.543,0.457,0.8057,405.508,503.311,0.0
2026-09-09 22:00:00,3.113e-05,105150.772,8213547855.588879,1.1988,0.5452,0.4548,0.6009,1188.311,1977.545,0.0
2026-09-09 22:15:00,3.113e-05,105210.599,8188976775.187364,1.2232,0.5502,0.4498,1.7206,1003.039,582.959,0.0
2026-09-09 22:30:00,3.113e-05,105341.223,8216046551.3958,1.2336,0.5523,0.4477,1.5808,500.351,316.509,0.0
2026-09-09 22:45:00,3.113e-05,105357.439,8217490419.475699,1.2371,0.553,0.447,1.7944,864.162,481.6,0.0
2026-09-09 23:00:00,3.113e-05,105235.548,8196934610.692447,1.2391,0.5534,0.4466,2.3285,911.154,391.312,0.0
2026-09-09 23:15:00,3.113e-05,105379.247,8231889562.0496,1.2563,0.5568,0.4432,1.7595,336.046,190.993,0.0
2026-09-09 23:30:00,3.113e-05,105347.075,8233347973.087501,1.2609,0.5577,0.4423,1.309,438.05,334.656,0.0
2026-09-09 23:45:00,3.113e-05,105118.021,8218925778.7396,1.2701,0.5595,0.4405,2.1838,493.669,226.059,0.0
2026-09-10 00:00:00,3.562e-05,105105.968,8227209024.903028,1.2707,0.5596,0.4404,2.1516,1178.623,547.782,0.0
2026-09-10 00:15:00,3.562e-05,105152.384,8227745411.070018,1.2769,0.5608,0.4392,0.701,423.625,604.285,0.0
2026-09-10 00:30:00,3.562e-05,105165.675,8234283054.285,1.2727,0.56,0.44,0.4546,206.499,454.221,0.0
2026-09-10 00:45:00,3.562e-05,105095.926,8211155207.9726,1.2722,0.5599,0.4401,1.2358,728.322,589.366,0.0
2026-09-10 01:00:00,3.562e-05,105223.859,8222572815.722229,1.2696,0.5594,0.4406,1.8258,1096.132,600.35,0.0
2026-09-10 01:15:00,3.562e-05,105168.203,8235270919.65276,1.2763,0.5607,0.4393,1.0389,371.392,357.481,0.0
2026-09-10 01:30:00,3.562e-05,105177.042,8217954208.653229,1.2763,0.5607,0.4393,1.2021,1244.377,1035.137,0.0
2026-09-10 01:45:00,3.562e-05,105157.675,8217305053.037387,1.3403,0.5727,0.4273,1.3028,883.143,677.892,0.0
2026-09-10 02:00:00,3.562e-05,104939.535,8191843690.702611,1.3474,0.574,0.426,0.6571,324.727,494.148,0.0
2026-09-10 02:15:00,3.562e-05,104968.771,8189243638.336,1.3535,0.5751,0.4249,0.429,245.625,572.525,0.0
2026-09-10 02:30:00,3.562e-05,105158.812,8201916307.293794,1.3574,0.5758,0.4242,1.558,655.613,420.812,0.0
2026-09-10 02:45:00,3.562e-05,104903.274,8206604105.6748,1.3702,0.5781,0.4219,0.9109,437.545,480.322,0.0
2026-09-10 03:00:00,3.562e-05,104897.428,8215954681.4436,1.3685,0.5778,0.4222,2.0673,1772.074,857.21,0.0
2026-09-10 03:15:00,3.562e-05,105439.582,8261570832.1952,1.4492,0.5917,0.4083,1.0459,549.406,525.297,0.0
2026-09-10 03:30:00,3.562e-05,105385.455,8258819763.107013,1.4498,0.5918,0.4082,0.625,276.251,441.99,0.0
2026-09-10 03:45:00,3.562e-05,105503.016,8265673678.783062,1.451,0.592,0.408,0.702,238.15,339.23,0.0
2026-09-10 04:00:00,3.562e-05,105486.826,8259833772.883362,1.4588,0.5933,0.4067,0.923,250.447,271.333,0.0
2026-09-10 04:15:00,3.562e-05,105383.833,8252803833.356911,1.4624,0.5939,0.4061,1.3031,259.854,199.416,0.0
2026-09-10 04:30:00,3.562e-05,105364.405,8255581932.628616,1.4661,0.5945,0.4055,0.6625,160.874,242.834,0.0
2026-09-10 04:45:00,3.562e-05,105316.044,8246751374.5259905,1.4685,0.5949,0.4051,0.707,226.233,319.98,0.0
2026-09-10 05:00:00,3.562e-05,105271.497,8250874076.916657,1.4691,0.595,0.405,0.6214,363.363,584.704,0.0
2026-09-10 05:15:00,3.562e-05,105271.852,8258580667.254998,1.4691,0.595,0.405,0.9638,363.037,376.674,0.0
2026-09-10 05:30:00,3.562e-05,105345.672,8264456268.446989,1.4716,0.5954,0.4046,1.0652,435.011,408.384,0.0
2026-09-10 05:45:00,3.562e-05,105174.49,8244967511.417495,1.4759,0.5961,0.4039,1.8654,985.599,528.356,0.0
2026-09-10 06:00:00,3.562e-05,104923.475,8236555741.585,1.4777,0.5964,0.4036,0.4959,244.803,493.691,0.0
2026-09-10 06:15:00,3.562e-05,104842.68,8206969663.452,1.471,0.5953,0.4047,0.7291,592.816,813.044,0.0
2026-09-10 06:30:00,3.562e-05,104954.115,8205976793.41258,1.4667,0.5946,0.4054,0.4802,341.956,712.063,0.0
2026-09-10 06:45:00,3.562e-05,104904.442,8199950122.9278,1.4734,0.5957,0.4043,1.1908,819.268,688.007,0.0
2026-09-10 07:00:00,3.562e-05,104755.062,8211613128.5994,1.4759,0.5961,0.4039,1.1712,1050.63,897.063,0.0
2026-09-10 07:15:00,3.562e-05,105176.988,8222757957.2376,1.4808,0.5969,0.4031,0.8487,686.767,809.177,0.0
2026-09-10 07:30:00,3.562e-05,105373.789,8217732995.848499,1.4795,0.5967,0.4033,0.9985,1182.338,1184.133,0.0
2026-09-10 07:45:00,3.562e-05,105248.232,8206689966.941472,1.4826,0.5972,0.4028,2.0833,846.122,406.138,0.0
2026-09-10 08:00:00,3.562e-05,105099.162,8205209107.90519,1.4944,0.5991,0.4009,1.0506,472.24,449.495,0.0
2026-09-10 08:15:00,3.562e-05,105167.219,8207346212.148621,1.4963,0.5994,0.4006,1.2348,377.786,305.94,0.0
2026-09-10 08:30:00,3.562e-05,105162.005,8216748402.557005,1.4988,0.5998,0.4002,0.8146,255.035,313.092,0.0
2026-09-10 08:45:00,3.562e-05,105176.973,8210430043.299,1.4988,0.5998,0.4002,1.2749,345.622,271.098,0.0
2026-09-10 09:00:00,3.562e-05,105222.278,8215008388.0662,1.495,0.5992,0.4008,1.6218,327.932,202.206,0.0
2026-09-10 09:15:00,3.562e-05,105242.814,8221694921.0568,1.4975,0.5996,0.4004,1.7119,341.851,199.691,0.0
2026-09-10 09:30:00,3.562e-05,105237.526,8226912023.7922,1.4994,0.5999,0.4001,0.7913,678.004,856.808,0.0
2026-09-10 09:45:00,3.562e-05,105295.601,8206453400.199869,1.4969,0.5995,0.4005,0.9993,343.253,343.51,0.0
2026-09-10 10:00:00,3.562e-05,105416.163,8216715533.116499,1.5,0.6,0.4,0.9424,334.831,355.284,0.0
2026-09-10 10:15:00,3.562e-05,105581.229,8231091496.5942,1.5013,0.6002,0.3998,0.4052,121.372,299.565,0.0
2026-09-10 10:30:00,3.562e-05,105594.2,8231595861.0,1.5019,0.6003,0.3997,0.4671,439.453,940.754,0.0
2026-09-10 10:45:00,3.562e-05,105791.874,8247777818.3502,1.5019,0.6003,0.3997,0.7715,318.459,412.769,0.0
2026-09-10 11:00:00,3.562e-05,105920.906,8244565560.322,1.5056,0.6009,0.3991,0.8732,1194.226,1367.672,0.0
2026-09-10 11:15:00,3.562e-05,106162.005,8269553076.678,1.5082,0.6013,0.3987,1.3667,571.324,418.029,0.0
2026-09-10 11:30:00,3.562e-05,106238.106,8284436882.0694,1.5157,0.6025,0.3975,1.0492,367.309,350.07,0.0
2026-09-10 11:45:00,3.562e-05,106240.669,8284360518.813699,1.5227,0.6036,0.3964,0.6599,376.747,570.944,0.0
2026-09-10 12:00:00,3.562e-05,106196.243,8263972046.441597,1.5214,0.6034,0.3966,0.9347,917.516,981.656,0.0
2026-09-10 12:15:00,3.562e-05,106300.678,8270574871.606752,1.5208,0.6033,0.3967,1.0813,939.149,868.568,0.0
2026-09-10 12:30:00,3.562e-05,106571.049,8284127509.123423,1.5208,0.6033,0.3967,0.6167,6076.937,9853.301,0.0
2026-09-10 12:45:00,3.562e-05,106226.63,8190519324.846,1.4606,0.5936,0.4064,0.6975,4658.902,6679.71,0.0
2026-09-10 13:00:00,3.562e-05,106917.376,8217195183.52091,1.5094,0.6015,0.3985,0.9726,2004.972,2061.42,0.0
2026-09-10 13:15:00,3.562e-05,107246.24,8236511232.0,1.5329,0.6052,0.3948,0.8545,1751.84,2050.031,0.0
2026-09-10 13:30:00,3.562e-05,108132.015,8314646162.517312,1.5549,0.6086,0.3914,1.0202,2242.023,2197.577,0.0
2026-09-10 13:45:00,3.562e-05,108180.732,8319775763.226753,1.5813,0.6126,0.3874,1.5256,1799.94,1179.805,0.0
2026-09-10 14:00:00,3.562e-05,107995.55,8330554432.651168,1.59,0.6139,0.3861,1.1358,1616.958,1423.598,0.0
2026-09-10 14:15:00,3.562e-05,107951.86,8318327728.974,1.59,0.6139,0.3861,1.0901,1368.1,1255.078,0.0
2026-09-10 14:30:00,3.562e-05,107743.756,8322731078.4736,1.5907,0.614,0.386,0.9255,708.617,765.693,0.0
2026-09-10 14:45:00,3.562e-05,107717.544,8321374165.5792,1.586,0.6133,0.3867,0.8599,598.96,696.547,0.0
2026-09-10 15:00:00,3.562e-05,107645.864,8329336729.665083,1.5846,0.6131,0.3869,0.6488,452.619,697.622,0.0
2026-09-10 15:15:00,3.562e-05,107627.904,8319906048.96,1.574,0.6115,0.3885,0.5241,443.221,845.657,0.0
2026-09-10 15:30:00,3.562e-05,107622.543,8295261528.360828,1.5582,0.6091,0.3909,1.2933,574.333,444.087,0.0
2026-09-10 15:45:00,3.562e-05,107648.437,8308995317.6568,1.5615,0.6096,0.3904,1.1223,517.173,460.806,0.0
2026-09-10 16:00:00,3.562e-05,107634.86,8311402436.91,1.5602,0.6094,0.3906,0.7203,777.629,1079.637,0.0
2026-09-10 16:15:00,3.562e-05,107496.128,8272249942.483866,1.5575,0.609,0.391,1.1925,799.184,670.183,0.0
2026-09-10 16:30:00,3.562e-05,107547.152,8270058996.391519,1.5608,0.6095,0.3905,0.686,590.711,861.089,0.0
2026-09-10 16:45:00,3.562e-05,107633.062,8288929737.682,1.5681,0.6106,0.3894,1.9345,778.442,402.402,0.0
2026-09-10 17:00:00,3.562e-05,107635.499,8306457492.377901,1.5747,0.6116,0.3884,0.9249,416.035,449.813,0.0
2026-09-10 17:15:00,3.562e-05,107679.215,8307618796.095645,1.5747,0.6116,0.3884,0.9507,749.369,788.25,0.0
2026-09-10 17:30:00,3.562e-05,107515.814,8310553110.5254,1.58,0.6124,0.3876,1.3002,1360.589,1046.451,0.0
2026-09-10 17:45:00,3.562e-05,107339.585,8301053136.182499,1.58,0.6124,0.3876,0.9764,285.437,292.34,0.0
2026-09-10 18:00:00,3.562e-05,107334.652,8297075934.252,1.588,0.6136,0.3864,0.6096,577.381,947.08,0.0
2026-09-10 18:15:00,3.562e-05,107272.896,8258414625.8496,1.588,0.6136,0.3864,1.3304,516.096,387.914,0.0
2026-09-10 18:30:00,3.562e-05,107341.731,8270014854.8178,1.5947,0.6146,0.3854,1.8622,293.958,157.853,0.0
2026-09-10 18:45:00,3.562e-05,107318.045,8277408615.4365,1.5994,0.6153,0.3847,2.0639,486.907,235.919,0.0
2026-09-10 19:00:00,3.562e-05,107263.023,8283392888.727145,1.6028,0.6158,0.3842,0.7837,188.219,240.152,0.0
2026-09-10 19:15:00,3.562e-05,107266.613,8274868209.287872,1.6008,0.6155,0.3845,0.7527,215.846,286.776,0.0
2026-09-10 19:30:00,3.562e-05,107253.47,8276235463.244,1.6008,0.6155,0.3845,1.6382,398.571,243.303,0.0
2026-09-10 19:45:00,3.562e-05,107314.522,8287546396.1374,1.5994,0.6153,0.3847,1.1555,338.265,292.751,0.0
2026-09-10 20:00:00,3.562e-05,107170.024,8266634820.2568,1.5961,0.6148,0.3852,1.3384,287.123,214.523,0.0
2026-09-10 20:15:00,3.562e-05,107215.085,8287122405.367743,1.5967,0.6149,0.3851,1.1286,242.415,214.794,0.0
2026-09-10 20:30:00,3.562e-05,107220.544,8282604749.0752,1.5974,0.615,0.385,0.935,176.082,188.323,0.0
2026-09-10 20:45:00,3.562e-05,107171.275,8280405410.861291,1.5981,0.6151,0.3849,0.6153,123.726,201.091,0.0
2026-09-10 21:00:00,3.562e-05,107109.975,8272456832.1675005,1.5988,0.6152,0.3848,0.8396,223.184,265.824,0.0
2026-09-10 21:15:00,3.562e-05,107090.612,8269389912.259219,1.5974,0.615,0.385,0.2529,56.813,224.685,0.0
2026-09-10 21:30:00,3.562e-05,107161.679,8272368679.3288355,1.5974,0.615,0.385,0.5072,154.946,305.495,0.0
2026-09-10 21:45:00,3.562e-05,107158.515,8264027074.925309,1.5961,0.6148,0.3852,0.5449,185.975,341.289,0.0
2026-09-10 22:00:00,3.562e-05,107244.497,8269998519.409501,1.5954,0.6147,0.3853,0.8675,251.89,290.378,0.0
2026-09-10 22:15:00,3.562e-05,107333.421,8276211759.757501,1.594,0.6145,0.3855,0.4674,112.897,241.553,0.0
2026-09-10 22:30:00,3.562e-05,107301.508,8265295669.2796,1.5954,0.6147,0.3853,0.3747,389.751,1040.037,0.0
2026-09-10 22:45:00,3.562e-05,107224.57,8236894965.287,1.594,0.6145,0.3855,0.9492,501.345,528.193,0.0
2026-09-10 23:00:00,3.562e-05,107335.463,8242741172.832276,1.594,0.6145,0.3855,0.5001,1285.506,2570.303,0.0
2026-09-10 23:15:00,3.562e-05,106960.176,8185117403.292346,1.5934,0.6144,0.3856,1.1819,906.686,767.164,0.0
2026-09-10 23:30:00,3.562e-05,106957.377,8203058559.055319,1.5954,0.6147,0.3853,1.4103,465.92,330.369,0.0
2026-09-10 23:45:00,3.562e-05,106928.733,8205134881.049774,1.6001,0.6154,0.3846,0.6168,507.319,822.511,0.0
2026-09-11 00:00:00,3.562e-05,106858.934,8178512629.0504,1.6008,0.6155,0.3845,1.7563,1107.843,630.787,0.0
2026-09-11 00:15:00,3.562e-05,106731.001,8195435969.685901,1.613,0.6173,0.3827,2.1882,966.435,441.648,0.0
2026-09-11 00:30:00,3.562e-05,106926.831,8213905303.758,1.6219,0.6186,0.3814,0.9975,418.631,419.696,0.0
2026-09-11 00:45:00,3.562e-05,106943.806,8206332398.541688,1.6254,0.6191,0.3809,1.5636,424.733,271.636,0.0
2026-09-11 01:00:00,3.562e-05,106872.735,8216482739.535,1.6302,0.6198,0.3802,1.1874,358.228,301.682,0.0
2026-09-11 01:15:00,3.562e-05,106900.937,8217528477.658499,1.6385,0.621,0.379,0.6524,300.462,460.525,0.0
2026-09-11 01:30:00,3.562e-05,106844.781,8203607148.478664,1.6371,0.6208,0.3792,0.7755,702.358,905.646,0.0
2026-09-11 01:45:00,3.562e-05,106685.508,8199048003.57,1.6316,0.62,0.38,1.6214,374.594,231.037,0.0
2026-09-11 02:00:00,3.562e-05,106766.95,8215398392.507632,1.6357,0.6206,0.3794,0.6499,320.512,493.152,0.0
2026-09-11 02:15:00,3.562e-05,106918.688,8227986604.570096,1.6378,0.6209,0.3791,0.5511,188.053,341.233,0.0
2026-09-11 02:30:00,3.562e-05,106873.024,8205272603.3216,1.6371,0.6208,0.3792,1.4989,242.681,161.91,0.0
2026-09-11 02:45:00,3.562e-05,106913.276,8214843624.835389,1.6357,0.6206,0.3794,0.8743,141.007,161.289,0.0
2026-09-11 03:00:00,3.562e-05,106919.831,8212875746.5354,1.6371,0.6208,0.3792,0.9495,582.341,613.284,0.0
2026-09-11 03:15:00,3.562e-05,107044.447,8226806228.213674,1.6323,0.6201,0.3799,0.8398,237.823,283.195,0.0
2026-09-11 03:30:00,3.562e-05,107069.329,8222389120.555,1.6323,0.6201,0.3799,0.7584,647.495,853.773,0.0
2026-09-11 03:45:00,3.562e-05,107088.892,8229021019.0668,1.6337,0.6203,0.3797,1.3094,537.647,410.617,0.0
2026-09-11 04:00:00,3.562e-05,107053.513,8228122303.828701,1.6337,0.6203,0.3797,1.8591,544.601,292.934,0.0
2026-09-11 04:15:00,3.562e-05,107113.662,8241293020.1814,1.6357,0.6206,0.3794,2.661,1159.17,435.62,0.0
2026-09-11 04:30:00,3.562e-05,106934.625,8249948732.904955,1.6476,0.6223,0.3777,0.8132,252.949,311.039,0.0
2026-09-11 04:45:00,3.562e-05,106935.495,8241037751.023349,1.6455,0.622,0.378,0.7546,123.511,163.668,0.0
2026-09-11 05:00:00,3.562e-05,106941.549,8242808038.127933,1.6483,0.6224,0.3776,1.1814,291.042,246.36,0.0
2026-09-11 05:15:00,3.562e-05,106966.513,8248413888.054266,1.6448,0.6219,0.3781,0.9594,169.723,176.903,0.0
2026-09-11 05:30:00,3.562e-05,106945.393,8241771409.998522,1.6448,0.6219,0.3781,1.1927,330.907,277.432,0.0
2026-09-11 05:45:00,3.562e-05,106983.57,8255151815.196,1.6476,0.6223,0.3777,1.3569,328.767,242.287,0.0
2026-09-11 06:00:00,3.562e-05,106990.838,8261853908.5276,1.6575,0.6237,0.3763,1.9366,788.696,407.26,0.0
2026-09-11 06:15:00,3.562e-05,106962.053,8276477108.796681,1.6617,0.6243,0.3757,0.8045,381.672,474.4,0.0
2026-09-11 06:30:00,3.562e-05,106872.03,8254666246.420047,1.6469,0.6222,0.3778,0.8226,228.166,277.384,0.0
2026-09-11 06:45:00,3.562e-05,106818.989,8246383223.2044,1.6371,0.6208,0.3792,1.3865,192.167,138.597,0.0
2026-09-11 07:00:00,3.562e-05,106808.246,8252432318.944,1.6371,0.6208,0.3792,1.3232,286.226,216.315,0.0
2026-09-11 07:15:00,3.562e-05,106837.607,8256021343.683768,1.6385,0.621,0.379,0.5911,304.982,515.998,0.0
2026-09-11 07:30:00,3.562e-05,106630.498,8242301417.022504,1.6378,0.6209,0.3791,0.8889,362.868,408.244,0.0
2026-09-11 07:45:00,3.562e-05,106552.072,8229005865.3528,1.6281,0.6195,0.3805,0.5836,235.65,403.782,0.0
2026-09-11 08:00:00,6.122e-05,106493.345,8220018963.194499,1.6178,0.618,0.382,0.5059,274.736,543.02,0.0
2026-09-11 08:15:00,6.122e-05,106466.056,8213777777.104255,1.6008,0.6155,0.3845,2.1329,907.279,425.376,0.0
2026-09-11 08:30:00,6.122e-05,106653.816,8250301925.1144,1.613,0.6173,0.3827,1.071,548.538,512.194,0.0
2026-09-11 08:45:00,6.122e-05,106615.473,8250279269.963328,1.6076,0.6165,0.3835,0.7036,157.684,224.116,0.0
2026-09-11 09:00:00,6.122e-05,106635.571,8245510219.1182,1.6042,0.616,0.384,0.7436,177.047,238.097,0.0
2026-09-11 09:15:00,6.122e-05,106617.34,8235307438.7365265,1.6035,0.6159,0.3841,0.4768,161.483,338.656,0.0
2026-09-11 09:30:00,6.122e-05,106623.397,8221623519.273,1.5988,0.6152,0.3848,0.5766,902.234,1564.769,0.0
2026-09-11 09:45:00,6.122e-05,106471.018,8190861189.56285,1.5967,0.6149,0.3851,1.8627,532.543,285.896,0.0
2026-09-11 10:00:00,6.122e-05,106567.856,8207099637.3424,1.6048,0.6161,0.3839,1.6479,704.297,427.397,0.0
2026-09-11 10:15:00,6.122e-05,106626.333,8215217753.3844,1.6055,0.6162,0.3838,0.7587,232.243,306.099,0.0
2026-09-11 10:30:00,6.122e-05,106618.828,8209628432.2344,1.6062,0.6163,0.3837,0.7555,308.955,408.94,0.0
2026-09-11 10:45:00,6.122e-05,106488.035,8197693856.780499,1.6021,0.6157,0.3843,0.8507,168.826,198.458,0.0
2026-09-11 11:00:00,6.122e-05,106523.562,8198802466.055307,1.6015,0.6156,0.3844,0.6728,827.653,1230.074,0.0
2026-09-11 11:15:00,6.122e-05,106445.587,8170124584.598,1.5907,0.614,0.386,1.0674,535.161,501.365,0.0
2026-09-11 11:30:00,6.122e-05,106531.774,8183238219.81,1.5981,0.6151,0.3849,0.6766,261.428,386.392,0.0
2026-09-11 11:45:00,6.122e-05,106574.583,8193453941.04,1.6021,0.6157,0.3843,1.4847,561.116,377.934,0.0
2026-09-11 12:00:00,6.122e-05,106607.188,8210235315.9132,1.6082,0.6166,0.3834,1.0745,540.949,503.427,0.0
2026-09-11 12:15:00,6.122e-05,106610.057,8197026087.640025,1.6035,0.6159,0.3841,1.1579,2887.579,2493.842,0.0
2026-09-11 12:30:00,6.122e-05,106455.061,8209160948.725512,1.6048,0.6161,0.3839,0.9909,14092.374,14222.432,0.0
2026-09-11 12:45:00,6.122e-05,106767.606,8282450256.191812,1.5994,0.6153,0.3847,1.0854,5660.083,5214.78,0.0
2026-09-11 13:00:00,6.122e-05,106097.843,8274867849.5304,1.5432,0.6068,0.3932,0.6181,1722.553,2786.665,0.0
2026-09-11 13:15:00,6.122e-05,105894.482,8226561086.4448,1.5202,0.6032,0.3968,0.7945,986.055,1241.158,0.0
2026-09-11 13:30:00,6.122e-05,105815.027,8200864408.076617,1.5259,0.6041,0.3959,1.2261,3982.894,3248.521,0.0
2026-09-11 13:45:00,6.122e-05,105845.416,8234498166.7184,1.5336,0.6053,0.3947,1.4122,9412.205,6664.885,0.0
2026-09-11 14:00:00,6.122e-05,105424.114,8351049690.746209,1.4857,0.5977,0.4023,0.9272,7540.722,8132.8,0.0
2026-09-11 14:15:00,6.122e-05,104541.515,8262658175.206499,1.3923,0.582,0.418,0.8213,1853.029,2256.35,0.0
2026-09-11 14:30:00,6.122e-05,104425.326,8250175093.293,1.3674,0.5776,0.4224,0.7282,2029.522,2786.95,0.0
2026-09-11 14:45:00,6.122e-05,104472.021,8213033612.6135235,1.3585,0.576,0.424,1.1046,1751.005,1585.229,0.0
2026-09-11 15:00:00,6.122e-05,104458.941,8226956383.4898,1.3753,0.579,0.421,0.6076,760.113,1250.96,0.0
2026-09-11 15:15:00,6.122e-05,104529.994,8202889035.182021,1.3646,0.5771,0.4229,0.8875,820.481,924.533,0.0
2026-09-11 15:30:00,6.122e-05,104443.07,8217459019.201915,1.3736,0.5787,0.4213,0.7758,528.947,681.797,0.0
2026-09-11 15:45:00,6.122e-05,104522.498,8217109346.0186,1.3719,0.5784,0.4216,0.7431,5170.494,6957.896,0.0
2026-09-11 16:00:00,3.593e-05,104001.399,8080742753.748982,1.419,0.5866,0.4134,0.9392,2822.752,3005.47,0.0
2026-09-11 16:15:00,3.593e-05,103861.037,8076225515.596103,1.4649,0.5943,0.4057,0.9194,2151.623,2340.355,0.0
2026-09-11 16:30:00,3.593e-05,103579.647,8041250525.374499,1.4673,0.5947,0.4053,1.0884,632.437,581.093,0.0
2026-09-11 16:45:00,3.593e-05,103489.298,8047855607.8998,1.4734,0.5957,0.4043,0.9934,1033.119,1039.969,0.0
2026-09-11 17:00:00,3.593e-05,103468.656,8058730026.165464,1.4789,0.5966,0.4034,0.7694,535.445,695.953,0.0
2026-09-11 17:15:00,3.593e-05,103474.165,8041442995.892499,1.4722,0.5955,0.4045,0.7417,248.837,335.48,0.0
2026-09-11 17:30:00,3.593e-05,103468.711,8049865715.8,1.474,0.5958,0.4042,0.9711,502.813,517.787,0.0
2026-09-11 17:45:00,3.593e-05,103471.078,8026485937.9359665,1.4716,0.5954,0.4046,0.9346,378.894,405.42,0.0
2026-09-11 18:00:00,3.593e-05,103534.1,8023379391.610367,1.4752,0.596,0.404,0.5905,2098.672,3554.164,0.0
2026-09-11 18:15:00,3.593e-05,103487.667,7973693696.049901,1.4734,0.5957,0.4043,1.3302,854.049,642.034,0.0
2026-09-11 18:30:00,3.593e-05,103480.702,7986547447.7282,1.4857,0.5977,0.4023,0.9104,457.564,502.614,0.0
2026-09-11 18:45:00,3.593e-05,103581.182,7984268826.148866,1.4907,0.5985,0.4015,1.1162,620.546,555.952,0.0
2026-09-11 19:00:00,3.593e-05,103676.189,7984099717.777233,1.4894,0.5983,0.4017,1.123,507.274,451.725,0.0
2026-09-11 19:15:00,3.593e-05,103512.999,7988738305.222038,1.4969,0.5995,0.4005,1.252,377.042,301.161,0.0
2026-09-11 19:30:00,3.593e-05,103497.385,7990055426.552184,1.5044,0.6007,0.3993,1.1117,431.029,387.706,0.0
2026-09-11 19:45:00,3.593e-05,103454.09,7994011333.799,1.5094,0.6015,0.3985,0.9334,461.699,494.663,0.0
2026-09-11 20:00:00,3.593e-05,103536.778,7999250749.524581,1.5126,0.602,0.398,1.2528,993.522,793.07,0.0
2026-09-11 20:15:00,3.593e-05,103207.772,7990500519.898,1.5138,0.6022,0.3978,0.6117,173.537,283.683,0.0
2026-09-11 20:30:00,3.593e-05,103198.995,7982927298.526499,1.5113,0.6018,0.3982,0.955,376.608,394.359,0.0
2026-09-11 20:45:00,3.593e-05,103143.339,7981326646.9373665,1.5107,0.6017,0.3983,0.8042,351.165,436.651,0.0
2026-09-11 21:00:00,3.593e-05,103120.935,7972136996.299798,1.5069,0.6011,0.3989,0.96,246.651,256.938,0.0
2026-09-11 21:15:00,3.593e-05,103123.302,7974411508.0278,1.51,0.6016,0.3984,1.4273,170.471,119.433,0.0
2026-09-11 21:30:00,3.593e-05,103119.6,7974383035.44,1.5113,0.6018,0.3982,1.4199,183.757,129.418,0.0
2026-09-11 21:45:00,3.593e-05,103110.731,7971480302.5369,1.5119,0.6019,0.3981,0.6017,277.207,460.72,0.0
2026-09-11 22:00:00,3.593e-05,103087.835,7946030939.367,1.5088,0.6014,0.3986,0.9847,647.754,657.815,0.0
2026-09-11 22:15:00,3.593e-05,103244.18,7965259716.288161,1.517,0.6027,0.3973,1.458,683.94,469.092,0.0
2026-09-11 22:30:00,3.593e-05,103480.809,7978608379.760701,1.5214,0.6034,0.3966,1.2875,841.031,653.239,0.0
2026-09-11 22:45:00,3.593e-05,103588.877,7984630639.16,1.5246,0.6039,0.3961,1.0831,902.536,833.272,0.0
2026-09-11 23:00:00,3.593e-05,103824.359,8005896322.49,1.5278,0.6044,0.3956,0.958,1071.582,1118.521,0.0
2026-09-11 23:15:00,3.593e-05,103699.232,7994951539.12,1.5361,0.6057,0.3943,1.7451,336.834,193.016,0.0
2026-09-11 23:30:00,3.593e-05,103770.608,8006942452.397142,1.5387,0.6061,0.3939,0.9158,720.631,786.856,0.0
2026-09-11 23:45:00,3.593e-05,103428.467,7981997993.201154,1.5458,0.6072,0.3928,1.6151,225.014,139.315,0.0
2026-09-12 00:00:00,3.593e-05,103385.135,7980502326.269425,1.5471,0.6074,0.3926,1.3249,733.507,553.642,0.0
2026-09-12 00:15:00,3.593e-05,103462.889,7992611638.139,1.5873,0.6135,0.3865,1.1627,237.006,203.836,0.0
2026-09-12 00:30:00,3.593e-05,103431.578,7989117143.6668,1.592,0.6142,0.3858,0.8527,197.725,231.893,0.0
2026-09-12 00:45:00,3.593e-05,103435.468,7990343697.32761,1.5927,0.6143,0.3857,1.7165,311.414,181.425,0.0
2026-09-12 01:00:00,3.593e-05,103364.385,7985271086.729437,1.594,0.6145,0.3855,1.3095,281.523,214.987,0.0
2026-09-12 01:15:00,3.593e-05,103446.208,8000178009.6128,1.6001,0.6154,0.3846,0.8507,171.57,201.677,0.0
2026-09-12 01:30:00,3.593e-05,103457.404,7995656021.498314,1.6008,0.6155,0.3845,0.6093,91.827,150.705,0.0
2026-09-12 01:45:00,3.593e-05,103443.955,7990212291.687962,1.6015,0.6156,0.3844,0.7394,219.324,296.62,0.0
2026-09-12 02:00:00,3.593e-05,103482.135,7992577223.500499,1.6048,0.6161,0.3839,1.6663,124.3,74.598,0.0
2026-09-12 02:15:00,3.593e-05,103497.249,7996864215.517059,1.6062,0.6163,0.3837,0.5118,93.781,183.244,0.0
2026-09-12 02:30:00,3.593e-05,103541.717,7998639054.9368,1.6096,0.6168,0.3832,0.4319,125.259,290.024,0.0
2026-09-12 02:45:00,3.593e-05,103552.702,7995190213.4478,1.6082,0.6166,0.3834,1.2113,313.225,258.577,0.0
2026-09-12 03:00:00,3.593e-05,103441.97,7991877506.992173,1.6021,0.6157,0.3843,1.1375,171.327,150.616,0.0
2026-09-12 03:15:00,3.593e-05,103425.308,7988994833.6828,1.6042,0.616,0.384,0.6755,152.878,226.327,0.0
2026-09-12 03:30:00,3.593e-05,103421.56,7989452966.091646,1.6048,0.6161,0.3839,0.4127,44.188,107.076,0.0
2026-09-12 03:45:00,3.593e-05,103439.584,7987066790.6432,1.6042,0.616,0.384,2.2678,82.709,36.471,0.0
2026-09-12 04:00:00,3.593e-05,103411.297,7987157664.1296,1.6035,0.6159,0.3841,1.2939,135.879,105.012,0.0
2026-09-12 04:15:00,3.593e-05,103385.482,7987283198.5186,1.6055,0.6162,0.3838,0.5304,97.501,183.829,0.0
2026-09-12 04:30:00,3.593e-05,103409.335,7985609488.790649,1.6055,0.6162,0.3838,0.8141,254.881,313.076,0.0
2026-09-12 04:45:00,3.593e-05,103547.288,7995794536.591779,1.6089,0.6167,0.3833,0.4075,71.626,175.776,0.0
2026-09-12 05:00:00,3.593e-05,103492.804,7988236966.6656,1.6076,0.6165,0.3835,0.7879,437.389,555.116,0.0
2026-09-12 05:15:00,3.593e-05,103520.674,7990908736.849326,1.6008,0.6155,0.3845,0.6596,189.315,287.018,0.0
2026-09-12 05:30:00,3.593e-05,103582.044,7992618395.5368,1.6035,0.6159,0.3841,1.6473,222.688,135.184,0.0
2026-09-12 05:45:00,3.593e-05,103541.038,7993368912.098144,1.6035,0.6159,0.3841,1.7059,438.913,257.298,0.0
2026-09-12 06:00:00,3.593e-05,103448.795,7983950410.751,1.6021,0.6157,0.3843,1.7963,141.024,78.507,0.0
2026-09-12 06:15:00,3.593e-05,103427.658,7982381160.1872,1.5994,0.6153,0.3847,1.9735,62.583,31.711,0.0
2026-09-12 06:30:00,3.593e-05,103435.005,7985850818.230205,1.6008,0.6155,0.3845,1.9049,240.817,126.42,0.0
2026-09-12 06:45:00,3.593e-05,103456.878,7995851038.6104,1.6062,0.6163,0.3837,0.8742,186.412,213.229,0.0
2026-09-12 07:00:00,3.593e-05,103528.297,7998627172.177982,1.6103,0.6169,0.3831,1.455,125.779,86.446,0.0
2026-09-12 07:15:00,3.593e-05,103552.891,8005126774.955512,1.6144,0.6175,0.3825,0.5785,110.15,190.394,0.0
2026-09-12 07:30:00,3.593e-05,103561.49,8002355084.560104,1.6164,0.6178,0.3822,0.4749,89.066,187.545,0.0
2026-09-12 07:45:00,3.593e-05,103575.345,8000563591.645501,1.6157,0.6177,0.3823,1.2956,371.453,286.694,0.0
2026-09-12 08:00:00,3.593e-05,103577.385,8000008261.821917,1.6171,0.6179,0.3821,0.8498,392.588,461.992,0.0
2026-09-12 08:15:00,3.593e-05,103668.221,8009925095.565,1.6212,0.6185,0.3815,0.8626,132.981,154.163,0.0
2026-09-12 08:30:00,3.593e-05,103676.182,8010911736.009198,1.6219,0.6186,0.3814,1.1331,113.462,100.137,0.0
2026-09-12 08:45:00,3.593e-05,103695.333,8016903009.899619,1.624,0.6189,0.3811,1.3694,367.736,268.539,0.0
2026-09-12 09:00:00,3.593e-05,103708.752,8019294025.394421,1.6316,0.62,0.38,1.3254,294.608,222.281,0.0
2026-09-12 09:15:00,3.593e-05,103706.569,8020460296.384394,1.6357,0.6206,0.3794,1.1485,213.872,186.224,0.0
2026-09-12 09:30:00,3.593e-05,103710.677,8018868061.3692,1.6371,0.6208,0.3792,0.6551,137.021,209.149,0.0
2026-09-12 09:45:00,3.593e-05,103724.053,8018522758.433901,1.6385,0.621,0.379,1.7417,139.445,80.061,0.0
2026-09-12 10:00:00,3.593e-05,103709.921,8019176391.803015,1.6364,0.6207,0.3793,1.5996,134.832,84.291,0.0
2026-09-12 10:15:00,3.593e-05,103733.101,8025373598.7256,1.6406,0.6213,0.3787,0.4621,74.609,161.451,0.0
2026-09-12 10:30:00,3.593e-05,103788.618,8027224591.839677,1.6434,0.6217,0.3783,0.6179,90.149,145.885,0.0
2026-09-12 10:45:00,3.593e-05,103818.941,8028521639.705338,1.6427,0.6216,0.3784,0.7809,152.402,195.164,0.0
2026-09-12 11:00:00,3.593e-05,103806.153,8024091058.01225,1.6427,0.6216,0.3784,0.6024,99.515,165.188,0.0
2026-09-12 11:15:00,3.593e-05,103816.784,8024757097.8832,1.6427,0.6216,0.3784,0.4672,69.783,149.367,0.0
2026-09-12 11:30:00,3.593e-05,103838.189,8022995370.1716,1.6385,0.621,0.379,2.5487,151.829,59.57,0.0
2026-09-12 11:45:00,3.593e-05,103800.369,8025261877.043642,1.6406,0.6213,0.3787,2.11,84.046,39.832,0.0
2026-09-12 12:00:00,3.593e-05,103787.91,8025483171.078,1.642,0.6215,0.3785,0.5452,94.755,173.807,0.0
2026-09-12 12:15:00,3.593e-05,103857.022,8027564430.1022625,1.6378,0.6209,0.3791,2.0128,298.072,148.089,0.0
2026-09-12 12:30:00,3.593e-05,103804.864,8023524299.4752,1.6337,0.6203,0.3797,0.8083,96.687,119.615,0.0
2026-09-12 12:45:00,3.593e-05,103822.238,8024669948.3912,1.6357,0.6206,0.3794,0.5616,201.622,359.019,0.0
2026-09-12 13:00:00,3.593e-05,103826.911,8025950333.943242,1.6337,0.6203,0.3797,1.5027,589.987,392.631,0.0
2026-09-12 13:15:00,3.593e-05,103994.848,8037137832.832,1.6309,0.6199,0.3801,0.5865,439.272,748.938,0.0
2026-09-12 13:30:00,3.593e-05,103793.98,8020094446.912731,1.6316,0.62,0.38,1.2891,315.216,244.515,0.0
2026-09-12 13:45:00,3.593e-05,103724.164,8014376503.982634,1.6281,0.6195,0.3805,1.5356,189.204,123.209,0.0
2026-09-12 14:00:00,3.593e-05,103695.297,8018663991.242701,1.6267,0.6193,0.3807,0.9058,116.608,128.728,0.0
2026-09-12 14:15:00,3.593e-05,103703.6,8019809337.3488655,1.6233,0.6188,0.3812,1.3192,235.457,178.488,0.0
2026-09-12 14:30:00,3.593e-05,103678.688,8024201136.186872,1.6267,0.6193,0.3807,1.3684,365.119,266.831,0.0
2026-09-12 14:45:00,3.593e-05,103677.836,8026424876.004585,1.6316,0.62,0.38,1.256,380.322,302.803,0.0
2026-09-12 15:00:00,3.593e-05,103663.057,8026246950.1991005,1.6302,0.6198,0.3802,0.7805,182.881,234.317,0.0
2026-09-12 15:15:00,3.593e-05,103688.14,8025872444.929021,1.6254,0.6191,0.3809,1.6444,261.445,158.987,0.0
2026-09-12 15:30:00,3.593e-05,103808.955,8036785487.145,1.6261,0.6192,0.3808,0.6761,158.722,234.766,0.0
2026-09-12 15:45:00,3.593e-05,103831.348,8033088751.3116,1.6226,0.6187,0.3813,0.8235,258.904,314.404,0.0
2026-09-12 16:00:00,5.169e-05,103859.823,8032913378.1474,1.6233,0.6188,0.3812,0.4693,117.181,249.688,0.0
2026-09-12 16:15:00,5.169e-05,103760.472,8024222717.6952,1.624,0.6189,0.3811,2.7478,93.153,33.901,0.0
2026-09-12 16:30:00,5.169e-05,103743.631,8024528360.3976,1.6247,0.619,0.381,1.0763,102.417,95.157,0.0
2026-09-12 16:45:00,5.169e-05,103733.867,8021484792.643416,1.6233,0.6188,0.3812,1.2617,321.355,254.7,0.0
2026-09-12 17:00:00,5.169e-05,103669.141,8016398619.207123,1.6199,0.6183,0.3817,0.781,107.46,137.598,0.0
2026-09-12 17:15:00,5.169e-05,103667.591,8016112021.208326,1.6199,0.6183,0.3817,0.4297,137.09,319.002,0.0
2026-09-12 17:30:00,5.169e-05,103646.997,8008067564.511299,1.6199,0.6183,0.3817,0.5497,255.318,464.427,0.0
2026-09-12 17:45:00,5.169e-05,103552.409,7994467271.111149,1.6171,0.6179,0.3821,0.409,226.708,554.287,0.0
2026-09-12 18:00:00,5.169e-05,103410.825,7980762794.456373,1.6192,0.6182,0.3818,0.5175,184.099,355.738,0.0
2026-09-12 18:15:00,5.169e-05,103433.712,7978475492.203718,1.6192,0.6182,0.3818,0.6965,268.067,384.864,0.0
2026-09-12 18:30:00,5.169e-05,103421.918,7980934963.5666,1.6288,0.6196,0.3804,0.9797,200.597,204.75,0.0
2026-09-12 18:45:00,5.169e-05,103474.203,7983380179.33453,1.6309,0.6199,0.3801,0.6385,97.853,153.247,0.0
2026-09-12 19:00:00,5.169e-05,103473.146,7978359006.2176,1.6323,0.6201,0.3799,1.0366,265.181,255.813,0.0
2026-09-12 19:15:00,5.169e-05,103565.052,7989184171.8684,1.6323,0.6201,0.3799,0.68,436.469,641.865,0.0
2026-09-12 19:30:00,5.169e-05,103437.701,7974353714.503299,1.6302,0.6198,0.3802,0.7064,312.104,441.819,0.0
2026-09-12 19:45:00,5.169e-05,103475.222,7971803535.5354,1.6281,0.6195,0.3805,0.8035,161.31,200.749,0.0
2026-09-12 20:00:00,5.169e-05,103510.921,7979046185.4560995,1.6295,0.6197,0.3803,1.9293,179.431,93.003,0.0
2026-09-12 20:15:00,5.169e-05,103479.442,7982801739.642631,1.6316,0.62,0.38,2.4621,343.966,139.705,0.0
2026-09-12 20:30:00,5.169e-05,103392.613,7977567233.854,1.6357,0.6206,0.3794,1.1133,408.983,367.359,0.0
2026-09-12 20:45:00,5.169e-05,103236.601,7965124669.505368,1.6399,0.6212,0.3788,1.2056,216.222,179.35,0.0
2026-09-12 21:00:00,5.169e-05,103236.243,7962528833.5956,1.6434,0.6217,0.3783,0.6007,261.926,436.051,0.0
2026-09-12 21:15:00,5.169e-05,103391.163,7974597469.549314,1.6476,0.6223,0.3777,1.075,87.32,81.229,0.0
2026-09-12 21:30:00,5.169e-05,103351.671,7975927500.581699,1.6476,0.6223,0.3777,1.8414,273.696,148.632,0.0
2026-09-12 21:45:00,5.169e-05,103240.036,7970203047.2252,1.6476,0.6223,0.3777,1.3835,233.569,168.819,0.0
2026-09-12 22:00:00,5.169e-05,103188.754,7968223593.795656,1.6448,0.6219,0.3781,1.7368,304.53,175.342,0.0
2026-09-12 22:15:00,5.169e-05,103183.613,7965996221.794034,1.6448,0.6219,0.3781,0.6007,149.797,249.387,0.0
2026-09-12 22:30:00,5.169e-05,103274.449,7969203839.4197,1.6504,0.6227,0.3773,0.7107,89.9,126.494,0.0
2026-09-12 22:45:00,5.169e-05,103273.378,7968233044.3326,1.6483,0.6224,0.3776,1.6842,85.461,50.742,0.0
2026-09-12 23:00:00,5.169e-05,103241.022,7969721665.5966,1.649,0.6225,0.3775,1.6705,217.585,130.249,0.0
2026-09-12 23:15:00,5.169e-05,103132.524,7966195353.208031,1.6483,0.6224,0.3776,0.3469,64.617,186.278,0.0
2026-09-12 23:30:00,5.169e-05,103245.399,7972657423.620635,1.6518,0.6229,0.3771,0.6998,105.408,150.627,0.0
2026-09-12 23:45:00,5.169e-05,103336.834,7979670321.48,1.6532,0.6231,0.3769,1.3649,129.914,95.184,0.0
2026-09-13 00:00:00,5.169e-05,103299.613,7980003593.623161,1.6539,0.6232,0.3768,1.8232,161.696,88.687,0.0
2026-09-13 00:15:00,5.169e-05,103289.86,7977978751.202826,1.6589,0.6239,0.3761,0.7658,63.427,82.828,0.0
2026-09-13 00:30:00,5.169e-05,103295.666,7977751535.6452,1.6589,0.6239,0.3761,0.6997,165.715,236.835,0.0
2026-09-13 00:45:00,5.169e-05,103363.978,7977947530.031445,1.6575,0.6237,0.3763,2.4045,153.883,63.998,0.0
2026-09-13 01:00:00,5.169e-05,103307.14,7979402170.744,1.6567,0.6236,0.3764,1.9424,326.836,168.266,0.0
2026-09-13 01:15:00,5.169e-05,103276.589,7978069696.49684,1.6553,0.6234,0.3766,1.0367,401.874,387.665,0.0
2026-09-13 01:30:00,5.169e-05,103442.707,7988052719.954,1.6617,0.6243,0.3757,1.3593,138.807,102.118,0.0
2026-09-13 01:45:00,5.169e-05,103417.455,7990165233.914327,1.6575,0.6237,0.3763,1.4365,194.695,135.539,0.0
2026-09-13 02:00:00,5.169e-05,103376.413,7989504121.564017,1.6596,0.624,0.376,0.8819,137.798,156.256,0.0
2026-09-13 02:15:00,5.169e-05,103442.262,7991514704.6196,1.6603,0.6241,0.3759,0.7201,59.511,82.639,0.0
2026-09-13 02:30:00,5.169e-05,103473.976,7991657325.396,1.6617,0.6243,0.3757,1.1751,255.101,217.095,0.0
2026-09-13 02:45:00,5.169e-05,103441.246,7993075715.249392,1.6582,0.6238,0.3762,1.7583,181.258,103.088,0.0
2026-09-13 03:00:00,5.169e-05,103404.967,7989471029.791299,1.6582,0.6238,0.3762,0.9874,194.72,197.207,0.0
2026-09-13 03:15:00,5.169e-05,103446.821,7991473815.892,1.6603,0.6241,0.3759,0.5155,117.113,227.167,0.0
2026-09-13 03:30:00,5.169e-05,103371.323,7983088172.717901,1.6674,0.6251,0.3749,0.3977,106.412,267.543,0.0
2026-09-13 03:45:00,5.169e-05,103452.15,7985301605.812015,1.6724,0.6258,0.3742,0.5288,160.003,302.606,0.0
2026-09-13 04:00:00,5.169e-05,103563.438,7991182715.6436,1.6688,0.6253,0.3747,0.5747,142.198,247.423,0.0
2026-09-13 04:15:00,5.169e-05,103557.311,7992159745.1982,1.6709,0.6256,0.3744,1.5241,131.383,86.202,0.0
2026-09-13 04:30:00,5.169e-05,103573.801,7995203492.733299,1.6709,0.6256,0.3744,1.0395,43.118,41.478,0.0
2026-09-13 04:45:00,5.169e-05,103592.994,7995555900.1056,1.6695,0.6254,0.3746,0.7562,84.94,112.322,0.0
2026-09-13 05:00:00,5.169e-05,103646.974,7999520501.535936,1.6695,0.6254,0.3746,1.4209,126.836,89.266,0.0
2026-09-13 05:15:00,5.169e-05,103662.309,8003870540.199,1.6688,0.6253,0.3747,1.3547,129.987,95.956,0.0
2026-09-13 05:30:00,5.169e-05,103638.988,8006117304.057737,1.6688,0.6253,0.3747,1.1434,93.179,81.495,0.0
2026-09-13 05:45:00,5.169e-05,103611.128,8006259805.0416,1.6631,0.6245,0.3755,1.5932,139.487,87.552,0.0
2026-09-13 06:00:00,5.169e-05,103581.02,8004969864.188765,1.6624,0.6244,0.3756,1.2316,257.134,208.778,0.0
2026-09-13 06:15:00,5.169e-05,103592.089,8004318966.123574,1.6596,0.624,0.376,0.79,111.25,140.825,0.0
2026-09-13 06:30:00,5.169e-05,103636.616,8007203316.3768,1.6575,0.6237,0.3763,1.2509,294.492,235.416,0.0
2026-09-13 06:45:00,5.169e-05,103675.023,8009919612.099321,1.6532,0.6231,0.3769,0.6011,416.824,693.417,0.0
2026-09-13 07:00:00,5.169e-05,103708.51,7994245865.030042,1.6546,0.6233,0.3767,0.8055,251.558,312.294,0.0
2026-09-13 07:15:00,5.169e-05,103827.147,8008260527.112899,1.6553,0.6234,0.3766,0.3789,92.151,243.191,0.0
2026-09-13 07:30:00,5.169e-05,103882.895,8010065148.468457,1.6546,0.6233,0.3767,1.0671,296.73,278.082,0.0
2026-09-13 07:45:00,5.169e-05,103955.23,8017765829.527636,1.6553,0.6234,0.3766,1.2759,221.677,173.744,0.0
2026-09-13 08:00:00,5.39e-05,103969.591,8014910451.254616,1.6546,0.6233,0.3767,0.5982,488.532,816.624,0.0
2026-09-13 08:15:00,5.39e-05,103929.635,8005773340.625397,1.6525,0.623,0.377,0.4874,166.292,341.203,0.0
2026-09-13 08:30:00,5.39e-05,103909.208,7999803669.1872,1.6483,0.6224,0.3776,0.5815,998.11,1716.361,0.0
2026-09-13 08:45:00,5.39e-05,104103.479,7994418462.847,1.6344,0.6204,0.3796,0.9918,823.791,830.599,0.0
2026-09-13 09:00:00,5.39e-05,103976.29,7982369945.945309,1.6399,0.6212,0.3788,1.2462,754.143,605.14,0.0
2026-09-13 09:15:00,5.39e-05,104024.945,7987051195.178086,1.6469,0.6222,0.3778,0.564,644.034,1141.999,0.0
2026-09-13 09:30:00,5.39e-05,104138.16,7978578261.691587,1.6378,0.6209,0.3791,0.9793,805.592,822.606,0.0
2026-09-13 09:45:00,5.39e-05,104468.247,8011241542.617299,1.6441,0.6218,0.3782,0.9793,805.592,822.606,0.0
2026-09-13 10:00:00,5.39e-05,104608.552,8031452653.557245,1.6518,0.6229,0.3771,1.3725,449.943,327.823,0.0
2026-09-13 10:15:00,5.39e-05,104499.307,8021920651.6471,1.6518,0.6229,0.3771,0.8711,120.336,138.144,0.0
2026-09-13 10:30:00,5.39e-05,104516.36,8019540302.8,1.6497,0.6226,0.3774,0.7594,135.771,178.795,0.0
2026-09-13 10:45:00,5.39e-05,104533.109,8014009894.8632,1.6511,0.6228,0.3772,0.7888,317.531,402.534,0.0
2026-09-13 11:00:00,5.39e-05,104633.883,8017832869.5824995,1.6518,0.6229,0.3771,0.6761,672.95,995.372,0.0
2026-09-13 11:15:00,5.39e-05,104757.122,8013504212.155375,1.6582,0.6238,0.3762,1.7131,410.592,239.672,0.0
2026-09-13 11:30:00,5.39e-05,104830.138,8033615693.5748,1.661,0.6242,0.3758,1.4358,330.296,230.037,0.0
2026-09-13 11:45:00,5.39e-05,104796.214,8042690239.644,1.6702,0.6255,0.3745,0.9674,200.581,207.347,0.0
2026-09-13 12:00:00,5.39e-05,104855.818,8047977627.7904,1.6738,0.626,0.374,0.9902,223.509,225.712,0.0
2026-09-13 12:15:00,5.39e-05,104867.69,8050336011.154,1.6752,0.6262,0.3738,1.6085,357.791,222.437,0.0
2026-09-13 12:30:00,5.39e-05,104798.831,8048716119.6278,1.6831,0.6273,0.3727,0.6462,279.922,433.162,0.0
2026-09-13 12:45:00,5.39e-05,104907.022,8046169264.0582,1.6774,0.6265,0.3735,0.6503,377.706,580.794,0.0
2026-09-13 13:00:00,5.39e-05,105016.04,8058140753.642557,1.6745,0.6261,0.3739,0.5713,121.068,211.919,0.0
2026-09-13 13:15:00,5.39e-05,105086.689,8063324203.295005,1.6738,0.626,0.374,0.8174,446.58,546.354,0.0
2026-09-13 13:30:00,5.39e-05,105086.252,8043901498.016707,1.6709,0.6256,0.3744,2.1092,414.64,196.584,0.0
2026-09-13 13:45:00,5.39e-05,105146.535,8068545539.067,1.6795,0.6268,0.3732,2.2369,827.375,369.873,0.0
2026-09-13 14:00:00,5.39e-05,105012.821,8066423328.4477,1.694,0.6288,0.3712,2.271,849.475,374.05,0.0
2026-09-13 14:15:00,5.39e-05,104992.421,8081959280.892676,1.71,0.631,0.369,1.4022,992.757,707.984,0.0
2026-09-13 14:30:00,5.39e-05,105035.132,8095923650.842618,1.7005,0.6297,0.3703,0.8963,817.396,911.925,0.0
2026-09-13 14:45:00,5.39e-05,104951.145,8097146644.348531,1.6961,0.6291,0.3709,1.2368,615.808,497.906,0.0
2026-09-13 15:00:00,5.39e-05,104898.754,8096506173.669256,1.681,0.627,0.373,0.7309,330.743,452.535,0.0
2026-09-13 15:15:00,5.39e-05,104859.607,8083681680.775795,1.6582,0.6238,0.3762,0.6006,635.234,1057.648,0.0
2026-09-13 15:30:00,5.39e-05,104984.561,8084535590.4709,1.656,0.6235,0.3765,1.6094,218.186,135.572,0.0
2026-09-13 15:45:00,5.39e-05,104962.885,8096315194.370867,1.6532,0.6231,0.3769,0.6907,108.554,157.174,0.0
2026-09-13 16:00:00,6.45e-05,104952.705,8091654410.023934,1.6518,0.6229,0.3771,0.7365,358.888,487.269,0.0
2026-09-13 16:15:00,6.45e-05,104914.843,8096182460.036093,1.6567,0.6236,0.3764,2.1418,436.58,203.841,0.0
2026-09-13 16:30:00,6.45e-05,104862.992,8096411046.343747,1.6631,0.6245,0.3755,2.0134,856.143,425.217,0.0
2026-09-13 16:45:00,6.45e-05,104637.873,8086854304.5066,1.6674,0.6251,0.3749,1.234,464.764,376.636,0.0
2026-09-13 17:00:00,6.45e-05,104819.945,8097602801.112499,1.661,0.6242,0.3758,1.7444,544.177,311.962,0.0
2026-09-13 17:15:00,6.45e-05,104747.922,8101398756.551634,1.6709,0.6256,0.3744,0.2586,99.817,386.054,0.0
2026-09-13 17:30:00,6.45e-05,104690.846,8088938216.19,1.666,0.6249,0.3751,0.471,114.442,242.97,0.0
2026-09-13 17:45:00,6.45e-05,104701.958,8087107977.8917885,1.6589,0.6239,0.3761,0.7573,96.975,128.046,0.0
2026-09-13 18:00:00,6.45e-05,104727.435,8094990870.273,1.6575,0.6237,0.3763,1.5892,267.866,168.555,0.0
2026-09-13 18:15:00,6.45e-05,104763.95,8102258568.609557,1.6553,0.6234,0.3766,0.5396,125.324,232.239,0.0
2026-09-13 18:30:00,6.45e-05,104795.277,8100249405.305955,1.6546,0.6233,0.3767,0.7094,115.834,163.278,0.0
2026-09-13 18:45:00,6.45e-05,104818.23,8106558053.616,1.6539,0.6232,0.3768,0.3904,52.02,133.231,0.0
2026-09-13 19:00:00,6.45e-05,104824.783,8104451598.341269,1.6532,0.6231,0.3769,1.1777,326.724,277.436,0.0
2026-09-13 19:15:00,6.45e-05,104839.353,8098573570.03435,1.6504,0.6227,0.3773,0.7075,196.012,277.066,0.0
2026-09-13 19:30:00,6.45e-05,104889.598,8101966821.087339,1.6441,0.6218,0.3782,0.7588,117.429,154.748,0.0
2026-09-13 19:45:00,6.45e-05,104921.608,8101469500.916,1.6392,0.6211,0.3789,1.6718,101.111,60.481,0.0
2026-09-13 20:00:00,6.45e-05,104916.532,8105242746.4344,1.6385,0.621,0.379,1.2838,152.281,118.614,0.0
2026-09-13 20:15:00,6.45e-05,104893.619,8105428268.905703,1.6378,0.6209,0.3791,3.6866,210.715,57.157,0.0
2026-09-13 20:30:00,6.45e-05,104899.787,8107358367.932899,1.6392,0.6211,0.3789,0.5356,140.755,262.792,0.0
2026-09-13 20:45:00,6.45e-05,105007.964,8116716586.9368,1.6406,0.6213,0.3787,1.2852,99.807,77.658,0.0
2026-09-13 21:00:00,6.45e-05,104963.324,8114546637.1216,1.6399,0.6212,0.3788,1.8594,208.702,112.24,0.0
2026-09-13 21:15:00,6.45e-05,104883.455,8110354958.320242,1.6378,0.6209,0.3791,2.5885,361.58,139.686,0.0
2026-09-13 21:30:00,6.45e-05,104743.327,8104922825.224118,1.6427,0.6216,0.3784,0.5554,108.153,194.716,0.0
2026-09-13 21:45:00,6.45e-05,104698.802,8098431394.9396,1.6413,0.6214,0.3786,0.3612,76.463,211.69,0.0
2026-09-13 22:00:00,6.45e-05,104679.061,8089319987.785555,1.6378,0.6209,0.3791,0.6921,1556.871,2249.563,0.0
2026-09-13 22:15:00,6.45e-05,104616.831,8044808953.939859,1.6392,0.6211,0.3789,0.7103,991.447,1395.786,0.0
2026-09-13 22:30:00,6.45e-05,104693.039,8041200123.6886,1.6413,0.6214,0.3786,2.7206,933.729,343.211,0.0
2026-09-13 22:45:00,6.45e-05,105006.553,8054689538.215069,1.6455,0.622,0.378,0.6818,660.544,968.843,0.0
2026-09-13 23:00:00,6.45e-05,104811.291,8037904538.886301,1.6469,0.6222,0.3778,1.0767,553.971,514.494,0.0
2026-09-13 23:15:00,6.45e-05,104857.958,8042255045.88271,1.6525,0.623,0.377,0.7598,458.824,603.902,0.0
2026-09-13 23:30:00,6.45e-05,104986.716,8053683320.084915,1.6589,0.6239,0.3761,0.5739,526.245,916.884,0.0
2026-09-13 23:45:00,6.45e-05,104891.667,8056527398.251965,1.6667,0.625,0.375,0.9104,351.204,385.777,0.0
2026-09-14 00:00:00,7.157e-05,104897.336,8057025797.376803,1.6631,0.6245,0.3755,1.3628,941.263,690.701,0.0
2026-09-14 00:15:00,7.157e-05,104699.148,8048600423.6928,1.6667,0.625,0.375,0.4667,1030.533,2208.187,0.0
2026-09-14 00:30:00,7.157e-05,104595.51,7996588228.275,1.6137,0.6174,0.3826,1.6334,1154.118,706.577,0.0
2026-09-14 00:45:00,7.157e-05,104610.318,8031467625.4818,1.6247,0.619,0.381,1.1469,319.959,278.977,0.0
2026-09-14 01:00:00,7.157e-05,104640.565,8033879930.481579,1.6267,0.6193,0.3807,1.2773,680.64,532.876,0.0
2026-09-14 01:15:00,7.157e-05,104903.488,8049879076.092312,1.611,0.617,0.383,1.162,303.747,261.39,0.0
2026-09-14 01:30:00,7.157e-05,104968.582,8064421249.314,1.6137,0.6174,0.3826,0.8597,859.332,999.552,0.0
2026-09-14 01:45:00,7.157e-05,105001.595,8063544987.227501,1.6157,0.6177,0.3823,1.2107,744.446,614.876,0.0
2026-09-14 02:00:00,7.157e-05,104919.896,8088531831.063663,1.6171,0.6179,0.3821,1.3664,1633.162,1195.255,0.0
2026-09-14 02:15:00,7.157e-05,105088.275,8129145547.935,1.6151,0.6176,0.3824,1.2333,1985.073,1609.575,0.0
2026-09-14 02:30:00,7.157e-05,104841.085,8126022816.18,1.6199,0.6183,0.3817,0.7549,1083.912,1435.746,0.0
2026-09-14 02:45:00,7.157e-05,105386.867,8162611885.066342,1.5967,0.6149,0.3851,1.6768,1630.353,972.32,0.0
2026-09-14 03:00:00,7.157e-05,105762.77,8205467018.849,1.6015,0.6156,0.3844,2.1273,2080.09,977.826,0.0
2026-09-14 03:15:00,7.157e-05,106479.617,8280099921.039101,1.5974,0.615,0.385,0.7514,940.573,1251.703,0.0
2026-09-14 03:30:00,7.157e-05,106545.291,8289227281.641639,1.594,0.6145,0.3855,0.4736,641.372,1354.158,0.0
2026-09-14 03:45:00,7.157e-05,106313.834,8239986669.650006,1.5595,0.6093,0.3907,0.6825,439.966,644.665,0.0
2026-09-14 04:00:00,7.157e-05,106189.108,8236096529.947405,1.5556,0.6087,0.3913,0.8666,285.099,328.987,0.0
2026-09-14 04:15:00,7.157e-05,106158.408,8233228980.029626,1.5549,0.6086,0.3914,1.4142,786.053,555.832,0.0
2026-09-14 04:30:00,7.157e-05,105953.877,8222545119.59027,1.5536,0.6084,0.3916,0.8611,662.684,769.558,0.0
2026-09-14 04:45:00,7.157e-05,106216.582,8242598053.106807,1.5491,0.6077,0.3923,1.0162,767.147,754.882,0.0
2026-09-14 05:00:00,7.157e-05,106264.524,8251289379.115838,1.551,0.608,0.392,1.0332,811.198,785.107,0.0
2026-09-14 05:15:00,7.157e-05,106597.608,8273024085.9618225,1.5491,0.6077,0.3923,0.6458,217.247,336.411,0.0
2026-09-14 05:30:00,7.157e-05,106609.476,8260901771.55,1.5407,0.6064,0.3936,0.9656,239.461,247.981,0.0
2026-09-14 05:45:00,7.157e-05,106616.339,8265657939.388005,1.5381,0.606,0.394,0.8152,278.293,341.399,0.0
2026-09-14 06:00:00,7.157e-05,106679.528,8275643048.6944,1.5349,0.6055,0.3945,1.5325,1003.096,654.535,0.0
2026-09-14 06:15:00,7.157e-05,106801.505,8301792866.739635,1.5445,0.607,0.393,0.3766,165.48,439.362,0.0
2026-09-14 06:30:00,7.157e-05,106735.856,8275549917.442362,1.5368,0.6058,0.3942,1.094,1089.788,996.121,0.0
2026-09-14 06:45:00,7.157e-05,106599.028,8282627216.6692,1.5394,0.6062,0.3938,0.6684,214.689,321.202,0.0
2026-09-14 07:00:00,7.157e-05,106607.273,8267841771.6966,1.5336,0.6053,0.3947,0.9147,305.071,333.52,0.0
2026-09-14 07:15:00,7.157e-05,106562.735,8272068554.098392,1.5316,0.605,0.395,0.9293,197.641,212.681,0.0
2026-09-14 07:30:00,7.157e-05,106572.967,8277181313.3956,1.5323,0.6051,0.3949,1.6554,519.874,314.04,0.0
2026-09-14 07:45:00,7.157e-05,106622.14,8297228312.66,1.5265,0.6042,0.3958,1.1693,496.933,424.967,0.0
2026-09-14 08:00:00,8.037e-05,106621.111,8300890637.905101,1.5265,0.6042,0.3958,0.7551,469.731,622.073,0.0
2026-09-14 08:15:00,8.037e-05,106565.378,8284458099.876407,1.5044,0.6007,0.3993,1.3763,865.765,629.049,0.0
2026-09-14 08:30:00,8.037e-05,106478.399,8275778106.707823,1.5094,0.6015,0.3985,1.2549,388.432,309.528,0.0
2026-09-14 08:45:00,8.037e-05,106362.834,8266062098.2938,1.5013,0.6002,0.3998,0.828,228.837,276.359,0.0
2026-09-14 09:00:00,8.037e-05,106388.399,8266420351.266387,1.495,0.5992,0.4008,0.6963,244.144,350.614,0.0
2026-09-14 09:15:00,8.037e-05,106366.295,8261789231.535,1.4925,0.5988,0.4012,0.6644,403.15,606.777,0.0
2026-09-14 09:30:00,8.037e-05,106285.043,8263662093.25,1.4802,0.5968,0.4032,1.0593,483.067,456.021,0.0
2026-09-14 09:45:00,8.037e-05,106291.235,8274655724.3915,1.4728,0.5956,0.4044,1.4957,3780.091,2527.233,0.0
2026-09-14 10:00:00,8.037e-05,106201.87,8294047441.39,1.51,0.6016,0.3984,0.6479,640.454,988.541,0.0
2026-09-14 10:15:00,8.037e-05,106163.852,8281192250.965269,1.5025,0.6004,0.3996,0.6103,303.735,497.71,0.0
2026-09-14 10:30:00,8.037e-05,106043.899,8263446379.540097,1.4938,0.599,0.401,0.9368,268.499,286.599,0.0
2026-09-14 10:45:00,8.037e-05,106022.226,8261351432.130165,1.4919,0.5987,0.4013,0.8244,295.745,358.745,0.0
2026-09-14 11:00:00,8.037e-05,105974.719,8251774153.407258,1.4894,0.5983,0.4017,0.929,660.961,711.5,0.0
2026-09-14 11:15:00,8.037e-05,105916.897,8232983953.9482,1.4956,0.5993,0.4007,1.3295,342.248,257.435,0.0
2026-09-14 11:30:00,8.037e-05,105936.36,8250217071.286116,1.5038,0.6006,0.3994,1.1321,589.525,520.713,0.0
2026-09-14 11:45:00,8.037e-05,106012.698,8247035214.2442,1.4994,0.5999,0.4001,0.9811,292.504,298.136,0.0
2026-09-14 12:00:00,8.037e-05,105981.582,8239070340.573803,1.4938,0.599,0.401,0.7954,367.463,461.976,0.0
2026-09-14 12:15:00,8.037e-05,105867.73,8236509394.0,1.4956,0.5993,0.4007,1.28,748.341,584.66,0.0
2026-09-14 12:30:00,8.037e-05,105960.83,8260750453.306167,1.4981,0.5997,0.4003,0.7618,795.904,1044.736,0.0
2026-09-14 12:45:00,8.037e-05,106150.699,8268443725.034333,1.495,0.5992,0.4008,0.7175,578.68,806.487,0.0
2026-09-14 13:00:00,8.037e-05,106124.487,8242163250.710975,1.4802,0.5968,0.4032,1.0836,1468.33,1355.091,0.0
2026-09-14 13:15:00,8.037e-05,105697.134,8210137347.498432,1.4981,0.5997,0.4003,1.3122,737.426,561.996,0.0
2026-09-14 13:30:00,8.037e-05,105700.965,8227065489.231,1.4832,0.5973,0.4027,0.97,2431.333,2506.557,0.0
2026-09-14 13:45:00,8.037e-05,105555.236,8247403963.820318,1.4588,0.5933,0.4067,0.8906,2803.22,3147.579,0.0
2026-09-14 14:00:00,8.037e-05,105508.148,8245154152.607011,1.439,0.59,0.41,0.9441,1618.837,1714.727,0.0
2026-09-14 14:15:00,8.037e-05,105455.939,8276051343.956513,1.3981,0.583,0.417,0.9465,2069.839,2186.753,0.0
2026-09-14 14:30:00,8.037e-05,105495.27,8266324519.971,1.3742,0.5788,0.4212,1.1285,2063.649,1828.743,0.0
2026-09-14 14:45:00,8.037e-05,105613.772,8278926289.1764,1.3441,0.5734,0.4266,0.8228,1269.428,1542.837,0.0
2026-09-14 15:00:00,8.037e-05,105880.33,8309931577.910738,1.324,0.5697,0.4303,0.9087,1277.158,1405.528,0.0
2026-09-14 15:15:00,8.037e-05,105778.315,8300840880.165314,1.3159,0.5682,0.4318,0.8251,489.128,592.845,0.0
2026-09-14 15:30:00,8.037e-05,105740.542,8287048521.6099615,1.3095,0.567,0.433,1.1862,1153.541,972.473,0.0
2026-09-14 15:45:00,8.037e-05,105533.51,8286513868.903304,1.3057,0.5663,0.4337,0.7319,980.223,1339.272,0.0
2026-09-14 16:00:00,4.22e-05,105770.813,8307567542.5403,1.2619,0.5579,0.4421,0.6636,378.619,570.55,0.0
2026-09-14 16:15:00,4.22e-05,105819.503,8296407764.454499,1.263,0.5581,0.4419,1.0301,1995.449,1937.132,0.0
2026-09-14 16:30:00,4.22e-05,105678.776,8309422724.639068,1.2701,0.5595,0.4405,1.0288,461.169,448.247,0.0
2026-09-14 16:45:00,4.22e-05,105710.669,8309239141.8084,1.263,0.5581,0.4419,1.1539,757.538,656.505,0.0
2026-09-14 17:00:00,4.22e-05,105579.513,8312365056.60909,1.2573,0.557,0.443,1.0423,930.513,892.762,0.0
2026-09-14 17:15:00,4.22e-05,105465.032,8309716018.922321,1.2568,0.5569,0.4431,1.3319,1316.821,988.699,0.0
2026-09-14 17:30:00,4.22e-05,105340.523,8306353469.534318,1.2533,0.5562,0.4438,0.77,512.403,665.482,0.0
2026-09-14 17:45:00,4.22e-05,105352.879,8302860393.99,1.2447,0.5545,0.4455,1.0637,900.059,846.177,0.0
2026-09-14 18:00:00,4.22e-05,105250.399,8305424760.528899,1.2416,0.5539,0.4461,0.724,403.854,557.782,0.0
2026-09-14 18:15:00,4.22e-05,105263.151,8295504719.8023,1.2376,0.5531,0.4469,1.3903,2247.242,1616.316,0.0
2026-09-14 18:30:00,4.22e-05,105021.307,8307426932.7060995,1.2306,0.5517,0.4483,1.1674,1009.479,864.719,0.0
2026-09-14 18:45:00,4.22e-05,105075.544,8316414080.968,1.2227,0.5501,0.4499,2.0775,1566.085,753.816,0.0
2026-09-14 19:00:00,4.22e-05,104907.016,8307053461.786686,1.2124,0.548,0.452,0.6016,526.739,875.565,0.0
2026-09-14 19:15:00,4.22e-05,104808.945,8284153812.793083,1.2022,0.5459,0.4541,0.8223,489.654,595.465,0.0
2026-09-14 19:30:00,4.22e-05,104811.72,8291024917.339949,1.1988,0.5452,0.4548,0.6633,677.597,1021.56,0.0
2026-09-14 19:45:00,4.22e-05,104663.91,8278800150.699,1.1906,0.5435,0.4565,0.4341,294.975,679.442,0.0
2026-09-14 20:00:00,4.22e-05,104656.658,8262246974.355138,1.1858,0.5425,0.4575,1.1358,469.287,413.189,0.0
2026-09-14 20:15:00,4.22e-05,104649.661,8282769508.9636,1.1863,0.5426,0.4574,1.5832,2682.001,1694.075,0.0
2026-09-14 20:30:00,4.22e-05,104120.957,8267896519.93833,1.1825,0.5418,0.4582,0.9508,704.276,740.687,0.0
2026-09-14 20:45:00,4.22e-05,104174.52,8261039436.0,1.173,0.5398,0.4602,0.5491,394.873,719.132,0.0
2026-09-14 21:00:00,4.22e-05,104171.595,8236379244.472499,1.1645,0.538,0.462,0.8864,1415.802,1597.166,0.0
2026-09-14 21:15:00,4.22e-05,104088.585,8206448129.985,1.1556,0.5361,0.4639,0.7978,687.079,861.205,0.0
2026-09-14 21:30:00,4.22e-05,104308.284,8226397987.6008,1.1584,0.5367,0.4633,0.8855,499.275,563.812,0.0
2026-09-14 21:45:00,4.22e-05,104405.348,8225260734.820936,1.1533,0.5356,0.4644,0.7692,229.945,298.952,0.0
2026-09-14 22:00:00,4.22e-05,104415.119,8220414371.6558,1.1422,0.5332,0.4668,0.9201,601.829,654.123,0.0
2026-09-14 22:15:00,4.22e-05,104527.124,8236747823.9124,1.1413,0.533,0.467,0.7357,935.619,1271.683,0.0
2026-09-14 22:30:00,4.22e-05,104255.121,8189834008.739699,1.1427,0.5333,0.4667,1.5304,980.436,640.629,0.0
2026-09-14 22:45:00,4.22e-05,104070.048,8181883103.712,1.1422,0.5332,0.4668,0.7843,256.957,327.646,0.0
2026-09-14 23:00:00,4.22e-05,104048.242,8169649460.5318,1.1413,0.533,0.467,0.5314,761.645,1433.257,0.0
2026-09-14 23:15:00,4.22e-05,103457.326,8110848304.3929405,1.1542,0.5358,0.4642,0.9393,853.033,908.113,0.0
2026-09-14 23:30:00,4.22e-05,103504.681,8111917010.009765,1.1589,0.5368,0.4632,1.0246,612.257,597.546,0.0
2026-09-14 23:45:00,4.22e-05,103471.715,8100603971.091501,1.1561,0.5362,0.4638,0.5656,476.587,842.569,0.0
2026-09-15 00:00:00,3.563e-05,103517.289,8092805674.628701,1.1631,0.5377,0.4623,0.7621,520.758,683.318,0.0
2026-09-15 00:15:00,3.563e-05,103484.684,8080953398.0656,1.1777,0.5408,0.4592,0.6679,622.601,932.234,0.0
2026-09-15 00:30:00,3.563e-05,103351.079,8059947582.001901,1.1801,0.5413,0.4587,0.9876,567.849,574.984,0.0
2026-09-15 00:45:00,3.563e-05,103327.987,8053372973.981299,1.1863,0.5426,0.4574,1.3966,712.689,510.291,0.0
2026-09-15 01:00:00,3.563e-05,103223.521,8044054156.248499,1.192,0.5438,0.4562,1.1097,1197.968,1079.497,0.0
2026-09-15 01:15:00,3.563e-05,103165.024,8025992198.879669,1.2056,0.5466,0.4534,1.1169,1278.76,1144.888,0.0
2026-09-15 01:30:00,3.563e-05,103229.742,8034267590.118,1.2306,0.5517,0.4483,1.4115,816.559,578.5,0.0
2026-09-15 01:45:00,3.563e-05,103043.458,8035408172.914813,1.2427,0.5541,0.4459,1.3544,1069.291,789.517,0.0
2026-09-15 02:00:00,3.563e-05,103257.54,8042543927.028,1.2523,0.556,0.444,1.1584,525.111,453.324,0.0
2026-09-15 02:15:00,3.563e-05,103214.938,8046347564.6536,1.2614,0.5578,0.4422,1.2609,525.708,416.93,0.0
2026-09-15 02:30:00,3.563e-05,102975.956,8023814408.3508,1.2671,0.5589,0.4411,1.1452,443.331,387.134,0.0
2026-09-15 02:45:00,3.563e-05,102891.911,8009538498.2662,1.2696,0.5594,0.4406,1.1932,655.841,549.64,0.0
2026-09-15 03:00:00,3.563e-05,102965.417,8019121735.075616,1.2717,0.5598,0.4402,1.0115,1097.853,1085.389,0.0
2026-09-15 03:15:00,3.563e-05,103305.403,8026087509.13192,1.265,0.5585,0.4415,2.3209,678.01,292.129,0.0
2026-09-15 03:30:00,3.563e-05,103414.365,8047581787.062,1.2925,0.5638,0.4362,0.9427,360.416,382.314,0.0
2026-09-15 03:45:00,3.563e-05,103287.512,8033094273.457663,1.3031,0.5658,0.4342,1.1603,569.225,490.592,0.0
2026-09-15 04:00:00,3.563e-05,103250.535,8015297731.836,1.3004,0.5653,0.4347,0.6562,813.594,1239.806,0.0
2026-09-15 04:15:00,3.563e-05,103482.341,8032294665.211858,1.31,0.5671,0.4329,0.6325,559.727,884.991,0.0
2026-09-15 04:30:00,3.563e-05,103572.881,8037051175.311642,1.3127,0.5676,0.4324,1.219,919.676,754.429,0.0
2026-09-15 04:45:00,3.563e-05,104068.38,8077173652.158,1.3207,0.5691,0.4309,1.0407,266.472,256.044,0.0
2026-09-15 05:00:00,3.563e-05,104091.102,8070911775.774,1.3272,0.5703,0.4297,0.5088,865.132,1700.424,0.0
2026-09-15 05:15:00,3.563e-05,104130.704,8057633875.52,1.3419,0.573,0.427,1.4446,873.631,604.764,0.0
2026-09-15 05:30:00,3.563e-05,104210.76,8069392946.105757,1.354,0.5752,0.4248,1.0937,648.215,592.655,0.0
2026-09-15 05:45:00,3.563e-05,104149.917,8064147930.934101,1.3641,0.577,0.423,2.0415,1425.604,698.322,0.0
2026-09-15 06:00:00,3.563e-05,104278.227,8091010199.8662,1.3849,0.5807,0.4193,0.9444,676.483,716.292,0.0
2026-09-15 06:15:00,3.563e-05,104282.111,8085857607.351299,1.4015,0.5836,0.4164,0.8482,486.322,573.374,0.0
2026-09-15 06:30:00,3.563e-05,104316.561,8071669434.4555025,1.4004,0.5834,0.4166,1.6911,730.04,431.688,0.0
2026-09-15 06:45:00,3.563e-05,104393.791,8081655769.644099,1.4033,0.5839,0.4161,0.691,1055.269,1527.103,0.0
2026-09-15 07:00:00,3.563e-05,104642.75,8083003652.45,1.4021,0.5837,0.4163,1.0818,970.976,897.554,0.0
2026-09-15 07:15:00,3.563e-05,104770.456,8086330472.7184,1.4056,0.5843,0.4157,1.0972,641.534,584.715,0.0
2026-09-15 07:30:00,3.563e-05,104783.359,8094263002.6884,1.4184,0.5865,0.4135,0.6593,1372.36,2081.689,0.0
2026-09-15 07:45:00,3.563e-05,104360.921,8035385662.368926,1.4319,0.5888,0.4112,0.7683,1317.737,1715.059,0.0
2026-09-15 08:00:00,3.563e-05,104593.65,8043948152.136042,1.4319,0.5888,0.4112,0.7489,1434.465,1915.554,0.0
2026-09-15 08:15:00,3.563e-05,104942.421,8057391465.062592,1.4504,0.5919,0.4081,1.1091,1431.696,1290.819,0.0
2026-09-15 08:30:00,3.563e-05,104868.196,8057148696.867771,1.4759,0.5961,0.4039,1.2824,545.374,425.27,0.0
2026-09-15 08:45:00,3.563e-05,104896.53,8056990498.335076,1.4994,0.5999,0.4001,1.4737,1333.823,905.106,0.0
2026-09-15 09:00:00,3.563e-05,104628.181,8052768237.726314,1.5278,0.6044,0.3956,0.7902,647.657,819.618,0.0
2026-09-15 09:15:00,3.563e-05,104555.971,8040552826.244899,1.5323,0.6051,0.3949,0.5504,493.603,896.803,0.0
2026-09-15 09:30:00,3.563e-05,104741.817,8053170952.30955,1.5413,0.6065,0.3935,1.0103,392.599,388.579,0.0
2026-09-15 09:45:00,3.563e-05,104812.506,8066056024.242,1.5497,0.6078,0.3922,1.1239,877.877,781.085,0.0
2026-09-15 10:00:00,3.563e-05,104869.566,8069388008.0454,1.5767,0.6119,0.3881,0.9339,565.055,605.064,0.0
2026-09-15 10:15:00,3.563e-05,104991.542,8081083497.0438,1.58,0.6124,0.3876,1.2597,577.733,458.638,0.0
2026-09-15 10:30:00,3.563e-05,105061.984,8074874978.6688,1.6103,0.6169,0.3831,1.1588,551.81,476.174,0.0
2026-09-15 10:45:00,3.563e-05,105275.613,8109390996.9513,1.6123,0.6172,0.3828,1.6564,1212.873,732.215,0.0
2026-09-15 11:00:00,3.563e-05,105450.208,8122165185.9296,1.6344,0.6204,0.3796,1.2958,851.403,657.063,0.0
2026-09-15 11:15:00,3.563e-05,105522.075,8125294744.867501,1.6504,0.6227,0.3773,0.8123,363.075,446.947,0.0
2026-09-15 11:30:00,3.563e-05,105580.736,8126286939.936462,1.6504,0.6227,0.3773,0.7664,609.098,794.746,0.0
2026-09-15 11:45:00,3.563e-05,105513.777,8113830077.879101,1.6413,0.6214,0.3786,0.9607,447.916,466.216,0.0
2026-09-15 12:00:00,3.563e-05,105594.034,8120595913.7435055,1.6427,0.6216,0.3784,0.8442,396.267,469.397,0.0
2026-09-15 12:15:00,3.563e-05,105774.223,8133233864.6052,1.6469,0.6222,0.3778,0.7841,348.455,444.407,0.0
2026-09-15 12:30:00,3.563e-05,105905.641,8143351501.287736,1.6567,0.6236,0.3764,0.9653,435.176,450.814,0.0
2026-09-15 12:45:00,3.563e-05,105866.492,8142855055.679238,1.6575,0.6237,0.3763,1.24,1092.853,881.349,0.0
2026-09-15 13:00:00,3.563e-05,106032.455,8156335939.742456,1.6717,0.6257,0.3743,1.2828,679.86,529.982,0.0
2026-09-15 13:15:00,3.563e-05,106291.433,8179965471.670701,1.6802,0.6269,0.3731,1.184,449.503,379.654,0.0
2026-09-15 13:30:00,3.563e-05,106391.67,8183150826.700254,1.6831,0.6273,0.3727,0.7866,5504.466,6997.44,0.0
2026-09-15 13:45:00,3.563e-05,106775.686,8157977790.95796,1.7071,0.6306,0.3694,1.1956,3067.324,2565.517,0.0
2026-09-15 14:00:00,3.563e-05,107291.565,8217762015.707044,1.7473,0.636,0.364,0.7671,1628.681,2123.14,0.0
2026-09-15 14:15:00,3.563e-05,107438.481,8206151178.78,1.7488,0.6362,0.3638,1.1082,1026.64,926.432,0.0
2026-09-15 14:30:00,3.563e-05,107421.95,8197927598.64,1.7533,0.6368,0.3632,0.7595,4933.067,6494.828,0.0
2026-09-15 14:45:00,3.563e-05,107337.434,8144785959.4068,1.7042,0.6302,0.3698,0.8603,3472.705,4036.802,0.0
2026-09-15 15:00:00,3.563e-05,107775.103,8181006214.586245,1.7241,0.6329,0.3671,1.0415,1959.371,1881.32,0.0
2026-09-15 15:15:00,3.563e-05,107779.948,8189530012.8424,1.7601,0.6377,0.3623,1.2236,2565.863,2096.999,0.0
2026-09-15 15:30:00,3.563e-05,107681.753,8217664142.683202,1.7886,0.6414,0.3586,1.3797,1367.633,991.243,0.0
2026-09-15 15:45:00,3.563e-05,108004.076,8251986624.3344,1.7894,0.6415,0.3585,1.3127,1610.577,1226.896,0.0
2026-09-15 16:00:00,3.563e-05,108240.27,8278075137.249,1.7878,0.6413,0.3587,0.5331,705.066,1322.681,0.0
2026-09-15 16:15:00,3.563e-05,108193.522,8249366555.8208,1.7518,0.6366,0.3634,1.0606,546.807,515.562,0.0
2026-09-15 16:30:00,3.563e-05,108195.136,8270793239.7888,1.7601,0.6377,0.3623,1.0979,367.078,334.339,0.0
2026-09-15 16:45:00,3.563e-05,108211.613,8261015211.516899,1.7541,0.6369,0.3631,0.7979,285.681,358.036,0.0
2026-09-15 17:00:00,3.563e-05,108191.424,8260891264.6656,1.7571,0.6373,0.3627,0.9295,1070.557,1151.805,0.0
2026-09-15 17:15:00,3.563e-05,107941.25,8229722787.010305,1.742,0.6353,0.3647,1.8406,671.893,365.047,0.0
2026-09-15 17:30:00,3.563e-05,107934.228,8257524208.636391,1.7465,0.6359,0.3641,1.1205,4490.042,4007.067,0.0
2026-09-15 17:45:00,3.563e-05,107013.278,8211695991.3134,1.7548,0.637,0.363,1.0779,1270.224,1178.41,0.0
2026-09-15 18:00:00,3.563e-05,107284.825,8253539600.557501,1.7495,0.6363,0.3637,0.6923,661.702,955.864,0.0
2026-09-15 18:15:00,3.563e-05,107085.059,8228907166.868633,1.7412,0.6352,0.3648,1.0721,3273.517,3053.396,0.0
2026-09-15 18:30:00,3.563e-05,107208.588,8240555954.0436,1.7548,0.637,0.363,0.7647,6772.079,8856.146,0.0
2026-09-15 18:45:00,3.563e-05,107433.304,8139920770.959431,1.7203,0.6324,0.3676,0.9334,11557.004,12381.409,0.0
2026-09-15 19:00:00,3.563e-05,108353.006,8232720268.465125,1.7473,0.636,0.364,0.8657,2457.199,2838.273,0.0
2026-09-15 19:15:00,3.563e-05,108066.884,8206847724.7932,1.7457,0.6358,0.3642,0.8883,1390.383,1565.242,0.0
2026-09-15 19:30:00,3.563e-05,108162.357,8208214131.780301,1.7457,0.6358,0.3642,1.1751,1131.166,962.615,0.0
2026-09-15 19:45:00,3.563e-05,108209.452,8210952197.5409775,1.751,0.6365,0.3635,0.9303,724.222,778.46,0.0
2026-09-15 20:00:00,3.563e-05,108107.52,8231284951.296,1.7548,0.637,0.363,0.8088,538.828,666.213,0.0
2026-09-15 20:15:00,3.563e-05,108053.216,8212817322.922085,1.7525,0.6367,0.3633,0.4654,343.968,739.03,0.0
2026-09-15 20:30:00,3.563e-05,107955.754,8172606831.7882,1.7457,0.6358,0.3642,1.2598,1086.996,862.864,0.0
2026-09-15 20:45:00,3.563e-05,108133.564,8199962798.5352,1.7473,0.636,0.364,1.3529,467.943,345.887,0.0
2026-09-15 21:00:00,3.563e-05,108104.736,8205506652.1987295,1.7503,0.6364,0.3636,1.2257,550.196,448.895,0.0
2026-09-15 21:15:00,3.563e-05,108221.172,8206952578.62,1.7956,0.6423,0.3577,0.5618,295.196,525.482,0.0
2026-09-15 21:30:00,3.563e-05,108169.475,8182912614.275,1.7996,0.6428,0.3572,1.132,712.896,629.764,0.0
2026-09-15 21:45:00,3.563e-05,108226.965,8193960924.418499,1.7956,0.6423,0.3577,0.7489,671.305,896.387,0.0
2026-09-15 22:00:00,3.563e-05,108078.021,8153680408.316723,1.8011,0.643,0.357,0.8891,854.155,960.688,0.0
2026-09-15 22:15:00,3.563e-05,108086.154,8144252848.493805,1.7949,0.6422,0.3578,0.7475,1539.972,2060.255,0.0
2026-09-15 22:30:00,3.563e-05,107468.368,8109294378.36,1.8035,0.6433,0.3567,1.5105,1007.625,667.078,0.0
2026-09-15 22:45:00,3.563e-05,107617.131,8133541335.283501,1.8114,0.6443,0.3557,1.3966,507.846,363.633,0.0
2026-09-15 23:00:00,3.563e-05,107565.1,8135363643.2,1.8193,0.6453,0.3547,1.1226,603.332,537.426,0.0
2026-09-15 23:15:00,3.563e-05,107417.737,8148408759.1564,1.8265,0.6462,0.3538,0.9895,545.47,551.238,0.0
2026-09-15 23:30:00,3.563e-05,107374.809,8128364775.929755,1.8289,0.6465,0.3535,0.8014,533.294,665.445,0.0
2026-09-15 23:45:00,3.563e-05,107446.454,8127679566.376,1.8193,0.6453,0.3547,0.643,261.798,407.177,0.0
2026-09-16 00:00:00,3.563e-05,107491.942,8126390815.2,1.8177,0.6451,0.3549,1.3533,488.169,360.721,0.0
2026-09-16 00:15:00,3.563e-05,107490.929,8133274763.887576,1.8161,0.6449,0.3551,1.8048,461.442,255.671,0.0
2026-09-16 00:30:00,3.563e-05,107497.124,8150603937.0784,1.8233,0.6458,0.3542,0.9711,336.269,346.29,0.0
2026-09-16 00:45:00,3.563e-05,107419.783,8139748309.406414,1.8297,0.6466,0.3534,1.1559,470.164,406.761,0.0
2026-09-16 01:00:00,3.563e-05,107507.247,8142564049.468546,1.8321,0.6469,0.3531,0.8015,439.822,548.78,0.0
2026-09-16 01:15:00,3.563e-05,107630.693,8153996493.563178,1.8329,0.647,0.353,1.1072,476.5,430.358,0.0
2026-09-16 01:30:00,3.563e-05,107723.517,8170219676.169689,1.8425,0.6482,0.3518,0.9942,621.099,624.694,0.0
2026-09-16 01:45:00,3.563e-05,107808.439,8153416941.197443,1.8353,0.6473,0.3527,0.6228,446.801,717.46,0.0
2026-09-16 02:00:00,3.563e-05,107802.512,8135316568.08,1.8209,0.6455,0.3545,1.6501,571.049,346.068,0.0
2026-09-16 02:15:00,3.563e-05,107915.257,8161562603.921785,1.8201,0.6454,0.3546,1.0878,602.523,553.886,0.0
2026-09-16 02:30:00,3.563e-05,108006.006,8199448755.0996,1.8265,0.6462,0.3538,1.2926,950.706,735.483,0.0
2026-09-16 02:45:00,3.563e-05,107948.511,8196541235.0811,1.8257,0.6461,0.3539,0.988,398.295,403.131,0.0
2026-09-16 03:00:00,3.563e-05,107926.27,8186760406.792131,1.8209,0.6455,0.3545,1.1797,603.843,511.869,0.0
2026-09-16 03:15:00,3.563e-05,107956.005,8196427885.682886,1.8225,0.6457,0.3543,1.1347,487.763,429.868,0.0
2026-09-16 03:30:00,3.563e-05,108089.261,8195630782.759795,1.8297,0.6466,0.3534,0.8027,278.019,346.371,0.0
2026-09-16 03:45:00,3.563e-05,108064.17,8187009666.188146,1.8249,0.646,0.354,0.7224,229.371,317.503,0.0
2026-09-16 04:00:00,3.563e-05,108053.503,8190058437.040338,1.8265,0.6462,0.3538,1.5893,306.83,193.054,0.0
2026-09-16 04:15:00,3.563e-05,107956.913,8189462445.898321,1.8281,0.6464,0.3536,0.7789,306.485,393.471,0.0
2026-09-16 04:30:00,3.563e-05,107936.361,8187253793.153821,1.8353,0.6473,0.3527,1.5254,318.101,208.538,0.0
2026-09-16 04:45:00,3.563e-05,107897.598,8188780302.612,1.8377,0.6476,0.3524,1.0301,409.533,397.569,0.0
2026-09-16 05:00:00,3.563e-05,107752.868,8170734638.349149,1.8345,0.6472,0.3528,0.4462,292.012,654.418,0.0
2026-09-16 05:15:00,3.563e-05,107609.615,8152827764.202656,1.8361,0.6474,0.3526,0.8937,237.191,265.39,0.0
2026-09-16 05:30:00,3.563e-05,107576.441,8159565473.409,1.8369,0.6475,0.3525,2.2074,517.638,234.503,0.0
2026-09-16 05:45:00,3.563e-05,107689.917,8176356948.225,1.8337,0.6471,0.3529,0.6589,193.304,293.37,0.0
2026-09-16 06:00:00,3.563e-05,107598.837,8169721456.2012,1.8313,0.6468,0.3532,1.1221,340.843,303.745,0.0
2026-09-16 06:15:00,3.563e-05,107654.023,8179105639.455474,1.8297,0.6466,0.3534,0.7771,202.198,260.186,0.0
2026-09-16 06:30:00,3.563e-05,107686.921,8171875843.545501,1.8297,0.6466,0.3534,0.9058,292.068,322.442,0.0
2026-09-16 06:45:00,3.563e-05,107603.072,8166661908.978229,1.8233,0.6458,0.3542,0.9331,308.256,330.341,0.0
2026-09-16 07:00:00,3.563e-05,107573.257,8175959192.976788,1.8217,0.6456,0.3544,0.7403,690.327,932.471,0.0
2026-09-16 07:15:00,3.563e-05,107585.804,8159739710.472291,1.8265,0.6462,0.3538,0.8236,368.835,447.848,0.0
2026-09-16 07:30:00,3.563e-05,107596.105,8153815750.2785,1.8233,0.6458,0.3542,0.6843,343.432,501.894,0.0
2026-09-16 07:45:00,3.563e-05,107512.165,8147529892.896,1.8225,0.6457,0.3543,0.8077,319.285,395.312,0.0
2026-09-16 08:00:00,3.563e-05,107416.549,8134254318.05269,1.8169,0.645,0.355,0.5306,971.794,1831.464,0.0
2026-09-16 08:15:00,3.563e-05,107412.048,8108277714.6048,1.8066,0.6437,0.3563,0.7671,1156.44,1507.465,0.0
2026-09-16 08:30:00,3.563e-05,107306.554,8092684729.741,1.8153,0.6448,0.3552,1.1145,340.952,305.914,0.0
2026-09-16 08:45:00,3.563e-05,107339.739,8106345117.590718,1.8217,0.6456,0.3544,2.1418,444.842,207.696,0.0
2026-09-16 09:00:00,3.563e-05,107332.752,8125062272.324416,1.8289,0.6465,0.3535,1.3966,1309.182,937.425,0.0
2026-09-16 09:15:00,3.563e-05,107060.437,8110384817.0224,1.8209,0.6455,0.3545,0.8546,272.496,318.853,0.0
2026-09-16 09:30:00,3.563e-05,107064.232,8115243950.7128,1.8185,0.6452,0.3548,0.617,212.224,343.959,0.0
2026-09-16 09:45:00,3.563e-05,107083.543,8126409452.955501,1.8185,0.6452,0.3548,0.8117,359.087,442.4,0.0
2026-09-16 10:00:00,3.563e-05,107028.953,8129986358.420126,1.8177,0.6451,0.3549,1.0854,653.018,601.642,0.0
2026-09-16 10:15:00,3.563e-05,106956.542,8119262813.600813,1.8011,0.643,0.357,1.2154,333.52,274.404,0.0
2026-09-16 10:30:00,3.563e-05,106942.333,8121917281.651101,1.7925,0.6419,0.3581,1.8404,231.986,126.051,0.0
2026-09-16 10:45:00,3.563e-05,107019.41,8128894729.252,1.7894,0.6415,0.3585,1.2039,306.569,254.648,0.0
2026-09-16 11:00:00,3.563e-05,107132.06,8133294583.904,1.7801,0.6403,0.3597,1.2478,421.787,338.016,0.0
2026-09-16 11:15:00,3.563e-05,107095.442,8126626434.841927,1.7755,0.6397,0.3603,0.9474,326.25,344.381,0.0
2026-09-16 11:30:00,3.563e-05,107017.778,8127596518.409749,1.7747,0.6396,0.3604,1.6967,1557.239,917.791,0.0
2026-09-16 11:45:00,3.563e-05,106693.732,8131075968.854,1.8121,0.6444,0.3556,1.1805,794.195,672.779,0.0
2026-09-16 12:00:00,3.563e-05,106614.115,8125415943.452766,1.8161,0.6449,0.3551,0.5832,540.508,926.865,0.0
2026-09-16 12:15:00,3.563e-05,106520.736,8104726067.2224,1.8114,0.6443,0.3557,0.5533,506.589,915.575,0.0
2026-09-16 12:30:00,3.563e-05,106376.926,8074934162.6562,1.798,0.6426,0.3574,0.8741,595.838,681.693,0.0
2026-09-16 12:45:00,3.563e-05,106304.561,8071190229.534979,1.7949,0.6422,0.3578,1.4714,541.063,367.724,0.0
2026-09-16 13:00:00,3.563e-05,106427.018,8081375971.303,1.7917,0.6418,0.3582,0.5859,784.036,1338.178,0.0
2026-09-16 13:15:00,3.563e-05,106594.527,8076070381.4388,1.7878,0.6413,0.3587,1.1411,659.873,578.285,0.0
2026-09-16 13:30:00,3.563e-05,106658.407,8077902652.912705,1.7902,0.6416,0.3584,0.9,1183.423,1314.887,0.0
2026-09-16 13:45:00,3.563e-05,106784.73,8089450710.680029,1.7949,0.6422,0.3578,0.8864,834.212,941.105,0.0
2026-09-16 14:00:00,3.563e-05,106901.079,8083367849.0166,1.8098,0.6441,0.3559,0.6599,1037.351,1571.961,0.0
2026-09-16 14:15:00,3.563e-05,107161.249,8094700759.963199,1.8035,0.6433,0.3567,1.6373,976.822,596.609,0.0
2026-09-16 14:30:00,3.563e-05,107245.535,8127399103.458499,1.8169,0.645,0.355,1.0756,589.948,548.486,0.0
2026-09-16 14:45:00,3.563e-05,107279.914,8124976430.7679825,1.8193,0.6453,0.3547,0.8583,550.357,641.202,0.0
2026-09-16 15:00:00,3.563e-05,107349.76,8121835937.152,1.8177,0.6451,0.3549,1.1804,719.285,609.347,0.0
2026-09-16 15:15:00,3.563e-05,107374.608,8131618650.8304,1.8169,0.645,0.355,0.8299,486.977,586.79,0.0
2026-09-16 15:30:00,3.563e-05,107298.205,8111983048.16944,1.8201,0.6454,0.3546,0.9956,386.397,388.092,0.0
2026-09-16 15:45:00,3.563e-05,107267.377,8119582648.5396,1.8193,0.6453,0.3547,1.1767,936.8,796.136,0.0
2026-09-16 16:00:00,3.563e-05,107316.807,8129645202.435901,1.8169,0.645,0.355,0.7208,428.848,594.939,0.0
2026-09-16 16:15:00,3.563e-05,107260.115,8131611636.85001,1.8193,0.6453,0.3547,0.61,306.708,502.841,0.0
2026-09-16 16:30:00,3.563e-05,107307.312,8128679114.2368,1.8193,0.6453,0.3547,0.9159,296.553,323.792,0.0
2026-09-16 16:45:00,3.563e-05,107297.788,8118161528.472829,1.8145,0.6447,0.3553,1.2039,266.462,221.337,0.0
2026-09-16 17:00:00,3.563e-05,107321.809,8128206324.306793,1.8114,0.6443,0.3557,0.9495,412.736,434.701,0.0
2026-09-16 17:15:00,3.563e-05,107240.514,8117817360.4122,1.8098,0.6441,0.3559,1.6379,528.689,322.787,0.0
2026-09-16 17:30:00,3.563e-05,107230.555,8115851785.73,1.8035,0.6433,0.3567,0.5066,803.431,1586.043,0.0
2026-09-16 17:45:00,3.563e-05,107471.675,8107041017.819161,1.624,0.6189,0.3811,1.1555,2137.013,1849.455,0.0
2026-09-16 18:00:00,3.563e-05,107550.232,8142550160.942835,1.6164,0.6178,0.3822,0.9841,10605.777,10777.122,0.0
2026-09-16 18:15:00,3.563e-05,107720.443,8162193406.996,1.5445,0.607,0.393,0.9442,2424.299,2567.554,0.0
2026-09-16 18:30:00,3.563e-05,108093.956,8215810838.5272,1.5355,0.6056,0.3944,1.0141,6921.635,6825.46,0.0
2026-09-16 18:45:00,3.563e-05,108532.918,8243335601.1032,1.5767,0.6119,0.3881,0.8351,2130.697,2551.553,0.0
2026-09-16 19:00:00,3.563e-05,108737.368,8220088323.8544,1.5793,0.6123,0.3877,1.0874,2544.658,2340.224,0.0
2026-09-16 19:15:00,3.563e-05,108721.181,8252676941.9308,1.5113,0.6018,0.3982,0.7659,1927.595,2516.697,0.0
2026-09-16 19:30:00,3.563e-05,108110.606,8164772430.5744,1.5355,0.6056,0.3944,1.13,1852.207,1639.108,0.0
2026-09-16 19:45:00,3.563e-05,107994.277,8202154538.722301,1.524,0.6038,0.3962,1.2711,1600.76,1259.38,0.0
2026-09-16 20:00:00,3.563e-05,108166.188,8226871477.0476,1.5031,0.6005,0.3995,1.0881,1232.612,1132.854,0.0
2026-09-16 20:15:00,3.563e-05,108141.661,8238771332.090503,1.4969,0.5995,0.4005,0.8237,673.957,818.191,0.0
2026-09-16 20:30:00,3.563e-05,108148.694,8239211469.496477,1.5214,0.6034,0.3966,0.7007,354.868,506.442,0.0
2026-09-16 20:45:00,3.563e-05,108168.43,8230971314.609714,1.5183,0.6029,0.3971,1.3688,348.194,254.37,0.0
2026-09-16 21:00:00,3.563e-05,108107.937,8232042683.208957,1.5164,0.6026,0.3974,0.8961,142.627,159.159,0.0
2026-09-16 21:15:00,3.563e-05,108063.667,8221937652.7614,1.5157,0.6025,0.3975,0.4309,169.121,392.512,0.0
2026-09-16 21:30:00,3.563e-05,107933.68,8207254940.684649,1.5119,0.6019,0.3981,0.5283,210.083,397.679,0.0
2026-09-16 21:45:00,3.563e-05,107922.974,8194699338.794,1.5063,0.601,0.399,0.6535,196.943,301.345,0.0
2026-09-16 22:00:00,3.563e-05,107896.646,8193477083.2772,1.5088,0.6014,0.3986,0.8471,914.635,1079.723,0.0
2026-09-16 22:15:00,3.563e-05,107892.351,8185235217.120954,1.5126,0.602,0.398,1.0054,309.98,308.312,0.0
2026-09-16 22:30:00,3.563e-05,107906.202,8171410394.908762,1.5151,0.6024,0.3976,0.9937,207.438,208.761,0.0
2026-09-16 22:45:00,3.563e-05,107912.959,8178140249.64879,1.5176,0.6028,0.3972,0.9364,181.113,193.423,0.0
2026-09-16 23:00:00,3.563e-05,107932.702,8164785108.194,1.5208,0.6033,0.3967,1.5077,277.284,183.909,0.0
2026-09-16 23:15:00,3.563e-05,107908.222,8181353203.1294,1.5253,0.604,0.396,1.5124,920.179,608.44,0.0
2026-09-16 23:30:00,3.563e-05,107763.218,8194756925.9138,1.5272,0.6043,0.3957,1.6581,650.726,392.449,0.0
2026-09-16 23:45:00,3.563e-05,107789.036,8211045395.372,1.5259,0.6041,0.3959,1.0667,518.114,485.73,0.0
2026-09-17 00:00:00,9.351e-05,107918.184,8220613707.108,1.5253,0.604,0.396,1.2759,786.876,616.74,0.0
2026-09-17 00:15:00,9.351e-05,107928.24,8234374277.976,1.5259,0.6041,0.3959,1.3241,855.89,646.406,0.0
2026-09-17 00:30:00,9.351e-05,108028.519,8250786167.144,1.524,0.6038,0.3962,0.8606,520.34,604.653,0.0
2026-09-17 00:45:00,9.351e-05,108092.245,8257698069.452856,1.5265,0.6042,0.3958,0.5607,236.291,421.403,0.0
2026-09-17 01:00:00,9.351e-05,108127.47,8250516800.276614,1.5138,0.6022,0.3978,0.8388,339.127,404.296,0.0
2026-09-17 01:15:00,9.351e-05,108181.59,8251453413.819,1.5063,0.601,0.399,1.3227,1771.836,1339.583,0.0
2026-09-17 01:30:00,9.351e-05,108485.145,8310580472.326499,1.5195,0.6031,0.3969,1.0406,1277.809,1227.936,0.0
2026-09-17 01:45:00,9.351e-05,108444.922,8303150749.346148,1.5221,0.6035,0.3965,0.6827,573.96,840.731,0.0
2026-09-17 02:00:00,9.351e-05,108398.962,8274613084.4776,1.5126,0.602,0.398,0.6916,854.751,1235.885,0.0
2026-09-17 02:15:00,9.351e-05,108498.089,8265883511.2294,1.5075,0.6012,0.3988,1.156,753.374,651.705,0.0
2026-09-17 02:30:00,9.351e-05,108502.409,8262241440.532,1.5132,0.6021,0.3979,1.7458,898.827,514.846,0.0
2026-09-17 02:45:00,9.351e-05,108337.454,8276719948.780656,1.5202,0.6032,0.3968,0.696,388.528,558.219,0.0
2026-09-17 03:00:00,9.351e-05,108250.105,8264159416.036,1.5164,0.6026,0.3974,1.1241,273.896,243.657,0.0
2026-09-17 03:15:00,9.351e-05,108200.929,8266550975.6,1.5151,0.6024,0.3976,1.0307,276.404,268.173,0.0
2026-09-17 03:30:00,9.351e-05,108291.374,8280489083.7726,1.5164,0.6026,0.3974,0.6179,196.7,318.347,0.0
2026-09-17 03:45:00,9.351e-05,108270.847,8277111510.094439,1.5164,0.6026,0.3974,0.6888,193.801,281.36,0.0
2026-09-17 04:00:00,9.351e-05,108245.026,8270154598.080867,1.5094,0.6015,0.3985,0.6954,197.322,283.751,0.0
2026-09-17 04:15:00,9.351e-05,108251.713,8258076469.957033,1.4944,0.5991,0.4009,1.026,450.483,439.065,0.0
2026-09-17 04:30:00,9.351e-05,108464.352,8262735323.8769455,1.4876,0.598,0.402,1.4207,446.986,314.613,0.0
2026-09-17 04:45:00,9.351e-05,108445.349,8278127805.074304,1.5056,0.6009,0.3991,1.3429,464.107,345.595,0.0
2026-09-17 05:00:00,9.351e-05,108445.41,8297095080.495207,1.5056,0.6009,0.3991,0.6113,425.467,696.012,0.0
2026-09-17 05:15:00,9.351e-05,108437.709,8288717244.804147,1.4981,0.5997,0.4003,0.8746,275.392,314.895,0.0
2026-09-17 05:30:00,9.351e-05,108458.016,8292486768.426061,1.495,0.5992,0.4008,0.7545,273.802,362.914,0.0
2026-09-17 05:45:00,9.351e-05,108391.226,8273202976.274966,1.4925,0.5988,0.4012,0.795,199.488,250.916,0.0
2026-09-17 06:00:00,9.351e-05,108393.441,8269897109.194463,1.4931,0.5989,0.4011,1.7809,388.99,218.418,0.0
2026-09-17 06:15:00,9.351e-05,108416.469,8286877857.8964,1.4944,0.5991,0.4009,1.0181,307.177,301.72,0.0
2026-09-17 06:30:00,9.351e-05,108399.729,8282140374.5973,1.4919,0.5987,0.4013,0.892,401.904,450.59,0.0
2026-09-17 06:45:00,9.351e-05,108451.815,8299591237.47853,1.4919,0.5987,0.4013,0.8581,277.454,323.321,0.0
2026-09-17 07:00:00,9.351e-05,108508.816,8295326549.324174,1.4888,0.5982,0.4018,0.9105,643.669,706.954,0.0
2026-09-17 07:15:00,9.351e-05,108532.907,8303320903.325699,1.49,0.5984,0.4016,0.6869,342.0,497.859,0.0
2026-09-17 07:30:00,9.351e-05,108460.011,8296637695.443901,1.4931,0.5989,0.4011,0.719,227.95,317.055,0.0
2026-09-17 07:45:00,9.351e-05,108458.249,8293753033.477773,1.4913,0.5986,0.4014,0.9852,355.485,360.825,0.0
2026-09-17 08:00:00,9.351e-05,108358.776,8280983543.5944,1.4869,0.5979,0.4021,1.0751,347.001,322.762,0.0
2026-09-17 08:15:00,9.351e-05,108320.422,8273589656.6554,1.4863,0.5978,0.4022,0.8991,351.474,390.936,0.0
2026-09-17 08:30:00,9.351e-05,108231.007,8271267126.07283,1.4777,0.5964,0.4036,0.7446,309.588,415.78,0.0
2026-09-17 08:45:00,9.351e-05,108186.899,8272042266.157988,1.4869,0.5979,0.4021,1.2226,353.89,289.448,0.0
2026-09-17 09:00:00,9.351e-05,108025.507,8268650395.0545,1.4832,0.5973,0.4027,2.2759,1064.077,467.531,0.0
2026-09-17 09:15:00,9.351e-05,107895.1,8271455735.533947,1.4802,0.5968,0.4032,1.6724,756.757,452.496,0.0
2026-09-17 09:30:00,9.351e-05,107999.296,8278525505.666019,1.4765,0.5962,0.4038,1.2429,688.784,554.187,0.0
2026-09-17 09:45:00,9.351e-05,107864.688,8258789274.3456,1.4728,0.5956,0.4044,0.6962,684.004,982.443,0.0
2026-09-17 10:00:00,9.351e-05,108116.228,8264220670.7324,1.4704,0.5952,0.4048,0.7427,552.901,744.487,0.0
2026-09-17 10:15:00,9.351e-05,108294.834,8270021905.799422,1.4716,0.5954,0.4046,0.6134,392.667,640.108,0.0
2026-09-17 10:30:00,9.351e-05,108441.785,8276266428.265432,1.471,0.5953,0.4047,0.947,261.52,276.152,0.0
2026-09-17 10:45:00,9.351e-05,108467.681,8274858375.504701,1.4722,0.5955,0.4045,0.9026,370.665,410.685,0.0
2026-09-17 11:00:00,9.351e-05,108472.952,8284600014.4096,1.4716,0.5954,0.4046,1.2125,364.494,300.603,0.0
2026-09-17 11:15:00,9.351e-05,108420.655,8283912671.4715,1.4728,0.5956,0.4044,1.021,199.652,195.544,0.0
2026-09-17 11:30:00,9.351e-05,108374.951,8275966890.999353,1.4722,0.5955,0.4045,0.3688,341.029,924.811,0.0
2026-09-17 11:45:00,9.351e-05,108555.423,8267309134.690133,1.4624,0.5939,0.4061,1.632,852.301,522.25,0.0
2026-09-17 12:00:00,9.351e-05,108505.145,8295229185.7645,1.4679,0.5948,0.4052,1.2816,1659.621,1294.994,0.0
2026-09-17 12:15:00,9.351e-05,108374.11,8321314713.761523,1.4752,0.596,0.404,1.0359,1993.472,1924.419,0.0
2026-09-17 12:30:00,9.351e-05,108239.403,8331273440.4324,1.4522,0.5922,0.4078,1.1381,2528.707,2221.887,0.0
2026-09-17 12:45:00,9.351e-05,108139.703,8310723405.341084,1.4184,0.5865,0.4135,0.7484,1014.364,1355.426,0.0
2026-09-17 13:00:00,9.351e-05,108562.139,8326602889.990375,1.4231,0.5873,0.4127,1.171,1128.912,964.054,0.0
2026-09-17 13:15:00,9.351e-05,108553.468,8317638101.83,1.4231,0.5873,0.4127,0.848,711.229,838.715,0.0
2026-09-17 13:30:00,9.351e-05,108761.044,8313781212.1952,1.4307,0.5886,0.4114,0.7936,2936.01,3699.531,0.0
2026-09-17 13:45:00,9.351e-05,109608.916,8344121222.0908,1.4759,0.5961,0.4039,1.5284,2366.504,1548.404,0.0
2026-09-17 14:00:00,9.351e-05,109504.839,8396491589.519101,1.4814,0.597,0.403,1.0099,1947.829,1928.755,0.0
2026-09-17 14:15:00,9.351e-05,109134.333,8398159760.182499,1.474,0.5958,0.4042,1.202,2448.279,2036.773,0.0
2026-09-17 14:30:00,9.351e-05,108812.173,8369549435.5102,1.4438,0.5908,0.4092,0.5152,957.082,1857.599,0.0
2026-09-17 14:45:00,9.351e-05,108755.056,8329353979.9392,1.4266,0.5879,0.4121,0.8989,606.707,674.934,0.0
2026-09-17 15:00:00,9.351e-05,108748.599,8315961866.0904,1.4295,0.5884,0.4116,1.1485,1298.26,1130.379,0.0
2026-09-17 15:15:00,9.351e-05,108799.846,8303430166.9664,1.4498,0.5918,0.4082,1.1898,751.884,631.966,0.0
2026-09-17 15:30:00,9.351e-05,108871.512,8320712160.4728,1.4649,0.5943,0.4057,1.3101,1554.693,1186.681,0.0
2026-09-17 15:45:00,9.351e-05,108467.279,8323432558.546571,1.4655,0.5944,0.4056,0.9371,675.748,721.102,0.0
2026-09-17 16:00:00,8.505e-05,108490.399,8324700501.232844,1.4558,0.5928,0.4072,0.8154,599.012,734.65,0.0
2026-09-17 16:15:00,8.505e-05,108424.012,8316967427.6936,1.4534,0.5924,0.4076,0.9533,338.814,355.412,0.0
2026-09-17 16:30:00,8.505e-05,108405.31,8313340731.439553,1.4492,0.5917,0.4083,1.0511,519.307,494.06,0.0
2026-09-17 16:45:00,8.505e-05,108338.523,8307972137.811901,1.4474,0.5914,0.4086,1.2347,546.94,442.989,0.0
2026-09-17 17:00:00,8.505e-05,108333.983,8312759017.344099,1.4432,0.5907,0.4093,1.1534,806.184,698.984,0.0
2026-09-17 17:15:00,8.505e-05,108378.453,8322560593.474137,1.4361,0.5895,0.4105,0.8231,579.946,704.576,0.0
2026-09-17 17:30:00,8.505e-05,108592.856,8350772155.385034,1.4355,0.5894,0.4106,0.4216,363.932,863.307,0.0
2026-09-17 17:45:00,8.505e-05,108565.107,8326217728.882189,1.429,0.5883,0.4117,1.2286,1000.001,813.904,0.0
2026-09-17 18:00:00,8.505e-05,108485.281,8314474663.7615,1.4313,0.5887,0.4113,1.4948,272.617,182.379,0.0
2026-09-17 18:15:00,8.505e-05,108482.34,8320010609.92784,1.4319,0.5888,0.4112,0.8358,135.815,162.489,0.0
2026-09-17 18:30:00,8.505e-05,108466.124,8320512298.3268,1.4325,0.5889,0.4111,0.7184,458.93,638.791,0.0
2026-09-17 18:45:00,8.505e-05,108312.805,8296117008.5190115,1.4313,0.5887,0.4113,1.2473,257.846,206.718,0.0
2026-09-17 19:00:00,8.505e-05,108293.531,8288773235.804378,1.4284,0.5882,0.4118,0.9856,152.891,155.122,0.0
2026-09-17 19:15:00,8.505e-05,108287.804,8286928445.434319,1.429,0.5883,0.4117,0.8686,232.042,267.138,0.0
2026-09-17 19:30:00,8.505e-05,108277.331,8289885705.0896,1.4337,0.5891,0.4109,1.3695,283.764,207.197,0.0
2026-09-17 19:45:00,8.505e-05,108292.073,8292147289.4132595,1.4349,0.5893,0.4107,1.4504,527.485,363.67,0.0
2026-09-17 20:00:00,8.505e-05,108199.421,8285619112.467088,1.4349,0.5893,0.4107,0.6948,146.239,210.468,0.0
2026-09-17 20:15:00,8.505e-05,108239.857,8291561181.777874,1.4355,0.5894,0.4106,1.4376,373.166,259.567,0.0
2026-09-17 20:30:00,8.505e-05,108130.184,8291336004.9728,1.4361,0.5895,0.4105,0.5344,167.858,314.107,0.0
2026-09-17 20:45:00,8.505e-05,108132.846,8272606063.6686,1.4366,0.5896,0.4104,1.8366,240.621,131.011,0.0
2026-09-17 21:00:00,8.505e-05,108176.172,8278733260.7772,1.4372,0.5897,0.4103,0.785,248.027,315.954,0.0
2026-09-17 21:15:00,8.505e-05,108123.761,8268732185.346701,1.4361,0.5895,0.4105,1.433,104.083,72.635,0.0
2026-09-17 21:30:00,8.505e-05,108078.499,8271522422.999011,1.4361,0.5895,0.4105,0.623,86.871,139.444,0.0
2026-09-17 21:45:00,8.505e-05,108080.116,8266855450.57775,1.4361,0.5895,0.4105,0.4462,208.05,466.247,0.0
2026-09-17 22:00:00,8.505e-05,108212.954,8265205153.887364,1.4337,0.5891,0.4109,0.8685,414.368,477.125,0.0
2026-09-17 22:15:00,8.505e-05,108285.727,8265178827.592499,1.4343,0.5892,0.4108,0.9542,471.701,494.351,0.0
2026-09-17 22:30:00,8.505e-05,108202.739,8248957441.656518,1.4343,0.5892,0.4108,1.7312,328.775,189.916,0.0
2026-09-17 22:45:00,8.505e-05,108196.434,8264649528.9504,1.4396,0.5901,0.4099,1.124,246.133,218.975,0.0
2026-09-17 23:00:00,8.505e-05,108171.555,8262962940.5245695,1.4396,0.5901,0.4099,1.152,327.328,284.127,0.0
2026-09-17 23:15:00,8.505e-05,108152.671,8269577231.568843,1.4426,0.5906,0.4094,1.5901,174.546,109.773,0.0
2026-09-17 23:30:00,8.505e-05,108204.308,8272936992.0705185,1.4444,0.5909,0.4091,0.7794,165.796,212.727,0.0
2026-09-17 23:45:00,8.505e-05,108208.9,8267149139.11,1.4432,0.5907,0.4093,0.7683,175.51,228.44,0.0
2026-09-18 00:00:00,8.505e-05,108245.178,8268414305.280621,1.445,0.591,0.409,0.7361,428.083,581.595,0.0
2026-09-18 00:15:00,8.505e-05,108534.849,8295720088.011299,1.4402,0.5902,0.4098,1.196,386.258,322.969,0.0
2026-09-18 00:30:00,8.505e-05,108613.637,8292173284.9472,1.4349,0.5893,0.4107,0.914,193.006,211.176,0.0
2026-09-18 00:45:00,8.505e-05,108602.232,8297199664.5768,1.4361,0.5895,0.4105,2.7475,582.613,212.052,0.0
2026-09-18 01:00:00,8.505e-05,108438.918,8301411240.7884,1.445,0.591,0.409,0.7345,609.355,829.579,0.0
2026-09-18 01:15:00,8.505e-05,108564.043,8307635406.084701,1.4504,0.5919,0.4081,1.1391,331.75,291.243,0.0
2026-09-18 01:30:00,8.505e-05,108472.631,8304811884.101203,1.4474,0.5914,0.4086,0.9549,289.456,303.138,0.0
2026-09-18 01:45:00,8.505e-05,108411.082,8310785868.572929,1.4498,0.5918,0.4082,1.1684,407.168,348.477,0.0
2026-09-18 02:00:00,8.505e-05,108428.661,8317608595.204789,1.4444,0.5909,0.4091,1.3458,605.177,449.69,0.0
2026-09-18 02:15:00,8.505e-05,108384.647,8316104679.621901,1.4408,0.5903,0.4097,1.9123,807.736,422.39,0.0
2026-09-18 02:30:00,8.505e-05,108758.348,8363397327.0172,1.442,0.5905,0.4095,1.1766,1241.162,1054.913,0.0
2026-09-18 02:45:00,8.505e-05,109108.719,8391180608.6454,1.4219,0.5871,0.4129,0.791,442.052,558.861,0.0
2026-09-18 03:00:00,8.505e-05,109272.982,8408566417.097851,1.4067,0.5845,0.4155,1.8314,2386.391,1303.043,0.0
2026-09-18 03:15:00,8.505e-05,108853.315,8413490422.98,1.5013,0.6002,0.3998,1.1153,3237.158,2902.371,0.0
2026-09-18 03:30:00,8.505e-05,108306.105,8382816021.808282,1.4612,0.5937,0.4063,0.7336,523.201,713.178,0.0
2026-09-18 03:45:00,8.505e-05,108350.884,8376124303.733654,1.4444,0.5909,0.4091,0.7223,559.891,775.202,0.0
2026-09-18 04:00:00,8.505e-05,108297.363,8376692730.687,1.4444,0.5909,0.4091,0.5222,554.207,1061.35,0.0
2026-09-18 04:15:00,8.505e-05,108402.897,8374915134.398099,1.4372,0.5897,0.4103,0.6111,434.314,710.72,0.0
2026-09-18 04:30:00,8.505e-05,108288.319,8364986850.258646,1.4331,0.589,0.411,0.8836,383.971,434.557,0.0
2026-09-18 04:45:00,8.505e-05,108282.105,8381024098.789501,1.4278,0.5881,0.4119,1.7168,740.459,431.291,0.0
2026-09-18 05:00:00,8.505e-05,108217.33,8390023361.973327,1.4313,0.5887,0.4113,1.1591,1496.68,1291.191,0.0
2026-09-18 05:15:00,8.505e-05,108573.598,8414316212.228963,1.4284,0.5882,0.4118,0.8812,764.707,867.755,0.0
2026-09-18 05:30:00,8.505e-05,108580.645,8422361755.231,1.419,0.5866,0.4134,1.1083,1259.542,1136.478,0.0
2026-09-18 05:45:00,8.505e-05,108783.748,8436321076.2724,1.4178,0.5864,0.4136,0.4896,212.672,434.358,0.0
2026-09-18 06:00:00,8.505e-05,108737.746,8422586582.1188,1.4096,0.585,0.415,0.6596,324.924,492.607,0.0
2026-09-18 06:15:00,8.505e-05,108822.172,8430170727.1928,1.3764,0.5792,0.4208,0.6663,513.143,770.186,0.0
2026-09-18 06:30:00,8.505e-05,108729.493,8426893999.543697,1.373,0.5786,0.4214,0.5307,324.558,611.524,0.0
2026-09-18 06:45:00,8.505e-05,108574.393,8413440571.009299,1.3691,0.5779,0.4221,0.7621,549.062,720.504,0.0
2026-09-18 07:00:00,8.505e-05,108419.828,8409949050.805553,1.3579,0.5759,0.4241,1.2014,1202.229,1000.651,0.0
2026-09-18 07:15:00,8.505e-05,108273.021,8400642143.9391775,1.3618,0.5766,0.4234,1.439,1148.937,798.441,0.0
2026-09-18 07:30:00,8.505e-05,108273.705,8420164526.217,1.3585,0.576,0.424,1.2781,1043.134,816.147,0.0
2026-09-18 07:45:00,8.505e-05,108478.116,8439494493.379434,1.3513,0.5747,0.4253,1.0274,700.681,681.977,0.0
2026-09-18 08:00:00,8.505e-05,108445.738,8434486563.2618,1.3436,0.5733,0.4267,1.0962,1731.102,1579.21,0.0
2026-09-18 08:15:00,8.505e-05,108306.046,8419086952.025381,1.3408,0.5728,0.4272,1.2636,1506.788,1192.416,0.0
2026-09-18 08:30:00,8.505e-05,108285.462,8437568363.292847,1.3305,0.5709,0.4291,0.9621,761.382,791.378,0.0
2026-09-18 08:45:00,8.505e-05,108232.105,8435404622.7005,1.3229,0.5695,0.4305,2.0144,1859.187,922.939,0.0
2026-09-18 09:00:00,8.505e-05,107944.176,8445692657.6688,1.3557,0.5755,0.4245,1.0204,2229.338,2184.726,0.0
2026-09-18 09:15:00,8.505e-05,107787.834,8444734863.7806,1.3469,0.5739,0.4261,0.693,861.549,1243.283,0.0
2026-09-18 09:30:00,8.505e-05,107531.419,8400752318.530301,1.3272,0.5703,0.4297,0.6349,801.192,1261.905,0.0
2026-09-18 09:45:00,8.505e-05,107631.516,8397461320.709323,1.3089,0.5669,0.4331,1.1935,693.181,580.821,0.0
2026-09-18 10:00:00,8.505e-05,107551.545,8407185965.9505,1.3154,0.5681,0.4319,0.5475,499.189,911.782,0.0
2026-09-18 10:15:00,8.505e-05,107318.978,8387901073.9108,1.3089,0.5669,0.4331,1.1152,481.449,431.703,0.0
2026-09-18 10:30:00,8.505e-05,107320.159,8397276572.9709,1.3073,0.5666,0.4334,0.7103,279.948,394.135,0.0
2026-09-18 10:45:00,8.505e-05,107399.774,8398651586.8226,1.3089,0.5669,0.4331,1.4285,521.208,364.86,0.0
2026-09-18 11:00:00,8.505e-05,107481.027,8410347553.368642,1.3047,0.5661,0.4339,0.8389,1172.057,1397.163,0.0
2026-09-18 11:15:00,8.505e-05,107351.787,8382178359.025873,1.2841,0.5622,0.4378,0.7329,543.54,741.652,0.0
2026-09-18 11:30:00,8.505e-05,107547.99,8389828170.3576765,1.2707,0.5596,0.4404,0.8977,582.191,648.513,0.0
2026-09-18 11:45:00,8.505e-05,107722.456,8401640599.7904,1.2635,0.5582,0.4418,0.9633,381.854,396.422,0.0
2026-09-18 12:00:00,8.505e-05,107764.634,8409220924.599172,1.2584,0.5572,0.4428,0.8038,531.8,661.628,0.0
2026-09-18 12:15:00,8.505e-05,107836.654,8417405701.278,1.2477,0.5551,0.4449,0.6176,346.946,561.797,0.0
2026-09-18 12:30:00,8.505e-05,107755.033,8403668403.4267025,1.2406,0.5537,0.4463,1.3609,512.155,376.342,0.0
2026-09-18 12:45:00,8.505e-05,107706.705,8409168680.863501,1.2447,0.5545,0.4455,1.1223,403.688,359.691,0.0
2026-09-18 13:00:00,8.505e-05,107685.781,8400096345.4087715,1.2432,0.5542,0.4458,0.9105,463.95,509.546,0.0
2026-09-18 13:15:00,8.505e-05,107706.906,8401063273.1658,1.2356,0.5527,0.4473,2.0571,780.464,379.402,0.0
2026-09-18 13:30:00,8.505e-05,107736.932,8418879567.187652,1.2371,0.553,0.447,1.5078,7897.898,5237.859,0.0
2026-09-18 13:45:00,8.505e-05,107497.424,8521757170.693127,1.193,0.544,0.456,1.1585,13008.813,11229.369,0.0
2026-09-18 14:00:00,8.505e-05,107851.512,8633146840.4592,1.1182,0.5279,0.4721,0.9017,5442.113,6035.473,0.0
2026-09-18 14:15:00,8.505e-05,108449.096,8705166761.010073,1.0846,0.5203,0.4797,1.1273,6254.185,5548.12,0.0
2026-09-18 14:30:00,8.505e-05,109103.063,8800976753.265385,1.0794,0.5191,0.4809,1.0258,3052.764,2975.93,0.0
2026-09-18 14:45:00,8.505e-05,109965.22,8879466665.608974,1.05,0.5122,0.4878,1.0672,2153.275,2017.688,0.0
2026-09-18 15:00:00,8.505e-05,110236.595,8918063369.883501,1.0309,0.5076,0.4924,1.0672,2153.275,2017.688,0.0
2026-09-18 15:15:00,8.505e-05,110173.442,8896252042.5834,0.9972,0.4993,0.5007,1.4992,3255.321,2171.411,0.0
2026-09-18 15:30:00,8.505e-05,109731.363,8878540150.5108,0.9889,0.4972,0.5028,0.7961,1144.783,1437.993,0.0
2026-09-18 15:45:00,8.505e-05,109625.817,8837897030.94849,0.9763,0.494,0.506,1.0888,1488.958,1367.535,0.0
2026-09-18 16:00:00,6.853e-05,109613.163,8844554586.6744,0.9685,0.492,0.508,0.9367,1298.224,1385.977,0.0
2026-09-18 16:15:00,6.853e-05,109650.729,8874044463.0429,0.9704,0.4925,0.5075,0.9249,1890.601,2044.196,0.0
2026-09-18 16:30:00,6.853e-05,109824.128,8897808079.1936,0.9596,0.4897,0.5103,1.0986,2940.923,2677.026,0.0
2026-09-18 16:45:00,6.853e-05,110169.872,8920035890.3264,0.9592,0.4896,0.5104,0.6925,907.363,1310.338,0.0
2026-09-18 17:00:00,6.853e-05,110223.543,8907432759.589108,0.9505,0.4873,0.5127,0.8187,879.84,1074.662,0.0
2026-09-18 17:15:00,6.853e-05,110184.887,8908954964.4302,0.9417,0.485,0.515,0.8801,1120.1,1272.69,0.0
2026-09-18 17:30:00,6.853e-05,110148.842,8890884079.714,0.9406,0.4847,0.5153,0.9115,786.478,862.819,0.0
2026-09-18 17:45:00,6.853e-05,109927.61,8876104869.45,0.9395,0.4844,0.5156,1.7685,1192.359,674.207,0.0
2026-09-18 18:00:00,6.853e-05,109980.836,8906589039.8716,0.9414,0.4849,0.5151,1.0084,652.351,646.919,0.0
2026-09-18 18:15:00,6.853e-05,109905.041,8884202133.68603,0.9365,0.4836,0.5164,0.9441,402.328,426.163,0.0
2026-09-18 18:30:00,6.853e-05,109443.392,8860376129.775162,0.9327,0.4826,0.5174,1.0273,905.796,881.707,0.0
2026-09-18 18:45:00,6.853e-05,109239.82,8838266116.74,0.9309,0.4821,0.5179,0.7718,462.237,598.938,0.0
2026-09-18 19:00:00,6.853e-05,109197.729,8834204253.663404,0.9294,0.4817,0.5183,1.0714,795.057,742.079,0.0
2026-09-18 19:15:00,6.853e-05,109107.965,8855846176.393501,0.9309,0.4821,0.5179,1.6069,2137.491,1330.164,0.0
2026-09-18 19:30:00,6.853e-05,108958.361,8849892267.994701,0.9357,0.4834,0.5166,0.8292,570.572,688.074,0.0
2026-09-18 19:45:00,6.853e-05,109034.066,8853845637.868279,0.9384,0.4841,0.5159,1.4603,1186.855,812.765,0.0
2026-09-18 20:00:00,6.853e-05,108899.883,8838597643.9758,0.9391,0.4843,0.5157,0.9113,707.656,776.511,0.0
2026-09-18 20:15:00,6.853e-05,108782.403,8816329530.596127,0.9372,0.4838,0.5162,1.041,584.749,561.705,0.0
2026-09-18 20:30:00,6.853e-05,108753.606,8808067939.758987,0.9294,0.4817,0.5183,1.2694,478.827,377.205,0.0
2026-09-18 20:45:00,6.853e-05,108710.598,8820231642.299728,0.9231,0.48,0.52,0.9726,436.481,448.765,0.0
2026-09-18 21:00:00,6.853e-05,108665.871,8810672287.0284,0.9212,0.4795,0.5205,1.1037,482.59,437.246,0.0
2026-09-18 21:15:00,6.853e-05,108573.112,8820403617.7016,0.9227,0.4799,0.5201,0.5756,342.679,595.304,0.0
2026-09-18 21:30:00,6.853e-05,108381.398,8796064792.442276,0.9227,0.4799,0.5201,1.4324,479.734,334.91,0.0
2026-09-18 21:45:00,6.853e-05,108343.993,8796079388.900562,0.9194,0.479,0.521,1.0923,242.935,222.409,0.0
2026-09-18 22:00:00,6.853e-05,108350.424,8798384623.576061,0.9172,0.4784,0.5216,1.3642,548.722,402.232,0.0
2026-09-18 22:15:00,6.853e-05,108278.11,8793568491.808,0.9179,0.4786,0.5214,0.8847,260.14,294.059,0.0
2026-09-18 22:30:00,6.853e-05,108171.884,8785936762.248,0.919,0.4789,0.5211,0.8711,572.024,656.693,0.0
2026-09-18 22:45:00,6.853e-05,108024.778,8759576003.913294,0.9146,0.4777,0.5223,0.9392,169.445,180.414,0.0
2026-09-18 23:00:00,6.853e-05,108066.486,8764332501.0318,0.9131,0.4773,0.5227,1.5562,379.442,243.826,0.0
2026-09-18 23:15:00,6.853e-05,107993.061,8762482859.099941,0.9135,0.4774,0.5226,0.4556,191.194,419.609,0.0
2026-09-18 23:30:00,6.853e-05,107976.862,8741276906.514774,0.9109,0.4767,0.5233,0.4427,303.328,685.186,0.0
2026-09-18 23:45:00,6.853e-05,107926.147,8727547304.508614,0.904,0.4748,0.5252,0.946,360.995,381.599,0.0
2026-09-19 00:00:00,6.643e-05,107938.52,8728232542.76,0.9015,0.4741,0.5259,0.8282,341.466,412.286,0.0
2026-09-19 00:15:00,6.643e-05,107844.175,8729406152.633411,0.9004,0.4738,0.5262,1.1313,424.436,375.171,0.0
2026-09-19 00:30:00,6.643e-05,107803.281,8739749418.842415,0.9051,0.4751,0.5249,1.1553,628.128,543.7,0.0
2026-09-19 00:45:00,6.643e-05,108045.556,8785043699.1372,0.9088,0.4761,0.5239,2.3378,2665.5,1140.181,0.0
2026-09-19 01:00:00,6.643e-05,108234.264,8836310253.5184,0.9249,0.4805,0.5195,0.6732,1198.949,1781.044,0.0
2026-09-19 01:15:00,6.643e-05,107894.273,8766798100.6328,0.9414,0.4849,0.5151,0.8406,556.519,662.038,0.0
2026-09-19 01:30:00,6.643e-05,107859.162,8760712556.19404,0.9406,0.4847,0.5153,0.8146,417.627,512.65,0.0
2026-09-19 01:45:00,6.643e-05,107858.503,8751482949.703041,0.9376,0.4839,0.5161,1.4164,565.139,398.984,0.0
2026-09-19 02:00:00,6.643e-05,107917.067,8768585444.951,0.9406,0.4847,0.5153,0.8377,226.499,270.391,0.0
2026-09-19 02:15:00,6.643e-05,107960.983,8781945812.857101,0.9414,0.4849,0.5151,0.8288,253.353,305.673,0.0
2026-09-19 02:30:00,6.643e-05,108008.695,8782553436.55897,0.9429,0.4853,0.5147,0.9015,227.582,252.45,0.0
2026-09-19 02:45:00,6.643e-05,108060.44,8783673907.840483,0.9421,0.4851,0.5149,0.4655,114.406,245.791,0.0
2026-09-19 03:00:00,6.643e-05,108052.777,8779872807.175415,0.9402,0.4846,0.5154,0.9232,275.828,298.76,0.0
2026-09-19 03:15:00,6.643e-05,108117.629,8784243815.1259,0.9402,0.4846,0.5154,0.4092,232.618,568.517,0.0
2026-09-19 03:30:00,6.643e-05,108199.047,8774910251.9859,0.9406,0.4847,0.5153,1.3945,325.048,233.098,0.0
2026-09-19 03:45:00,6.643e-05,108247.909,8783235336.26,0.9384,0.4841,0.5159,0.8619,143.18,166.117,0.0
2026-09-19 04:00:00,6.643e-05,108229.423,8777417028.2423,0.9387,0.4842,0.5158,1.27,237.619,187.107,0.0
2026-09-19 04:15:00,6.643e-05,108224.259,8784963532.788301,0.9395,0.4844,0.5156,0.9255,311.616,336.718,0.0
2026-09-19 04:30:00,6.643e-05,108232.186,8777663026.404549,0.9399,0.4845,0.5155,0.5462,492.996,902.537,0.0
2026-09-19 04:45:00,6.643e-05,107995.965,8740598251.510105,0.9357,0.4834,0.5166,1.3296,364.536,274.171,0.0
2026-09-19 05:00:00,6.643e-05,107999.33,8747589332.211,0.9354,0.4833,0.5167,1.5448,300.491,194.512,0.0
2026-09-19 05:15:00,6.643e-05,107983.268,8747746137.3336,0.9391,0.4843,0.5157,1.394,191.643,137.48,0.0
2026-09-19 05:30:00,6.643e-05,107984.441,8750238416.8884,0.9399,0.4845,0.5155,1.3993,193.172,138.046,0.0
2026-09-19 05:45:00,6.643e-05,108033.423,8750674852.9731,0.9395,0.4844,0.5156,1.5753,249.587,158.439,0.0
2026-09-19 06:00:00,6.643e-05,108102.91,8758121001.357843,0.9376,0.4839,0.5161,0.4027,111.35,276.48,0.0
2026-09-19 06:15:00,6.643e-05,108111.24,8753777913.924,0.9365,0.4836,0.5164,0.6821,206.462,302.694,0.0
2026-09-19 06:30:00,6.643e-05,108159.756,8754374938.8108,0.9324,0.4825,0.5175,2.069,328.556,158.797,0.0
2026-09-19 06:45:00,6.643e-05,108256.83,8772624696.099,0.935,0.4832,0.5168,1.7445,202.332,115.986,0.0
2026-09-19 07:00:00,6.643e-05,108324.452,8776447101.04,0.9346,0.4831,0.5169,1.8751,234.814,125.227,0.0
2026-09-19 07:15:00,6.643e-05,108304.377,8787297288.7704,0.9376,0.4839,0.5161,1.3657,494.191,361.864,0.0
2026-09-19 07:30:00,6.643e-05,108184.708,8771260226.146486,0.9395,0.4844,0.5156,0.5047,111.898,221.703,0.0
2026-09-19 07:45:00,6.643e-05,108186.378,8766580219.3716,0.9384,0.4841,0.5159,1.2775,368.308,288.314,0.0
2026-09-19 08:00:00,6.643e-05,108157.337,8768247118.95622,0.9376,0.4839,0.5161,1.6186,354.044,218.73,0.0
2026-09-19 08:15:00,6.643e-05,108144.711,8782957750.899122,0.9444,0.4857,0.5143,1.4416,845.605,586.594,0.0
2026-09-19 08:30:00,6.643e-05,108209.36,8794077298.776,0.9474,0.4865,0.5135,1.157,307.191,265.512,0.0
2026-09-19 08:45:00,6.643e-05,108201.624,8794773751.795515,0.9493,0.487,0.513,0.7681,170.556,222.039,0.0
2026-09-19 09:00:00,6.643e-05,108224.487,8797352099.256,0.9421,0.4851,0.5149,1.5664,1000.861,638.938,0.0
2026-09-19 09:15:00,6.643e-05,108646.759,8845789766.046043,0.9421,0.4851,0.5149,0.878,370.952,422.514,0.0
2026-09-19 09:30:00,6.643e-05,108758.744,8851145490.5752,0.947,0.4864,0.5136,0.4295,280.758,653.692,0.0
2026-09-19 09:45:00,6.643e-05,108809.272,8839747927.096025,0.9429,0.4853,0.5147,1.0754,221.683,206.132,0.0
2026-09-19 10:00:00,6.643e-05,108845.916,8849697930.709381,0.944,0.4856,0.5144,0.6334,457.135,721.701,0.0
2026-09-19 10:15:00,6.643e-05,108526.697,8820670088.720499,0.9463,0.4862,0.5138,0.6814,359.831,528.109,0.0
2026-09-19 10:30:00,6.643e-05,108170.425,8789858097.076614,0.947,0.4864,0.5136,0.6734,166.796,247.696,0.0
2026-09-19 10:45:00,6.643e-05,108165.057,8785912268.4333,0.9451,0.4859,0.5141,0.7741,227.993,294.512,0.0
2026-09-19 11:00:00,6.643e-05,108212.243,8785535584.684,0.9459,0.4861,0.5139,0.8866,208.403,235.056,0.0
2026-09-19 11:15:00,6.643e-05,108201.606,8794822091.265503,0.9467,0.4863,0.5137,0.8294,146.332,176.428,0.0
2026-09-19 11:30:00,6.643e-05,108243.1,8793694824.329016,0.9474,0.4865,0.5135,1.6604,283.559,170.774,0.0
2026-09-19 11:45:00,6.643e-05,108175.991,8790381028.66,0.9463,0.4862,0.5138,1.2271,108.596,88.498,0.0
2026-09-19 12:00:00,6.643e-05,108181.472,8792863378.550714,0.947,0.4864,0.5136,1.4431,277.156,192.061,0.0
2026-09-19 12:15:00,6.643e-05,108229.306,8801660060.430819,0.9482,0.4867,0.5133,0.6338,253.866,400.532,0.0
2026-09-19 12:30:00,6.643e-05,108177.351,8785169216.5908,0.9501,0.4872,0.5128,1.0571,129.091,122.121,0.0
2026-09-19 12:45:00,6.643e-05,108167.132,8787578540.254694,0.9501,0.4872,0.5128,1.4183,236.506,166.751,0.0
2026-09-19 13:00:00,6.643e-05,108098.972,8789159876.8152,0.9486,0.4868,0.5132,0.8313,290.03,348.874,0.0
2026-09-19 13:15:00,6.643e-05,108092.417,8777731196.4186,0.9436,0.4855,0.5145,0.6402,176.731,276.067,0.0
2026-09-19 13:30:00,6.643e-05,108077.699,8775919966.5699,0.944,0.4856,0.5144,0.984,156.366,158.901,0.0
2026-09-19 13:45:00,6.643e-05,108069.006,8779005913.09618,0.9425,0.4852,0.5148,1.6712,371.206,222.114,0.0
2026-09-19 14:00:00,6.643e-05,108029.279,8785439725.370884,0.9417,0.485,0.515,1.265,437.195,345.614,0.0
2026-09-19 14:15:00,6.643e-05,108042.822,8789472429.336166,0.9429,0.4853,0.5147,1.7097,926.716,542.048,0.0
2026-09-19 14:30:00,6.643e-05,108050.314,8811211370.8522,0.9455,0.486,0.514,0.7322,661.167,902.977,0.0
2026-09-19 14:45:00,6.643e-05,108121.961,8812561713.94835,0.9417,0.485,0.515,1.1244,542.456,482.439,0.0
2026-09-19 15:00:00,6.643e-05,108109.39,8816410324.021517,0.9395,0.4844,0.5156,2.1862,1157.286,529.348,0.0
2026-09-19 15:15:00,6.643e-05,108408.201,8852841350.8821,0.9455,0.486,0.514,0.5698,394.022,691.466,0.0
2026-09-19 15:30:00,6.643e-05,108393.752,8838209750.576,0.9417,0.485,0.515,1.7668,1876.539,1062.141,0.0
2026-09-19 15:45:00,6.643e-05,108119.356,8854235972.283096,0.9539,0.4882,0.5118,0.5318,631.412,1187.349,0.0
2026-09-19 16:00:00,0.0001,107866.497,8802887740.3227,0.9535,0.4881,0.5119,0.8981,722.324,804.264,0.0
2026-09-19 16:15:00,0.0001,107843.032,8813493358.8064,0.9516,0.4876,0.5124,0.9892,505.124,510.646,0.0
2026-09-19 16:30:00,0.0001,108004.013,8832453091.66714,0.9531,0.488,0.512,0.6679,386.032,577.942,0.0
2026-09-19 16:45:00,0.0001,107998.189,8835990631.0429,0.9531,0.488,0.512,0.6657,202.577,304.296,0.0
2026-09-19 17:00:00,0.0001,108035.046,8836737391.0746,0.9501,0.4872,0.5128,0.4021,185.106,460.371,0.0
2026-09-19 17:15:00,0.0001,107989.388,8819903748.87176,0.9482,0.4867,0.5133,0.6297,695.171,1104.005,0.0
2026-09-19 17:30:00,0.0001,107945.592,8796583443.1128,0.9451,0.4859,0.5141,1.3508,379.045,280.611,0.0
2026-09-19 17:45:00,0.0001,107891.873,8789000273.653767,0.9444,0.4857,0.5143,0.921,251.211,272.771,0.0
2026-09-19 18:00:00,0.0001,107920.918,8787568669.068,0.9433,0.4854,0.5146,0.8263,466.357,564.42,0.0
2026-09-19 18:15:00,0.0001,107895.682,8777529522.064,0.9395,0.4844,0.5156,1.2859,328.71,255.636,0.0
2026-09-19 18:30:00,0.0001,107862.14,8781391218.953997,0.941,0.4848,0.5152,1.2198,266.439,218.421,0.0
2026-09-19 18:45:00,0.0001,107788.661,8779577133.774977,0.9417,0.485,0.515,1.0386,135.867,130.818,0.0
2026-09-19 19:00:00,0.0001,107782.64,8773346987.957241,0.941,0.4848,0.5152,0.9346,137.489,147.109,0.0
2026-09-19 19:15:00,0.0001,107758.786,8765664715.594995,0.9406,0.4847,0.5153,1.3212,212.33,160.715,0.0
2026-09-19 19:30:00,0.0001,107736.042,8766126208.6014,0.9414,0.4849,0.5151,0.4527,132.876,293.489,0.0
2026-09-19 19:45:00,0.0001,107748.166,8758956905.61211,0.9459,0.4861,0.5139,1.2777,182.103,142.524,0.0
2026-09-19 20:00:00,0.0001,107799.464,8767395086.7984,0.9455,0.486,0.514,1.3335,176.639,132.466,0.0
2026-09-19 20:15:00,0.0001,107789.95,8772491737.95109,0.9467,0.4863,0.5137,0.5067,157.308,310.484,0.0
2026-09-19 20:30:00,0.0001,107770.422,8754322652.805712,0.9436,0.4855,0.5145,1.3837,181.212,130.964,0.0
2026-09-19 20:45:00,0.0001,107749.944,8756157069.176304,0.9421,0.4851,0.5149,0.5528,426.898,772.229,0.0
2026-09-19 21:00:00,0.0001,107653.881,8734149846.591038,0.9361,0.4835,0.5165,0.5692,501.75,881.496,0.0
2026-09-19 21:15:00,0.0001,107534.793,8707920207.116098,0.9327,0.4826,0.5174,0.7747,689.614,890.172,0.0
2026-09-19 21:30:00,0.0001,107517.459,8712293192.512941,0.9283,0.4814,0.5186,1.96,501.936,256.094,0.0
2026-09-19 21:45:00,0.0001,107440.787,8702123566.7502,0.9264,0.4809,0.5191,1.5611,289.481,185.429,0.0
2026-09-19 22:00:00,0.0001,107426.428,8709071260.6028,0.9301,0.4819,0.5181,0.4843,313.767,647.928,0.0
2026-09-19 22:15:00,0.0001,107411.344,8697991570.975615,0.9309,0.4821,0.5179,1.0206,201.809,197.744,0.0
2026-09-19 22:30:00,0.0001,107409.718,8706642482.0518,0.932,0.4824,0.5176,2.0065,410.716,204.693,0.0
2026-09-19 22:45:00,0.0001,107408.286,8723095005.37965,0.9361,0.4835,0.5165,1.2027,198.781,165.284,0.0
2026-09-19 23:00:00,0.0001,107463.237,8729381772.742197,0.938,0.484,0.516,1.4873,216.166,145.339,0.0
2026-09-19 23:15:00,0.0001,107483.557,8733290736.930202,0.9395,0.4844,0.5156,1.0961,291.948,266.351,0.0
2026-09-19 23:30:00,0.0001,107441.272,8731737406.157698,0.9384,0.4841,0.5159,0.8179,225.332,275.484,0.0
2026-09-19 23:45:00,0.0001,107411.183,8726394343.039106,0.9421,0.4851,0.5149,1.1694,406.04,347.23,0.0
2026-09-20 00:00:00,0.0001,107646.325,8743637335.92,0.9421,0.4851,0.5149,1.2987,334.051,257.225,0.0
2026-09-20 00:15:00,0.0001,107565.177,8740234836.325426,0.9399,0.4845,0.5155,1.0249,346.084,337.678,0.0
2026-09-20 00:30:00,0.0001,107501.801,8737189172.284946,0.9402,0.4846,0.5154,1.0687,186.694,174.689,0.0
2026-09-20 00:45:00,0.0001,107463.929,8736258615.2692,0.9414,0.4849,0.5151,0.5458,82.768,151.64,0.0
2026-09-20 01:00:00,0.0001,107485.364,8734790060.978046,0.9414,0.4849,0.5151,0.3941,148.348,376.459,0.0
2026-09-20 01:15:00,0.0001,107461.448,8714930002.1936,0.9369,0.4837,0.5163,0.4633,253.932,548.13,0.0
2026-09-20 01:30:00,0.0001,107428.951,8710789262.641153,0.9365,0.4836,0.5164,0.7025,242.956,345.854,0.0
2026-09-20 01:45:00,0.0001,107474.776,8709702109.652,0.9339,0.4829,0.5171,0.9943,214.882,216.11,0.0
2026-09-20 02:00:00,0.0001,107546.875,8718394968.75,0.9342,0.483,0.517,1.3892,235.276,169.366,0.0
2026-09-20 02:15:00,0.0001,107572.047,8726424485.373838,0.9376,0.4839,0.5161,0.3766,232.947,618.561,0.0
2026-09-20 02:30:00,0.0001,107724.449,8720221217.744373,0.9346,0.4831,0.5169,0.502,1185.406,2361.227,0.0
2026-09-20 02:45:00,0.0001,107668.433,8670302038.9374,0.9157,0.478,0.522,0.8431,3719.573,4411.624,0.0
2026-09-20 03:00:00,0.0001,108975.056,8751110189.149462,0.8918,0.4714,0.5286,1.2275,1874.955,1527.488,0.0
2026-09-20 03:15:00,0.0001,109048.546,8748136076.6304,0.8979,0.4731,0.5269,1.0298,1158.43,1124.891,0.0
2026-09-20 03:30:00,0.0001,109101.581,8768132825.055225,0.9044,0.4749,0.5251,0.9593,361.546,376.879,0.0
2026-09-20 03:45:00,0.0001,109103.318,8768186344.0562,0.9069,0.4756,0.5244,1.5531,436.822,281.267,0.0
2026-09-20 04:00:00,0.0001,109166.725,8784462898.948784,0.9128,0.4772,0.5228,0.9822,249.278,253.797,0.0
2026-09-20 04:15:00,0.0001,109195.562,8780240427.5208,0.9153,0.4779,0.5221,0.8958,291.577,325.508,0.0
2026-09-20 04:30:00,0.0001,109201.979,8780163761.170792,0.9146,0.4777,0.5223,0.6861,131.237,191.291,0.0
2026-09-20 04:45:00,0.0001,109220.271,8777392760.879492,0.9168,0.4783,0.5217,1.0318,429.123,415.889,0.0
2026-09-20 05:00:00,0.0001,109228.911,8782703509.4304,0.9172,0.4784,0.5216,1.5792,735.694,465.855,0.0
2026-09-20 05:15:00,0.0001,109106.089,8789913848.107,0.9238,0.4802,0.5198,0.5932,268.964,453.392,0.0
2026-09-20 05:30:00,0.0001,109146.917,8787571093.3538,0.9231,0.48,0.52,0.7108,317.221,446.282,0.0
2026-09-20 05:45:00,0.0001,109172.493,8788942466.2143,0.9242,0.4803,0.5197,0.7797,341.577,438.091,0.0
2026-09-20 06:00:00,0.0001,109034.88,8772946444.8,0.9253,0.4806,0.5194,1.0177,536.215,526.866,0.0
2026-09-20 06:15:00,0.0001,109098.567,8781223649.406301,0.9242,0.4803,0.5197,0.5687,373.748,657.244,0.0
2026-09-20 06:30:00,0.0001,109296.565,8791198886.107265,0.9142,0.4776,0.5224,0.7027,526.35,749.075,0.0
2026-09-20 06:45:00,0.0001,109219.09,8775753881.5,0.9099,0.4764,0.5236,0.9479,789.431,832.809,0.0
2026-09-20 07:00:00,0.0001,109424.118,8785003567.817814,0.9249,0.4805,0.5195,1.285,456.297,355.103,0.0
2026-09-20 07:15:00,0.0001,109402.479,8788605744.423096,0.9257,0.4807,0.5193,1.1695,651.1,556.726,0.0
2026-09-20 07:30:00,0.0001,109189.943,8775507855.028381,0.9249,0.4805,0.5195,0.7284,158.224,217.213,0.0
2026-09-20 07:45:00,0.0001,109179.424,8769509765.731544,0.9246,0.4804,0.5196,0.6741,272.12,403.698,0.0
2026-09-20 08:00:00,0.0001,109283.332,8773966946.354403,0.926,0.4808,0.5192,1.4815,419.891,283.419,0.0
2026-09-20 08:15:00,0.0001,109242.777,8782026843.03,0.9324,0.4825,0.5175,1.336,219.396,164.218,0.0
2026-09-20 08:30:00,0.0001,109264.388,8779098561.9524,0.9324,0.4825,0.5175,0.862,275.92,320.09,0.0
2026-09-20 08:45:00,0.0001,109245.206,8764877214.151638,0.9312,0.4822,0.5178,0.8531,435.466,510.467,0.0
2026-09-20 09:00:00,0.0001,109270.155,8767554861.740774,0.9305,0.482,0.518,1.8705,335.82,179.532,0.0
2026-09-20 09:15:00,0.0001,109243.272,8765854934.5152,0.9327,0.4826,0.5174,2.235,293.373,131.266,0.0
2026-09-20 09:30:00,0.0001,109230.926,8777233006.96829,0.9365,0.4836,0.5164,1.347,776.177,576.239,0.0
2026-09-20 09:45:00,0.0001,109170.077,8790429185.078499,0.9467,0.4863,0.5137,0.6811,123.79,181.741,0.0
2026-09-20 10:00:00,0.0001,109172.197,8781516761.748098,0.9444,0.4857,0.5143,0.6999,357.756,511.157,0.0
2026-09-20 10:15:00,0.0001,109090.687,8767717237.30938,0.944,0.4856,0.5144,1.096,177.15,161.638,0.0
2026-09-20 10:30:00,0.0001,109049.848,8762842300.8424,0.9451,0.4859,0.5141,0.861,210.645,244.647,0.0
2026-09-20 10:45:00,0.0001,109012.091,8756883898.07189,0.9486,0.4868,0.5132,1.2629,184.454,146.057,0.0
2026-09-20 11:00:00,0.0001,108990.63,8750552038.222908,0.9493,0.487,0.513,0.9058,306.447,338.333,0.0
2026-09-20 11:15:00,0.0001,108991.493,8755777094.408499,0.9501,0.4872,0.5128,0.8194,207.594,253.345,0.0
2026-09-20 11:30:00,0.0001,109036.911,8759927296.5201,0.9501,0.4872,0.5128,0.7859,295.018,375.372,0.0
2026-09-20 11:45:00,0.0001,108978.192,8764451215.5888,0.9562,0.4888,0.5112,0.7626,227.467,298.29,0.0
2026-09-20 12:00:00,0.0001,108940.755,8764109434.542,0.9581,0.4893,0.5107,0.9881,298.762,302.352,0.0
2026-09-20 12:15:00,0.0001,108982.353,8768055060.730215,0.9619,0.4903,0.5097,0.7066,125.493,177.613,0.0
2026-09-20 12:30:00,0.0001,108966.911,8753845898.4939,0.9592,0.4896,0.5104,0.9345,186.438,199.497,0.0
2026-09-20 12:45:00,0.0001,108902.93,8746893874.121761,0.9596,0.4897,0.5103,3.3558,619.69,184.661,0.0
2026-09-20 13:00:00,0.0001,108759.751,8750805702.91291,0.9596,0.4897,0.5103,1.6399,942.565,574.777,0.0
2026-09-20 13:15:00,0.0001,108871.317,8767475386.402546,0.967,0.4916,0.5084,0.9901,320.245,323.45,0.0
2026-09-20 13:30:00,0.0001,108918.263,8765304741.717981,0.965,0.4911,0.5089,1.7057,384.576,225.47,0.0
2026-09-20 13:45:00,0.0001,109115.559,8787706001.879839,0.9623,0.4904,0.5096,1.0305,121.53,117.93,0.0
2026-09-20 14:00:00,0.0001,109102.389,8786371190.406412,0.965,0.4911,0.5089,1.5865,1078.811,679.994,0.0
2026-09-20 14:15:00,0.0001,108901.447,8772540640.11468,0.9763,0.494,0.506,0.8685,380.656,438.279,0.0
2026-09-20 14:30:00,0.0001,108901.558,8766662540.2464,0.9763,0.494,0.506,1.0857,272.189,250.708,0.0
2026-09-20 14:45:00,0.0001,108936.752,8780411147.952,0.9778,0.4944,0.5056,1.389,364.477,262.411,0.0
2026-09-20 15:00:00,0.0001,109025.257,8792559901.279,0.9798,0.4949,0.5051,1.693,1325.856,783.147,0.0
2026-09-20 15:15:00,0.0001,108848.345,8786301285.67184,0.9857,0.4964,0.5036,0.6861,415.309,605.33,0.0
2026-09-20 15:30:00,0.0001,108867.602,8777493958.2908,0.9857,0.4964,0.5036,1.3503,550.597,407.773,0.0
2026-09-20 15:45:00,0.0001,108845.363,8795401940.7232,0.9873,0.4968,0.5032,1.373,562.146,409.417,0.0
2026-09-20 16:00:00,7.524e-05,108755.326,8795369132.84143,0.9932,0.4983,0.5017,2.4731,2046.982,827.689,0.0
2026-09-20 16:15:00,7.524e-05,108375.802,8791949937.55612,1.004,0.501,0.499,1.0533,1389.606,1319.346,0.0
2026-09-20 16:30:00,7.524e-05,107798.077,8747259169.652245,1.0016,0.5004,0.4996,1.1578,2374.527,2050.893,0.0
2026-09-20 16:45:00,7.524e-05,107162.752,8716081534.6852,1.0121,0.503,0.497,0.7607,503.324,661.699,0.0
2026-09-20 17:00:00,7.524e-05,107044.671,8702496254.0238,1.0056,0.5014,0.4986,1.2524,835.075,666.781,0.0
2026-09-20 17:15:00,7.524e-05,106934.591,8682682437.7542,0.9976,0.4994,0.5006,0.8469,448.907,530.04,0.0
2026-09-20 17:30:00,7.524e-05,106827.827,8665796442.71761,0.9861,0.4965,0.5035,1.4401,656.024,455.548,0.0
2026-09-20 17:45:00,7.524e-05,106840.78,8691497453.0,0.9841,0.496,0.504,0.515,617.864,1199.62,0.0
2026-09-20 18:00:00,7.524e-05,107112.486,8688482858.133,0.9818,0.4954,0.5046,0.4127,533.187,1291.938,0.0
2026-09-20 18:15:00,7.524e-05,107139.684,8685803467.9116,0.9778,0.4944,0.5056,2.2529,426.239,189.194,0.0
2026-09-20 18:30:00,7.524e-05,107282.623,8715076903.26669,0.9786,0.4946,0.5054,0.7577,158.905,209.73,0.0
2026-09-20 18:45:00,7.524e-05,107309.62,8711609570.84,0.9775,0.4943,0.5057,0.3894,185.645,476.697,0.0
2026-09-20 19:00:00,7.524e-05,107289.985,8690306392.025501,0.9743,0.4935,0.5065,1.67,283.294,169.637,0.0
2026-09-20 19:15:00,7.524e-05,107220.322,8690595008.016525,0.9743,0.4935,0.5065,0.7063,128.509,181.95,0.0
2026-09-20 19:30:00,7.524e-05,107238.408,8695672961.0184,0.9732,0.4932,0.5068,0.6475,291.589,450.301,0.0
2026-09-20 19:45:00,7.524e-05,107329.618,8714928856.4404,0.9739,0.4934,0.5066,0.6108,141.707,231.986,0.0
2026-09-20 20:00:00,7.524e-05,107319.792,8708357202.048,0.972,0.4929,0.5071,0.9564,129.574,135.479,0.0
2026-09-20 20:15:00,7.524e-05,107365.912,8708975215.2888,0.9712,0.4927,0.5073,0.7468,210.196,281.478,0.0
2026-09-20 20:30:00,7.524e-05,107379.115,8716242393.770918,0.9712,0.4927,0.5073,1.0444,123.712,118.456,0.0
2026-09-20 20:45:00,7.524e-05,107391.925,8709485590.647343,0.9701,0.4924,0.5076,0.8491,169.677,199.837,0.0
2026-09-20 21:00:00,7.524e-05,107369.019,8702258989.95,0.9697,0.4923,0.5077,0.5064,1100.908,2173.868,0.0
2026-09-20 21:15:00,7.524e-05,107373.642,8669134870.90234,0.9643,0.4909,0.5091,0.8719,332.747,381.619,0.0
2026-09-20 21:30:00,7.524e-05,107312.907,8676237799.6593,0.9639,0.4908,0.5092,0.7498,188.103,250.863,0.0
2026-09-20 21:45:00,7.524e-05,107303.526,8665976337.347048,0.9635,0.4907,0.5093,0.6523,182.555,279.88,0.0
2026-09-20 22:00:00,7.524e-05,107415.645,8689657141.3875,0.9639,0.4908,0.5092,1.8508,1247.81,674.189,0.0
2026-09-20 22:15:00,7.524e-05,107450.549,8731268061.88258,0.965,0.4911,0.5089,0.9297,356.984,383.974,0.0
2026-09-20 22:30:00,7.524e-05,107388.825,8712160642.841219,0.9654,0.4912,0.5088,1.2378,308.877,249.533,0.0
2026-09-20 22:45:00,7.524e-05,107410.743,8708626738.8054,0.9666,0.4915,0.5085,0.8157,200.912,246.294,0.0
2026-09-20 23:00:00,7.524e-05,107440.863,8722988323.698763,0.967,0.4916,0.5084,0.6302,246.682,391.453,0.0
2026-09-20 23:15:00,7.524e-05,107429.709,8714300504.1567,0.9666,0.4915,0.5085,1.4416,377.688,261.992,0.0
2026-09-20 23:30:00,7.524e-05,107460.722,8716955862.9072,0.967,0.4916,0.5084,1.273,635.839,499.482,0.0
2026-09-20 23:45:00,7.524e-05,107726.102,8751065260.3088,0.9612,0.4901,0.5099,1.0338,452.237,437.457,0.0
2026-09-21 00:00:00,7.524e-05,107777.74,8745506156.786,0.9608,0.49,0.51,1.5201,2413.849,1587.949,0.0
2026-09-21 00:15:00,7.524e-05,107855.781,8807709803.813404,0.9712,0.4927,0.5073,1.248,1443.799,1156.93,0.0
2026-09-21 00:30:00,7.524e-05,107883.203,8814618677.7556,0.9704,0.4925,0.5075,0.89,1020.682,1146.858,0.0
2026-09-21 00:45:00,7.524e-05,107922.971,8812137220.389101,0.9619,0.4903,0.5097,1.7559,2000.314,1139.179,0.0
2026-09-21 01:00:00,7.524e-05,107795.938,8795204885.00437,0.9639,0.4908,0.5092,0.9675,707.231,730.984,0.0
2026-09-21 01:15:00,7.524e-05,107991.167,8830167747.672499,0.96,0.4898,0.5102,1.2413,3128.992,2520.779,0.0
2026-09-21 01:30:00,7.524e-05,107730.159,8786439448.9923,0.9701,0.4924,0.5076,0.8346,1121.752,1344.121,0.0
2026-09-21 01:45:00,7.524e-05,107697.738,8770329140.367838,0.9704,0.4925,0.5075,0.6587,2278.236,3458.746,0.0
2026-09-21 02:00:00,7.524e-05,107481.687,8702738455.5465,0.932,0.4824,0.5176,1.4693,1701.049,1157.763,0.0
2026-09-21 02:15:00,7.524e-05,107971.778,8782597177.3648,0.9312,0.4822,0.5178,1.2747,887.478,696.238,0.0
2026-09-21 02:30:00,7.524e-05,108341.089,8818422939.155,0.9327,0.4826,0.5174,0.4555,548.0,1202.961,0.0
2026-09-21 02:45:00,7.524e-05,107883.44,8763058969.224,0.9324,0.4825,0.5175,0.6157,320.005,519.727,0.0
2026-09-21 03:00:00,7.524e-05,107982.043,8776780455.04,0.9335,0.4828,0.5172,0.9805,278.791,284.338,0.0
2026-09-21 03:15:00,7.524e-05,108060.464,8782138745.5584,0.9342,0.483,0.517,1.3608,398.578,292.899,0.0
2026-09-21 03:30:00,7.524e-05,108144.513,8803399656.674143,0.9342,0.483,0.517,1.1319,446.414,394.384,0.0
2026-09-21 03:45:00,7.524e-05,108223.794,8814589928.9532,0.9342,0.483,0.517,0.9904,214.988,217.082,0.0
2026-09-21 04:00:00,7.524e-05,108224.538,8809867001.5368,0.9339,0.4829,0.5171,0.4597,244.287,531.361,0.0
2026-09-21 04:15:00,7.524e-05,108209.182,8792137448.86565,0.9339,0.4829,0.5171,0.8549,233.552,273.208,0.0
2026-09-21 04:30:00,7.524e-05,108155.509,8790033815.450466,0.9309,0.4821,0.5179,0.8817,258.399,293.07,0.0
2026-09-21 04:45:00,7.524e-05,108184.018,8805529961.092,0.932,0.4824,0.5176,1.3372,311.441,232.902,0.0
2026-09-21 05:00:00,7.524e-05,108166.008,8801870253.340424,0.9316,0.4823,0.5177,0.4431,101.764,229.658,0.0
2026-09-21 05:15:00,7.524e-05,108174.739,8794595463.226099,0.9298,0.4818,0.5182,2.1259,1059.295,498.274,0.0
2026-09-21 05:30:00,7.524e-05,108669.106,8863051870.37007,0.9294,0.4817,0.5183,0.9923,774.532,780.564,0.0
2026-09-21 05:45:00,7.524e-05,108882.126,8884674185.36612,0.9283,0.4814,0.5186,0.5998,231.034,385.2,0.0
2026-09-21 06:00:00,7.524e-05,108931.408,8880088380.16,0.926,0.4808,0.5192,0.7718,362.972,470.281,0.0
2026-09-21 06:15:00,7.524e-05,108994.272,8898328738.57377,0.9264,0.4809,0.5191,1.3787,673.131,488.228,0.0
2026-09-21 06:30:00,7.524e-05,109021.948,8916523550.102,0.9268,0.481,0.519,0.3482,513.669,1475.344,0.0
2026-09-21 06:45:00,7.524e-05,109214.791,8886250548.2359,0.8896,0.4708,0.5292,0.9001,756.359,840.269,0.0
2026-09-21 07:00:00,7.524e-05,109452.686,8932482325.246504,0.8734,0.4662,0.5338,0.9938,474.696,477.645,0.0
2026-09-21 07:15:00,7.524e-05,109575.156,8934393443.751257,0.8699,0.4652,0.5348,0.9053,272.292,300.786,0.0
2026-09-21 07:30:00,7.524e-05,109662.103,8946387889.6842,0.8702,0.4653,0.5347,1.148,458.242,399.149,0.0
2026-09-21 07:45:00,7.524e-05,109603.469,8930350929.415785,0.8671,0.4644,0.5356,1.269,533.671,420.55,0.0
2026-09-21 08:00:00,7.524e-05,109752.972,8966598306.456,0.8657,0.464,0.536,1.267,1531.771,1209.001,0.0
2026-09-21 08:15:00,7.524e-05,110339.078,9033206535.9806,0.8587,0.462,0.538,1.6079,2612.03,1624.522,0.0
2026-09-21 08:30:00,7.524e-05,110782.567,9107030688.631931,0.8584,0.4619,0.5381,1.5814,16567.598,10476.344,0.0
2026-09-21 08:45:00,7.524e-05,109655.772,9157419313.1832,0.9205,0.4793,0.5207,1.011,3420.272,3383.067,0.0
2026-09-21 09:00:00,7.524e-05,110314.84,9239118910.58791,0.8907,0.4711,0.5289,1.0219,2726.111,2667.736,0.0
2026-09-21 09:15:00,7.524e-05,110821.05,9297077101.335,0.8839,0.4692,0.5308,1.5238,5547.047,3640.334,0.0
2026-09-21 09:30:00,7.524e-05,110446.734,9323823419.854843,0.9433,0.4854,0.5146,1.3575,9014.042,6640.156,0.0
2026-09-21 09:45:00,7.524e-05,110112.542,9358475955.8342,0.9612,0.4901,0.5099,0.7866,2496.571,3173.706,0.0
2026-09-21 10:00:00,7.524e-05,110234.141,9328663392.8519,0.915,0.4778,0.5222,0.8835,2255.678,2553.231,0.0
2026-09-21 10:15:00,7.524e-05,110198.134,9316546961.6424,0.9091,0.4762,0.5238,0.8132,1246.043,1532.358,0.0
2026-09-21 10:30:00,7.524e-05,110277.667,9300771136.076582,0.899,0.4734,0.5266,0.8146,1582.053,1942.205,0.0
2026-09-21 10:45:00,7.524e-05,110241.352,9286735484.803316,0.8979,0.4731,0.5269,1.7522,1626.266,928.147,0.0
2026-09-21 11:00:00,7.524e-05,109938.354,9279148105.654388,0.912,0.477,0.523,1.4027,1679.468,1197.329,0.0
2026-09-21 11:15:00,7.524e-05,110007.417,9302227181.52,0.9253,0.4806,0.5194,1.0591,699.378,660.356,0.0
2026-09-21 11:30:00,7.524e-05,110002.853,9309876084.445692,0.9264,0.4809,0.5191,1.3936,1260.948,904.837,0.0
2026-09-21 11:45:00,7.524e-05,110327.539,9354733285.179728,0.9279,0.4813,0.5187,0.7016,781.389,1113.777,0.0
2026-09-21 12:00:00,7.524e-05,110196.805,9349664005.32424,0.9164,0.4782,0.5218,1.1089,2181.381,1967.15,0.0
2026-09-21 12:15:00,7.524e-05,110571.522,9394133584.758678,0.9146,0.4777,0.5223,1.0657,2892.635,2714.28,0.0
2026-09-21 12:30:00,7.524e-05,111103.672,9447322996.0352,0.9135,0.4774,0.5226,1.0573,1494.704,1413.654,0.0
2026-09-21 12:45:00,7.524e-05,111502.706,9505594536.2294,0.9084,0.476,0.524,1.1047,1098.748,994.582,0.0
2026-09-21 13:00:00,7.524e-05,111704.039,9527639620.8504,0.9051,0.4751,0.5249,0.8338,1267.43,1520.05,0.0
2026-09-21 13:15:00,7.524e-05,111655.878,9506128000.772943,0.8993,0.4735,0.5265,0.657,1390.276,2116.162,0.0
2026-09-21 13:30:00,7.524e-05,111836.616,9494705025.168,0.8808,0.4683,0.5317,1.0521,2533.208,2407.853,0.0
2026-09-21 13:45:00,7.524e-05,111788.765,9506214336.041986,0.8758,0.4669,0.5331,1.2267,5422.122,4420.214,0.0
2026-09-21 14:00:00,7.524e-05,111403.866,9515717179.8024,0.904,0.4748,0.5252,0.8214,2676.973,3259.131,0.0
2026-09-21 14:15:00,7.524e-05,111455.885,9503832168.361502,0.9051,0.4751,0.5249,1.4187,3100.806,2185.693,0.0
2026-09-21 14:30:00,7.524e-05,112048.853,9600390544.5812,0.8965,0.4727,0.5273,0.7874,3296.362,4186.276,0.0
2026-09-21 14:45:00,7.524e-05,111532.25,9563328832.210886,0.8965,0.4727,0.5273,1.0187,2868.873,2816.105,0.0
2026-09-21 15:00:00,7.524e-05,111363.465,9555965295.492,0.9015,0.4741,0.5259,1.2821,3743.01,2919.445,0.0
2026-09-21 15:15:00,7.524e-05,111264.161,9598511488.190966,0.9113,0.4768,0.5232,0.6472,1784.071,2756.659,0.0
2026-09-21 15:30:00,7.524e-05,110954.562,9520999869.7638,0.8875,0.4702,0.5298,1.4629,1654.082,1130.661,0.0
2026-09-21 15:45:00,7.524e-05,110843.052,9539641514.747875,0.8882,0.4704,0.5296,0.9282,1682.769,1812.934,0.0
2026-09-21 16:00:00,7.524e-05,110573.409,9495840526.046032,0.8829,0.4689,0.5311,0.6817,1283.405,1882.666,0.0
2026-09-21 16:15:00,7.524e-05,110619.591,9478517088.5487,0.8702,0.4653,0.5347,1.1119,849.647,764.153,0.0
2026-09-21 16:30:00,7.524e-05,110501.863,9481579204.1561,0.8713,0.4656,0.5344,0.8199,887.024,1081.847,0.0
2026-09-21 16:45:00,7.524e-05,110354.288,9470141508.1504,0.8653,0.4639,0.5361,0.9099,1181.145,1298.145,0.0
2026-09-21 17:00:00,7.524e-05,110567.62,9499792204.99998,0.8653,0.4639,0.5361,1.1234,997.473,887.916,0.0
2026-09-21 17:15:00,7.524e-05,110613.702,9505643015.527878,0.8622,0.463,0.537,0.7286,971.054,1332.849,0.0
2026-09-21 17:30:00,7.524e-05,110329.929,9471388510.287998,0.8601,0.4624,0.5376,0.769,391.645,509.299,0.0
2026-09-21 17:45:00,7.524e-05,110338.913,9473084063.908058,0.858,0.4618,0.5382,0.9336,910.729,975.513,0.0
2026-09-21 18:00:00,7.524e-05,110244.611,9464962881.7162,0.8508,0.4597,0.5403,0.8383,588.412,701.911,0.0
2026-09-21 18:15:00,7.524e-05,110349.153,9483549662.7189,0.8529,0.4603,0.5397,0.7226,639.208,884.608,0.0
2026-09-21 18:30:00,7.524e-05,110831.129,9518210607.858702,0.8512,0.4598,0.5402,0.4996,453.34,907.344,0.0
2026-09-21 18:45:00,7.524e-05,110664.885,9504752443.4145,0.8505,0.4596,0.5404,1.4172,531.835,375.273,0.0
2026-09-21 19:00:00,7.524e-05,110645.963,9517931706.204498,0.8498,0.4594,0.5406,1.1504,546.713,475.244,0.0
2026-09-21 19:15:00,7.524e-05,110505.521,9505154489.9192,0.8488,0.4591,0.5409,2.1405,2968.121,1386.617,0.0
2026-09-21 19:30:00,7.524e-05,110242.827,9516844332.1674,0.8632,0.4633,0.5367,1.3583,4395.313,3235.828,0.0
2026-09-21 19:45:00,7.524e-05,110278.056,9543224971.811584,0.8786,0.4677,0.5323,0.7911,720.281,910.504,0.0
2026-09-21 20:00:00,7.524e-05,110231.019,9530759586.891506,0.8793,0.4679,0.5321,1.5844,1079.493,681.311,0.0
2026-09-21 20:15:00,7.524e-05,110269.175,9560811629.9525,0.8801,0.4681,0.5319,1.6533,4371.771,2644.314,0.0
2026-09-21 20:30:00,7.524e-05,109642.797,9566914797.871544,0.9164,0.4782,0.5218,0.7857,1398.942,1780.402,0.0
2026-09-21 20:45:00,7.524e-05,109139.767,9484671397.391298,0.912,0.477,0.523,1.1608,758.196,653.191,0.0
2026-09-21 21:00:00,7.524e-05,109029.467,9482953589.425816,0.9106,0.4766,0.5234,0.7771,758.805,976.459,0.0
2026-09-21 21:15:00,7.524e-05,108949.639,9430628615.490494,0.9011,0.474,0.526,1.3422,531.147,395.738,0.0
2026-09-21 21:30:00,7.524e-05,108976.584,9436990756.356,0.9004,0.4738,0.5262,1.2299,596.985,485.403,0.0
2026-09-21 21:45:00,7.524e-05,108836.578,9441592623.24746,0.9066,0.4755,0.5245,0.527,203.373,385.905,0.0
2026-09-21 22:00:00,7.524e-05,108849.848,9420410231.616346,0.9037,0.4747,0.5253,1.1726,540.78,461.161,0.0
2026-09-21 22:15:00,7.524e-05,108876.548,9427029886.936771,0.8997,0.4736,0.5264,0.5207,450.286,864.701,0.0
2026-09-21 22:30:00,7.524e-05,108880.672,9405079783.1584,0.8957,0.4725,0.5275,1.0171,667.894,656.636,0.0
2026-09-21 22:45:00,7.524e-05,109039.795,9420483145.07002,0.8932,0.4718,0.5282,0.5371,417.69,777.715,0.0
2026-09-21 23:00:00,7.524e-05,108950.196,9415388778.1632,0.89,0.4709,0.5291,1.5486,831.126,536.711,0.0
2026-09-21 23:15:00,7.524e-05,108978.349,9439203289.9746,0.8961,0.4726,0.5274,0.7736,282.482,365.133,0.0
2026-09-21 23:30:00,7.524e-05,109023.471,9425853134.5941,0.8947,0.4722,0.5278,0.7586,397.605,524.112,0.0
2026-09-21 23:45:00,7.524e-05,109156.689,9434861857.50438,0.8921,0.4715,0.5285,1.2246,400.913,327.396,0.0
2026-09-22 00:00:00,7.663e-05,109189.231,9454075224.884014,0.8925,0.4716,0.5284,0.4624,763.382,1650.767,0.0
2026-09-22 00:15:00,7.663e-05,108879.113,9412216822.58134,0.8921,0.4715,0.5285,0.532,281.027,528.211,0.0
2026-09-22 00:30:00,7.663e-05,109025.595,9418494152.070782,0.8918,0.4714,0.5286,0.7143,909.102,1272.74,0.0
2026-09-22 00:45:00,7.663e-05,108929.766,9402196501.4538,0.8854,0.4696,0.5304,0.4774,1399.634,2931.706,0.0
2026-09-22 01:00:00,7.663e-05,108782.999,9342694819.624807,0.8681,0.4647,0.5353,0.8329,1481.617,1778.78,0.0
2026-09-22 01:15:00,7.663e-05,108867.237,9336454245.12,0.8546,0.4608,0.5392,0.7734,1400.576,1810.933,0.0
2026-09-22 01:30:00,7.663e-05,108910.752,9338948477.086489,0.845,0.458,0.542,1.1242,553.598,492.438,0.0
2026-09-22 01:45:00,7.663e-05,108896.865,9327667129.447538,0.8481,0.4589,0.5411,0.8144,514.799,632.108,0.0
2026-09-22 02:00:00,7.663e-05,109088.844,9336728706.9252,0.846,0.4583,0.5417,1.0274,1158.69,1127.783,0.0
2026-09-22 02:15:00,7.663e-05,108933.204,9324953416.879095,0.8433,0.4575,0.5425,1.3485,1281.026,949.976,0.0
2026-09-22 02:30:00,7.663e-05,109095.607,9350322646.5132,0.8529,0.4603,0.5397,1.2094,456.348,377.349,0.0
2026-09-22 02:45:00,7.663e-05,109096.864,9358525368.2752,0.8615,0.4628,0.5372,0.993,826.072,831.858,0.0
2026-09-22 03:00:00,7.663e-05,109090.404,9347659521.008032,0.8629,0.4632,0.5368,0.5965,529.754,888.066,0.0
2026-09-22 03:15:00,7.663e-05,109361.837,9350437063.5,0.8622,0.463,0.537,0.7771,827.332,1064.574,0.0
2026-09-22 03:30:00,7.663e-05,109467.21,9368524229.358374,0.8601,0.4624,0.5376,0.7636,557.612,730.253,0.0
2026-09-22 03:45:00,7.663e-05,109517.289,9359473819.149992,0.866,0.4641,0.5359,1.6902,898.273,531.449,0.0
2026-09-22 04:00:00,7.663e-05,109917.995,9416520781.503254,0.8678,0.4646,0.5354,0.9486,692.212,729.728,0.0
2026-09-22 04:15:00,7.663e-05,110025.473,9416817742.791452,0.8706,0.4654,0.5346,1.0137,810.967,799.999,0.0
2026-09-22 04:30:00,7.663e-05,110367.233,9438891530.91897,0.8699,0.4652,0.5348,0.4503,381.114,846.332,0.0
2026-09-22 04:45:00,7.663e-05,110531.483,9448517018.875969,0.8702,0.4653,0.5347,0.3809,392.064,1029.256,0.0
2026-09-22 05:00:00,7.663e-05,110662.843,9453340164.4221,0.8692,0.465,0.535,0.4871,824.549,1692.607,0.0
2026-09-22 05:15:00,7.663e-05,110522.683,9435863008.8567,0.8713,0.4656,0.5344,0.681,1029.043,1511.155,0.0
2026-09-22 05:30:00,7.663e-05,110465.658,9410651032.737568,0.8674,0.4645,0.5355,1.4724,1181.356,802.309,0.0
2026-09-22 05:45:00,7.663e-05,110660.237,9450406371.8474,0.8741,0.4664,0.5336,0.8916,897.264,1006.372,0.0
2026-09-22 06:00:00,7.663e-05,110459.732,9430311837.9556,0.8893,0.4707,0.5293,0.8472,457.6,540.145,0.0
2026-09-22 06:15:00,7.663e-05,110500.796,9428433484.688046,0.8882,0.4704,0.5296,1.1988,328.197,273.778,0.0
2026-09-22 06:30:00,7.663e-05,110462.157,9427028264.0469,0.8907,0.4711,0.5289,2.1057,1122.955,533.285,0.0
2026-09-22 06:45:00,7.663e-05,110348.922,9429801463.629654,0.8957,0.4725,0.5275,0.7171,391.829,546.445,0.0
2026-09-22 07:00:00,7.663e-05,110324.412,9416592251.616068,0.8979,0.4731,0.5269,0.4163,703.304,1689.322,0.0
2026-09-22 07:15:00,7.663e-05,110239.323,9418372743.067,0.9015,0.4741,0.5259,0.8833,908.566,1028.558,0.0
2026-09-22 07:30:00,7.663e-05,110016.799,9383101751.432098,0.9062,0.4754,0.5246,0.9052,581.11,641.982,0.0
2026-09-22 07:45:00,7.663e-05,110082.673,9380364731.676,0.9062,0.4754,0.5246,1.2485,630.252,504.826,0.0
2026-09-22 08:00:00,7.663e-05,110210.93,9403714538.971,0.908,0.4759,0.5241,1.5189,1075.654,708.177,0.0
2026-09-22 08:15:00,7.663e-05,110141.987,9413004398.488016,0.9131,0.4773,0.5227,1.0944,818.511,747.875,0.0
2026-09-22 08:30:00,7.663e-05,110018.429,9393692521.4641,0.9183,0.4787,0.5213,1.8719,3838.134,2050.376,0.0
2026-09-22 08:45:00,7.663e-05,109701.725,9446481360.785,0.944,0.4856,0.5144,1.2167,2759.655,2268.134,0.0
2026-09-22 09:00:00,7.663e-05,110080.74,9487156201.22539,0.947,0.4864,0.5136,0.6563,2070.669,3154.961,0.0
2026-09-22 09:15:00,7.663e-05,109747.629,9426629290.852146,0.9451,0.4859,0.5141,0.6207,406.035,654.125,0.0
2026-09-22 09:30:00,7.663e-05,109800.053,9427866382.52467,0.9429,0.4853,0.5147,1.214,746.043,614.536,0.0
2026-09-22 09:45:00,7.663e-05,109724.454,9436350371.923853,0.9459,0.4861,0.5139,1.5955,1277.408,800.654,0.0
2026-09-22 10:00:00,7.663e-05,109840.138,9468900904.4556,0.9482,0.4867,0.5133,0.6545,565.618,864.194,0.0
2026-09-22 10:15:00,7.663e-05,109615.04,9426775907.259584,0.9451,0.4859,0.5141,0.537,558.775,1040.469,0.0
2026-09-22 10:30:00,7.663e-05,109643.481,9410338150.7427,0.9406,0.4847,0.5153,0.6066,743.626,1225.828,0.0
2026-09-22 10:45:00,7.663e-05,109517.837,9398426507.1268,0.9463,0.4862,0.5138,1.4156,556.455,393.092,0.0
2026-09-22 11:00:00,7.663e-05,109627.615,9413021683.314,0.9474,0.4865,0.5135,0.692,427.099,617.153,0.0
2026-09-22 11:15:00,7.663e-05,109546.337,9414284259.596111,0.9489,0.4869,0.5131,1.0694,417.636,390.526,0.0
2026-09-22 11:30:00,7.663e-05,109471.436,9401680602.27,0.9508,0.4874,0.5126,1.0823,478.145,441.802,0.0
2026-09-22 11:45:00,7.663e-05,109400.712,9415977060.9144,0.9524,0.4878,0.5122,0.7934,425.871,536.797,0.0
2026-09-22 12:00:00,7.663e-05,109357.2,9399262275.72,0.9505,0.4873,0.5127,1.0656,418.373,392.627,0.0
2026-09-22 12:15:00,7.663e-05,109390.66,9395437627.469055,0.9512,0.4875,0.5125,1.6221,876.272,540.205,0.0
2026-09-22 12:30:00,7.663e-05,109466.545,9422694100.4735,0.9467,0.4863,0.5137,1.2029,788.238,655.292,0.0
2026-09-22 12:45:00,7.663e-05,109502.733,9410593372.702637,0.9489,0.4869,0.5131,0.765,417.958,546.378,0.0
2026-09-22 13:00:00,7.663e-05,109567.794,9422118093.339,0.9433,0.4854,0.5146,0.9812,611.172,622.852,0.0
2026-09-22 13:15:00,7.663e-05,109546.969,9422972625.25935,0.9493,0.487,0.513,0.7269,995.85,1370.076,0.0
2026-09-22 13:30:00,7.663e-05,109546.848,9388953610.9056,0.9406,0.4847,0.5153,0.9309,2076.44,2230.658,0.0
2026-09-22 13:45:00,7.663e-05,109281.361,9386359014.283192,0.9402,0.4846,0.5154,1.6037,2064.044,1287.081,0.0
2026-09-22 14:00:00,7.663e-05,109709.704,9469782097.98524,0.944,0.4856,0.5144,0.9248,1402.726,1516.788,0.0
2026-09-22 14:15:00,7.663e-05,109643.336,9462647505.8104,0.9489,0.4869,0.5131,0.5666,708.913,1251.195,0.0
2026-09-22 14:30:00,7.663e-05,109561.309,9412247714.2265,0.9474,0.4865,0.5135,0.8482,2490.03,2935.836,0.0
2026-09-22 14:45:00,7.663e-05,109162.679,9373133353.3881,0.9365,0.4836,0.5164,1.1836,1040.214,878.871,0.0
2026-09-22 15:00:00,7.663e-05,109119.316,9408005539.1616,0.9339,0.4829,0.5171,0.8132,1228.096,1510.14,0.0
2026-09-22 15:15:00,7.663e-05,109287.174,9428581217.037014,0.922,0.4797,0.5203,0.953,725.034,760.819,0.0
2026-09-22 15:30:00,7.663e-05,109461.982,9440881898.560007,0.9175,0.4785,0.5215,1.3636,1130.885,829.366,0.0
2026-09-22 15:45:00,7.663e-05,109530.619,9476689018.437178,0.9212,0.4795,0.5205,0.958,1196.882,1249.413,0.0
2026-09-22 16:00:00,2.784e-05,109548.024,9461388962.82,0.9186,0.4788,0.5212,0.6736,788.021,1169.814,0.0
2026-09-22 16:15:00,2.784e-05,109477.525,9430037840.585402,0.9128,0.4772,0.5228,1.0523,868.013,824.879,0.0
2026-09-22 16:30:00,2.784e-05,109487.894,9422416515.691029,0.9124,0.4771,0.5229,0.8133,413.035,507.86,0.0
2026-09-22 16:45:00,2.784e-05,109439.575,9432598441.024048,0.9146,0.4777,0.5223,0.7964,1832.481,2300.938,0.0
2026-09-22 17:00:00,2.784e-05,109310.131,9444226854.60846,0.915,0.4778,0.5222,0.9128,1328.451,1455.396,0.0
2026-09-22 17:15:00,2.784e-05,109476.2,9458962180.21622,0.9146,0.4777,0.5223,0.6243,686.655,1099.914,0.0
2026-09-22 17:30:00,2.784e-05,109298.158,9458957698.3466,0.9153,0.4779,0.5221,0.5631,637.749,1132.512,0.0
2026-09-22 17:45:00,2.784e-05,109114.31,9430335178.922,0.9142,0.4776,0.5224,0.7523,1062.277,1412.005,0.0
2026-09-22 18:00:00,2.784e-05,109077.632,9437691230.2464,0.9142,0.4776,0.5224,0.4466,571.741,1280.247,0.0
2026-09-22 18:15:00,2.784e-05,108848.657,9413514519.969576,0.9142,0.4776,0.5224,0.4059,490.614,1208.833,0.0
2026-09-22 18:30:00,2.784e-05,108640.088,9370514596.65479,0.9142,0.4776,0.5224,0.9315,803.087,862.117,0.0
2026-09-22 18:45:00,2.784e-05,108316.518,9353972153.72835,0.9153,0.4779,0.5221,0.5733,551.826,962.478,0.0
2026-09-22 19:00:00,2.784e-05,108135.726,9343613653.329962,0.9142,0.4776,0.5224,0.5044,383.435,760.21,0.0
2026-09-22 19:15:00,2.784e-05,107955.611,9330204022.9693,0.9135,0.4774,0.5226,0.8665,658.262,759.713,0.0
2026-09-22 19:30:00,2.784e-05,107776.192,9320894633.6896,0.9128,0.4772,0.5228,0.6817,668.124,980.141,0.0
2026-09-22 19:45:00,2.784e-05,107452.861,9276491452.4188,0.9113,0.4768,0.5232,0.5693,540.382,949.121,0.0
2026-09-22 20:00:00,2.784e-05,107279.236,9243752665.96011,0.9095,0.4763,0.5237,1.2674,532.551,420.191,0.0
2026-09-22 20:15:00,2.784e-05,107089.51,9227260539.64,0.908,0.4759,0.5241,1.6613,426.425,256.682,0.0
2026-09-22 20:30:00,2.784e-05,107014.252,9235362195.336763,0.908,0.4759,0.5241,0.8856,174.732,197.297,0.0
2026-09-22 20:45:00,2.784e-05,106996.324,9231225549.0564,0.9073,0.4757,0.5243,0.5469,165.792,303.157,0.0
2026-09-22 21:00:00,2.784e-05,106991.027,9224209994.5996,0.9048,0.475,0.525,0.8386,235.789,281.179,0.0
2026-09-22 21:15:00,2.784e-05,106976.907,9223741479.9726,0.9044,0.4749,0.5251,0.9126,166.389,182.329,0.0
2026-09-22 21:30:00,2.784e-05,106947.674,9219864501.994576,0.9029,0.4745,0.5255,0.7313,181.638,248.373,0.0
2026-09-22 21:45:00,2.784e-05,106954.822,9216101563.428783,0.9015,0.4741,0.5259,0.6687,130.449,195.069,0.0
2026-09-22 22:00:00,2.784e-05,106972.746,9214974653.2272,0.9015,0.4741,0.5259,0.6589,533.241,809.337,0.0
2026-09-22 22:15:00,2.784e-05,107057.655,9208360785.2805,0.895,0.4723,0.5277,1.0294,302.456,293.83,0.0
2026-09-22 22:30:00,2.784e-05,107039.73,9219250100.616228,0.8939,0.472,0.528,1.4776,426.347,288.535,0.0
2026-09-22 22:45:00,2.784e-05,107008.873,9222442009.7447,0.8954,0.4724,0.5276,1.2163,350.953,288.538,0.0
2026-09-22 23:00:00,2.784e-05,107082.742,9218118760.943018,0.8947,0.4722,0.5278,1.3642,1034.273,758.171,0.0
2026-09-22 23:15:00,2.784e-05,106857.369,9227059012.9917,0.9015,0.4741,0.5259,0.7547,436.084,577.812,0.0
2026-09-22 23:30:00,2.784e-05,106826.858,9207941025.31,0.9022,0.4743,0.5257,0.954,499.266,523.347,0.0
2026-09-22 23:45:00,2.784e-05,106802.824,9197570835.2552,0.9026,0.4744,0.5256,1.2856,476.339,370.507,0.0
2026-09-23 00:00:00,1.021e-05,106719.998,9195153419.490429,0.9037,0.4747,0.5253,1.665,616.174,370.066,0.0
2026-09-23 00:15:00,1.021e-05,106708.699,9211564415.9556,0.9044,0.4749,0.5251,1.29,681.171,528.026,0.0
2026-09-23 00:30:00,1.021e-05,106721.492,9222615207.0592,0.9033,0.4746,0.5254,1.2718,930.961,731.998,0.0
2026-09-23 00:45:00,1.021e-05,106971.411,9243645658.7553,0.9037,0.4747,0.5253,0.9073,300.417,331.095,0.0
2026-09-23 01:00:00,1.021e-05,106861.987,9235354874.8984,0.9004,0.4738,0.5262,1.8346,1573.799,857.862,0.0
2026-09-23 01:15:00,1.021e-05,106926.778,9266905449.4702,0.9106,0.4766,0.5234,0.6698,430.076,642.117,0.0
2026-09-23 01:30:00,1.021e-05,106914.731,9258805013.1269,0.9088,0.4761,0.5239,0.3911,459.338,1174.507,0.0
2026-09-23 01:45:00,1.021e-05,106746.369,9206631385.437084,0.8968,0.4728,0.5272,1.1336,791.038,697.796,0.0
2026-09-23 02:00:00,1.021e-05,106601.901,9203408977.713535,0.899,0.4734,0.5266,1.1281,328.67,291.355,0.0
2026-09-23 02:15:00,1.021e-05,106582.292,9202251141.9048,0.8986,0.4733,0.5267,1.3263,675.799,509.553,0.0
2026-09-23 02:30:00,1.021e-05,106745.856,9238346037.480389,0.8983,0.4732,0.5268,0.5063,179.571,354.659,0.0
2026-09-23 02:45:00,1.021e-05,106725.482,9225425732.309074,0.8965,0.4727,0.5273,0.9375,207.056,220.865,0.0
2026-09-23 03:00:00,1.021e-05,106771.184,9236906960.851728,0.8965,0.4727,0.5273,0.8454,171.535,202.9,0.0
2026-09-23 03:15:00,1.021e-05,106758.97,9235443910.46902,0.8957,0.4725,0.5275,1.3075,857.944,656.169,0.0
2026-09-23 03:30:00,1.021e-05,106808.724,9255659510.4336,0.8907,0.4711,0.5289,1.4118,1225.185,867.806,0.0
2026-09-23 03:45:00,1.021e-05,106838.737,9278698579.354898,0.8936,0.4719,0.5281,0.6226,295.143,474.07,0.0
2026-09-23 04:00:00,1.021e-05,106548.06,9233870417.034,0.8932,0.4718,0.5282,0.9076,525.455,578.973,0.0
2026-09-23 04:15:00,1.021e-05,106507.198,9245282767.3514,0.8879,0.4703,0.5297,1.2939,2455.128,1897.408,0.0
2026-09-23 04:30:00,1.021e-05,106479.865,9262820059.480612,0.8957,0.4725,0.5275,1.6043,1761.402,1097.895,0.0
2026-09-23 04:45:00,1.021e-05,106304.931,9259731189.093555,0.8954,0.4724,0.5276,0.7979,385.208,482.76,0.0
2026-09-23 05:00:00,1.021e-05,106454.161,9273764880.9311,0.8939,0.472,0.528,0.4719,524.622,1111.781,0.0
2026-09-23 05:15:00,1.021e-05,106275.503,9233515022.513271,0.8882,0.4704,0.5296,0.6193,658.516,1063.3,0.0
2026-09-23 05:30:00,1.021e-05,106237.161,9214671365.4395,0.8871,0.4701,0.5299,0.9545,542.005,567.843,0.0
2026-09-23 05:45:00,1.021e-05,106233.564,9210896179.7688,0.8914,0.4713,0.5287,0.5846,1046.46,1790.146,0.0
2026-09-23 06:00:00,1.021e-05,106082.672,9170706409.49205,0.8907,0.4711,0.5289,1.0217,488.187,477.833,0.0
2026-09-23 06:15:00,1.021e-05,106049.481,9179802149.5815,0.8986,0.4733,0.5267,0.5927,302.912,511.035,0.0
2026-09-23 06:30:00,1.021e-05,106114.677,9166042762.402412,0.8983,0.4732,0.5268,0.9869,601.921,609.912,0.0
2026-09-23 06:45:00,1.021e-05,106014.9,9173363282.1,0.9015,0.4741,0.5259,0.7627,460.455,603.75,0.0
2026-09-23 07:00:00,1.021e-05,105992.888,9160779608.764387,0.899,0.4734,0.5266,0.7145,518.573,725.768,0.0
2026-09-23 07:15:00,1.021e-05,105945.072,9145697745.8928,0.8972,0.4729,0.5271,1.1922,373.351,313.167,0.0
2026-09-23 07:30:00,1.021e-05,105897.353,9146221251.825089,0.8965,0.4727,0.5273,0.6279,1259.198,2005.544,0.0
2026-09-23 07:45:00,1.021e-05,105898.639,9109443286.2356,0.8896,0.4708,0.5292,1.0747,880.351,819.191,0.0
2026-09-23 08:00:00,1.021e-05,105987.95,9125573093.795,0.8921,0.4715,0.5285,1.1433,665.721,582.273,0.0
2026-09-23 08:15:00,1.021e-05,106105.222,9141134643.6552,0.8947,0.4722,0.5278,1.2857,514.92,400.49,0.0
2026-09-23 08:30:00,1.021e-05,106114.88,9138687746.016,0.8997,0.4736,0.5264,0.6423,307.063,478.035,0.0
2026-09-23 08:45:00,1.021e-05,106077.091,9129609698.5878,0.9044,0.4749,0.5251,0.7155,2163.97,3024.568,0.0
2026-09-23 09:00:00,1.021e-05,105923.183,9096481701.9923,0.8857,0.4697,0.5303,0.9564,659.219,689.297,0.0
2026-09-23 09:15:00,1.021e-05,106022.003,9109431702.1606,0.8857,0.4697,0.5303,0.8856,554.307,625.887,0.0
2026-09-23 09:30:00,1.021e-05,106022.968,9103333476.1192,0.8875,0.4702,0.5298,0.8441,417.063,494.075,0.0
2026-09-23 09:45:00,1.021e-05,106101.161,9100267767.811934,0.8832,0.469,0.531,1.3915,957.172,687.849,0.0
2026-09-23 10:00:00,1.021e-05,106365.36,9128622089.636024,0.8847,0.4694,0.5306,1.4023,496.657,354.185,0.0
2026-09-23 10:15:00,1.021e-05,106429.27,9134414361.84457,0.8861,0.4698,0.5302,0.6581,901.662,1370.048,0.0
2026-09-23 10:30:00,1.021e-05,106168.507,9105849891.5253,0.8843,0.4693,0.5307,1.9146,861.374,449.905,0.0
2026-09-23 10:45:00,1.021e-05,106341.551,9128677762.493,0.8904,0.471,0.529,1.8963,782.559,412.677,0.0
2026-09-23 11:00:00,1.021e-05,106503.258,9146588535.091276,0.8961,0.4726,0.5274,1.0512,767.586,730.181,0.0
2026-09-23 11:15:00,1.021e-05,106706.745,9145547005.7385,0.9015,0.4741,0.5259,0.5414,1030.508,1903.566,0.0
2026-09-23 11:30:00,1.021e-05,106422.679,9096275260.30924,0.9051,0.4751,0.5249,1.0798,793.823,735.175,0.0
2026-09-23 11:45:00,1.021e-05,106364.469,9092513450.2305,0.9077,0.4758,0.5242,1.8216,552.583,303.352,0.0
2026-09-23 12:00:00,1.021e-05,106267.456,9098917131.5968,0.9183,0.4787,0.5213,0.6832,849.914,1243.977,0.0
2026-09-23 12:15:00,1.021e-05,106232.286,9075487932.3516,0.9201,0.4792,0.5208,0.5925,1701.38,2871.512,0.0
2026-09-23 12:30:00,1.021e-05,105750.317,9035381109.7019,0.9268,0.481,0.519,1.0063,506.626,503.46,0.0
2026-09-23 12:45:00,1.021e-05,105815.962,9038724485.028473,0.9346,0.4831,0.5169,0.926,497.1,536.813,0.0
2026-09-23 13:00:00,1.021e-05,105847.452,9047401413.251104,0.9365,0.4836,0.5164,0.894,725.459,811.478,0.0
2026-09-23 13:15:00,1.021e-05,105841.265,9031109586.937176,0.9369,0.4837,0.5163,1.3061,940.941,720.393,0.0
2026-09-23 13:30:00,1.021e-05,105666.801,9035663253.6309,0.9501,0.4872,0.5128,1.4074,2683.541,1906.719,0.0
2026-09-23 13:45:00,1.021e-05,105515.842,9053302512.740898,0.9716,0.4928,0.5072,0.742,1182.82,1594.066,0.0
2026-09-23 14:00:00,1.021e-05,105773.152,9070587227.0752,0.9751,0.4937,0.5063,0.7128,6190.852,8685.449,0.0
2026-09-23 14:15:00,1.021e-05,104786.611,8890438872.210865,0.9451,0.4859,0.5141,0.9001,10156.696,11284.148,0.0
2026-09-23 14:30:00,1.021e-05,104939.704,8814641304.8288,0.9767,0.4941,0.5059,1.2527,6332.475,5055.148,0.0
2026-09-23 14:45:00,1.021e-05,102953.302,8676363276.045559,1.0425,0.5104,0.4896,1.1471,2777.695,2421.533,0.0
2026-09-23 15:00:00,1.021e-05,101769.747,8597762650.927502,1.07,0.5169,0.4831,1.1792,3021.859,2562.617,0.0
2026-09-23 15:15:00,1.021e-05,101341.375,8573186435.012499,1.0799,0.5192,0.4808,0.9289,1701.614,1831.813,0.0
2026-09-23 15:30:00,1.021e-05,101341.497,8558677112.131412,1.0717,0.5173,0.4827,0.9391,1764.043,1878.351,0.0
2026-09-23 15:45:00,1.021e-05,100764.394,8488714996.6208,1.0551,0.5134,0.4866,0.8034,2633.474,3277.782,0.0
2026-09-23 16:00:00,1.021e-05,100520.506,8440274650.6442,1.0614,0.5149,0.4851,0.8929,5734.775,6422.795,0.0
2026-09-23 16:15:00,1.021e-05,99378.689,8377688600.226216,1.0842,0.5202,0.4798,1.0316,1251.275,1212.916,0.0
2026-09-23 16:30:00,1.021e-05,99195.75,8351708606.717443,1.0851,0.5204,0.4796,0.669,999.097,1493.347,0.0
2026-09-23 16:45:00,1.021e-05,99217.913,8339374727.3543005,1.0868,0.5208,0.4792,1.1112,1223.204,1100.767,0.0
2026-09-23 17:00:00,1.021e-05,99241.338,8336709053.8872,1.0912,0.5218,0.4782,1.0714,1846.68,1723.601,0.0
2026-09-23 17:15:00,1.021e-05,99312.63,8319513092.227352,1.1079,0.5256,0.4744,0.9277,1219.152,1314.127,0.0
2026-09-23 17:30:00,1.021e-05,98919.466,8311045370.2278,1.1222,0.5288,0.4712,0.7883,826.428,1048.371,0.0
2026-09-23 17:45:00,1.021e-05,99181.401,8352393076.8333,1.1259,0.5296,0.4704,1.6046,1047.858,653.048,0.0
2026-09-23 18:00:00,1.021e-05,99277.68,8367341620.854456,1.1317,0.5309,0.4691,0.8114,534.761,659.052,0.0
2026-09-23 18:15:00,1.021e-05,99221.008,8350281279.6672,1.134,0.5314,0.4686,0.7679,312.19,406.575,0.0
2026-09-23 18:30:00,1.021e-05,99195.877,8343083540.589525,1.1331,0.5312,0.4688,1.0989,352.34,320.63,0.0
2026-09-23 18:45:00,1.021e-05,99143.625,8347219048.35,1.1322,0.531,0.469,1.834,637.952,347.842,0.0
2026-09-23 19:00:00,1.021e-05,99192.255,8360151002.567655,1.1418,0.5331,0.4669,0.7532,458.46,608.717,0.0
2026-09-23 19:15:00,1.021e-05,99060.775,8353597034.2,1.1427,0.5333,0.4667,0.9329,500.961,536.992,0.0
2026-09-23 19:30:00,1.021e-05,99020.047,8352390474.473501,1.1473,0.5343,0.4657,1.0744,379.581,353.3,0.0
2026-09-23 19:45:00,1.021e-05,98979.393,8353843916.164835,1.1501,0.5349,0.4651,1.3031,837.631,642.779,0.0
2026-09-23 20:00:00,1.021e-05,98852.025,8349496750.815,1.1538,0.5357,0.4643,0.8388,457.286,545.196,0.0
2026-09-23 20:15:00,1.021e-05,98766.04,8326663080.677052,1.151,0.5351,0.4649,0.8388,457.286,545.196,0.0
2026-09-23 20:30:00,1.021e-05,98676.554,8314752866.7358,1.1482,0.5345,0.4655,1.2713,193.463,152.18,0.0
2026-09-23 20:45:00,1.021e-05,98619.542,8319426219.6696,1.1487,0.5346,0.4654,0.5461,207.114,379.244,0.0
2026-09-23 21:00:00,1.021e-05,98621.028,8303476349.2824,1.1464,0.5341,0.4659,1.2985,258.659,199.201,0.0
2026-09-23 21:15:00,1.021e-05,98522.489,8308580958.225594,1.1459,0.534,0.466,1.3847,209.963,151.627,0.0
2026-09-23 21:30:00,1.021e-05,98453.783,8307931663.401725,1.1482,0.5345,0.4655,2.145,266.841,124.402,0.0
2026-09-23 21:45:00,1.021e-05,98424.917,8313175172.554192,1.1519,0.5353,0.4647,1.22,361.562,296.357,0.0
2026-09-23 22:00:00,1.021e-05,98493.696,8310277553.764954,1.1515,0.5352,0.4648,1.5446,790.55,511.821,0.0
2026-09-23 22:15:00,1.021e-05,98343.653,8315300063.935501,1.158,0.5366,0.4634,1.0142,262.953,259.273,0.0
2026-09-23 22:30:00,1.021e-05,98384.09,8308119979.8826065,1.158,0.5366,0.4634,1.2884,278.543,216.199,0.0
2026-09-23 22:45:00,1.021e-05,98356.474,8306622488.780499,1.1598,0.537,0.463,1.215,264.948,218.056,0.0
2026-09-23 23:00:00,1.021e-05,98338.692,8311989436.4772,1.1622,0.5375,0.4625,0.5549,248.233,447.362,0.0
2026-09-23 23:15:00,1.021e-05,98373.006,8307301545.842442,1.164,0.5379,0.4621,0.8146,138.822,170.424,0.0
2026-09-23 23:30:00,1.021e-05,98339.286,8303759475.9114,1.1636,0.5378,0.4622,0.4751,169.354,356.45,0.0
2026-09-23 23:45:00,1.021e-05,98469.85,8313572300.835574,1.1636,0.5378,0.4622,0.5244,168.937,322.141,0.0
2026-09-24 00:00:00,1.021e-05,98503.139,8309251990.9728,1.1608,0.5372,0.4628,0.8879,298.859,336.602,0.0
2026-09-24 00:15:00,1.021e-05,98476.149,8304025521.669743,1.158,0.5366,0.4634,0.6213,191.118,307.631,0.0
2026-09-24 00:30:00,1.021e-05,98419.576,8297725525.049682,1.158,0.5366,0.4634,1.1312,401.747,355.143,0.0
2026-09-24 00:45:00,1.021e-05,98304.14,8289594909.64,1.1529,0.5355,0.4645,0.5899,350.431,594.098,0.0
2026-09-24 01:00:00,1.021e-05,98208.914,8277688402.483275,1.1468,0.5342,0.4658,0.6949,229.985,330.95,0.0
2026-09-24 01:15:00,1.021e-05,98277.908,8279363392.7152,1.1445,0.5337,0.4663,0.8835,459.816,520.442,0.0
2026-09-24 01:30:00,1.021e-05,98199.592,8270209915.891664,1.1422,0.5332,0.4668,0.9869,702.661,711.957,0.0
2026-09-24 01:45:00,1.021e-05,98196.188,8258544901.27,1.1413,0.533,0.467,0.8223,394.214,479.409,0.0
2026-09-24 02:00:00,1.021e-05,98324.65,8266212320.29,1.1395,0.5326,0.4674,0.7025,1483.22,2111.324,0.0
2026-09-24 02:15:00,1.021e-05,98694.124,8281986501.3468,1.1322,0.531,0.469,1.4441,814.537,564.033,0.0
2026-09-24 02:30:00,1.021e-05,98618.396,8296844550.1968,1.1436,0.5335,0.4665,2.1021,612.137,291.2,0.0
2026-09-24 02:45:00,1.021e-05,98611.509,8312605068.418499,1.1547,0.5359,0.4641,1.0926,383.732,351.213,0.0
2026-09-24 03:00:00,1.021e-05,98640.993,8318211194.392915,1.1631,0.5377,0.4623,1.0727,469.127,437.345,0.0
2026-09-24 03:15:00,1.021e-05,98517.123,8303693042.8764,1.164,0.5379,0.4621,0.6132,342.595,558.696,0.0
2026-09-24 03:30:00,1.021e-05,98451.748,8272408125.7,1.1617,0.5374,0.4626,0.7509,498.88,664.363,0.0
2026-09-24 03:45:00,1.021e-05,98303.545,8255521878.745501,1.1659,0.5383,0.4617,0.7612,419.63,551.286,0.0
2026-09-24 04:00:00,1.021e-05,98377.56,8254113390.144,1.1668,0.5385,0.4615,1.2,931.694,776.408,0.0
2026-09-24 04:15:00,1.021e-05,98248.175,8232578101.4975,1.1678,0.5387,0.4613,1.346,845.913,628.479,0.0
2026-09-24 04:30:00,1.021e-05,98153.971,8233155087.48,1.1753,0.5403,0.4597,0.6865,191.465,278.884,0.0
2026-09-24 04:45:00,1.021e-05,98080.019,8223470153.045501,1.1796,0.5412,0.4588,1.141,547.749,480.057,0.0
2026-09-24 05:00:00,1.021e-05,98018.623,8234173801.143188,1.1867,0.5427,0.4573,1.6731,1222.669,730.767,0.0
2026-09-24 05:15:00,1.021e-05,97689.44,8221904721.328,1.1882,0.543,0.457,0.8046,224.874,279.488,0.0
2026-09-24 05:30:00,1.021e-05,97632.118,8215401017.287,1.1891,0.5432,0.4568,1.6817,450.201,267.704,0.0
2026-09-24 05:45:00,1.021e-05,97547.056,8209696798.8384,1.1863,0.5426,0.4574,1.0935,475.937,435.248,0.0
2026-09-24 06:00:00,1.021e-05,97532.517,8187759679.432295,1.1858,0.5425,0.4575,1.408,573.786,407.509,0.0
2026-09-24 06:15:00,1.021e-05,97584.756,8205677687.1012,1.1882,0.543,0.457,1.7665,458.34,259.461,0.0
2026-09-24 06:30:00,1.021e-05,97703.301,8223070855.886306,1.1891,0.5432,0.4568,1.7335,357.361,206.145,0.0
2026-09-24 06:45:00,1.021e-05,97815.846,8231503179.130584,1.1915,0.5437,0.4563,0.8692,208.086,239.389,0.0
2026-09-24 07:00:00,1.021e-05,97780.62,8220636111.886018,1.1896,0.5433,0.4567,0.9499,377.73,397.672,0.0
2026-09-24 07:15:00,1.021e-05,97727.644,8213773931.8544,1.1825,0.5418,0.4582,2.3871,746.003,312.517,0.0
2026-09-24 07:30:00,1.021e-05,97677.327,8241194440.833496,1.1848,0.5423,0.4577,1.3655,1476.191,1081.044,0.0
2026-09-24 07:45:00,1.021e-05,97656.102,8240440963.364509,1.182,0.5417,0.4583,1.5752,1328.49,843.367,0.0
2026-09-24 08:00:00,4.796e-05,97525.592,8238555092.987998,1.1844,0.5422,0.4578,0.7052,834.631,1183.562,0.0
2026-09-24 08:15:00,4.796e-05,97329.113,8209370029.654499,1.1825,0.5418,0.4582,0.4286,1090.202,2543.687,0.0
2026-09-24 08:30:00,4.796e-05,97268.754,8145149283.7044,1.1887,0.5431,0.4569,0.8374,1663.479,1986.564,0.0
2026-09-24 08:45:00,4.796e-05,97372.138,8150565965.994362,1.1959,0.5446,0.4554,0.7288,2937.17,4030.218,0.0
2026-09-24 09:00:00,4.796e-05,97029.588,8112692367.474,1.2202,0.5496,0.4504,1.2086,1346.811,1114.384,0.0
2026-09-24 09:15:00,4.796e-05,97163.463,8105891049.813901,1.2148,0.5485,0.4515,1.0307,1256.17,1218.728,0.0
2026-09-24 09:30:00,4.796e-05,97421.346,8116873768.9512,1.2114,0.5478,0.4522,0.667,3188.14,4779.807,0.0
2026-09-24 09:45:00,4.796e-05,97207.497,8081879904.328499,1.2198,0.5495,0.4505,1.5218,1295.011,850.987,0.0
2026-09-24 10:00:00,4.796e-05,97380.83,8104614265.4937725,1.2326,0.5521,0.4479,1.4757,1309.95,887.707,0.0
2026-09-24 10:15:00,4.796e-05,97261.829,8098613179.696899,1.2442,0.5544,0.4456,0.9421,567.576,602.456,0.0
2026-09-24 10:30:00,4.796e-05,97195.955,8089369994.627097,1.2462,0.5548,0.4452,1.3208,765.362,579.475,0.0
2026-09-24 10:45:00,4.796e-05,96954.887,8081529173.5545,1.2558,0.5567,0.4433,1.4779,1220.512,825.861,0.0
2026-09-24 11:00:00,4.796e-05,96621.112,8065564579.520537,1.2645,0.5584,0.4416,0.7371,561.004,761.142,0.0
2026-09-24 11:15:00,4.796e-05,96347.616,8048159519.332504,1.2696,0.5594,0.4406,0.4892,332.435,679.605,0.0
2026-09-24 11:30:00,4.796e-05,96225.038,8033028480.868813,1.2681,0.5591,0.4409,0.5091,260.766,512.16,0.0
2026-09-24 11:45:00,4.796e-05,96272.744,8031092121.317462,1.2578,0.5571,0.4429,0.933,298.879,320.327,0.0
2026-09-24 12:00:00,4.796e-05,96290.772,8035880203.171731,1.2558,0.5567,0.4433,1.186,511.797,431.548,0.0
2026-09-24 12:15:00,4.796e-05,96293.797,8040323822.537696,1.2584,0.5572,0.4428,1.0725,592.596,552.546,0.0
2026-09-24 12:30:00,4.796e-05,96420.888,8051862170.596759,1.2655,0.5586,0.4414,0.9257,524.145,566.239,0.0
2026-09-24 12:45:00,4.796e-05,96472.949,8050742877.904299,1.2578,0.5571,0.4429,1.431,427.085,298.459,0.0
2026-09-24 13:00:00,4.796e-05,96496.017,8063618315.785597,1.2594,0.5574,0.4426,1.507,800.712,531.345,0.0
2026-09-24 13:15:00,4.796e-05,96503.338,8079124352.6868,1.2696,0.5594,0.4406,1.2256,1371.368,1118.897,0.0
2026-09-24 13:30:00,4.796e-05,96320.794,8065701015.8926,1.2779,0.561,0.439,1.2011,3375.867,2810.639,0.0
2026-09-24 13:45:00,4.796e-05,95928.03,8048380902.606,1.28,0.5614,0.4386,0.8401,982.543,1169.509,0.0
2026-09-24 14:00:00,4.796e-05,96127.008,8095528232.736,1.2748,0.5604,0.4396,1.064,1241.207,1166.546,0.0
2026-09-24 14:15:00,4.796e-05,96265.152,8106125950.236359,1.2686,0.5592,0.4408,2.0086,3919.901,1951.564,0.0
2026-09-24 14:30:00,4.796e-05,96283.372,8167997668.5388,1.291,0.5635,0.4365,0.6988,1714.038,2452.945,0.0
2026-09-24 14:45:00,4.796e-05,96109.972,8108683005.6736,1.263,0.5581,0.4419,0.7105,3524.637,4960.509,0.0
2026-09-24 15:00:00,4.796e-05,96206.215,8047394455.855147,1.2609,0.5577,0.4423,1.1327,2195.808,1938.561,0.0
2026-09-24 15:15:00,4.796e-05,95967.169,8047797195.623101,1.2707,0.5596,0.4404,1.7134,1531.131,893.613,0.0
2026-09-24 15:30:00,4.796e-05,96063.815,8077708405.5235,1.2774,0.5609,0.4391,1.1354,856.133,754.06,0.0
2026-09-24 15:45:00,4.796e-05,96098.913,8107855679.918701,1.2743,0.5603,0.4397,0.5946,497.837,837.291,0.0
2026-09-24 16:00:00,4.796e-05,96002.509,8100154095.3696,1.2701,0.5595,0.4405,0.5443,632.411,1161.974,0.0
2026-09-24 16:15:00,4.796e-05,95930.283,8071564418.5917,1.2517,0.5559,0.4441,1.3497,2904.263,2151.773,0.0
2026-09-24 16:30:00,4.796e-05,95925.999,8122825692.275946,1.2548,0.5565,0.4435,0.8616,1418.293,1646.172,0.0
2026-09-24 16:45:00,4.796e-05,95959.882,8109408314.3912735,1.2386,0.5533,0.4467,0.7904,673.147,851.6,0.0
2026-09-24 17:00:00,4.796e-05,95992.665,8106647754.1155,1.2311,0.5518,0.4482,1.0974,478.645,436.15,0.0
2026-09-24 17:15:00,4.796e-05,95892.895,8096898785.8255005,1.2287,0.5513,0.4487,0.775,698.979,901.874,0.0
2026-09-24 17:30:00,4.796e-05,95697.379,8066386088.065752,1.2272,0.551,0.449,0.7095,368.331,519.174,0.0
2026-09-24 17:45:00,4.796e-05,95725.794,8053765234.6578,1.2257,0.5507,0.4493,0.744,544.994,732.562,0.0
2026-09-24 18:00:00,4.796e-05,95653.023,8041980082.213501,1.2232,0.5502,0.4498,1.3854,910.781,657.436,0.0
2026-09-24 18:15:00,4.796e-05,95341.207,8029542264.718355,1.2282,0.5512,0.4488,1.4221,865.068,608.319,0.0
2026-09-24 18:30:00,4.796e-05,95243.936,8037578612.6784,1.2331,0.5522,0.4478,0.9993,603.89,604.332,0.0
2026-09-24 18:45:00,4.796e-05,95219.932,8035124439.8268,1.2311,0.5518,0.4482,1.0669,298.892,280.145,0.0
2026-09-24 19:00:00,4.796e-05,95197.007,8038197278.562499,1.2311,0.5518,0.4482,1.0131,526.059,519.268,0.0
2026-09-24 19:15:00,4.796e-05,95200.186,8048723743.411598,1.2306,0.5517,0.4483,0.8248,283.957,344.294,0.0
2026-09-24 19:30:00,4.796e-05,95176.236,8052052329.954,1.2292,0.5514,0.4486,0.5846,293.441,501.934,0.0
2026-09-24 19:45:00,4.796e-05,95173.793,8033420661.484959,1.2237,0.5503,0.4497,0.7233,923.491,1276.804,0.0
2026-09-24 20:00:00,4.796e-05,96012.487,8101188008.1068,1.2282,0.5512,0.4488,0.9079,559.719,616.481,0.0
2026-09-24 20:15:00,4.796e-05,96160.853,8097830440.238899,1.2267,0.5509,0.4491,0.9212,305.685,331.828,0.0
2026-09-24 20:30:00,4.796e-05,96148.434,8098409528.6388,1.2257,0.5507,0.4493,2.0078,298.734,148.784,0.0
2026-09-24 20:45:00,4.796e-05,96049.81,8100802555.476,1.2267,0.5509,0.4491,0.9168,426.887,465.621,0.0
2026-09-24 21:00:00,4.796e-05,95956.134,8091253224.124282,1.2282,0.5512,0.4488,1.1081,242.193,218.56,0.0
2026-09-24 21:15:00,4.796e-05,95949.275,8088522776.301768,1.2262,0.5508,0.4492,1.6279,260.89,160.257,0.0
2026-09-24 21:30:00,4.796e-05,95959.093,8096829838.537771,1.2267,0.5509,0.4491,1.0404,175.16,168.352,0.0
2026-09-24 21:45:00,4.796e-05,95962.465,8103559953.171501,1.2282,0.5512,0.4488,0.7863,133.14,169.321,0.0
2026-09-24 22:00:00,4.796e-05,95973.204,8091395961.128125,1.2272,0.551,0.449,0.6981,229.637,328.928,0.0
2026-09-24 22:15:00,4.796e-05,95999.523,8091247427.022905,1.2247,0.5505,0.4495,0.6743,715.803,1061.505,0.0
2026-09-24 22:30:00,4.796e-05,95876.15,8062235041.115,1.2193,0.5494,0.4506,0.6642,246.392,370.951,0.0
2026-09-24 22:45:00,4.796e-05,95762.362,8053709413.547483,1.2193,0.5494,0.4506,1.3309,291.275,218.853,0.0
2026-09-24 23:00:00,4.796e-05,95789.142,8068836692.0268,1.2193,0.5494,0.4506,0.8352,228.129,273.153,0.0
2026-09-24 23:15:00,4.796e-05,95779.356,8070814959.973829,1.2217,0.5499,0.4501,1.5363,241.703,157.329,0.0
2026-09-24 23:30:00,4.796e-05,95790.653,8084341399.3407135,1.2222,0.55,0.45,0.4376,131.36,300.172,0.0
2026-09-24 23:45:00,4.796e-05,95894.729,8090391752.889291,1.2207,0.5497,0.4503,0.6331,150.708,238.045,0.0
2026-09-25 00:00:00,4.796e-05,95872.91,8088797416.7,1.2193,0.5494,0.4506,1.7615,1197.731,679.967,0.0
2026-09-25 00:15:00,4.796e-05,96054.113,8128915502.020499,1.2227,0.5501,0.4499,0.8021,309.141,385.424,0.0
2026-09-25 00:30:00,4.796e-05,96173.878,8139579990.652,1.2207,0.5497,0.4503,0.7721,223.577,289.578,0.0
2026-09-25 00:45:00,4.796e-05,96262.12,8139719214.341249,1.2193,0.5494,0.4506,0.8337,262.451,314.784,0.0
2026-09-25 01:00:00,4.796e-05,96205.398,8135186178.1188,1.2217,0.5499,0.4501,1.0978,606.142,552.151,0.0
2026-09-25 01:15:00,4.796e-05,96198.72,8145322239.764642,1.2257,0.5507,0.4493,0.6925,412.795,596.091,0.0
2026-09-25 01:30:00,4.796e-05,96096.412,8120105826.094446,1.2222,0.55,0.45,0.8347,465.253,557.415,0.0
2026-09-25 01:45:00,4.796e-05,95991.594,8105434205.766,1.2188,0.5493,0.4507,1.7246,505.378,293.048,0.0
2026-09-25 02:00:00,4.796e-05,95972.015,8116977126.647501,1.2178,0.5491,0.4509,0.9534,1116.059,1170.561,0.0
2026-09-25 02:15:00,4.796e-05,96249.951,8162362922.583999,1.2085,0.5472,0.4528,0.5728,405.734,708.284,0.0
2026-09-25 02:30:00,4.796e-05,96352.505,8156779122.278,1.2124,0.548,0.452,1.445,740.703,512.588,0.0
2026-09-25 02:45:00,4.796e-05,96395.17,8140065723.11341,1.2153,0.5486,0.4514,0.6584,588.226,893.401,0.0
2026-09-25 03:00:00,4.796e-05,96414.918,8116140306.7974,1.2153,0.5486,0.4514,1.4763,624.006,422.684,0.0
2026-09-25 03:15:00,4.796e-05,96444.738,8122508323.0434,1.2202,0.5496,0.4504,0.9163,379.638,414.318,0.0
2026-09-25 03:30:00,4.796e-05,96547.672,8121194323.1848,1.2207,0.5497,0.4503,1.1738,656.264,559.093,0.0
2026-09-25 03:45:00,4.796e-05,96604.993,8132208310.74,1.2257,0.5507,0.4493,0.7626,242.49,317.976,0.0
2026-09-25 04:00:00,4.796e-05,96586.49,8132771724.12602,1.2292,0.5514,0.4486,0.5802,248.79,428.794,0.0
2026-09-25 04:15:00,4.796e-05,96663.109,8125835598.629183,1.2306,0.5517,0.4483,0.7807,230.386,295.09,0.0
2026-09-25 04:30:00,4.796e-05,96690.581,8131117056.7302,1.2297,0.5515,0.4485,1.563,351.658,224.986,0.0
2026-09-25 04:45:00,4.796e-05,96657.998,8142050198.374497,1.2356,0.5527,0.4473,1.0664,293.795,275.491,0.0
2026-09-25 05:00:00,4.796e-05,96677.557,8137494989.025501,1.2346,0.5525,0.4475,1.0631,168.065,158.083,0.0
2026-09-25 05:15:00,4.796e-05,96657.777,8133113993.2218,1.2341,0.5524,0.4476,0.9828,260.063,264.619,0.0
2026-09-25 05:30:00,4.796e-05,96642.763,8132205969.811213,1.2326,0.5521,0.4479,1.8315,515.362,281.391,0.0
2026-09-25 05:45:00,4.796e-05,96583.9,8134229258.334979,1.2336,0.5523,0.4477,0.6398,97.164,151.866,0.0
2026-09-25 06:00:00,4.796e-05,96564.343,8126082592.136,1.2341,0.5524,0.4476,0.5938,833.84,1404.151,0.0
2026-09-25 06:15:00,4.796e-05,97026.256,8158084035.9872,1.2311,0.5518,0.4482,1.0068,439.159,436.172,0.0
2026-09-25 06:30:00,4.796e-05,97090.592,8161153600.8032,1.2331,0.5522,0.4478,0.7365,394.583,535.739,0.0
2026-09-25 06:45:00,4.796e-05,97153.893,8160450957.924301,1.2292,0.5514,0.4486,1.679,460.21,274.094,0.0
2026-09-25 07:00:00,4.796e-05,97157.712,8161179797.6016,1.2311,0.5518,0.4482,0.3616,757.456,2094.97,0.0
2026-09-25 07:15:00,4.796e-05,96633.253,8095943289.459029,1.2232,0.5502,0.4498,1.7035,630.324,370.013,0.0
2026-09-25 07:30:00,4.796e-05,96561.657,8112226462.144781,1.2316,0.5519,0.4481,0.7727,1049.673,1358.531,0.0
2026-09-25 07:45:00,4.796e-05,96317.407,8078527264.679179,1.2326,0.5521,0.4479,1.0881,1004.066,922.765,0.0
2026-09-25 08:00:00,3.512e-05,96440.679,8100496256.3334,1.2341,0.5524,0.4476,0.8481,564.977,666.134,0.0
2026-09-25 08:15:00,3.512e-05,96426.946,8106519287.685859,1.2432,0.5542,0.4458,1.6391,1203.113,734.008,0.0
2026-09-25 08:30:00,3.512e-05,96208.278,8118606393.637669,1.2533,0.5562,0.4438,0.5083,241.467,475.084,0.0
2026-09-25 08:45:00,3.512e-05,96236.193,8110439895.7452,1.2447,0.5545,0.4455,0.7029,296.716,422.116,0.0
2026-09-25 09:00:00,3.512e-05,96271.248,8123002075.4976,1.2462,0.5548,0.4452,1.6761,1360.876,811.91,0.0
2026-09-25 09:15:00,3.512e-05,96232.768,8136422794.7392,1.2416,0.5539,0.4461,1.3733,1174.653,855.365,0.0
2026-09-25 09:30:00,3.512e-05,96219.595,8156357174.852395,1.2292,0.5514,0.4486,0.4365,490.837,1124.45,0.0
2026-09-25 09:45:00,3.512e-05,96206.398,8138176171.9384,1.2198,0.5495,0.4505,0.7677,286.537,373.239,0.0
2026-09-25 10:00:00,3.512e-05,96293.729,8140017052.3028,1.2134,0.5482,0.4518,0.4987,535.168,1073.16,0.0
2026-09-25 10:15:00,3.512e-05,96387.335,8140069232.59803,1.2153,0.5486,0.4514,1.4701,621.926,423.056,0.0
2026-09-25 10:30:00,3.512e-05,96378.614,8161307265.603309,1.2188,0.5493,0.4507,1.4766,754.908,511.257,0.0
2026-09-25 10:45:00,3.512e-05,96139.563,8147059989.577323,1.2158,0.5487,0.4513,1.153,657.18,569.959,0.0
2026-09-25 11:00:00,3.512e-05,96165.285,8143118348.077814,1.2095,0.5474,0.4526,1.7729,3129.148,1764.942,0.0
2026-09-25 11:15:00,3.512e-05,96127.826,8189687038.3308,1.2371,0.553,0.447,0.5735,1145.778,1998.024,0.0
2026-09-25 11:30:00,3.512e-05,95954.601,8145768392.631901,1.2012,0.5457,0.4543,0.5469,668.65,1222.676,0.0
2026-09-25 11:45:00,3.512e-05,95825.118,8114521949.6766205,1.1988,0.5452,0.4548,0.5428,569.111,1048.39,0.0
2026-09-25 12:00:00,3.512e-05,95758.736,8095104842.790768,1.1973,0.5449,0.4551,0.6762,1235.724,1827.582,0.0
2026-09-25 12:15:00,3.512e-05,95661.046,8069668113.123434,1.1997,0.5454,0.4546,0.9846,2592.091,2632.661,0.0
2026-09-25 12:30:00,3.512e-05,95522.861,8058375419.962701,1.2321,0.552,0.448,0.92,944.015,1026.107,0.0
2026-09-25 12:45:00,3.512e-05,95603.198,8068900350.8802,1.2306,0.5517,0.4483,0.9079,609.408,671.22,0.0
2026-09-25 13:00:00,3.512e-05,95707.024,8079960223.4736,1.2302,0.5516,0.4484,0.9375,547.691,584.229,0.0
2026-09-25 13:15:00,3.512e-05,95862.097,8091365114.597421,1.2302,0.5516,0.4484,0.7477,823.847,1101.794,0.0
2026-09-25 13:30:00,3.512e-05,95829.159,8055507660.437581,1.2257,0.5507,0.4493,1.1917,2572.868,2158.982,0.0
2026-09-25 13:45:00,3.512e-05,95874.658,8049850539.834717,1.2748,0.5604,0.4396,0.9076,2510.562,2766.295,0.0
2026-09-25 14:00:00,3.512e-05,95555.827,8015977659.7933,1.2826,0.5619,0.4381,0.8511,3347.591,3933.08,0.0
2026-09-25 14:15:00,3.512e-05,95751.232,7997190772.256,1.31,0.5671,0.4329,1.171,1447.541,1236.136,0.0
2026-09-25 14:30:00,3.512e-05,95793.143,8009638279.4876995,1.3143,0.5679,0.4321,0.9744,1236.371,1268.819,0.0
2026-09-25 14:45:00,3.512e-05,95845.58,8017434844.21,1.317,0.5684,0.4316,1.051,1005.413,956.628,0.0
2026-09-25 15:00:00,3.512e-05,95683.79,8035602245.618916,1.3202,0.569,0.431,1.0668,983.144,921.589,0.0
2026-09-25 15:15:00,3.512e-05,95583.647,8025097860.108301,1.3207,0.5691,0.4309,0.6725,692.662,1029.93,0.0
2026-09-25 15:30:00,3.512e-05,95599.324,8005296193.112,1.3164,0.5683,0.4317,0.6528,1074.788,1646.457,0.0
2026-09-25 15:45:00,3.512e-05,95821.711,7996328990.409006,1.3202,0.569,0.431,1.3022,1428.89,1097.31,0.0
2026-09-25 16:00:00,3.512e-05,95832.295,8026884279.5115,1.3305,0.5709,0.4291,1.3101,1745.426,1332.296,0.0
2026-09-25 16:15:00,3.512e-05,95836.659,8048985561.1035,1.3116,0.5674,0.4326,1.7035,911.991,535.371,0.0
2026-09-25 16:30:00,3.512e-05,95606.1,8025931322.19,1.3052,0.5662,0.4338,0.7134,598.943,839.566,0.0
2026-09-25 16:45:00,3.512e-05,95401.244,8001011844.404794,1.3031,0.5658,0.4342,0.5878,371.616,632.258,0.0
2026-09-25 17:00:00,3.512e-05,95370.898,7984051022.7884,1.301,0.5654,0.4346,1.1174,339.155,303.533,0.0
2026-09-25 17:15:00,3.512e-05,95382.083,8004931777.566701,1.3036,0.5659,0.4341,0.5672,277.594,489.449,0.0
2026-09-25 17:30:00,3.512e-05,95379.219,7978137842.083501,1.3026,0.5657,0.4343,0.9926,487.145,490.773,0.0
2026-09-25 17:45:00,3.512e-05,95305.735,7982808363.6,1.3047,0.5661,0.4339,0.5648,209.279,370.522,0.0
2026-09-25 18:00:00,3.512e-05,95323.186,7983382036.848528,1.3052,0.5662,0.4338,1.6971,547.948,322.864,0.0
2026-09-25 18:15:00,3.512e-05,95315.168,8003298299.01087,1.3116,0.5674,0.4326,1.0272,436.294,424.759,0.0
2026-09-25 18:30:00,3.512e-05,95358.031,8003161146.7525,1.3084,0.5668,0.4332,0.8596,174.194,202.647,0.0
2026-09-25 18:45:00,3.512e-05,95364.409,8005727698.2592,1.3063,0.5664,0.4336,1.561,251.31,160.993,0.0
2026-09-25 19:00:00,3.512e-05,95356.395,8003424338.2215,1.3041,0.566,0.434,1.6573,304.672,183.833,0.0
2026-09-25 19:15:00,3.512e-05,95348.804,8010113158.399272,1.3047,0.5661,0.4339,1.2369,273.118,220.804,0.0
2026-09-25 19:30:00,3.512e-05,95353.98,8007690052.970768,1.3041,0.566,0.434,1.1181,225.11,201.329,0.0
2026-09-25 19:45:00,3.512e-05,95364.482,8006073694.478889,1.3036,0.5659,0.4341,1.0481,331.815,316.6,0.0
2026-09-25 20:00:00,3.512e-05,95344.844,8007562340.703286,1.3031,0.5658,0.4342,0.5659,129.478,228.819,0.0
2026-09-25 20:15:00,3.512e-05,95337.523,8001735507.9038,1.3026,0.5657,0.4343,1.8916,350.246,185.158,0.0
2026-09-25 20:30:00,3.512e-05,95422.878,8017608857.091747,1.3004,0.5653,0.4347,2.0985,867.106,413.195,0.0
2026-09-25 20:45:00,3.512e-05,95502.639,8030320299.7872,1.3057,0.5663,0.4337,0.4731,418.976,885.681,0.0
2026-09-25 21:00:00,3.512e-05,95067.585,7971059860.200205,1.3084,0.5668,0.4332,0.3442,320.175,930.263,0.0
2026-09-25 21:15:00,3.512e-05,95295.914,7971655679.5624,1.31,0.5671,0.4329,0.8136,278.915,342.804,0.0
2026-09-25 21:30:00,3.512e-05,95254.639,7976086833.524027,1.3111,0.5673,0.4327,1.6129,218.408,135.416,0.0
2026-09-25 21:45:00,3.512e-05,95214.259,7976075971.366846,1.3121,0.5675,0.4325,0.6953,104.355,150.085,0.0
2026-09-25 22:00:00,3.512e-05,95236.352,7975895190.117413,1.3132,0.5677,0.4323,1.1988,141.467,118.004,0.0
2026-09-25 22:15:00,3.512e-05,95231.585,7988739501.117158,1.3148,0.568,0.432,0.7045,156.466,222.08,0.0
2026-09-25 22:30:00,3.512e-05,95246.837,7987990281.2094,1.3159,0.5682,0.4318,1.4707,336.664,228.921,0.0
2026-09-25 22:45:00,3.512e-05,95306.851,8010054761.6099,1.3143,0.5679,0.4321,1.0329,423.946,410.452,0.0
2026-09-25 23:00:00,3.512e-05,95254.638,8004933064.5336,1.3132,0.5677,0.4323,0.463,76.451,165.133,0.0
2026-09-25 23:15:00,3.512e-05,95260.759,8004285274.975,1.3137,0.5678,0.4322,1.0522,249.317,236.959,0.0
2026-09-25 23:30:00,3.512e-05,95206.992,8002397031.610745,1.3105,0.5672,0.4328,0.4955,50.554,102.027,0.0
2026-09-25 23:45:00,3.512e-05,95199.022,7999636717.09651,1.3105,0.5672,0.4328,0.8539,140.467,164.491,0.0
2026-09-26 00:00:00,7.69e-06,95211.408,8003090110.848,1.3004,0.5653,0.4347,1.8727,500.691,267.357,0.0
2026-09-26 00:15:00,7.69e-06,95133.519,7995025501.600162,1.2973,0.5647,0.4353,0.2893,137.798,476.31,0.0
2026-09-26 00:30:00,7.69e-06,95120.291,7982142875.643299,1.2962,0.5645,0.4355,0.7471,422.258,565.165,0.0
2026-09-26 00:45:00,7.69e-06,95069.967,7971094910.434755,1.3031,0.5658,0.4342,1.4074,113.814,80.866,0.0
2026-09-26 01:00:00,7.69e-06,95058.658,7972474587.802,1.3026,0.5657,0.4343,0.8528,198.865,233.179,0.0
2026-09-26 01:15:00,7.69e-06,95103.671,7979207507.2671,1.3057,0.5663,0.4337,1.2524,193.898,154.823,0.0
2026-09-26 01:30:00,7.69e-06,95064.597,7977103549.77002,1.3047,0.5661,0.4339,1.1444,260.611,227.736,0.0
2026-09-26 01:45:00,7.69e-06,95024.334,7983020313.284348,1.3047,0.5661,0.4339,0.8581,127.745,148.863,0.0
2026-09-26 02:00:00,7.69e-06,94994.814,7983497161.2996,1.3052,0.5662,0.4338,1.4263,317.352,222.498,0.0
2026-09-26 02:15:00,7.69e-06,94965.207,7986784834.682921,1.3004,0.5653,0.4347,0.6317,172.014,272.29,0.0
2026-09-26 02:30:00,7.69e-06,95013.277,7980946459.700805,1.302,0.5656,0.4344,0.8015,157.024,195.916,0.0
2026-09-26 02:45:00,7.69e-06,94924.611,7971677242.5996065,1.3004,0.5653,0.4347,0.5801,56.692,97.733,0.0
2026-09-26 03:00:00,7.69e-06,94921.988,7971671950.8244,1.3015,0.5655,0.4345,0.3979,62.338,156.651,0.0
2026-09-26 03:15:00,7.69e-06,94904.265,7963511780.415,1.2994,0.5651,0.4349,1.6222,194.622,119.977,0.0
2026-09-26 03:30:00,7.69e-06,94885.392,7969528242.425869,1.3041,0.566,0.434,0.6193,95.89,154.845,0.0
2026-09-26 03:45:00,7.69e-06,94872.682,7961806002.603002,1.3052,0.5662,0.4338,1.0604,105.078,99.093,0.0
2026-09-26 04:00:00,7.69e-06,94881.554,7961402937.661718,1.3036,0.5659,0.4341,1.3275,186.361,140.38,0.0
2026-09-26 04:15:00,7.69e-06,94912.328,7968060777.7904,1.3015,0.5655,0.4345,0.601,164.702,274.062,0.0
2026-09-26 04:30:00,7.69e-06,94822.359,7952244135.918653,1.3026,0.5657,0.4343,1.253,347.348,277.213,0.0
2026-09-26 04:45:00,7.69e-06,94984.546,7974343481.588029,1.3047,0.5661,0.4339,1.2312,54.162,43.992,0.0
2026-09-26 05:00:00,7.69e-06,94991.494,7974307941.7144,1.3036,0.5659,0.4341,0.548,94.962,173.273,0.0
2026-09-26 05:15:00,7.69e-06,94957.925,7970283939.0824995,1.3047,0.5661,0.4339,0.9618,89.044,92.58,0.0
2026-09-26 05:30:00,7.69e-06,94950.242,7965981340.3557,1.3036,0.5659,0.4341,1.4792,166.386,112.486,0.0
2026-09-26 05:45:00,7.69e-06,94939.159,7967863858.234,1.302,0.5656,0.4344,1.309,187.186,143.004,0.0
2026-09-26 06:00:00,7.69e-06,94976.914,7968040711.573,1.2967,0.5646,0.4354,0.9062,86.547,95.509,0.0
2026-09-26 06:15:00,7.69e-06,94973.748,7964498507.28,1.2962,0.5645,0.4355,1.8282,129.732,70.962,0.0
2026-09-26 06:30:00,7.69e-06,94977.614,7968475315.546332,1.2952,0.5643,0.4357,0.9216,128.713,139.657,0.0
2026-09-26 06:45:00,7.69e-06,94927.903,7962400618.9952,1.2967,0.5646,0.4354,0.4184,55.485,132.601,0.0
2026-09-26 07:00:00,7.69e-06,94933.395,7961237918.113501,1.2967,0.5646,0.4354,2.5049,418.014,166.878,0.0
2026-09-26 07:15:00,7.69e-06,94882.487,7967851728.312,1.2983,0.5649,0.4351,1.1082,93.212,84.112,0.0
2026-09-26 07:30:00,7.69e-06,94891.873,7968550391.064942,1.2999,0.5652,0.4348,1.3801,237.5,172.095,0.0
2026-09-26 07:45:00,7.69e-06,94849.093,7967570419.6418,1.2994,0.5651,0.4349,1.6504,348.745,211.312,0.0
2026-09-26 08:00:00,7.69e-06,94793.864,7969869415.100164,1.2978,0.5648,0.4352,0.7678,169.538,220.81,0.0
2026-09-26 08:15:00,7.69e-06,94801.305,7964911762.0545,1.2941,0.5641,0.4359,0.8697,186.77,214.753,0.0
2026-09-26 08:30:00,7.69e-06,94767.34,7966493239.558,1.2915,0.5636,0.4364,1.7514,1042.982,595.502,0.0
2026-09-26 08:45:00,7.69e-06,94792.554,7986143562.233575,1.2967,0.5646,0.4354,0.5396,106.927,198.156,0.0
2026-09-26 09:00:00,7.69e-06,94799.163,7978999071.8862,1.292,0.5637,0.4363,0.591,298.049,504.315,0.0
2026-09-26 09:15:00,7.69e-06,94749.268,7956813971.134096,1.2894,0.5632,0.4368,1.1684,324.597,277.817,0.0
2026-09-26 09:30:00,7.69e-06,94729.811,7956766181.547559,1.2983,0.5649,0.4351,0.6392,111.203,173.962,0.0
2026-09-26 09:45:00,7.69e-06,94750.944,7955961989.9424,1.2994,0.5651,0.4349,0.9191,129.055,140.416,0.0
2026-09-26 10:00:00,7.69e-06,94707.943,7952550207.3556,1.2962,0.5645,0.4355,1.8887,260.574,137.965,0.0
2026-09-26 10:15:00,7.69e-06,94662.956,7958873222.3604,1.2999,0.5652,0.4348,1.2148,244.298,201.105,0.0
2026-09-26 10:30:00,7.69e-06,94658.546,7961181284.4932,1.3041,0.566,0.434,0.9826,94.71,96.387,0.0
2026-09-26 10:45:00,7.69e-06,94669.34,7962708059.547255,1.3041,0.566,0.434,1.5656,118.009,75.374,0.0
2026-09-26 11:00:00,7.69e-06,94689.823,7966756665.051901,1.3036,0.5659,0.4341,0.9072,109.677,120.899,0.0
2026-09-26 11:15:00,7.69e-06,94714.013,7969089039.839049,1.3047,0.5661,0.4339,0.6995,54.541,77.97,0.0
2026-09-26 11:30:00,7.69e-06,94732.465,7969775967.724499,1.3041,0.566,0.434,0.9207,75.274,81.757,0.0
2026-09-26 11:45:00,7.69e-06,94724.621,7969182364.73,1.3041,0.566,0.434,1.1813,80.854,68.443,0.0
2026-09-26 12:00:00,7.69e-06,94714.983,7968778794.216899,1.3036,0.5659,0.4341,0.59,119.763,202.999,0.0
2026-09-26 12:15:00,7.69e-06,94695.828,7963909665.2172,1.3015,0.5655,0.4345,0.6006,114.516,190.678,0.0
2026-09-26 12:30:00,7.69e-06,94711.239,7961417279.216099,1.2989,0.565,0.435,0.5307,80.697,152.058,0.0
2026-09-26 12:45:00,7.69e-06,94702.955,7955868494.448068,1.2962,0.5645,0.4355,0.9877,91.462,92.599,0.0
2026-09-26 13:00:00,7.69e-06,94739.775,7960059924.389872,1.2967,0.5646,0.4354,0.6582,238.53,362.376,0.0
2026-09-26 13:15:00,7.69e-06,94796.607,7960620910.1106,1.2962,0.5645,0.4355,0.5008,291.235,581.566,0.0
2026-09-26 13:30:00,7.69e-06,94890.481,7961474787.563163,1.2957,0.5644,0.4356,1.1697,268.181,229.268,0.0
2026-09-26 13:45:00,7.69e-06,94889.683,7959897954.16661,1.2989,0.565,0.435,1.1531,306.907,266.164,0.0
2026-09-26 14:00:00,7.69e-06,94904.862,7963314606.141968,1.3047,0.5661,0.4339,0.8441,123.079,145.814,0.0
2026-09-26 14:15:00,7.69e-06,94906.413,7963812066.472369,1.3057,0.5663,0.4337,1.8338,112.481,61.336,0.0
2026-09-26 14:30:00,7.69e-06,94906.074,7967194081.3668,1.3079,0.5667,0.4333,1.0892,148.462,136.3,0.0
2026-09-26 14:45:00,7.69e-06,94898.771,7969553802.721044,1.3116,0.5674,0.4326,0.886,125.098,141.202,0.0
2026-09-26 15:00:00,7.69e-06,94907.527,7970277172.9438,1.3111,0.5673,0.4327,0.4657,83.122,178.49,0.0
2026-09-26 15:15:00,7.69e-06,94939.343,7973289379.936314,1.3116,0.5674,0.4326,1.0203,104.919,102.829,0.0
2026-09-26 15:30:00,7.69e-06,94908.645,7974228107.9814205,1.3116,0.5674,0.4326,1.0006,355.368,355.166,0.0
2026-09-26 15:45:00,7.69e-06,94898.759,7980647314.3859825,1.31,0.5671,0.4329,0.5136,115.901,225.662,0.0
2026-09-26 16:00:00,7.69e-06,94905.502,7982748527.5252,1.3079,0.5667,0.4333,0.5643,74.404,131.848,0.0
2026-09-26 16:15:00,7.69e-06,94921.125,7981803495.9,1.3057,0.5663,0.4337,0.6783,91.116,134.329,0.0
2026-09-26 16:30:00,7.69e-06,94891.684,7977978326.279168,1.302,0.5656,0.4344,1.0004,102.252,102.209,0.0
2026-09-26 16:45:00,7.69e-06,94885.489,7980819281.5040655,1.301,0.5654,0.4346,0.4926,95.569,194.022,0.0
2026-09-26 17:00:00,7.69e-06,94843.499,7973540921.500593,1.2994,0.5651,0.4349,0.6684,108.907,162.931,0.0
2026-09-26 17:15:00,7.69e-06,94816.36,7969210760.004,1.2952,0.5643,0.4357,0.9034,121.482,134.472,0.0
2026-09-26 17:30:00,7.69e-06,94802.695,7965290060.2718525,1.2946,0.5642,0.4358,0.9394,131.662,140.149,0.0
2026-09-26 17:45:00,7.69e-06,94764.463,7966297196.326716,1.2946,0.5642,0.4358,1.287,107.861,83.807,0.0
2026-09-26 18:00:00,7.69e-06,94749.036,7968113634.5474,1.2941,0.5641,0.4359,1.4627,138.567,94.736,0.0
2026-09-26 18:15:00,7.69e-06,94690.516,7959657928.140142,1.2941,0.5641,0.4359,1.024,98.627,96.312,0.0
2026-09-26 18:30:00,7.69e-06,94633.174,7952186059.70919,1.2931,0.5639,0.4361,0.9257,108.528,117.245,0.0
2026-09-26 18:45:00,7.69e-06,94588.245,7943114085.6465,1.2915,0.5636,0.4364,1.1057,153.435,138.769,0.0
2026-09-26 19:00:00,7.69e-06,94544.597,7938994900.227299,1.2915,0.5636,0.4364,1.4107,107.568,76.251,0.0
2026-09-26 19:15:00,7.69e-06,94537.288,7940583875.7296,1.291,0.5635,0.4365,1.6344,73.281,44.837,0.0
2026-09-26 19:30:00,7.69e-06,94537.902,7941305931.520979,1.292,0.5637,0.4363,0.9211,90.445,98.189,0.0
2026-09-26 19:45:00,7.69e-06,94526.575,7938033985.861786,1.2915,0.5636,0.4364,1.3859,87.456,63.106,0.0
2026-09-26 20:00:00,7.69e-06,94512.333,7937641656.206683,1.2878,0.5629,0.4371,3.2923,193.397,58.742,0.0
2026-09-26 20:15:00,7.69e-06,94459.775,7932350862.689376,1.2868,0.5627,0.4373,4.4815,138.053,30.805,0.0
2026-09-26 20:30:00,7.69e-06,94417.863,7935372817.514222,1.2873,0.5628,0.4372,0.6741,262.167,388.909,0.0
2026-09-26 20:45:00,7.69e-06,94353.011,7911499972.35,1.2889,0.5631,0.4369,1.2089,391.492,323.84,0.0
2026-09-26 21:00:00,7.69e-06,94302.038,7920952470.45096,1.2894,0.5632,0.4368,1.6109,193.615,120.194,0.0
2026-09-26 21:15:00,7.69e-06,94304.108,7929900415.9688,1.2894,0.5632,0.4368,1.3115,289.692,220.888,0.0
2026-09-26 21:30:00,7.69e-06,94254.267,7933494758.5104,1.291,0.5635,0.4365,1.0472,292.809,279.6,0.0
2026-09-26 21:45:00,7.69e-06,94271.717,7931145541.4119005,1.2878,0.5629,0.4371,0.9344,99.714,106.709,0.0
2026-09-26 22:00:00,7.69e-06,94282.883,7930953550.212099,1.2852,0.5624,0.4376,1.8691,779.173,416.867,0.0
2026-09-26 22:15:00,7.69e-06,94472.863,7962409075.797501,1.291,0.5635,0.4365,1.1881,225.154,189.501,0.0
2026-09-26 22:30:00,7.69e-06,94481.952,7966633603.222371,1.2883,0.563,0.437,0.2727,56.602,207.564,0.0
2026-09-26 22:45:00,7.69e-06,94527.631,7963952911.75,1.2889,0.5631,0.4369,0.8634,134.508,155.787,0.0
2026-09-26 23:00:00,7.69e-06,94577.457,7968107111.606677,1.2889,0.5631,0.4369,1.5421,249.82,162.001,0.0
2026-09-26 23:15:00,7.69e-06,94554.902,7973502854.4834,1.2878,0.5629,0.4371,2.0286,700.569,345.346,0.0
2026-09-26 23:30:00,7.69e-06,94256.025,7950167722.37157,1.2873,0.5628,0.4372,1.2406,299.457,241.38,0.0
2026-09-26 23:45:00,7.69e-06,94366.662,7956610203.377382,1.2889,0.5631,0.4369,1.573,524.188,333.25,0.0
2026-09-27 00:00:00,4.703e-05,94517.662,7978624399.200542,1.2883,0.563,0.437,0.3574,153.538,429.632,0.0
2026-09-27 00:15:00,4.703e-05,94504.282,7965822632.3492,1.2889,0.5631,0.4369,0.3181,71.2,223.796,0.0
2026-09-27 00:30:00,4.703e-05,94479.975,7957745958.33,1.2868,0.5627,0.4373,2.58,239.632,92.88,0.0
2026-09-27 00:45:00,4.703e-05,94397.536,7958061555.6832,1.2852,0.5624,0.4376,0.9829,86.679,88.191,0.0
2026-09-27 01:00:00,4.703e-05,94408.181,7955475306.6908,1.2831,0.562,0.438,2.5397,200.526,78.956,0.0
2026-09-27 01:15:00,4.703e-05,94389.988,7962692192.686,1.2836,0.5621,0.4379,0.5905,83.957,142.183,0.0
2026-09-27 01:30:00,4.703e-05,94416.182,7958897036.2538,1.2847,0.5623,0.4377,1.2044,101.476,84.251,0.0
2026-09-27 01:45:00,4.703e-05,94410.479,7965836960.385501,1.2738,0.5602,0.4398,2.3087,741.248,321.065,0.0
2026-09-27 02:00:00,4.703e-05,94291.039,7963520192.6589985,1.2779,0.561,0.439,1.1886,212.906,179.125,0.0
2026-09-27 02:15:00,4.703e-05,94323.39,7966439541.533014,1.2769,0.5608,0.4392,1.2449,161.921,130.063,0.0
2026-09-27 02:30:00,4.703e-05,94335.267,7968547171.123501,1.2779,0.561,0.439,0.9501,89.856,94.572,0.0
2026-09-27 02:45:00,4.703e-05,94312.976,7963561342.2976,1.2763,0.5607,0.4393,0.9871,93.206,94.421,0.0
2026-09-27 03:00:00,4.703e-05,94298.809,7960186812.3305,1.2732,0.5601,0.4399,1.5189,122.508,80.654,0.0
2026-09-27 03:15:00,4.703e-05,94298.862,7963529466.0138,1.2753,0.5605,0.4395,0.463,106.953,231.003,0.0
2026-09-27 03:30:00,4.703e-05,94254.525,7950529416.442499,1.2712,0.5597,0.4403,0.9647,111.635,115.722,0.0
2026-09-27 03:45:00,4.703e-05,94220.074,7949106311.6326685,1.2727,0.56,0.44,0.4646,87.95,189.31,0.0
2026-09-27 04:00:00,4.703e-05,94134.015,7940787796.143,1.2732,0.5601,0.4399,1.1057,205.235,185.623,0.0
2026-09-27 04:15:00,4.703e-05,94105.411,7947069755.167564,1.2727,0.56,0.44,0.6383,107.452,168.331,0.0
2026-09-27 04:30:00,4.703e-05,94124.27,7942045891.341,1.2727,0.56,0.44,0.5637,151.552,268.833,0.0
2026-09-27 04:45:00,4.703e-05,94114.766,7931185854.920275,1.2671,0.5589,0.4411,1.0521,96.043,91.283,0.0
2026-09-27 05:00:00,4.703e-05,94105.149,7932593534.955,1.266,0.5587,0.4413,1.1773,120.404,102.267,0.0
2026-09-27 05:15:00,4.703e-05,94100.745,7936936747.099501,1.2722,0.5599,0.4401,0.9992,42.028,42.06,0.0
2026-09-27 05:30:00,4.703e-05,94099.203,7937722238.106465,1.2732,0.5601,0.4399,1.8597,824.612,443.41,0.0
2026-09-27 05:45:00,4.703e-05,94071.73,7950133602.722,1.2758,0.5606,0.4394,0.5551,129.983,234.173,0.0
2026-09-27 06:00:00,4.703e-05,94055.482,7943615525.076756,1.2758,0.5606,0.4394,2.0199,202.373,100.19,0.0
2026-09-27 06:15:00,4.703e-05,94053.075,7953118894.762298,1.2769,0.5608,0.4392,0.9261,264.965,286.119,0.0
2026-09-27 06:30:00,4.703e-05,94127.572,7958040533.552399,1.2789,0.5612,0.4388,0.5996,98.295,163.927,0.0
2026-09-27 06:45:00,4.703e-05,94130.221,7952121070.08,1.2763,0.5607,0.4393,0.5576,112.795,202.274,0.0
2026-09-27 07:00:00,4.703e-05,94132.379,7952153923.362947,1.2748,0.5604,0.4396,1.3369,106.476,79.646,0.0
2026-09-27 07:15:00,4.703e-05,94128.943,7952615529.8752,1.2753,0.5605,0.4395,0.7649,104.515,136.634,0.0
2026-09-27 07:30:00,4.703e-05,94151.453,7954216034.0896,1.2758,0.5606,0.4394,1.4636,257.154,175.699,0.0
2026-09-27 07:45:00,4.703e-05,94183.62,7966002085.625708,1.2779,0.561,0.439,2.2669,1536.204,677.659,0.0
2026-09-27 08:00:00,4.703e-05,94701.056,8026846790.980903,1.2779,0.561,0.439,1.0652,817.125,767.111,0.0
2026-09-27 08:15:00,4.703e-05,94831.231,8039191215.197412,1.2769,0.5608,0.4392,0.9037,439.524,486.379,0.0
2026-09-27 08:30:00,4.703e-05,94783.306,8034771670.062492,1.2696,0.5594,0.4406,0.9491,355.026,374.052,0.0
2026-09-27 08:45:00,4.703e-05,94795.434,8027561737.422,1.263,0.5581,0.4419,0.9348,251.322,268.846,0.0
2026-09-27 09:00:00,4.703e-05,94801.118,8034919791.37885,1.2635,0.5582,0.4418,0.5527,368.615,666.928,0.0
2026-09-27 09:15:00,4.703e-05,94784.992,8020611075.265202,1.2584,0.5572,0.4428,1.5194,207.375,136.488,0.0
2026-09-27 09:30:00,4.703e-05,94797.081,8026089659.946,1.2573,0.557,0.443,1.9415,294.363,151.613,0.0
2026-09-27 09:45:00,4.703e-05,94783.228,8034802672.5284,1.2584,0.5572,0.4428,1.9645,792.616,403.477,0.0
2026-09-27 10:00:00,4.703e-05,94875.189,8055890248.0656,1.263,0.5581,0.4419,1.8873,882.523,467.601,0.0
2026-09-27 10:15:00,4.703e-05,94868.913,8063762736.087,1.2645,0.5584,0.4416,0.7546,592.16,784.74,0.0
2026-09-27 10:30:00,4.703e-05,94851.423,8051708849.505378,1.2482,0.5552,0.4448,0.4756,185.249,389.537,0.0
2026-09-27 10:45:00,4.703e-05,94816.484,8041410869.197074,1.2366,0.5529,0.4471,0.8646,460.194,532.275,0.0
2026-09-27 11:00:00,4.703e-05,94609.178,8026608480.869244,1.2336,0.5523,0.4477,1.5272,440.354,288.349,0.0
2026-09-27 11:15:00,4.703e-05,94579.047,8026697668.799226,1.2351,0.5526,0.4474,1.2167,243.905,200.464,0.0
2026-09-27 11:30:00,4.703e-05,94602.671,8028444813.616848,1.2346,0.5525,0.4475,0.7258,187.071,257.762,0.0
2026-09-27 11:45:00,4.703e-05,94566.411,8026965659.13732,1.2321,0.552,0.448,0.5924,188.754,318.621,0.0
2026-09-27 12:00:00,4.703e-05,94565.256,8024571211.02,1.2326,0.5521,0.4479,1.8562,253.23,136.427,0.0
2026-09-27 12:15:00,4.703e-05,94561.083,8034202751.037299,1.2371,0.553,0.447,0.6551,124.891,190.653,0.0
2026-09-27 12:30:00,4.703e-05,94595.546,8032605857.780379,1.2336,0.5523,0.4477,1.0077,109.935,109.097,0.0
2026-09-27 12:45:00,4.703e-05,94607.809,8036034600.364499,1.2336,0.5523,0.4477,0.4678,220.457,471.248,0.0
2026-09-27 13:00:00,4.703e-05,94651.644,8022143296.2336,1.2247,0.5505,0.4495,0.5865,748.066,1275.397,0.0
2026-09-27 13:15:00,4.703e-05,94795.83,8020210676.733,1.2134,0.5482,0.4518,2.4117,696.389,288.758,0.0
2026-09-27 13:30:00,4.703e-05,94636.392,8034543080.271739,1.2143,0.5484,0.4516,0.8894,976.11,1097.494,0.0
2026-09-27 13:45:00,4.703e-05,94795.61,8033653040.231,1.2099,0.5475,0.4525,2.2751,801.256,352.183,0.0
2026-09-27 14:00:00,4.703e-05,95004.228,8074592244.361047,1.207,0.5469,0.4531,0.8466,417.166,492.73,0.0
2026-09-27 14:15:00,4.703e-05,94917.398,8063883904.990837,1.2134,0.5482,0.4518,0.6311,454.924,720.834,0.0
2026-09-27 14:30:00,4.703e-05,94910.564,8035774409.263011,1.2139,0.5483,0.4517,0.981,523.65,533.781,0.0
2026-09-27 14:45:00,4.703e-05,94838.923,8033710868.576312,1.2227,0.5501,0.4499,0.6053,981.864,1622.18,0.0
2026-09-27 15:00:00,4.703e-05,94609.658,7993664115.66297,1.2168,0.5489,0.4511,0.642,1010.33,1573.797,0.0
2026-09-27 15:15:00,4.703e-05,94555.977,7985700525.280372,1.2267,0.5509,0.4491,1.9231,801.162,416.601,0.0
2026-09-27 15:30:00,4.703e-05,94443.849,7988154328.586611,1.2287,0.5513,0.4487,0.4743,247.571,521.975,0.0
2026-09-27 15:45:00,4.703e-05,94344.731,7961865062.7672,1.2302,0.5516,0.4484,0.6637,307.129,462.767,0.0
2026-09-27 16:00:00,1.051e-05,94511.043,7979283827.361,1.2326,0.5521,0.4479,2.0537,334.277,162.772,0.0
2026-09-27 16:15:00,1.051e-05,94455.102,7983439676.142,1.2366,0.5529,0.4471,1.2548,651.441,519.155,0.0
2026-09-27 16:30:00,1.051e-05,94519.989,7990472411.911114,1.2356,0.5527,0.4473,0.4292,275.729,642.454,0.0
2026-09-27 16:45:00,1.051e-05,94396.973,7962522171.317747,1.2391,0.5534,0.4466,1.0297,185.857,180.499,0.0
2026-09-27 17:00:00,1.051e-05,94393.03,7966299766.85,1.2391,0.5534,0.4466,1.0077,612.138,607.434,0.0
2026-09-27 17:15:00,1.051e-05,94347.002,7958301704.5028,1.2422,0.554,0.446,0.6491,110.638,170.444,0.0
2026-09-27 17:30:00,1.051e-05,94391.549,7966173349.670275,1.2437,0.5543,0.4457,1.6602,134.478,81.002,0.0
2026-09-27 17:45:00,1.051e-05,94370.559,7968432949.674301,1.2472,0.555,0.445,2.09,155.806,74.549,0.0
2026-09-27 18:00:00,1.051e-05,94350.085,7975875000.466499,1.2502,0.5556,0.4444,1.9744,201.69,102.153,0.0
2026-09-27 18:15:00,1.051e-05,94289.346,7974040562.2854,1.2507,0.5557,0.4443,2.1801,566.986,260.075,0.0
2026-09-27 18:30:00,1.051e-05,94209.482,7979703281.5194,1.2553,0.5566,0.4434,0.9857,369.351,374.712,0.0
2026-09-27 18:45:00,1.051e-05,94244.566,7985247832.614,1.2553,0.5566,0.4434,0.7066,218.318,308.988,0.0
2026-09-27 19:00:00,1.051e-05,94156.108,7982902943.652058,1.2558,0.5567,0.4433,0.5448,228.181,418.833,0.0
2026-09-27 19:15:00,1.051e-05,94309.95,7993401765.670237,1.1954,0.5445,0.4555,0.4136,161.864,391.387,0.0
2026-09-27 19:30:00,1.051e-05,94485.171,7999842663.839883,1.193,0.544,0.456,0.8143,317.785,390.241,0.0
2026-09-27 19:45:00,1.051e-05,94680.594,8023233535.56,1.1906,0.5435,0.4565,0.4829,96.686,200.2,0.0
2026-09-27 20:00:00,1.051e-05,94711.258,8021758942.524031,1.1901,0.5434,0.4566,1.2049,90.44,75.063,0.0
2026-09-27 20:15:00,1.051e-05,94734.638,8031365773.045,1.1906,0.5435,0.4565,0.4931,208.891,423.637,0.0
2026-09-27 20:30:00,1.051e-05,94695.242,8009355662.49888,1.1887,0.5431,0.4569,0.8343,159.327,190.967,0.0
2026-09-27 20:45:00,1.051e-05,94717.064,8013505308.328269,1.1872,0.5428,0.4572,0.3636,132.209,363.62,0.0
2026-09-27 21:00:00,1.051e-05,94736.375,8005972104.862499,1.1863,0.5426,0.4574,3.6611,285.626,78.016,0.0
2026-09-27 21:15:00,1.051e-05,94684.581,8015134997.7729,1.1853,0.5424,0.4576,0.6879,118.306,171.977,0.0
2026-09-27 21:30:00,1.051e-05,94658.828,8005088958.691971,1.1872,0.5428,0.4572,0.7723,341.306,441.907,0.0
2026-09-27 21:45:00,1.051e-05,94553.652,7991230264.8756,1.1687,0.5389,0.4611,0.7735,234.08,302.638,0.0
2026-09-27 22:00:00,1.051e-05,94677.579,8013672688.416274,1.1697,0.5391,0.4609,1.1651,993.662,852.845,0.0
2026-09-27 22:15:00,1.051e-05,94595.127,7972477303.56,1.1622,0.5375,0.4625,1.4401,402.365,279.393,0.0
2026-09-27 22:30:00,1.051e-05,94588.351,7994701711.913971,1.1631,0.5377,0.4623,0.6857,535.099,780.387,0.0
2026-09-27 22:45:00,1.051e-05,94525.78,7953578728.182,1.1584,0.5367,0.4633,0.8683,331.135,381.351,0.0
2026-09-27 23:00:00,1.051e-05,94512.546,7953788369.9214,1.1631,0.5377,0.4623,1.0472,787.468,751.948,0.0
2026-09-27 23:15:00,1.051e-05,94337.422,7941362818.552154,1.165,0.5381,0.4619,1.3154,566.204,430.445,0.0
2026-09-27 23:30:00,1.051e-05,94212.39,7947691376.862374,1.1668,0.5385,0.4615,0.4885,178.369,365.121,0.0
2026-09-27 23:45:00,1.051e-05,94163.071,7937386539.499351,1.1664,0.5384,0.4616,1.116,368.627,330.314,0.0
2026-09-28 00:00:00,1.987e-05,94143.007,7948776510.031,1.1678,0.5387,0.4613,0.63,263.391,418.052,0.0
2026-09-28 00:15:00,1.987e-05,94233.385,7952636851.659123,1.1664,0.5384,0.4616,1.3241,1930.398,1457.901,0.0
2026-09-28 00:30:00,1.987e-05,94245.874,7987705380.4086,1.1542,0.5358,0.4642,0.7452,1365.8,1832.775,0.0
2026-09-28 00:45:00,1.987e-05,94518.102,7964199244.4322,1.1636,0.5378,0.4622,0.9326,884.731,948.656,0.0
2026-09-28 01:00:00,1.987e-05,94626.201,7957938084.613229,1.164,0.5379,0.4621,0.8441,1330.561,1576.388,0.0
2026-09-28 01:15:00,1.987e-05,94682.4,7945871139.891049,1.1631,0.5377,0.4623,0.7542,725.166,961.445,0.0
2026-09-28 01:30:00,1.987e-05,94705.499,7958576608.465,1.1706,0.5393,0.4607,0.7799,761.593,976.581,0.0
2026-09-28 01:45:00,1.987e-05,94945.537,7953910607.558679,1.1706,0.5393,0.4607,0.9148,1278.646,1397.746,0.0
2026-09-28 02:00:00,1.987e-05,95128.035,7957912199.609964,1.1697,0.5391,0.4609,0.9266,1606.987,1734.273,0.0
2026-09-28 02:15:00,1.987e-05,95257.166,7973139102.7992,1.1825,0.5418,0.4582,1.097,427.254,389.465,0.0
2026-09-28 02:30:00,1.987e-05,95240.719,7961076460.491,1.1882,0.543,0.457,0.8025,714.99,890.968,0.0
2026-09-28 02:45:00,1.987e-05,95272.832,7951186113.395139,1.1863,0.5426,0.4574,0.8059,506.759,628.787,0.0
2026-09-28 03:00:00,1.987e-05,95265.097,7943051363.7048,1.192,0.5438,0.4562,1.1951,500.13,418.498,0.0
2026-09-28 03:15:00,1.987e-05,95275.37,7946136407.815953,1.1997,0.5454,0.4546,0.8978,1040.029,1158.443,0.0
2026-09-28 03:30:00,1.987e-05,95651.516,7966919984.3076,1.1939,0.5442,0.4558,0.7039,1023.688,1454.351,0.0
2026-09-28 03:45:00,1.987e-05,96238.465,8027622809.904045,1.2051,0.5465,0.4535,0.5079,504.567,993.522,0.0
2026-09-28 04:00:00,1.987e-05,95878.962,7986957232.005,1.2158,0.5487,0.4513,1.0897,615.646,564.986,0.0
2026-09-28 04:15:00,1.987e-05,95835.748,7992864303.9716,1.2183,0.5492,0.4508,1.1409,515.127,451.515,0.0
2026-09-28 04:30:00,1.987e-05,95832.596,7996821759.481165,1.2326,0.5521,0.4479,1.4073,270.626,192.296,0.0
2026-09-28 04:45:00,1.987e-05,95885.364,8002362354.5664,1.2386,0.5533,0.4467,1.5289,318.944,208.604,0.0
2026-09-28 05:00:00,1.987e-05,95841.605,7997706433.611746,1.2437,0.5543,0.4457,0.95,557.868,587.213,0.0
2026-09-28 05:15:00,1.987e-05,95806.739,7980067808.867821,1.2442,0.5544,0.4456,0.5725,1651.353,2884.551,0.0
2026-09-28 05:30:00,1.987e-05,95529.026,7932567919.6958,1.2401,0.5536,0.4464,0.7883,2389.319,3030.981,0.0
2026-09-28 05:45:00,1.987e-05,95400.882,7927925397.840754,1.2472,0.555,0.445,1.6192,1017.956,628.692,0.0
2026-09-28 06:00:00,1.987e-05,95611.76,7949863807.710878,1.2676,0.559,0.441,2.2105,1391.013,629.276,0.0
2026-09-28 06:15:00,1.987e-05,95450.318,7942153699.8896,1.2774,0.5609,0.4391,0.6147,360.604,586.606,0.0
2026-09-28 06:30:00,1.987e-05,95422.12,7922194135.917568,1.2743,0.5603,0.4397,0.9992,437.954,438.295,0.0
2026-09-28 06:45:00,1.987e-05,95527.238,7943196974.189989,1.2774,0.5609,0.4391,0.9108,277.741,304.934,0.0
2026-09-28 07:00:00,1.987e-05,95582.478,7945424490.498453,1.2805,0.5615,0.4385,1.0634,436.753,410.696,0.0
2026-09-28 07:15:00,1.987e-05,95549.804,7935516326.9844,1.2815,0.5617,0.4383,0.6766,421.257,622.583,0.0
2026-09-28 07:30:00,1.987e-05,95469.638,7915502250.1456,1.2779,0.561,0.439,1.4361,866.221,603.191,0.0
2026-09-28 07:45:00,1.987e-05,95715.981,7935409977.5898,1.2779,0.561,0.439,1.5003,871.64,580.964,0.0
2026-09-28 08:00:00,1.987e-05,95957.058,7957378479.533047,1.2883,0.563,0.437,0.8497,797.83,938.999,0.0
2026-09-28 08:15:00,1.987e-05,95751.093,7945578898.8888,1.2931,0.5639,0.4361,0.6567,766.609,1167.33,0.0
2026-09-28 08:30:00,1.987e-05,95540.827,7911554356.2987,1.2936,0.564,0.436,1.0248,612.475,597.645,0.0
2026-09-28 08:45:00,1.987e-05,95591.849,7923529735.850904,1.2946,0.5642,0.4358,1.0754,497.914,463.007,0.0
2026-09-28 09:00:00,1.987e-05,95568.874,7925673828.827542,1.3031,0.5658,0.4342,0.9871,1628.971,1650.318,0.0
2026-09-28 09:15:00,1.987e-05,95629.805,7923005848.094,1.2946,0.5642,0.4358,1.1317,735.433,649.872,0.0
2026-09-28 09:30:00,1.987e-05,95708.78,7924332861.514,1.2989,0.565,0.435,0.8923,714.138,800.295,0.0
2026-09-28 09:45:00,1.987e-05,95845.594,7916501020.2616,1.2999,0.5652,0.4348,1.2959,535.618,413.321,0.0
2026-09-28 10:00:00,1.987e-05,95961.038,7930220180.32,1.3026,0.5657,0.4343,1.2865,554.856,431.278,0.0
2026-09-28 10:15:00,1.987e-05,96048.577,7946271662.6486,1.3068,0.5665,0.4335,1.4712,297.699,202.352,0.0
2026-09-28 10:30:00,1.987e-05,96013.15,7948333406.97,1.3137,0.5678,0.4322,1.8687,563.346,301.463,0.0
2026-09-28 10:45:00,1.987e-05,95877.037,7950401546.089734,1.3261,0.5701,0.4299,1.4568,1479.278,1015.429,0.0
2026-09-28 11:00:00,1.987e-05,96341.633,7989656535.948238,1.3326,0.5713,0.4287,1.7307,717.264,414.439,0.0
2026-09-28 11:15:00,1.987e-05,96402.419,7997570309.986669,1.343,0.5732,0.4268,1.1445,496.188,433.559,0.0
2026-09-28 11:30:00,1.987e-05,96343.272,7995720829.824,1.3524,0.5749,0.4251,1.0883,418.886,384.914,0.0
2026-09-28 11:45:00,1.987e-05,96354.289,8001934638.583,1.3607,0.5764,0.4236,0.6455,244.51,378.811,0.0
2026-09-28 12:00:00,1.987e-05,96244.199,7993504201.4256,1.3602,0.5763,0.4237,0.9863,2733.977,2772.015,0.0
2026-09-28 12:15:00,1.987e-05,95557.76,7964739296.0,1.3832,0.5804,0.4196,0.7927,760.462,959.361,0.0
2026-09-28 12:30:00,1.987e-05,95529.415,7961282893.836032,1.3832,0.5804,0.4196,0.7714,433.042,561.383,0.0
2026-09-28 12:45:00,1.987e-05,95448.288,7951987769.856,1.3793,0.5797,0.4203,1.4372,1197.831,833.42,0.0
2026-09-28 13:00:00,1.987e-05,95252.548,7956483435.4592,1.3849,0.5807,0.4193,0.6292,418.457,665.019,0.0
2026-09-28 13:15:00,1.987e-05,95230.002,7939601433.7458,1.3776,0.5794,0.4206,1.5745,581.713,369.466,0.0
2026-09-28 13:30:00,1.987e-05,95150.48,7947434326.952,1.3663,0.5774,0.4226,1.1876,2262.25,1904.882,0.0
2026-09-28 13:45:00,1.987e-05,95084.149,7959551163.2794,1.3557,0.5755,0.4245,0.7032,929.646,1322.036,0.0
2026-09-28 14:00:00,1.987e-05,95190.571,7958797969.7961,1.3452,0.5736,0.4264,0.7087,740.158,1044.354,0.0
2026-09-28 14:15:00,1.987e-05,95219.225,7937217504.092499,1.3326,0.5713,0.4287,0.7705,989.978,1284.821,0.0
2026-09-28 14:30:00,1.987e-05,95093.47,7911966890.94,1.3256,0.57,0.43,0.6694,1653.763,2470.54,0.0
2026-09-28 14:45:00,1.987e-05,94869.515,7864682793.5,1.324,0.5697,0.4303,0.7476,2270.027,3036.394,0.0
2026-09-28 15:00:00,1.987e-05,95100.669,7892204808.905101,1.3419,0.573,0.427,0.6999,1050.896,1501.572,0.0
2026-09-28 15:15:00,1.987e-05,94933.65,7873341249.48,1.3447,0.5735,0.4265,0.743,1131.631,1523.004,0.0
2026-09-28 15:30:00,1.987e-05,94975.336,7885640690.0088,1.3485,0.5742,0.4258,0.929,834.23,898.026,0.0
2026-09-28 15:45:00,1.987e-05,94922.78,7894670658.932,1.3529,0.575,0.425,0.8379,419.146,500.208,0.0
2026-09-28 16:00:00,1.987e-05,94892.447,7910292897.553358,1.3574,0.5758,0.4242,0.8253,602.011,729.435,0.0
2026-09-28 16:15:00,1.987e-05,94893.067,7910874402.1354,1.3397,0.5726,0.4274,1.5139,4421.448,2920.647,0.0
2026-09-28 16:30:00,1.987e-05,94366.07,7924909741.635,1.3164,0.5683,0.4317,0.8437,1667.448,1976.267,0.0
2026-09-28 16:45:00,1.987e-05,94350.83,7897155035.917,1.3381,0.5723,0.4277,1.1264,762.9,677.301,0.0
2026-09-28 17:00:00,1.987e-05,94067.876,7870790879.9464,1.343,0.5732,0.4268,1.7492,2278.175,1302.422,0.0
2026-09-28 17:15:00,1.987e-05,93601.842,7881817987.0836,1.3491,0.5743,0.4257,1.0539,1531.201,1452.877,0.0
2026-09-28 17:30:00,1.987e-05,93331.612,7828011626.4372,1.3563,0.5756,0.4244,0.9848,411.92,418.263,0.0
2026-09-28 17:45:00,1.987e-05,93332.453,7837973171.192959,1.3579,0.5759,0.4241,0.8226,389.428,473.394,0.0
2026-09-28 18:00:00,1.987e-05,93253.927,7818026068.754568,1.3552,0.5754,0.4246,0.7561,301.387,398.628,0.0
2026-09-28 18:15:00,1.987e-05,93264.212,7828588628.8588,1.3568,0.5757,0.4243,0.6904,212.759,308.176,0.0
2026-09-28 18:30:00,1.987e-05,93167.682,7816966376.225518,1.3557,0.5755,0.4245,0.6752,230.534,341.45,0.0
2026-09-28 18:45:00,1.987e-05,93154.366,7809495821.476937,1.3507,0.5746,0.4254,1.7815,355.288,199.433,0.0
2026-09-28 19:00:00,1.987e-05,93118.543,7822418980.874651,1.3485,0.5742,0.4258,0.571,412.157,721.838,0.0
2026-09-28 19:15:00,1.987e-05,92989.018,7782195123.0092,1.3557,0.5755,0.4245,0.7024,222.077,316.154,0.0
2026-09-28 19:30:00,1.987e-05,92995.205,7774585128.41,1.3513,0.5747,0.4253,0.7153,1275.012,1782.467,0.0
2026-09-28 19:45:00,1.987e-05,92884.696,7735587160.5096655,1.354,0.5752,0.4248,1.156,662.202,572.854,0.0
2026-09-28 20:00:00,1.987e-05,92905.981,7744086102.995505,1.3607,0.5764,0.4236,1.0426,570.237,546.917,0.0
2026-09-28 20:15:00,1.987e-05,92934.637,7763614980.806293,1.3646,0.5771,0.4229,0.5613,178.41,317.842,0.0
2026-09-28 20:30:00,1.987e-05,93024.598,7763814344.1604,1.3657,0.5773,0.4227,1.4697,142.365,96.868,0.0
2026-09-28 20:45:00,1.987e-05,93044.617,7765066425.120099,1.3646,0.5771,0.4229,0.8774,125.711,143.275,0.0
2026-09-28 21:00:00,1.987e-05,93015.012,7767009014.237965,1.3646,0.5771,0.4229,1.6446,236.943,144.076,0.0
2026-09-28 21:15:00,1.987e-05,92954.784,7765312518.6624,1.3663,0.5774,0.4226,0.7707,130.15,168.871,0.0
2026-09-28 21:30:00,1.987e-05,92971.905,7754941526.992938,1.3629,0.5768,0.4232,0.6386,120.045,187.994,0.0
2026-09-28 21:45:00,1.987e-05,92946.169,7750316302.065,1.3624,0.5767,0.4233,0.9922,659.695,664.905,0.0
2026-09-28 22:00:00,1.987e-05,92718.998,7711995377.648,1.3618,0.5766,0.4234,0.9076,416.936,459.403,0.0
2026-09-28 22:15:00,1.987e-05,92826.436,7720518708.389593,1.3691,0.5779,0.4221,1.4983,220.296,147.027,0.0
2026-09-28 22:30:00,1.987e-05,92836.117,7723937083.564899,1.3747,0.5789,0.4211,2.39,360.317,150.762,0.0
2026-09-28 22:45:00,1.987e-05,92715.563,7737324197.350199,1.3719,0.5784,0.4216,1.0781,216.439,200.753,0.0
2026-09-28 23:00:00,1.987e-05,92716.085,7743118937.515501,1.3725,0.5785,0.4215,0.6094,280.15,459.737,0.0
2026-09-28 23:15:00,1.987e-05,92643.136,7727708652.547488,1.373,0.5786,0.4214,1.0869,194.448,178.898,0.0
2026-09-28 23:30:00,1.987e-05,92653.983,7741747884.565357,1.3613,0.5765,0.4235,0.6328,137.71,217.624,0.0
2026-09-28 23:45:00,1.987e-05,92738.346,7748975072.0604,1.3624,0.5767,0.4233,0.4788,134.905,281.784,0.0
2026-09-29 00:00:00,3.836e-05,92799.765,7745170466.6415,1.3607,0.5764,0.4236,0.819,222.779,272.023,0.0
2026-09-29 00:15:00,3.836e-05,92884.833,7755175553.648842,1.3596,0.5762,0.4238,1.5287,463.078,302.928,0.0
2026-09-29 00:30:00,3.836e-05,92814.386,7751031470.6846,1.3535,0.5751,0.4249,1.2997,374.402,288.069,0.0
2026-09-29 00:45:00,3.836e-05,92754.449,7745256203.9572,1.3635,0.5769,0.4231,0.6944,435.543,627.206,0.0
2026-09-29 01:00:00,3.836e-05,92837.852,7719354278.950519,1.3691,0.5779,0.4221,0.795,950.441,1195.584,0.0
2026-09-29 01:15:00,3.836e-05,92998.258,7715788388.732507,1.3764,0.5792,0.4208,1.1157,992.156,889.289,0.0
2026-09-29 01:30:00,3.836e-05,92943.016,7694695345.491074,1.381,0.58,0.42,1.1157,992.156,889.289,0.0
2026-09-29 01:45:00,3.836e-05,92994.652,7711501970.283731,1.3883,0.5813,0.4187,1.6373,623.288,380.689,0.0
2026-09-29 02:00:00,3.836e-05,93041.492,7725229124.08179,1.3866,0.581,0.419,0.7387,321.848,435.72,0.0
2026-09-29 02:15:00,3.836e-05,93020.762,7718999744.514564,1.3861,0.5809,0.4191,1.0528,397.515,377.566,0.0
2026-09-29 02:30:00,3.836e-05,92999.965,7713314797.138499,1.3918,0.5819,0.4181,1.0487,292.937,279.326,0.0
2026-09-29 02:45:00,3.836e-05,93017.018,7720319476.982,1.3901,0.5816,0.4184,0.8119,271.8,334.784,0.0
2026-09-29 03:00:00,3.836e-05,93043.92,7717301016.347445,1.3929,0.5821,0.4179,0.6103,294.663,482.853,0.0
2026-09-29 03:15:00,3.836e-05,93111.943,7715982351.888213,1.3981,0.583,0.417,1.7393,567.608,326.348,0.0
2026-09-29 03:30:00,3.836e-05,93069.545,7741667538.107358,1.3946,0.5824,0.4176,0.4728,244.446,517.014,0.0
2026-09-29 03:45:00,3.836e-05,93002.948,7728102436.672026,1.3975,0.5829,0.4171,1.1109,300.847,270.822,0.0
2026-09-29 04:00:00,3.836e-05,92977.008,7720748378.981224,1.3952,0.5825,0.4175,0.7036,168.092,238.919,0.0
2026-09-29 04:15:00,3.836e-05,92941.387,7723196906.232499,1.3981,0.583,0.417,1.8547,430.415,232.064,0.0
2026-09-29 04:30:00,3.836e-05,92903.787,7728630356.724256,1.4033,0.5839,0.4161,0.8958,207.452,231.591,0.0
2026-09-29 04:45:00,3.836e-05,92941.292,7726943840.1668,1.4027,0.5838,0.4162,0.8867,124.742,140.683,0.0
2026-09-29 05:00:00,3.836e-05,92957.178,7730858074.1124,1.4015,0.5836,0.4164,1.1446,212.403,185.572,0.0
2026-09-29 05:15:00,3.836e-05,93022.887,7741928162.326294,1.4033,0.5839,0.4161,1.1236,309.311,275.28,0.0
2026-09-29 05:30:00,3.836e-05,92970.133,7742443346.058797,1.4108,0.5852,0.4148,1.2049,630.738,523.498,0.0
2026-09-29 05:45:00,3.836e-05,92995.73,7742422174.276586,1.4155,0.586,0.414,1.7071,532.132,311.712,0.0
2026-09-29 06:00:00,3.836e-05,92939.44,7751019180.784,1.4166,0.5862,0.4138,1.7042,2027.53,1189.719,0.0
2026-09-29 06:15:00,3.836e-05,92827.98,7784343964.4604225,1.3844,0.5806,0.4194,0.822,756.613,920.47,0.0
2026-09-29 06:30:00,3.836e-05,92981.114,7796457110.7886,1.3563,0.5756,0.4244,1.0163,614.513,604.641,0.0
2026-09-29 06:45:00,3.836e-05,93068.468,7805535541.442964,1.3392,0.5725,0.4275,1.4677,762.349,519.42,0.0
2026-09-29 07:00:00,3.836e-05,92955.195,7804973652.6555,1.3321,0.5712,0.4288,0.9976,862.016,864.056,0.0
2026-09-29 07:15:00,3.836e-05,93066.817,7812928274.319607,1.3213,0.5692,0.4308,0.5016,397.552,792.581,0.0
2026-09-29 07:30:00,3.836e-05,92966.018,7804404245.082,1.3154,0.5681,0.4319,1.0766,894.795,831.102,0.0
2026-09-29 07:45:00,3.836e-05,92765.586,7790973399.5616,1.3154,0.5681,0.4319,0.814,481.693,591.761,0.0
2026-09-29 08:00:00,6.798e-05,92770.696,7787812340.0424,1.2952,0.5643,0.4357,0.9445,530.716,561.902,0.0
2026-09-29 08:15:00,6.798e-05,92900.042,7804824642.503835,1.2889,0.5631,0.4369,1.3025,1192.083,915.221,0.0
2026-09-29 08:30:00,6.798e-05,92829.061,7809778751.090114,1.2889,0.5631,0.4369,0.4632,605.195,1306.538,0.0
2026-09-29 08:45:00,6.798e-05,93037.191,7798533675.023382,1.2707,0.5596,0.4404,0.5888,362.666,615.967,0.0
2026-09-29 09:00:00,6.798e-05,93039.683,7800716837.800701,1.2584,0.5572,0.4428,0.9917,470.333,474.272,0.0
2026-09-29 09:15:00,6.798e-05,93064.263,7794235894.060376,1.2391,0.5534,0.4466,1.7319,840.391,485.252,0.0
2026-09-29 09:30:00,6.798e-05,93394.537,7827524346.891387,1.2391,0.5534,0.4466,1.2641,439.56,347.727,0.0
2026-09-29 09:45:00,6.798e-05,93312.128,7835568687.5648,1.2442,0.5544,0.4456,1.4266,1397.625,979.689,0.0
2026-09-29 10:00:00,6.798e-05,93533.893,7876872618.4913,1.2381,0.5532,0.4468,0.9012,613.549,680.834,0.0
2026-09-29 10:15:00,6.798e-05,93572.857,7875840227.976,1.2292,0.5514,0.4486,0.4829,228.096,472.366,0.0
2026-09-29 10:30:00,6.798e-05,93651.845,7877815262.894499,1.2222,0.55,0.45,0.6932,459.968,663.512,0.0
2026-09-29 10:45:00,6.798e-05,93437.942,7846665278.275641,1.2188,0.5493,0.4507,0.7274,250.919,344.951,0.0
2026-09-29 11:00:00,6.798e-05,93332.197,7839027383.606941,1.2202,0.5496,0.4504,0.924,394.06,426.486,0.0
2026-09-29 11:15:00,6.798e-05,93256.126,7830922063.6972,1.2222,0.55,0.45,0.8834,189.01,213.948,0.0
2026-09-29 11:30:00,6.798e-05,93213.875,7831717920.85,1.2237,0.5503,0.4497,1.4534,734.224,505.182,0.0
2026-09-29 11:45:00,6.798e-05,93257.359,7854834205.1725,1.2257,0.5507,0.4493,1.3838,1621.72,1171.925,0.0
2026-09-29 12:00:00,6.798e-05,93171.78,7855561303.472041,1.2401,0.5536,0.4464,0.8105,460.529,568.228,0.0
2026-09-29 12:15:00,6.798e-05,93258.959,7860817128.733989,1.2356,0.5527,0.4473,1.0288,890.028,865.145,0.0
2026-09-29 12:30:00,6.798e-05,93191.554,7843010503.7954,1.2326,0.5521,0.4479,0.926,616.085,665.306,0.0
2026-09-29 12:45:00,6.798e-05,93072.915,7846977463.65,1.2331,0.5522,0.4478,1.4216,516.121,363.045,0.0
2026-09-29 13:00:00,6.798e-05,93117.601,7848985461.600437,1.2297,0.5515,0.4485,1.0073,471.59,468.18,0.0
2026-09-29 13:15:00,6.798e-05,93079.459,7852177845.593101,1.2287,0.5513,0.4487,1.0008,922.702,921.948,0.0
2026-09-29 13:30:00,6.798e-05,93015.177,7842890328.785048,1.2341,0.5524,0.4476,0.6879,1265.837,1840.249,0.0
2026-09-29 13:45:00,6.798e-05,93049.06,7829855081.256,1.2252,0.5506,0.4494,0.7645,718.293,939.52,0.0
2026-09-29 14:00:00,6.798e-05,93142.83,7840204572.42,1.2207,0.5497,0.4503,0.9832,1308.062,1330.394,0.0
2026-09-29 14:15:00,6.798e-05,93089.451,7809259380.777702,1.2262,0.5508,0.4492,1.0884,834.656,766.882,0.0
2026-09-29 14:30:00,6.798e-05,93033.386,7805202105.76016,1.2326,0.5521,0.4479,0.9217,856.192,928.919,0.0
2026-09-29 14:45:00,6.798e-05,93084.302,7805584144.21,1.2386,0.5533,0.4467,0.9465,818.092,864.298,0.0
2026-09-29 15:00:00,6.798e-05,93051.883,7789205015.217659,1.2406,0.5537,0.4463,1.0164,2601.01,2559.115,0.0
2026-09-29 15:15:00,6.798e-05,93407.544,7789451250.0024,1.2594,0.5574,0.4426,0.8415,3143.31,3735.253,0.0
2026-09-29 15:30:00,6.798e-05,93715.134,7775056616.56299,1.3277,0.5704,0.4296,1.5598,2105.962,1350.132,0.0
2026-09-29 15:45:00,6.798e-05,93336.886,7760112705.2374,1.359,0.5761,0.4239,0.8919,1982.45,2222.736,0.0
2026-09-29 16:00:00,1.399e-05,93116.388,7731556123.6668,1.3838,0.5805,0.4195,0.6894,1053.72,1528.384,0.0
2026-09-29 16:15:00,1.399e-05,93442.962,7755765846.0,1.3912,0.5818,0.4182,1.4397,913.629,634.615,0.0
2026-09-29 16:30:00,1.399e-05,93428.977,7775975405.568958,1.4004,0.5834,0.4166,0.7841,522.934,666.907,0.0
2026-09-29 16:45:00,1.399e-05,93434.7,7755377252.814121,1.4067,0.5845,0.4155,0.9425,1038.707,1102.088,0.0
2026-09-29 17:00:00,1.399e-05,93392.624,7753969579.748982,1.4172,0.5863,0.4137,1.2862,579.464,450.511,0.0
2026-09-29 17:15:00,1.399e-05,93440.009,7765350635.9468,1.4284,0.5882,0.4118,2.0629,694.86,336.837,0.0
2026-09-29 17:30:00,1.399e-05,93338.196,7760585638.7808,1.4295,0.5884,0.4116,0.7348,338.73,460.986,0.0
2026-09-29 17:45:00,1.399e-05,93302.171,7754403003.217793,1.4325,0.5889,0.4111,1.1499,533.493,463.937,0.0
2026-09-29 18:00:00,1.399e-05,93306.342,7748401236.1692,1.4319,0.5888,0.4112,1.9743,1353.313,685.473,0.0
2026-09-29 18:15:00,1.399e-05,93329.815,7783155925.091501,1.4319,0.5888,0.4112,1.3688,719.455,525.621,0.0
2026-09-29 18:30:00,1.399e-05,93297.539,7780473626.8738,1.429,0.5883,0.4117,1.1238,1000.75,890.51,0.0
2026-09-29 18:45:00,1.399e-05,93160.84,7788495718.180686,1.4195,0.5867,0.4133,0.6567,235.747,359.011,0.0
2026-09-29 19:00:00,1.399e-05,93141.785,7787957210.99,1.4096,0.585,0.415,1.1487,320.152,278.719,0.0
2026-09-29 19:15:00,1.399e-05,93175.115,7786163678.234222,1.3992,0.5832,0.4168,0.4332,222.474,513.504,0.0
2026-09-29 19:30:00,1.399e-05,93008.132,7767936875.6948,1.3923,0.582,0.418,0.446,254.086,569.676,0.0
2026-09-29 19:45:00,1.399e-05,92927.703,7750488257.085069,1.3935,0.5822,0.4178,0.7868,787.567,1001.0,0.0
2026-09-29 20:00:00,1.399e-05,92548.14,7732024239.992006,1.3901,0.5816,0.4184,0.8939,191.928,214.705,0.0
2026-09-29 20:15:00,1.399e-05,92552.74,7729440273.086,1.3912,0.5818,0.4182,1.6898,137.589,81.425,0.0
2026-09-29 20:30:00,1.399e-05,92595.41,7740435862.347534,1.3923,0.582,0.418,1.2577,101.451,80.664,0.0
2026-09-29 20:45:00,1.399e-05,92601.19,7742042871.497,1.3929,0.5821,0.4179,1.3138,169.68,129.153,0.0
2026-09-29 21:00:00,1.399e-05,92581.406,7737981687.9018,1.3929,0.5821,0.4179,0.7443,226.727,304.613,0.0
2026-09-29 21:15:00,1.399e-05,92517.708,7727402784.138,1.3901,0.5816,0.4184,0.4745,329.512,694.399,0.0
2026-09-29 21:30:00,1.399e-05,92509.265,7713385511.994,1.3861,0.5809,0.4191,1.4396,266.512,185.123,0.0
2026-09-29 21:45:00,1.399e-05,92532.365,7723737062.277997,1.3929,0.5821,0.4179,0.4431,138.802,313.228,0.0
2026-09-29 22:00:00,1.399e-05,92695.527,7737336224.599653,1.3935,0.5822,0.4178,3.1732,532.521,167.816,0.0
2026-09-29 22:15:00,1.399e-05,92618.878,7745225887.0866,1.3958,0.5826,0.4174,1.2544,379.918,302.88,0.0
2026-09-29 22:30:00,1.399e-05,92682.638,7744446468.682905,1.3866,0.581,0.419,1.215,211.433,174.021,0.0
2026-09-29 22:45:00,1.399e-05,92722.976,7748652442.947745,1.3861,0.5809,0.4191,0.5632,129.548,230.015,0.0
2026-09-29 23:00:00,1.399e-05,92755.575,7752047180.625,1.3872,0.5811,0.4189,2.3826,969.043,406.709,0.0
2026-09-29 23:15:00,1.399e-05,92542.988,7756425759.1284,1.3838,0.5805,0.4195,1.4253,290.903,204.103,0.0
2026-09-29 23:30:00,1.399e-05,92543.358,7747526336.3724,1.3798,0.5798,0.4202,0.6107,192.155,314.639,0.0
2026-09-29 23:45:00,1.399e-05,92459.51,7731843310.191,1.3844,0.5806,0.4194,1.1158,178.036,159.563,0.0
2026-09-30 00:00:00,7.697e-05,92473.81,7733076124.345,1.3832,0.5804,0.4196,0.8939,307.41,343.901,0.0
2026-09-30 00:15:00,7.697e-05,92445.476,7717995454.812,1.3827,0.5803,0.4197,0.8851,338.776,382.74,0.0
2026-09-30 00:30:00,7.697e-05,92516.108,7728268320.5044,1.3753,0.579,0.421,0.7766,204.472,263.306,0.0
2026-09-30 00:45:00,7.697e-05,92610.744,7728115660.673919,1.3764,0.5792,0.4208,0.8706,294.467,338.225,0.0
2026-09-30 01:00:00,7.697e-05,92688.149,7731798746.693576,1.3714,0.5783,0.4217,1.3875,303.891,219.027,0.0
2026-09-30 01:15:00,7.697e-05,92759.446,7735794586.4498,1.3725,0.5785,0.4215,1.2987,251.37,193.561,0.0
2026-09-30 01:30:00,7.697e-05,92812.785,7739945860.783501,1.3753,0.579,0.421,0.9367,266.896,284.943,0.0
2026-09-30 01:45:00,7.697e-05,92824.309,7740619127.51,1.3702,0.5781,0.4219,1.2044,130.362,108.238,0.0
2026-09-30 02:00:00,7.697e-05,92815.344,7742041277.812379,1.3725,0.5785,0.4215,1.3773,293.806,213.319,0.0
2026-09-30 02:15:00,7.697e-05,92824.576,7745590055.183509,1.3776,0.5794,0.4206,1.2472,239.911,192.36,0.0
2026-09-30 02:30:00,7.697e-05,92781.42,7736847772.818,1.3747,0.5789,0.4211,0.5223,461.391,883.361,0.0
2026-09-30 02:45:00,7.697e-05,93031.247,7754262801.417769,1.3821,0.5802,0.4198,1.4137,257.1,181.859,0.0
2026-09-30 03:00:00,7.697e-05,92996.287,7751128925.9056,1.381,0.58,0.42,0.8824,185.978,210.757,0.0
2026-09-30 03:15:00,7.697e-05,92980.304,7743992573.013939,1.3815,0.5801,0.4199,0.5508,413.958,751.589,0.0
2026-09-30 03:30:00,7.697e-05,92925.762,7738703911.032283,1.3815,0.5801,0.4199,1.7775,324.387,182.5,0.0
2026-09-30 03:45:00,7.697e-05,92863.752,7737760698.8976,1.3849,0.5807,0.4193,0.6206,104.04,167.652,0.0
2026-09-30 04:00:00,7.697e-05,92897.624,7735675698.736094,1.3849,0.5807,0.4193,1.2738,225.617,177.127,0.0
2026-09-30 04:15:00,7.697e-05,92960.848,7745981251.7696,1.3878,0.5812,0.4188,0.8766,161.638,184.382,0.0
2026-09-30 04:30:00,7.697e-05,92996.964,7748263413.531409,1.3906,0.5817,0.4183,0.6603,166.636,252.359,0.0
2026-09-30 04:45:00,7.697e-05,92963.495,7741925492.804,1.3923,0.582,0.418,0.464,134.095,288.973,0.0
2026-09-30 05:00:00,7.697e-05,93050.769,7739123473.518694,1.3935,0.5822,0.4178,1.298,168.967,130.171,0.0
2026-09-30 05:15:00,7.697e-05,93064.238,7741837137.1678,1.3952,0.5825,0.4175,1.3956,266.708,191.104,0.0
2026-09-30 05:30:00,7.697e-05,93059.229,7756412289.7668,1.3958,0.5826,0.4174,1.5785,660.464,418.42,0.0
2026-09-30 05:45:00,7.697e-05,92946.252,7756145315.628523,1.3929,0.5821,0.4179,0.8975,261.014,290.831,0.0
2026-09-30 06:00:00,7.697e-05,92920.092,7744638783.9516,1.3935,0.5822,0.4178,0.5354,315.745,589.686,0.0
2026-09-30 06:15:00,7.697e-05,92850.823,7713563550.5604,1.4021,0.5837,0.4163,0.9457,603.13,637.776,0.0
2026-09-30 06:30:00,7.697e-05,92918.525,7723880266.182499,1.4062,0.5844,0.4156,1.1354,509.839,449.054,0.0
2026-09-30 06:45:00,7.697e-05,92958.839,7722109347.4978,1.4091,0.5849,0.4151,0.6846,551.775,806.01,0.0
2026-09-30 07:00:00,7.697e-05,93218.752,7737529291.008,1.4166,0.5862,0.4138,0.692,324.33,468.669,0.0
2026-09-30 07:15:00,7.697e-05,93320.146,7743957679.4742,1.4213,0.587,0.413,1.5685,823.66,525.13,0.0
2026-09-30 07:30:00,7.697e-05,93333.911,7771457432.806099,1.4166,0.5862,0.4138,0.7958,515.055,647.201,0.0
2026-09-30 07:45:00,7.697e-05,93356.08,7784571415.664,1.419,0.5866,0.4134,0.473,534.515,1129.968,0.0
2026-09-30 08:00:00,-2.44e-06,93361.323,7773228123.4581585,1.416,0.5861,0.4139,0.4289,392.123,914.159,0.0
2026-09-30 08:15:00,-2.44e-06,93422.091,7761882524.827549,1.4149,0.5859,0.4141,0.8107,452.952,558.697,0.0
2026-09-30 08:30:00,-2.44e-06,93634.034,7781036697.29649,1.4178,0.5864,0.4136,0.9278,456.929,492.488,0.0
2026-09-30 08:45:00,-2.44e-06,93724.721,7783183451.944881,1.4272,0.588,0.412,0.6761,476.619,704.989,0.0
2026-09-30 09:00:00,-2.44e-06,93935.451,7798885375.370128,1.4378,0.5898,0.4102,1.5933,523.614,328.627,0.0
2026-09-30 09:15:00,-2.44e-06,93879.821,7815615125.642096,1.4414,0.5904,0.4096,1.2957,774.81,597.987,0.0
2026-09-30 09:30:00,-2.44e-06,93938.251,7833595295.315901,1.4343,0.5892,0.4108,1.3929,2326.38,1670.151,0.0
2026-09-30 09:45:00,-2.44e-06,93618.278,7819729720.351293,1.4166,0.5862,0.4138,0.8409,432.436,514.254,0.0
2026-09-30 10:00:00,-2.44e-06,93554.333,7820739955.168099,1.416,0.5861,0.4139,1.8156,1513.151,833.433,0.0
2026-09-30 10:15:00,-2.44e-06,94303.083,7894550274.722222,1.3998,0.5833,0.4167,1.086,822.244,757.103,0.0
2026-09-30 10:30:00,-2.44e-06,94377.457,7905121862.539901,1.3918,0.5819,0.4181,1.453,749.91,516.109,0.0
2026-09-30 10:45:00,-2.44e-06,94433.094,7919083716.3648,1.3878,0.5812,0.4188,0.8945,458.757,512.852,0.0
2026-09-30 11:00:00,-2.44e-06,94369.844,7915820866.308783,1.3804,0.5799,0.4201,0.6488,732.444,1128.984,0.0
2026-09-30 11:15:00,-2.44e-06,94370.891,7909130003.819,1.3557,0.5755,0.4245,0.6173,507.323,821.895,0.0
2026-09-30 11:30:00,-2.44e-06,94229.962,7899181644.9968605,1.3529,0.575,0.425,1.0129,929.914,918.04,0.0
2026-09-30 11:45:00,-2.44e-06,93871.994,7876489238.9598,1.3563,0.5756,0.4244,0.4622,309.577,669.791,0.0
2026-09-30 12:00:00,-2.44e-06,93886.43,7875796413.558535,1.343,0.5732,0.4268,0.515,275.034,534.062,0.0
2026-09-30 12:15:00,-2.44e-06,93986.061,7880797005.092701,1.3364,0.572,0.428,0.8542,548.433,642.052,0.0
2026-09-30 12:30:00,-2.44e-06,93927.919,7878889879.9337,1.324,0.5697,0.4303,1.4711,10750.789,7308.208,0.0
2026-09-30 12:45:00,-2.44e-06,95345.633,8088110298.413125,1.2282,0.5512,0.4488,1.2663,6395.464,5050.668,0.0
2026-09-30 13:00:00,-2.44e-06,96209.484,8203046907.278158,1.1777,0.5408,0.4592,1.2371,4732.94,3825.951,0.0
2026-09-30 13:15:00,-2.44e-06,95546.378,8154950244.7646,1.158,0.5366,0.4634,0.7367,1973.933,2679.328,0.0
2026-09-30 13:30:00,-2.44e-06,94956.39,8085811982.031,1.1272,0.5299,0.4701,0.7297,6937.798,9507.452,0.0
2026-09-30 13:45:00,-2.44e-06,93651.842,7910658711.5296,1.1796,0.5412,0.4588,1.3611,2677.409,1967.091,0.0
2026-09-30 14:00:00,-2.44e-06,93441.576,7904064063.1608,1.1801,0.5413,0.4587,0.9061,2023.969,2233.643,0.0
2026-09-30 14:15:00,-2.44e-06,93316.751,7869494928.581,1.1882,0.543,0.457,0.8519,3473.152,4077.187,0.0
2026-09-30 14:30:00,-2.44e-06,93251.034,7807713249.6486,1.2277,0.5511,0.4489,0.8425,3439.254,4082.216,0.0
2026-09-30 14:45:00,-2.44e-06,92719.104,7743086652.0078945,1.2862,0.5626,0.4374,1.7337,3397.959,1960.001,0.0
2026-09-30 15:00:00,-2.44e-06,93521.778,7833608577.5472,1.3057,0.5663,0.4337,0.7609,1430.594,1880.038,0.0
2026-09-30 15:15:00,-2.44e-06,94323.171,7915931384.384195,1.3036,0.5659,0.4341,0.9898,1193.853,1206.138,0.0
2026-09-30 15:30:00,-2.44e-06,94221.677,7901806719.928,1.2862,0.5626,0.4374,1.1437,2120.972,1854.461,0.0
2026-09-30 15:45:00,-2.44e-06,94887.074,7977459949.8168,1.2862,0.5626,0.4374,0.8183,564.457,689.799,0.0
2026-09-30 16:00:00,-2.44e-06,94891.695,7980856518.805501,1.2868,0.5627,0.4373,1.305,972.161,744.923,0.0
2026-09-30 16:15:00,-2.44e-06,94927.219,8005117451.051,1.292,0.5637,0.4363,0.599,785.35,1311.148,0.0
2026-09-30 16:30:00,-2.44e-06,94569.169,7968080427.53216,1.2857,0.5625,0.4375,0.821,661.177,805.338,0.0
2026-09-30 16:45:00,-2.44e-06,94466.781,7966097508.648181,1.2763,0.5607,0.4393,0.9871,310.554,314.602,0.0
2026-09-30 17:00:00,-2.44e-06,94519.762,7969745648.2446,1.2738,0.5602,0.4398,0.8152,333.245,408.777,0.0
2026-09-30 17:15:00,-2.44e-06,94490.299,7963562906.036829,1.2686,0.5592,0.4408,0.6942,729.419,1050.671,0.0
2026-09-30 17:30:00,-2.44e-06,94673.791,7970351014.688198,1.2553,0.5566,0.4434,0.6036,620.153,1027.372,0.0
2026-09-30 17:45:00,-2.44e-06,94866.879,7966192813.08817,1.2573,0.557,0.443,1.4615,350.154,239.587,0.0
2026-09-30 18:00:00,-2.44e-06,94869.019,7970714725.243901,1.2609,0.5577,0.4423,1.0066,407.352,404.672,0.0
2026-09-30 18:15:00,-2.44e-06,94926.822,7972661559.548653,1.2477,0.5551,0.4449,0.5787,317.334,548.36,0.0
2026-09-30 18:30:00,-2.44e-06,94964.737,7966421958.325648,1.2477,0.5551,0.4449,1.1699,434.926,371.765,0.0
2026-09-30 18:45:00,-2.44e-06,94923.986,7957126527.6318,1.2573,0.557,0.443,1.8718,410.421,219.265,0.0
2026-09-30 19:00:00,-2.44e-06,94843.526,7958699640.764,1.264,0.5583,0.4417,0.7446,351.389,471.92,0.0
2026-09-30 19:15:00,-2.44e-06,94913.634,7947618417.528311,1.2645,0.5584,0.4416,1.2865,516.371,401.363,0.0
2026-09-30 19:30:00,-2.44e-06,94881.719,7944067663.054928,1.2681,0.5591,0.4409,1.3596,446.642,328.505,0.0
2026-09-30 19:45:00,-2.44e-06,94826.455,7946001762.016,1.2732,0.5601,0.4399,0.9956,1818.019,1826.033,0.0
2026-09-30 20:00:00,-2.44e-06,95618.302,7991161554.930586,1.3041,0.566,0.434,1.4189,663.091,467.328,0.0
2026-09-30 20:15:00,-2.44e-06,95601.199,7994592905.6556,1.3068,0.5665,0.4335,1.5933,421.342,264.451,0.0
2026-09-30 20:30:00,-2.44e-06,95567.254,7999877491.9876,1.3137,0.5678,0.4322,0.6627,173.281,261.488,0.0
2026-09-30 20:45:00,-2.44e-06,95524.077,7990942480.134899,1.3143,0.5679,0.4321,1.0717,204.684,190.982,0.0
2026-09-30 21:00:00,-2.44e-06,95484.62,7986162176.097399,1.3175,0.5685,0.4315,1.2796,254.69,199.036,0.0
2026-09-30 21:15:00,-2.44e-06,95445.344,7991171437.786211,1.3218,0.5693,0.4307,1.2235,174.043,142.247,0.0
2026-09-30 21:30:00,-2.44e-06,95378.114,7983877497.5462675,1.3245,0.5698,0.4302,1.4889,180.183,121.015,0.0
2026-09-30 21:45:00,-2.44e-06,95383.374,7980870001.832131,1.3277,0.5704,0.4296,1.3831,123.081,88.991,0.0
2026-09-30 22:00:00,-2.44e-06,95389.732,7986018824.0668,1.3267,0.5702,0.4298,0.5522,199.779,361.758,0.0
2026-09-30 22:15:00,-2.44e-06,95411.891,7985370287.183988,1.3261,0.5701,0.4299,1.367,198.962,145.549,0.0
2026-09-30 22:30:00,-2.44e-06,95381.285,7991951694.549554,1.3256,0.57,0.43,1.1903,208.42,175.106,0.0
2026-09-30 22:45:00,-2.44e-06,95379.82,7990540779.691439,1.3299,0.5708,0.4292,0.6342,139.627,220.148,0.0
2026-09-30 23:00:00,-2.44e-06,95424.913,7982303595.153573,1.3321,0.5712,0.4288,1.236,336.061,271.894,0.0
2026-09-30 23:15:00,-2.44e-06,95476.43,7987499206.853976,1.3321,0.5712,0.4288,1.1595,370.625,319.654,0.0
2026-09-30 23:30:00,-2.44e-06,95451.755,7982780511.020346,1.3386,0.5724,0.4276,0.8711,390.976,448.813,0.0
2026-09-30 23:45:00,-2.44e-06,95474.925,7980290701.11,1.3469,0.5739,0.4261,1.0288,621.369,603.992,0.0
2026-10-01 00:00:00,-2.44e-06,95419.199,7975450876.830795,1.3474,0.574,0.426,0.6868,361.022,525.662,0.0
2026-10-01 00:15:00,-2.44e-06,95483.908,7970252601.551898,1.3458,0.5737,0.4263,1.1831,576.093,486.954,0.0
2026-10-01 00:30:00,-2.44e-06,95645.14,7981120020.456794,1.3474,0.574,0.426,0.8046,326.968,406.358,0.0
2026-10-01 00:45:00,-2.44e-06,95594.053,7985592382.992178,1.3546,0.5753,0.4247,0.775,192.478,248.355,0.0
2026-10-01 01:00:00,-2.44e-06,95588.283,7978622205.249526,1.348,0.5741,0.4259,1.268,429.606,338.801,0.0
2026-10-01 01:15:00,-2.44e-06,95707.722,7997317846.619707,1.3524,0.5749,0.4251,1.1535,329.726,285.856,0.0
2026-10-01 01:30:00,-2.44e-06,95668.518,7996845317.9538,1.3635,0.5769,0.4231,0.6975,300.483,430.822,0.0
2026-10-01 01:45:00,-2.44e-06,95550.167,7984181509.536701,1.3657,0.5773,0.4227,1.0655,144.882,135.973,0.0
2026-10-01 02:00:00,-2.44e-06,95582.599,7978584166.50691,1.3674,0.5776,0.4224,1.1265,223.674,198.557,0.0
2026-10-01 02:15:00,-2.44e-06,95583.28,7986135977.248,1.3725,0.5785,0.4215,0.9042,471.422,521.385,0.0
2026-10-01 02:30:00,-2.44e-06,95608.497,7984399436.3658,1.3742,0.5788,0.4212,0.7296,284.427,389.863,0.0
2026-10-01 02:45:00,-2.44e-06,95635.544,7976029196.032536,1.3787,0.5796,0.4204,0.7784,277.333,356.299,0.0
2026-10-01 03:00:00,-2.44e-06,95640.573,7981808352.459901,1.3804,0.5799,0.4201,0.6645,197.067,296.551,0.0
2026-10-01 03:15:00,-2.44e-06,95699.358,7986034865.6136,1.3849,0.5807,0.4193,1.835,285.052,155.345,0.0
2026-10-01 03:30:00,-2.44e-06,95673.536,7988239663.63504,1.381,0.58,0.42,1.4658,496.134,338.468,0.0
2026-10-01 03:45:00,-2.44e-06,95701.185,8008120431.401626,1.3838,0.5805,0.4195,0.9165,491.866,536.655,0.0
2026-10-01 04:00:00,-2.44e-06,95730.667,8014475710.573,1.3952,0.5825,0.4175,1.7784,782.456,439.971,0.0
2026-10-01 04:15:00,-2.44e-06,95682.423,8027592629.580899,1.4056,0.5843,0.4157,1.0488,720.401,686.864,0.0
2026-10-01 04:30:00,-2.44e-06,95798.869,8031326922.2757,1.3992,0.5832,0.4168,1.5584,382.937,245.725,0.0
2026-10-01 04:45:00,-2.44e-06,95867.481,8043345911.426181,1.4033,0.5839,0.4161,1.5334,1484.597,968.155,0.0
2026-10-01 05:00:00,-2.44e-06,95740.333,8048889795.31,1.4079,0.5847,0.4153,1.3405,597.081,445.404,0.0
2026-10-01 05:15:00,-2.44e-06,95752.037,8063177559.426315,1.405,0.5842,0.4158,1.2577,620.515,493.379,0.0
2026-10-01 05:30:00,-2.44e-06,95854.402,8076078444.3472,1.3946,0.5824,0.4176,0.4088,437.627,1070.424,0.0
2026-10-01 05:45:00,-2.44e-06,96063.135,8086959744.213,1.3844,0.5806,0.4194,1.1084,481.178,434.105,0.0
2026-10-01 06:00:00,-2.44e-06,95870.729,8078067625.54,1.377,0.5793,0.4207,0.61,365.351,598.95,0.0
2026-10-01 06:15:00,-2.44e-06,95767.009,8076778851.6402,1.3708,0.5782,0.4218,0.7451,218.158,292.793,0.0
2026-10-01 06:30:00,-2.44e-06,95704.881,8069324524.813148,1.3669,0.5775,0.4225,0.4848,372.795,768.957,0.0
2026-10-01 06:45:00,-2.44e-06,95754.162,8055721045.7304,1.3535,0.5751,0.4249,0.6897,275.316,399.183,0.0
2026-10-01 07:00:00,-2.44e-06,95774.575,8053043784.395204,1.3596,0.5762,0.4238,0.8849,385.534,435.683,0.0
2026-10-01 07:15:00,-2.44e-06,95828.366,8051415855.923553,1.3529,0.575,0.425,0.9123,2778.364,3045.437,0.0
2026-10-01 07:30:00,-2.44e-06,95725.989,7976835849.801395,1.3964,0.5827,0.4173,1.5936,1981.736,1243.527,0.0
2026-10-01 07:45:00,-2.44e-06,95983.659,8016249979.2952385,1.4195,0.5867,0.4133,1.2465,920.354,738.376,0.0
2026-10-01 08:00:00,-2.44e-06,96159.977,8017972738.2232,1.4248,0.5876,0.4124,0.8382,864.229,1031.077,0.0
2026-10-01 08:15:00,-2.44e-06,95898.358,7991968340.388686,1.4361,0.5895,0.4105,0.7697,720.025,935.415,0.0
2026-10-01 08:30:00,-2.44e-06,95922.9,7998571370.152285,1.4438,0.5908,0.4092,0.8073,1807.377,2238.914,0.0
2026-10-01 08:45:00,-2.44e-06,96085.884,8018705248.378402,1.4558,0.5928,0.4072,1.6039,475.202,296.282,0.0
2026-10-01 09:00:00,-2.44e-06,96148.266,8030793532.4766,1.4673,0.5947,0.4053,1.1765,736.775,626.254,0.0
2026-10-01 09:15:00,-2.44e-06,96074.66,8036280225.292,1.474,0.5958,0.4042,1.3051,601.094,460.58,0.0
2026-10-01 09:30:00,-2.44e-06,95905.691,8030058830.031699,1.4649,0.5943,0.4057,1.1422,607.37,531.777,0.0
2026-10-01 09:45:00,-2.44e-06,95814.271,8033547953.998146,1.4564,0.5929,0.4071,0.6382,447.873,701.752,0.0
2026-10-01 10:00:00,-2.44e-06,95654.084,8010455610.496,1.4402,0.5902,0.4098,0.6462,902.73,1397.051,0.0
2026-10-01 10:15:00,-2.44e-06,95694.221,8006432390.1361265,1.4355,0.5894,0.4106,0.7873,479.551,609.097,0.0
2026-10-01 10:30:00,-2.44e-06,95648.773,8000659357.065754,1.4284,0.5882,0.4118,1.5418,614.351,398.458,0.0
2026-10-01 10:45:00,-2.44e-06,95625.497,8018617704.137215,1.4325,0.5889,0.4111,1.3331,1103.567,827.825,0.0
2026-10-01 11:00:00,-2.44e-06,95453.11,8011614080.333506,1.4295,0.5884,0.4116,0.7198,379.156,526.772,0.0
2026-10-01 11:15:00,-2.44e-06,95399.274,7997445158.4762,1.4225,0.5872,0.4128,0.9815,320.862,326.902,0.0
2026-10-01 11:30:00,-2.44e-06,95493.62,8007107771.753185,1.4125,0.5855,0.4145,1.0951,430.924,393.492,0.0
2026-10-01 11:45:00,-2.44e-06,95351.511,8002261138.8618,1.4219,0.5871,0.4129,0.9049,446.16,493.069,0.0
2026-10-01 12:00:00,-2.44e-06,95344.476,7997323026.8232,1.4201,0.5868,0.4132,0.9584,292.52,305.232,0.0
2026-10-01 12:15:00,-2.44e-06,95384.683,8008755523.3241,1.4213,0.587,0.413,0.5602,323.348,577.164,0.0
2026-10-01 12:30:00,-2.44e-06,95410.488,8002566993.1014,1.4178,0.5864,0.4136,1.1655,540.524,463.753,0.0
2026-10-01 12:45:00,-2.44e-06,95448.343,8004427891.767418,1.412,0.5854,0.4146,0.6911,701.601,1015.251,0.0
2026-10-01 13:00:00,-2.44e-06,95676.733,8009011178.27973,1.3964,0.5827,0.4173,0.7301,786.721,1077.485,0.0
2026-10-01 13:15:00,-2.44e-06,95889.058,8005787041.3258,1.4062,0.5844,0.4156,0.9296,784.097,843.486,0.0
2026-10-01 13:30:00,-2.44e-06,95995.811,8010257481.303003,1.4319,0.5888,0.4112,1.1014,1962.094,1781.495,0.0
2026-10-01 13:45:00,-2.44e-06,95829.477,8041041832.122301,1.4355,0.5894,0.4106,0.7429,1929.321,2596.985,0.0
2026-10-01 14:00:00,-2.44e-06,96454.036,8094596318.3848,1.3381,0.5723,0.4277,1.0183,1736.163,1705.014,0.0
2026-10-01 14:15:00,-2.44e-06,96498.46,8082759258.83,1.3229,0.5695,0.4305,1.1279,1675.127,1485.173,0.0
2026-10-01 14:30:00,-2.44e-06,96579.167,8120905680.2808275,1.3132,0.5677,0.4323,1.0045,1483.932,1477.289,0.0
2026-10-01 14:45:00,-2.44e-06,96712.134,8122668381.6054,1.2946,0.5642,0.4358,1.1405,1247.881,1094.108,0.0
2026-10-01 15:00:00,-2.44e-06,96705.399,8124404310.248099,1.2899,0.5633,0.4367,1.1053,1777.669,1608.252,0.0
2026-10-01 15:15:00,-2.44e-06,96937.126,8147303662.29403,1.2815,0.5617,0.4383,0.8336,701.366,841.361,0.0
2026-10-01 15:30:00,-2.44e-06,97049.815,8158961906.403276,1.2691,0.5593,0.4407,0.8175,1006.787,1231.519,0.0
2026-10-01 15:45:00,-2.44e-06,97110.174,8143105663.6482,1.2769,0.5608,0.4392,1.4354,1484.156,1033.958,0.0
2026-10-01 16:00:00,-2.44e-06,97239.703,8180428404.588314,1.2614,0.5578,0.4422,0.8301,620.363,747.322,0.0
2026-10-01 16:15:00,-2.44e-06,97372.054,8204540176.257618,1.2477,0.5551,0.4449,1.0675,1422.289,1332.342,0.0
2026-10-01 16:30:00,-2.44e-06,97714.665,8234866216.693602,1.2237,0.5503,0.4497,1.1371,1883.076,1656.047,0.0
2026-10-01 16:45:00,-2.44e-06,98043.218,8264909780.901395,1.1949,0.5444,0.4556,1.01,824.923,816.73,0.0
2026-10-01 17:00:00,-2.44e-06,98166.93,8262268746.915,1.1829,0.5419,0.4581,0.8149,1003.632,1231.597,0.0
2026-10-01 17:15:00,-2.44e-06,98141.656,8282514413.523167,1.1678,0.5387,0.4613,1.4986,2913.364,1944.095,0.0
2026-10-01 17:30:00,-2.44e-06,98146.939,8330244657.953923,1.1538,0.5357,0.4643,1.0337,2294.145,2219.425,0.0
2026-10-01 17:45:00,-2.44e-06,98724.087,8393798304.1836,1.1124,0.5266,0.4734,1.0047,1760.804,1752.496,0.0
2026-10-01 18:00:00,-2.44e-06,98636.111,8371764254.939629,1.0751,0.5181,0.4819,0.8342,970.486,1163.383,0.0
2026-10-01 18:15:00,-2.44e-06,98753.738,8378573268.5078,1.0619,0.515,0.485,0.5974,365.286,611.506,0.0
2026-10-01 18:30:00,-2.44e-06,98717.564,8367776052.572481,1.0555,0.5135,0.4865,1.4391,2578.302,1791.555,0.0
2026-10-01 18:45:00,-2.44e-06,98283.993,8347741235.281515,1.0509,0.5124,0.4876,0.4132,678.702,1642.354,0.0
2026-10-01 19:00:00,-2.44e-06,97706.346,8282068648.0554,1.0509,0.5124,0.4876,0.9812,465.243,474.144,0.0
2026-10-01 19:15:00,-2.44e-06,97789.431,8289127559.353797,1.0475,0.5116,0.4884,0.7883,816.168,1035.298,0.0
2026-10-01 19:30:00,-2.44e-06,97413.314,8238458274.2708,1.04,0.5098,0.4902,0.8357,277.674,332.257,0.0
2026-10-01 19:45:00,-2.44e-06,97362.966,8238419597.677128,1.0387,0.5095,0.4905,0.9739,406.893,417.798,0.0
2026-10-01 20:00:00,-2.44e-06,97257.596,8229065637.170699,1.0454,0.5111,0.4889,1.0656,705.624,662.202,0.0
2026-10-01 20:15:00,-2.44e-06,97365.636,8250918205.579493,1.0462,0.5113,0.4887,0.6894,280.454,406.805,0.0
2026-10-01 20:30:00,-2.44e-06,97287.884,8242151702.1728,1.0471,0.5115,0.4885,0.4518,108.202,239.493,0.0
2026-10-01 20:45:00,-2.44e-06,97258.761,8224687123.965,1.0454,0.5111,0.4889,1.0336,176.651,170.913,0.0
2026-10-01 21:00:00,-2.44e-06,97206.13,8222369688.197358,1.0454,0.5111,0.4889,0.9752,107.658,110.401,0.0
2026-10-01 21:15:00,-2.44e-06,97184.814,8219583076.759554,1.0442,0.5108,0.4892,0.9445,190.06,201.227,0.0
2026-10-01 21:30:00,-2.44e-06,97057.49,8205629129.435334,1.0416,0.5102,0.4898,0.7269,232.452,319.771,0.0
2026-10-01 21:45:00,-2.44e-06,97044.084,8196379968.781711,1.0379,0.5093,0.4907,1.2091,210.438,174.051,0.0
2026-10-01 22:00:00,-2.44e-06,97021.651,8200166649.61457,1.0379,0.5093,0.4907,1.3541,387.501,286.169,0.0
2026-10-01 22:15:00,-2.44e-06,96984.592,8215222117.159232,1.0408,0.51,0.49,0.9185,143.138,155.833,0.0
2026-10-01 22:30:00,-2.44e-06,96959.443,8208300701.122,1.0404,0.5099,0.4901,0.8971,319.063,355.664,0.0
2026-10-01 22:45:00,-2.44e-06,96960.873,8207048390.306739,1.04,0.5098,0.4902,0.7393,155.897,210.867,0.0
2026-10-01 23:00:00,-2.44e-06,96981.033,8215515645.158989,1.0383,0.5094,0.4906,0.8016,99.713,124.385,0.0
2026-10-01 23:15:00,-2.44e-06,96958.335,8204817920.203501,1.0362,0.5089,0.4911,1.2676,261.535,206.321,0.0
2026-10-01 23:30:00,-2.44e-06,96999.268,8215837999.6,1.0358,0.5088,0.4912,2.6994,440.563,163.206,0.0
2026-10-01 23:45:00,-2.44e-06,96921.001,8218569738.748938,1.0367,0.509,0.491,0.8752,271.323,310.016,0.0
2026-10-02 00:00:00,-2.44e-06,96930.762,8222597768.1552,1.0392,0.5096,0.4904,0.807,442.885,548.806,0.0
2026-10-02 00:15:00,-2.44e-06,96992.859,8229746687.748338,1.0383,0.5094,0.4906,1.1131,437.471,393.022,0.0
2026-10-02 00:30:00,-2.44e-06,96917.465,8214475246.3853245,1.0429,0.5105,0.4895,0.7753,343.811,443.437,0.0
2026-10-02 00:45:00,-2.44e-06,96793.962,8206143709.094446,1.0379,0.5093,0.4907,1.6201,420.984,259.847,0.0
2026-10-02 01:00:00,-2.44e-06,96688.796,8194472149.796,1.0362,0.5089,0.4911,0.5914,145.769,246.48,0.0
2026-10-02 01:15:00,-2.44e-06,96714.379,8184297297.970199,1.0313,0.5077,0.4923,0.6973,350.807,503.058,0.0
2026-10-02 01:30:00,-2.44e-06,96763.252,8184429380.664,1.0263,0.5065,0.4935,0.9628,145.13,150.731,0.0
2026-10-02 01:45:00,-2.44e-06,96774.796,8181079961.8908,1.0263,0.5065,0.4935,1.1706,628.317,536.75,0.0
2026-10-02 02:00:00,-2.44e-06,96810.225,8216729926.730992,1.0239,0.5059,0.4941,1.4628,850.926,581.696,0.0
2026-10-02 02:15:00,-2.44e-06,96925.386,8242919671.19672,1.0243,0.506,0.494,0.7121,326.372,458.308,0.0
2026-10-02 02:30:00,-2.44e-06,96962.503,8231088702.1682,1.0173,0.5043,0.4957,0.9364,294.484,314.502,0.0
2026-10-02 02:45:00,-2.44e-06,97012.101,8241785415.596621,1.0165,0.5041,0.4959,1.9721,927.814,470.471,0.0
2026-10-02 03:00:00,-2.44e-06,97104.974,8269915979.2178,1.0153,0.5038,0.4962,1.4147,3100.628,2191.674,0.0
2026-10-02 03:15:00,-2.44e-06,98063.906,8362739793.421844,1.0028,0.5007,0.4993,0.9782,423.792,433.226,0.0
2026-10-02 03:30:00,-2.44e-06,98222.203,8373442805.75,0.996,0.499,0.501,1.3602,804.103,591.153,0.0
2026-10-02 03:45:00,-2.44e-06,98375.703,8400629705.029001,0.9916,0.4979,0.5021,1.3885,1111.581,800.558,0.0
2026-10-02 04:00:00,-2.44e-06,98623.836,8430293600.930414,0.9689,0.4921,0.5079,0.9224,1029.639,1116.271,0.0
2026-10-02 04:15:00,-2.44e-06,99035.344,8461064807.5712,0.9577,0.4892,0.5108,1.9268,11337.921,5884.287,0.0
2026-10-02 04:30:00,-2.44e-06,98653.324,8559675387.5248,0.9751,0.4937,0.5063,1.0142,3641.483,3590.417,0.0
2026-10-02 04:45:00,-2.44e-06,99899.809,8643638692.653538,0.9369,0.4837,0.5163,1.0063,1596.675,1586.727,0.0
2026-10-02 05:00:00,-2.44e-06,100171.73,8677626540.575,0.9257,0.4807,0.5193,0.602,772.941,1283.912,0.0
2026-10-02 05:15:00,-2.44e-06,100344.264,8684583616.030144,0.9139,0.4775,0.5225,0.5183,803.478,1550.19,0.0
2026-10-02 05:30:00,-2.44e-06,100160.277,8645815078.5846,0.8925,0.4716,0.5284,0.5607,1713.42,3056.129,0.0
2026-10-02 05:45:00,-2.44e-06,99474.803,8566372135.148,0.8943,0.4721,0.5279,0.9205,589.716,640.63,0.0
2026-10-02 06:00:00,-2.44e-06,99495.538,8553409529.694635,0.8957,0.4725,0.5275,0.7489,853.385,1139.563,0.0
2026-10-02 06:15:00,-2.44e-06,99592.387,8552018190.1674,0.8993,0.4735,0.5265,1.1585,922.842,796.6,0.0
2026-10-02 06:30:00,-2.44e-06,99321.387,8542831138.644,0.9073,0.4757,0.5243,0.9326,500.864,537.079,0.0
2026-10-02 06:45:00,-2.44e-06,99161.884,8524520771.3788,0.9128,0.4772,0.5228,1.6725,856.091,511.868,0.0
2026-10-02 07:00:00,-2.44e-06,99410.299,8544494137.5882,0.9146,0.4777,0.5223,0.7525,439.668,584.277,0.0
2026-10-02 07:15:00,-2.44e-06,99253.92,8527906731.792,0.9153,0.4779,0.5221,0.9816,391.16,398.495,0.0
2026-10-02 07:30:00,-2.44e-06,99248.299,8526885671.316067,0.915,0.4778,0.5222,0.619,964.468,1558.041,0.0
2026-10-02 07:45:00,-2.44e-06,99395.614,8522726640.404369,0.915,0.4778,0.5222,1.0652,1561.151,1465.587,0.0
2026-10-02 08:00:00,0.0001,99669.326,8577970773.6618,0.9294,0.4817,0.5183,1.9554,1941.579,992.945,0.0
2026-10-02 08:15:00,0.0001,99677.402,8600634728.3494,0.9406,0.4847,0.5153,1.145,1775.555,1550.746,0.0
2026-10-02 08:30:00,0.0001,99952.234,8632764503.1226,0.9312,0.4822,0.5178,0.649,465.679,717.567,0.0
2026-10-02 08:45:00,0.0001,100048.753,8632405259.361353,0.9212,0.4795,0.5205,0.4752,344.915,725.766,0.0
2026-10-02 09:00:00,0.0001,99945.344,8615808368.5888,0.9131,0.4773,0.5227,0.9785,725.994,741.922,0.0
2026-10-02 09:15:00,0.0001,99623.388,8586633625.187574,0.9099,0.4764,0.5236,1.482,870.915,587.657,0.0
2026-10-02 09:30:00,0.0001,99520.913,8576931228.3486,0.9059,0.4753,0.5247,1.19,681.117,572.373,0.0
2026-10-02 09:45:00,0.0001,99623.185,8598789795.75771,0.9109,0.4767,0.5233,1.161,421.16,362.755,0.0
2026-10-02 10:00:00,0.0001,99707.082,8607394295.065859,0.9106,0.4766,0.5234,1.6189,539.903,333.493,0.0
2026-10-02 10:15:00,0.0001,99701.816,8604266720.8,0.9069,0.4756,0.5244,1.3501,1000.675,741.208,0.0
2026-10-02 10:30:00,0.0001,99474.762,8592132567.75,0.9044,0.4749,0.5251,1.6619,587.109,353.283,0.0
2026-10-02 10:45:00,0.0001,99498.482,8595564559.45579,0.9044,0.4749,0.5251,0.8856,333.846,376.955,0.0
2026-10-02 11:00:00,0.0001,99531.716,8584783400.24597,0.9011,0.474,0.526,1.1371,408.222,358.997,0.0
2026-10-02 11:15:00,0.0001,99456.224,8594721241.892258,0.9004,0.4738,0.5262,0.8677,312.576,360.234,0.0
2026-10-02 11:30:00,0.0001,99421.771,8588808184.4396,0.8993,0.4735,0.5265,1.3364,498.575,373.076,0.0
2026-10-02 11:45:00,0.0001,99384.612,8589444292.0956,0.8983,0.4732,0.5268,1.0008,481.36,480.979,0.0
2026-10-02 12:00:00,0.0001,99213.957,8570070929.854385,0.8972,0.4729,0.5271,1.2168,676.548,556.026,0.0
2026-10-02 12:15:00,0.0001,99097.465,8558879586.359501,0.8947,0.4722,0.5278,1.7425,1401.564,804.331,0.0
2026-10-02 12:30:00,0.0001,99113.179,8582169321.334351,0.8975,0.473,0.527,1.2076,7601.731,6294.689,0.0
2026-10-02 12:45:00,0.0001,99354.657,8589101513.809751,0.8904,0.471,0.529,0.7989,1340.938,1678.568,0.0
2026-10-02 13:00:00,0.0001,99776.806,8657513724.4528,0.8875,0.4702,0.5298,0.7091,832.512,1174.123,0.0
2026-10-02 13:15:00,0.0001,99907.926,8657031778.6926,0.8793,0.4679,0.5321,0.8514,472.02,554.372,0.0
2026-10-02 13:30:00,0.0001,99865.618,8645766012.732,0.8758,0.4669,0.5331,1.0637,2873.528,2701.497,0.0
2026-10-02 13:45:00,0.0001,99952.228,8681320777.2716,0.8713,0.4656,0.5344,0.7333,1532.336,2089.538,0.0
2026-10-02 14:00:00,0.0001,99721.257,8628364322.266706,0.8678,0.4646,0.5354,0.5561,1667.119,2997.734,0.0
2026-10-02 14:15:00,0.0001,99167.588,8558742749.147837,0.857,0.4615,0.5385,0.5377,1922.138,3574.509,0.0
2026-10-02 14:30:00,0.0001,98530.211,8477582244.35511,0.8539,0.4606,0.5394,0.6971,3825.296,5487.811,0.0
2026-10-02 14:45:00,0.0001,97655.729,8389681802.9732,0.8643,0.4636,0.5364,0.8335,2681.935,3217.839,0.0
2026-10-02 15:00:00,0.0001,96767.959,8286908028.087101,0.8744,0.4665,0.5335,1.4904,3405.47,2284.983,0.0
2026-10-02 15:15:00,0.0001,97045.281,8306435554.7454,0.9088,0.4761,0.5239,0.9025,1399.836,1551.029,0.0
2026-10-02 15:30:00,0.0001,96852.995,8275119892.8,0.9216,0.4796,0.5204,1.5239,2386.44,1566.041,0.0
2026-10-02 15:45:00,0.0001,97087.358,8281114744.289,0.9387,0.4842,0.5158,0.9045,1759.932,1945.839,0.0
2026-10-02 16:00:00,1.214e-05,96446.315,8226619909.081,0.9539,0.4882,0.5118,1.0719,1709.998,1595.291,0.0
2026-10-02 16:15:00,1.214e-05,96117.946,8187047898.2366,0.9732,0.4932,0.5068,1.034,857.541,829.346,0.0
2026-10-02 16:30:00,1.214e-05,95953.643,8169694667.6703005,0.9936,0.4984,0.5016,0.9731,968.784,995.588,0.0
2026-10-02 16:45:00,1.214e-05,95634.168,8144033605.3776,1.004,0.501,0.499,1.3047,936.136,717.535,0.0
2026-10-02 17:00:00,1.214e-05,95662.99,8143828603.896,1.019,0.5047,0.4953,0.4118,955.575,2320.215,0.0
2026-10-02 17:15:00,1.214e-05,95541.101,8109775496.468533,1.0288,0.5071,0.4929,0.731,2747.304,3758.223,0.0
2026-10-02 17:30:00,1.214e-05,95030.082,8037387754.3386,1.045,0.511,0.489,1.1319,1808.997,1598.235,0.0
2026-10-02 17:45:00,1.214e-05,95079.575,8041544868.216605,1.0593,0.5144,0.4856,1.7055,1493.026,875.44,0.0
2026-10-02 18:00:00,1.214e-05,95282.555,8076686394.302656,1.073,0.5176,0.4824,1.8444,1318.699,714.98,0.0
2026-10-02 18:15:00,1.214e-05,95327.067,8090648726.545054,1.0842,0.5202,0.4798,0.7452,803.986,1078.949,0.0
2026-10-02 18:30:00,1.214e-05,95362.924,8066873712.9612,1.0894,0.5214,0.4786,0.7161,2973.711,4152.733,0.0
2026-10-02 18:45:00,1.214e-05,95462.127,8018799575.5746,1.0838,0.5201,0.4799,1.2488,1978.565,1584.427,0.0
2026-10-02 19:00:00,1.214e-05,95343.506,8029810383.384045,1.1066,0.5253,0.4747,0.6884,724.943,1053.046,0.0
2026-10-02 19:15:00,1.214e-05,95354.293,8017989687.485901,1.1142,0.527,0.473,1.0314,654.132,634.201,0.0
2026-10-02 19:30:00,1.214e-05,95275.833,8012821413.882899,1.1231,0.529,0.471,0.9265,483.744,522.126,0.0
2026-10-02 19:45:00,1.214e-05,95153.226,8006896569.5124,1.1331,0.5312,0.4688,2.3065,1305.228,565.88,0.0
2026-10-02 20:00:00,1.214e-05,95638.545,8059521505.318238,1.1377,0.5322,0.4678,1.2484,1309.851,1049.211,0.0
2026-10-02 20:15:00,1.214e-05,95694.311,8070303162.7362,1.1455,0.5339,0.4661,1.1269,1493.207,1325.086,0.0
2026-10-02 20:30:00,1.214e-05,96378.241,8125898029.559565,1.1501,0.5349,0.4651,0.3905,897.89,2299.316,0.0
2026-10-02 20:45:00,1.214e-05,97660.657,8224091820.561299,1.1529,0.5355,0.4645,2.4582,2076.075,844.534,0.0
2026-10-02 21:00:00,1.214e-05,98937.295,8352554049.925893,1.1519,0.5353,0.4647,1.4244,329.382,231.238,0.0
2026-10-02 21:15:00,1.214e-05,98823.935,8346699197.280499,1.1566,0.5363,0.4637,0.2932,197.928,675.033,0.0
2026-10-02 21:30:00,1.214e-05,98828.305,8341514138.050499,1.157,0.5364,0.4636,1.4669,556.582,379.435,0.0
2026-10-02 21:45:00,1.214e-05,98603.985,8330390045.9505,1.1603,0.5371,0.4629,1.5952,377.498,236.648,0.0
2026-10-02 22:00:00,1.214e-05,98586.874,8329933460.722203,1.164,0.5379,0.4621,1.4425,702.059,486.703,0.0
2026-10-02 22:15:00,1.214e-05,98772.671,8346280822.2329,1.165,0.5381,0.4619,0.7289,335.825,460.702,0.0
2026-10-02 22:30:00,1.214e-05,98477.477,8319817913.697955,1.1701,0.5392,0.4608,0.7799,225.942,289.691,0.0
2026-10-02 22:45:00,1.214e-05,98316.117,8304919708.7772,1.173,0.5398,0.4602,0.9762,205.983,211.012,0.0
2026-10-02 23:00:00,1.214e-05,98335.902,8310917632.280823,1.1768,0.5406,0.4594,1.2279,224.142,182.538,0.0
2026-10-02 23:15:00,1.214e-05,98232.729,8295429796.044301,1.1772,0.5407,0.4593,1.1569,177.765,153.654,0.0
2026-10-02 23:30:00,1.214e-05,98251.946,8304574245.422246,1.1801,0.5413,0.4587,0.7602,182.18,239.643,0.0
2026-10-02 23:45:00,1.214e-05,98175.27,8298333419.439,1.1844,0.5422,0.4578,0.5888,123.776,210.233,0.0
2026-10-03 00:00:00,1.214e-05,98184.174,8294868181.472237,1.1882,0.543,0.457,0.6354,298.469,469.7,0.0
2026-10-03 00:15:00,1.214e-05,98146.324,8292215841.267858,1.1853,0.5424,0.4576,0.8098,195.504,241.414,0.0
2026-10-03 00:30:00,1.214e-05,98177.659,8297524121.4486,1.1915,0.5437,0.4563,1.1453,572.161,499.562,0.0
2026-10-03 00:45:00,1.214e-05,98065.111,8295677247.098502,1.209,0.5473,0.4527,1.605,313.131,195.092,0.0
2026-10-03 01:00:00,1.214e-05,98078.659,8298445145.855901,1.2163,0.5488,0.4512,1.0575,288.951,273.25,0.0
2026-10-03 01:15:00,1.214e-05,98071.01,8298131404.635,1.2207,0.5497,0.4503,0.7636,312.647,409.417,0.0
2026-10-03 01:30:00,1.214e-05,97922.542,8281953043.095947,1.2227,0.5501,0.4499,1.0121,167.03,165.036,0.0
2026-10-03 01:45:00,1.214e-05,97911.635,8282761751.865523,1.2252,0.5506,0.4494,1.4527,97.688,67.248,0.0
2026-10-03 02:00:00,1.214e-05,97895.498,8281953621.695608,1.2247,0.5505,0.4495,0.6564,95.74,145.855,0.0
2026-10-03 02:15:00,1.214e-05,97889.683,8279453519.377189,1.2237,0.5503,0.4497,1.1012,141.313,128.326,0.0
2026-10-03 02:30:00,1.214e-05,97858.595,8279629791.619501,1.2277,0.5511,0.4489,2.6338,323.213,122.717,0.0
2026-10-03 02:45:00,1.214e-05,97809.709,8278594207.8182,1.2277,0.5511,0.4489,0.61,124.997,204.903,0.0
2026-10-03 03:00:00,1.214e-05,97756.945,8266331360.1160145,1.2104,0.5476,0.4524,0.339,118.328,349.015,0.0
2026-10-03 03:15:00,1.214e-05,97700.728,8255149898.940542,1.2065,0.5468,0.4532,1.4554,135.324,92.978,0.0
2026-10-03 03:30:00,1.214e-05,97648.723,8256451306.2678385,1.2065,0.5468,0.4532,1.664,125.225,75.257,0.0
2026-10-03 03:45:00,1.214e-05,97652.994,8262576067.1304,1.208,0.5471,0.4529,1.8889,164.293,86.976,0.0
2026-10-03 04:00:00,1.214e-05,97618.764,8264043370.8132,1.2104,0.5476,0.4524,1.2747,225.975,177.271,0.0
2026-10-03 04:15:00,1.214e-05,97590.437,8257854245.09108,1.2109,0.5477,0.4523,0.3512,140.704,400.67,0.0
2026-10-03 04:30:00,1.214e-05,97456.044,8233537765.638309,1.2085,0.5472,0.4528,0.6433,180.887,281.186,0.0
2026-10-03 04:45:00,1.214e-05,97448.443,8236050057.031,1.2075,0.547,0.453,1.0714,114.668,107.024,0.0
2026-10-03 05:00:00,1.214e-05,97487.299,8241333256.238408,1.209,0.5473,0.4527,0.7859,69.748,88.753,0.0
2026-10-03 05:15:00,1.214e-05,97486.304,8239649649.0144,1.207,0.5469,0.4531,2.007,95.278,47.472,0.0
2026-10-03 05:30:00,1.214e-05,97496.351,8246728849.335,1.2085,0.5472,0.4528,0.7162,79.677,111.246,0.0
2026-10-03 05:45:00,1.214e-05,97501.954,8247895042.9634,1.2095,0.5474,0.4526,1.3305,158.723,119.297,0.0
2026-10-03 06:00:00,1.214e-05,97496.025,8248153965.397501,1.2095,0.5474,0.4526,1.122,303.119,270.154,0.0
2026-10-03 06:15:00,1.214e-05,97647.346,8259912857.97544,1.209,0.5473,0.4527,0.7716,95.057,123.191,0.0
2026-10-03 06:30:00,1.214e-05,97682.75,8264488136.85,1.209,0.5473,0.4527,1.095,179.809,164.213,0.0
2026-10-03 06:45:00,1.214e-05,97675.251,8263838705.499219,1.2099,0.5475,0.4525,0.5393,313.798,581.897,0.0
2026-10-03 07:00:00,1.214e-05,97973.113,8281275349.438,1.2129,0.5481,0.4519,1.7851,166.503,93.272,0.0
2026-10-03 07:15:00,1.214e-05,97948.357,8282889965.390272,1.2129,0.5481,0.4519,1.6406,109.302,66.624,0.0
2026-10-03 07:30:00,1.214e-05,97926.862,8283731063.516848,1.2119,0.5479,0.4521,0.5253,261.643,498.108,0.0
2026-10-03 07:45:00,1.214e-05,97844.731,8270601931.8681345,1.2124,0.548,0.452,0.4964,258.213,520.212,0.0
2026-10-03 08:00:00,3.61e-06,97724.857,8259852235.277962,1.2119,0.5479,0.4521,1.6191,192.563,118.932,0.0
2026-10-03 08:15:00,3.61e-06,97709.865,8266562676.613861,1.2104,0.5476,0.4524,0.6884,107.121,155.6,0.0
2026-10-03 08:30:00,3.61e-06,97705.946,8262659653.0036,1.2104,0.5476,0.4524,1.6998,66.888,39.35,0.0
2026-10-03 08:45:00,3.61e-06,97705.426,8264706574.488,1.2109,0.5477,0.4523,1.0581,105.041,99.27,0.0
2026-10-03 09:00:00,3.61e-06,97707.278,8264690296.17425,1.2109,0.5477,0.4523,1.9488,130.457,66.943,0.0
2026-10-03 09:15:00,3.61e-06,97740.665,8268196551.722938,1.2139,0.5483,0.4517,0.4481,59.074,131.83,0.0
2026-10-03 09:30:00,3.61e-06,97729.868,8263382847.9644,1.2134,0.5482,0.4518,0.7748,63.507,81.967,0.0
2026-10-03 09:45:00,3.61e-06,97699.901,8259976002.111295,1.2129,0.5481,0.4519,1.0347,96.87,93.619,0.0
2026-10-03 10:00:00,3.61e-06,97745.007,8264493625.144787,1.2129,0.5481,0.4519,0.3956,65.247,164.922,0.0
2026-10-03 10:15:00,3.61e-06,97731.081,8262478780.983,1.2139,0.5483,0.4517,0.6755,93.779,138.839,0.0
2026-10-03 10:30:00,3.61e-06,97712.897,8263462595.338943,1.2134,0.5482,0.4518,1.8524,162.751,87.861,0.0
2026-10-03 10:45:00,3.61e-06,97623.777,8255502202.514021,1.2129,0.5481,0.4519,1.8121,126.991,70.081,0.0
2026-10-03 11:00:00,3.61e-06,97616.444,8257706893.8696,1.2143,0.5484,0.4516,1.8696,184.885,98.889,0.0
2026-10-03 11:15:00,3.61e-06,97574.796,8254193505.426,1.2148,0.5485,0.4515,0.9893,93.267,94.273,0.0
2026-10-03 11:30:00,3.61e-06,97565.119,8254981718.49869,1.2148,0.5485,0.4515,1.1772,167.316,142.131,0.0
2026-10-03 11:45:00,3.61e-06,97523.935,8252972751.768499,1.2173,0.549,0.451,1.5804,238.207,150.73,0.0
2026-10-03 12:00:00,3.61e-06,97532.728,8254606435.789362,1.2212,0.5498,0.4502,1.1766,186.394,158.424,0.0
2026-10-03 12:15:00,3.61e-06,97588.797,8262381365.400948,1.2232,0.5502,0.4498,2.2349,1677.741,750.711,0.0
2026-10-03 12:30:00,3.61e-06,97411.517,8262186451.890782,1.2346,0.5525,0.4475,0.8802,471.288,535.449,0.0
2026-10-03 12:45:00,3.61e-06,97513.106,8267092867.5058,1.2272,0.551,0.449,1.8276,381.851,208.934,0.0
2026-10-03 13:00:00,3.61e-06,97600.866,8281091877.069,1.2287,0.5513,0.4487,0.8535,182.853,214.244,0.0
2026-10-03 13:15:00,3.61e-06,97571.85,8275836292.20684,1.2257,0.5507,0.4493,0.443,110.905,250.377,0.0
2026-10-03 13:30:00,3.61e-06,97532.446,8268361875.873,1.2217,0.5499,0.4501,1.4494,662.192,456.871,0.0
2026-10-03 13:45:00,3.61e-06,97759.439,8289394318.6782,1.2237,0.5503,0.4497,1.6519,138.207,83.664,0.0
2026-10-03 14:00:00,3.61e-06,97744.159,8291118963.9272995,1.2257,0.5507,0.4493,0.8497,157.395,185.24,0.0
2026-10-03 14:15:00,3.61e-06,97672.057,8278194781.237233,1.2207,0.5497,0.4503,1.1029,91.899,83.328,0.0
2026-10-03 14:30:00,3.61e-06,97675.413,8281029925.354576,1.2217,0.5499,0.4501,0.5177,114.058,220.304,0.0
2026-10-03 14:45:00,3.61e-06,97664.11,8274399001.519347,1.2168,0.5489,0.4511,0.9133,233.963,256.161,0.0
2026-10-03 15:00:00,3.61e-06,97588.261,8277288056.501864,1.2212,0.5498,0.4502,0.8997,166.812,185.399,0.0
2026-10-03 15:15:00,3.61e-06,97606.167,8280548724.169171,1.2198,0.5495,0.4505,0.8618,100.902,117.087,0.0
2026-10-03 15:30:00,3.61e-06,97589.701,8275270843.58861,1.2202,0.5496,0.4504,1.1456,704.514,614.964,0.0
2026-10-03 15:45:00,3.61e-06,97618.394,8280092970.071805,1.2202,0.5496,0.4504,1.8398,139.855,76.018,0.0
2026-10-03 16:00:00,3.61e-06,97637.699,8283113722.2048,1.2217,0.5499,0.4501,0.9082,145.452,160.155,0.0
2026-10-03 16:15:00,3.61e-06,97695.979,8284492014.4272995,1.2202,0.5496,0.4504,0.5435,135.92,250.094,0.0
2026-10-03 16:30:00,3.61e-06,97532.297,8268534555.6878,1.2202,0.5496,0.4504,1.541,165.513,107.409,0.0
2026-10-03 16:45:00,3.61e-06,97462.851,8264532284.436009,1.2207,0.5497,0.4503,0.5481,215.163,392.531,0.0
2026-10-03 17:00:00,3.61e-06,97266.197,8250705035.288574,1.2222,0.55,0.45,0.5896,157.666,267.409,0.0
2026-10-03 17:15:00,3.61e-06,97150.234,8242750463.8236,1.2267,0.5509,0.4491,2.0873,291.291,139.557,0.0
2026-10-03 17:30:00,3.61e-06,97203.501,8246706143.4396,1.2326,0.5521,0.4479,1.4714,351.985,239.219,0.0
2026-10-03 17:45:00,3.61e-06,97160.617,8253596646.530783,1.2341,0.5524,0.4476,1.0557,278.852,264.143,0.0
2026-10-03 18:00:00,3.61e-06,97100.457,8250780999.227272,1.2346,0.5525,0.4475,1.0846,276.806,255.205,0.0
2026-10-03 18:15:00,3.61e-06,97121.695,8250209595.134132,1.2351,0.5526,0.4474,1.1194,172.087,153.726,0.0
2026-10-03 18:30:00,3.61e-06,97115.758,8249002772.9442,1.2316,0.5519,0.4481,0.4878,57.323,117.512,0.0
2026-10-03 18:45:00,3.61e-06,97117.952,8245225487.074912,1.2287,0.5513,0.4487,0.515,53.647,104.171,0.0
2026-10-03 19:00:00,3.61e-06,97118.362,8245466286.772721,1.2272,0.551,0.449,0.2725,115.086,422.325,0.0
2026-10-03 19:15:00,3.61e-06,96949.73,8223221684.510194,1.2252,0.5506,0.4494,0.5954,130.265,218.777,0.0
2026-10-03 19:30:00,3.61e-06,96965.134,8220548916.3056,1.2217,0.5499,0.4501,0.6912,137.563,199.03,0.0
2026-10-03 19:45:00,3.61e-06,96956.929,8218068669.009181,1.2193,0.5494,0.4506,0.8802,416.069,472.705,0.0
2026-10-03 20:00:00,3.61e-06,96744.273,8203391931.3258,1.2173,0.549,0.451,1.6417,147.46,89.819,0.0
2026-10-03 20:15:00,3.61e-06,96713.962,8205748391.700654,1.2198,0.5495,0.4505,1.3391,111.994,83.631,0.0
2026-10-03 20:30:00,3.61e-06,96689.151,8203914476.595785,1.2217,0.5499,0.4501,0.2671,22.053,82.58,0.0
2026-10-03 20:45:00,3.61e-06,96701.489,8201452909.000179,1.2202,0.5496,0.4504,0.7151,519.085,725.933,0.0
2026-10-03 21:00:00,3.61e-06,97186.197,8231670885.9,1.2222,0.55,0.45,0.5508,869.623,1578.809,0.0
2026-10-03 21:15:00,3.61e-06,97578.342,8258796922.805055,1.2134,0.5482,0.4518,0.6889,97.569,141.631,0.0
2026-10-03 21:30:00,3.61e-06,97496.227,8254305445.824601,1.2139,0.5483,0.4517,1.0201,134.387,131.734,0.0
2026-10-03 21:45:00,3.61e-06,97471.044,8251625666.1168,1.2139,0.5483,0.4517,1.1303,119.052,105.324,0.0
2026-10-03 22:00:00,3.61e-06,97412.187,8248121500.411992,1.2153,0.5486,0.4514,2.2854,328.365,143.677,0.0
2026-10-03 22:15:00,3.61e-06,97419.816,8256154050.3312,1.2158,0.5487,0.4513,0.5833,104.42,179.027,0.0
2026-10-03 22:30:00,3.61e-06,97323.075,8245781179.263556,1.2163,0.5488,0.4512,1.3117,74.171,56.546,0.0
2026-10-03 22:45:00,3.61e-06,97340.5,8249921114.012413,1.2173,0.549,0.451,1.0669,140.825,132.0,0.0
2026-10-03 23:00:00,3.61e-06,97306.017,8244466363.5624,1.2173,0.549,0.451,0.5722,49.674,86.813,0.0
2026-10-03 23:15:00,3.61e-06,97292.771,8242244658.758899,1.2168,0.5489,0.4511,0.8061,282.741,350.759,0.0
2026-10-03 23:30:00,3.61e-06,97434.896,8252745434.6896,1.2173,0.549,0.451,0.6296,118.594,188.357,0.0
2026-10-03 23:45:00,3.61e-06,97395.87,8253725346.867,1.2173,0.549,0.451,0.7628,862.549,1130.719,0.0
2026-10-04 00:00:00,-1.346e-05,97927.845,8295530161.920557,1.2188,0.5493,0.4507,2.2345,844.272,377.841,0.0
2026-10-04 00:15:00,-1.346e-05,97267.286,8246690122.7668,1.2143,0.5484,0.4516,0.476,141.724,297.743,0.0
2026-10-04 00:30:00,-1.346e-05,97185.226,8238203085.583043,1.2193,0.5494,0.4506,0.8575,74.462,86.84,0.0
2026-10-04 00:45:00,-1.346e-05,97163.964,8235394111.5228,1.2193,0.5494,0.4506,0.7263,200.469,276.029,0.0
2026-10-04 01:00:00,-1.346e-05,97065.875,8227012367.375,1.2202,0.5496,0.4504,0.9966,91.607,91.917,0.0
2026-10-04 01:15:00,-1.346e-05,97056.132,8224222377.617273,1.2207,0.5497,0.4503,1.0876,128.769,118.395,0.0
2026-10-04 01:30:00,-1.346e-05,97011.326,8218071953.775,1.2183,0.5492,0.4508,1.0765,67.671,62.862,0.0
2026-10-04 01:45:00,-1.346e-05,97024.319,8222316211.223101,1.2193,0.5494,0.4506,1.4131,58.113,41.125,0.0
2026-10-04 02:00:00,-1.346e-05,97028.087,8224576091.746301,1.2207,0.5497,0.4503,0.6579,104.416,158.713,0.0
2026-10-04 02:15:00,-1.346e-05,97030.741,8226907417.991144,1.2217,0.5499,0.4501,0.9792,93.73,95.723,0.0
2026-10-04 02:30:00,-1.346e-05,97040.53,8228765230.516,1.2202,0.5496,0.4504,0.4329,59.258,136.877,0.0
2026-10-04 02:45:00,-1.346e-05,97087.413,8229303883.2234,1.2212,0.5498,0.4502,0.9886,44.649,45.165,0.0
2026-10-04 03:00:00,-1.346e-05,97102.589,8230891246.326099,1.2212,0.5498,0.4502,1.6731,43.232,25.84,0.0
2026-10-04 03:15:00,-1.346e-05,97107.682,8231361797.0346,1.2212,0.5498,0.4502,0.8613,76.26,88.545,0.0
2026-10-04 03:30:00,-1.346e-05,97121.768,8231701129.492,1.2227,0.5501,0.4499,1.279,125.514,98.132,0.0
2026-10-04 03:45:00,-1.346e-05,97152.671,8242788253.29673,1.2232,0.5502,0.4498,0.8132,49.258,60.574,0.0
2026-10-04 04:00:00,-1.346e-05,97176.65,8240575930.82855,1.2237,0.5503,0.4497,0.6595,31.23,47.354,0.0
2026-10-04 04:15:00,-1.346e-05,97182.629,8238394980.3767,1.2237,0.5503,0.4497,1.6186,39.72,24.539,0.0
2026-10-04 04:30:00,-1.346e-05,97196.638,8240082256.825391,1.2237,0.5503,0.4497,1.0849,24.314,22.412,0.0
2026-10-04 04:45:00,-1.346e-05,97209.27,8241214435.23211,1.2247,0.5505,0.4495,0.6276,19.502,31.073,0.0
2026-10-04 05:00:00,-1.346e-05,97224.756,8241995350.4856,1.2257,0.5507,0.4493,1.0013,57.449,57.375,0.0
2026-10-04 05:15:00,-1.346e-05,97251.054,8246000756.07809,1.2272,0.551,0.449,0.9658,97.727,101.185,0.0
2026-10-04 05:30:00,-1.346e-05,97283.012,8251719632.4663105,1.2292,0.5514,0.4486,2.2492,299.346,133.088,0.0
2026-10-04 05:45:00,-1.346e-05,97384.388,8266649941.620755,1.2297,0.5515,0.4485,1.189,171.056,143.863,0.0
2026-10-04 06:00:00,-1.346e-05,97469.297,8272810120.447658,1.2297,0.5515,0.4485,1.1806,142.239,120.482,0.0
2026-10-04 06:15:00,-1.346e-05,97516.492,8276083159.824013,1.2292,0.5514,0.4486,2.4951,1332.102,533.887,0.0
2026-10-04 06:30:00,-1.346e-05,97935.838,8316410227.290173,1.2247,0.5505,0.4495,1.1268,226.635,201.127,0.0
2026-10-04 06:45:00,-1.346e-05,97905.707,8313819038.223054,1.2237,0.5503,0.4497,1.1268,226.635,201.127,0.0
2026-10-04 07:00:00,-1.346e-05,97905.707,8313819038.223054,1.2237,0.5503,0.4497,1.1268,226.635,201.127,0.0
2026-10-04 07:15:00,-1.346e-05,97905.707,8313819038.223054,1.2237,0.5503,0.4497,1.1268,226.635,201.127,0.0
2026-10-04 07:30:00,-1.346e-05,97905.707,8313819038.223054,1.2237,0.5503,0.4497,1.1268,226.635,201.127,0.0
2026-10-04 07:45:00,-1.346e-05,97905.707,8313819038.223054,1.2237,0.5503,0.4497,1.1268,226.635,201.127,0.0
2026-10-04 08:00:00,-1.346e-05,97905.707,8313819038.223054,1.2237,0.5503,0.4497,1.1268,226.635,201.127,0.0
2026-10-04 08:15:00,-1.346e-05,97905.707,8313819038.223054,1.2237,0.5503,0.4497,1.1268,226.635,201.127,0.0
2026-10-04 08:30:00,-1.346e-05,97905.707,8313819038.223054,1.2237,0.5503,0.4497,1.1268,226.635,201.127,0.0
2026-10-04 08:45:00,-1.346e-05,97905.707,8313819038.223054,1.2237,0.5503,0.4497,1.1268,226.635,201.127,0.0
2026-10-04 09:00:00,-1.346e-05,97905.707,8313819038.223054,1.2237,0.5503,0.4497,1.1268,226.635,201.127,0.0
2026-10-04 09:15:00,-1.346e-05,97905.707,8313819038.223054,1.2237,0.5503,0.4497,1.1268,226.635,201.127,0.0
2026-10-04 09:30:00,-1.346e-05,97905.707,8313819038.223054,1.2237,0.5503,0.4497,1.1268,226.635,201.127,0.0
2026-10-04 09:45:00,-1.346e-05,97905.707,8313819038.223054,1.2237,0.5503,0.4497,1.1268,226.635,201.127,0.0
2026-10-04 10:00:00,-1.346e-05,97905.707,8313819038.223054,1.2237,0.5503,0.4497,1.1268,226.635,201.127,0.0
2026-10-04 10:15:00,-1.346e-05,97905.707,8313819038.223054,1.2237,0.5503,0.4497,1.1268,226.635,201.127,0.0
2026-10-04 10:30:00,-1.346e-05,97905.707,8313819038.223054,1.2237,0.5503,0.4497,1.1268,226.635,201.127,0.0
2026-10-04 10:45:00,-1.346e-05,97905.707,8313819038.223054,1.2237,0.5503,0.4497,1.1268,226.635,201.127,0.0
2026-10-04 11:00:00,-1.346e-05,97905.707,8313819038.223054,1.2237,0.5503,0.4497,1.1268,226.635,201.127,0.0
2026-10-04 11:15:00,-1.346e-05,97905.707,8313819038.223054,1.2237,0.5503,0.4497,1.1268,226.635,201.127,0.0
2026-10-04 11:30:00,-1.346e-05,97905.707,8313819038.223054,1.2237,0.5503,0.4497,1.1268,226.635,201.127,0.0
2026-10-04 11:45:00,-1.346e-05,97905.707,8313819038.223054,1.2237,0.5503,0.4497,1.1268,226.635,201.127,0.0
2026-10-04 12:00:00,-1.346e-05,97905.707,8313819038.223054,1.2237,0.5503,0.4497,1.1268,226.635,201.127,0.0
2026-10-04 12:15:00,-1.346e-05,97905.707,8313819038.223054,1.2237,0.5503,0.4497,1.1268,226.635,201.127,0.0
2026-10-04 12:30:00,-1.346e-05,97905.707,8313819038.223054,1.2237,0.5503,0.4497,1.1268,226.635,201.127,0.0
2026-10-04 12:45:00,-1.346e-05,97905.707,8313819038.223054,1.2237,0.5503,0.4497,1.1268,226.635,201.127,0.0
2026-10-04 13:00:00,-1.346e-05,97905.707,8313819038.223054,1.2237,0.5503,0.4497,1.1268,226.635,201.127,0.0
2026-10-04 13:15:00,-1.346e-05,97905.707,8313819038.223054,1.2237,0.5503,0.4497,1.1268,226.635,201.127,0.0
2026-10-04 13:30:00,-1.346e-05,97905.707,8313819038.223054,1.2237,0.5503,0.4497,1.1268,226.635,201.127,0.0
2026-10-04 13:45:00,-1.346e-05,97905.707,8313819038.223054,1.2237,0.5503,0.4497,1.1268,226.635,201.127,0.0
2026-10-04 14:00:00,-1.346e-05,97905.707,8313819038.223054,1.2237,0.5503,0.4497,1.1268,226.635,201.127,0.0
2026-10-04 14:15:00,-1.346e-05,97905.707,8313819038.223054,1.2237,0.5503,0.4497,1.1268,226.635,201.127,0.0
2026-10-04 14:30:00,-1.346e-05,97905.707,8313819038.223054,1.2237,0.5503,0.4497,1.1268,226.635,201.127,0.0
2026-10-04 14:45:00,-1.346e-05,97905.707,8313819038.223054,1.2237,0.5503,0.4497,1.1268,226.635,201.127,0.0
2026-10-04 15:00:00,-1.346e-05,97905.707,8313819038.223054,1.2237,0.5503,0.4497,1.1268,226.635,201.127,0.0
2026-10-04 15:15:00,-1.346e-05,97905.707,8313819038.223054,1.2237,0.5503,0.4497,1.1268,226.635,201.127,0.0
2026-10-04 15:30:00,-1.346e-05,97905.707,8313819038.223054,1.2237,0.5503,0.4497,1.1268,226.635,201.127,0.0
2026-10-04 15:45:00,-1.346e-05,97905.707,8313819038.223054,1.2237,0.5503,0.4497,1.1268,226.635,201.127,0.0
2026-10-04 16:00:00,-1.346e-05,97905.707,8313819038.223054,1.2237,0.5503,0.4497,1.1268,226.635,201.127,0.0
2026-10-04 16:15:00,-1.346e-05,97905.707,8313819038.223054,1.2237,0.5503,0.4497,1.1268,226.635,201.127,0.0
2026-10-04 16:30:00,-1.346e-05,97905.707,8313819038.223054,1.2237,0.5503,0.4497,1.1268,226.635,201.127,0.0
2026-10-04 16:45:00,-1.346e-05,97905.707,8313819038.223054,1.2237,0.5503,0.4497,1.1268,226.635,201.127,0.0
2026-10-04 17:00:00,-1.346e-05,97905.707,8313819038.223054,1.2237,0.5503,0.4497,1.1268,226.635,201.127,0.0
2026-10-04 17:15:00,-1.346e-05,97905.707,8313819038.223054,1.2237,0.5503,0.4497,1.1268,226.635,201.127,0.0
2026-10-04 17:30:00,-1.346e-05,97905.707,8313819038.223054,1.2237,0.5503,0.4497,1.1268,226.635,201.127,0.0
2026-10-04 17:45:00,-1.346e-05,97905.707,8313819038.223054,1.2237,0.5503,0.4497,1.1268,226.635,201.127,0.25
2026-10-04 18:00:00,-1.346e-05,97905.707,8313819038.223054,1.2237,0.5503,0.4497,1.1268,226.635,201.127,0.5
2026-10-04 18:15:00,-1.346e-05,97905.707,8313819038.223054,1.2237,0.5503,0.4497,1.1268,226.635,201.127,0.75
2026-10-04 18:30:00,-1.346e-05,97905.707,8313819038.223054,1.2237,0.5503,0.4497,1.1268,226.635,201.127,1.0
2026-10-04 18:45:00,-1.346e-05,97905.707,8313819038.223054,1.2237,0.5503,0.4497,1.1268,226.635,201.127,1.25
2026-10-04 19:00:00,-1.346e-05,97905.707,8313819038.223054,1.2237,0.5503,0.4497,1.1268,226.635,201.127,1.5
2026-10-04 19:15:00,-1.346e-05,97905.707,8313819038.223054,1.2237,0.5503,0.4497,1.1268,226.635,201.127,1.75
2026-10-04 19:30:00,-1.346e-05,97905.707,8313819038.223054,1.2237,0.5503,0.4497,1.1268,226.635,201.127,2.0
2026-10-04 19:45:00,-1.346e-05,97905.707,8313819038.223054,1.2237,0.5503,0.4497,1.1268,226.635,201.127,2.25
2026-10-04 20:00:00,-1.346e-05,97905.707,8313819038.223054,1.2237,0.5503,0.4497,1.1268,226.635,201.127,2.5
2026-10-04 20:15:00,-1.346e-05,97905.707,8313819038.223054,1.2237,0.5503,0.4497,1.1268,226.635,201.127,2.75
2026-10-04 20:30:00,-1.346e-05,97905.707,8313819038.223054,1.2237,0.5503,0.4497,1.1268,226.635,201.127,3.0
2026-10-04 20:45:00,-1.346e-05,97905.707,8313819038.223054,1.2237,0.5503,0.4497,1.1268,226.635,201.127,3.25
2026-10-04 21:00:00,-1.346e-05,97905.707,8313819038.223054,1.2237,0.5503,0.4497,1.1268,226.635,201.127,3.5
2026-10-04 21:15:00,-1.346e-05,97905.707,8313819038.223054,1.2237,0.5503,0.4497,1.1268,226.635,201.127,3.75
2026-10-04 21:30:00,-1.346e-05,97905.707,8313819038.223054,1.2237,0.5503,0.4497,1.1268,226.635,201.127,4.0
2026-10-04 21:45:00,-1.346e-05,97905.707,8313819038.223054,1.2237,0.5503,0.4497,1.1268,226.635,201.127,4.25
2026-10-04 22:00:00,-1.346e-05,97905.707,8313819038.223054,1.2237,0.5503,0.4497,1.1268,226.635,201.127,4.5
2026-10-04 22:15:00,-1.346e-05,97905.707,8313819038.223054,1.2237,0.5503,0.4497,1.1268,226.635,201.127,4.75
2026-10-04 22:30:00,-1.346e-05,97905.707,8313819038.223054,1.2237,0.5503,0.4497,1.1268,226.635,201.127,5.0
2026-10-04 22:45:00,-1.346e-05,97905.707,8313819038.223054,1.2237,0.5503,0.4497,1.1268,226.635,201.127,5.25
2026-10-04 23:00:00,-1.346e-05,97905.707,8313819038.223054,1.2237,0.5503,0.4497,1.1268,226.635,201.127,5.5
2026-10-04 23:15:00,-1.346e-05,97905.707,8313819038.223054,1.2237,0.5503,0.4497,1.1268,226.635,201.127,5.75
2026-10-04 23:30:00,-1.346e-05,97905.707,8313819038.223054,1.2237,0.5503,0.4497,1.1268,226.635,201.127,6.0
2026-10-04 23:45:00,-1.346e-05,97905.707,8313819038.223054,1.2237,0.5503,0.4497,1.1268,226.635,201.127,6.25
2026-10-05 00:00:00,-1.346e-05,97905.707,8313819038.223054,1.2237,0.5503,0.4497,1.1268,226.635,201.127,6.5
2026-10-05 00:15:00,-1.346e-05,97905.707,8313819038.223054,1.2237,0.5503,0.4497,1.1268,226.635,201.127,6.75
2026-10-05 00:30:00,-1.346e-05,97905.707,8313819038.223054,1.2237,0.5503,0.4497,1.1268,226.635,201.127,7.0
2026-10-05 00:45:00,-1.346e-05,97905.707,8313819038.223054,1.2237,0.5503,0.4497,1.1268,226.635,201.127,7.25
2026-10-05 01:00:00,-1.346e-05,97905.707,8313819038.223054,1.2237,0.5503,0.4497,1.1268,226.635,201.127,7.5
2026-10-05 01:15:00,-1.346e-05,97905.707,8313819038.223054,1.2237,0.5503,0.4497,1.1268,226.635,201.127,7.75
2026-10-05 01:30:00,-1.346e-05,97905.707,8313819038.223054,1.2237,0.5503,0.4497,1.1268,226.635,201.127,8.0
2026-10-05 01:45:00,-1.346e-05,97905.707,8313819038.223054,1.2237,0.5503,0.4497,1.1268,226.635,201.127,8.25
2026-10-05 02:00:00,-1.346e-05,97905.707,8313819038.223054,1.2237,0.5503,0.4497,1.1268,226.635,201.127,8.5
2026-10-05 02:15:00,-1.346e-05,97905.707,8313819038.223054,1.2237,0.5503,0.4497,1.1268,226.635,201.127,8.75
2026-10-05 02:30:00,-1.346e-05,97905.707,8313819038.223054,1.2237,0.5503,0.4497,1.1268,226.635,201.127,9.0
2026-10-05 02:45:00,-1.346e-05,97905.707,8313819038.223054,1.2237,0.5503,0.4497,1.1268,226.635,201.127,9.25
2026-10-05 03:00:00,-1.346e-05,97905.707,8313819038.223054,1.2237,0.5503,0.4497,1.1268,226.635,201.127,9.5
2026-10-05 03:15:00,-1.346e-05,97905.707,8313819038.223054,1.2237,0.5503,0.4497,1.1268,226.635,201.127,9.75
2026-10-05 03:30:00,-1.346e-05,97905.707,8313819038.223054,1.2237,0.5503,0.4497,1.1268,226.635,201.127,10.0
2026-10-05 03:45:00,-1.346e-05,97905.707,8313819038.223054,1.2237,0.5503,0.4497,1.1268,226.635,201.127,10.25
2026-10-05 04:00:00,-1.346e-05,97905.707,8313819038.223054,1.2237,0.5503,0.4497,1.1268,226.635,201.127,10.5
2026-10-05 04:15:00,-1.346e-05,97905.707,8313819038.223054,1.2237,0.5503,0.4497,1.1268,226.635,201.127,10.75
2026-10-05 04:30:00,-1.346e-05,97905.707,8313819038.223054,1.2237,0.5503,0.4497,1.1268,226.635,201.127,11.0
2026-10-05 04:45:00,-1.346e-05,97905.707,8313819038.223054,1.2237,0.5503,0.4497,1.1268,226.635,201.127,11.25
2026-10-05 05:00:00,-1.346e-05,97905.707,8313819038.223054,1.2237,0.5503,0.4497,1.1268,226.635,201.127,11.5
2026-10-05 05:15:00,-1.346e-05,97905.707,8313819038.223054,1.2237,0.5503,0.4497,1.1268,226.635,201.127,11.75
2026-10-05 05:30:00,-1.346e-05,97905.707,8313819038.223054,1.2237,0.5503,0.4497,1.1268,226.635,201.127,12.0
2026-10-05 05:45:00,-1.346e-05,97905.707,8313819038.223054,1.2237,0.5503,0.4497,1.1268,226.635,201.127,12.25
2026-10-05 06:00:00,-1.346e-05,97905.707,8313819038.223054,1.2237,0.5503,0.4497,1.1268,226.635,201.127,12.5
2026-10-05 06:15:00,-1.346e-05,97905.707,8313819038.223054,1.2237,0.5503,0.4497,1.1268,226.635,201.127,12.75
2026-10-05 06:30:00,-1.346e-05,97905.707,8313819038.223054,1.2237,0.5503,0.4497,1.1268,226.635,201.127,13.0
2026-10-05 06:45:00,-1.346e-05,97905.707,8313819038.223054,1.2237,0.5503,0.4497,1.1268,226.635,201.127,13.25
