timestamp,open,high,low,close,volume
2026-06-15 13:30:00,66841.92,66886.0,66474.0,66573.58,485.90605
2026-06-15 13:45:00,66573.59,66656.0,66412.0,66447.05,287.58232
2026-06-15 14:00:00,66447.06,66460.53,66251.58,66442.03,532.63625
2026-06-15 14:15:00,66442.02,66560.0,66400.0,66559.99,133.67905000000002
2026-06-15 14:30:00,66560.0,66563.28,66421.59,66536.09,125.90887
2026-06-15 14:45:00,66536.09,66675.83,66536.09,66591.55,148.62223
2026-06-15 15:00:00,66591.54,66692.0,66580.42,66625.29,120.04999
2026-06-15 15:15:00,66625.29,66750.0,66588.83,66658.01,312.58903
2026-06-15 15:30:00,66658.0,66920.0,66611.27,66910.03,277.42577
2026-06-15 15:45:00,66910.03,67292.15,66910.03,67292.14,756.89311
2026-06-15 16:00:00,67292.15,67292.15,67098.25,67260.0,420.44784
2026-06-15 16:15:00,67260.0,67268.0,67100.01,67185.99,215.77755
2026-06-15 16:30:00,67186.0,67268.0,67147.14,67170.67,175.72291
2026-06-15 16:45:00,67170.68,67214.0,67088.83,67157.99,285.01106
2026-06-15 17:00:00,67158.0,67158.0,66585.26,66896.66,795.11141
2026-06-15 17:15:00,66896.66,66971.45,66768.0,66818.01,195.21609
2026-06-15 17:30:00,66818.0,66924.52,66678.0,66884.01,245.55412
2026-06-15 17:45:00,66884.01,66944.7,66836.66,66851.79,104.36226
2026-06-15 18:00:00,66851.8,66933.86,66715.61,66803.99,231.28935
2026-06-15 18:15:00,66804.0,66886.0,66800.52,66826.43,103.68627
2026-06-15 18:30:00,66826.43,66875.38,66746.25,66803.45,142.02981
2026-06-15 18:45:00,66803.45,66920.0,66760.0,66766.12,113.68632
2026-06-15 19:00:00,66766.13,66886.02,66728.0,66854.0,111.31864
2026-06-15 19:15:00,66853.99,66889.85,66348.0,66530.54,371.17294
2026-06-15 19:30:00,66530.54,66728.63,66530.0,66722.0,127.2156
2026-06-15 19:45:00,66721.99,66749.95,66502.47,66614.35,170.68865
2026-06-15 20:00:00,66615.98,66630.0,66506.43,66557.99,97.76667
2026-06-15 20:15:00,66558.0,66610.41,66520.0,66577.99,110.83877
2026-06-15 20:30:00,66578.0,66681.3,66577.99,66592.02,53.27969
2026-06-15 20:45:00,66592.01,66592.01,66489.86,66519.98,77.58771999999999
2026-06-15 21:00:00,66519.99,66532.0,66430.22,66517.44,115.39454
2026-06-15 21:15:00,66517.44,66567.38,66395.64,66410.0,67.64909
2026-06-15 21:30:00,66410.0,66474.0,66314.34,66436.0,109.38328
2026-06-15 21:45:00,66435.99,66447.99,66364.01,66368.15,55.38691
2026-06-15 22:00:00,66368.15,66476.64,66364.0,66364.01,96.25203
2026-06-15 22:15:00,66364.01,66412.0,66102.91,66162.01,138.33398
2026-06-15 22:30:00,66162.01,66371.66,66076.56,66296.13,150.30089999999998
2026-06-15 22:45:00,66296.0,66326.0,66198.74,66206.34,135.26893
2026-06-15 23:00:00,66206.34,66286.0,66184.0,66270.4,53.25349
2026-06-15 23:15:00,66270.4,66295.64,66150.0,66226.07,88.42619
2026-06-15 23:30:00,66226.07,66269.52,66116.59,66269.52,100.4132
2026-06-15 23:45:00,66269.52,66368.0,66246.13,66328.74,206.41929
2026-06-16 00:00:00,66328.74,66405.17,66276.67,66391.97,92.47759
2026-06-16 00:15:00,66391.97,66418.73,66242.0,66247.99,85.01145
2026-06-16 00:30:00,66248.0,66463.26,66244.0,66414.53,77.03019
2026-06-16 00:45:00,66414.53,66435.99,66243.21,66250.0,203.10316
2026-06-16 01:00:00,66250.0,66362.65,66248.93,66285.14,111.63089
2026-06-16 01:15:00,66285.14,66382.3,66260.77,66376.66,152.79129
2026-06-16 01:30:00,66376.67,66415.53,66354.7,66359.22,51.35467
2026-06-16 01:45:00,66359.23,66418.01,66327.5,66346.52,140.86264
2026-06-16 02:00:00,66346.51,66367.69,66033.52,66065.07,346.27509
2026-06-16 02:15:00,66065.07,66160.0,65753.25,65776.01,263.20587
2026-06-16 02:30:00,65776.01,65928.86,65750.57,65878.0,203.78024
2026-06-16 02:45:00,65878.0,65887.82,65678.14,65741.99,151.47107
2026-06-16 03:00:00,65742.0,65850.0,65678.9,65810.0,151.10035
2026-06-16 03:15:00,65810.01,66007.19,65650.0,65980.46,415.92182
2026-06-16 03:30:00,65980.45,66125.0,65980.45,66125.0,94.21205
2026-06-16 03:45:00,66125.0,66166.61,66100.0,66165.21,140.87063
2026-06-16 04:00:00,66165.21,66301.83,66134.0,66150.77,171.2118
2026-06-16 04:15:00,66150.77,66162.0,65980.0,65980.0,118.51915
2026-06-16 04:30:00,65980.0,65980.0,65802.0,65886.65,273.78158
2026-06-16 04:45:00,65886.64,65899.22,65806.02,65840.09,130.98965
2026-06-16 05:00:00,65840.1,66068.0,65840.09,66026.0,116.2175
2026-06-16 05:15:00,66026.0,66114.0,65966.0,66076.01,185.73475
2026-06-16 05:30:00,66076.01,66118.0,66010.99,66089.38,48.96603
2026-06-16 05:45:00,66089.38,66150.22,66044.99,66045.0,388.50117
2026-06-16 06:00:00,66044.99,66190.0,66044.99,66188.92,57.32242
2026-06-16 06:15:00,66188.91,66347.07,66154.11,66339.05,100.63925
2026-06-16 06:30:00,66339.04,66572.99,66296.0,66398.52,238.66352
2026-06-16 06:45:00,66398.52,66549.96,66394.0,66446.0,159.93652
2026-06-16 07:00:00,66446.01,66527.23,66348.32,66348.32,83.74137
2026-06-16 07:15:00,66348.32,66477.89,66318.6,66338.01,102.92389
2026-06-16 07:30:00,66338.01,66426.0,66314.7,66320.21,89.20554
2026-06-16 07:45:00,66320.2,66383.24,66300.1,66372.0,109.92085
2026-06-16 08:00:00,66372.0,66503.24,66345.06,66472.0,92.61167
2026-06-16 08:15:00,66472.0,66595.32,66369.3,66554.96,169.96268
2026-06-16 08:30:00,66554.95,66652.76,66514.32,66618.0,192.29722
2026-06-16 08:45:00,66618.0,66992.0,66570.0,66899.61,234.08861
2026-06-16 09:00:00,66899.61,66923.99,66726.0,66763.36,179.82828
2026-06-16 09:15:00,66763.35,66763.36,66560.0,66618.0,140.13331
2026-06-16 09:30:00,66618.0,66733.99,66586.0,66701.83,112.53677
2026-06-16 09:45:00,66701.83,66727.77,66474.74,66510.0,168.26091
2026-06-16 10:00:00,66510.01,66593.34,66500.56,66540.02,54.87639
2026-06-16 10:15:00,66540.02,66778.0,66540.02,66672.17,152.83457
2026-06-16 10:30:00,66672.16,66672.17,66578.0,66617.99,84.42132
2026-06-16 10:45:00,66617.99,66622.0,66486.38,66514.0,95.09585
2026-06-16 11:00:00,66514.01,66643.23,66448.64,66511.99,110.5373
2026-06-16 11:15:00,66512.0,66582.0,66396.74,66477.05,98.23338
2026-06-16 11:30:00,66477.05,66478.6,66368.36,66403.17,150.05698
2026-06-16 11:45:00,66403.18,66490.33,66380.0,66481.73,108.41134
2026-06-16 12:00:00,66481.73,66569.8,66406.15,66556.52,107.72608
2026-06-16 12:15:00,66556.53,66682.87,66547.38,66582.58,168.71688
2026-06-16 12:30:00,66582.59,66818.0,66442.0,66498.01,154.46035
2026-06-16 12:45:00,66498.0,66500.0,66368.0,66429.83,131.41582
2026-06-16 13:00:00,66429.84,66463.13,66010.0,66207.56,330.22715000000005
2026-06-16 13:15:00,66207.57,66274.63,66011.23,66019.2,232.24048
2026-06-16 13:30:00,66019.19,66166.0,65928.16,66128.93,566.1650999999999
2026-06-16 13:45:00,66128.93,66210.0,66006.63,66052.0,219.21846
2026-06-16 14:00:00,66052.01,66265.8,66007.63,66027.23,215.82214
2026-06-16 14:15:00,66027.23,66068.0,65516.0,65553.07,566.9529299999999
2026-06-16 14:30:00,65553.07,65748.0,65360.92,65689.59,513.45999
2026-06-16 14:45:00,65689.58,65780.0,65609.99,65654.9,195.52785
2026-06-16 15:00:00,65654.9,65880.41,65614.3,65858.05,201.88425
2026-06-16 15:15:00,65858.05,65908.0,65712.64,65814.01,156.58315
2026-06-16 15:30:00,65814.01,65999.78,65803.27,65846.01,152.65393
2026-06-16 15:45:00,65846.0,65986.0,65679.48,65859.76,277.69443
2026-06-16 16:00:00,65859.76,65953.97,65776.01,65776.01,80.98028000000001
2026-06-16 16:15:00,65776.02,65822.0,65726.15,65785.99,89.33847
2026-06-16 16:30:00,65786.0,65866.0,65706.0,65808.01,75.64043
2026-06-16 16:45:00,65808.01,65827.39,65706.0,65758.07,92.76173
2026-06-16 17:00:00,65758.07,65851.78,65740.01,65792.01,68.89636999999999
2026-06-16 17:15:00,65792.01,65861.66,65710.34,65747.17,102.49394
2026-06-16 17:30:00,65747.16,65820.0,65713.96,65750.92,46.506
2026-06-16 17:45:00,65750.92,66011.47,65740.0,65978.79,165.49111
2026-06-16 18:00:00,65978.78,66248.69,65951.35,66137.04,167.2488
2026-06-16 18:15:00,66136.83,66136.84,65872.0,65909.99,179.20418999999998
2026-06-16 18:30:00,65910.0,65970.0,65802.0,65846.0,102.69602
2026-06-16 18:45:00,65846.01,65932.03,65828.01,65847.99,73.57747
2026-06-16 19:00:00,65848.0,65848.0,65654.9,65670.0,189.78041
2026-06-16 19:15:00,65670.01,65722.0,65560.0,65706.64,194.34277
2026-06-16 19:30:00,65706.65,65780.0,65602.0,65642.66,120.38122
2026-06-16 19:45:00,65642.65,65726.0,65566.0,65675.88,112.87227
2026-06-16 20:00:00,65675.89,65760.0,65592.0,65759.99,98.02953
2026-06-16 20:15:00,65759.99,65849.03,65694.0,65721.39,61.44904
2026-06-16 20:30:00,65721.39,65844.0,65720.34,65843.99,52.40253
2026-06-16 20:45:00,65843.99,65865.92,65830.0,65854.0,49.23335
2026-06-16 21:00:00,65854.0,65938.0,65838.22,65918.0,117.83801
2026-06-16 21:15:00,65917.99,65918.0,65726.55,65728.01,113.3791
2026-06-16 21:30:00,65728.01,65753.96,65654.9,65733.02,73.91552
2026-06-16 21:45:00,65733.01,65787.73,65710.05,65776.97,46.28956
2026-06-16 22:00:00,65776.97,65880.0,65714.84,65842.0,92.84716
2026-06-16 22:15:00,65842.01,65882.0,65720.65,65776.92,46.74677
2026-06-16 22:30:00,65776.92,65792.01,65704.0,65720.64,39.51663
2026-06-16 22:45:00,65720.64,65792.0,65680.0,65780.0,49.51695
2026-06-16 23:00:00,65780.01,65834.19,65727.19,65762.92,56.40171
2026-06-16 23:15:00,65762.93,65762.94,65644.0,65732.0,47.45833
2026-06-16 23:30:00,65732.0,65778.0,65712.0,65722.68,42.43104
2026-06-16 23:45:00,65722.67,65722.67,65626.9,65675.01,60.08174
2026-06-17 00:00:00,65675.02,65806.57,65675.02,65751.09,60.00256
2026-06-17 00:15:00,65751.08,65797.06,65707.28,65725.95,56.57158
2026-06-17 00:30:00,65725.96,65840.0,65692.27,65832.01,46.46909
2026-06-17 00:45:00,65832.01,65848.0,65699.99,65700.0,169.26051
2026-06-17 01:00:00,65700.0,65832.0,65688.0,65805.29,242.39966
2026-06-17 01:15:00,65805.28,65805.29,65477.5,65585.74,178.54622
2026-06-17 01:30:00,65585.74,65817.96,65544.49,65759.76,62.67933
2026-06-17 01:45:00,65759.76,65956.56,65759.76,65940.0,65.79981
2026-06-17 02:00:00,65940.0,65940.01,65840.0,65905.21,84.62694
2026-06-17 02:15:00,65905.21,66200.0,65879.75,66106.0,318.86934
2026-06-17 02:30:00,66105.99,66107.99,65788.0,65858.05,122.39082
2026-06-17 02:45:00,65858.05,65914.53,65834.0,65904.0,449.05105
2026-06-17 03:00:00,65903.99,65904.0,65808.0,65820.01,168.7655
2026-06-17 03:15:00,65820.01,65820.01,65703.45,65780.0,241.59707
2026-06-17 03:30:00,65780.0,65882.99,65780.0,65797.98,64.92647
2026-06-17 03:45:00,65797.98,65853.8,65770.0,65851.99,88.28405000000001
2026-06-17 04:00:00,65852.0,65902.44,65824.0,65839.34,60.31465
2026-06-17 04:15:00,65839.33,65909.01,65788.31,65906.95,143.80739
2026-06-17 04:30:00,65906.96,65945.1,65864.01,65927.99,188.32809
2026-06-17 04:45:00,65928.0,66048.19,65892.0,65892.0,80.88669
2026-06-17 05:00:00,65892.01,65978.0,65794.0,65818.0,123.69885
2026-06-17 05:15:00,65818.0,65861.66,65746.51,65856.0,198.08715
2026-06-17 05:30:00,65856.01,65927.71,65814.43,65919.03,171.57981
2026-06-17 05:45:00,65919.02,65934.02,65774.01,65836.3,42.67923
2026-06-17 06:00:00,65836.3,65864.0,65790.24,65862.0,99.73074
2026-06-17 06:15:00,65862.01,65896.45,65650.0,65650.01,53.25507
2026-06-17 06:30:00,65650.0,65739.62,65582.63,65639.25,115.55402
2026-06-17 06:45:00,65639.25,65679.73,65602.43,65624.0,110.2679
2026-06-17 07:00:00,65624.01,65700.0,65556.33,65688.0,103.63908
2026-06-17 07:15:00,65688.0,65710.0,65482.41,65555.79,95.35882
2026-06-17 07:30:00,65555.8,65584.57,65477.28,65540.1,136.04217
2026-06-17 07:45:00,65540.11,65594.0,65251.0,65539.5,362.24541
2026-06-17 08:00:00,65539.51,65574.0,65340.49,65340.5,145.19575
2026-06-17 08:15:00,65340.5,65393.46,65241.39,65330.01,110.46049
2026-06-17 08:30:00,65330.01,65330.01,64920.0,64920.01,509.94079
2026-06-17 08:45:00,64920.01,65020.0,64833.07,64926.02,226.65354
2026-06-17 09:00:00,64926.02,65036.87,64912.55,64975.99,142.80809
2026-06-17 09:15:00,64975.99,65076.76,64932.97,65045.99,101.68608
2026-06-17 09:30:00,65045.98,65068.0,64928.01,64947.74,178.01504
2026-06-17 09:45:00,64947.74,65000.0,64842.01,64909.44,437.46671
2026-06-17 10:00:00,64909.44,64993.97,64809.98,64879.98,205.93781
2026-06-17 10:15:00,64879.98,64981.43,64851.6,64936.0,164.52244
2026-06-17 10:30:00,64936.0,64974.0,64872.0,64924.0,73.20878
2026-06-17 10:45:00,64924.0,64944.0,64768.0,64798.0,154.06937
2026-06-17 11:00:00,64798.0,64853.99,64577.0,64605.59,315.41867
2026-06-17 11:15:00,64605.59,64745.59,64565.0,64704.91,149.07442
2026-06-17 11:30:00,64704.91,64800.0,64670.0,64790.71,85.21465
2026-06-17 11:45:00,64790.71,64868.21,64790.71,64810.01,91.53871
2026-06-17 12:00:00,64810.01,64873.99,64755.06,64850.18,162.00864
2026-06-17 12:15:00,64850.18,64856.36,64650.0,64687.99,139.02038
2026-06-17 12:30:00,64688.0,64918.0,64590.53,64914.6,131.41293
2026-06-17 12:45:00,64914.6,65108.0,64914.6,65040.88,125.29271
2026-06-17 13:00:00,65040.88,65098.0,64983.27,65083.99,199.41385
2026-06-17 13:15:00,65084.0,65084.0,64867.27,64927.99,166.70839
2026-06-17 13:30:00,64927.99,65342.71,64850.0,65280.0,337.22837
2026-06-17 13:45:00,65279.99,65369.53,65233.4,65278.0,258.21662
2026-06-17 14:00:00,65278.0,65351.62,65134.0,65345.99,212.50167
2026-06-17 14:15:00,65345.99,65461.38,65142.0,65252.0,192.59302
2026-06-17 14:30:00,65252.0,65291.37,65049.49,65111.42,105.45723
2026-06-17 14:45:00,65111.42,65288.0,64772.72,65101.45,289.06096
2026-06-17 15:00:00,65101.45,65241.38,64987.74,65234.27,130.66998999999998
2026-06-17 15:15:00,65234.27,65420.0,65198.0,65327.76,245.61807
2026-06-17 15:30:00,65327.77,65516.43,65262.0,65493.99,214.10631
2026-06-17 15:45:00,65493.99,65855.66,65478.0,65752.0,581.78078
2026-06-17 16:00:00,65751.99,65881.0,65722.0,65847.99,413.23477
2026-06-17 16:15:00,65847.99,66445.93,65820.0,66258.0,457.30648
2026-06-17 16:30:00,66258.0,66326.87,65895.25,65970.1,448.38175
2026-06-17 16:45:00,65970.11,66015.14,65844.0,65864.12,102.98332
2026-06-17 17:00:00,65864.13,65978.0,65800.0,65864.01,96.41837
2026-06-17 17:15:00,65864.01,66010.0,65840.01,65973.99,45.54061
2026-06-17 17:30:00,65973.99,66012.0,65842.0,65858.66,70.38858
2026-06-17 17:45:00,65858.66,66191.98,65823.34,66104.08,165.2509
2026-06-17 18:00:00,66107.99,66107.99,64800.0,65301.52,1061.072
2026-06-17 18:15:00,65301.52,65536.34,65272.05,65404.14,199.18992
2026-06-17 18:30:00,65404.13,66057.99,65272.74,66036.87,597.7335
2026-06-17 18:45:00,66036.87,66042.32,65350.0,65516.0,384.576
2026-06-17 19:00:00,65516.0,65666.0,65094.24,65366.01,233.15768
2026-06-17 19:15:00,65366.01,65380.01,64316.17,64470.0,651.70427
2026-06-17 19:30:00,64470.0,64680.0,64150.0,64178.25,537.5454
2026-06-17 19:45:00,64178.25,64314.36,63998.35,64301.85,751.1569499999999
2026-06-17 20:00:00,64301.85,64457.89,64186.85,64214.69,192.28838
2026-06-17 20:15:00,64214.69,64457.96,64207.9,64361.11,88.46905
2026-06-17 20:30:00,64361.1,64488.96,64232.17,64232.17,107.67072
2026-06-17 20:45:00,64232.17,64439.84,64181.33,64434.36,116.42617
2026-06-17 21:00:00,64434.36,64452.0,64262.0,64328.92,85.30364
2026-06-17 21:15:00,64328.92,64379.5,64266.0,64266.0,142.68235
2026-06-17 21:30:00,64266.01,64416.0,64159.36,64190.0,102.45014
2026-06-17 21:45:00,64190.01,64277.53,64142.0,64257.77,127.64858
2026-06-17 22:00:00,64257.77,64257.99,63915.77,64103.99,231.05699
2026-06-17 22:15:00,64104.0,64371.06,64072.0,64364.42,89.99598999999999
2026-06-17 22:30:00,64364.42,64434.84,64244.0,64266.01,111.94943
2026-06-17 22:45:00,64266.01,64422.54,64257.83,64300.01,59.23528
2026-06-17 23:00:00,64300.01,64405.45,64248.0,64317.99,62.60855
2026-06-17 23:15:00,64318.0,64529.2,64318.0,64496.0,114.54801
2026-06-17 23:30:00,64495.99,64522.49,64405.22,64443.69,48.17323
2026-06-17 23:45:00,64443.68,64516.0,64400.0,64509.4,64.49074999999999
2026-06-18 00:00:00,64509.4,64657.8,64490.0,64634.91,95.4489
2026-06-18 00:15:00,64634.92,64702.0,64548.92,64593.59,100.79991
2026-06-18 00:30:00,64593.59,64698.0,64501.0,64589.97,151.28667
2026-06-18 00:45:00,64589.77,64614.0,64457.67,64468.01,49.25602
2026-06-18 01:00:00,64468.01,64806.0,64466.3,64729.6,115.26203
2026-06-18 01:15:00,64729.6,64740.0,64624.37,64658.77,132.3393
2026-06-18 01:30:00,64658.77,64750.54,64608.09,64619.61,78.64424
2026-06-18 01:45:00,64619.6,64619.61,64477.26,64548.74,56.70857
2026-06-18 02:00:00,64548.75,64674.0,64532.05,64569.38,52.7651
2026-06-18 02:15:00,64569.37,64747.19,64488.0,64702.2,66.78674
2026-06-18 02:30:00,64702.19,64764.88,64681.87,64762.29,57.93919
2026-06-18 02:45:00,64762.29,64776.66,64682.0,64689.5,146.44896
2026-06-18 03:00:00,64689.5,64689.5,64525.42,64525.43,108.97354
2026-06-18 03:15:00,64525.43,64530.0,64317.45,64320.0,149.46404
2026-06-18 03:30:00,64320.0,64403.34,64267.86,64328.03,193.44932
2026-06-18 03:45:00,64328.02,64407.48,64274.38,64282.82,96.69102
2026-06-18 04:00:00,64282.82,64347.09,63826.93,63939.93,375.48804
2026-06-18 04:15:00,63939.92,64108.0,63856.46,63951.98,206.47258
2026-06-18 04:30:00,63951.98,63984.4,63880.0,63884.01,141.00259
2026-06-18 04:45:00,63884.01,63975.88,63830.28,63883.41,108.23878
2026-06-18 05:00:00,63883.26,63971.69,63696.29,63921.26,317.75143
2026-06-18 05:15:00,63921.27,63996.0,63909.28,63919.66,134.94833
2026-06-18 05:30:00,63919.94,64020.0,63852.37,63927.25,67.5146
2026-06-18 05:45:00,63927.24,63999.56,63882.0,63994.0,77.70041
2026-06-18 06:00:00,63994.0,64074.78,63886.0,63957.0,96.42725
2026-06-18 06:15:00,63957.0,63991.52,63850.0,63979.99,274.17964
2026-06-18 06:30:00,63979.99,64099.99,63970.39,64099.86,271.07
2026-06-18 06:45:00,64099.87,64134.33,64060.0,64083.41,125.87453
2026-06-18 07:00:00,64084.0,64105.57,64015.42,64091.2,109.13902
2026-06-18 07:15:00,64091.2,64319.15,64083.06,64304.59,162.43022000000002
2026-06-18 07:30:00,64304.58,64454.01,64260.71,64438.09,146.47833
2026-06-18 07:45:00,64438.09,64510.5,64423.35,64510.44,106.80876
2026-06-18 08:00:00,64510.45,64646.75,64386.46,64535.99,378.02676
2026-06-18 08:15:00,64535.99,64607.38,64514.0,64578.0,84.03068999999999
2026-06-18 08:30:00,64578.01,64605.4,64517.0,64517.01,174.76756999999998
2026-06-18 08:45:00,64517.0,64528.0,64378.25,64399.92,77.37936
2026-06-18 09:00:00,64399.93,64411.61,64309.16,64390.31,114.14003
2026-06-18 09:15:00,64390.31,64478.0,64245.59,64248.38,71.84966
2026-06-18 09:30:00,64248.38,64307.99,64205.88,64282.66,77.10347
2026-06-18 09:45:00,64282.66,64325.65,64196.14,64199.53,37.22559
2026-06-18 10:00:00,64199.53,64199.53,63991.18,64009.99,118.74698
2026-06-18 10:15:00,64009.99,64045.99,63910.0,63965.48,136.49084
2026-06-18 10:30:00,63965.47,64081.99,63951.39,64000.82,108.92834
2026-06-18 10:45:00,64000.81,64223.79,64000.81,64078.61,81.40690000000001
2026-06-18 11:00:00,64078.61,64196.0,64004.01,64032.01,66.29683
2026-06-18 11:15:00,64032.01,64084.0,63912.01,64069.99,104.41289
2026-06-18 11:30:00,64069.99,64089.66,63878.14,63970.0,129.25728
2026-06-18 11:45:00,63970.0,64036.0,63890.0,63974.4,78.03773
2026-06-18 12:00:00,63974.4,64043.43,63922.0,64007.99,103.68059
2026-06-18 12:15:00,64007.98,64207.58,63992.0,64201.31,139.21228
2026-06-18 12:30:00,64201.32,64263.48,64130.73,64257.19,89.53243
2026-06-18 12:45:00,64257.2,64402.01,64257.19,64378.07,85.17948
2026-06-18 13:00:00,64378.06,64445.19,64288.0,64395.44,133.27123
2026-06-18 13:15:00,64395.43,64438.67,64332.0,64363.39,204.0742
2026-06-18 13:30:00,64363.39,64386.0,63876.01,63885.66,360.41923
2026-06-18 13:45:00,63885.67,64161.23,63800.0,63984.0,287.04323
2026-06-18 14:00:00,63983.99,64087.08,63724.83,63780.0,336.06323
2026-06-18 14:15:00,63780.0,64203.66,63720.56,63812.02,189.09072
2026-06-18 14:30:00,63812.01,64082.0,63767.24,63872.01,190.85095
2026-06-18 14:45:00,63872.0,63993.69,63587.3,63816.61,282.40984000000003
2026-06-18 15:00:00,63816.61,63825.99,63566.01,63566.01,245.51036
2026-06-18 15:15:00,63566.01,63600.0,63198.0,63237.99,801.0869399999999
2026-06-18 15:30:00,63238.0,63375.85,62700.0,62786.01,951.77971
2026-06-18 15:45:00,62786.01,62885.46,62293.76,62369.44,795.28342
2026-06-18 16:00:00,62369.43,62730.0,62349.42,62639.99,477.06124
2026-06-18 16:15:00,62640.0,62766.93,62522.0,62599.99,265.35676
2026-06-18 16:30:00,62600.0,62769.86,62518.0,62717.99,288.60593
2026-06-18 16:45:00,62717.99,62814.0,62637.13,62688.0,240.68968
2026-06-18 17:00:00,62688.0,62706.21,62411.76,62506.4,182.50389
2026-06-18 17:15:00,62506.39,62643.92,62272.07,62583.02,488.60626
2026-06-18 17:30:00,62583.03,62750.0,62520.0,62650.01,202.67408
2026-06-18 17:45:00,62650.0,62727.77,62520.29,62606.0,129.89789000000002
2026-06-18 18:00:00,62606.0,62738.64,62580.01,62710.76,128.18965
2026-06-18 18:15:00,62710.76,62959.75,62608.64,62847.62,248.37841000000003
2026-06-18 18:30:00,62847.62,62847.63,62680.03,62772.0,200.78293
2026-06-18 18:45:00,62772.01,62884.0,62619.89,62708.92,149.71124
2026-06-18 19:00:00,62708.93,62735.59,62636.0,62681.99,68.40856
2026-06-18 19:15:00,62681.99,62804.0,62642.33,62777.01,96.77547
2026-06-18 19:30:00,62777.01,62993.44,62761.94,62970.0,182.16299
2026-06-18 19:45:00,62970.0,63008.33,62906.0,62950.79,230.29062
2026-06-18 20:00:00,62950.79,63225.16,62950.79,63172.0,270.70459
2026-06-18 20:15:00,63172.0,63274.19,63099.58,63118.01,144.68606
2026-06-18 20:30:00,63118.01,63173.65,63049.08,63133.9,173.19007
2026-06-18 20:45:00,63133.91,63135.06,63040.0,63086.0,96.35357
2026-06-18 21:00:00,63086.0,63121.81,62913.69,62920.0,159.31174
2026-06-18 21:15:00,62919.99,63045.24,62870.39,62958.01,134.56129
2026-06-18 21:30:00,62958.0,62990.72,62874.0,62913.99,96.61761
2026-06-18 21:45:00,62913.99,62999.53,62893.0,62971.32,75.85108
2026-06-18 22:00:00,62971.32,62990.0,62910.45,62921.36,71.78628
2026-06-18 22:15:00,62921.36,62925.56,62779.19,62831.99,75.22071
2026-06-18 22:30:00,62832.0,62850.0,62742.0,62812.28,77.37693
2026-06-18 22:45:00,62812.28,62896.66,62786.0,62885.85,65.97672
2026-06-18 23:00:00,62885.84,62929.13,62756.6,62761.34,110.82596
2026-06-18 23:15:00,62761.35,62884.0,62761.33,62884.0,107.25598
2026-06-18 23:30:00,62884.0,62950.0,62884.0,62914.42,39.28446
2026-06-18 23:45:00,62914.42,62985.12,62858.0,62958.01,250.12114
2026-06-19 00:00:00,62958.01,62984.0,62840.0,62862.0,216.19942000000003
2026-06-19 00:15:00,62862.0,62994.0,62854.0,62972.01,144.79565
2026-06-19 00:30:00,62972.0,63058.0,62951.86,63057.99,180.80137
2026-06-19 00:45:00,63057.99,63086.0,62976.42,63020.0,244.43181
2026-06-19 01:00:00,63020.0,63086.17,62900.0,62978.3,182.24642
2026-06-19 01:15:00,62978.29,63100.0,62920.0,62926.0,243.93583
2026-06-19 01:30:00,62926.0,62953.79,62852.01,62916.59,75.77647
2026-06-19 01:45:00,62916.6,63032.06,62916.59,63021.86,40.47436
2026-06-19 02:00:00,63021.86,63110.29,63017.95,63020.22,95.25515
2026-06-19 02:15:00,63020.21,63065.99,62956.08,62956.08,72.37168
2026-06-19 02:30:00,62956.08,63023.96,62922.0,62944.71,48.5606
2026-06-19 02:45:00,62944.71,63018.9,62893.71,63006.0,88.63057
2026-06-19 03:00:00,63006.01,63029.64,62716.53,62734.87,173.39385
2026-06-19 03:15:00,62734.87,62863.62,62386.9,62848.4,468.37354
2026-06-19 03:30:00,62848.4,62848.4,62618.0,62697.86,120.05845
2026-06-19 03:45:00,62697.87,62812.0,62634.0,62773.51,73.61436
2026-06-19 04:00:00,62773.52,62875.7,62618.0,62869.99,93.131
2026-06-19 04:15:00,62869.99,62916.66,62718.0,62730.87,59.91063
2026-06-19 04:30:00,62730.87,62732.01,62522.12,62605.99,99.13227
2026-06-19 04:45:00,62606.0,62684.48,62409.55,62452.01,138.78841
2026-06-19 05:00:00,62452.01,62670.89,62452.0,62669.99,92.77194
2026-06-19 05:15:00,62670.0,62670.0,62576.0,62616.0,103.53336
2026-06-19 05:30:00,62616.0,62670.89,62561.58,62651.99,91.73958
2026-06-19 05:45:00,62651.99,62744.92,62651.99,62739.2,73.78827
2026-06-19 06:00:00,62739.2,62852.46,62728.0,62849.99,82.15743
2026-06-19 06:15:00,62850.0,62860.22,62762.35,62839.38,44.4746
2026-06-19 06:30:00,62839.38,62880.0,62733.44,62824.0,56.05218
2026-06-19 06:45:00,62823.99,62914.73,62766.27,62894.08,70.26017999999999
2026-06-19 07:00:00,62894.09,62917.32,62780.0,62780.0,43.87331
2026-06-19 07:15:00,62780.0,62829.58,62718.0,62741.19,70.50305
2026-06-19 07:30:00,62741.19,62827.68,62504.27,62554.32,286.33051
2026-06-19 07:45:00,62554.32,62685.21,62506.02,62629.99,235.50422
2026-06-19 08:00:00,62630.0,62675.59,62533.33,62671.99,130.78965
2026-06-19 08:15:00,62671.99,62722.95,62612.2,62668.0,80.55918
2026-06-19 08:30:00,62668.0,62782.0,62586.0,62660.27,151.6773
2026-06-19 08:45:00,62660.27,62670.0,62572.66,62603.99,68.81428
2026-06-19 09:00:00,62604.0,62654.0,62329.42,62432.54,202.11688
2026-06-19 09:15:00,62432.55,62476.92,62316.44,62382.0,100.59121
2026-06-19 09:30:00,62382.01,62498.0,62382.0,62418.29,365.06027000000006
2026-06-19 09:45:00,62418.29,62433.91,62339.66,62390.0,253.90484
2026-06-19 10:00:00,62390.01,62559.01,62383.76,62559.0,241.66725
2026-06-19 10:15:00,62559.0,62559.0,62431.99,62502.01,217.2939
2026-06-19 10:30:00,62502.01,62502.01,62412.44,62418.0,142.56922
2026-06-19 10:45:00,62417.99,62587.27,62404.0,62533.25,160.46944000000002
2026-06-19 11:00:00,62533.24,62567.99,62452.52,62502.0,202.86231
2026-06-19 11:15:00,62502.0,62684.0,62464.0,62646.0,174.66492
2026-06-19 11:30:00,62646.01,62683.79,62590.0,62660.0,246.20868
2026-06-19 11:45:00,62660.0,62680.0,62600.63,62626.0,377.41513
2026-06-19 12:00:00,62626.0,62687.98,62605.01,62623.62,179.09382
2026-06-19 12:15:00,62623.61,62623.61,62490.0,62562.0,59.65867
2026-06-19 12:30:00,62562.0,62596.57,62399.15,62508.18,122.70742
2026-06-19 12:45:00,62508.19,62872.99,62353.0,62830.01,269.06127000000004
2026-06-19 13:00:00,62830.01,62982.43,62754.91,62788.0,246.73131
2026-06-19 13:15:00,62788.0,62812.0,62666.0,62791.88,76.12856
2026-06-19 13:30:00,62791.89,63100.0,62748.0,63091.1,281.33837
2026-06-19 13:45:00,63091.09,63415.0,63082.56,63210.0,474.16119
2026-06-19 14:00:00,63210.0,63256.0,63044.0,63089.99,201.69115
2026-06-19 14:15:00,63090.0,63295.0,63010.0,63267.67,160.78378
2026-06-19 14:30:00,63267.67,63419.27,63165.28,63311.45,155.79696
2026-06-19 14:45:00,63311.45,63362.0,63196.01,63203.53,147.15509
2026-06-19 15:00:00,63203.54,63253.55,63118.0,63183.99,121.16602
2026-06-19 15:15:00,63184.0,63211.99,63019.26,63054.81,130.92129
2026-06-19 15:30:00,63054.81,63283.86,63054.8,63252.15,142.06819
2026-06-19 15:45:00,63252.15,63279.45,63197.37,63214.01,133.0505
2026-06-19 16:00:00,63214.01,63387.8,63094.0,63387.32,199.03398
2026-06-19 16:15:00,63387.32,63387.33,63264.01,63312.01,207.73406
2026-06-19 16:30:00,63312.0,63376.0,63244.0,63244.0,335.07727
2026-06-19 16:45:00,63244.0,63244.0,62918.98,62971.99,279.56579
2026-06-19 17:00:00,62972.0,63024.0,62880.84,63002.0,148.68679
2026-06-19 17:15:00,63001.99,63150.33,62866.99,62925.99,229.591
2026-06-19 17:30:00,62925.99,63108.32,62916.58,63099.99,117.44733
2026-06-19 17:45:00,63099.99,63263.49,63034.0,63198.01,345.03349
2026-06-19 18:00:00,63198.0,63201.95,63111.84,63157.99,85.90517
2026-06-19 18:15:00,63157.99,63167.15,63112.29,63116.0,94.2302
2026-06-19 18:30:00,63116.01,63184.0,62991.37,63051.99,92.17077
2026-06-19 18:45:00,63051.99,63140.0,63016.0,63110.01,69.658
2026-06-19 19:00:00,63110.01,63110.64,63000.0,63052.7,84.59321
2026-06-19 19:15:00,63052.69,63056.6,62942.0,62998.45,64.84557
2026-06-19 19:30:00,62998.45,63023.91,62960.43,62998.57,42.21396
2026-06-19 19:45:00,62998.56,63140.0,62984.0,63021.6,91.8089
2026-06-19 20:00:00,63021.6,63079.99,63013.25,63071.99,41.89067
2026-06-19 20:15:00,63071.99,63077.6,62958.59,63077.59,54.999880000000005
2026-06-19 20:30:00,63077.6,63100.0,63027.24,63089.8,46.23
2026-06-19 20:45:00,63089.8,63274.0,63089.79,63250.01,74.80486
2026-06-19 21:00:00,63250.01,63275.64,63148.22,63266.0,65.43979
2026-06-19 21:15:00,63266.0,63266.0,63156.77,63156.77,27.23877
2026-06-19 21:30:00,63156.78,63166.0,63082.27,63087.55,39.76523
2026-06-19 21:45:00,63087.55,63135.54,63060.0,63075.98,49.25064
2026-06-19 22:00:00,63075.99,63109.93,63048.0,63097.99,127.84838
2026-06-19 22:15:00,63098.0,63300.0,63097.99,63268.0,55.89237
2026-06-19 22:30:00,63268.0,63338.0,63232.71,63323.96,317.73644
2026-06-19 22:45:00,63323.95,63369.48,63302.0,63315.28,40.45419
2026-06-19 23:00:00,63315.29,63340.0,63276.0,63295.49,57.18999
2026-06-19 23:15:00,63295.49,63333.0,63280.49,63322.64,96.63206
2026-06-19 23:30:00,63322.65,63371.53,63302.21,63337.13,55.11833
2026-06-19 23:45:00,63337.13,63666.0,63300.0,63543.91,480.28839
2026-06-20 00:00:00,63543.9,63606.0,63470.0,63523.99,101.36151
2026-06-20 00:15:00,63523.99,63640.26,63472.0,63618.01,105.80275
2026-06-20 00:30:00,63618.0,63777.0,63536.08,63607.3,189.83231
2026-06-20 00:45:00,63607.31,63608.0,63517.03,63530.01,243.1501
2026-06-20 01:00:00,63530.01,63540.0,63429.65,63448.61,97.6452
2026-06-20 01:15:00,63448.62,63518.0,63404.0,63511.19,127.60712
2026-06-20 01:30:00,63511.19,63616.23,63511.19,63563.99,72.48477
2026-06-20 01:45:00,63564.0,63592.36,63542.87,63586.28,50.9114
2026-06-20 02:00:00,63586.27,63586.27,63468.0,63474.0,34.73541
2026-06-20 02:15:00,63474.0,63474.0,63393.99,63407.99,64.8118
2026-06-20 02:30:00,63407.99,63494.0,63365.36,63404.0,145.55756
2026-06-20 02:45:00,63404.01,63432.78,63336.01,63340.57,113.77312
2026-06-20 03:00:00,63340.58,63382.5,63320.14,63350.94,58.83227
2026-06-20 03:15:00,63350.94,63455.99,63350.94,63443.94,108.27872
2026-06-20 03:30:00,63443.93,63510.0,63418.0,63491.12,46.62188
2026-06-20 03:45:00,63491.12,63505.3,63434.88,63476.79,55.1519
2026-06-20 04:00:00,63476.79,63476.8,63402.0,63423.61,68.14712
2026-06-20 04:15:00,63423.62,63570.76,63423.61,63568.81,42.06184
2026-06-20 04:30:00,63568.82,63613.59,63516.8,63606.0,44.80186
2026-06-20 04:45:00,63606.0,63607.99,63542.0,63583.53,73.61893
2026-06-20 05:00:00,63583.53,63907.07,63543.46,63814.01,249.47473
2026-06-20 05:15:00,63814.0,63834.0,63633.11,63633.12,109.14385
2026-06-20 05:30:00,63633.12,63729.95,63633.11,63637.23,54.82871
2026-06-20 05:45:00,63637.23,63711.34,63586.71,63678.07,63.8002
2026-06-20 06:00:00,63678.07,63720.0,63644.01,63677.99,58.18185
2026-06-20 06:15:00,63678.0,63755.61,63640.36,63700.0,47.74111
2026-06-20 06:30:00,63700.0,63752.44,63694.0,63752.43,49.868570000000005
2026-06-20 06:45:00,63752.43,63761.99,63724.26,63744.61,36.09669
2026-06-20 07:00:00,63744.61,63744.61,63594.37,63661.84,63.00039
2026-06-20 07:15:00,63661.85,63792.01,63661.84,63792.0,83.89621
2026-06-20 07:30:00,63792.0,63800.0,63716.0,63752.68,156.06253999999998
2026-06-20 07:45:00,63752.68,63773.99,63647.36,63655.21,145.52376
2026-06-20 08:00:00,63655.21,63664.39,63500.0,63546.0,172.97341
2026-06-20 08:15:00,63545.99,63577.12,63474.59,63482.0,58.73993
2026-06-20 08:30:00,63482.01,63492.01,63430.07,63449.4,219.72358000000003
2026-06-20 08:45:00,63449.4,63456.0,63392.41,63417.97,95.61111
2026-06-20 09:00:00,63417.98,63530.34,63417.98,63520.0,111.6346
2026-06-20 09:15:00,63520.0,63587.64,63514.13,63570.42,78.3603
2026-06-20 09:30:00,63570.42,63713.51,63559.0,63700.02,66.70355
2026-06-20 09:45:00,63700.01,63787.74,63640.0,63741.16,92.32248
2026-06-20 10:00:00,63741.16,63777.5,63690.0,63692.01,94.11981
2026-06-20 10:15:00,63692.0,63721.89,63645.0,63678.64,69.60624
2026-06-20 10:30:00,63678.64,63699.91,63592.44,63598.0,82.51752
2026-06-20 10:45:00,63598.0,63678.0,63598.0,63674.7,23.92563
2026-06-20 11:00:00,63674.71,63712.0,63620.74,63667.35,183.43023
2026-06-20 11:15:00,63667.35,63744.0,63666.05,63700.0,55.02601
2026-06-20 11:30:00,63700.0,63736.38,63687.26,63732.0,26.2995
2026-06-20 11:45:00,63732.0,63798.76,63687.99,63688.0,50.38233
2026-06-20 12:00:00,63688.0,63785.76,63672.01,63753.9,96.97936
2026-06-20 12:15:00,63753.9,63766.0,63702.66,63738.72,64.48284
2026-06-20 12:30:00,63738.72,63748.01,63584.19,63625.91,53.567
2026-06-20 12:45:00,63625.9,63655.83,63537.99,63655.09,77.07441
2026-06-20 13:00:00,63655.1,63655.1,63586.0,63586.0,39.91751
2026-06-20 13:15:00,63586.01,63624.13,63278.0,63348.94,170.64011
2026-06-20 13:30:00,63348.95,63464.35,63346.0,63450.0,143.86424
2026-06-20 13:45:00,63449.99,63491.68,63364.01,63397.78,58.27403
2026-06-20 14:00:00,63397.77,63412.0,63184.21,63209.27,323.57575
2026-06-20 14:15:00,63209.27,63370.0,63209.26,63369.99,75.28841
2026-06-20 14:30:00,63369.99,63525.0,63340.92,63508.0,61.9286
2026-06-20 14:45:00,63508.0,64150.0,63496.01,63949.9,641.19676
2026-06-20 15:00:00,63949.9,64046.0,63836.0,64004.1,167.98505999999998
2026-06-20 15:15:00,64004.09,64388.0,63966.0,64185.99,506.49682
2026-06-20 15:30:00,64185.99,64208.57,64074.6,64116.0,178.38394
2026-06-20 15:45:00,64116.01,64200.0,64078.22,64160.04,63.70584
2026-06-20 16:00:00,64160.04,64167.26,63974.0,63994.98,95.1319
2026-06-20 16:15:00,63994.98,64101.62,63980.43,63998.0,112.43494
2026-06-20 16:30:00,63998.0,64054.96,63902.58,63998.9,88.04172
2026-06-20 16:45:00,63998.9,64047.8,63959.6,64034.31,107.8214
2026-06-20 17:00:00,64034.31,64034.31,63893.01,63956.0,85.40797
2026-06-20 17:15:00,63956.0,63993.6,63872.47,63992.72,85.91403
2026-06-20 17:30:00,63992.72,64041.07,63730.21,63863.7,194.21954
2026-06-20 17:45:00,63863.71,63893.06,63814.01,63834.7,116.63958
2026-06-20 18:00:00,63834.7,63928.4,63800.0,63828.0,32.6307
2026-06-20 18:15:00,63828.01,63882.77,63828.01,63866.0,26.68879
2026-06-20 18:30:00,63865.99,63888.2,63788.0,63814.0,38.16304
2026-06-20 18:45:00,63813.99,63840.0,63788.0,63805.89,22.51226
2026-06-20 19:00:00,63805.9,63924.0,63798.0,63899.99,27.19059
2026-06-20 19:15:00,63900.0,63932.86,63844.88,63865.99,103.64451
2026-06-20 19:30:00,63866.0,63968.0,63844.0,63939.99,29.30775
2026-06-20 19:45:00,63939.99,63952.0,63920.67,63936.0,13.2727
2026-06-20 20:00:00,63935.99,63981.09,63924.18,63970.0,100.4912
2026-06-20 20:15:00,63970.0,63976.0,63905.15,63907.99,16.837310000000002
2026-06-20 20:30:00,63907.99,63918.0,63853.31,63874.9,41.95
2026-06-20 20:45:00,63874.89,63934.0,63874.89,63925.99,50.72258
2026-06-20 21:00:00,63926.0,64048.0,63922.0,63990.49,65.38038
2026-06-20 21:15:00,63990.5,63990.9,63924.09,63932.89,46.77799
2026-06-20 21:30:00,63932.89,64052.0,63918.29,64030.0,74.08607
2026-06-20 21:45:00,64030.01,64092.91,63994.05,64012.4,85.76067
2026-06-20 22:00:00,64012.39,64162.0,63978.12,64131.01,85.51377
2026-06-20 22:15:00,64131.01,64331.38,64066.16,64296.0,107.89588
2026-06-20 22:30:00,64296.0,64350.0,64244.0,64275.99,114.88015
2026-06-20 22:45:00,64275.99,64319.55,64250.0,64272.01,138.14924000000002
2026-06-20 23:00:00,64272.0,64303.38,64250.02,64260.79,115.86514
2026-06-20 23:15:00,64260.78,64316.1,64260.58,64276.43,44.61424
2026-06-20 23:30:00,64276.43,64330.89,64256.22,64330.88,29.87567
2026-06-20 23:45:00,64330.88,64336.91,64280.0,64298.01,56.73844
2026-06-21 00:00:00,64298.01,64302.25,64242.15,64268.11,59.017230000000005
2026-06-21 00:15:00,64268.1,64307.14,64237.31,64270.71,56.22539
2026-06-21 00:30:00,64270.72,64322.91,64248.0,64286.0,176.86411
2026-06-21 00:45:00,64286.0,64318.0,64251.92,64294.0,133.08408
2026-06-21 01:00:00,64294.0,64317.32,64246.81,64250.31,91.52963
2026-06-21 01:15:00,64250.31,64259.28,64234.05,64241.85,72.30006
2026-06-21 01:30:00,64241.86,64291.96,64206.17,64253.48,266.46944
2026-06-21 01:45:00,64253.48,64323.68,64248.0,64248.0,55.77018
2026-06-21 02:00:00,64248.0,64263.38,64226.69,64263.37,55.95994
2026-06-21 02:15:00,64263.37,64263.38,64222.83,64230.43,29.167160000000003
2026-06-21 02:30:00,64230.43,64265.19,64216.05,64237.78,90.76739
2026-06-21 02:45:00,64237.78,64275.12,64237.77,64241.25,54.16881
2026-06-21 03:00:00,64241.26,64299.77,64234.0,64299.77,65.72116
2026-06-21 03:15:00,64299.77,64472.99,64284.98,64357.34,123.55328
2026-06-21 03:30:00,64357.34,64462.0,64306.0,64452.01,120.12889
2026-06-21 03:45:00,64452.0,64460.01,64409.85,64426.0,99.8183
2026-06-21 04:00:00,64426.0,64432.0,64382.93,64405.7,68.93052
2026-06-21 04:15:00,64405.7,64570.0,64405.69,64530.0,136.71260999999998
2026-06-21 04:30:00,64530.01,64588.0,64488.0,64488.01,69.47125
2026-06-21 04:45:00,64488.01,64488.01,64269.45,64276.12,104.2762
2026-06-21 05:00:00,64276.12,64305.57,64238.0,64238.01,48.55278
2026-06-21 05:15:00,64238.01,64302.0,64225.6,64302.0,39.35817
2026-06-21 05:30:00,64302.0,64365.43,64293.0,64306.38,31.76248
2026-06-21 05:45:00,64306.38,64306.38,64234.01,64256.55,46.87704
2026-06-21 06:00:00,64256.56,64259.54,64200.0,64216.01,31.9028
2026-06-21 06:15:00,64216.0,64300.0,64214.0,64287.47,48.90598
2026-06-21 06:30:00,64287.47,64323.99,64263.54,64314.01,21.0391
2026-06-21 06:45:00,64314.01,64320.34,64294.0,64303.46,40.71113
2026-06-21 07:00:00,64303.47,64303.47,64252.47,64258.0,35.126
2026-06-21 07:15:00,64258.0,64274.01,64176.59,64179.46,115.36627
2026-06-21 07:30:00,64179.45,64249.99,64173.08,64249.99,69.72682
2026-06-21 07:45:00,64250.0,64259.67,64179.22,64191.07,82.75998
2026-06-21 08:00:00,64191.06,64228.0,64116.79,64120.6,79.89529
2026-06-21 08:15:00,64120.61,64121.22,64053.18,64053.18,72.49597
2026-06-21 08:30:00,64053.19,64067.62,63900.17,63982.73,77.98733
2026-06-21 08:45:00,63982.74,64014.0,63923.0,64014.0,97.69378
2026-06-21 09:00:00,64014.0,64023.13,63961.68,63976.0,63.056610000000006
2026-06-21 09:15:00,63976.01,64088.64,63961.28,64050.0,32.50502
2026-06-21 09:30:00,64050.01,64246.0,64050.0,64135.99,69.42508
2026-06-21 09:45:00,64136.0,64230.0,64120.0,64209.16,56.05151
2026-06-21 10:00:00,64209.16,64291.14,64204.0,64282.01,54.90103
2026-06-21 10:15:00,64282.0,64382.0,64251.99,64310.0,63.044
2026-06-21 10:30:00,64310.0,64383.99,64302.0,64349.98,69.6104
2026-06-21 10:45:00,64349.99,64408.0,64322.52,64365.99,98.67545
2026-06-21 11:00:00,64366.0,64483.95,64337.07,64422.0,113.47577
2026-06-21 11:15:00,64422.0,64422.0,64120.0,64384.74,100.68734
2026-06-21 11:30:00,64384.75,64406.7,64233.16,64293.65,107.11164
2026-06-21 11:45:00,64293.65,64293.65,64112.01,64176.0,117.00313
2026-06-21 12:00:00,64176.0,64235.13,64061.44,64077.99,47.01992
2026-06-21 12:15:00,64077.99,64106.0,63994.0,64021.55,101.77883
2026-06-21 12:30:00,64021.55,64085.99,63952.0,64056.01,128.53451
2026-06-21 12:45:00,64056.01,64218.0,64051.31,64200.0,81.9928
2026-06-21 13:00:00,64200.0,64200.0,64112.95,64118.41,49.283930000000005
2026-06-21 13:15:00,64118.42,64180.0,64118.42,64164.0,34.30421
2026-06-21 13:30:00,64163.99,64169.96,64020.01,64048.0,46.14326
2026-06-21 13:45:00,64048.01,64146.0,64042.34,64146.0,31.92062
2026-06-21 14:00:00,64146.0,64154.0,64066.0,64075.99,33.66704
2026-06-21 14:15:00,64076.0,64090.0,64011.19,64034.0,56.39822
2026-06-21 14:30:00,64033.99,64083.85,64004.0,64056.04,60.30712
2026-06-21 14:45:00,64056.05,64152.0,64008.9,64145.97,38.95664
2026-06-21 15:00:00,64145.97,64300.0,64120.0,64206.82,89.41312
2026-06-21 15:15:00,64206.82,64274.0,64190.0,64260.97,51.46492
2026-06-21 15:30:00,64260.97,64355.88,64194.0,64300.0,183.8487
2026-06-21 15:45:00,64299.99,64315.12,64211.0,64211.0,52028.60206245
2026-06-21 16:00:00,64211.0,64237.0,64105.0,64118.0,61485.69400185
2026-06-21 16:15:00,64118.0,64234.0,64113.0,64167.0,103961.56234019
2026-06-21 16:30:00,64168.0,64169.0,64037.0,64090.0,115223.44950488
2026-06-21 16:45:00,64091.0,64188.0,64091.0,64134.0,27080.62675486
2026-06-21 17:00:00,64135.0,64204.0,64108.0,64202.0,54385.48650857
2026-06-21 17:15:00,64203.0,64203.0,64095.0,64095.0,204103.12912177
2026-06-21 17:30:00,64096.0,64112.0,64070.0,64111.0,123801.79487962
2026-06-21 17:45:00,64111.0,64177.0,64111.0,64143.0,67646.76057432
2026-06-21 18:00:00,64143.0,64144.0,63958.0,63995.0,127716.08351731
2026-06-21 18:15:00,63995.0,64051.0,63994.0,64034.0,87468.38493852
2026-06-21 18:30:00,64034.0,64224.0,64029.0,64169.0,110345.76438056
2026-06-21 18:45:00,64169.0,64196.0,64134.0,64184.0,101630.54586699
2026-06-21 19:00:00,64184.0,64277.0,64161.0,64216.0,71287.36658723
2026-06-21 19:15:00,64215.0,64225.0,64188.0,64206.0,33706.615490209995
2026-06-21 19:30:00,64206.0,64225.0,64169.0,64196.0,140084.33567583002
2026-06-21 19:45:00,64196.0,64210.0,64185.0,64203.0,18978.07401435
2026-06-21 20:00:00,64197.0,64245.0,64133.0,64135.0,48987.06593825
2026-06-21 20:15:00,64135.0,64149.0,64058.0,64097.0,115819.50481537
2026-06-21 20:30:00,64097.0,64111.0,63955.0,63967.0,82551.25997732999
2026-06-21 20:45:00,63967.0,63970.0,63700.0,63817.0,343980.81417615
2026-06-21 21:00:00,63837.0,63859.0,63540.0,63615.0,253128.87403708
2026-06-21 21:15:00,63616.0,63781.0,63512.0,63696.0,160871.24044221
2026-06-21 21:30:00,63690.0,63938.0,63689.0,63880.0,288578.90731189
2026-06-21 21:45:00,63881.0,63908.0,63784.0,63803.0,222967.13938797
2026-06-21 22:00:00,63790.0,63840.0,63576.0,63620.0,155399.20167426998
2026-06-21 22:15:00,63620.0,63762.0,63620.0,63712.0,101401.528168
2026-06-21 22:30:00,63712.0,63712.0,63578.0,63664.0,147350.7432799
2026-06-21 22:45:00,63663.0,63836.0,63660.0,63788.0,67394.32753387999
2026-06-21 23:00:00,63789.0,63789.0,63628.0,63702.0,199579.69349458
2026-06-21 23:15:00,63702.0,63779.0,63640.0,63642.0,85119.23296468
2026-06-21 23:30:00,63639.0,63639.0,63313.0,63319.0,516376.23799676
2026-06-21 23:45:00,63325.0,63388.0,63279.0,63307.0,160168.50656317
2026-06-22 00:00:00,63307.0,63587.0,63307.0,63511.0,63368.82506766
2026-06-22 00:15:00,63497.0,63753.0,63497.0,63707.0,36639.43115127
2026-06-22 00:30:00,63707.0,64082.0,63707.0,63915.0,230222.54560708
2026-06-22 00:45:00,63908.0,63996.0,63741.0,63896.0,81418.89471284
2026-06-22 01:00:00,63896.0,64033.0,63862.0,63878.0,150670.38172484
2026-06-22 01:15:00,63879.0,64791.0,63879.0,64634.0,873038.56007032
2026-06-22 01:30:00,64634.0,64693.0,64389.0,64505.0,334617.83160074
2026-06-22 01:45:00,64506.0,64659.0,64480.0,64601.0,116860.18344641
2026-06-22 02:00:00,64602.0,64636.0,64499.0,64557.0,154335.69465153
2026-06-22 02:15:00,64547.0,64626.0,64505.0,64542.0,117859.00109069
2026-06-22 02:30:00,64535.0,64550.0,64460.0,64488.0,107114.06559219
2026-06-22 02:45:00,64484.0,64484.0,64248.0,64248.0,167934.06380826
2026-06-22 03:00:00,64247.0,64257.0,63908.0,64054.0,210965.86772008
2026-06-22 03:15:00,64047.0,64434.0,64047.0,64266.0,183345.10137301
2026-06-22 03:30:00,64266.0,64415.0,64161.0,64161.0,111945.35918923
2026-06-22 03:45:00,64161.0,64190.0,63910.0,63966.0,195880.00482247
2026-06-22 04:00:00,63968.0,63985.0,63877.0,63962.0,153050.35393724998
2026-06-22 04:15:00,63954.0,63999.0,63898.0,63951.0,148310.16693895002
2026-06-22 04:30:00,63952.0,64042.0,63952.0,63954.0,192590.93186545
2026-06-22 04:45:00,63954.0,64095.0,63951.0,64088.0,101709.04704917
2026-06-22 05:00:00,64089.0,64275.0,64079.0,64275.0,120136.57966867
2026-06-22 05:15:00,64275.0,64275.0,64205.0,64247.0,204342.44776698
2026-06-22 05:30:00,64229.0,64312.0,64172.0,64255.0,198100.94948882
2026-06-22 05:45:00,64250.0,64251.0,64180.0,64220.0,179887.31825197
2026-06-22 06:00:00,64220.0,64312.0,64141.0,64215.0,312860.13539358
2026-06-22 06:15:00,64215.0,64216.0,64083.0,64102.0,111851.46269974
2026-06-22 06:30:00,64103.0,64128.0,64000.0,64009.0,72620.43276574
2026-06-22 06:45:00,64005.0,64033.0,63949.0,64004.0,147370.71198219
2026-06-22 07:00:00,63981.0,64235.0,63977.0,64203.0,242248.20893880003
2026-06-22 07:15:00,64202.0,64304.0,64196.0,64242.0,133511.85395449
2026-06-22 07:30:00,64241.0,64361.0,64237.0,64248.0,337488.18328199
2026-06-22 07:45:00,64248.0,64248.0,64159.0,64199.0,65964.59320753
2026-06-22 08:00:00,64200.0,64297.0,64103.0,64297.0,295585.46179496
2026-06-22 08:15:00,64288.0,64310.0,64179.0,64179.0,163842.9305973
2026-06-22 08:30:00,64179.0,64241.0,64035.0,64241.0,245652.0018179
2026-06-22 08:45:00,64241.0,64252.0,64097.0,64141.0,74849.69175915
2026-06-22 09:00:00,64142.0,64228.0,64139.0,64171.0,143246.53540746
2026-06-22 09:15:00,64172.0,64172.0,64090.0,64103.0,215511.76544986
2026-06-22 09:30:00,64104.0,64165.0,64044.0,64101.0,77574.66474499
2026-06-22 09:45:00,64100.0,64121.0,64086.0,64120.0,74059.59798455
2026-06-22 10:00:00,64118.0,64255.0,64117.0,64205.0,170277.98421053
2026-06-22 10:15:00,64205.0,64214.0,64136.0,64159.0,163764.84726521
2026-06-22 10:30:00,64159.0,64165.0,64073.0,64073.0,196494.93526976
2026-06-22 10:45:00,64078.0,64162.0,64078.0,64123.0,114416.08647754
2026-06-22 11:00:00,64123.0,64371.0,64091.0,64300.0,126370.46279209
2026-06-22 11:15:00,64300.0,64435.0,64220.0,64365.0,219621.15786588
2026-06-22 11:30:00,64362.0,64741.0,64354.0,64594.0,361172.67966332
2026-06-22 11:45:00,64594.0,64743.0,64559.0,64646.0,316038.95294108
2026-06-22 12:00:00,64645.0,64876.0,64577.0,64753.0,448768.82803687
2026-06-22 12:15:00,64728.0,64953.0,64686.0,64914.0,423409.6149570301
2026-06-22 12:30:00,64914.0,65149.0,64830.0,65043.0,559009.0738651
2026-06-22 12:45:00,65042.0,65186.0,64981.0,65142.0,327579.81845826
2026-06-22 13:00:00,65140.0,65168.0,65025.0,65129.0,339228.2371396
2026-06-22 13:15:00,65130.0,65130.0,64945.0,64975.0,221182.54899254
2026-06-22 13:30:00,64975.0,65426.0,64975.0,65402.0,857573.79312857
2026-06-22 13:45:00,65354.0,65554.0,65354.0,65533.0,524991.74836813
2026-06-22 14:00:00,65545.0,65599.0,65280.0,65284.0,458691.62295475
2026-06-22 14:15:00,65285.0,65287.0,64971.0,64972.0,294535.62653166
2026-06-22 14:30:00,64971.0,65049.0,64861.0,64910.0,283387.06359089003
2026-06-22 14:45:00,64899.0,65016.0,64841.0,64958.0,265502.75667042
2026-06-22 15:00:00,64957.0,65139.0,64905.0,65076.0,247855.60300243
2026-06-22 15:15:00,65077.0,65078.0,64946.0,65014.0,318004.93799454
2026-06-22 15:30:00,65026.0,65119.0,65010.0,65065.0,188580.01496611
2026-06-22 15:45:00,65042.0,65062.0,64753.0,64809.0,158163.68524114002
2026-06-22 16:00:00,64825.0,64840.0,64658.0,64714.0,416936.07324772
2026-06-22 16:15:00,64713.0,64770.0,64644.0,64677.0,258284.4178245
2026-06-22 16:30:00,64676.0,64680.0,64543.0,64566.0,203042.13868105
2026-06-22 16:45:00,64566.0,64786.0,64518.0,64711.0,241254.05884402
2026-06-22 17:00:00,64711.0,64744.0,64619.0,64658.0,105014.97406544
2026-06-22 17:15:00,64659.0,64665.0,64521.0,64521.0,94033.09815403
2026-06-22 17:30:00,64521.0,64521.0,64389.0,64416.0,308287.69269218
2026-06-22 17:45:00,64416.0,64627.0,64416.0,64594.0,79400.61443838
2026-06-22 18:00:00,64594.0,64704.0,64593.0,64657.0,156994.17426
2026-06-22 18:15:00,64658.0,64700.0,64561.0,64581.0,144660.4749423
2026-06-22 18:30:00,64582.0,64592.0,64489.0,64490.0,120050.7845924
2026-06-22 18:45:00,64502.0,64502.0,64310.0,64324.0,198073.34353305
2026-06-22 19:00:00,64333.0,64399.0,64308.0,64398.0,63291.76527247
2026-06-22 19:15:00,64398.0,64417.0,64293.0,64345.0,191716.54293969
2026-06-22 19:30:00,64341.0,64423.0,64339.0,64392.0,105020.93131045
2026-06-22 19:45:00,64392.0,64471.0,64284.0,64454.0,141621.65623158
2026-06-22 20:00:00,64459.0,64640.0,64459.0,64512.0,163906.0399203
2026-06-22 20:15:00,64512.0,64549.0,64350.0,64391.0,151214.1493553
2026-06-22 20:30:00,64392.0,64480.0,64391.0,64480.0,69632.37904184
2026-06-22 20:45:00,64480.0,64480.0,64388.0,64416.0,215175.75261092
2026-06-22 21:00:00,64414.0,64458.0,64344.0,64386.0,55739.02490302
2026-06-22 21:15:00,64387.0,64387.0,64248.0,64289.0,59668.91412097
2026-06-22 21:30:00,64290.0,64308.0,64141.0,64172.0,88763.14855544001
2026-06-22 21:45:00,64172.0,64293.0,64170.0,64289.0,86503.98429907
2026-06-22 22:00:00,64289.0,64387.0,64266.0,64306.0,53375.21406799
2026-06-22 22:15:00,64306.0,64306.0,63915.0,64029.0,355166.14038626
2026-06-22 22:30:00,64031.0,64120.0,63813.0,63843.0,225254.40073709
2026-06-22 22:45:00,63844.0,63991.0,63844.0,63974.0,202323.46870675
2026-06-22 23:00:00,63974.0,64000.0,63913.0,63953.0,198422.30304375
2026-06-22 23:15:00,63944.0,64049.0,63900.0,64036.0,105671.12524071
2026-06-22 23:30:00,64023.0,64036.0,63961.0,63983.0,134878.76041832002
2026-06-22 23:45:00,63984.0,64032.0,63947.0,64013.0,89080.61101061999
2026-06-23 00:00:00,63997.0,64021.0,63896.0,63952.0,35618.11621432
2026-06-23 00:15:00,63951.0,63982.0,63833.0,63871.0,63545.34434939
2026-06-23 00:30:00,63872.0,64106.0,63871.0,64106.0,64674.52986123
2026-06-23 00:45:00,64107.0,64147.0,64043.0,64142.0,65840.65894058
2026-06-23 01:00:00,64142.0,64253.0,64139.0,64211.0,153956.35047179
2026-06-23 01:15:00,64211.0,64247.0,64147.0,64181.0,43754.92863884
2026-06-23 01:30:00,64193.0,64228.0,63996.0,64043.0,34458.17590952
2026-06-23 01:45:00,64044.0,64165.0,63904.0,64157.0,203927.83149237
2026-06-23 02:00:00,64149.0,64165.0,64039.0,64108.0,159474.67248061002
2026-06-23 02:15:00,64109.0,64222.0,64109.0,64176.0,122525.79415209
2026-06-23 02:30:00,64177.0,64241.0,64170.0,64220.0,107041.90877519
2026-06-23 02:45:00,64197.0,64255.0,64160.0,64200.0,36903.77220922
2026-06-23 03:00:00,64200.0,64200.0,63965.0,64006.0,57422.29003501
2026-06-23 03:15:00,64006.0,64083.0,64006.0,64082.0,140942.07095515
2026-06-23 03:30:00,64077.0,64077.0,63972.0,63986.0,203403.32473715
2026-06-23 03:45:00,63987.0,64066.0,63987.0,64053.0,89988.75598889
2026-06-23 04:00:00,64052.0,64084.0,64008.0,64043.0,47489.33113218
2026-06-23 04:15:00,64044.0,64045.0,63907.0,63964.0,101454.86260134
2026-06-23 04:30:00,63965.0,63965.0,63813.0,63822.0,73419.3633732
2026-06-23 04:45:00,63819.0,63854.0,63621.0,63621.0,514884.79569676006
2026-06-23 05:00:00,63625.0,63722.0,63621.0,63622.0,165346.54944464
2026-06-23 05:15:00,63616.0,63658.0,63404.0,63475.0,343984.20053458994
2026-06-23 05:30:00,63474.0,63506.0,63383.0,63449.0,254736.756198
2026-06-23 05:45:00,63440.0,63447.0,63357.0,63384.0,201283.47472435
2026-06-23 06:00:00,63384.0,63384.0,63123.0,63190.0,469206.0657496
2026-06-23 06:15:00,63190.0,63264.0,62595.0,62770.0,1014047.03609533
2026-06-23 06:30:00,62770.0,62985.0,62718.0,62954.0,231725.14246402
2026-06-23 06:45:00,62955.0,63048.0,62928.0,62954.0,121199.88746363
2026-06-23 07:00:00,62955.0,63049.0,62855.0,63031.0,209775.69227764
2026-06-23 07:15:00,63035.0,63109.0,62991.0,63014.0,504244.70823489
2026-06-23 07:30:00,63015.0,63038.0,62888.0,62908.0,341147.45705446
2026-06-23 07:45:00,62908.0,62979.0,62882.0,62885.0,150617.58314932
2026-06-23 08:00:00,62892.0,62953.0,62654.0,62667.0,240183.50611089
2026-06-23 08:15:00,62667.0,62677.0,62000.0,62063.0,890608.90139777
2026-06-23 08:30:00,62058.0,62451.0,62058.0,62420.0,406575.36607624
2026-06-23 08:45:00,62414.0,62463.0,62325.0,62377.0,222805.8304145
2026-06-23 09:00:00,62378.0,62468.0,62366.0,62444.0,309281.97430361
2026-06-23 09:15:00,62439.0,62513.0,62438.0,62512.0,164700.77490532
2026-06-23 09:30:00,62513.0,62513.0,62353.0,62370.0,98925.45738362
2026-06-23 09:45:00,62371.0,62419.0,62362.0,62384.0,61128.70211035
2026-06-23 10:00:00,62385.0,62581.0,62385.0,62455.0,123236.39531182
2026-06-23 10:15:00,62455.0,62463.0,62350.0,62373.0,229254.25797028
2026-06-23 10:30:00,62372.0,62379.0,62254.0,62268.0,211010.61667233
2026-06-23 10:45:00,62268.0,62349.0,62259.0,62338.0,244591.28487604
2026-06-23 11:00:00,62338.0,62412.0,62338.0,62378.0,191864.61213763
2026-06-23 11:15:00,62378.0,62571.0,62378.0,62558.0,256109.95906911
2026-06-23 11:30:00,62558.0,62628.0,62553.0,62574.0,366042.4696966
2026-06-23 11:45:00,62572.0,62601.0,62430.0,62509.0,294688.94306301
2026-06-23 12:00:00,62509.0,62547.0,62404.0,62406.0,199244.65181894
2026-06-23 12:15:00,62406.0,62437.0,62344.0,62389.0,86735.7649673
2026-06-23 12:30:00,62400.0,62469.0,62292.0,62329.0,196537.37196542
2026-06-23 12:45:00,62328.0,62328.0,62218.0,62251.0,227281.06646369
2026-06-23 13:00:00,62252.0,62286.0,62081.0,62178.0,301044.18148407
2026-06-23 13:15:00,62160.0,62166.0,62035.0,62064.0,159792.99482446
2026-06-23 13:30:00,62062.0,62427.0,61972.0,62393.0,468795.96965256
2026-06-23 13:45:00,62362.0,62516.0,62279.0,62443.0,228578.18655471
2026-06-23 14:00:00,62444.0,62719.0,62435.0,62719.0,212518.11041873
2026-06-23 14:15:00,62715.0,62840.0,62464.0,62566.0,361455.06226753
2026-06-23 14:30:00,62567.0,62738.0,62458.0,62500.0,168075.95252186002
2026-06-23 14:45:00,62499.0,62584.0,62416.0,62478.0,274445.00264291
2026-06-23 15:00:00,62477.0,62501.0,62316.0,62355.0,195060.23289738
2026-06-23 15:15:00,62358.0,62358.0,62201.0,62270.0,229990.46859322
2026-06-23 15:30:00,62269.0,62475.0,62269.0,62294.0,79378.97217243
2026-06-23 15:45:00,62294.0,62466.0,62205.0,62466.0,143402.56217137
2026-06-23 16:00:00,62466.0,62812.0,62420.0,62793.0,319077.52092322
2026-06-23 16:15:00,62793.0,62806.0,62568.0,62579.0,182675.69297722
2026-06-23 16:30:00,62579.0,62634.0,62577.0,62613.0,49161.15475034
2026-06-23 16:45:00,62613.0,62624.0,62488.0,62551.0,93160.93113752
2026-06-23 17:00:00,62548.0,62548.0,62404.0,62436.0,524447.01267101
2026-06-23 17:15:00,62437.0,62654.0,62436.0,62626.0,135232.86295427
2026-06-23 17:30:00,62626.0,62671.0,62504.0,62512.0,138782.39272285
2026-06-23 17:45:00,62511.0,62535.0,62329.0,62352.0,43115.68718887
2026-06-23 18:00:00,62362.0,62443.0,62283.0,62370.0,96407.28590768
2026-06-23 18:15:00,62371.0,62401.0,62324.0,62359.0,114173.83620042
2026-06-23 18:30:00,62359.0,62359.0,62159.0,62159.0,144477.15788913
2026-06-23 18:45:00,62159.0,62259.0,62127.0,62242.0,161026.75391116
2026-06-23 19:00:00,62242.0,62422.0,62238.0,62366.0,243896.32613204
2026-06-23 19:15:00,62366.0,62433.0,62256.0,62433.0,94669.2479979
2026-06-23 19:30:00,62432.0,62473.0,62311.0,62311.0,161721.89247685
2026-06-23 19:45:00,62311.0,62402.0,62271.0,62394.0,105939.62082586
2026-06-23 20:00:00,62395.0,62520.0,62394.0,62431.0,82842.5927445
2026-06-23 20:15:00,62430.0,62492.0,62410.0,62492.0,50721.17572601
2026-06-23 20:30:00,62492.0,62492.0,62459.0,62469.0,192664.63705318
2026-06-23 20:45:00,62460.0,62467.0,62384.0,62442.0,58679.81507369
2026-06-23 21:00:00,62450.0,62593.0,62450.0,62498.0,136001.94931168
2026-06-23 21:15:00,62504.0,62562.0,62471.0,62542.0,79826.20341712
2026-06-23 21:30:00,62551.0,62605.0,62550.0,62605.0,105931.65256363
2026-06-23 21:45:00,62605.0,62641.0,62574.0,62586.0,158854.00051242
2026-06-23 22:00:00,62586.0,62749.0,62586.0,62740.0,61408.037113540006
2026-06-23 22:15:00,62737.0,62751.0,62562.0,62601.0,117340.87532232
2026-06-23 22:30:00,62598.0,62604.0,62530.0,62552.0,61050.54809057
2026-06-23 22:45:00,62544.0,62600.0,62516.0,62581.0,55952.66192782
2026-06-23 23:00:00,62581.0,62591.0,62504.0,62515.0,157848.87799495
2026-06-23 23:15:00,62515.0,62668.0,62515.0,62659.0,45904.29169499
2026-06-23 23:30:00,62660.0,62660.0,62586.0,62605.0,36713.66150729
2026-06-23 23:45:00,62605.0,62771.0,62605.0,62730.0,42125.78670163
2026-06-24 00:00:00,62731.0,62896.0,62730.0,62883.0,263484.55098928
2026-06-24 00:15:00,62878.0,62902.0,62812.0,62836.0,103777.81449334
2026-06-24 00:30:00,62837.0,63011.0,62791.0,62950.0,78038.06326098999
2026-06-24 00:45:00,62951.0,63001.0,62894.0,62982.0,71126.06560353999
2026-06-24 01:00:00,62994.0,63009.0,62849.0,62970.0,179195.12614256
2026-06-24 01:15:00,62956.0,62956.0,62777.0,62888.0,75525.9821489
2026-06-24 01:30:00,62893.0,63092.0,62891.0,62931.0,115677.66982446
2026-06-24 01:45:00,62931.0,63008.0,62914.0,62917.0,117772.1615899
2026-06-24 02:00:00,62917.0,62995.0,62809.0,62867.0,115528.27679978
2026-06-24 02:15:00,62860.0,62860.0,62674.0,62752.0,40779.17356819
2026-06-24 02:30:00,62751.0,62784.0,62626.0,62715.0,110999.20680737
2026-06-24 02:45:00,62719.0,62741.0,62611.0,62625.0,233788.88421085
2026-06-24 03:00:00,62626.0,62668.0,62575.0,62600.0,146736.04718165
2026-06-24 03:15:00,62600.0,62661.0,62475.0,62654.0,99934.54556632
2026-06-24 03:30:00,62654.0,62819.0,62653.0,62787.0,75846.90932551
2026-06-24 03:45:00,62791.0,62822.0,62727.0,62727.0,103628.08098794
2026-06-24 04:00:00,62728.0,62743.0,62631.0,62651.0,39504.07644601
2026-06-24 04:15:00,62651.0,62669.0,62519.0,62581.0,74704.42520845
2026-06-24 04:30:00,62582.0,62738.0,62582.0,62661.0,118295.09236636
2026-06-24 04:45:00,62660.0,62783.0,62660.0,62759.0,204526.21715471
2026-06-24 05:00:00,62736.0,62832.0,62697.0,62764.0,87233.61253849999
2026-06-24 05:15:00,62765.0,62860.0,62764.0,62858.0,77092.74479985
2026-06-24 05:30:00,62859.0,63049.0,62858.0,62921.0,255984.4705291
2026-06-24 05:45:00,62921.0,62946.0,62854.0,62867.0,129474.1355881
2026-06-24 06:00:00,62867.0,62872.0,62760.0,62814.0,46085.3991979
2026-06-24 06:15:00,62815.0,62899.0,62778.0,62838.0,44084.10515857
2026-06-24 06:30:00,62838.0,62865.0,62791.0,62791.0,129267.08990803
2026-06-24 06:45:00,62775.0,62777.0,62727.0,62764.0,108684.46251646
2026-06-24 07:00:00,62765.0,62819.0,62684.0,62805.0,188352.12201788
2026-06-24 07:15:00,62805.0,62806.0,62670.0,62670.0,251837.83032214
2026-06-24 07:30:00,62664.0,62696.0,62621.0,62675.0,89985.59813720999
2026-06-24 07:45:00,62675.0,62708.0,62604.0,62633.0,154166.56339399
2026-06-24 08:00:00,62634.0,62694.0,62605.0,62644.0,73740.2518268
2026-06-24 08:15:00,62641.0,62686.0,62640.0,62685.0,69119.15488018
2026-06-24 08:30:00,62685.0,62767.0,62663.0,62766.0,70236.46050613999
2026-06-24 08:45:00,62766.0,62785.0,62732.0,62779.0,38557.35883742
2026-06-24 09:00:00,62779.0,62780.0,62673.0,62752.0,119355.61709396
2026-06-24 09:15:00,62764.0,62764.0,62669.0,62670.0,36352.81513308
2026-06-24 09:30:00,62670.0,62676.0,62631.0,62639.0,85045.41426468
2026-06-24 09:45:00,62639.0,62685.0,62632.0,62676.0,67739.82018438
2026-06-24 10:00:00,62673.0,62674.0,62555.0,62595.0,147948.52242722
2026-06-24 10:15:00,62595.0,62608.0,62493.0,62529.0,238813.84134456
2026-06-24 10:30:00,62530.0,62593.0,62517.0,62593.0,142502.67954347
2026-06-24 10:45:00,62586.0,62587.0,62434.0,62441.0,89227.20281614
2026-06-24 11:00:00,62441.0,62457.0,62318.0,62373.0,237766.57242136
2026-06-24 11:15:00,62380.0,62391.0,62312.0,62380.0,241340.49525731
2026-06-24 11:30:00,62376.0,62726.0,62376.0,62726.0,169486.68362114002
2026-06-24 11:45:00,62726.0,63203.0,62723.0,62902.0,290640.12373743
2026-06-24 12:00:00,62912.0,62954.0,62806.0,62835.0,195666.50671979
2026-06-24 12:15:00,62836.0,62869.0,62755.0,62814.0,216089.2225671
2026-06-24 12:30:00,62815.0,62883.0,62758.0,62838.0,182609.94103902
2026-06-24 12:45:00,62838.0,62839.0,62577.0,62604.0,86569.89570834
2026-06-24 13:00:00,62612.0,62612.0,62000.0,62034.0,548533.75136786
2026-06-24 13:15:00,62036.0,62222.0,61707.0,61883.0,952218.45019359
2026-06-24 13:30:00,61870.0,62150.0,61484.0,61524.0,685237.48288799
2026-06-24 13:45:00,61541.0,61643.0,61325.0,61357.0,269177.13389186
2026-06-24 14:00:00,61357.0,61460.0,61141.0,61241.0,785053.30740311
2026-06-24 14:15:00,61233.0,61314.0,60950.0,61226.0,752137.44389368
2026-06-24 14:30:00,61240.0,61385.0,61089.0,61184.0,447875.11808145
2026-06-24 14:45:00,61181.0,61260.0,60973.0,61122.0,372189.94256478
2026-06-24 15:00:00,61111.0,61123.0,60876.0,60927.0,344393.10492365
2026-06-24 15:15:00,60927.0,61149.0,60850.0,60889.0,389351.41897976
2026-06-24 15:30:00,60889.0,60889.0,60567.0,60584.0,744596.59249524
2026-06-24 15:45:00,60584.0,60585.0,60284.0,60284.0,871623.76722811
2026-06-24 16:00:00,60284.0,60555.0,60250.0,60548.0,741772.23585747
2026-06-24 16:15:00,60548.0,60668.0,60454.0,60570.0,361977.28227835
2026-06-24 16:30:00,60563.0,60564.0,60203.0,60262.0,529185.40647978
2026-06-24 16:45:00,60262.0,60262.0,59700.0,59885.0,2220332.2923465497
2026-06-24 17:00:00,59876.0,60053.0,59743.0,59839.0,857773.92032653
2026-06-24 17:15:00,59845.0,59879.0,59408.0,59699.0,1196486.40717422
2026-06-24 17:30:00,59698.0,59742.0,59317.0,59341.0,939781.91227964
2026-06-24 17:45:00,59341.0,59494.0,59126.0,59412.0,1250314.17578218
2026-06-24 18:00:00,59420.0,59664.0,59332.0,59600.0,1150635.03998807
2026-06-24 18:15:00,59600.0,59934.0,59599.0,59730.0,645050.4524387501
2026-06-24 18:30:00,59730.0,59757.0,59516.0,59566.0,444222.49833716
2026-06-24 18:45:00,59559.0,59660.0,59446.0,59595.0,631976.25267955
2026-06-24 19:00:00,59612.0,59728.0,59548.0,59698.0,352471.56546367
2026-06-24 19:15:00,59692.0,59840.0,59619.0,59834.0,263292.74401221
2026-06-24 19:30:00,59834.0,59908.0,59756.0,59788.0,383674.0812298
2026-06-24 19:45:00,59788.0,59988.0,59763.0,59980.0,294520.38262936
2026-06-24 20:00:00,59980.0,60816.0,59870.0,60695.0,1019676.20183853
2026-06-24 20:15:00,60688.0,60815.0,60603.0,60770.0,458535.82936145
2026-06-24 20:30:00,60775.0,60910.0,60687.0,60904.0,359530.03210756
2026-06-24 20:45:00,60893.0,61197.0,60885.0,60960.0,728422.30592578
2026-06-24 21:00:00,60960.0,61014.0,60676.0,60747.0,388344.08161072
2026-06-24 21:15:00,60725.0,60885.0,60692.0,60838.0,223497.62438632
2026-06-24 21:30:00,60838.0,61117.0,60800.0,61086.0,247417.77435261
2026-06-24 21:45:00,61086.0,61115.0,61008.0,61101.0,86701.14169465
2026-06-24 22:00:00,61101.0,61250.0,60999.0,61000.0,349514.17805347004
2026-06-24 22:15:00,60999.0,61001.0,60874.0,60878.0,146003.48003196
2026-06-24 22:30:00,60878.0,60936.0,60815.0,60910.0,75322.36597618001
2026-06-24 22:45:00,60911.0,60911.0,60816.0,60860.0,121190.8552373
2026-06-24 23:00:00,60861.0,60938.0,60828.0,60871.0,121566.03954286
2026-06-24 23:15:00,60871.0,61027.0,60844.0,60970.0,178343.16052673
2026-06-24 23:30:00,60970.0,61062.0,60955.0,61028.0,171663.05527655
2026-06-24 23:45:00,61029.0,61102.0,60947.0,61080.0,255703.30896075
2026-06-25 00:00:00,61080.0,61159.0,61034.0,61090.0,203755.90411693
2026-06-25 00:15:00,61090.0,61103.0,60925.0,60925.0,97091.96717823
2026-06-25 00:30:00,60928.0,60981.0,60835.0,60835.0,221479.31348036
2026-06-25 00:45:00,60842.0,60904.0,60729.0,60809.0,110055.7452698
2026-06-25 01:00:00,60810.0,60873.0,60741.0,60755.0,120309.44696726
2026-06-25 01:15:00,60760.0,60912.0,60721.0,60856.0,90161.75361411
2026-06-25 01:30:00,60856.0,60877.0,60808.0,60816.0,202683.90115529
2026-06-25 01:45:00,60815.0,60961.0,60808.0,60926.0,69127.86956547
2026-06-25 02:00:00,60919.0,60952.0,60727.0,60774.0,144631.1470045
2026-06-25 02:15:00,60781.0,60935.0,60754.0,60931.0,92957.65815771
2026-06-25 02:30:00,60930.0,60930.0,60757.0,60762.0,110102.27210763
2026-06-25 02:45:00,60761.0,60805.0,60695.0,60774.0,339168.90225267
2026-06-25 03:00:00,60774.0,60851.0,60736.0,60786.0,78924.82277328
2026-06-25 03:15:00,60742.0,60821.0,60693.0,60789.0,38984.12098142
2026-06-25 03:30:00,60779.0,60820.0,60742.0,60743.0,63928.834422290005
2026-06-25 03:45:00,60742.0,60860.0,60742.0,60859.0,73469.95268514
2026-06-25 04:00:00,60875.0,60880.0,60820.0,60820.01,964.97477108
2026-06-25 04:15:00,60820.01,60920.0,60792.0,60901.2,80.85325
2026-06-25 04:30:00,60901.2,60973.88,60808.33,60973.67,78.75686999999999
2026-06-25 04:45:00,60973.66,61385.17,60973.66,61369.59,239.93957
2026-06-25 05:00:00,61357.63,61747.0,61280.0,61647.6,600.21345
2026-06-25 05:15:00,61647.6,61807.04,61483.82,61614.0,269.51932
2026-06-25 05:30:00,61613.99,61658.98,61530.0,61590.0,150.1732
2026-06-25 05:45:00,61536.01,61663.74,61522.0,61600.01,80.14271
2026-06-25 06:00:00,61600.02,61740.0,61600.01,61740.0,44.88537
2026-06-25 06:15:00,61715.82,61800.33,61646.0,61676.3,95.31
2026-06-25 06:30:00,61676.29,61764.59,61660.11,61764.59,150.3579
2026-06-25 06:45:00,61764.58,61869.02,61720.0,61732.06,155.61236
2026-06-25 07:00:00,61732.06,61832.0,61670.0,61758.0,309.6431
2026-06-25 07:15:00,61758.0,61892.13,61756.76,61807.88,288.00115
2026-06-25 07:30:00,61807.88,61962.4,61807.88,61916.25,209.82356
2026-06-25 07:45:00,61916.25,61944.54,61807.87,61911.04,130.24558000000002
2026-06-25 08:00:00,61911.03,61920.0,61760.0,61799.5,91.36631
2026-06-25 08:15:00,61799.5,61799.51,61710.5,61779.61,65.54223
2026-06-25 08:30:00,61779.61,61779.61,61714.0,61757.19,84.47196
2026-06-25 08:45:00,61757.18,61804.45,61684.87,61712.35,96.05728
2026-06-25 09:00:00,61712.36,61792.0,61680.92,61740.82,85.13651
2026-06-25 09:15:00,61740.82,61766.34,61614.32,61696.01,101.0307
2026-06-25 09:30:00,61696.0,61772.87,61688.73,61753.01,72.97559
2026-06-25 09:45:00,61753.01,61780.46,61706.0,61739.29,68.34291999999999
2026-06-25 10:00:00,61739.29,61751.07,61658.0,61688.01,45.00096
2026-06-25 10:15:00,61688.01,61751.07,61572.24,61574.89,142.13828999999998
2026-06-25 10:30:00,61574.89,61593.01,61388.96,61393.82,272.32919000000004
2026-06-25 10:45:00,61393.82,61400.0,61257.79,61269.94,226.80051
2026-06-25 11:00:00,61269.95,61362.0,61066.0,61358.01,193.02159
2026-06-25 11:15:00,61358.01,61422.52,61242.0,61242.0,153.49706
2026-06-25 11:30:00,61242.01,61390.0,61242.01,61318.0,120.96941
2026-06-25 11:45:00,61318.0,61318.0,61152.36,61282.01,138.46797
2026-06-25 12:00:00,61282.0,61372.0,61147.51,61221.6,115.57928
2026-06-25 12:15:00,61221.59,61269.27,61080.0,61098.29,151.86655000000002
2026-06-25 12:30:00,61098.29,61761.35,61098.29,61382.34,639.77599
2026-06-25 12:45:00,61382.33,61413.51,61156.0,61244.01,217.77777
2026-06-25 13:00:00,61244.01,61362.0,61172.54,61326.01,175.70614999999998
2026-06-25 13:15:00,61326.0,61369.18,61192.0,61240.01,150.74119000000002
2026-06-25 13:30:00,61240.01,61343.9,60072.01,60077.99,1247.68604
2026-06-25 13:45:00,60078.0,60250.0,58115.01,58290.17,4821.87175
2026-06-25 14:00:00,58291.7,59750.0,58291.7,59268.19,2537.11441
2026-06-25 14:15:00,59268.19,59568.22,58797.2,59329.16,1185.7154
2026-06-25 14:30:00,59329.16,60485.51,59179.06,59489.48,1740.07754
2026-06-25 14:45:00,59489.48,59787.99,59345.43,59471.5,539.36716
2026-06-25 15:00:00,59471.49,59480.0,59049.64,59057.87,668.41128
2026-06-25 15:15:00,59057.86,59385.17,58874.85,59261.99,897.91408
2026-06-25 15:30:00,59262.0,59550.0,59077.0,59198.01,493.6846
2026-06-25 15:45:00,59198.01,59655.86,59176.0,59557.99,396.00377
2026-06-25 16:00:00,59557.99,60067.0,59468.0,59762.0,762.80808
2026-06-25 16:15:00,59762.01,59842.23,59682.0,59742.98,277.97579
2026-06-25 16:30:00,59742.99,59742.99,59241.98,59265.99,358.99805
2026-06-25 16:45:00,59266.0,59389.08,59157.63,59312.64,365.32727
2026-06-25 17:00:00,59312.64,59464.0,59139.96,59399.77,293.76464
2026-06-25 17:15:00,59399.77,59602.0,59342.4,59556.01,267.29296
2026-06-25 17:30:00,59556.0,59740.9,59496.49,59535.81,239.74113
2026-06-25 17:45:00,59535.81,59684.0,59443.8,59676.01,262.07761
2026-06-25 18:00:00,59676.0,59793.34,59400.0,59400.01,315.34678
2026-06-25 18:15:00,59400.01,59749.99,59398.01,59718.02,277.36995
2026-06-25 18:30:00,59718.01,59718.02,59382.43,59423.88,205.9677
2026-06-25 18:45:00,59423.88,59594.77,59364.0,59512.71,180.06658
2026-06-25 19:00:00,59512.71,59516.0,59227.15,59242.01,240.53845
2026-06-25 19:15:00,59242.01,59359.19,59168.82,59348.05,275.50858
2026-06-25 19:30:00,59348.04,59434.05,59289.61,59301.99,214.87059
2026-06-25 19:45:00,59301.99,59365.84,59188.25,59320.0,186.37131
2026-06-25 20:00:00,59319.99,59741.95,59319.99,59580.0,239.20727
2026-06-25 20:15:00,59580.0,59730.0,59553.39,59628.0,99.49196
2026-06-25 20:30:00,59628.0,59660.0,59414.04,59522.01,108.15795
2026-06-25 20:45:00,59522.01,59522.01,59344.0,59456.62,92.5438
2026-06-25 21:00:00,59456.62,59622.09,59452.01,59622.09,111.97121
2026-06-25 21:15:00,59622.09,59711.99,59557.6,59711.99,91.66054
2026-06-25 21:30:00,59712.0,60005.0,59700.01,59958.01,198.95353
2026-06-25 21:45:00,59958.0,60273.81,59898.0,60211.87,214.63746
2026-06-25 22:00:00,60211.86,60211.86,59879.66,59887.06,174.58292999999998
2026-06-25 22:15:00,59887.05,60012.0,59794.0,59794.01,95.74875
2026-06-25 22:30:00,59794.01,59874.02,59750.0,59794.0,75.64434
2026-06-25 22:45:00,59793.99,59921.71,59740.0,59851.27,85.63374
2026-06-25 23:00:00,59851.27,59967.44,59796.02,59946.0,72.10612
2026-06-25 23:15:00,59946.0,60170.17,59926.0,60104.51,222.09557
2026-06-25 23:30:00,60104.51,60191.55,59965.99,59986.0,90.07977
2026-06-25 23:45:00,59986.0,59986.01,59739.99,59794.0,74.61216999999999
2026-06-26 00:00:00,59794.64,59906.71,59771.13,59884.01,192.32459
2026-06-26 00:15:00,59884.0,59884.0,59679.63,59771.99,217.56002
2026-06-26 00:30:00,59771.99,59871.99,59704.0,59789.8,109.91069
2026-06-26 00:45:00,59789.79,59818.0,59642.77,59667.09,355.81997
2026-06-26 01:00:00,59667.09,59789.07,59450.0,59595.99,261.17661
2026-06-26 01:15:00,59596.0,59664.0,59300.09,59300.09,239.24443
2026-06-26 01:30:00,59300.1,59379.34,59228.0,59313.93,202.73273
2026-06-26 01:45:00,59313.92,59439.31,59271.18,59431.5,130.55916
2026-06-26 02:00:00,59431.49,59456.0,58608.2,58678.0,767.40607
2026-06-26 02:15:00,58678.0,58892.21,58358.77,58882.01,959.88104
2026-06-26 02:30:00,58882.01,59012.48,58690.69,58817.88,546.39283
2026-06-26 02:45:00,58817.88,58828.48,58435.32,58561.99,360.00356
2026-06-26 03:00:00,58562.0,58970.0,58337.0,58898.01,470.8781
2026-06-26 03:15:00,58898.0,59186.53,58804.0,59100.36,257.97616
2026-06-26 03:30:00,59100.37,59539.49,59014.9,59494.16,420.2586
2026-06-26 03:45:00,59494.16,60131.37,59484.21,60036.01,736.95949
2026-06-26 04:00:00,60036.0,60091.99,59836.17,59914.73,347.18572
2026-06-26 04:15:00,59914.73,60238.77,59891.49,59944.97,211.51298
2026-06-26 04:30:00,59994.0,60020.31,59891.78,59973.73,138.99965
2026-06-26 04:45:00,59973.73,59979.35,59856.0,59920.47,79.84228
2026-06-26 05:00:00,59920.47,59976.0,59838.01,59976.0,200.19302
2026-06-26 05:15:00,59976.0,60040.0,59736.0,59958.0,218.44645
2026-06-26 05:30:00,59958.01,60047.68,59847.05,59881.74,136.41831
2026-06-26 05:45:00,59881.74,59973.6,59780.04,59953.3,328.07871
2026-06-26 06:00:00,59953.3,59953.31,59702.0,59719.27,622.7963199999999
2026-06-26 06:15:00,59719.27,60093.38,59715.76,60045.49,313.95605
2026-06-26 06:30:00,60045.48,60414.0,59954.31,60390.93,321.80887
2026-06-26 06:45:00,60390.92,60459.55,60240.0,60324.0,246.41803
2026-06-26 07:00:00,60324.0,60546.0,60283.08,60514.88,183.12083
2026-06-26 07:15:00,60514.89,60713.26,60470.0,60590.01,286.76485
2026-06-26 07:30:00,60590.01,60759.99,60559.57,60594.01,798.7045
2026-06-26 07:45:00,60594.0,60642.92,60500.0,60532.0,884.48061
2026-06-26 08:00:00,60532.0,60580.0,60233.31,60276.04,292.08296
2026-06-26 08:15:00,60276.17,60375.47,60191.04,60314.5,207.15626
2026-06-26 08:30:00,60314.51,60348.98,60153.75,60214.0,165.94763999999998
2026-06-26 08:45:00,60214.0,60280.0,60150.56,60245.67,138.66778
2026-06-26 09:00:00,60245.9,60259.37,60080.18,60175.68,118.5071
2026-06-26 09:15:00,60175.68,60179.36,60084.01,60134.0,142.29569
2026-06-26 09:30:00,60133.99,60133.99,59957.04,60003.51,212.53875
2026-06-26 09:45:00,60003.51,60024.43,59583.33,59736.01,358.88048000000003
2026-06-26 10:00:00,59736.01,59825.09,59656.0,59752.0,252.58312
2026-06-26 10:15:00,59752.01,59858.93,59718.78,59723.7,237.13806
2026-06-26 10:30:00,59723.7,59809.0,59459.83,59558.01,210.63817
2026-06-26 10:45:00,59558.01,59566.0,59239.78,59313.26,350.61506
2026-06-26 11:00:00,59313.26,59588.0,59259.78,59486.0,382.26928
2026-06-26 11:15:00,59486.0,59500.0,59368.85,59419.01,136.62718999999998
2026-06-26 11:30:00,59419.02,59532.0,59390.12,59452.58,174.80058
2026-06-26 11:45:00,59452.58,59453.07,59275.41,59413.24,354.63585
2026-06-26 12:00:00,59413.24,59517.52,59343.44,59455.39,409.13623
2026-06-26 12:15:00,59455.4,59726.0,59453.39,59726.0,354.8596
2026-06-26 12:30:00,59725.99,60007.91,58969.9,59145.33,499.05607
2026-06-26 12:45:00,59145.33,59600.0,59072.73,59185.02,447.30191
2026-06-26 13:00:00,59185.02,59279.84,58947.16,59093.9,361.84089
2026-06-26 13:15:00,59093.9,59174.84,58500.1,58914.35,1118.33001
2026-06-26 13:30:00,58914.35,59508.2,58842.0,59480.49,648.79123
2026-06-26 13:45:00,59480.48,60216.14,59328.79,60175.43,601.37666
2026-06-26 14:00:00,60175.42,60294.0,59815.34,59989.99,555.75868
2026-06-26 14:15:00,59989.99,60253.04,59821.24,60059.34,416.32035
2026-06-26 14:30:00,60059.35,60080.36,59556.0,59600.0,456.95276
2026-06-26 14:45:00,59600.0,59906.0,59390.0,59590.73,316.24688000000003
2026-06-26 15:00:00,59590.73,60100.0,59584.01,59834.01,309.23207
2026-06-26 15:15:00,59834.0,60376.0,59786.0,60185.99,418.57807
2026-06-26 15:30:00,60185.98,60500.0,60129.99,60424.13,458.18767
2026-06-26 15:45:00,60424.13,60438.0,60144.82,60328.32,396.87307
2026-06-26 16:00:00,60328.18,60583.0,60147.36,60178.0,418.74818
2026-06-26 16:15:00,60178.0,60278.0,59970.0,60042.99,264.48641
2026-06-26 16:30:00,60042.99,60387.99,60042.99,60066.13,292.90203
2026-06-26 16:45:00,60066.12,60181.68,60014.0,60041.75,152.33255
2026-06-26 17:00:00,60041.76,60287.9,60011.04,60211.99,166.24192
2026-06-26 17:15:00,60211.99,60254.2,60036.79,60178.01,138.9132
2026-06-26 17:30:00,60178.0,60216.0,59952.0,60065.5,121.85771
2026-06-26 17:45:00,60065.5,60108.0,59960.0,60023.97,119.62239
2026-06-26 18:00:00,60023.96,60158.0,60021.17,60083.99,80.03381999999999
2026-06-26 18:15:00,60084.0,60110.0,59812.0,59829.12,150.10525
2026-06-26 18:30:00,59829.12,59881.93,59744.38,59778.0,104.39557
2026-06-26 18:45:00,59778.01,59778.01,59556.0,59668.01,169.67677
2026-06-26 19:00:00,59668.01,60098.0,59617.37,60019.17,230.21172
2026-06-26 19:15:00,60019.16,60019.17,59884.0,59937.95,118.58294
2026-06-26 19:30:00,59937.95,60092.0,59884.0,59884.0,161.23722
2026-06-26 19:45:00,59884.01,59936.5,59726.0,59751.97,198.44565
2026-06-26 20:00:00,59751.96,59994.0,59689.57,59730.0,198.33802
2026-06-26 20:15:00,59730.0,59814.0,59701.34,59784.01,66.25426
2026-06-26 20:30:00,59784.01,59784.01,59571.31,59657.99,111.09513
2026-06-26 20:45:00,59657.98,59796.0,59644.0,59718.0,78.37186
2026-06-26 21:00:00,59717.99,59768.0,59678.0,59765.11,36.67386
2026-06-26 21:15:00,59765.11,59882.2,59690.0,59874.0,66.89932999999999
2026-06-26 21:30:00,59874.0,60050.0,59864.0,60023.99,95.40563
2026-06-26 21:45:00,60023.99,60048.0,59918.7,59918.7,88.92154
2026-06-26 22:00:00,59918.7,59951.52,59754.0,59915.35,69.60306
2026-06-26 22:15:00,59915.34,59985.15,59894.0,59894.0,132.12433
2026-06-26 22:30:00,59894.01,59985.18,59865.19,59969.66,76.70066
2026-06-26 22:45:00,59969.66,60080.0,59918.0,60048.0,57.49249
2026-06-26 23:00:00,60048.0,60117.64,60014.83,60091.45,103.21493
2026-06-26 23:15:00,60091.45,60091.45,59979.96,59979.97,59.82545
2026-06-26 23:30:00,59979.96,60084.93,59923.27,60068.01,65.22052
2026-06-26 23:45:00,60068.0,60116.0,60060.0,60097.27,91.14771
2026-06-27 00:00:00,60097.27,60197.0,60068.0,60114.0,107.58106
2026-06-27 00:15:00,60114.0,60124.0,60036.0,60050.63,56.2924
2026-06-27 00:30:00,60050.64,60050.64,59876.22,59977.99,132.21858
2026-06-27 00:45:00,59978.0,60071.94,59952.18,60059.07,64.68681000000001
2026-06-27 01:00:00,60059.09,60068.0,59960.0,59964.68,61.0919
2026-06-27 01:15:00,59964.68,60013.8,59940.0,59995.99,50.71982
2026-06-27 01:30:00,59996.0,60000.0,59936.07,59968.01,84.78897
2026-06-27 01:45:00,59968.0,59996.1,59937.08,59945.53,48.75045
2026-06-27 02:00:00,59945.53,60120.42,59921.68,60113.99,103.28479
2026-06-27 02:15:00,60114.0,60377.47,60078.82,60297.23,220.97819
2026-06-27 02:30:00,60297.22,60322.58,60200.0,60284.06,182.99361
2026-06-27 02:45:00,60284.07,60378.23,60266.0,60290.01,188.13027
2026-06-27 03:00:00,60290.01,60412.0,60159.91,60170.0,105.1383
2026-06-27 03:15:00,60170.0,60345.35,60169.99,60310.21,69.35409999999999
2026-06-27 03:30:00,60310.21,60395.7,60286.0,60306.01,176.86305000000002
2026-06-27 03:45:00,60306.0,60360.43,60258.56,60305.73,87.25580000000001
2026-06-27 04:00:00,60305.73,60452.0,60305.73,60407.55,126.77155
2026-06-27 04:15:00,60407.55,60482.0,60380.01,60396.22,91.99776
2026-06-27 04:30:00,60396.22,60444.0,60355.8,60374.01,36.403220000000005
2026-06-27 04:45:00,60374.02,60374.02,60217.26,60239.99,48.13201
2026-06-27 05:00:00,60240.0,60311.0,60200.0,60309.99,54.829350000000005
2026-06-27 05:15:00,60309.99,60309.99,60164.0,60164.01,52.60361
2026-06-27 05:30:00,60164.01,60236.33,60136.0,60236.01,194.18213
2026-06-27 05:45:00,60236.0,60268.0,60227.49,60236.76,143.30421
2026-06-27 06:00:00,60236.75,60236.76,60114.34,60147.99,77.78819
2026-06-27 06:15:00,60147.99,60230.0,60093.33,60203.0,191.97955
2026-06-27 06:30:00,60203.0,60437.89,60202.99,60408.0,168.8955
2026-06-27 06:45:00,60407.99,60500.0,60350.9,60370.62,143.15467
2026-06-27 07:00:00,60370.63,60392.88,60300.0,60321.98,44.41712
2026-06-27 07:15:00,60321.99,60444.82,60316.08,60429.99,51.52872
2026-06-27 07:30:00,60430.0,60467.0,60388.0,60442.8,532.7691
2026-06-27 07:45:00,60442.79,60574.0,60442.79,60548.07,196.97159
2026-06-27 08:00:00,60548.06,60548.74,60452.0,60480.01,209.74301
2026-06-27 08:15:00,60480.01,60526.62,60446.73,60446.76,69.14932
2026-06-27 08:30:00,60446.75,60459.79,60371.62,60373.21,113.04482000000002
2026-06-27 08:45:00,60373.21,60520.0,60373.2,60456.0,78.62067
2026-06-27 09:00:00,60456.0,60511.99,60348.8,60367.17,60.1386
2026-06-27 09:15:00,60367.17,60370.0,60289.55,60368.25,56.73593
2026-06-27 09:30:00,60368.24,60444.32,60368.24,60394.18,32.78713
2026-06-27 09:45:00,60394.18,60445.37,60388.99,60414.62,158.30374999999998
2026-06-27 10:00:00,60414.62,60472.0,60402.51,60472.0,37.91727
2026-06-27 10:15:00,60471.99,60487.31,60445.33,60457.69,26.19318
2026-06-27 10:30:00,60457.68,60457.69,60410.0,60428.52,43.28262
2026-06-27 10:45:00,60428.53,60428.53,60380.0,60420.28,30.45803
2026-06-27 11:00:00,60420.28,60447.8,60368.0,60401.59,66.46873
2026-06-27 11:15:00,60401.58,60401.59,60237.1,60263.27,65.46125
2026-06-27 11:30:00,60263.27,60301.99,60198.94,60267.45,80.46681
2026-06-27 11:45:00,60267.44,60416.65,60267.44,60363.65,62.99653
2026-06-27 12:00:00,60363.65,60363.66,60257.03,60291.87,114.44566
2026-06-27 12:15:00,60291.87,60348.0,60291.86,60345.97,85.44246
2026-06-27 12:30:00,60345.98,60387.09,60310.0,60329.27,57.04183
2026-06-27 12:45:00,60329.27,60430.01,60310.0,60430.0,92.11575
2026-06-27 13:00:00,60430.0,60479.98,60394.0,60438.0,168.23665
2026-06-27 13:15:00,60438.0,60490.0,60399.49,60468.75,88.23922999999999
2026-06-27 13:30:00,60468.76,60665.74,60452.0,60600.89,131.82422
2026-06-27 13:45:00,60600.89,60629.18,60544.34,60588.35,45.83379
2026-06-27 14:00:00,60588.35,60728.0,60510.0,60670.61,67.34541
2026-06-27 14:15:00,60670.6,60670.6,60590.94,60590.95,105.39025
2026-06-27 14:30:00,60590.94,60658.0,60526.48,60640.01,73.94581
2026-06-27 14:45:00,60640.0,60672.0,60604.68,60611.5,59.96146
2026-06-27 15:00:00,60611.49,60908.83,60570.0,60877.5,265.60782
2026-06-27 15:15:00,60877.49,60877.5,60717.08,60811.67,107.14003
2026-06-27 15:30:00,60811.67,60941.17,60760.28,60794.01,139.86509
2026-06-27 15:45:00,60794.01,60861.35,60749.99,60840.06,93.64
2026-06-27 16:00:00,60840.06,60855.03,60738.9,60749.95,85.77738000000001
2026-06-27 16:15:00,60749.94,60749.95,60683.37,60716.63,45.84667
2026-06-27 16:30:00,60716.63,60793.97,60673.64,60793.97,43.36835
2026-06-27 16:45:00,60793.97,60824.0,60761.76,60807.99,64.7014
2026-06-27 17:00:00,60808.0,60818.76,60413.15,60563.38,307.96617
2026-06-27 17:15:00,60563.38,60615.73,60469.15,60578.9,94.80993
2026-06-27 17:30:00,60578.89,60655.61,60504.46,60599.29,90.12788
2026-06-27 17:45:00,60599.29,60621.1,60524.88,60524.88,55.77498
2026-06-27 18:00:00,60524.89,60563.06,60446.25,60522.14,70.07799
2026-06-27 18:15:00,60522.14,60560.0,60460.0,60516.0,55.66614
2026-06-27 18:30:00,60515.99,60566.0,60500.08,60562.52,39.967960000000005
2026-06-27 18:45:00,60562.51,60576.03,60520.0,60570.86,63.294250000000005
2026-06-27 19:00:00,60570.86,60605.41,60560.59,60599.34,61.31783
2026-06-27 19:15:00,60599.35,60599.35,60262.0,60323.37,161.36675000000002
2026-06-27 19:30:00,60323.36,60330.32,60085.88,60200.41,145.59276
2026-06-27 19:45:00,60200.41,60243.57,60144.24,60175.95,46.33608
2026-06-27 20:00:00,60175.95,60294.0,60173.07,60258.5,59.21458
2026-06-27 20:15:00,60258.5,60306.0,60256.0,60277.89,86.23555999999999
2026-06-27 20:30:00,60277.88,60281.68,60255.81,60255.82,27.25736
2026-06-27 20:45:00,60255.82,60300.0,60255.82,60300.0,47.41251
2026-06-27 21:00:00,60300.0,60401.18,60299.99,60391.73,50.92728
2026-06-27 21:15:00,60391.73,60454.99,60360.99,60451.0,94.83889
2026-06-27 21:30:00,60451.01,60482.18,60228.81,60249.68,68.00196
2026-06-27 21:45:00,60249.69,60295.99,60142.0,60203.82,66.73469
2026-06-27 22:00:00,60203.83,60203.83,60043.36,60120.04,64.26322
2026-06-27 22:15:00,60120.05,60170.7,59855.16,60133.99,191.97814
2026-06-27 22:30:00,60133.98,60256.56,60128.0,60177.96,79.82189
2026-06-27 22:45:00,60177.96,60241.8,60160.0,60228.95,41.1116
2026-06-27 23:00:00,60228.96,60320.0,60024.0,60044.43,111.49264
2026-06-27 23:15:00,60044.43,60098.0,59952.0,59985.99,86.78098
2026-06-27 23:30:00,59985.99,60094.0,59971.5,60055.01,53.41982
2026-06-27 23:45:00,60055.0,60091.93,60010.0,60029.0,242.04603
2026-06-28 00:00:00,60029.01,60145.39,60018.0,60137.3,74.21182999999999
2026-06-28 00:15:00,60137.3,60188.0,60136.02,60166.8,53.57593
2026-06-28 00:30:00,60166.8,60176.87,60088.17,60176.87,193.36916
2026-06-28 00:45:00,60176.87,60190.0,60135.03,60146.0,141.09015
2026-06-28 01:00:00,60146.0,60166.6,59986.0,60081.99,101.39518
2026-06-28 01:15:00,60082.0,60234.43,60061.59,60204.78,79.81575000000001
2026-06-28 01:30:00,60204.78,60269.76,60188.21,60258.88,41.96708
2026-06-28 01:45:00,60258.88,60273.38,60206.0,60222.22,44.38727
2026-06-28 02:00:00,60222.21,60296.6,60222.21,60285.62,33.28681
2026-06-28 02:15:00,60285.62,60339.99,60054.0,60111.49,123.73568
2026-06-28 02:30:00,60111.49,60154.83,60102.0,60138.76,103.31634
2026-06-28 02:45:00,60138.76,60188.49,60110.0,60150.45,143.30399
2026-06-28 03:00:00,60150.46,60266.0,60150.45,60263.86,95.82912
2026-06-28 03:15:00,60263.86,60274.98,60201.4,60262.57,72.343
2026-06-28 03:30:00,60262.57,60275.0,60187.01,60197.27,28.29507
2026-06-28 03:45:00,60197.27,60220.06,60162.0,60197.04,59.24512
2026-06-28 04:00:00,60197.03,60230.0,60144.0,60215.64,73.26243
2026-06-28 04:15:00,60215.64,60231.83,60198.27,60199.18,40.58988
2026-06-28 04:30:00,60199.17,60199.18,60088.04,60174.01,32.94412
2026-06-28 04:45:00,60174.0,60194.0,60121.06,60133.0,44.70954
2026-06-28 05:00:00,60133.01,60140.0,59970.0,60012.77,67.31399
2026-06-28 05:15:00,60012.77,60021.64,59753.48,59836.09,162.72923
2026-06-28 05:30:00,59836.09,59954.29,59795.99,59918.64,68.52833
2026-06-28 05:45:00,59918.64,60015.22,59918.63,59989.17,46.51284
2026-06-28 06:00:00,59989.18,60024.25,59842.0,59842.01,74.55293999999999
2026-06-28 06:15:00,59842.01,59956.25,59808.0,59925.28,61.28916
2026-06-28 06:30:00,59925.28,59990.0,59925.27,59966.87,50.81266
2026-06-28 06:45:00,59966.87,60030.0,59958.48,60002.82,31.29529
2026-06-28 07:00:00,60002.82,60186.0,60000.0,60140.94,61.15158
2026-06-28 07:15:00,60140.94,60143.65,60106.0,60108.42,19.53947
2026-06-28 07:30:00,60108.42,60249.48,60106.77,60222.86,144.4583
2026-06-28 07:45:00,60222.87,60259.68,60198.58,60219.99,136.68652
2026-06-28 08:00:00,60220.0,60248.0,60140.14,60179.54,63.67024
2026-06-28 08:15:00,60179.54,60230.0,60159.99,60224.61,41.03932
2026-06-28 08:30:00,60224.61,60545.01,60218.0,60449.42,340.95576
2026-06-28 08:45:00,60449.41,60482.0,60370.0,60370.0,45.94308
2026-06-28 09:00:00,60370.01,60462.0,60290.01,60368.03,107.1765
2026-06-28 09:15:00,60368.03,60390.0,60318.0,60323.36,37.24875
2026-06-28 09:30:00,60323.36,60409.32,60310.26,60378.88,41.59943
2026-06-28 09:45:00,60378.88,60394.75,60250.81,60258.84,36.38152
2026-06-28 10:00:00,60258.85,60292.48,60172.52,60260.37,50.68833
2026-06-28 10:15:00,60260.36,60286.0,60068.0,60105.02,48.84589
2026-06-28 10:30:00,60105.03,60138.0,60078.0,60127.2,42.97501
2026-06-28 10:45:00,60127.21,60176.0,60127.2,60166.71,38.67833
2026-06-28 11:00:00,60166.71,60262.39,60100.0,60125.42,99.63494
2026-06-28 11:15:00,60125.41,60363.0,60123.9,60312.01,46.64508
2026-06-28 11:30:00,60312.01,60324.98,60260.28,60302.95,39.13313
2026-06-28 11:45:00,60302.95,60374.05,60251.5,60342.0,39.64063
2026-06-28 12:00:00,60341.99,60400.0,60281.21,60298.55,62.73929
2026-06-28 12:15:00,60298.55,60345.99,60190.0,60338.47,55.64349
2026-06-28 12:30:00,60338.46,60457.02,60204.0,60238.16,59.43164
2026-06-28 12:45:00,60238.17,60312.0,60238.16,60293.51,35.12098
2026-06-28 13:00:00,60293.5,60293.51,59963.86,60124.4,121.95827
2026-06-28 13:15:00,60124.4,60170.0,60078.0,60127.99,68.68604
2026-06-28 13:30:00,60127.99,60183.84,60045.32,60123.88,132.5432
2026-06-28 13:45:00,60123.89,60129.91,60056.0,60071.88,46.69453
2026-06-28 14:00:00,60071.89,60175.69,60034.63,60175.69,55.62009
2026-06-28 14:15:00,60175.69,60250.0,60104.0,60155.49,77.34081
2026-06-28 14:30:00,60155.49,60195.13,60084.0,60109.69,109.95889
2026-06-28 14:45:00,60109.69,60170.01,60018.0,60033.0,75.21627000000001
2026-06-28 15:00:00,60033.01,60098.0,59888.0,60082.09,143.5989
2026-06-28 15:15:00,60081.63,60130.0,60006.0,60040.08,44.73721
2026-06-28 15:30:00,60040.07,60094.0,59900.0,59975.53,146.04811
2026-06-28 15:45:00,59975.52,60006.0,59817.28,59890.0,132.64822
2026-06-28 16:00:00,59890.35,59943.9,59822.0,59832.46,82.08614
2026-06-28 16:15:00,59832.46,59905.98,59671.28,59772.99,164.65367
2026-06-28 16:30:00,59772.99,59794.01,59606.73,59622.59,151.05975
2026-06-28 16:45:00,59622.59,59740.0,59582.34,59690.62,169.90413
2026-06-28 17:00:00,59690.62,59848.0,59556.0,59641.17,194.0278
2026-06-28 17:15:00,59641.18,59684.27,59600.0,59600.01,71.71883
2026-06-28 17:30:00,59600.01,59642.0,59403.77,59532.76,205.3837
2026-06-28 17:45:00,59533.81,59631.97,59523.77,59586.01,47.93408
2026-06-28 18:00:00,59586.0,59700.0,59578.0,59647.4,56.1706
2026-06-28 18:15:00,59647.41,59674.0,59602.0,59611.97,42.98434
2026-06-28 18:30:00,59611.97,59671.68,59582.08,59601.0,67.24382
2026-06-28 18:45:00,59601.0,59625.56,59502.0,59614.46,105.61293
2026-06-28 19:00:00,59614.46,59614.46,59462.61,59504.06,44.99326
2026-06-28 19:15:00,59504.06,59550.0,59441.75,59549.99,57.49897
2026-06-28 19:30:00,59549.99,59682.0,59421.8,59442.84,76.91705
2026-06-28 19:45:00,59442.84,59500.0,59270.26,59481.79,122.58633
2026-06-28 20:00:00,59481.78,59678.0,59474.28,59663.35,46.096500000000006
2026-06-28 20:15:00,59663.34,59765.9,59651.11,59713.73,87.28479999999999
2026-06-28 20:30:00,59713.72,59720.08,59630.01,59670.01,63.48269
2026-06-28 20:45:00,59670.0,59721.33,59650.0,59660.0,30.28404
2026-06-28 21:00:00,59660.0,59701.6,59645.0,59692.0,94.88371
2026-06-28 21:15:00,59691.99,59743.82,59660.0,59713.4,55.72056
2026-06-28 21:30:00,59713.4,59796.66,59660.0,59660.0,76.95706999999999
2026-06-28 21:45:00,59660.01,59678.66,59333.33,59445.95,304.0985
2026-06-28 22:00:00,59445.96,59906.0,59445.96,59630.0,236.79461
2026-06-28 22:15:00,59630.01,59638.37,59170.0,59381.12,229.97444
2026-06-28 22:30:00,59381.12,59460.0,59087.47,59109.29,254.70316
2026-06-28 22:45:00,59109.3,59216.99,58905.0,59067.01,262.20401
2026-06-28 23:00:00,59067.0,59370.0,59011.99,59267.94,116.88564
2026-06-28 23:15:00,59267.94,59583.99,59252.23,59546.54,99.80988
2026-06-28 23:30:00,59546.54,59848.0,59530.0,59730.0,178.72420000000002
2026-06-28 23:45:00,59729.99,59795.99,59577.0,59577.01,114.67311
2026-06-29 00:00:00,59577.01,59694.0,59270.73,59584.0,116.73836
2026-06-29 00:15:00,59584.0,59597.99,59192.12,59214.01,101.40774
2026-06-29 00:30:00,59214.01,59380.02,59000.01,59380.02,202.38883
2026-06-29 00:45:00,59380.01,59700.0,59177.0,59667.01,128.78254
2026-06-29 01:00:00,59667.0,59697.0,59460.0,59482.12,78.34775
2026-06-29 01:15:00,59482.12,59512.72,59232.16,59300.1,88.36627999999999
2026-06-29 01:30:00,59300.1,59574.0,59206.0,59546.01,100.81705
2026-06-29 01:45:00,59546.01,59588.0,59434.0,59440.95,379.52279
2026-06-29 02:00:00,59440.95,59512.72,58900.01,59023.9,178.49687
2026-06-29 02:15:00,59024.0,59596.0,58980.0,59546.0,238.20323
2026-06-29 02:30:00,59545.99,59800.0,59496.43,59777.51,348.59091
2026-06-29 02:45:00,59777.5,59812.0,59698.44,59757.46,458.57237
2026-06-29 03:00:00,59757.47,60186.81,59757.47,60003.71,423.49552
2026-06-29 03:15:00,60003.71,60233.0,59966.0,60172.68,148.9624
2026-06-29 03:30:00,60172.68,60209.35,59878.27,59920.01,115.58661
2026-06-29 03:45:00,59920.01,60076.01,59881.45,60049.46,92.84072
2026-06-29 04:00:00,60049.45,60053.99,59900.0,59924.0,56.17076
2026-06-29 04:15:00,59924.0,60000.01,59846.0,59955.14,88.74978
2026-06-29 04:30:00,59955.13,59963.95,59746.0,59845.26,118.80867
2026-06-29 04:45:00,59845.26,59906.0,59786.0,59830.0,97.73991
2026-06-29 05:00:00,59830.01,59861.57,59392.02,59534.01,202.65165
2026-06-29 05:15:00,59534.01,59717.93,59534.01,59685.99,61.95188
2026-06-29 05:30:00,59685.99,59923.13,59646.0,59914.62,116.35946
2026-06-29 05:45:00,59914.61,60102.8,59904.0,60102.8,115.79236
2026-06-29 06:00:00,60102.8,60222.05,60080.96,60178.0,218.30811
2026-06-29 06:15:00,60178.0,60346.27,60124.25,60169.84,267.41148
2026-06-29 06:30:00,60169.84,60202.06,60068.84,60080.52,135.03175
2026-06-29 06:45:00,60080.53,60162.0,60050.67,60075.49,62.40902
2026-06-29 07:00:00,60075.5,60085.01,59936.0,60084.0,260.75601
2026-06-29 07:15:00,60083.99,60186.94,60026.61,60106.02,66.90377
2026-06-29 07:30:00,60106.02,60138.0,60049.99,60050.01,93.73602
2026-06-29 07:45:00,60050.01,60135.92,60026.0,60026.0,115.54682
2026-06-29 08:00:00,60026.01,60093.99,59896.65,59960.0,166.40723
2026-06-29 08:15:00,59960.0,60058.0,59804.01,59831.01,147.7071
2026-06-29 08:30:00,59831.01,59912.0,59745.46,59870.0,115.0334
2026-06-29 08:45:00,59869.99,59940.0,59840.0,59840.0,121.52609
2026-06-29 09:00:00,59840.01,59955.13,59800.06,59948.0,97.07991
2026-06-29 09:15:00,59948.01,60104.0,59778.76,59929.25,370.79008
2026-06-29 09:30:00,59929.26,60000.0,59888.0,59968.92,149.12424
2026-06-29 09:45:00,59968.92,60072.0,59928.0,60057.0,130.0948
2026-06-29 10:00:00,60057.0,60310.0,60056.99,60232.56,165.04606
2026-06-29 10:15:00,60232.57,60311.95,60187.54,60215.78,68.6093
2026-06-29 10:30:00,60215.79,60215.79,60075.0,60130.62,92.51066
2026-06-29 10:45:00,60130.62,60156.33,60065.49,60088.0,115.73617
2026-06-29 11:00:00,60088.0,60094.0,59944.69,59944.69,145.51654
2026-06-29 11:15:00,59944.7,60000.0,59880.0,59990.6,75.71001
2026-06-29 11:30:00,59990.6,60216.0,59806.57,59858.79,156.44476
2026-06-29 11:45:00,59858.78,59993.0,59796.0,59956.05,137.99911
2026-06-29 12:00:00,59956.05,60780.57,59595.09,60672.0,1533.93421
2026-06-29 12:15:00,60672.01,60771.18,60416.72,60440.01,390.85436
2026-06-29 12:30:00,60440.01,60460.0,59822.63,59951.68,448.73189
2026-06-29 12:45:00,59951.69,60050.43,59789.01,59948.78,226.58708
2026-06-29 13:00:00,59948.79,60340.0,59948.79,60214.0,283.31153
2026-06-29 13:15:00,60213.99,60304.0,59955.58,59978.01,229.79168
2026-06-29 13:30:00,59978.0,60276.53,59431.76,59460.01,909.49968
2026-06-29 13:45:00,59460.0,59600.0,59319.9,59580.0,721.6514099999999
2026-06-29 14:00:00,59580.0,59593.74,59084.86,59090.91,657.0937799999999
2026-06-29 14:15:00,59090.9,59560.0,59011.0,59510.0,679.79605
2026-06-29 14:30:00,59510.0,59699.99,59306.4,59320.01,434.5135
2026-06-29 14:45:00,59320.0,59614.46,59253.69,59469.67,227.66913
2026-06-29 15:00:00,59469.45,59478.07,59097.58,59258.13,251.20441
2026-06-29 15:15:00,59258.14,59495.73,59140.0,59491.99,232.62319
2026-06-29 15:30:00,59492.0,59875.0,59492.0,59831.61,488.63641
2026-06-29 15:45:00,59831.61,59960.0,59762.0,59824.01,395.59279
2026-06-29 16:00:00,59824.01,59931.98,59710.01,59732.01,173.24001
2026-06-29 16:15:00,59732.01,59783.99,59584.48,59603.35,139.80825
2026-06-29 16:30:00,59603.35,59888.0,59603.35,59877.94,176.063
2026-06-29 16:45:00,59877.93,60030.0,59826.0,59892.86,173.92406
2026-06-29 17:00:00,59892.87,60483.49,59892.0,60458.81,566.04087
2026-06-29 17:15:00,60458.8,60641.21,60399.47,60544.01,740.5337499999999
2026-06-29 17:30:00,60544.0,60683.84,60392.0,60620.01,351.63902
2026-06-29 17:45:00,60620.0,60653.99,60404.0,60413.99,137.54269
2026-06-29 18:00:00,60413.99,60520.0,60328.36,60519.99,159.6759
2026-06-29 18:15:00,60520.0,60520.0,60229.32,60275.42,138.67221999999998
2026-06-29 18:30:00,60275.43,60336.0,60210.07,60288.3,144.08845
2026-06-29 18:45:00,60288.3,60295.0,60193.87,60295.0,83.05184
2026-06-29 19:00:00,60295.0,60310.64,60153.35,60200.01,122.24438
2026-06-29 19:15:00,60200.0,60478.0,60189.97,60460.0,88.62604999999999
2026-06-29 19:30:00,60460.0,60472.19,60314.0,60466.0,95.96939
2026-06-29 19:45:00,60466.01,60557.5,60414.26,60433.49,194.1754
2026-06-29 20:00:00,60433.5,60553.06,60421.31,60437.99,118.86981
2026-06-29 20:15:00,60438.0,60489.56,60362.0,60400.0,77.72
2026-06-29 20:30:00,60400.0,60479.0,60399.99,60416.7,65.41055
2026-06-29 20:45:00,60416.7,60416.7,60295.32,60296.0,50.86213
2026-06-29 21:00:00,60296.01,60415.0,60261.89,60414.0,94.45213
2026-06-29 21:15:00,60413.99,60414.0,60306.0,60349.99,47.93482
2026-06-29 21:30:00,60350.0,60492.0,60349.99,60464.06,79.09318
2026-06-29 21:45:00,60464.05,60585.99,60464.05,60479.72,73.28229999999999
2026-06-29 22:00:00,60479.71,60494.0,60363.18,60450.0,64.9057
2026-06-29 22:15:00,60450.0,60516.0,60432.17,60445.01,58.129810000000006
2026-06-29 22:30:00,60445.01,60458.0,60350.0,60385.24,34.25075
2026-06-29 22:45:00,60385.25,60426.64,60352.0,60352.31,54.47576
2026-06-29 23:00:00,60352.31,60379.23,60328.66,60345.99,41.27402
2026-06-29 23:15:00,60346.0,60361.47,60194.01,60232.01,79.23633
2026-06-29 23:30:00,60232.0,60296.56,60219.71,60252.0,35.7625
2026-06-29 23:45:00,60252.0,60293.22,60218.62,60260.21,95.91273
2026-06-30 00:00:00,60260.2,60276.54,60151.04,60202.0,182.17039
2026-06-30 00:15:00,60202.0,60230.0,59915.0,59933.0,178.4961
2026-06-30 00:30:00,59932.99,59935.99,59700.0,59778.41,251.41636
2026-06-30 00:45:00,59778.41,59933.91,59756.0,59838.01,97.74909
2026-06-30 01:00:00,59838.01,59871.63,59771.0,59828.8,109.63322
2026-06-30 01:15:00,59828.8,60044.0,59814.0,60038.0,118.66555
2026-06-30 01:30:00,60037.99,60048.98,59794.0,59838.98,78.15043
2026-06-30 01:45:00,59838.98,59941.95,59832.0,59939.94,34.74615
2026-06-30 02:00:00,59939.94,59945.72,59773.96,59796.01,92.50886
2026-06-30 02:15:00,59796.01,59992.0,59755.0,59975.98,62.06914
2026-06-30 02:30:00,59975.98,60026.99,59922.0,60007.01,203.38519
2026-06-30 02:45:00,60007.0,60042.54,59941.96,59948.24,66.313
2026-06-30 03:00:00,59948.24,59980.0,59860.84,59899.94,93.26201
2026-06-30 03:15:00,59899.93,60031.75,59818.0,59858.0,96.46725
2026-06-30 03:30:00,59858.0,59858.01,59740.52,59740.53,84.38365
2026-06-30 03:45:00,59740.53,59740.53,59600.0,59627.48,107.7464
2026-06-30 04:00:00,59627.47,59627.48,59433.36,59563.46,191.12263
2026-06-30 04:15:00,59563.46,59576.0,59442.99,59550.61,135.90313
2026-06-30 04:30:00,59550.61,59700.0,59541.08,59616.0,184.30374
2026-06-30 04:45:00,59616.0,59616.0,59446.73,59492.01,263.5187
2026-06-30 05:00:00,59492.01,59531.99,59366.05,59432.99,243.28627
2026-06-30 05:15:00,59432.99,59493.87,59375.52,59386.01,95.05439
2026-06-30 05:30:00,59386.01,59579.99,59360.0,59567.5,182.69951
2026-06-30 05:45:00,59567.51,59656.89,59554.0,59652.13,286.88007
2026-06-30 06:00:00,59652.13,59674.7,59534.56,59566.15,87.30736999999999
2026-06-30 06:15:00,59566.15,59712.88,59513.72,59700.01,420.70445
2026-06-30 06:30:00,59700.0,59711.64,59546.3,59557.99,107.59695
2026-06-30 06:45:00,59558.0,59600.45,59543.37,59592.0,93.16117
2026-06-30 07:00:00,59592.0,59632.0,59444.0,59491.29,190.55019
2026-06-30 07:15:00,59491.3,59566.16,59447.0,59472.87,143.32036
2026-06-30 07:30:00,59472.86,59572.06,59459.6,59512.72,227.10702
2026-06-30 07:45:00,59512.72,59554.89,59462.75,59524.01,201.42911
2026-06-30 08:00:00,59524.01,59551.03,59431.86,59431.87,142.64526
2026-06-30 08:15:00,59431.87,59440.0,59371.56,59409.99,148.66219
2026-06-30 08:30:00,59410.0,59441.95,59210.0,59274.7,328.80771000000004
2026-06-30 08:45:00,59274.7,59388.89,59189.0,59311.92,259.52557
2026-06-30 09:00:00,59311.26,59400.09,59280.0,59343.74,141.46181
2026-06-30 09:15:00,59343.74,59366.88,59266.01,59296.0,134.81468
2026-06-30 09:30:00,59296.01,59388.0,59252.0,59360.28,83.209
2026-06-30 09:45:00,59360.28,59420.0,59360.27,59374.96,83.17316
2026-06-30 10:00:00,59374.96,59413.0,59313.47,59370.99,115.53604
2026-06-30 10:15:00,59370.98,59420.0,59338.0,59371.99,41.87144
2026-06-30 10:30:00,59371.98,59372.94,59287.29,59334.0,63.31987
2026-06-30 10:45:00,59334.0,59400.61,59286.36,59334.01,79.67447
2026-06-30 11:00:00,59334.01,59413.27,59322.0,59388.25,59.78054
2026-06-30 11:15:00,59388.26,59396.0,59196.0,59223.31,81.52603
2026-06-30 11:30:00,59223.31,59275.0,59123.01,59249.14,188.86585
2026-06-30 11:45:00,59249.14,59340.0,59158.43,59192.7,136.59914
2026-06-30 12:00:00,59192.71,59192.71,59000.06,59009.9,384.68801
2026-06-30 12:15:00,59009.9,59079.96,58760.16,58865.92,745.66012
2026-06-30 12:30:00,58865.92,58897.79,58776.33,58843.5,220.02217
2026-06-30 12:45:00,58843.5,58853.55,58403.51,58412.0,693.02795
2026-06-30 13:00:00,58411.99,58658.55,58322.63,58458.1,574.5
2026-06-30 13:15:00,58458.11,58600.0,58454.0,58517.0,330.30602
2026-06-30 13:30:00,58517.0,58762.0,58228.33,58570.01,1020.54739
2026-06-30 13:45:00,58570.0,58802.66,58462.4,58737.18,579.15527
2026-06-30 14:00:00,58737.17,59276.6,58655.0,58995.99,656.63952
2026-06-30 14:15:00,58996.0,59154.27,58894.08,59039.99,379.39768
2026-06-30 14:30:00,59040.0,59100.0,58586.57,58919.4,404.55648
2026-06-30 14:45:00,58919.41,58919.41,58433.0,58482.81,339.39638
2026-06-30 15:00:00,58482.81,58600.0,58201.0,58441.99,549.03494
2026-06-30 15:15:00,58442.0,58490.0,58204.0,58384.55,446.24043
2026-06-30 15:30:00,58384.55,58500.99,58266.01,58444.0,203.05239
2026-06-30 15:45:00,58444.01,58796.0,58347.37,58381.99,364.82255
2026-06-30 16:00:00,58382.0,58632.0,58362.0,58406.0,217.93793
2026-06-30 16:15:00,58406.0,58470.09,58254.21,58316.0,303.81267
2026-06-30 16:30:00,58316.0,58480.0,58241.79,58324.77,401.7362
2026-06-30 16:45:00,58324.77,58572.0,58324.76,58497.65,255.41038
2026-06-30 17:00:00,58497.65,58618.65,58384.0,58404.0,179.35587
2026-06-30 17:15:00,58404.0,58484.3,58367.22,58387.9,142.57305
2026-06-30 17:30:00,58387.9,58458.0,58334.01,58376.01,179.72169
2026-06-30 17:45:00,58376.0,58431.69,58310.72,58417.99,130.88557
2026-06-30 18:00:00,58417.99,58498.0,58351.56,58472.0,146.80298
2026-06-30 18:15:00,58472.0,58699.98,58426.0,58535.99,194.87776
2026-06-30 18:30:00,58536.0,58552.68,58380.42,58456.0,130.56856
2026-06-30 18:45:00,58456.0,58686.54,58455.99,58680.87,132.82851
2026-06-30 19:00:00,58680.86,58723.4,58588.0,58651.11,190.63651
2026-06-30 19:15:00,58651.11,58669.75,58586.01,58669.44,162.58511
2026-06-30 19:30:00,58669.44,58807.34,58658.0,58752.0,121.62488
2026-06-30 19:45:00,58752.0,58839.16,58698.0,58818.05,203.795
2026-06-30 20:00:00,58818.0,58874.99,58743.34,58865.99,111.25775
2026-06-30 20:15:00,58866.0,58866.0,58689.6,58742.0,125.33358
2026-06-30 20:30:00,58742.0,58742.67,58650.0,58660.0,112.46691
2026-06-30 20:45:00,58660.01,58793.99,58648.26,58732.01,79.76527
2026-06-30 21:00:00,58732.0,58770.0,58552.49,58582.89,143.02224
2026-06-30 21:15:00,58582.89,58637.0,58509.99,58596.0,104.33268
2026-06-30 21:30:00,58596.0,58664.0,58586.0,58586.87,74.00157
2026-06-30 21:45:00,58586.87,58654.0,58525.09,58639.99,76.78573
2026-06-30 22:00:00,58639.99,58748.17,58639.99,58736.01,84.09992
2026-06-30 22:15:00,58736.0,58806.91,58650.0,58654.93,76.14965000000001
2026-06-30 22:30:00,58654.92,58654.92,58513.8,58600.0,80.30187
2026-06-30 22:45:00,58600.0,58630.0,58543.13,58607.99,33.87934
2026-06-30 23:00:00,58607.99,58650.0,58555.0,58610.0,50.53212
2026-06-30 23:15:00,58610.0,58659.98,58578.65,58616.01,206.03851
2026-06-30 23:30:00,58616.0,58638.47,58571.44,58612.0,50.93622
2026-06-30 23:45:00,58611.99,58664.0,58589.37,58624.71,244.14393
2026-07-01 00:00:00,58624.71,58750.68,58607.99,58646.01,331.11534
2026-07-01 00:15:00,58646.01,58685.04,58310.0,58394.0,199.4103
2026-07-01 00:30:00,58394.0,58575.72,58393.99,58484.0,73.98708
2026-07-01 00:45:00,58484.0,58617.99,58472.01,58576.0,66.13389000000001
2026-07-01 01:00:00,58575.99,58584.0,57800.19,58169.81,1821.81482
2026-07-01 01:15:00,58169.82,58400.0,58030.82,58352.91,388.29688
2026-07-01 01:30:00,58352.91,58998.45,58334.69,58900.39,521.32747
2026-07-01 01:45:00,58900.16,59022.81,58720.0,58770.57,255.68622
2026-07-01 02:00:00,58770.58,58865.78,58663.95,58798.0,132.16104
2026-07-01 02:15:00,58798.0,59031.62,58780.0,58947.87,183.17867
2026-07-01 02:30:00,58948.0,59159.22,58921.3,59140.14,194.56407
2026-07-01 02:45:00,59140.13,59171.63,59008.0,59085.0,182.8438
2026-07-01 03:00:00,59085.0,59119.73,58996.0,58999.23,94.7771
2026-07-01 03:15:00,58999.23,59003.23,58885.79,58924.0,145.51938
2026-07-01 03:30:00,58923.99,59148.37,58850.0,58939.18,135.26448
2026-07-01 03:45:00,58939.18,59318.0,58933.98,59197.13,339.87979
2026-07-01 04:00:00,59197.12,59197.13,59062.0,59113.31,83.38901
2026-07-01 04:15:00,59113.32,59274.0,59100.0,59274.0,71.22794
2026-07-01 04:30:00,59274.0,59373.52,59200.0,59359.9,95.50312
2026-07-01 04:45:00,59359.9,59457.0,59308.0,59339.99,229.99629
2026-07-01 05:00:00,59339.99,59376.48,59251.32,59292.03,202.45749
2026-07-01 05:15:00,59292.02,59357.32,59154.02,59174.0,117.1437
2026-07-01 05:30:00,59174.0,59204.43,59126.42,59188.39,76.91923
2026-07-01 05:45:00,59188.4,59203.28,59132.66,59154.33,35.78445
2026-07-01 06:00:00,59154.33,59156.0,58911.11,58952.12,172.33972
2026-07-01 06:15:00,58952.12,58974.0,58692.0,58791.16,161.9419
2026-07-01 06:30:00,58791.16,58834.85,58534.31,58700.0,324.44022
2026-07-01 06:45:00,58699.99,58775.36,58618.0,58755.8,135.41217
2026-07-01 07:00:00,58755.8,58788.0,58600.0,58681.02,204.63319
2026-07-01 07:15:00,58681.02,58823.9,58638.0,58740.0,100.19918
2026-07-01 07:30:00,58740.01,58754.0,58648.15,58689.7,89.50464
2026-07-01 07:45:00,58689.7,58804.67,58670.0,58768.65,85.52151
2026-07-01 08:00:00,58768.64,58813.99,58663.34,58700.13,72.17954
2026-07-01 08:15:00,58700.12,58723.4,58600.0,58620.01,89.47649
2026-07-01 08:30:00,58620.01,58742.0,58500.0,58739.44,130.90475
2026-07-01 08:45:00,58739.45,58984.0,58678.67,58973.99,89.37176
2026-07-01 09:00:00,58973.99,59091.99,58896.75,58956.0,100.80072
2026-07-01 09:15:00,58955.99,59005.06,58877.14,58888.0,132.76672
2026-07-01 09:30:00,58888.0,58945.0,58825.61,58883.76,72.49077
2026-07-01 09:45:00,58883.75,58973.79,58850.0,58944.55,111.73584
2026-07-01 10:00:00,58944.55,58948.47,58754.0,58757.43,84.10576
2026-07-01 10:15:00,58757.42,58798.03,58665.26,58745.21,141.46701
2026-07-01 10:30:00,58745.2,58756.0,58624.0,58624.01,73.89887
2026-07-01 10:45:00,58624.01,58698.99,58624.0,58659.98,106.23145
2026-07-01 11:00:00,58659.97,58742.94,58588.0,58706.01,107.68917
2026-07-01 11:15:00,58706.0,58755.9,58676.0,58698.23,96.53503
2026-07-01 11:30:00,58698.22,58736.0,58628.0,58678.0,123.22715
2026-07-01 11:45:00,58678.0,58700.0,58550.0,58622.03,69.24042
2026-07-01 12:00:00,58622.02,58676.0,58393.46,58443.63,205.98593
2026-07-01 12:15:00,58443.63,58592.0,58443.63,58559.99,141.3573
2026-07-01 12:30:00,58559.99,58589.87,58377.02,58398.0,174.57571000000002
2026-07-01 12:45:00,58397.99,58570.01,58326.0,58538.01,1194.69225
2026-07-01 13:00:00,58538.0,58790.01,58536.0,58673.28,750.093
2026-07-01 13:15:00,58673.28,58904.0,58662.25,58820.01,255.84505
2026-07-01 13:30:00,58820.0,59075.57,58602.0,59020.01,533.49804
2026-07-01 13:45:00,59020.0,59508.0,58944.31,59498.03,782.35938
2026-07-01 14:00:00,59498.03,59987.77,59278.0,59978.01,744.95384
2026-07-01 14:15:00,59978.0,60092.0,59775.79,59777.99,1604.68847
2026-07-01 14:30:00,59778.0,59813.6,59540.0,59603.99,943.26751
2026-07-01 14:45:00,59603.98,59762.0,59420.01,59542.0,433.29928
2026-07-01 15:00:00,59541.99,59986.0,59520.51,59916.47,395.42846
2026-07-01 15:15:00,59916.58,60536.55,59844.02,60310.83,1182.8440099999998
2026-07-01 15:30:00,60310.82,60380.04,60136.24,60224.92,440.44629
2026-07-01 15:45:00,60224.91,60246.0,60076.59,60147.15,303.34335
2026-07-01 16:00:00,60147.15,60225.08,60072.97,60132.01,361.1059
2026-07-01 16:15:00,60132.0,60267.17,59950.01,60144.01,324.23254
2026-07-01 16:30:00,60144.01,60172.0,60024.89,60082.0,87.30680000000001
2026-07-01 16:45:00,60082.0,60090.0,59865.75,59920.0,90.15521
2026-07-01 17:00:00,59920.0,59937.13,59787.35,59902.01,120.69191
2026-07-01 17:15:00,59902.01,60205.7,59900.45,60148.29,122.51089
2026-07-01 17:30:00,60148.28,60239.84,60087.99,60156.84,154.03873000000002
2026-07-01 17:45:00,60156.84,60238.47,60152.0,60190.6,82.84774999999999
2026-07-01 18:00:00,60190.59,60214.0,60016.4,60078.0,101.81423
2026-07-01 18:15:00,60077.99,60189.71,60048.0,60140.0,52.24011
2026-07-01 18:30:00,60139.99,60248.26,60082.0,60221.99,60.56812
2026-07-01 18:45:00,60222.0,60298.0,60082.0,60171.16,128.69211
2026-07-01 19:00:00,60171.16,60299.98,60163.06,60280.02,93.4592
2026-07-01 19:15:00,60280.02,60352.93,60101.17,60155.42,102.89043
2026-07-01 19:30:00,60155.42,60276.0,60151.82,60208.59,101.09374
2026-07-01 19:45:00,60208.59,60208.6,60000.0,60028.67,250.70488
2026-07-01 20:00:00,60029.39,60060.0,59909.87,59997.81,115.55497
2026-07-01 20:15:00,59997.81,60025.64,59876.0,59974.0,69.46513999999999
2026-07-01 20:30:00,59974.0,60070.0,59960.0,60043.44,61.02054
2026-07-01 20:45:00,60043.44,60198.0,60029.85,60126.0,67.06212
2026-07-01 21:00:00,60126.0,60462.1,60124.89,60447.21,132.49557
2026-07-01 21:15:00,60447.21,60600.0,60332.3,60527.98,304.99103
2026-07-01 21:30:00,60527.99,60846.95,60527.98,60808.27,520.16481
2026-07-01 21:45:00,60808.26,60846.95,60776.0,60815.99,195.9247
2026-07-01 22:00:00,60815.99,60829.99,60788.0,60812.15,175.04264
2026-07-01 22:15:00,60812.15,61334.0,60553.19,60555.06,1331.2568
2026-07-01 22:30:00,60555.05,60675.38,60450.0,60490.41,235.44549
2026-07-01 22:45:00,60490.41,60506.02,60339.0,60478.01,135.87106
2026-07-01 23:00:00,60478.0,60478.0,60232.43,60246.17,151.70916
2026-07-01 23:15:00,60246.17,60368.0,60196.85,60208.14,93.60584
2026-07-01 23:30:00,60208.14,60262.5,60034.0,60158.74,123.11036
2026-07-01 23:45:00,60158.74,60164.0,59984.86,60024.0,205.20043
2026-07-02 00:00:00,60024.0,60028.0,59900.0,59942.99,170.50829000000002
2026-07-02 00:15:00,59943.0,59973.41,59742.06,59780.55,148.48952
2026-07-02 00:30:00,59780.55,59788.0,59588.0,59624.64,237.03201
2026-07-02 00:45:00,59624.65,59847.34,59624.65,59761.73,301.90099
2026-07-02 01:00:00,59761.74,59942.0,59715.8,59927.97,209.01835
2026-07-02 01:15:00,59927.96,60023.76,59837.84,60018.0,140.26019
2026-07-02 01:30:00,60018.0,60324.99,60018.0,60202.0,145.16933
2026-07-02 01:45:00,60201.99,60318.0,60087.38,60175.92,139.97297
2026-07-02 02:00:00,60175.91,60198.0,60015.68,60143.99,99.62731
2026-07-02 02:15:00,60143.99,60268.0,60137.0,60207.98,78.99577
2026-07-02 02:30:00,60207.99,60412.46,60184.0,60407.01,124.46818
2026-07-02 02:45:00,60407.01,60495.24,60335.65,60423.1,217.84844
2026-07-02 03:00:00,60423.11,60480.0,60392.83,60478.88,81.82842
2026-07-02 03:15:00,60478.87,60721.35,60300.02,60554.65,300.85116
2026-07-02 03:30:00,60554.18,60812.46,60484.05,60812.45,183.48833
2026-07-02 03:45:00,60812.45,61121.78,60736.28,61058.0,325.48578
2026-07-02 04:00:00,61057.99,61058.0,60870.0,60941.03,147.73924
2026-07-02 04:15:00,60941.03,60976.92,60805.28,60868.01,229.23989
2026-07-02 04:30:00,60868.01,60868.01,60728.0,60775.41,323.10999
2026-07-02 04:45:00,60775.41,60887.91,60745.99,60787.98,93.11676
2026-07-02 05:00:00,60787.98,60870.01,60643.29,60870.01,229.25861
2026-07-02 05:15:00,60870.0,60877.69,60733.8,60745.64,311.20212000000004
2026-07-02 05:30:00,60745.64,60874.0,60598.09,60609.79,143.80946
2026-07-02 05:45:00,60609.8,60658.0,60488.0,60504.54,151.89467000000002
2026-07-02 06:00:00,60504.54,60520.0,60410.0,60410.0,108.54544
2026-07-02 06:15:00,60410.01,60561.94,60402.3,60476.54,116.08862
2026-07-02 06:30:00,60476.53,60652.74,60476.53,60534.4,164.18379
2026-07-02 06:45:00,60534.41,60538.0,60260.0,60274.01,449.71623
2026-07-02 07:00:00,60274.01,60315.93,60205.0,60240.15,85.56557000000001
2026-07-02 07:15:00,60240.16,60270.0,60165.25,60165.25,148.13747
2026-07-02 07:30:00,60165.01,60216.81,60117.7,60136.3,214.57262
2026-07-02 07:45:00,60136.29,60227.9,60104.0,60149.99,145.71501
2026-07-02 08:00:00,60149.99,60364.0,60132.51,60308.0,158.49644999999998
2026-07-02 08:15:00,60307.99,60400.0,60307.99,60362.33,125.82964
2026-07-02 08:30:00,60362.33,60500.0,60332.3,60443.82,202.52831
2026-07-02 08:45:00,60443.82,60555.06,60410.86,60511.99,86.53182
2026-07-02 09:00:00,60512.0,60520.0,60376.13,60467.4,97.7277
2026-07-02 09:15:00,60467.39,60630.65,60430.0,60604.91,112.17061
2026-07-02 09:30:00,60604.91,61213.81,60604.9,61090.01,746.03928
2026-07-02 09:45:00,61090.0,61437.49,60868.29,61184.0,939.69419
2026-07-02 10:00:00,61184.0,61240.36,61051.07,61231.11,257.73661
2026-07-02 10:15:00,61231.1,61300.01,61100.0,61224.54,231.01094
2026-07-02 10:30:00,61224.53,61350.0,61206.0,61206.0,133.12096
2026-07-02 10:45:00,61206.01,61330.0,61147.65,61263.68,89.24009000000001
2026-07-02 11:00:00,61263.93,61381.88,61214.5,61284.21,336.99232
2026-07-02 11:15:00,61284.21,61354.33,61258.92,61296.1,188.51669
2026-07-02 11:30:00,61296.1,61360.0,61258.92,61300.01,137.59357
2026-07-02 11:45:00,61300.0,61388.0,61125.58,61358.01,160.1933
2026-07-02 12:00:00,61358.0,61364.32,61267.98,61360.0,183.39405
2026-07-02 12:15:00,61360.0,61415.0,61147.23,61346.01,229.6975
2026-07-02 12:30:00,61346.01,61598.01,61192.3,61375.56,629.7538000000001
2026-07-02 12:45:00,61375.56,61614.0,61369.99,61542.53,433.79756
2026-07-02 13:00:00,61542.53,61738.74,61506.0,61686.07,360.38356
2026-07-02 13:15:00,61686.06,61971.0,61654.01,61688.0,684.39071
2026-07-02 13:30:00,61688.0,62053.0,61526.56,61961.64,943.01772
2026-07-02 13:45:00,61961.64,62029.65,61810.0,61939.04,515.25707
2026-07-02 14:00:00,61939.04,62192.01,61850.0,62081.6,576.44368
2026-07-02 14:15:00,62081.61,62200.0,61570.0,61675.16,615.82482
2026-07-02 14:30:00,61675.15,61810.23,61394.49,61428.01,321.87402000000003
2026-07-02 14:45:00,61428.0,61758.13,61428.0,61696.61,320.28901
2026-07-02 15:00:00,61696.61,61734.37,61427.39,61587.09,385.39969
2026-07-02 15:15:00,61587.09,61850.86,61492.32,61717.94,204.50055
2026-07-02 15:30:00,61717.95,61827.9,61556.0,61708.0,244.83342
2026-07-02 15:45:00,61708.01,61745.5,61533.68,61612.93,120.35534
2026-07-02 16:00:00,61612.93,61750.0,61508.0,61698.0,152.7439
2026-07-02 16:15:00,61698.0,61698.01,61108.99,61191.99,577.48836
2026-07-02 16:30:00,61192.0,61450.72,61192.0,61440.01,284.41625
2026-07-02 16:45:00,61440.0,61790.13,61434.0,61682.34,512.0320099999999
2026-07-02 17:00:00,61682.34,61825.0,61624.0,61781.84,221.79147
2026-07-02 17:15:00,61781.85,61962.43,61750.0,61868.0,239.05915
2026-07-02 17:30:00,61868.0,61868.01,61648.0,61777.01,102.49798
2026-07-02 17:45:00,61777.0,61805.26,61619.69,61667.39,179.49833
2026-07-02 18:00:00,61667.4,61855.33,61664.39,61828.22,125.95905
2026-07-02 18:15:00,61828.21,61900.29,61726.62,61868.16,168.0304
2026-07-02 18:30:00,61868.17,61868.17,61770.42,61776.02,59.75207
2026-07-02 18:45:00,61776.02,61872.0,61686.41,61761.36,103.50065
2026-07-02 19:00:00,61761.36,61763.81,61604.0,61663.99,68.07453
2026-07-02 19:15:00,61664.0,61664.0,61513.41,61614.57,85.36358
2026-07-02 19:30:00,61614.57,61653.36,61525.52,61585.0,87.28304
2026-07-02 19:45:00,61585.0,61700.0,61424.0,61479.6,327.21264
2026-07-02 20:00:00,61479.59,61540.0,61405.79,61441.08,85.24719
2026-07-02 20:15:00,61441.09,61513.21,61402.0,61402.0,69.80598
2026-07-02 20:30:00,61402.0,61432.83,61342.0,61365.98,157.11964
2026-07-02 20:45:00,61365.98,61596.0,61365.98,61584.78,123.5347
2026-07-02 21:00:00,61584.77,61653.43,61522.24,61522.63,119.4469
2026-07-02 21:15:00,61522.63,61546.0,61522.62,61540.42,29.76683
2026-07-02 21:30:00,61540.42,61556.0,61519.51,61524.99,78.68664
2026-07-02 21:45:00,61525.0,61611.28,61516.0,61592.26,107.19957
2026-07-02 22:00:00,61592.26,61596.62,61521.9,61529.66,72.2005
2026-07-02 22:15:00,61529.66,61566.43,61522.34,61522.35,57.37319
2026-07-02 22:30:00,61522.35,61547.72,61514.83,61527.31,58.78976
2026-07-02 22:45:00,61527.31,61554.97,61406.28,61465.26,125.05054
2026-07-02 23:00:00,61465.26,61465.27,61350.02,61351.9,80.54942
2026-07-02 23:15:00,61351.9,61538.0,61351.89,61510.61,61.99274
2026-07-02 23:30:00,61510.61,61606.0,61448.48,61482.83,49.27823
2026-07-02 23:45:00,61482.82,61600.0,61478.0,61560.0,71.92088
2026-07-03 00:00:00,61560.0,61578.0,61350.0,61416.0,271.57689
2026-07-03 00:15:00,61415.99,61457.39,61303.55,61303.55,350.26156
2026-07-03 00:30:00,61303.55,61368.0,61248.86,61337.99,93.86101
2026-07-03 00:45:00,61337.99,61411.51,61298.41,61308.75,87.65907
2026-07-03 01:00:00,61308.75,61728.0,61286.0,61635.28,121.56148000000002
2026-07-03 01:15:00,61635.28,61651.79,61507.95,61570.0,95.85963
2026-07-03 01:30:00,61570.01,61733.11,61526.0,61666.17,106.64131
2026-07-03 01:45:00,61666.17,61673.91,61588.0,61588.0,41.23366
2026-07-03 02:00:00,61588.0,61664.62,61516.82,61523.62,111.43848
2026-07-03 02:15:00,61523.62,61585.14,61398.93,61398.93,130.46152
2026-07-03 02:30:00,61398.93,61462.0,61294.0,61363.84,398.2796100000001
2026-07-03 02:45:00,61363.84,61460.03,61300.18,61440.01,77.97092
2026-07-03 03:00:00,61440.01,61457.94,61324.0,61329.98,120.46537999999998
2026-07-03 03:15:00,61329.98,61575.15,61329.97,61536.01,67.92304
2026-07-03 03:30:00,61536.0,61540.83,61388.0,61400.0,38.16477
2026-07-03 03:45:00,61400.01,61454.77,61356.0,61434.0,365.82382
2026-07-03 04:00:00,61434.0,61460.75,61332.76,61430.0,89.7676
2026-07-03 04:15:00,61429.99,61435.03,61345.99,61435.02,54.70575
2026-07-03 04:30:00,61435.03,61524.01,61410.74,61514.0,201.87242
2026-07-03 04:45:00,61514.0,61514.01,61372.78,61448.0,251.34167
2026-07-03 05:00:00,61448.0,61558.79,61430.0,61535.99,91.54336
2026-07-03 05:15:00,61536.0,61682.3,61514.05,61624.99,360.11726
2026-07-03 05:30:00,61624.99,61808.0,61612.0,61698.59,171.17733
2026-07-03 05:45:00,61698.58,61750.0,61648.43,61700.49,46.58232
2026-07-03 06:00:00,61700.49,61850.0,61693.96,61725.0,104.18822
2026-07-03 06:15:00,61725.0,61808.0,61697.37,61719.91,383.1624
2026-07-03 06:30:00,61719.92,61779.76,61612.0,61641.62,280.51488
2026-07-03 06:45:00,61641.63,61768.63,61641.63,61710.01,53.7
2026-07-03 07:00:00,61710.01,61779.46,61659.32,61701.61,70.44418
2026-07-03 07:15:00,61701.6,61767.01,61701.6,61767.0,156.75264
2026-07-03 07:30:00,61767.0,61842.0,61744.06,61822.71,577.34199
2026-07-03 07:45:00,61822.71,61864.99,61746.03,61750.47,270.69554
2026-07-03 08:00:00,61750.47,61829.92,61741.29,61748.01,88.50165
2026-07-03 08:15:00,61748.01,61827.82,61724.6,61779.56,64.4096
2026-07-03 08:30:00,61779.55,61896.99,61725.29,61872.01,93.22403
2026-07-03 08:45:00,61872.0,61872.0,61554.07,61584.0,95.46741
2026-07-03 09:00:00,61583.99,61702.0,61510.01,61700.0,83.05596
2026-07-03 09:15:00,61700.0,61733.03,61644.0,61685.11,76.32077000000001
2026-07-03 09:30:00,61685.12,61692.05,61558.01,61657.94,101.30412
2026-07-03 09:45:00,61657.94,61783.89,61657.94,61718.68,75.82699
2026-07-03 10:00:00,61718.69,61774.0,61674.0,61724.0,66.77324999999999
2026-07-03 10:15:00,61724.0,61766.0,61663.98,61746.0,66.84974
2026-07-03 10:30:00,61746.0,62038.0,61728.0,62012.0,221.58844
2026-07-03 10:45:00,62011.99,62023.75,61885.73,61916.46,126.18259
2026-07-03 11:00:00,61916.46,62078.92,61840.0,62020.0,214.76296
2026-07-03 11:15:00,62019.99,62070.58,61942.0,61985.05,154.15634
2026-07-03 11:30:00,61985.06,62028.0,61888.0,61892.0,66.31254
2026-07-03 11:45:00,61892.0,62103.1,61892.0,62024.02,114.64198
2026-07-03 12:00:00,62024.01,62174.47,62008.0,62149.99,167.32106
2026-07-03 12:15:00,62149.99,62164.96,61913.16,61955.98,258.59167
2026-07-03 12:30:00,61955.98,61972.0,61871.66,61929.1,133.10913
2026-07-03 12:45:00,61929.1,62001.99,61929.1,61983.99,68.69942999999999
2026-07-03 13:00:00,61984.0,62074.0,61944.0,62062.72,145.17362
2026-07-03 13:15:00,62062.72,62123.64,62006.19,62099.76,167.44049
2026-07-03 13:30:00,62099.76,62205.5,62021.28,62151.99,251.36007
2026-07-03 13:45:00,62152.0,62282.0,62055.34,62116.01,226.30923
2026-07-03 14:00:00,62116.0,62116.0,61700.0,61768.02,240.79069
2026-07-03 14:15:00,61768.28,61929.99,61730.0,61929.99,233.36276
2026-07-03 14:30:00,61929.98,62062.63,61851.06,62060.01,135.75473
2026-07-03 14:45:00,62060.01,62280.0,62027.64,62167.48,158.8915
2026-07-03 15:00:00,62167.47,62400.0,62158.75,62192.14,224.06925
2026-07-03 15:15:00,62192.14,62221.59,61990.9,62011.99,139.12521
2026-07-03 15:30:00,62011.99,62106.74,61820.0,61844.01,147.82035
2026-07-03 15:45:00,61844.01,61967.06,61822.0,61922.72,116.65735
2026-07-03 16:00:00,61922.71,61993.63,61911.65,61926.99,52.63358
2026-07-03 16:15:00,61926.98,62105.56,61926.98,62074.79,70.21332
2026-07-03 16:30:00,62074.8,62125.99,61986.0,62052.0,117.19702
2026-07-03 16:45:00,62052.01,62125.63,62020.0,62104.81,68.05338
2026-07-03 17:00:00,62104.81,62292.51,62068.78,62192.46,142.47096
2026-07-03 17:15:00,62192.47,62242.0,62118.0,62186.41,114.82952
2026-07-03 17:30:00,62186.41,62272.32,62167.47,62226.01,51.8574
2026-07-03 17:45:00,62226.0,62245.92,62169.43,62194.0,36.32003
2026-07-03 18:00:00,62193.99,62204.03,62118.0,62161.98,74.17018
2026-07-03 18:15:00,62161.98,62200.0,62138.0,62180.0,45.07747
2026-07-03 18:30:00,62179.99,62238.0,62177.1,62221.99,111.78164
2026-07-03 18:45:00,62221.99,62250.0,62198.0,62204.01,67.58758
2026-07-03 19:00:00,62204.0,62254.0,62146.0,62181.33,52.345470000000006
2026-07-03 19:15:00,62181.34,62305.0,62181.34,62224.01,123.98513
2026-07-03 19:30:00,62224.0,62317.64,62161.63,62236.0,68.80758
2026-07-03 19:45:00,62236.0,62267.88,62196.42,62210.0,100.06493
2026-07-03 20:00:00,62210.0,62492.62,62186.01,62438.01,192.84455
2026-07-03 20:15:00,62438.01,62689.0,62393.34,62622.01,392.13109
2026-07-03 20:30:00,62622.0,62907.77,62604.02,62710.65,312.08167
2026-07-03 20:45:00,62710.65,62867.99,62684.0,62776.92,206.75905
2026-07-03 21:00:00,62776.91,62979.86,62726.0,62756.0,200.32559
2026-07-03 21:15:00,62756.01,62797.38,62612.35,62631.52,126.98809
2026-07-03 21:30:00,62631.53,62638.82,62518.72,62611.99,102.13529
2026-07-03 21:45:00,62612.0,62834.65,62611.99,62732.0,100.91725
2026-07-03 22:00:00,62732.0,62748.01,62588.91,62629.99,59.25812
2026-07-03 22:15:00,62630.0,62712.02,62624.0,62636.0,210.35891
2026-07-03 22:30:00,62636.0,62636.01,62538.47,62615.75,162.51461
2026-07-03 22:45:00,62615.76,62664.42,62578.0,62578.0,29.63933
2026-07-03 23:00:00,62578.0,62600.0,62529.03,62562.07,69.35342
2026-07-03 23:15:00,62562.06,62680.54,62560.46,62621.99,109.86186
2026-07-03 23:30:00,62621.99,62707.67,62621.99,62680.0,98.30372
2026-07-03 23:45:00,62680.0,62682.37,62551.43,62583.26,211.17391
2026-07-04 00:00:00,62583.26,62946.0,62578.55,62827.73,239.57752
2026-07-04 00:15:00,62827.72,62849.34,62748.19,62765.15,83.60485
2026-07-04 00:30:00,62765.15,62810.17,62686.93,62713.99,60.32312
2026-07-04 00:45:00,62713.99,62814.0,62710.0,62756.29,68.31969
2026-07-04 01:00:00,62756.29,62756.29,62468.3,62510.17,427.81944
2026-07-04 01:15:00,62510.17,62592.18,62404.25,62492.0,140.97289
2026-07-04 01:30:00,62492.01,62544.34,62432.28,62445.96,113.83119
2026-07-04 01:45:00,62445.97,62506.0,62423.99,62468.44,57.93042
2026-07-04 02:00:00,62468.44,62569.66,62468.43,62522.01,89.15567
2026-07-04 02:15:00,62522.0,62522.01,62453.27,62495.4,88.49959
2026-07-04 02:30:00,62495.39,62500.0,62432.0,62493.99,54.93575
2026-07-04 02:45:00,62493.99,62576.0,62478.0,62538.96,55.81752
2026-07-04 03:00:00,62538.96,62580.0,62484.01,62561.73,43.68932
2026-07-04 03:15:00,62561.73,62584.45,62544.88,62572.2,42.66361
2026-07-04 03:30:00,62572.21,62750.0,62520.0,62714.47,121.48061
2026-07-04 03:45:00,62714.48,62716.0,62624.09,62627.29,65.03966
2026-07-04 04:00:00,62627.28,62704.0,62602.23,62655.69,43.11285
2026-07-04 04:15:00,62655.69,62718.0,62590.06,62666.7,62.5245
2026-07-04 04:30:00,62666.69,62749.97,62664.0,62692.46,66.84694999999999
2026-07-04 04:45:00,62692.47,62740.0,62641.04,62700.0,199.57626
2026-07-04 05:00:00,62700.0,62700.01,62579.44,62579.44,29.26922
2026-07-04 05:15:00,62579.45,62579.45,62476.0,62516.0,57.11105
2026-07-04 05:30:00,62516.0,62575.01,62508.22,62568.01,96.32283
2026-07-04 05:45:00,62568.01,62595.97,62441.29,62471.52,107.20668
2026-07-04 06:00:00,62471.53,62559.43,62434.0,62434.01,101.62351
2026-07-04 06:15:00,62434.01,62452.0,62328.24,62422.0,76.04744
2026-07-04 06:30:00,62422.0,62521.84,62422.0,62460.0,78.95722
2026-07-04 06:45:00,62460.01,62535.5,62460.0,62500.01,71.58484999999999
2026-07-04 07:00:00,62500.01,62565.62,62470.0,62551.98,114.78258
2026-07-04 07:15:00,62551.98,62634.24,62529.98,62544.07,95.56013
2026-07-04 07:30:00,62544.07,62569.41,62485.95,62504.38,203.67536
2026-07-04 07:45:00,62504.39,62594.51,62494.0,62576.0,74.35437999999999
2026-07-04 08:00:00,62576.0,62581.86,62516.46,62551.25,40.42678
2026-07-04 08:15:00,62551.24,62580.0,62520.0,62550.5,44.27046
2026-07-04 08:30:00,62550.49,62674.47,62548.0,62597.42,111.64451
2026-07-04 08:45:00,62597.41,62661.67,62553.08,62553.78,129.05454
2026-07-04 09:00:00,62553.78,62583.99,62450.0,62512.0,66.13122
2026-07-04 09:15:00,62512.01,62512.01,62458.0,62477.05,35.286370000000005
2026-07-04 09:30:00,62477.04,62486.0,62415.87,62445.82,100.58846
2026-07-04 09:45:00,62445.82,62508.25,62445.82,62494.0,54.43767
2026-07-04 10:00:00,62494.01,62494.01,62445.38,62468.01,58.71978
2026-07-04 10:15:00,62468.0,62531.19,62454.21,62499.9,83.74419
2026-07-04 10:30:00,62499.91,62499.91,62468.21,62484.0,32.75096
2026-07-04 10:45:00,62483.99,62545.02,62471.88,62513.0,85.83519000000001
2026-07-04 11:00:00,62512.99,62525.01,62472.02,62525.0,63.85443
2026-07-04 11:15:00,62525.0,62549.25,62456.24,62481.93,73.81450000000001
2026-07-04 11:30:00,62481.92,62563.84,62479.99,62495.95,48.59297
2026-07-04 11:45:00,62495.96,62511.02,62466.41,62482.01,50.49142
2026-07-04 12:00:00,62482.0,62580.01,62482.0,62569.01,46.48987
2026-07-04 12:15:00,62569.01,62614.46,62548.0,62590.01,26.49258
2026-07-04 12:30:00,62590.01,62648.0,62586.0,62621.99,38.6
2026-07-04 12:45:00,62621.99,62696.78,62588.0,62664.01,48.54728
2026-07-04 13:00:00,62664.01,62664.01,62595.1,62609.99,59.95615
2026-07-04 13:15:00,62610.0,62776.92,62610.0,62654.0,98.07995
2026-07-04 13:30:00,62654.0,62654.0,62558.0,62584.0,45.61874
2026-07-04 13:45:00,62584.0,62588.85,62542.0,62588.84,31.25784
2026-07-04 14:00:00,62588.84,62688.0,62585.53,62661.74,40.4908
2026-07-04 14:15:00,62661.74,62738.28,62638.0,62677.54,77.01258
2026-07-04 14:30:00,62677.53,62692.0,62627.09,62686.68,50.71068
2026-07-04 14:45:00,62686.69,62713.67,62656.0,62693.99,45.91186
2026-07-04 15:00:00,62693.99,63075.46,62687.89,62825.75,313.6259
2026-07-04 15:15:00,62825.75,62930.0,62760.01,62928.0,136.9913
2026-07-04 15:30:00,62928.0,63006.0,62849.64,62920.0,166.54959
2026-07-04 15:45:00,62920.0,63006.0,62867.3,62943.29,129.65425
2026-07-04 16:00:00,62943.29,62964.0,62786.01,62786.01,121.81076
2026-07-04 16:15:00,62786.01,62881.2,62786.0,62870.0,92.25965
2026-07-04 16:30:00,62870.01,62945.73,62870.0,62912.01,93.44733
2026-07-04 16:45:00,62912.01,62968.29,62866.0,62927.29,138.74386
2026-07-04 17:00:00,62927.3,62946.3,62803.0,62861.99,118.89341
2026-07-04 17:15:00,62862.0,62981.97,62858.0,62979.37,57.09046
2026-07-04 17:30:00,62979.36,63194.0,62979.36,63175.99,192.43931
2026-07-04 17:45:00,63175.99,63439.62,63154.0,63280.38,383.91916
2026-07-04 18:00:00,63280.38,63342.0,63180.01,63328.01,112.33013
2026-07-04 18:15:00,63328.01,63346.0,63144.58,63186.56,64.48329
2026-07-04 18:30:00,63186.56,63186.56,63103.99,63114.27,118.56143
2026-07-04 18:45:00,63114.28,63179.58,63092.02,63172.78,52.21114
2026-07-04 19:00:00,63172.79,63241.96,63123.49,63170.0,73.57616
2026-07-04 19:15:00,63169.99,63374.0,63169.99,63370.0,86.85744
2026-07-04 19:30:00,63370.0,63461.99,63280.56,63365.5,70.40547
2026-07-04 19:45:00,63365.5,63365.5,63280.06,63294.72,97.85089
2026-07-04 20:00:00,63294.72,63392.0,63286.0,63338.45,41.62987
2026-07-04 20:15:00,63338.44,63344.0,63155.37,63172.0,118.92704
2026-07-04 20:30:00,63171.99,63320.0,63160.0,63289.32,78.07712000000001
2026-07-04 20:45:00,63289.32,63333.64,63228.84,63233.78,48.49005
2026-07-04 21:00:00,63233.79,63372.0,63202.0,63354.74,53.68283
2026-07-04 21:15:00,63354.74,63446.0,63350.36,63439.87,66.64573
2026-07-04 21:30:00,63439.87,63448.0,63290.96,63290.96,59.69292
2026-07-04 21:45:00,63290.97,63329.43,63270.21,63297.84,59.05819
2026-07-04 22:00:00,63297.83,63310.0,63216.6,63246.0,48.11812
2026-07-04 22:15:00,63245.99,63303.87,63200.0,63222.6,56.31072
2026-07-04 22:30:00,63222.81,63242.01,63180.0,63214.0,82.04441
2026-07-04 22:45:00,63214.0,63238.3,63160.0,63184.99,300.40427
2026-07-04 23:00:00,63185.0,63234.0,62991.18,62999.96,224.43811
2026-07-04 23:15:00,62999.96,63098.0,62927.98,63097.99,75.73599
2026-07-04 23:30:00,63097.99,63225.8,63097.99,63209.94,51.862260000000006
2026-07-04 23:45:00,63209.94,63241.33,63144.0,63144.01,231.9804
2026-07-05 00:00:00,63144.01,63144.01,63024.04,63059.99,76.03251
2026-07-05 00:15:00,63060.0,63060.0,62978.75,63053.21,58.16651
2026-07-05 00:30:00,63053.22,63124.0,62999.99,63089.96,74.20075
2026-07-05 00:45:00,63089.96,63105.97,62888.86,62991.29,140.26197000000002
2026-07-05 01:00:00,62991.3,63043.15,62926.0,62994.0,172.07667
2026-07-05 01:15:00,62994.01,62994.01,62838.0,62940.04,70.62569
2026-07-05 01:30:00,62940.04,62940.04,62800.0,62870.0,140.1168
2026-07-05 01:45:00,62870.0,62906.0,62838.3,62887.94,64.79856000000001
2026-07-05 02:00:00,62887.93,62926.0,62738.37,62740.0,78.07187
2026-07-05 02:15:00,62740.01,62784.0,62651.37,62756.36,96.88073
2026-07-05 02:30:00,62756.36,62792.0,62642.28,62642.29,52.82801
2026-07-05 02:45:00,62642.29,62693.56,62596.08,62693.56,79.86133
2026-07-05 03:00:00,62693.57,62788.0,62693.57,62768.79,54.19275
2026-07-05 03:15:00,62768.78,62776.0,62658.0,62670.0,38.67325
2026-07-05 03:30:00,62670.01,62775.48,62670.0,62736.0,36.63709
2026-07-05 03:45:00,62736.01,62796.39,62732.0,62769.04,82.22255
2026-07-05 04:00:00,62769.03,62819.66,62712.0,62794.0,63.85823
2026-07-05 04:15:00,62794.0,62887.1,62792.0,62866.01,71.37463
2026-07-05 04:30:00,62866.01,62952.93,62866.01,62944.91,81.63449
2026-07-05 04:45:00,62944.91,62944.91,62815.99,62815.99,71.56024
2026-07-05 05:00:00,62815.99,62815.99,62732.84,62750.57,64.28533999999999
2026-07-05 05:15:00,62750.57,62788.44,62746.0,62755.0,67.1981
2026-07-05 05:30:00,62755.0,62810.0,62659.65,62672.83,95.88159
2026-07-05 05:45:00,62672.82,62766.0,62672.82,62740.5,85.24716000000001
2026-07-05 06:00:00,62740.5,62740.5,62669.99,62715.0,51.9314
2026-07-05 06:15:00,62715.0,62800.0,62712.02,62796.26,68.37045
2026-07-05 06:30:00,62796.25,62819.91,62740.0,62753.64,44.01349
2026-07-05 06:45:00,62753.64,62798.0,62741.5,62782.18,105.32379
2026-07-05 07:00:00,62782.18,62798.0,62758.01,62758.02,40.06869
2026-07-05 07:15:00,62758.01,62833.75,62718.31,62749.99,159.45377
2026-07-05 07:30:00,62749.99,62974.14,62749.99,62924.38,126.38355
2026-07-05 07:45:00,62924.38,63059.99,62898.58,63020.21,67.81094
2026-07-05 08:00:00,63020.21,63104.0,62948.89,63014.01,88.41846
2026-07-05 08:15:00,63014.01,63049.9,62919.99,62935.6,36.59198
2026-07-05 08:30:00,62935.6,62990.18,62913.71,62938.0,96.26285
2026-07-05 08:45:00,62938.01,62984.59,62900.0,62915.0,116.18643
2026-07-05 09:00:00,62915.0,62930.16,62815.6,62871.52,169.70094
2026-07-05 09:15:00,62871.52,62874.38,62733.96,62735.01,89.74225
2026-07-05 09:30:00,62735.01,62780.61,62436.59,62528.0,184.12779
2026-07-05 09:45:00,62528.0,62636.64,62510.11,62622.18,118.70128
2026-07-05 10:00:00,62622.18,62731.66,62536.57,62688.51,53.67455
2026-07-05 10:15:00,62688.51,62747.98,62631.22,62694.02,65.40852
2026-07-05 10:30:00,62694.02,62735.66,62670.02,62692.25,42.222750000000005
2026-07-05 10:45:00,62692.26,62756.25,62684.11,62756.12,22.02036
2026-07-05 11:00:00,62756.12,62812.0,62680.99,62706.0,44.35618
2026-07-05 11:15:00,62706.0,62706.0,62600.03,62624.99,73.38482
2026-07-05 11:30:00,62624.99,62719.99,62616.0,62710.0,80.11444
2026-07-05 11:45:00,62710.0,62726.0,62638.24,62658.92,70.3484
2026-07-05 12:00:00,62658.92,62658.92,62569.37,62620.0,117.0977
2026-07-05 12:15:00,62620.0,62750.0,62620.0,62750.0,63.59465
2026-07-05 12:30:00,62750.0,62772.0,62645.13,62710.1,87.91674
2026-07-05 12:45:00,62710.1,62745.01,62710.0,62745.01,25.93947
2026-07-05 13:00:00,62745.0,62818.0,62700.0,62738.0,62.54898
2026-07-05 13:15:00,62738.0,62767.18,62644.12,62695.68,200.06165
2026-07-05 13:30:00,62695.69,62760.65,62674.63,62753.55,27.88317
2026-07-05 13:45:00,62753.55,62819.66,62753.55,62792.0,46.94951
2026-07-05 14:00:00,62791.99,62818.37,62705.17,62750.0,78.61219
2026-07-05 14:15:00,62750.0,62750.01,62672.04,62712.0,58.20794
2026-07-05 14:30:00,62712.01,62784.0,62656.02,62742.24,49.71867
2026-07-05 14:45:00,62742.24,62812.25,62714.01,62812.25,32.82012
2026-07-05 15:00:00,62812.25,62943.59,62793.72,62807.88,99.57539
2026-07-05 15:15:00,62807.87,62822.3,62736.83,62770.0,39.03693
2026-07-05 15:30:00,62770.0,62908.0,62690.81,62704.01,71.79284
2026-07-05 15:45:00,62704.0,62760.0,62679.76,62740.01,33.41843
2026-07-05 16:00:00,62740.01,62772.86,62700.0,62707.7,94.31771
2026-07-05 16:15:00,62707.7,62725.27,62603.74,62617.99,74.11939
2026-07-05 16:30:00,62618.0,62669.69,62618.0,62631.28,84.00462
2026-07-05 16:45:00,62631.28,62656.0,62590.02,62637.48,92.11566
2026-07-05 17:00:00,62637.48,62738.0,62637.48,62722.74,85.20247
2026-07-05 17:15:00,62722.74,62820.0,62686.0,62686.01,70.57897
2026-07-05 17:30:00,62686.01,62710.0,62606.0,62606.01,73.27683
2026-07-05 17:45:00,62606.01,62668.0,62594.38,62624.93,46.03649
2026-07-05 18:00:00,62624.93,62688.0,62616.0,62659.86,214.28485
2026-07-05 18:15:00,62659.86,62722.94,62659.85,62681.94,33.73914
2026-07-05 18:30:00,62681.94,62771.22,62681.93,62770.47,50.93158
2026-07-05 18:45:00,62770.48,62880.0,62738.0,62820.33,73.18382
2026-07-05 19:00:00,62820.33,62870.0,62780.78,62840.81,115.62724
2026-07-05 19:15:00,62840.81,62888.14,62714.98,62791.7,99.55617
2026-07-05 19:30:00,62791.7,62832.0,62770.0,62804.25,29.40187
2026-07-05 19:45:00,62804.25,62834.87,62762.46,62768.88,52.75513
2026-07-05 20:00:00,62768.87,62836.01,62766.36,62816.64,54.9189
2026-07-05 20:15:00,62816.63,62817.82,62700.0,62720.0,24.3376
2026-07-05 20:30:00,62719.99,62742.0,62700.0,62741.99,32.87836
2026-07-05 20:45:00,62742.0,62759.47,62730.6,62730.61,52.42894
2026-07-05 21:00:00,62730.61,62771.72,62609.47,62738.29,72.98818
2026-07-05 21:15:00,62738.28,62936.8,62720.0,62922.01,79.3277
2026-07-05 21:30:00,62922.0,63045.99,62894.71,63024.0,115.45714
2026-07-05 21:45:00,63023.99,63220.0,62948.0,63092.01,160.73782
2026-07-05 22:00:00,63092.0,63220.0,63005.04,63220.0,96.03671
2026-07-05 22:15:00,63219.99,63742.83,63190.0,63717.99,662.26983
2026-07-05 22:30:00,63718.0,63964.48,63542.19,63559.19,577.52247
2026-07-05 22:45:00,63559.2,63744.0,63559.19,63736.0,176.68344
2026-07-05 23:00:00,63735.99,63989.54,63715.8,63978.0,204.62201
2026-07-05 23:15:00,63978.0,63999.0,63679.64,63680.01,259.83323
2026-07-05 23:30:00,63680.01,63739.71,63626.0,63703.49,156.97341
2026-07-05 23:45:00,63703.48,63703.48,63577.36,63650.0,129.45062
2026-07-06 00:00:00,63650.01,63713.47,63480.01,63594.0,189.21741
2026-07-06 00:15:00,63594.0,63711.99,63415.04,63418.0,435.7192700000001
2026-07-06 00:30:00,63418.01,63653.44,63350.0,63604.0,108.14514
2026-07-06 00:45:00,63604.0,63772.52,63604.0,63761.99,121.30142
2026-07-06 01:00:00,63761.98,63854.0,63692.07,63806.0,134.08211
2026-07-06 01:15:00,63805.99,63844.0,63606.0,63742.01,114.20842
2026-07-06 01:30:00,63742.01,63920.0,63696.06,63724.38,92.79886
2026-07-06 01:45:00,63724.38,63724.38,63550.0,63576.0,91.88731
2026-07-06 02:00:00,63576.0,63669.45,63415.0,63455.72,132.5994
2026-07-06 02:15:00,63455.72,63661.54,63444.0,63522.01,74.04814999999999
2026-07-06 02:30:00,63522.01,63630.0,63388.32,63391.99,120.33366
2026-07-06 02:45:00,63392.0,63432.0,63391.99,63426.01,1.90657
