timestamp,funding_rate,open_interest,open_interest_value,global_long_short_ratio,global_long_account,global_short_account,taker_buy_sell_ratio,taker_buy_vol,taker_sell_vol,fundamental_source_age_hours
2025-11-12 23:00:00,,,,,,,,,,
2025-11-13 00:00:00,,,,,,,,,,
2025-11-13 01:00:00,1.077e-05,,,,,,,,,0.0
2025-11-13 02:00:00,1.077e-05,,,,,,,,,0.0
2025-11-13 03:00:00,1.077e-05,,,,,,,,,0.0
2025-11-13 04:00:00,1.077e-05,,,,,,,,,0.0
2025-11-13 05:00:00,1.077e-05,,,,,,,,,0.0
2025-11-13 06:00:00,1.077e-05,,,,,,,,,0.0
2025-11-13 07:00:00,1.077e-05,,,,,,,,,0.0
2025-11-13 08:00:00,9.352e-05,,,,,,,,,0.0
2025-11-13 09:00:00,9.352e-05,,,,,,,,,0.0
2025-11-13 10:00:00,9.352e-05,,,,,,,,,0.0
2025-11-13 11:00:00,9.352e-05,,,,,,,,,0.0
2025-11-13 12:00:00,9.352e-05,,,,,,,,,0.0
2025-11-13 13:00:00,9.352e-05,,,,,,,,,0.0
2025-11-13 14:00:00,9.352e-05,,,,,,,,,0.0
2025-11-13 15:00:00,9.352e-05,,,,,,,,,0.0
2025-11-13 16:00:00,9.352e-05,,,,,,,,,0.0
2025-11-13 17:00:00,7.448e-05,,,,,,,,,0.0
2025-11-13 18:00:00,7.448e-05,,,,,,,,,0.0
2025-11-13 19:00:00,7.448e-05,,,,,,,,,0.0
2025-11-13 20:00:00,7.448e-05,,,,,,,,,0.0
2025-11-13 21:00:00,7.448e-05,,,,,,,,,0.0
2025-11-13 22:00:00,7.448e-05,,,,,,,,,0.0
2025-11-13 23:00:00,7.448e-05,,,,,,,,,0.0
2025-11-14 00:00:00,8.569e-05,,,,,,,,,0.0
2025-11-14 01:00:00,8.569e-05,,,,,,,,,0.0
2025-11-14 02:00:00,8.569e-05,,,,,,,,,0.0
2025-11-14 03:00:00,8.569e-05,,,,,,,,,0.0
2025-11-14 04:00:00,8.569e-05,,,,,,,,,0.0
2025-11-14 05:00:00,8.569e-05,,,,,,,,,0.0
2025-11-14 06:00:00,8.569e-05,,,,,,,,,0.0
2025-11-14 07:00:00,8.569e-05,,,,,,,,,0.0
2025-11-14 08:00:00,9.126e-05,,,,,,,,,0.0
2025-11-14 09:00:00,9.126e-05,,,,,,,,,0.0
2025-11-14 10:00:00,9.126e-05,,,,,,,,,0.0
2025-11-14 11:00:00,9.126e-05,,,,,,,,,0.0
2025-11-14 12:00:00,9.126e-05,,,,,,,,,0.0
2025-11-14 13:00:00,9.126e-05,,,,,,,,,0.0
2025-11-14 14:00:00,9.126e-05,,,,,,,,,0.0
2025-11-14 15:00:00,9.126e-05,,,,,,,,,0.0
2025-11-14 16:00:00,9.126e-05,,,,,,,,,0.0
2025-11-14 17:00:00,9.078e-05,,,,,,,,,0.0
2025-11-14 18:00:00,9.078e-05,,,,,,,,,0.0
2025-11-14 19:00:00,9.078e-05,,,,,,,,,0.0
2025-11-14 20:00:00,9.078e-05,,,,,,,,,0.0
2025-11-14 21:00:00,9.078e-05,,,,,,,,,0.0
2025-11-14 22:00:00,9.078e-05,,,,,,,,,0.0
2025-11-14 23:00:00,9.078e-05,,,,,,,,,0.0
2025-11-15 00:00:00,9.078e-05,,,,,,,,,0.0
2025-11-15 01:00:00,8.507e-05,,,,,,,,,0.0
2025-11-15 02:00:00,8.507e-05,,,,,,,,,0.0
2025-11-15 03:00:00,8.507e-05,,,,,,,,,0.0
2025-11-15 04:00:00,8.507e-05,,,,,,,,,0.0
2025-11-15 05:00:00,8.507e-05,,,,,,,,,0.0
2025-11-15 06:00:00,8.507e-05,,,,,,,,,0.0
2025-11-15 07:00:00,8.507e-05,,,,,,,,,0.0
2025-11-15 08:00:00,0.0001,,,,,,,,,0.0
2025-11-15 09:00:00,0.0001,,,,,,,,,0.0
2025-11-15 10:00:00,0.0001,,,,,,,,,0.0
2025-11-15 11:00:00,0.0001,,,,,,,,,0.0
2025-11-15 12:00:00,0.0001,,,,,,,,,0.0
2025-11-15 13:00:00,0.0001,,,,,,,,,0.0
2025-11-15 14:00:00,0.0001,,,,,,,,,0.0
2025-11-15 15:00:00,0.0001,,,,,,,,,0.0
2025-11-15 16:00:00,0.0001,,,,,,,,,0.0
2025-11-15 17:00:00,5.923e-05,,,,,,,,,0.0
2025-11-15 18:00:00,5.923e-05,,,,,,,,,0.0
2025-11-15 19:00:00,5.923e-05,,,,,,,,,0.0
2025-11-15 20:00:00,5.923e-05,,,,,,,,,0.0
2025-11-15 21:00:00,5.923e-05,,,,,,,,,0.0
2025-11-15 22:00:00,5.923e-05,,,,,,,,,0.0
2025-11-15 23:00:00,5.923e-05,,,,,,,,,0.0
2025-11-16 00:00:00,5.923e-05,,,,,,,,,0.0
2025-11-16 01:00:00,7.745e-05,,,,,,,,,0.0
2025-11-16 02:00:00,7.745e-05,,,,,,,,,0.0
2025-11-16 03:00:00,7.745e-05,,,,,,,,,0.0
2025-11-16 04:00:00,7.745e-05,,,,,,,,,0.0
2025-11-16 05:00:00,7.745e-05,,,,,,,,,0.0
2025-11-16 06:00:00,7.745e-05,,,,,,,,,0.0
2025-11-16 07:00:00,7.745e-05,,,,,,,,,0.0
2025-11-16 08:00:00,0.0001,,,,,,,,,0.0
2025-11-16 09:00:00,0.0001,,,,,,,,,0.0
2025-11-16 10:00:00,0.0001,,,,,,,,,0.0
2025-11-16 11:00:00,0.0001,,,,,,,,,0.0
2025-11-16 12:00:00,0.0001,,,,,,,,,0.0
2025-11-16 13:00:00,0.0001,,,,,,,,,0.0
2025-11-16 14:00:00,0.0001,,,,,,,,,0.0
2025-11-16 15:00:00,0.0001,,,,,,,,,0.0
2025-11-16 16:00:00,7.06e-05,,,,,,,,,0.0
2025-11-16 17:00:00,7.06e-05,,,,,,,,,0.0
2025-11-16 18:00:00,7.06e-05,,,,,,,,,0.0
2025-11-16 19:00:00,7.06e-05,,,,,,,,,0.0
2025-11-16 20:00:00,7.06e-05,,,,,,,,,0.0
2025-11-16 21:00:00,7.06e-05,,,,,,,,,0.0
2025-11-16 22:00:00,7.06e-05,,,,,,,,,0.0
2025-11-16 23:00:00,7.06e-05,,,,,,,,,0.0
2025-11-17 00:00:00,7.06e-05,,,,,,,,,0.0
2025-11-17 01:00:00,0.0001,,,,,,,,,0.0
2025-11-17 02:00:00,0.0001,,,,,,,,,0.0
2025-11-17 03:00:00,0.0001,,,,,,,,,0.0
2025-11-17 04:00:00,0.0001,,,,,,,,,0.0
2025-11-17 05:00:00,0.0001,,,,,,,,,0.0
2025-11-17 06:00:00,0.0001,,,,,,,,,0.0
2025-11-17 07:00:00,0.0001,,,,,,,,,0.0
2025-11-17 08:00:00,0.0001,,,,,,,,,0.0
2025-11-17 09:00:00,9.568e-05,,,,,,,,,0.0
2025-11-17 10:00:00,9.568e-05,,,,,,,,,0.0
2025-11-17 11:00:00,9.568e-05,,,,,,,,,0.0
2025-11-17 12:00:00,9.568e-05,,,,,,,,,0.0
2025-11-17 13:00:00,9.568e-05,,,,,,,,,0.0
2025-11-17 14:00:00,9.568e-05,,,,,,,,,0.0
2025-11-17 15:00:00,9.568e-05,,,,,,,,,0.0
2025-11-17 16:00:00,7.208e-05,,,,,,,,,0.0
2025-11-17 17:00:00,7.208e-05,,,,,,,,,0.0
2025-11-17 18:00:00,7.208e-05,,,,,,,,,0.0
2025-11-17 19:00:00,7.208e-05,,,,,,,,,0.0
2025-11-17 20:00:00,7.208e-05,,,,,,,,,0.0
2025-11-17 21:00:00,7.208e-05,,,,,,,,,0.0
2025-11-17 22:00:00,7.208e-05,,,,,,,,,0.0
2025-11-17 23:00:00,7.208e-05,,,,,,,,,0.0
2025-11-18 00:00:00,7.208e-05,,,,,,,,,0.0
2025-11-18 01:00:00,0.0001,,,,,,,,,0.0
2025-11-18 02:00:00,0.0001,,,,,,,,,0.0
2025-11-18 03:00:00,0.0001,,,,,,,,,0.0
2025-11-18 04:00:00,0.0001,,,,,,,,,0.0
2025-11-18 05:00:00,0.0001,,,,,,,,,0.0
2025-11-18 06:00:00,0.0001,,,,,,,,,0.0
2025-11-18 07:00:00,0.0001,,,,,,,,,0.0
2025-11-18 08:00:00,0.0001,,,,,,,,,0.0
2025-11-18 09:00:00,0.0001,,,,,,,,,0.0
2025-11-18 10:00:00,0.0001,,,,,,,,,0.0
2025-11-18 11:00:00,0.0001,,,,,,,,,0.0
2025-11-18 12:00:00,0.0001,,,,,,,,,0.0
2025-11-18 13:00:00,0.0001,,,,,,,,,0.0
2025-11-18 14:00:00,0.0001,,,,,,,,,0.0
2025-11-18 15:00:00,0.0001,,,,,,,,,0.0
2025-11-18 16:00:00,3.725e-05,,,,,,,,,0.0
2025-11-18 17:00:00,3.725e-05,,,,,,,,,0.0
2025-11-18 18:00:00,3.725e-05,,,,,,,,,0.0
2025-11-18 19:00:00,3.725e-05,,,,,,,,,0.0
2025-11-18 20:00:00,3.725e-05,,,,,,,,,0.0
2025-11-18 21:00:00,3.725e-05,,,,,,,,,0.0
2025-11-18 22:00:00,3.725e-05,,,,,,,,,0.0
2025-11-18 23:00:00,3.725e-05,,,,,,,,,0.0
2025-11-19 00:00:00,7.496e-05,,,,,,,,,0.0
2025-11-19 01:00:00,7.496e-05,,,,,,,,,0.0
2025-11-19 02:00:00,7.496e-05,,,,,,,,,0.0
2025-11-19 03:00:00,7.496e-05,,,,,,,,,0.0
2025-11-19 04:00:00,7.496e-05,,,,,,,,,0.0
2025-11-19 05:00:00,7.496e-05,,,,,,,,,0.0
2025-11-19 06:00:00,7.496e-05,,,,,,,,,0.0
2025-11-19 07:00:00,7.496e-05,,,,,,,,,0.0
2025-11-19 08:00:00,5.012e-05,,,,,,,,,0.0
2025-11-19 09:00:00,5.012e-05,,,,,,,,,0.0
2025-11-19 10:00:00,5.012e-05,,,,,,,,,0.0
2025-11-19 11:00:00,5.012e-05,,,,,,,,,0.0
2025-11-19 12:00:00,5.012e-05,,,,,,,,,0.0
2025-11-19 13:00:00,5.012e-05,,,,,,,,,0.0
2025-11-19 14:00:00,5.012e-05,,,,,,,,,0.0
2025-11-19 15:00:00,5.012e-05,,,,,,,,,0.0
2025-11-19 16:00:00,5.012e-05,,,,,,,,,0.0
2025-11-19 17:00:00,3.98e-05,,,,,,,,,0.0
2025-11-19 18:00:00,3.98e-05,,,,,,,,,0.0
2025-11-19 19:00:00,3.98e-05,,,,,,,,,0.0
2025-11-19 20:00:00,3.98e-05,,,,,,,,,0.0
2025-11-19 21:00:00,3.98e-05,,,,,,,,,0.0
2025-11-19 22:00:00,3.98e-05,,,,,,,,,0.0
2025-11-19 23:00:00,3.98e-05,,,,,,,,,0.0
2025-11-20 00:00:00,4.259e-05,,,,,,,,,0.0
2025-11-20 01:00:00,4.259e-05,,,,,,,,,0.0
2025-11-20 02:00:00,4.259e-05,,,,,,,,,0.0
2025-11-20 03:00:00,4.259e-05,,,,,,,,,0.0
2025-11-20 04:00:00,4.259e-05,,,,,,,,,0.0
2025-11-20 05:00:00,4.259e-05,,,,,,,,,0.0
2025-11-20 06:00:00,4.259e-05,,,,,,,,,0.0
2025-11-20 07:00:00,4.259e-05,,,,,,,,,0.0
2025-11-20 08:00:00,0.0001,,,,,,,,,0.0
2025-11-20 09:00:00,0.0001,,,,,,,,,0.0
2025-11-20 10:00:00,0.0001,,,,,,,,,0.0
2025-11-20 11:00:00,0.0001,,,,,,,,,0.0
2025-11-20 12:00:00,0.0001,,,,,,,,,0.0
2025-11-20 13:00:00,0.0001,,,,,,,,,0.0
2025-11-20 14:00:00,0.0001,,,,,,,,,0.0
2025-11-20 15:00:00,0.0001,,,,,,,,,0.0
2025-11-20 16:00:00,8.999e-05,,,,,,,,,0.0
2025-11-20 17:00:00,8.999e-05,,,,,,,,,0.0
2025-11-20 18:00:00,8.999e-05,,,,,,,,,0.0
2025-11-20 19:00:00,8.999e-05,,,,,,,,,0.0
2025-11-20 20:00:00,8.999e-05,,,,,,,,,0.0
2025-11-20 21:00:00,8.999e-05,,,,,,,,,0.0
2025-11-20 22:00:00,8.999e-05,,,,,,,,,0.0
2025-11-20 23:00:00,8.999e-05,,,,,,,,,0.0
2025-11-21 00:00:00,8.999e-05,,,,,,,,,0.0
2025-11-21 01:00:00,4.272e-05,,,,,,,,,0.0
2025-11-21 02:00:00,4.272e-05,,,,,,,,,0.0
2025-11-21 03:00:00,4.272e-05,,,,,,,,,0.0
2025-11-21 04:00:00,4.272e-05,,,,,,,,,0.0
2025-11-21 05:00:00,4.272e-05,,,,,,,,,0.0
2025-11-21 06:00:00,4.272e-05,,,,,,,,,0.0
2025-11-21 07:00:00,4.272e-05,,,,,,,,,0.0
2025-11-21 08:00:00,4.524e-05,,,,,,,,,0.0
2025-11-21 09:00:00,4.524e-05,,,,,,,,,0.0
2025-11-21 10:00:00,4.524e-05,,,,,,,,,0.0
2025-11-21 11:00:00,4.524e-05,,,,,,,,,0.0
2025-11-21 12:00:00,4.524e-05,,,,,,,,,0.0
2025-11-21 13:00:00,4.524e-05,,,,,,,,,0.0
2025-11-21 14:00:00,4.524e-05,,,,,,,,,0.0
2025-11-21 15:00:00,4.524e-05,,,,,,,,,0.0
2025-11-21 16:00:00,4.524e-05,,,,,,,,,0.0
2025-11-21 17:00:00,2.642e-05,,,,,,,,,0.0
2025-11-21 18:00:00,2.642e-05,,,,,,,,,0.0
2025-11-21 19:00:00,2.642e-05,,,,,,,,,0.0
2025-11-21 20:00:00,2.642e-05,,,,,,,,,0.0
2025-11-21 21:00:00,2.642e-05,,,,,,,,,0.0
2025-11-21 22:00:00,2.642e-05,,,,,,,,,0.0
2025-11-21 23:00:00,2.642e-05,,,,,,,,,0.0
2025-11-22 00:00:00,2.642e-05,,,,,,,,,0.0
2025-11-22 01:00:00,1.373e-05,,,,,,,,,0.0
2025-11-22 02:00:00,1.373e-05,,,,,,,,,0.0
2025-11-22 03:00:00,1.373e-05,,,,,,,,,0.0
2025-11-22 04:00:00,1.373e-05,,,,,,,,,0.0
2025-11-22 05:00:00,1.373e-05,,,,,,,,,0.0
2025-11-22 06:00:00,1.373e-05,,,,,,,,,0.0
2025-11-22 07:00:00,1.373e-05,,,,,,,,,0.0
2025-11-22 08:00:00,6.735e-05,,,,,,,,,0.0
2025-11-22 09:00:00,6.735e-05,,,,,,,,,0.0
2025-11-22 10:00:00,6.735e-05,,,,,,,,,0.0
2025-11-22 11:00:00,6.735e-05,,,,,,,,,0.0
2025-11-22 12:00:00,6.735e-05,,,,,,,,,0.0
2025-11-22 13:00:00,6.735e-05,,,,,,,,,0.0
2025-11-22 14:00:00,6.735e-05,,,,,,,,,0.0
2025-11-22 15:00:00,6.735e-05,,,,,,,,,0.0
2025-11-22 16:00:00,5.057e-05,,,,,,,,,0.0
2025-11-22 17:00:00,5.057e-05,,,,,,,,,0.0
2025-11-22 18:00:00,5.057e-05,,,,,,,,,0.0
2025-11-22 19:00:00,5.057e-05,,,,,,,,,0.0
2025-11-22 20:00:00,5.057e-05,,,,,,,,,0.0
2025-11-22 21:00:00,5.057e-05,,,,,,,,,0.0
2025-11-22 22:00:00,5.057e-05,,,,,,,,,0.0
2025-11-22 23:00:00,5.057e-05,,,,,,,,,0.0
2025-11-23 00:00:00,3.812e-05,,,,,,,,,0.0
2025-11-23 01:00:00,3.812e-05,,,,,,,,,0.0
2025-11-23 02:00:00,3.812e-05,,,,,,,,,0.0
2025-11-23 03:00:00,3.812e-05,,,,,,,,,0.0
2025-11-23 04:00:00,3.812e-05,,,,,,,,,0.0
2025-11-23 05:00:00,3.812e-05,,,,,,,,,0.0
2025-11-23 06:00:00,3.812e-05,,,,,,,,,0.0
2025-11-23 07:00:00,3.812e-05,,,,,,,,,0.0
2025-11-23 08:00:00,3.812e-05,,,,,,,,,0.0
2025-11-23 09:00:00,1.53e-06,,,,,,,,,0.0
2025-11-23 10:00:00,1.53e-06,,,,,,,,,0.0
2025-11-23 11:00:00,1.53e-06,,,,,,,,,0.0
2025-11-23 12:00:00,1.53e-06,,,,,,,,,0.0
2025-11-23 13:00:00,1.53e-06,,,,,,,,,0.0
2025-11-23 14:00:00,1.53e-06,,,,,,,,,0.0
2025-11-23 15:00:00,1.53e-06,,,,,,,,,0.0
2025-11-23 16:00:00,1.53e-06,,,,,,,,,0.0
2025-11-23 17:00:00,-8.93e-06,,,,,,,,,0.0
2025-11-23 18:00:00,-8.93e-06,,,,,,,,,0.0
2025-11-23 19:00:00,-8.93e-06,,,,,,,,,0.0
2025-11-23 20:00:00,-8.93e-06,,,,,,,,,0.0
2025-11-23 21:00:00,-8.93e-06,,,,,,,,,0.0
2025-11-23 22:00:00,-8.93e-06,,,,,,,,,0.0
2025-11-23 23:00:00,-8.93e-06,,,,,,,,,0.0
2025-11-24 00:00:00,-8.93e-06,,,,,,,,,0.0
2025-11-24 01:00:00,-6e-08,,,,,,,,,0.0
2025-11-24 02:00:00,-6e-08,,,,,,,,,0.0
2025-11-24 03:00:00,-6e-08,,,,,,,,,0.0
2025-11-24 04:00:00,-6e-08,,,,,,,,,0.0
2025-11-24 05:00:00,-6e-08,,,,,,,,,0.0
2025-11-24 06:00:00,-6e-08,,,,,,,,,0.0
2025-11-24 07:00:00,-6e-08,,,,,,,,,0.0
2025-11-24 08:00:00,-1.34e-06,,,,,,,,,0.0
2025-11-24 09:00:00,-1.34e-06,,,,,,,,,0.0
2025-11-24 10:00:00,-1.34e-06,,,,,,,,,0.0
2025-11-24 11:00:00,-1.34e-06,,,,,,,,,0.0
2025-11-24 12:00:00,-1.34e-06,,,,,,,,,0.0
2025-11-24 13:00:00,-1.34e-06,,,,,,,,,0.0
2025-11-24 14:00:00,-1.34e-06,,,,,,,,,0.0
2025-11-24 15:00:00,-1.34e-06,,,,,,,,,0.0
2025-11-24 16:00:00,-1.34e-06,,,,,,,,,0.0
2025-11-24 17:00:00,5.044e-05,,,,,,,,,0.0
2025-11-24 18:00:00,5.044e-05,,,,,,,,,0.0
2025-11-24 19:00:00,5.044e-05,,,,,,,,,0.0
2025-11-24 20:00:00,5.044e-05,,,,,,,,,0.0
2025-11-24 21:00:00,5.044e-05,,,,,,,,,0.0
2025-11-24 22:00:00,5.044e-05,,,,,,,,,0.0
2025-11-24 23:00:00,5.044e-05,,,,,,,,,0.0
2025-11-25 00:00:00,-5.29e-05,,,,,,,,,0.0
2025-11-25 01:00:00,-5.29e-05,,,,,,,,,0.0
2025-11-25 02:00:00,-5.29e-05,,,,,,,,,0.0
2025-11-25 03:00:00,-5.29e-05,,,,,,,,,0.0
2025-11-25 04:00:00,-5.29e-05,,,,,,,,,0.0
2025-11-25 05:00:00,-5.29e-05,,,,,,,,,0.0
2025-11-25 06:00:00,-5.29e-05,,,,,,,,,0.0
2025-11-25 07:00:00,-5.29e-05,,,,,,,,,0.0
2025-11-25 08:00:00,-5.29e-05,,,,,,,,,0.0
2025-11-25 09:00:00,1.996e-05,,,,,,,,,0.0
2025-11-25 10:00:00,1.996e-05,,,,,,,,,0.0
2025-11-25 11:00:00,1.996e-05,,,,,,,,,0.0
2025-11-25 12:00:00,1.996e-05,,,,,,,,,0.0
2025-11-25 13:00:00,1.996e-05,,,,,,,,,0.0
2025-11-25 14:00:00,1.996e-05,,,,,,,,,0.0
2025-11-25 15:00:00,1.996e-05,,,,,,,,,0.0
2025-11-25 16:00:00,1.996e-05,,,,,,,,,0.0
2025-11-25 17:00:00,-3.019e-05,,,,,,,,,0.0
2025-11-25 18:00:00,-3.019e-05,,,,,,,,,0.0
2025-11-25 19:00:00,-3.019e-05,,,,,,,,,0.0
2025-11-25 20:00:00,-3.019e-05,,,,,,,,,0.0
2025-11-25 21:00:00,-3.019e-05,,,,,,,,,0.0
2025-11-25 22:00:00,-3.019e-05,,,,,,,,,0.0
2025-11-25 23:00:00,-3.019e-05,,,,,,,,,0.0
2025-11-26 00:00:00,-3.019e-05,,,,,,,,,0.0
2025-11-26 01:00:00,4.038e-05,,,,,,,,,0.0
2025-11-26 02:00:00,4.038e-05,,,,,,,,,0.0
2025-11-26 03:00:00,4.038e-05,,,,,,,,,0.0
2025-11-26 04:00:00,4.038e-05,,,,,,,,,0.0
2025-11-26 05:00:00,4.038e-05,,,,,,,,,0.0
2025-11-26 06:00:00,4.038e-05,,,,,,,,,0.0
2025-11-26 07:00:00,4.038e-05,,,,,,,,,0.0
2025-11-26 08:00:00,4.038e-05,,,,,,,,,0.0
2025-11-26 09:00:00,5.388e-05,,,,,,,,,0.0
2025-11-26 10:00:00,5.388e-05,,,,,,,,,0.0
2025-11-26 11:00:00,5.388e-05,,,,,,,,,0.0
2025-11-26 12:00:00,5.388e-05,,,,,,,,,0.0
2025-11-26 13:00:00,5.388e-05,,,,,,,,,0.0
2025-11-26 14:00:00,5.388e-05,,,,,,,,,0.0
2025-11-26 15:00:00,5.388e-05,,,,,,,,,0.0
2025-11-26 16:00:00,-4.19e-06,,,,,,,,,0.0
2025-11-26 17:00:00,-4.19e-06,,,,,,,,,0.0
2025-11-26 18:00:00,-4.19e-06,,,,,,,,,0.0
2025-11-26 19:00:00,-4.19e-06,,,,,,,,,0.0
2025-11-26 20:00:00,-4.19e-06,,,,,,,,,0.0
2025-11-26 21:00:00,-4.19e-06,,,,,,,,,0.0
2025-11-26 22:00:00,-4.19e-06,,,,,,,,,0.0
2025-11-26 23:00:00,-4.19e-06,,,,,,,,,0.0
2025-11-27 00:00:00,-4.19e-06,,,,,,,,,0.0
2025-11-27 01:00:00,-2.599e-05,,,,,,,,,0.0
2025-11-27 02:00:00,-2.599e-05,,,,,,,,,0.0
2025-11-27 03:00:00,-2.599e-05,,,,,,,,,0.0
2025-11-27 04:00:00,-2.599e-05,,,,,,,,,0.0
2025-11-27 05:00:00,-2.599e-05,,,,,,,,,0.0
2025-11-27 06:00:00,-2.599e-05,,,,,,,,,0.0
2025-11-27 07:00:00,-2.599e-05,,,,,,,,,0.0
2025-11-27 08:00:00,2.408e-05,,,,,,,,,0.0
2025-11-27 09:00:00,2.408e-05,,,,,,,,,0.0
2025-11-27 10:00:00,2.408e-05,,,,,,,,,0.0
2025-11-27 11:00:00,2.408e-05,,,,,,,,,0.0
2025-11-27 12:00:00,2.408e-05,,,,,,,,,0.0
2025-11-27 13:00:00,2.408e-05,,,,,,,,,0.0
2025-11-27 14:00:00,2.408e-05,,,,,,,,,0.0
2025-11-27 15:00:00,2.408e-05,,,,,,,,,0.0
2025-11-27 16:00:00,2.408e-05,,,,,,,,,0.0
2025-11-27 17:00:00,4.624e-05,,,,,,,,,0.0
2025-11-27 18:00:00,4.624e-05,,,,,,,,,0.0
2025-11-27 19:00:00,4.624e-05,,,,,,,,,0.0
2025-11-27 20:00:00,4.624e-05,,,,,,,,,0.0
2025-11-27 21:00:00,4.624e-05,,,,,,,,,0.0
2025-11-27 22:00:00,4.624e-05,,,,,,,,,0.0
2025-11-27 23:00:00,4.624e-05,,,,,,,,,0.0
2025-11-28 00:00:00,4.624e-05,,,,,,,,,0.0
2025-11-28 01:00:00,1.771e-05,,,,,,,,,0.0
2025-11-28 02:00:00,1.771e-05,,,,,,,,,0.0
2025-11-28 03:00:00,1.771e-05,,,,,,,,,0.0
2025-11-28 04:00:00,1.771e-05,,,,,,,,,0.0
2025-11-28 05:00:00,1.771e-05,,,,,,,,,0.0
2025-11-28 06:00:00,1.771e-05,,,,,,,,,0.0
2025-11-28 07:00:00,1.771e-05,,,,,,,,,0.0
2025-11-28 08:00:00,6.007e-05,,,,,,,,,0.0
2025-11-28 09:00:00,6.007e-05,,,,,,,,,0.0
2025-11-28 10:00:00,6.007e-05,,,,,,,,,0.0
2025-11-28 11:00:00,6.007e-05,,,,,,,,,0.0
2025-11-28 12:00:00,6.007e-05,,,,,,,,,0.0
2025-11-28 13:00:00,6.007e-05,,,,,,,,,0.0
2025-11-28 14:00:00,6.007e-05,,,,,,,,,0.0
2025-11-28 15:00:00,6.007e-05,,,,,,,,,0.0
2025-11-28 16:00:00,6.007e-05,,,,,,,,,0.0
2025-11-28 17:00:00,-1.703e-05,,,,,,,,,0.0
2025-11-28 18:00:00,-1.703e-05,,,,,,,,,0.0
2025-11-28 19:00:00,-1.703e-05,,,,,,,,,0.0
2025-11-28 20:00:00,-1.703e-05,,,,,,,,,0.0
2025-11-28 21:00:00,-1.703e-05,,,,,,,,,0.0
2025-11-28 22:00:00,-1.703e-05,,,,,,,,,0.0
2025-11-28 23:00:00,-1.703e-05,,,,,,,,,0.0
2025-11-29 00:00:00,-1.982e-05,,,,,,,,,0.0
2025-11-29 01:00:00,-1.982e-05,,,,,,,,,0.0
2025-11-29 02:00:00,-1.982e-05,,,,,,,,,0.0
2025-11-29 03:00:00,-1.982e-05,,,,,,,,,0.0
2025-11-29 04:00:00,-1.982e-05,,,,,,,,,0.0
2025-11-29 05:00:00,-1.982e-05,,,,,,,,,0.0
2025-11-29 06:00:00,-1.982e-05,,,,,,,,,0.0
2025-11-29 07:00:00,-1.982e-05,,,,,,,,,0.0
2025-11-29 08:00:00,-1.982e-05,,,,,,,,,0.0
2025-11-29 09:00:00,1.778e-05,,,,,,,,,0.0
2025-11-29 10:00:00,1.778e-05,,,,,,,,,0.0
2025-11-29 11:00:00,1.778e-05,,,,,,,,,0.0
2025-11-29 12:00:00,1.778e-05,,,,,,,,,0.0
2025-11-29 13:00:00,1.778e-05,,,,,,,,,0.0
2025-11-29 14:00:00,1.778e-05,,,,,,,,,0.0
2025-11-29 15:00:00,1.778e-05,,,,,,,,,0.0
2025-11-29 16:00:00,1.778e-05,,,,,,,,,0.0
2025-11-29 17:00:00,2.635e-05,,,,,,,,,0.0
2025-11-29 18:00:00,2.635e-05,,,,,,,,,0.0
2025-11-29 19:00:00,2.635e-05,,,,,,,,,0.0
2025-11-29 20:00:00,2.635e-05,,,,,,,,,0.0
2025-11-29 21:00:00,2.635e-05,,,,,,,,,0.0
2025-11-29 22:00:00,2.635e-05,,,,,,,,,0.0
2025-11-29 23:00:00,2.635e-05,,,,,,,,,0.0
2025-11-30 00:00:00,2.635e-05,,,,,,,,,0.0
2025-11-30 01:00:00,6.082e-05,,,,,,,,,0.0
2025-11-30 02:00:00,6.082e-05,,,,,,,,,0.0
2025-11-30 03:00:00,6.082e-05,,,,,,,,,0.0
2025-11-30 04:00:00,6.082e-05,,,,,,,,,0.0
2025-11-30 05:00:00,6.082e-05,,,,,,,,,0.0
2025-11-30 06:00:00,6.082e-05,,,,,,,,,0.0
2025-11-30 07:00:00,6.082e-05,,,,,,,,,0.0
2025-11-30 08:00:00,3.556e-05,,,,,,,,,0.0
2025-11-30 09:00:00,3.556e-05,,,,,,,,,0.0
2025-11-30 10:00:00,3.556e-05,,,,,,,,,0.0
2025-11-30 11:00:00,3.556e-05,,,,,,,,,0.0
2025-11-30 12:00:00,3.556e-05,,,,,,,,,0.0
2025-11-30 13:00:00,3.556e-05,,,,,,,,,0.0
2025-11-30 14:00:00,3.556e-05,,,,,,,,,0.0
2025-11-30 15:00:00,3.556e-05,,,,,,,,,0.0
2025-11-30 16:00:00,3.556e-05,,,,,,,,,0.0
2025-11-30 17:00:00,3.88e-05,,,,,,,,,0.0
2025-11-30 18:00:00,3.88e-05,,,,,,,,,0.0
2025-11-30 19:00:00,3.88e-05,,,,,,,,,0.0
2025-11-30 20:00:00,3.88e-05,,,,,,,,,0.0
2025-11-30 21:00:00,3.88e-05,,,,,,,,,0.0
2025-11-30 22:00:00,3.88e-05,,,,,,,,,0.0
2025-11-30 23:00:00,3.88e-05,,,,,,,,,0.0
2025-12-01 00:00:00,3.593e-05,,,,,,,,,0.0
2025-12-01 01:00:00,3.593e-05,,,,,,,,,0.0
2025-12-01 02:00:00,3.593e-05,,,,,,,,,0.0
2025-12-01 03:00:00,3.593e-05,,,,,,,,,0.0
2025-12-01 04:00:00,3.593e-05,,,,,,,,,0.0
2025-12-01 05:00:00,3.593e-05,,,,,,,,,0.0
2025-12-01 06:00:00,3.593e-05,,,,,,,,,0.0
2025-12-01 07:00:00,3.593e-05,,,,,,,,,0.0
2025-12-01 08:00:00,3.593e-05,,,,,,,,,0.0
2025-12-01 09:00:00,3.153e-05,,,,,,,,,0.0
2025-12-01 10:00:00,3.153e-05,,,,,,,,,0.0
2025-12-01 11:00:00,3.153e-05,,,,,,,,,0.0
2025-12-01 12:00:00,3.153e-05,,,,,,,,,0.0
2025-12-01 13:00:00,3.153e-05,,,,,,,,,0.0
2025-12-01 14:00:00,3.153e-05,,,,,,,,,0.0
2025-12-01 15:00:00,3.153e-05,,,,,,,,,0.0
2025-12-01 16:00:00,1.491e-05,,,,,,,,,0.0
2025-12-01 17:00:00,1.491e-05,,,,,,,,,0.0
2025-12-01 18:00:00,1.491e-05,,,,,,,,,0.0
2025-12-01 19:00:00,1.491e-05,,,,,,,,,0.0
2025-12-01 20:00:00,1.491e-05,,,,,,,,,0.0
2025-12-01 21:00:00,1.491e-05,,,,,,,,,0.0
2025-12-01 22:00:00,1.491e-05,,,,,,,,,0.0
2025-12-01 23:00:00,1.491e-05,,,,,,,,,0.0
2025-12-02 00:00:00,1.491e-05,,,,,,,,,0.0
2025-12-02 01:00:00,-1.009e-05,,,,,,,,,0.0
2025-12-02 02:00:00,-1.009e-05,,,,,,,,,0.0
2025-12-02 03:00:00,-1.009e-05,,,,,,,,,0.0
2025-12-02 04:00:00,-1.009e-05,,,,,,,,,0.0
2025-12-02 05:00:00,-1.009e-05,,,,,,,,,0.0
2025-12-02 06:00:00,-1.009e-05,,,,,,,,,0.0
2025-12-02 07:00:00,-1.009e-05,,,,,,,,,0.0
2025-12-02 08:00:00,2.643e-05,,,,,,,,,0.0
2025-12-02 09:00:00,2.643e-05,,,,,,,,,0.0
2025-12-02 10:00:00,2.643e-05,,,,,,,,,0.0
2025-12-02 11:00:00,2.643e-05,,,,,,,,,0.0
2025-12-02 12:00:00,2.643e-05,,,,,,,,,0.0
2025-12-02 13:00:00,2.643e-05,,,,,,,,,0.0
2025-12-02 14:00:00,2.643e-05,,,,,,,,,0.0
2025-12-02 15:00:00,2.643e-05,,,,,,,,,0.0
2025-12-02 16:00:00,3.999e-05,,,,,,,,,0.0
2025-12-02 17:00:00,3.999e-05,,,,,,,,,0.0
2025-12-02 18:00:00,3.999e-05,,,,,,,,,0.0
2025-12-02 19:00:00,3.999e-05,,,,,,,,,0.0
2025-12-02 20:00:00,3.999e-05,,,,,,,,,0.0
2025-12-02 21:00:00,3.999e-05,,,,,,,,,0.0
2025-12-02 22:00:00,3.999e-05,,,,,,,,,0.0
2025-12-02 23:00:00,3.999e-05,,,,,,,,,0.0
2025-12-03 00:00:00,-1.732e-05,,,,,,,,,0.0
2025-12-03 01:00:00,-1.732e-05,,,,,,,,,0.0
2025-12-03 02:00:00,-1.732e-05,,,,,,,,,0.0
2025-12-03 03:00:00,-1.732e-05,,,,,,,,,0.0
2025-12-03 04:00:00,-1.732e-05,,,,,,,,,0.0
2025-12-03 05:00:00,-1.732e-05,,,,,,,,,0.0
2025-12-03 06:00:00,-1.732e-05,,,,,,,,,0.0
2025-12-03 07:00:00,-1.732e-05,,,,,,,,,0.0
2025-12-03 08:00:00,4.206e-05,,,,,,,,,0.0
2025-12-03 09:00:00,4.206e-05,,,,,,,,,0.0
2025-12-03 10:00:00,4.206e-05,,,,,,,,,0.0
2025-12-03 11:00:00,4.206e-05,,,,,,,,,0.0
2025-12-03 12:00:00,4.206e-05,,,,,,,,,0.0
2025-12-03 13:00:00,4.206e-05,,,,,,,,,0.0
2025-12-03 14:00:00,4.206e-05,,,,,,,,,0.0
2025-12-03 15:00:00,4.206e-05,,,,,,,,,0.0
2025-12-03 16:00:00,4.206e-05,,,,,,,,,0.0
2025-12-03 17:00:00,-8.85e-06,,,,,,,,,0.0
2025-12-03 18:00:00,-8.85e-06,,,,,,,,,0.0
2025-12-03 19:00:00,-8.85e-06,,,,,,,,,0.0
2025-12-03 20:00:00,-8.85e-06,,,,,,,,,0.0
2025-12-03 21:00:00,-8.85e-06,,,,,,,,,0.0
2025-12-03 22:00:00,-8.85e-06,,,,,,,,,0.0
2025-12-03 23:00:00,-8.85e-06,,,,,,,,,0.0
2025-12-04 00:00:00,-8.85e-06,,,,,,,,,0.0
2025-12-04 01:00:00,-3.95e-06,,,,,,,,,0.0
2025-12-04 02:00:00,-3.95e-06,,,,,,,,,0.0
2025-12-04 03:00:00,-3.95e-06,,,,,,,,,0.0
2025-12-04 04:00:00,-3.95e-06,,,,,,,,,0.0
2025-12-04 05:00:00,-3.95e-06,,,,,,,,,0.0
2025-12-04 06:00:00,-3.95e-06,,,,,,,,,0.0
2025-12-04 07:00:00,-3.95e-06,,,,,,,,,0.0
2025-12-04 08:00:00,7.435e-05,,,,,,,,,0.0
2025-12-04 09:00:00,7.435e-05,,,,,,,,,0.0
2025-12-04 10:00:00,7.435e-05,,,,,,,,,0.0
2025-12-04 11:00:00,7.435e-05,,,,,,,,,0.0
2025-12-04 12:00:00,7.435e-05,,,,,,,,,0.0
2025-12-04 13:00:00,7.435e-05,,,,,,,,,0.0
2025-12-04 14:00:00,7.435e-05,,,,,,,,,0.0
2025-12-04 15:00:00,7.435e-05,,,,,,,,,0.0
2025-12-04 16:00:00,7.435e-05,,,,,,,,,0.0
2025-12-04 17:00:00,3.928e-05,,,,,,,,,0.0
2025-12-04 18:00:00,3.928e-05,,,,,,,,,0.0
2025-12-04 19:00:00,3.928e-05,,,,,,,,,0.0
2025-12-04 20:00:00,3.928e-05,,,,,,,,,0.0
2025-12-04 21:00:00,3.928e-05,,,,,,,,,0.0
2025-12-04 22:00:00,3.928e-05,,,,,,,,,0.0
2025-12-04 23:00:00,3.928e-05,,,,,,,,,0.0
2025-12-05 00:00:00,4.837e-05,,,,,,,,,0.0
2025-12-05 01:00:00,4.837e-05,,,,,,,,,0.0
2025-12-05 02:00:00,4.837e-05,,,,,,,,,0.0
2025-12-05 03:00:00,4.837e-05,,,,,,,,,0.0
2025-12-05 04:00:00,4.837e-05,,,,,,,,,0.0
2025-12-05 05:00:00,4.837e-05,,,,,,,,,0.0
2025-12-05 06:00:00,4.837e-05,,,,,,,,,0.0
2025-12-05 07:00:00,4.837e-05,,,,,,,,,0.0
2025-12-05 08:00:00,4.944e-05,,,,,,,,,0.0
2025-12-05 09:00:00,4.944e-05,,,,,,,,,0.0
2025-12-05 10:00:00,4.944e-05,,,,,,,,,0.0
2025-12-05 11:00:00,4.944e-05,,,,,,,,,0.0
2025-12-05 12:00:00,4.944e-05,,,,,,,,,0.0
2025-12-05 13:00:00,4.944e-05,,,,,,,,,0.0
2025-12-05 14:00:00,4.944e-05,,,,,,,,,0.0
2025-12-05 15:00:00,4.944e-05,,,,,,,,,0.0
2025-12-05 16:00:00,4.944e-05,,,,,,,,,0.0
2025-12-05 17:00:00,3.91e-06,,,,,,,,,0.0
2025-12-05 18:00:00,3.91e-06,,,,,,,,,0.0
2025-12-05 19:00:00,3.91e-06,,,,,,,,,0.0
2025-12-05 20:00:00,3.91e-06,,,,,,,,,0.0
2025-12-05 21:00:00,3.91e-06,,,,,,,,,0.0
2025-12-05 22:00:00,3.91e-06,,,,,,,,,0.0
2025-12-05 23:00:00,3.91e-06,,,,,,,,,0.0
2025-12-06 00:00:00,3.91e-06,,,,,,,,,0.0
2025-12-06 01:00:00,3.693e-05,,,,,,,,,0.0
2025-12-06 02:00:00,3.693e-05,,,,,,,,,0.0
2025-12-06 03:00:00,3.693e-05,,,,,,,,,0.0
2025-12-06 04:00:00,3.693e-05,,,,,,,,,0.0
2025-12-06 05:00:00,3.693e-05,,,,,,,,,0.0
2025-12-06 06:00:00,3.693e-05,,,,,,,,,0.0
2025-12-06 07:00:00,3.693e-05,,,,,,,,,0.0
2025-12-06 08:00:00,3.693e-05,,,,,,,,,0.0
2025-12-06 09:00:00,1.919e-05,,,,,,,,,0.0
2025-12-06 10:00:00,1.919e-05,,,,,,,,,0.0
2025-12-06 11:00:00,1.919e-05,,,,,,,,,0.0
2025-12-06 12:00:00,1.919e-05,,,,,,,,,0.0
2025-12-06 13:00:00,1.919e-05,,,,,,,,,0.0
2025-12-06 14:00:00,1.919e-05,,,,,,,,,0.0
2025-12-06 15:00:00,1.919e-05,,,,,,,,,0.0
2025-12-06 16:00:00,1.919e-05,,,,,,,,,0.0
2025-12-06 17:00:00,-1.822e-05,,,,,,,,,0.0
2025-12-06 18:00:00,-1.822e-05,,,,,,,,,0.0
2025-12-06 19:00:00,-1.822e-05,,,,,,,,,0.0
2025-12-06 20:00:00,-1.822e-05,,,,,,,,,0.0
2025-12-06 21:00:00,-1.822e-05,,,,,,,,,0.0
2025-12-06 22:00:00,-1.822e-05,,,,,,,,,0.0
2025-12-06 23:00:00,-1.822e-05,,,,,,,,,0.0
2025-12-07 00:00:00,4.192e-05,,,,,,,,,0.0
2025-12-07 01:00:00,4.192e-05,,,,,,,,,0.0
2025-12-07 02:00:00,4.192e-05,,,,,,,,,0.0
2025-12-07 03:00:00,4.192e-05,,,,,,,,,0.0
2025-12-07 04:00:00,4.192e-05,,,,,,,,,0.0
2025-12-07 05:00:00,4.192e-05,,,,,,,,,0.0
2025-12-07 06:00:00,4.192e-05,,,,,,,,,0.0
2025-12-07 07:00:00,4.192e-05,,,,,,,,,0.0
2025-12-07 08:00:00,4.192e-05,,,,,,,,,0.0
2025-12-07 09:00:00,1.666e-05,,,,,,,,,0.0
2025-12-07 10:00:00,1.666e-05,,,,,,,,,0.0
2025-12-07 11:00:00,1.666e-05,,,,,,,,,0.0
2025-12-07 12:00:00,1.666e-05,,,,,,,,,0.0
2025-12-07 13:00:00,1.666e-05,,,,,,,,,0.0
2025-12-07 14:00:00,1.666e-05,,,,,,,,,0.0
2025-12-07 15:00:00,1.666e-05,,,,,,,,,0.0
2025-12-07 16:00:00,5.212e-05,,,,,,,,,0.0
2025-12-07 17:00:00,5.212e-05,,,,,,,,,0.0
2025-12-07 18:00:00,5.212e-05,,,,,,,,,0.0
2025-12-07 19:00:00,5.212e-05,,,,,,,,,0.0
2025-12-07 20:00:00,5.212e-05,,,,,,,,,0.0
2025-12-07 21:00:00,5.212e-05,,,,,,,,,0.0
2025-12-07 22:00:00,5.212e-05,,,,,,,,,0.0
2025-12-07 23:00:00,5.212e-05,,,,,,,,,0.0
2025-12-08 00:00:00,-5.39e-06,,,,,,,,,0.0
2025-12-08 01:00:00,-5.39e-06,,,,,,,,,0.0
2025-12-08 02:00:00,-5.39e-06,,,,,,,,,0.0
2025-12-08 03:00:00,-5.39e-06,,,,,,,,,0.0
2025-12-08 04:00:00,-5.39e-06,,,,,,,,,0.0
2025-12-08 05:00:00,-5.39e-06,,,,,,,,,0.0
2025-12-08 06:00:00,-5.39e-06,,,,,,,,,0.0
2025-12-08 07:00:00,-5.39e-06,,,,,,,,,0.0
2025-12-08 08:00:00,6.545e-05,,,,,,,,,0.0
2025-12-08 09:00:00,6.545e-05,,,,,,,,,0.0
2025-12-08 10:00:00,6.545e-05,,,,,,,,,0.0
2025-12-08 11:00:00,6.545e-05,,,,,,,,,0.0
2025-12-08 12:00:00,6.545e-05,,,,,,,,,0.0
2025-12-08 13:00:00,6.545e-05,,,,,,,,,0.0
2025-12-08 14:00:00,6.545e-05,,,,,,,,,0.0
2025-12-08 15:00:00,6.545e-05,,,,,,,,,0.0
2025-12-08 16:00:00,6.545e-05,,,,,,,,,0.0
2025-12-08 17:00:00,3.395e-05,,,,,,,,,0.0
2025-12-08 18:00:00,3.395e-05,,,,,,,,,0.0
2025-12-08 19:00:00,3.395e-05,,,,,,,,,0.0
2025-12-08 20:00:00,3.395e-05,,,,,,,,,0.0
2025-12-08 21:00:00,3.395e-05,,,,,,,,,0.0
2025-12-08 22:00:00,3.395e-05,,,,,,,,,0.0
2025-12-08 23:00:00,3.395e-05,,,,,,,,,0.0
2025-12-09 00:00:00,3.395e-05,,,,,,,,,0.0
2025-12-09 01:00:00,8.52e-06,,,,,,,,,0.0
2025-12-09 02:00:00,8.52e-06,,,,,,,,,0.0
2025-12-09 03:00:00,8.52e-06,,,,,,,,,0.0
2025-12-09 04:00:00,8.52e-06,,,,,,,,,0.0
2025-12-09 05:00:00,8.52e-06,,,,,,,,,0.0
2025-12-09 06:00:00,8.52e-06,,,,,,,,,0.0
2025-12-09 07:00:00,8.52e-06,,,,,,,,,0.0
2025-12-09 08:00:00,8.52e-06,,,,,,,,,0.0
2025-12-09 09:00:00,6.379e-05,,,,,,,,,0.0
2025-12-09 10:00:00,6.379e-05,,,,,,,,,0.0
2025-12-09 11:00:00,6.379e-05,,,,,,,,,0.0
2025-12-09 12:00:00,6.379e-05,,,,,,,,,0.0
2025-12-09 13:00:00,6.379e-05,,,,,,,,,0.0
2025-12-09 14:00:00,6.379e-05,,,,,,,,,0.0
2025-12-09 15:00:00,6.379e-05,,,,,,,,,0.0
2025-12-09 16:00:00,6.379e-05,,,,,,,,,0.0
2025-12-09 17:00:00,5.443e-05,,,,,,,,,0.0
2025-12-09 18:00:00,5.443e-05,,,,,,,,,0.0
2025-12-09 19:00:00,5.443e-05,,,,,,,,,0.0
2025-12-09 20:00:00,5.443e-05,,,,,,,,,0.0
2025-12-09 21:00:00,5.443e-05,,,,,,,,,0.0
2025-12-09 22:00:00,5.443e-05,,,,,,,,,0.0
2025-12-09 23:00:00,5.443e-05,,,,,,,,,0.0
2025-12-10 00:00:00,5.443e-05,,,,,,,,,0.0
2025-12-10 01:00:00,2.777e-05,,,,,,,,,0.0
2025-12-10 02:00:00,2.777e-05,,,,,,,,,0.0
2025-12-10 03:00:00,2.777e-05,,,,,,,,,0.0
2025-12-10 04:00:00,2.777e-05,,,,,,,,,0.0
2025-12-10 05:00:00,2.777e-05,,,,,,,,,0.0
2025-12-10 06:00:00,2.777e-05,,,,,,,,,0.0
2025-12-10 07:00:00,2.777e-05,,,,,,,,,0.0
2025-12-10 08:00:00,2.777e-05,,,,,,,,,0.0
2025-12-10 09:00:00,1.996e-05,,,,,,,,,0.0
2025-12-10 10:00:00,1.996e-05,,,,,,,,,0.0
2025-12-10 11:00:00,1.996e-05,,,,,,,,,0.0
2025-12-10 12:00:00,1.996e-05,,,,,,,,,0.0
2025-12-10 13:00:00,1.996e-05,,,,,,,,,0.0
2025-12-10 14:00:00,1.996e-05,,,,,,,,,0.0
2025-12-10 15:00:00,1.996e-05,,,,,,,,,0.0
2025-12-10 16:00:00,1.996e-05,,,,,,,,,0.0
2025-12-10 17:00:00,3.205e-05,,,,,,,,,0.0
2025-12-10 18:00:00,3.205e-05,,,,,,,,,0.0
2025-12-10 19:00:00,3.205e-05,,,,,,,,,0.0
2025-12-10 20:00:00,3.205e-05,,,,,,,,,0.0
2025-12-10 21:00:00,3.205e-05,,,,,,,,,0.0
2025-12-10 22:00:00,3.205e-05,,,,,,,,,0.0
2025-12-10 23:00:00,3.205e-05,,,,,,,,,0.0
2025-12-11 00:00:00,3.205e-05,,,,,,,,,0.0
2025-12-11 01:00:00,2.59e-05,,,,,,,,,0.0
2025-12-11 02:00:00,2.59e-05,,,,,,,,,0.0
2025-12-11 03:00:00,2.59e-05,,,,,,,,,0.0
2025-12-11 04:00:00,2.59e-05,,,,,,,,,0.0
2025-12-11 05:00:00,2.59e-05,,,,,,,,,0.0
2025-12-11 06:00:00,2.59e-05,,,,,,,,,0.0
2025-12-11 07:00:00,2.59e-05,,,,,,,,,0.0
2025-12-11 08:00:00,-1.577e-05,,,,,,,,,0.0
2025-12-11 09:00:00,-1.577e-05,,,,,,,,,0.0
2025-12-11 10:00:00,-1.577e-05,,,,,,,,,0.0
2025-12-11 11:00:00,-1.577e-05,,,,,,,,,0.0
2025-12-11 12:00:00,-1.577e-05,,,,,,,,,0.0
2025-12-11 13:00:00,-1.577e-05,,,,,,,,,0.0
2025-12-11 14:00:00,-1.577e-05,,,,,,,,,0.0
2025-12-11 15:00:00,-1.577e-05,,,,,,,,,0.0
2025-12-11 16:00:00,6.1e-05,,,,,,,,,0.0
2025-12-11 17:00:00,6.1e-05,,,,,,,,,0.0
2025-12-11 18:00:00,6.1e-05,,,,,,,,,0.0
2025-12-11 19:00:00,6.1e-05,,,,,,,,,0.0
2025-12-11 20:00:00,6.1e-05,,,,,,,,,0.0
2025-12-11 21:00:00,6.1e-05,,,,,,,,,0.0
2025-12-11 22:00:00,6.1e-05,,,,,,,,,0.0
2025-12-11 23:00:00,6.1e-05,,,,,,,,,0.0
2025-12-12 00:00:00,6.1e-05,,,,,,,,,0.0
2025-12-12 01:00:00,6.914e-05,,,,,,,,,0.0
2025-12-12 02:00:00,6.914e-05,,,,,,,,,0.0
2025-12-12 03:00:00,6.914e-05,,,,,,,,,0.0
2025-12-12 04:00:00,6.914e-05,,,,,,,,,0.0
2025-12-12 05:00:00,6.914e-05,,,,,,,,,0.0
2025-12-12 06:00:00,6.914e-05,,,,,,,,,0.0
2025-12-12 07:00:00,6.914e-05,,,,,,,,,0.0
2025-12-12 08:00:00,6.914e-05,,,,,,,,,0.0
2025-12-12 09:00:00,4.698e-05,,,,,,,,,0.0
2025-12-12 10:00:00,4.698e-05,,,,,,,,,0.0
2025-12-12 11:00:00,4.698e-05,,,,,,,,,0.0
2025-12-12 12:00:00,4.698e-05,,,,,,,,,0.0
2025-12-12 13:00:00,4.698e-05,,,,,,,,,0.0
2025-12-12 14:00:00,4.698e-05,,,,,,,,,0.0
2025-12-12 15:00:00,4.698e-05,,,,,,,,,0.0
2025-12-12 16:00:00,4.698e-05,,,,,,,,,0.0
2025-12-12 17:00:00,3.383e-05,,,,,,,,,0.0
2025-12-12 18:00:00,3.383e-05,,,,,,,,,0.0
2025-12-12 19:00:00,3.383e-05,,,,,,,,,0.0
2025-12-12 20:00:00,3.383e-05,,,,,,,,,0.0
2025-12-12 21:00:00,3.383e-05,,,,,,,,,0.0
2025-12-12 22:00:00,3.383e-05,,,,,,,,,0.0
2025-12-12 23:00:00,3.383e-05,,,,,,,,,0.0
2025-12-13 00:00:00,3.383e-05,,,,,,,,,0.0
2025-12-13 01:00:00,1.21e-06,,,,,,,,,0.0
2025-12-13 02:00:00,1.21e-06,,,,,,,,,0.0
2025-12-13 03:00:00,1.21e-06,,,,,,,,,0.0
2025-12-13 04:00:00,1.21e-06,,,,,,,,,0.0
2025-12-13 05:00:00,1.21e-06,,,,,,,,,0.0
2025-12-13 06:00:00,1.21e-06,,,,,,,,,0.0
2025-12-13 07:00:00,1.21e-06,,,,,,,,,0.0
2025-12-13 08:00:00,1.21e-06,,,,,,,,,0.0
2025-12-13 09:00:00,6.02e-05,,,,,,,,,0.0
2025-12-13 10:00:00,6.02e-05,,,,,,,,,0.0
2025-12-13 11:00:00,6.02e-05,,,,,,,,,0.0
2025-12-13 12:00:00,6.02e-05,,,,,,,,,0.0
2025-12-13 13:00:00,6.02e-05,,,,,,,,,0.0
2025-12-13 14:00:00,6.02e-05,,,,,,,,,0.0
2025-12-13 15:00:00,6.02e-05,,,,,,,,,0.0
2025-12-13 16:00:00,6.041e-05,,,,,,,,,0.0
2025-12-13 17:00:00,6.041e-05,,,,,,,,,0.0
2025-12-13 18:00:00,6.041e-05,,,,,,,,,0.0
2025-12-13 19:00:00,6.041e-05,,,,,,,,,0.0
2025-12-13 20:00:00,6.041e-05,,,,,,,,,0.0
2025-12-13 21:00:00,6.041e-05,,,,,,,,,0.0
2025-12-13 22:00:00,6.041e-05,,,,,,,,,0.0
2025-12-13 23:00:00,6.041e-05,,,,,,,,,0.0
2025-12-14 00:00:00,0.0001,,,,,,,,,0.0
2025-12-14 01:00:00,0.0001,,,,,,,,,0.0
2025-12-14 02:00:00,0.0001,,,,,,,,,0.0
2025-12-14 03:00:00,0.0001,,,,,,,,,0.0
2025-12-14 04:00:00,0.0001,,,,,,,,,0.0
2025-12-14 05:00:00,0.0001,,,,,,,,,0.0
2025-12-14 06:00:00,0.0001,,,,,,,,,0.0
2025-12-14 07:00:00,0.0001,,,,,,,,,0.0
2025-12-14 08:00:00,0.0001,,,,,,,,,0.0
2025-12-14 09:00:00,2.898e-05,,,,,,,,,0.0
2025-12-14 10:00:00,2.898e-05,,,,,,,,,0.0
2025-12-14 11:00:00,2.898e-05,,,,,,,,,0.0
2025-12-14 12:00:00,2.898e-05,,,,,,,,,0.0
2025-12-14 13:00:00,2.898e-05,,,,,,,,,0.0
2025-12-14 14:00:00,2.898e-05,,,,,,,,,0.0
2025-12-14 15:00:00,2.898e-05,,,,,,,,,0.0
2025-12-14 16:00:00,2.898e-05,,,,,,,,,0.0
2025-12-14 17:00:00,3.773e-05,,,,,,,,,0.0
2025-12-14 18:00:00,3.773e-05,,,,,,,,,0.0
2025-12-14 19:00:00,3.773e-05,,,,,,,,,0.0
2025-12-14 20:00:00,3.773e-05,,,,,,,,,0.0
2025-12-14 21:00:00,3.773e-05,,,,,,,,,0.0
2025-12-14 22:00:00,3.773e-05,,,,,,,,,0.0
2025-12-14 23:00:00,3.773e-05,,,,,,,,,0.0
2025-12-15 00:00:00,1.9e-06,,,,,,,,,0.0
2025-12-15 01:00:00,1.9e-06,,,,,,,,,0.0
2025-12-15 02:00:00,1.9e-06,,,,,,,,,0.0
2025-12-15 03:00:00,1.9e-06,,,,,,,,,0.0
2025-12-15 04:00:00,1.9e-06,,,,,,,,,0.0
2025-12-15 05:00:00,1.9e-06,,,,,,,,,0.0
2025-12-15 06:00:00,1.9e-06,,,,,,,,,0.0
2025-12-15 07:00:00,1.9e-06,,,,,,,,,0.0
2025-12-15 08:00:00,-8.93e-06,,,,,,,,,0.0
2025-12-15 09:00:00,-8.93e-06,,,,,,,,,0.0
2025-12-15 10:00:00,-8.93e-06,,,,,,,,,0.0
2025-12-15 11:00:00,-8.93e-06,,,,,,,,,0.0
2025-12-15 12:00:00,-8.93e-06,,,,,,,,,0.0
2025-12-15 13:00:00,-8.93e-06,,,,,,,,,0.0
2025-12-15 14:00:00,-8.93e-06,,,,,,,,,0.0
2025-12-15 15:00:00,-8.93e-06,,,,,,,,,0.0
2025-12-15 16:00:00,3.081e-05,,,,,,,,,0.0
2025-12-15 17:00:00,3.081e-05,,,,,,,,,0.0
2025-12-15 18:00:00,3.081e-05,,,,,,,,,0.0
2025-12-15 19:00:00,3.081e-05,,,,,,,,,0.0
2025-12-15 20:00:00,3.081e-05,,,,,,,,,0.0
2025-12-15 21:00:00,3.081e-05,,,,,,,,,0.0
2025-12-15 22:00:00,3.081e-05,,,,,,,,,0.0
2025-12-15 23:00:00,3.081e-05,,,,,,,,,0.0
2025-12-16 00:00:00,3.081e-05,,,,,,,,,0.0
2025-12-16 01:00:00,7.467e-05,,,,,,,,,0.0
2025-12-16 02:00:00,7.467e-05,,,,,,,,,0.0
2025-12-16 03:00:00,7.467e-05,,,,,,,,,0.0
2025-12-16 04:00:00,7.467e-05,,,,,,,,,0.0
2025-12-16 05:00:00,7.467e-05,,,,,,,,,0.0
2025-12-16 06:00:00,7.467e-05,,,,,,,,,0.0
2025-12-16 07:00:00,7.467e-05,,,,,,,,,0.0
2025-12-16 08:00:00,1.35e-05,,,,,,,,,0.0
2025-12-16 09:00:00,1.35e-05,,,,,,,,,0.0
2025-12-16 10:00:00,1.35e-05,,,,,,,,,0.0
2025-12-16 11:00:00,1.35e-05,,,,,,,,,0.0
2025-12-16 12:00:00,1.35e-05,,,,,,,,,0.0
2025-12-16 13:00:00,1.35e-05,,,,,,,,,0.0
2025-12-16 14:00:00,1.35e-05,,,,,,,,,0.0
2025-12-16 15:00:00,1.35e-05,,,,,,,,,0.0
2025-12-16 16:00:00,1.35e-05,,,,,,,,,0.0
2025-12-16 17:00:00,4.089e-05,,,,,,,,,0.0
2025-12-16 18:00:00,4.089e-05,,,,,,,,,0.0
2025-12-16 19:00:00,4.089e-05,,,,,,,,,0.0
2025-12-16 20:00:00,4.089e-05,,,,,,,,,0.0
2025-12-16 21:00:00,4.089e-05,,,,,,,,,0.0
2025-12-16 22:00:00,4.089e-05,,,,,,,,,0.0
2025-12-16 23:00:00,4.089e-05,,,,,,,,,0.0
2025-12-17 00:00:00,4.089e-05,,,,,,,,,0.0
2025-12-17 01:00:00,6.221e-05,,,,,,,,,0.0
2025-12-17 02:00:00,6.221e-05,,,,,,,,,0.0
2025-12-17 03:00:00,6.221e-05,,,,,,,,,0.0
2025-12-17 04:00:00,6.221e-05,,,,,,,,,0.0
2025-12-17 05:00:00,6.221e-05,,,,,,,,,0.0
2025-12-17 06:00:00,6.221e-05,,,,,,,,,0.0
2025-12-17 07:00:00,6.221e-05,,,,,,,,,0.0
2025-12-17 08:00:00,8.987e-05,,,,,,,,,0.0
2025-12-17 09:00:00,8.987e-05,,,,,,,,,0.0
2025-12-17 10:00:00,8.987e-05,,,,,,,,,0.0
2025-12-17 11:00:00,8.987e-05,,,,,,,,,0.0
2025-12-17 12:00:00,8.987e-05,,,,,,,,,0.0
2025-12-17 13:00:00,8.987e-05,,,,,,,,,0.0
2025-12-17 14:00:00,8.987e-05,,,,,,,,,0.0
2025-12-17 15:00:00,8.987e-05,,,,,,,,,0.0
2025-12-17 16:00:00,5.917e-05,,,,,,,,,0.0
2025-12-17 17:00:00,5.917e-05,,,,,,,,,0.0
2025-12-17 18:00:00,5.917e-05,,,,,,,,,0.0
2025-12-17 19:00:00,5.917e-05,,,,,,,,,0.0
2025-12-17 20:00:00,5.917e-05,,,,,,,,,0.0
2025-12-17 21:00:00,5.917e-05,,,,,,,,,0.0
2025-12-17 22:00:00,5.917e-05,,,,,,,,,0.0
2025-12-17 23:00:00,5.917e-05,,,,,,,,,0.0
2025-12-18 00:00:00,5.917e-05,,,,,,,,,0.0
2025-12-18 01:00:00,6.23e-05,,,,,,,,,0.0
2025-12-18 02:00:00,6.23e-05,,,,,,,,,0.0
2025-12-18 03:00:00,6.23e-05,,,,,,,,,0.0
2025-12-18 04:00:00,6.23e-05,,,,,,,,,0.0
2025-12-18 05:00:00,6.23e-05,,,,,,,,,0.0
2025-12-18 06:00:00,6.23e-05,,,,,,,,,0.0
2025-12-18 07:00:00,6.23e-05,,,,,,,,,0.0
2025-12-18 08:00:00,6.23e-05,,,,,,,,,0.0
2025-12-18 09:00:00,-8.67e-06,,,,,,,,,0.0
2025-12-18 10:00:00,-8.67e-06,,,,,,,,,0.0
2025-12-18 11:00:00,-8.67e-06,,,,,,,,,0.0
2025-12-18 12:00:00,-8.67e-06,,,,,,,,,0.0
2025-12-18 13:00:00,-8.67e-06,,,,,,,,,0.0
2025-12-18 14:00:00,-8.67e-06,,,,,,,,,0.0
2025-12-18 15:00:00,-8.67e-06,,,,,,,,,0.0
2025-12-18 16:00:00,-8.67e-06,,,,,,,,,0.0
2025-12-18 17:00:00,8.355e-05,,,,,,,,,0.0
2025-12-18 18:00:00,8.355e-05,,,,,,,,,0.0
2025-12-18 19:00:00,8.355e-05,,,,,,,,,0.0
2025-12-18 20:00:00,8.355e-05,,,,,,,,,0.0
2025-12-18 21:00:00,8.355e-05,,,,,,,,,0.0
2025-12-18 22:00:00,8.355e-05,,,,,,,,,0.0
2025-12-18 23:00:00,8.355e-05,,,,,,,,,0.0
2025-12-19 00:00:00,5.491e-05,,,,,,,,,0.0
2025-12-19 01:00:00,5.491e-05,,,,,,,,,0.0
2025-12-19 02:00:00,5.491e-05,,,,,,,,,0.0
2025-12-19 03:00:00,5.491e-05,,,,,,,,,0.0
2025-12-19 04:00:00,5.491e-05,,,,,,,,,0.0
2025-12-19 05:00:00,5.491e-05,,,,,,,,,0.0
2025-12-19 06:00:00,5.491e-05,,,,,,,,,0.0
2025-12-19 07:00:00,5.491e-05,,,,,,,,,0.0
2025-12-19 08:00:00,5.491e-05,,,,,,,,,0.0
2025-12-19 09:00:00,0.0001,,,,,,,,,0.0
2025-12-19 10:00:00,0.0001,,,,,,,,,0.0
2025-12-19 11:00:00,0.0001,,,,,,,,,0.0
2025-12-19 12:00:00,0.0001,,,,,,,,,0.0
2025-12-19 13:00:00,0.0001,,,,,,,,,0.0
2025-12-19 14:00:00,0.0001,,,,,,,,,0.0
2025-12-19 15:00:00,0.0001,,,,,,,,,0.0
2025-12-19 16:00:00,0.0001,,,,,,,,,0.0
2025-12-19 17:00:00,0.0001,,,,,,,,,0.0
2025-12-19 18:00:00,0.0001,,,,,,,,,0.0
2025-12-19 19:00:00,0.0001,,,,,,,,,0.0
2025-12-19 20:00:00,0.0001,,,,,,,,,0.0
2025-12-19 21:00:00,0.0001,,,,,,,,,0.0
2025-12-19 22:00:00,0.0001,,,,,,,,,0.0
2025-12-19 23:00:00,0.0001,,,,,,,,,0.0
2025-12-20 00:00:00,0.0001,,,,,,,,,0.0
2025-12-20 01:00:00,0.0001,,,,,,,,,0.0
2025-12-20 02:00:00,0.0001,,,,,,,,,0.0
2025-12-20 03:00:00,0.0001,,,,,,,,,0.0
2025-12-20 04:00:00,0.0001,,,,,,,,,0.0
2025-12-20 05:00:00,0.0001,,,,,,,,,0.0
2025-12-20 06:00:00,0.0001,,,,,,,,,0.0
2025-12-20 07:00:00,0.0001,,,,,,,,,0.0
2025-12-20 08:00:00,1.234e-05,,,,,,,,,0.0
2025-12-20 09:00:00,1.234e-05,,,,,,,,,0.0
2025-12-20 10:00:00,1.234e-05,,,,,,,,,0.0
2025-12-20 11:00:00,1.234e-05,,,,,,,,,0.0
2025-12-20 12:00:00,1.234e-05,,,,,,,,,0.0
2025-12-20 13:00:00,1.234e-05,,,,,,,,,0.0
2025-12-20 14:00:00,1.234e-05,,,,,,,,,0.0
2025-12-20 15:00:00,1.234e-05,,,,,,,,,0.0
2025-12-20 16:00:00,1.234e-05,,,,,,,,,0.0
2025-12-20 17:00:00,7.171e-05,,,,,,,,,0.0
2025-12-20 18:00:00,7.171e-05,,,,,,,,,0.0
2025-12-20 19:00:00,7.171e-05,,,,,,,,,0.0
2025-12-20 20:00:00,7.171e-05,,,,,,,,,0.0
2025-12-20 21:00:00,7.171e-05,,,,,,,,,0.0
2025-12-20 22:00:00,7.171e-05,,,,,,,,,0.0
2025-12-20 23:00:00,7.171e-05,,,,,,,,,0.0
2025-12-21 00:00:00,9.682e-05,,,,,,,,,0.0
2025-12-21 01:00:00,9.682e-05,,,,,,,,,0.0
2025-12-21 02:00:00,9.682e-05,,,,,,,,,0.0
2025-12-21 03:00:00,9.682e-05,,,,,,,,,0.0
2025-12-21 04:00:00,9.682e-05,,,,,,,,,0.0
2025-12-21 05:00:00,9.682e-05,,,,,,,,,0.0
2025-12-21 06:00:00,9.682e-05,,,,,,,,,0.0
2025-12-21 07:00:00,9.682e-05,,,,,,,,,0.0
2025-12-21 08:00:00,9.682e-05,,,,,,,,,0.0
2025-12-21 09:00:00,8.873e-05,,,,,,,,,0.0
2025-12-21 10:00:00,8.873e-05,,,,,,,,,0.0
2025-12-21 11:00:00,8.873e-05,,,,,,,,,0.0
2025-12-21 12:00:00,8.873e-05,,,,,,,,,0.0
2025-12-21 13:00:00,8.873e-05,,,,,,,,,0.0
2025-12-21 14:00:00,8.873e-05,,,,,,,,,0.0
2025-12-21 15:00:00,8.873e-05,,,,,,,,,0.0
2025-12-21 16:00:00,3.977e-05,,,,,,,,,0.0
2025-12-21 17:00:00,3.977e-05,,,,,,,,,0.0
2025-12-21 18:00:00,3.977e-05,,,,,,,,,0.0
2025-12-21 19:00:00,3.977e-05,,,,,,,,,0.0
2025-12-21 20:00:00,3.977e-05,,,,,,,,,0.0
2025-12-21 21:00:00,3.977e-05,,,,,,,,,0.0
2025-12-21 22:00:00,3.977e-05,,,,,,,,,0.0
2025-12-21 23:00:00,3.977e-05,,,,,,,,,0.0
2025-12-22 00:00:00,4.389e-05,,,,,,,,,0.0
2025-12-22 01:00:00,4.389e-05,,,,,,,,,0.0
2025-12-22 02:00:00,4.389e-05,,,,,,,,,0.0
2025-12-22 03:00:00,4.389e-05,,,,,,,,,0.0
2025-12-22 04:00:00,4.389e-05,,,,,,,,,0.0
2025-12-22 05:00:00,4.389e-05,,,,,,,,,0.0
2025-12-22 06:00:00,4.389e-05,,,,,,,,,0.0
2025-12-22 07:00:00,4.389e-05,,,,,,,,,0.0
2025-12-22 08:00:00,4.389e-05,,,,,,,,,0.0
2025-12-22 09:00:00,4.524e-05,,,,,,,,,0.0
2025-12-22 10:00:00,4.524e-05,,,,,,,,,0.0
2025-12-22 11:00:00,4.524e-05,,,,,,,,,0.0
2025-12-22 12:00:00,4.524e-05,,,,,,,,,0.0
2025-12-22 13:00:00,4.524e-05,,,,,,,,,0.0
2025-12-22 14:00:00,4.524e-05,,,,,,,,,0.0
2025-12-22 15:00:00,4.524e-05,,,,,,,,,0.0
2025-12-22 16:00:00,4.524e-05,,,,,,,,,0.0
2025-12-22 17:00:00,6.654e-05,,,,,,,,,0.0
2025-12-22 18:00:00,6.654e-05,,,,,,,,,0.0
2025-12-22 19:00:00,6.654e-05,,,,,,,,,0.0
2025-12-22 20:00:00,6.654e-05,,,,,,,,,0.0
2025-12-22 21:00:00,6.654e-05,,,,,,,,,0.0
2025-12-22 22:00:00,6.654e-05,,,,,,,,,0.0
2025-12-22 23:00:00,6.654e-05,,,,,,,,,0.0
2025-12-23 00:00:00,2.633e-05,,,,,,,,,0.0
2025-12-23 01:00:00,2.633e-05,,,,,,,,,0.0
2025-12-23 02:00:00,2.633e-05,,,,,,,,,0.0
2025-12-23 03:00:00,2.633e-05,,,,,,,,,0.0
2025-12-23 04:00:00,2.633e-05,,,,,,,,,0.0
2025-12-23 05:00:00,2.633e-05,,,,,,,,,0.0
2025-12-23 06:00:00,2.633e-05,,,,,,,,,0.0
2025-12-23 07:00:00,2.633e-05,,,,,,,,,0.0
2025-12-23 08:00:00,5.231e-05,,,,,,,,,0.0
2025-12-23 09:00:00,5.231e-05,,,,,,,,,0.0
2025-12-23 10:00:00,5.231e-05,,,,,,,,,0.0
2025-12-23 11:00:00,5.231e-05,,,,,,,,,0.0
2025-12-23 12:00:00,5.231e-05,,,,,,,,,0.0
2025-12-23 13:00:00,5.231e-05,,,,,,,,,0.0
2025-12-23 14:00:00,5.231e-05,,,,,,,,,0.0
2025-12-23 15:00:00,5.231e-05,,,,,,,,,0.0
2025-12-23 16:00:00,5.231e-05,,,,,,,,,0.0
2025-12-23 17:00:00,1.795e-05,,,,,,,,,0.0
2025-12-23 18:00:00,1.795e-05,,,,,,,,,0.0
2025-12-23 19:00:00,1.795e-05,,,,,,,,,0.0
2025-12-23 20:00:00,1.795e-05,,,,,,,,,0.0
2025-12-23 21:00:00,1.795e-05,,,,,,,,,0.0
2025-12-23 22:00:00,1.795e-05,,,,,,,,,0.0
2025-12-23 23:00:00,1.795e-05,,,,,,,,,0.0
2025-12-24 00:00:00,1.795e-05,,,,,,,,,0.0
2025-12-24 01:00:00,0.0001,,,,,,,,,0.0
2025-12-24 02:00:00,0.0001,,,,,,,,,0.0
2025-12-24 03:00:00,0.0001,,,,,,,,,0.0
2025-12-24 04:00:00,0.0001,,,,,,,,,0.0
2025-12-24 05:00:00,0.0001,,,,,,,,,0.0
2025-12-24 06:00:00,0.0001,,,,,,,,,0.0
2025-12-24 07:00:00,0.0001,,,,,,,,,0.0
2025-12-24 08:00:00,0.0001,,,,,,,,,0.0
2025-12-24 09:00:00,8.455e-05,,,,,,,,,0.0
2025-12-24 10:00:00,8.455e-05,,,,,,,,,0.0
2025-12-24 11:00:00,8.455e-05,,,,,,,,,0.0
2025-12-24 12:00:00,8.455e-05,,,,,,,,,0.0
2025-12-24 13:00:00,8.455e-05,,,,,,,,,0.0
2025-12-24 14:00:00,8.455e-05,,,,,,,,,0.0
2025-12-24 15:00:00,8.455e-05,,,,,,,,,0.0
2025-12-24 16:00:00,5.927e-05,,,,,,,,,0.0
2025-12-24 17:00:00,5.927e-05,,,,,,,,,0.0
2025-12-24 18:00:00,5.927e-05,,,,,,,,,0.0
2025-12-24 19:00:00,5.927e-05,,,,,,,,,0.0
2025-12-24 20:00:00,5.927e-05,,,,,,,,,0.0
2025-12-24 21:00:00,5.927e-05,,,,,,,,,0.0
2025-12-24 22:00:00,5.927e-05,,,,,,,,,0.0
2025-12-24 23:00:00,5.927e-05,,,,,,,,,0.0
2025-12-25 00:00:00,5.953e-05,,,,,,,,,0.0
2025-12-25 01:00:00,5.953e-05,,,,,,,,,0.0
2025-12-25 02:00:00,5.953e-05,,,,,,,,,0.0
2025-12-25 03:00:00,5.953e-05,,,,,,,,,0.0
2025-12-25 04:00:00,5.953e-05,,,,,,,,,0.0
2025-12-25 05:00:00,5.953e-05,,,,,,,,,0.0
2025-12-25 06:00:00,5.953e-05,,,,,,,,,0.0
2025-12-25 07:00:00,5.953e-05,,,,,,,,,0.0
2025-12-25 08:00:00,5.953e-05,,,,,,,,,0.0
2025-12-25 09:00:00,7.953e-05,,,,,,,,,0.0
2025-12-25 10:00:00,7.953e-05,,,,,,,,,0.0
2025-12-25 11:00:00,7.953e-05,,,,,,,,,0.0
2025-12-25 12:00:00,7.953e-05,,,,,,,,,0.0
2025-12-25 13:00:00,7.953e-05,,,,,,,,,0.0
2025-12-25 14:00:00,7.953e-05,,,,,,,,,0.0
2025-12-25 15:00:00,7.953e-05,,,,,,,,,0.0
2025-12-25 16:00:00,7.953e-05,,,,,,,,,0.0
2025-12-25 17:00:00,8.322e-05,,,,,,,,,0.0
2025-12-25 18:00:00,8.322e-05,,,,,,,,,0.0
2025-12-25 19:00:00,8.322e-05,,,,,,,,,0.0
2025-12-25 20:00:00,8.322e-05,,,,,,,,,0.0
2025-12-25 21:00:00,8.322e-05,,,,,,,,,0.0
2025-12-25 22:00:00,8.322e-05,,,,,,,,,0.0
2025-12-25 23:00:00,8.322e-05,,,,,,,,,0.0
2025-12-26 00:00:00,8.322e-05,,,,,,,,,0.0
2025-12-26 01:00:00,4.378e-05,,,,,,,,,0.0
2025-12-26 02:00:00,4.378e-05,,,,,,,,,0.0
2025-12-26 03:00:00,4.378e-05,,,,,,,,,0.0
2025-12-26 04:00:00,4.378e-05,,,,,,,,,0.0
2025-12-26 05:00:00,4.378e-05,,,,,,,,,0.0
2025-12-26 06:00:00,4.378e-05,,,,,,,,,0.0
2025-12-26 07:00:00,4.378e-05,,,,,,,,,0.0
2025-12-26 08:00:00,4.378e-05,,,,,,,,,0.0
2025-12-26 09:00:00,5.427e-05,,,,,,,,,0.0
2025-12-26 10:00:00,5.427e-05,,,,,,,,,0.0
2025-12-26 11:00:00,5.427e-05,,,,,,,,,0.0
2025-12-26 12:00:00,5.427e-05,,,,,,,,,0.0
2025-12-26 13:00:00,5.427e-05,,,,,,,,,0.0
2025-12-26 14:00:00,5.427e-05,,,,,,,,,0.0
2025-12-26 15:00:00,5.427e-05,,,,,,,,,0.0
2025-12-26 16:00:00,5.427e-05,,,,,,,,,0.0
2025-12-26 17:00:00,0.0001,,,,,,,,,0.0
2025-12-26 18:00:00,0.0001,,,,,,,,,0.0
2025-12-26 19:00:00,0.0001,,,,,,,,,0.0
2025-12-26 20:00:00,0.0001,,,,,,,,,0.0
2025-12-26 21:00:00,0.0001,,,,,,,,,0.0
2025-12-26 22:00:00,0.0001,,,,,,,,,0.0
2025-12-26 23:00:00,0.0001,,,,,,,,,0.0
2025-12-27 00:00:00,1.809e-05,,,,,,,,,0.0
2025-12-27 01:00:00,1.809e-05,,,,,,,,,0.0
2025-12-27 02:00:00,1.809e-05,,,,,,,,,0.0
2025-12-27 03:00:00,1.809e-05,,,,,,,,,0.0
2025-12-27 04:00:00,1.809e-05,,,,,,,,,0.0
2025-12-27 05:00:00,1.809e-05,,,,,,,,,0.0
2025-12-27 06:00:00,1.809e-05,,,,,,,,,0.0
2025-12-27 07:00:00,1.809e-05,,,,,,,,,0.0
2025-12-27 08:00:00,2.788e-05,,,,,,,,,0.0
2025-12-27 09:00:00,2.788e-05,,,,,,,,,0.0
2025-12-27 10:00:00,2.788e-05,,,,,,,,,0.0
2025-12-27 11:00:00,2.788e-05,,,,,,,,,0.0
2025-12-27 12:00:00,2.788e-05,,,,,,,,,0.0
2025-12-27 13:00:00,2.788e-05,,,,,,,,,0.0
2025-12-27 14:00:00,2.788e-05,,,,,,,,,0.0
2025-12-27 15:00:00,2.788e-05,,,,,,,,,0.0
2025-12-27 16:00:00,2.788e-05,,,,,,,,,0.0
2025-12-27 17:00:00,5.85e-05,,,,,,,,,0.0
2025-12-27 18:00:00,5.85e-05,,,,,,,,,0.0
2025-12-27 19:00:00,5.85e-05,,,,,,,,,0.0
2025-12-27 20:00:00,5.85e-05,,,,,,,,,0.0
2025-12-27 21:00:00,5.85e-05,,,,,,,,,0.0
2025-12-27 22:00:00,5.85e-05,,,,,,,,,0.0
2025-12-27 23:00:00,5.85e-05,,,,,,,,,0.0
2025-12-28 00:00:00,5.85e-05,,,,,,,,,0.0
2025-12-28 01:00:00,-3.6e-07,,,,,,,,,0.0
2025-12-28 02:00:00,-3.6e-07,,,,,,,,,0.0
2025-12-28 03:00:00,-3.6e-07,,,,,,,,,0.0
2025-12-28 04:00:00,-3.6e-07,,,,,,,,,0.0
2025-12-28 05:00:00,-3.6e-07,,,,,,,,,0.0
2025-12-28 06:00:00,-3.6e-07,,,,,,,,,0.0
2025-12-28 07:00:00,-3.6e-07,,,,,,,,,0.0
2025-12-28 08:00:00,7.955e-05,,,,,,,,,0.0
2025-12-28 09:00:00,7.955e-05,,,,,,,,,0.0
2025-12-28 10:00:00,7.955e-05,,,,,,,,,0.0
2025-12-28 11:00:00,7.955e-05,,,,,,,,,0.0
2025-12-28 12:00:00,7.955e-05,,,,,,,,,0.0
2025-12-28 13:00:00,7.955e-05,,,,,,,,,0.0
2025-12-28 14:00:00,7.955e-05,,,,,,,,,0.0
2025-12-28 15:00:00,7.955e-05,,,,,,,,,0.0
2025-12-28 16:00:00,9.464e-05,,,,,,,,,0.0
2025-12-28 17:00:00,9.464e-05,,,,,,,,,0.0
2025-12-28 18:00:00,9.464e-05,,,,,,,,,0.0
2025-12-28 19:00:00,9.464e-05,,,,,,,,,0.0
2025-12-28 20:00:00,9.464e-05,,,,,,,,,0.0
2025-12-28 21:00:00,9.464e-05,,,,,,,,,0.0
2025-12-28 22:00:00,9.464e-05,,,,,,,,,0.0
2025-12-28 23:00:00,9.464e-05,,,,,,,,,0.0
2025-12-29 00:00:00,9.464e-05,,,,,,,,,0.0
2025-12-29 01:00:00,0.0001,,,,,,,,,0.0
2025-12-29 02:00:00,0.0001,,,,,,,,,0.0
2025-12-29 03:00:00,0.0001,,,,,,,,,0.0
2025-12-29 04:00:00,0.0001,,,,,,,,,0.0
2025-12-29 05:00:00,0.0001,,,,,,,,,0.0
2025-12-29 06:00:00,0.0001,,,,,,,,,0.0
2025-12-29 07:00:00,0.0001,,,,,,,,,0.0
2025-12-29 08:00:00,0.0001,,,,,,,,,0.0
2025-12-29 09:00:00,0.0001,,,,,,,,,0.0
2025-12-29 10:00:00,0.0001,,,,,,,,,0.0
2025-12-29 11:00:00,0.0001,,,,,,,,,0.0
2025-12-29 12:00:00,0.0001,,,,,,,,,0.0
2025-12-29 13:00:00,0.0001,,,,,,,,,0.0
2025-12-29 14:00:00,0.0001,,,,,,,,,0.0
2025-12-29 15:00:00,0.0001,,,,,,,,,0.0
2025-12-29 16:00:00,4.826e-05,,,,,,,,,0.0
2025-12-29 17:00:00,4.826e-05,,,,,,,,,0.0
2025-12-29 18:00:00,4.826e-05,,,,,,,,,0.0
2025-12-29 19:00:00,4.826e-05,,,,,,,,,0.0
2025-12-29 20:00:00,4.826e-05,,,,,,,,,0.0
2025-12-29 21:00:00,4.826e-05,,,,,,,,,0.0
2025-12-29 22:00:00,4.826e-05,,,,,,,,,0.0
2025-12-29 23:00:00,4.826e-05,,,,,,,,,0.0
2025-12-30 00:00:00,4.826e-05,,,,,,,,,0.0
2025-12-30 01:00:00,0.0001,,,,,,,,,0.0
2025-12-30 02:00:00,0.0001,,,,,,,,,0.0
2025-12-30 03:00:00,0.0001,,,,,,,,,0.0
2025-12-30 04:00:00,0.0001,,,,,,,,,0.0
2025-12-30 05:00:00,0.0001,,,,,,,,,0.0
2025-12-30 06:00:00,0.0001,,,,,,,,,0.0
2025-12-30 07:00:00,0.0001,,,,,,,,,0.0
2025-12-30 08:00:00,0.0001,,,,,,,,,0.0
2025-12-30 09:00:00,4.613e-05,,,,,,,,,0.0
2025-12-30 10:00:00,4.613e-05,,,,,,,,,0.0
2025-12-30 11:00:00,4.613e-05,,,,,,,,,0.0
2025-12-30 12:00:00,4.613e-05,,,,,,,,,0.0
2025-12-30 13:00:00,4.613e-05,,,,,,,,,0.0
2025-12-30 14:00:00,4.613e-05,,,,,,,,,0.0
2025-12-30 15:00:00,4.613e-05,,,,,,,,,0.0
2025-12-30 16:00:00,4.613e-05,,,,,,,,,0.0
2025-12-30 17:00:00,8.345e-05,,,,,,,,,0.0
2025-12-30 18:00:00,8.345e-05,,,,,,,,,0.0
2025-12-30 19:00:00,8.345e-05,,,,,,,,,0.0
2025-12-30 20:00:00,8.345e-05,,,,,,,,,0.0
2025-12-30 21:00:00,8.345e-05,,,,,,,,,0.0
2025-12-30 22:00:00,8.345e-05,,,,,,,,,0.0
2025-12-30 23:00:00,8.345e-05,,,,,,,,,0.0
2025-12-31 00:00:00,8.345e-05,,,,,,,,,0.0
2025-12-31 01:00:00,2.922e-05,,,,,,,,,0.0
2025-12-31 02:00:00,2.922e-05,,,,,,,,,0.0
2025-12-31 03:00:00,2.922e-05,,,,,,,,,0.0
2025-12-31 04:00:00,2.922e-05,,,,,,,,,0.0
2025-12-31 05:00:00,2.922e-05,,,,,,,,,0.0
2025-12-31 06:00:00,2.922e-05,,,,,,,,,0.0
2025-12-31 07:00:00,2.922e-05,,,,,,,,,0.0
2025-12-31 08:00:00,2.922e-05,,,,,,,,,0.0
2025-12-31 09:00:00,1.453e-05,,,,,,,,,0.0
2025-12-31 10:00:00,1.453e-05,,,,,,,,,0.0
2025-12-31 11:00:00,1.453e-05,,,,,,,,,0.0
2025-12-31 12:00:00,1.453e-05,,,,,,,,,0.0
2025-12-31 13:00:00,1.453e-05,,,,,,,,,0.0
2025-12-31 14:00:00,1.453e-05,,,,,,,,,0.0
2025-12-31 15:00:00,1.453e-05,,,,,,,,,0.0
2025-12-31 16:00:00,1.453e-05,,,,,,,,,0.0
2025-12-31 17:00:00,3.75e-05,,,,,,,,,0.0
2025-12-31 18:00:00,3.75e-05,,,,,,,,,0.0
2025-12-31 19:00:00,3.75e-05,,,,,,,,,0.0
2025-12-31 20:00:00,3.75e-05,,,,,,,,,0.0
2025-12-31 21:00:00,3.75e-05,,,,,,,,,0.0
2025-12-31 22:00:00,3.75e-05,,,,,,,,,0.0
2025-12-31 23:00:00,3.75e-05,,,,,,,,,0.0
2026-01-01 00:00:00,3.75e-05,,,,,,,,,0.0
2026-01-01 01:00:00,0.0001,,,,,,,,,0.0
2026-01-01 02:00:00,0.0001,,,,,,,,,0.0
2026-01-01 03:00:00,0.0001,,,,,,,,,0.0
2026-01-01 04:00:00,0.0001,,,,,,,,,0.0
2026-01-01 05:00:00,0.0001,,,,,,,,,0.0
2026-01-01 06:00:00,0.0001,,,,,,,,,0.0
2026-01-01 07:00:00,0.0001,,,,,,,,,0.0
2026-01-01 08:00:00,0.0001,,,,,,,,,0.0
2026-01-01 09:00:00,0.0001,,,,,,,,,0.0
2026-01-01 10:00:00,0.0001,,,,,,,,,0.0
2026-01-01 11:00:00,0.0001,,,,,,,,,0.0
2026-01-01 12:00:00,0.0001,,,,,,,,,0.0
2026-01-01 13:00:00,0.0001,,,,,,,,,0.0
2026-01-01 14:00:00,0.0001,,,,,,,,,0.0
2026-01-01 15:00:00,0.0001,,,,,,,,,0.0
2026-01-01 16:00:00,0.0001,,,,,,,,,0.0
2026-01-01 17:00:00,1.711e-05,,,,,,,,,0.0
2026-01-01 18:00:00,1.711e-05,,,,,,,,,0.0
2026-01-01 19:00:00,1.711e-05,,,,,,,,,0.0
2026-01-01 20:00:00,1.711e-05,,,,,,,,,0.0
2026-01-01 21:00:00,1.711e-05,,,,,,,,,0.0
2026-01-01 22:00:00,1.711e-05,,,,,,,,,0.0
2026-01-01 23:00:00,1.711e-05,,,,,,,,,0.0
2026-01-02 00:00:00,1.711e-05,,,,,,,,,0.0
2026-01-02 01:00:00,5.608e-05,,,,,,,,,0.0
2026-01-02 02:00:00,5.608e-05,,,,,,,,,0.0
2026-01-02 03:00:00,5.608e-05,,,,,,,,,0.0
2026-01-02 04:00:00,5.608e-05,,,,,,,,,0.0
2026-01-02 05:00:00,5.608e-05,,,,,,,,,0.0
2026-01-02 06:00:00,5.608e-05,,,,,,,,,0.0
2026-01-02 07:00:00,5.608e-05,,,,,,,,,0.0
2026-01-02 08:00:00,5.608e-05,,,,,,,,,0.0
2026-01-02 09:00:00,4.219e-05,,,,,,,,,0.0
2026-01-02 10:00:00,4.219e-05,,,,,,,,,0.0
2026-01-02 11:00:00,4.219e-05,,,,,,,,,0.0
2026-01-02 12:00:00,4.219e-05,,,,,,,,,0.0
2026-01-02 13:00:00,4.219e-05,,,,,,,,,0.0
2026-01-02 14:00:00,4.219e-05,,,,,,,,,0.0
2026-01-02 15:00:00,4.219e-05,,,,,,,,,0.0
2026-01-02 16:00:00,4.813e-05,,,,,,,,,0.0
2026-01-02 17:00:00,4.813e-05,,,,,,,,,0.0
2026-01-02 18:00:00,4.813e-05,,,,,,,,,0.0
2026-01-02 19:00:00,4.813e-05,,,,,,,,,0.0
2026-01-02 20:00:00,4.813e-05,,,,,,,,,0.0
2026-01-02 21:00:00,4.813e-05,,,,,,,,,0.0
2026-01-02 22:00:00,4.813e-05,,,,,,,,,0.0
2026-01-02 23:00:00,4.813e-05,,,,,,,,,0.0
2026-01-03 00:00:00,4.813e-05,,,,,,,,,0.0
2026-01-03 01:00:00,3.11e-05,,,,,,,,,0.0
2026-01-03 02:00:00,3.11e-05,,,,,,,,,0.0
2026-01-03 03:00:00,3.11e-05,,,,,,,,,0.0
2026-01-03 04:00:00,3.11e-05,,,,,,,,,0.0
2026-01-03 05:00:00,3.11e-05,,,,,,,,,0.0
2026-01-03 06:00:00,3.11e-05,,,,,,,,,0.0
2026-01-03 07:00:00,3.11e-05,,,,,,,,,0.0
2026-01-03 08:00:00,1.055e-05,,,,,,,,,0.0
2026-01-03 09:00:00,1.055e-05,,,,,,,,,0.0
2026-01-03 10:00:00,1.055e-05,,,,,,,,,0.0
2026-01-03 11:00:00,1.055e-05,,,,,,,,,0.0
2026-01-03 12:00:00,1.055e-05,,,,,,,,,0.0
2026-01-03 13:00:00,1.055e-05,,,,,,,,,0.0
2026-01-03 14:00:00,1.055e-05,,,,,,,,,0.0
2026-01-03 15:00:00,1.055e-05,,,,,,,,,0.0
2026-01-03 16:00:00,6.938e-05,,,,,,,,,0.0
2026-01-03 17:00:00,6.938e-05,,,,,,,,,0.0
2026-01-03 18:00:00,6.938e-05,,,,,,,,,0.0
2026-01-03 19:00:00,6.938e-05,,,,,,,,,0.0
2026-01-03 20:00:00,6.938e-05,,,,,,,,,0.0
2026-01-03 21:00:00,6.938e-05,,,,,,,,,0.0
2026-01-03 22:00:00,6.938e-05,,,,,,,,,0.0
2026-01-03 23:00:00,6.938e-05,,,,,,,,,0.0
2026-01-04 00:00:00,9.488e-05,,,,,,,,,0.0
2026-01-04 01:00:00,9.488e-05,,,,,,,,,0.0
2026-01-04 02:00:00,9.488e-05,,,,,,,,,0.0
2026-01-04 03:00:00,9.488e-05,,,,,,,,,0.0
2026-01-04 04:00:00,9.488e-05,,,,,,,,,0.0
2026-01-04 05:00:00,9.488e-05,,,,,,,,,0.0
2026-01-04 06:00:00,9.488e-05,,,,,,,,,0.0
2026-01-04 07:00:00,9.488e-05,,,,,,,,,0.0
2026-01-04 08:00:00,5.813e-05,,,,,,,,,0.0
2026-01-04 09:00:00,5.813e-05,,,,,,,,,0.0
2026-01-04 10:00:00,5.813e-05,,,,,,,,,0.0
2026-01-04 11:00:00,5.813e-05,,,,,,,,,0.0
2026-01-04 12:00:00,5.813e-05,,,,,,,,,0.0
2026-01-04 13:00:00,5.813e-05,,,,,,,,,0.0
2026-01-04 14:00:00,5.813e-05,,,,,,,,,0.0
2026-01-04 15:00:00,5.813e-05,,,,,,,,,0.0
2026-01-04 16:00:00,5.813e-05,,,,,,,,,0.0
2026-01-04 17:00:00,4.436e-05,,,,,,,,,0.0
2026-01-04 18:00:00,4.436e-05,,,,,,,,,0.0
2026-01-04 19:00:00,4.436e-05,,,,,,,,,0.0
2026-01-04 20:00:00,4.436e-05,,,,,,,,,0.0
2026-01-04 21:00:00,4.436e-05,,,,,,,,,0.0
2026-01-04 22:00:00,4.436e-05,,,,,,,,,0.0
2026-01-04 23:00:00,4.436e-05,,,,,,,,,0.0
2026-01-05 00:00:00,8.893e-05,,,,,,,,,0.0
2026-01-05 01:00:00,8.893e-05,,,,,,,,,0.0
2026-01-05 02:00:00,8.893e-05,,,,,,,,,0.0
2026-01-05 03:00:00,8.893e-05,,,,,,,,,0.0
2026-01-05 04:00:00,8.893e-05,,,,,,,,,0.0
2026-01-05 05:00:00,8.893e-05,,,,,,,,,0.0
2026-01-05 06:00:00,8.893e-05,,,,,,,,,0.0
2026-01-05 07:00:00,8.893e-05,,,,,,,,,0.0
2026-01-05 08:00:00,5.23e-05,,,,,,,,,0.0
2026-01-05 09:00:00,5.23e-05,,,,,,,,,0.0
2026-01-05 10:00:00,5.23e-05,,,,,,,,,0.0
2026-01-05 11:00:00,5.23e-05,,,,,,,,,0.0
2026-01-05 12:00:00,5.23e-05,,,,,,,,,0.0
2026-01-05 13:00:00,5.23e-05,,,,,,,,,0.0
2026-01-05 14:00:00,5.23e-05,,,,,,,,,0.0
2026-01-05 15:00:00,5.23e-05,,,,,,,,,0.0
2026-01-05 16:00:00,7.723e-05,,,,,,,,,0.0
2026-01-05 17:00:00,7.723e-05,,,,,,,,,0.0
2026-01-05 18:00:00,7.723e-05,,,,,,,,,0.0
2026-01-05 19:00:00,7.723e-05,,,,,,,,,0.0
2026-01-05 20:00:00,7.723e-05,,,,,,,,,0.0
2026-01-05 21:00:00,7.723e-05,,,,,,,,,0.0
2026-01-05 22:00:00,7.723e-05,,,,,,,,,0.0
2026-01-05 23:00:00,7.723e-05,,,,,,,,,0.0
2026-01-06 00:00:00,7.723e-05,,,,,,,,,0.0
2026-01-06 01:00:00,-1.376e-05,,,,,,,,,0.0
2026-01-06 02:00:00,-1.376e-05,,,,,,,,,0.0
2026-01-06 03:00:00,-1.376e-05,,,,,,,,,0.0
2026-01-06 04:00:00,-1.376e-05,,,,,,,,,0.0
2026-01-06 05:00:00,-1.376e-05,,,,,,,,,0.0
2026-01-06 06:00:00,-1.376e-05,,,,,,,,,0.0
2026-01-06 07:00:00,-1.376e-05,,,,,,,,,0.0
2026-01-06 08:00:00,2.816e-05,,,,,,,,,0.0
2026-01-06 09:00:00,2.816e-05,,,,,,,,,0.0
2026-01-06 10:00:00,2.816e-05,,,,,,,,,0.0
2026-01-06 11:00:00,2.816e-05,,,,,,,,,0.0
2026-01-06 12:00:00,2.816e-05,,,,,,,,,0.0
2026-01-06 13:00:00,2.816e-05,,,,,,,,,0.0
2026-01-06 14:00:00,2.816e-05,,,,,,,,,0.0
2026-01-06 15:00:00,2.816e-05,,,,,,,,,0.0
2026-01-06 16:00:00,2.691e-05,,,,,,,,,0.0
2026-01-06 17:00:00,2.691e-05,,,,,,,,,0.0
2026-01-06 18:00:00,2.691e-05,,,,,,,,,0.0
2026-01-06 19:00:00,2.691e-05,,,,,,,,,0.0
2026-01-06 20:00:00,2.691e-05,,,,,,,,,0.0
2026-01-06 21:00:00,2.691e-05,,,,,,,,,0.0
2026-01-06 22:00:00,2.691e-05,,,,,,,,,0.0
2026-01-06 23:00:00,2.691e-05,,,,,,,,,0.0
2026-01-07 00:00:00,2.691e-05,,,,,,,,,0.0
2026-01-07 01:00:00,6.582e-05,,,,,,,,,0.0
2026-01-07 02:00:00,6.582e-05,,,,,,,,,0.0
2026-01-07 03:00:00,6.582e-05,,,,,,,,,0.0
2026-01-07 04:00:00,6.582e-05,,,,,,,,,0.0
2026-01-07 05:00:00,6.582e-05,,,,,,,,,0.0
2026-01-07 06:00:00,6.582e-05,,,,,,,,,0.0
2026-01-07 07:00:00,6.582e-05,,,,,,,,,0.0
2026-01-07 08:00:00,6.582e-05,,,,,,,,,0.0
2026-01-07 09:00:00,0.0001,,,,,,,,,0.0
2026-01-07 10:00:00,0.0001,,,,,,,,,0.0
2026-01-07 11:00:00,0.0001,,,,,,,,,0.0
2026-01-07 12:00:00,0.0001,,,,,,,,,0.0
2026-01-07 13:00:00,0.0001,,,,,,,,,0.0
2026-01-07 14:00:00,0.0001,,,,,,,,,0.0
2026-01-07 15:00:00,0.0001,,,,,,,,,0.0
2026-01-07 16:00:00,0.0001,,,,,,,,,0.0
2026-01-07 17:00:00,2.885e-05,,,,,,,,,0.0
2026-01-07 18:00:00,2.885e-05,,,,,,,,,0.0
2026-01-07 19:00:00,2.885e-05,,,,,,,,,0.0
2026-01-07 20:00:00,2.885e-05,,,,,,,,,0.0
2026-01-07 21:00:00,2.885e-05,,,,,,,,,0.0
2026-01-07 22:00:00,2.885e-05,,,,,,,,,0.0
2026-01-07 23:00:00,2.885e-05,,,,,,,,,0.0
2026-01-08 00:00:00,2.885e-05,,,,,,,,,0.0
2026-01-08 01:00:00,8.693e-05,,,,,,,,,0.0
2026-01-08 02:00:00,8.693e-05,,,,,,,,,0.0
2026-01-08 03:00:00,8.693e-05,,,,,,,,,0.0
2026-01-08 04:00:00,8.693e-05,,,,,,,,,0.0
2026-01-08 05:00:00,8.693e-05,,,,,,,,,0.0
2026-01-08 06:00:00,8.693e-05,,,,,,,,,0.0
2026-01-08 07:00:00,8.693e-05,,,,,,,,,0.0
2026-01-08 08:00:00,0.0001,,,,,,,,,0.0
2026-01-08 09:00:00,0.0001,,,,,,,,,0.0
2026-01-08 10:00:00,0.0001,,,,,,,,,0.0
2026-01-08 11:00:00,0.0001,,,,,,,,,0.0
2026-01-08 12:00:00,0.0001,,,,,,,,,0.0
2026-01-08 13:00:00,0.0001,,,,,,,,,0.0
2026-01-08 14:00:00,0.0001,,,,,,,,,0.0
2026-01-08 15:00:00,0.0001,,,,,,,,,0.0
2026-01-08 16:00:00,6.436e-05,,,,,,,,,0.0
2026-01-08 17:00:00,6.436e-05,,,,,,,,,0.0
2026-01-08 18:00:00,6.436e-05,,,,,,,,,0.0
2026-01-08 19:00:00,6.436e-05,,,,,,,,,0.0
2026-01-08 20:00:00,6.436e-05,,,,,,,,,0.0
2026-01-08 21:00:00,6.436e-05,,,,,,,,,0.0
2026-01-08 22:00:00,6.436e-05,,,,,,,,,0.0
2026-01-08 23:00:00,6.436e-05,,,,,,,,,0.0
2026-01-09 00:00:00,6.436e-05,,,,,,,,,0.0
2026-01-09 01:00:00,-2.813e-05,,,,,,,,,0.0
2026-01-09 02:00:00,-2.813e-05,,,,,,,,,0.0
2026-01-09 03:00:00,-2.813e-05,,,,,,,,,0.0
2026-01-09 04:00:00,-2.813e-05,,,,,,,,,0.0
2026-01-09 05:00:00,-2.813e-05,,,,,,,,,0.0
2026-01-09 06:00:00,-2.813e-05,,,,,,,,,0.0
2026-01-09 07:00:00,-2.813e-05,,,,,,,,,0.0
2026-01-09 08:00:00,7.258e-05,,,,,,,,,0.0
2026-01-09 09:00:00,7.258e-05,,,,,,,,,0.0
2026-01-09 10:00:00,7.258e-05,,,,,,,,,0.0
2026-01-09 11:00:00,7.258e-05,,,,,,,,,0.0
2026-01-09 12:00:00,7.258e-05,,,,,,,,,0.0
2026-01-09 13:00:00,7.258e-05,,,,,,,,,0.0
2026-01-09 14:00:00,7.258e-05,,,,,,,,,0.0
2026-01-09 15:00:00,7.258e-05,,,,,,,,,0.0
2026-01-09 16:00:00,7.258e-05,,,,,,,,,0.0
2026-01-09 17:00:00,2.18e-06,,,,,,,,,0.0
2026-01-09 18:00:00,2.18e-06,,,,,,,,,0.0
2026-01-09 19:00:00,2.18e-06,,,,,,,,,0.0
2026-01-09 20:00:00,2.18e-06,,,,,,,,,0.0
2026-01-09 21:00:00,2.18e-06,,,,,,,,,0.0
2026-01-09 22:00:00,2.18e-06,,,,,,,,,0.0
2026-01-09 23:00:00,2.18e-06,,,,,,,,,0.0
2026-01-10 00:00:00,5.643e-05,,,,,,,,,0.0
2026-01-10 01:00:00,5.643e-05,,,,,,,,,0.0
2026-01-10 02:00:00,5.643e-05,,,,,,,,,0.0
2026-01-10 03:00:00,5.643e-05,,,,,,,,,0.0
2026-01-10 04:00:00,5.643e-05,,,,,,,,,0.0
2026-01-10 05:00:00,5.643e-05,,,,,,,,,0.0
2026-01-10 06:00:00,5.643e-05,,,,,,,,,0.0
2026-01-10 07:00:00,5.643e-05,,,,,,,,,0.0
2026-01-10 08:00:00,5.643e-05,,,,,,,,,0.0
2026-01-10 09:00:00,7.657e-05,,,,,,,,,0.0
2026-01-10 10:00:00,7.657e-05,,,,,,,,,0.0
2026-01-10 11:00:00,7.657e-05,,,,,,,,,0.0
2026-01-10 12:00:00,7.657e-05,,,,,,,,,0.0
2026-01-10 13:00:00,7.657e-05,,,,,,,,,0.0
2026-01-10 14:00:00,7.657e-05,,,,,,,,,0.0
2026-01-10 15:00:00,7.657e-05,,,,,,,,,0.0
2026-01-10 16:00:00,7.657e-05,,,,,,,,,0.0
2026-01-10 17:00:00,6.235e-05,,,,,,,,,0.0
2026-01-10 18:00:00,6.235e-05,,,,,,,,,0.0
2026-01-10 19:00:00,6.235e-05,,,,,,,,,0.0
2026-01-10 20:00:00,6.235e-05,,,,,,,,,0.0
2026-01-10 21:00:00,6.235e-05,,,,,,,,,0.0
2026-01-10 22:00:00,6.235e-05,,,,,,,,,0.0
2026-01-10 23:00:00,6.235e-05,,,,,,,,,0.0
2026-01-11 00:00:00,6.235e-05,,,,,,,,,0.0
2026-01-11 01:00:00,8.744e-05,,,,,,,,,0.0
2026-01-11 02:00:00,8.744e-05,,,,,,,,,0.0
2026-01-11 03:00:00,8.744e-05,,,,,,,,,0.0
2026-01-11 04:00:00,8.744e-05,,,,,,,,,0.0
2026-01-11 05:00:00,8.744e-05,,,,,,,,,0.0
2026-01-11 06:00:00,8.744e-05,,,,,,,,,0.0
2026-01-11 07:00:00,8.744e-05,,,,,,,,,0.0
2026-01-11 08:00:00,8.744e-05,,,,,,,,,0.0
2026-01-11 09:00:00,4.67e-05,,,,,,,,,0.0
2026-01-11 10:00:00,4.67e-05,,,,,,,,,0.0
2026-01-11 11:00:00,4.67e-05,,,,,,,,,0.0
2026-01-11 12:00:00,4.67e-05,,,,,,,,,0.0
2026-01-11 13:00:00,4.67e-05,,,,,,,,,0.0
2026-01-11 14:00:00,4.67e-05,,,,,,,,,0.0
2026-01-11 15:00:00,4.67e-05,,,,,,,,,0.0
2026-01-11 16:00:00,1.667e-05,,,,,,,,,0.0
2026-01-11 17:00:00,1.667e-05,,,,,,,,,0.0
2026-01-11 18:00:00,1.667e-05,,,,,,,,,0.0
2026-01-11 19:00:00,1.667e-05,,,,,,,,,0.0
2026-01-11 20:00:00,1.667e-05,,,,,,,,,0.0
2026-01-11 21:00:00,1.667e-05,,,,,,,,,0.0
2026-01-11 22:00:00,1.667e-05,,,,,,,,,0.0
2026-01-11 23:00:00,1.667e-05,,,,,,,,,0.0
2026-01-12 00:00:00,1.667e-05,,,,,,,,,0.0
2026-01-12 01:00:00,1.813e-05,,,,,,,,,0.0
2026-01-12 02:00:00,1.813e-05,,,,,,,,,0.0
2026-01-12 03:00:00,1.813e-05,,,,,,,,,0.0
2026-01-12 04:00:00,1.813e-05,,,,,,,,,0.0
2026-01-12 05:00:00,1.813e-05,,,,,,,,,0.0
2026-01-12 06:00:00,1.813e-05,,,,,,,,,0.0
2026-01-12 07:00:00,1.813e-05,,,,,,,,,0.0
2026-01-12 08:00:00,2.902e-05,,,,,,,,,0.0
2026-01-12 09:00:00,2.902e-05,,,,,,,,,0.0
2026-01-12 10:00:00,2.902e-05,,,,,,,,,0.0
2026-01-12 11:00:00,2.902e-05,,,,,,,,,0.0
2026-01-12 12:00:00,2.902e-05,,,,,,,,,0.0
2026-01-12 13:00:00,2.902e-05,,,,,,,,,0.0
2026-01-12 14:00:00,2.902e-05,,,,,,,,,0.0
2026-01-12 15:00:00,2.902e-05,,,,,,,,,0.0
2026-01-12 16:00:00,4.65e-05,,,,,,,,,0.0
2026-01-12 17:00:00,4.65e-05,,,,,,,,,0.0
2026-01-12 18:00:00,4.65e-05,,,,,,,,,0.0
2026-01-12 19:00:00,4.65e-05,,,,,,,,,0.0
2026-01-12 20:00:00,4.65e-05,,,,,,,,,0.0
2026-01-12 21:00:00,4.65e-05,,,,,,,,,0.0
2026-01-12 22:00:00,4.65e-05,,,,,,,,,0.0
2026-01-12 23:00:00,4.65e-05,,,,,,,,,0.0
2026-01-13 00:00:00,4.65e-05,,,,,,,,,0.0
2026-01-13 01:00:00,2.245e-05,,,,,,,,,0.0
2026-01-13 02:00:00,2.245e-05,,,,,,,,,0.0
2026-01-13 03:00:00,2.245e-05,,,,,,,,,0.0
2026-01-13 04:00:00,2.245e-05,,,,,,,,,0.0
2026-01-13 05:00:00,2.245e-05,,,,,,,,,0.0
2026-01-13 06:00:00,2.245e-05,,,,,,,,,0.0
2026-01-13 07:00:00,2.245e-05,,,,,,,,,0.0
2026-01-13 08:00:00,2.245e-05,,,,,,,,,0.0
2026-01-13 09:00:00,9.838e-05,,,,,,,,,0.0
2026-01-13 10:00:00,9.838e-05,,,,,,,,,0.0
2026-01-13 11:00:00,9.838e-05,,,,,,,,,0.0
2026-01-13 12:00:00,9.838e-05,,,,,,,,,0.0
2026-01-13 13:00:00,9.838e-05,,,,,,,,,0.0
2026-01-13 14:00:00,9.838e-05,,,,,,,,,0.0
2026-01-13 15:00:00,9.838e-05,,,,,,,,,0.0
2026-01-13 16:00:00,9.838e-05,,,,,,,,,0.0
2026-01-13 17:00:00,3.445e-05,,,,,,,,,0.0
2026-01-13 18:00:00,3.445e-05,,,,,,,,,0.0
2026-01-13 19:00:00,3.445e-05,,,,,,,,,0.0
2026-01-13 20:00:00,3.445e-05,,,,,,,,,0.0
2026-01-13 21:00:00,3.445e-05,,,,,,,,,0.0
2026-01-13 22:00:00,3.445e-05,,,,,,,,,0.0
2026-01-13 23:00:00,3.445e-05,,,,,,,,,0.0
2026-01-14 00:00:00,1.29e-06,,,,,,,,,0.0
2026-01-14 01:00:00,1.29e-06,,,,,,,,,0.0
2026-01-14 02:00:00,1.29e-06,,,,,,,,,0.0
2026-01-14 03:00:00,1.29e-06,,,,,,,,,0.0
2026-01-14 04:00:00,1.29e-06,,,,,,,,,0.0
2026-01-14 05:00:00,1.29e-06,,,,,,,,,0.0
2026-01-14 06:00:00,1.29e-06,,,,,,,,,0.0
2026-01-14 07:00:00,1.29e-06,,,,,,,,,0.0
2026-01-14 08:00:00,1.29e-06,,,,,,,,,0.0
2026-01-14 09:00:00,2.497e-05,,,,,,,,,0.0
2026-01-14 10:00:00,2.497e-05,,,,,,,,,0.0
2026-01-14 11:00:00,2.497e-05,,,,,,,,,0.0
2026-01-14 12:00:00,2.497e-05,,,,,,,,,0.0
2026-01-14 13:00:00,2.497e-05,,,,,,,,,0.0
2026-01-14 14:00:00,2.497e-05,,,,,,,,,0.0
2026-01-14 15:00:00,2.497e-05,,,,,,,,,0.0
2026-01-14 16:00:00,2.497e-05,,,,,,,,,0.0
2026-01-14 17:00:00,4.076e-05,,,,,,,,,0.0
2026-01-14 18:00:00,4.076e-05,,,,,,,,,0.0
2026-01-14 19:00:00,4.076e-05,,,,,,,,,0.0
2026-01-14 20:00:00,4.076e-05,,,,,,,,,0.0
2026-01-14 21:00:00,4.076e-05,,,,,,,,,0.0
2026-01-14 22:00:00,4.076e-05,,,,,,,,,0.0
2026-01-14 23:00:00,4.076e-05,,,,,,,,,0.0
2026-01-15 00:00:00,-3.67e-06,,,,,,,,,0.0
2026-01-15 01:00:00,-3.67e-06,,,,,,,,,0.0
2026-01-15 02:00:00,-3.67e-06,,,,,,,,,0.0
2026-01-15 03:00:00,-3.67e-06,,,,,,,,,0.0
2026-01-15 04:00:00,-3.67e-06,,,,,,,,,0.0
2026-01-15 05:00:00,-3.67e-06,,,,,,,,,0.0
2026-01-15 06:00:00,-3.67e-06,,,,,,,,,0.0
2026-01-15 07:00:00,-3.67e-06,,,,,,,,,0.0
2026-01-15 08:00:00,-3.67e-06,,,,,,,,,0.0
2026-01-15 09:00:00,1.749e-05,,,,,,,,,0.0
2026-01-15 10:00:00,1.749e-05,,,,,,,,,0.0
2026-01-15 11:00:00,1.749e-05,,,,,,,,,0.0
2026-01-15 12:00:00,1.749e-05,,,,,,,,,0.0
2026-01-15 13:00:00,1.749e-05,,,,,,,,,0.0
2026-01-15 14:00:00,1.749e-05,,,,,,,,,0.0
2026-01-15 15:00:00,1.749e-05,,,,,,,,,0.0
2026-01-15 16:00:00,1.749e-05,,,,,,,,,0.0
2026-01-15 17:00:00,1.526e-05,,,,,,,,,0.0
2026-01-15 18:00:00,1.526e-05,,,,,,,,,0.0
2026-01-15 19:00:00,1.526e-05,,,,,,,,,0.0
2026-01-15 20:00:00,1.526e-05,,,,,,,,,0.0
2026-01-15 21:00:00,1.526e-05,,,,,,,,,0.0
2026-01-15 22:00:00,1.526e-05,,,,,,,,,0.0
2026-01-15 23:00:00,1.526e-05,,,,,,,,,0.0
2026-01-16 00:00:00,7.34e-05,,,,,,,,,0.0
2026-01-16 01:00:00,7.34e-05,,,,,,,,,0.0
2026-01-16 02:00:00,7.34e-05,,,,,,,,,0.0
2026-01-16 03:00:00,7.34e-05,,,,,,,,,0.0
2026-01-16 04:00:00,7.34e-05,,,,,,,,,0.0
2026-01-16 05:00:00,7.34e-05,,,,,,,,,0.0
2026-01-16 06:00:00,7.34e-05,,,,,,,,,0.0
2026-01-16 07:00:00,7.34e-05,,,,,,,,,0.0
2026-01-16 08:00:00,7.337e-05,,,,,,,,,0.0
2026-01-16 09:00:00,7.337e-05,,,,,,,,,0.0
2026-01-16 10:00:00,7.337e-05,,,,,,,,,0.0
2026-01-16 11:00:00,7.337e-05,,,,,,,,,0.0
2026-01-16 12:00:00,7.337e-05,,,,,,,,,0.0
2026-01-16 13:00:00,7.337e-05,,,,,,,,,0.0
2026-01-16 14:00:00,7.337e-05,,,,,,,,,0.0
2026-01-16 15:00:00,7.337e-05,,,,,,,,,0.0
2026-01-16 16:00:00,7.337e-05,,,,,,,,,0.0
2026-01-16 17:00:00,2.495e-05,,,,,,,,,0.0
2026-01-16 18:00:00,2.495e-05,,,,,,,,,0.0
2026-01-16 19:00:00,2.495e-05,,,,,,,,,0.0
2026-01-16 20:00:00,2.495e-05,,,,,,,,,0.0
2026-01-16 21:00:00,2.495e-05,,,,,,,,,0.0
2026-01-16 22:00:00,2.495e-05,,,,,,,,,0.0
2026-01-16 23:00:00,2.495e-05,,,,,,,,,0.0
2026-01-17 00:00:00,-1.78e-06,,,,,,,,,0.0
2026-01-17 01:00:00,-1.78e-06,,,,,,,,,0.0
2026-01-17 02:00:00,-1.78e-06,,,,,,,,,0.0
2026-01-17 03:00:00,-1.78e-06,,,,,,,,,0.0
2026-01-17 04:00:00,-1.78e-06,,,,,,,,,0.0
2026-01-17 05:00:00,-1.78e-06,,,,,,,,,0.0
2026-01-17 06:00:00,-1.78e-06,,,,,,,,,0.0
2026-01-17 07:00:00,-1.78e-06,,,,,,,,,0.0
2026-01-17 08:00:00,3.007e-05,,,,,,,,,0.0
2026-01-17 09:00:00,3.007e-05,,,,,,,,,0.0
2026-01-17 10:00:00,3.007e-05,,,,,,,,,0.0
2026-01-17 11:00:00,3.007e-05,,,,,,,,,0.0
2026-01-17 12:00:00,3.007e-05,,,,,,,,,0.0
2026-01-17 13:00:00,3.007e-05,,,,,,,,,0.0
2026-01-17 14:00:00,3.007e-05,,,,,,,,,0.0
2026-01-17 15:00:00,3.007e-05,,,,,,,,,0.0
2026-01-17 16:00:00,3.007e-05,,,,,,,,,0.0
2026-01-17 17:00:00,2.976e-05,,,,,,,,,0.0
2026-01-17 18:00:00,2.976e-05,,,,,,,,,0.0
2026-01-17 19:00:00,2.976e-05,,,,,,,,,0.0
2026-01-17 20:00:00,2.976e-05,,,,,,,,,0.0
2026-01-17 21:00:00,2.976e-05,,,,,,,,,0.0
2026-01-17 22:00:00,2.976e-05,,,,,,,,,0.0
2026-01-17 23:00:00,2.976e-05,,,,,,,,,0.0
2026-01-18 00:00:00,2.976e-05,,,,,,,,,0.0
2026-01-18 01:00:00,3.503e-05,,,,,,,,,0.0
2026-01-18 02:00:00,3.503e-05,,,,,,,,,0.0
2026-01-18 03:00:00,3.503e-05,,,,,,,,,0.0
2026-01-18 04:00:00,3.503e-05,,,,,,,,,0.0
2026-01-18 05:00:00,3.503e-05,,,,,,,,,0.0
2026-01-18 06:00:00,3.503e-05,,,,,,,,,0.0
2026-01-18 07:00:00,3.503e-05,,,,,,,,,0.0
2026-01-18 08:00:00,9.616e-05,,,,,,,,,0.0
2026-01-18 09:00:00,9.616e-05,,,,,,,,,0.0
2026-01-18 10:00:00,9.616e-05,,,,,,,,,0.0
2026-01-18 11:00:00,9.616e-05,,,,,,,,,0.0
2026-01-18 12:00:00,9.616e-05,,,,,,,,,0.0
2026-01-18 13:00:00,9.616e-05,,,,,,,,,0.0
2026-01-18 14:00:00,9.616e-05,,,,,,,,,0.0
2026-01-18 15:00:00,9.616e-05,,,,,,,,,0.0
2026-01-18 16:00:00,6.571e-05,,,,,,,,,0.0
2026-01-18 17:00:00,6.571e-05,,,,,,,,,0.0
2026-01-18 18:00:00,6.571e-05,,,,,,,,,0.0
2026-01-18 19:00:00,6.571e-05,,,,,,,,,0.0
2026-01-18 20:00:00,6.571e-05,,,,,,,,,0.0
2026-01-18 21:00:00,6.571e-05,,,,,,,,,0.0
2026-01-18 22:00:00,6.571e-05,,,,,,,,,0.0
2026-01-18 23:00:00,6.571e-05,,,,,,,,,0.0
2026-01-19 00:00:00,6.571e-05,,,,,,,,,0.0
2026-01-19 01:00:00,3.473e-05,,,,,,,,,0.0
2026-01-19 02:00:00,3.473e-05,,,,,,,,,0.0
2026-01-19 03:00:00,3.473e-05,,,,,,,,,0.0
2026-01-19 04:00:00,3.473e-05,,,,,,,,,0.0
2026-01-19 05:00:00,3.473e-05,,,,,,,,,0.0
2026-01-19 06:00:00,3.473e-05,,,,,,,,,0.0
2026-01-19 07:00:00,3.473e-05,,,,,,,,,0.0
2026-01-19 08:00:00,3.473e-05,,,,,,,,,0.0
2026-01-19 09:00:00,1.943e-05,,,,,,,,,0.0
2026-01-19 10:00:00,1.943e-05,,,,,,,,,0.0
2026-01-19 11:00:00,1.943e-05,,,,,,,,,0.0
2026-01-19 12:00:00,1.943e-05,,,,,,,,,0.0
2026-01-19 13:00:00,1.943e-05,,,,,,,,,0.0
2026-01-19 14:00:00,1.943e-05,,,,,,,,,0.0
2026-01-19 15:00:00,1.943e-05,,,,,,,,,0.0
2026-01-19 16:00:00,1.943e-05,,,,,,,,,0.0
2026-01-19 17:00:00,2.494e-05,,,,,,,,,0.0
2026-01-19 18:00:00,2.494e-05,,,,,,,,,0.0
2026-01-19 19:00:00,2.494e-05,,,,,,,,,0.0
2026-01-19 20:00:00,2.494e-05,,,,,,,,,0.0
2026-01-19 21:00:00,2.494e-05,,,,,,,,,0.0
2026-01-19 22:00:00,2.494e-05,,,,,,,,,0.0
2026-01-19 23:00:00,2.494e-05,,,,,,,,,0.0
2026-01-20 00:00:00,2.494e-05,,,,,,,,,0.0
2026-01-20 01:00:00,9.819e-05,,,,,,,,,0.0
2026-01-20 02:00:00,9.819e-05,,,,,,,,,0.0
2026-01-20 03:00:00,9.819e-05,,,,,,,,,0.0
2026-01-20 04:00:00,9.819e-05,,,,,,,,,0.0
2026-01-20 05:00:00,9.819e-05,,,,,,,,,0.0
2026-01-20 06:00:00,9.819e-05,,,,,,,,,0.0
2026-01-20 07:00:00,9.819e-05,,,,,,,,,0.0
2026-01-20 08:00:00,9.819e-05,,,,,,,,,0.0
2026-01-20 09:00:00,6.626e-05,,,,,,,,,0.0
2026-01-20 10:00:00,6.626e-05,,,,,,,,,0.0
2026-01-20 11:00:00,6.626e-05,,,,,,,,,0.0
2026-01-20 12:00:00,6.626e-05,,,,,,,,,0.0
2026-01-20 13:00:00,6.626e-05,,,,,,,,,0.0
2026-01-20 14:00:00,6.626e-05,,,,,,,,,0.0
2026-01-20 15:00:00,6.626e-05,,,,,,,,,0.0
2026-01-20 16:00:00,6.626e-05,,,,,,,,,0.0
2026-01-20 17:00:00,5.652e-05,,,,,,,,,0.0
2026-01-20 18:00:00,5.652e-05,,,,,,,,,0.0
2026-01-20 19:00:00,5.652e-05,,,,,,,,,0.0
2026-01-20 20:00:00,5.652e-05,,,,,,,,,0.0
2026-01-20 21:00:00,5.652e-05,,,,,,,,,0.0
2026-01-20 22:00:00,5.652e-05,,,,,,,,,0.0
2026-01-20 23:00:00,5.652e-05,,,,,,,,,0.0
2026-01-21 00:00:00,5.652e-05,,,,,,,,,0.0
2026-01-21 01:00:00,0.0001,,,,,,,,,0.0
2026-01-21 02:00:00,0.0001,,,,,,,,,0.0
2026-01-21 03:00:00,0.0001,,,,,,,,,0.0
2026-01-21 04:00:00,0.0001,,,,,,,,,0.0
2026-01-21 05:00:00,0.0001,,,,,,,,,0.0
2026-01-21 06:00:00,0.0001,,,,,,,,,0.0
2026-01-21 07:00:00,0.0001,,,,,,,,,0.0
2026-01-21 08:00:00,0.0001,,,,,,,,,0.0
2026-01-21 09:00:00,6.055e-05,,,,,,,,,0.0
2026-01-21 10:00:00,6.055e-05,,,,,,,,,0.0
2026-01-21 11:00:00,6.055e-05,,,,,,,,,0.0
2026-01-21 12:00:00,6.055e-05,,,,,,,,,0.0
2026-01-21 13:00:00,6.055e-05,,,,,,,,,0.0
2026-01-21 14:00:00,6.055e-05,,,,,,,,,0.0
2026-01-21 15:00:00,6.055e-05,,,,,,,,,0.0
2026-01-21 16:00:00,6.055e-05,,,,,,,,,0.0
2026-01-21 17:00:00,2.41e-05,,,,,,,,,0.0
2026-01-21 18:00:00,2.41e-05,,,,,,,,,0.0
2026-01-21 19:00:00,2.41e-05,,,,,,,,,0.0
2026-01-21 20:00:00,2.41e-05,,,,,,,,,0.0
2026-01-21 21:00:00,2.41e-05,,,,,,,,,0.0
2026-01-21 22:00:00,2.41e-05,,,,,,,,,0.0
2026-01-21 23:00:00,2.41e-05,,,,,,,,,0.0
2026-01-22 00:00:00,2.41e-05,,,,,,,,,0.0
2026-01-22 01:00:00,6.355e-05,,,,,,,,,0.0
2026-01-22 02:00:00,6.355e-05,,,,,,,,,0.0
2026-01-22 03:00:00,6.355e-05,,,,,,,,,0.0
2026-01-22 04:00:00,6.355e-05,,,,,,,,,0.0
2026-01-22 05:00:00,6.355e-05,,,,,,,,,0.0
2026-01-22 06:00:00,6.355e-05,,,,,,,,,0.0
2026-01-22 07:00:00,6.355e-05,,,,,,,,,0.0
2026-01-22 08:00:00,6.355e-05,,,,,,,,,0.0
2026-01-22 09:00:00,5.11e-05,,,,,,,,,0.0
2026-01-22 10:00:00,5.11e-05,,,,,,,,,0.0
2026-01-22 11:00:00,5.11e-05,,,,,,,,,0.0
2026-01-22 12:00:00,5.11e-05,,,,,,,,,0.0
2026-01-22 13:00:00,5.11e-05,,,,,,,,,0.0
2026-01-22 14:00:00,5.11e-05,,,,,,,,,0.0
2026-01-22 15:00:00,5.11e-05,,,,,,,,,0.0
2026-01-22 16:00:00,5.11e-05,,,,,,,,,0.0
2026-01-22 17:00:00,9.419e-05,,,,,,,,,0.0
2026-01-22 18:00:00,9.419e-05,,,,,,,,,0.0
2026-01-22 19:00:00,9.419e-05,,,,,,,,,0.0
2026-01-22 20:00:00,9.419e-05,,,,,,,,,0.0
2026-01-22 21:00:00,9.419e-05,,,,,,,,,0.0
2026-01-22 22:00:00,9.419e-05,,,,,,,,,0.0
2026-01-22 23:00:00,9.419e-05,,,,,,,,,0.0
2026-01-23 00:00:00,9.419e-05,,,,,,,,,0.0
2026-01-23 01:00:00,5.09e-05,,,,,,,,,0.0
2026-01-23 02:00:00,5.09e-05,,,,,,,,,0.0
2026-01-23 03:00:00,5.09e-05,,,,,,,,,0.0
2026-01-23 04:00:00,5.09e-05,,,,,,,,,0.0
2026-01-23 05:00:00,5.09e-05,,,,,,,,,0.0
2026-01-23 06:00:00,5.09e-05,,,,,,,,,0.0
2026-01-23 07:00:00,5.09e-05,,,,,,,,,0.0
2026-01-23 08:00:00,3.39e-05,,,,,,,,,0.0
2026-01-23 09:00:00,3.39e-05,,,,,,,,,0.0
2026-01-23 10:00:00,3.39e-05,,,,,,,,,0.0
2026-01-23 11:00:00,3.39e-05,,,,,,,,,0.0
2026-01-23 12:00:00,3.39e-05,,,,,,,,,0.0
2026-01-23 13:00:00,3.39e-05,,,,,,,,,0.0
2026-01-23 14:00:00,3.39e-05,,,,,,,,,0.0
2026-01-23 15:00:00,3.39e-05,,,,,,,,,0.0
2026-01-23 16:00:00,3.39e-05,,,,,,,,,0.0
2026-01-23 17:00:00,6.968e-05,,,,,,,,,0.0
2026-01-23 18:00:00,6.968e-05,,,,,,,,,0.0
2026-01-23 19:00:00,6.968e-05,,,,,,,,,0.0
2026-01-23 20:00:00,6.968e-05,,,,,,,,,0.0
2026-01-23 21:00:00,6.968e-05,,,,,,,,,0.0
2026-01-23 22:00:00,6.968e-05,,,,,,,,,0.0
2026-01-23 23:00:00,6.968e-05,,,,,,,,,0.0
2026-01-24 00:00:00,6.968e-05,,,,,,,,,0.0
2026-01-24 01:00:00,1.531e-05,,,,,,,,,0.0
2026-01-24 02:00:00,1.531e-05,,,,,,,,,0.0
2026-01-24 03:00:00,1.531e-05,,,,,,,,,0.0
2026-01-24 04:00:00,1.531e-05,,,,,,,,,0.0
2026-01-24 05:00:00,1.531e-05,,,,,,,,,0.0
2026-01-24 06:00:00,1.531e-05,,,,,,,,,0.0
2026-01-24 07:00:00,1.531e-05,,,,,,,,,0.0
2026-01-24 08:00:00,1.531e-05,,,,,,,,,0.0
2026-01-24 09:00:00,8.909e-05,,,,,,,,,0.0
2026-01-24 10:00:00,8.909e-05,,,,,,,,,0.0
2026-01-24 11:00:00,8.909e-05,,,,,,,,,0.0
2026-01-24 12:00:00,8.909e-05,,,,,,,,,0.0
2026-01-24 13:00:00,8.909e-05,,,,,,,,,0.0
2026-01-24 14:00:00,8.909e-05,,,,,,,,,0.0
2026-01-24 15:00:00,8.909e-05,,,,,,,,,0.0
2026-01-24 16:00:00,8.909e-05,,,,,,,,,0.0
2026-01-24 17:00:00,3.901e-05,,,,,,,,,0.0
2026-01-24 18:00:00,3.901e-05,,,,,,,,,0.0
2026-01-24 19:00:00,3.901e-05,,,,,,,,,0.0
2026-01-24 20:00:00,3.901e-05,,,,,,,,,0.0
2026-01-24 21:00:00,3.901e-05,,,,,,,,,0.0
2026-01-24 22:00:00,3.901e-05,,,,,,,,,0.0
2026-01-24 23:00:00,3.901e-05,,,,,,,,,0.0
2026-01-25 00:00:00,3.901e-05,,,,,,,,,0.0
2026-01-25 01:00:00,1.336e-05,,,,,,,,,0.0
2026-01-25 02:00:00,1.336e-05,,,,,,,,,0.0
2026-01-25 03:00:00,1.336e-05,,,,,,,,,0.0
2026-01-25 04:00:00,1.336e-05,,,,,,,,,0.0
2026-01-25 05:00:00,1.336e-05,,,,,,,,,0.0
2026-01-25 06:00:00,1.336e-05,,,,,,,,,0.0
2026-01-25 07:00:00,1.336e-05,,,,,,,,,0.0
2026-01-25 08:00:00,1.336e-05,,,,,,,,,0.0
2026-01-25 09:00:00,8.051e-05,,,,,,,,,0.0
2026-01-25 10:00:00,8.051e-05,,,,,,,,,0.0
2026-01-25 11:00:00,8.051e-05,,,,,,,,,0.0
2026-01-25 12:00:00,8.051e-05,,,,,,,,,0.0
2026-01-25 13:00:00,8.051e-05,,,,,,,,,0.0
2026-01-25 14:00:00,8.051e-05,,,,,,,,,0.0
2026-01-25 15:00:00,8.051e-05,,,,,,,,,0.0
2026-01-25 16:00:00,8.051e-05,,,,,,,,,0.0
2026-01-25 17:00:00,4.917e-05,,,,,,,,,0.0
2026-01-25 18:00:00,4.917e-05,,,,,,,,,0.0
2026-01-25 19:00:00,4.917e-05,,,,,,,,,0.0
2026-01-25 20:00:00,4.917e-05,,,,,,,,,0.0
2026-01-25 21:00:00,4.917e-05,,,,,,,,,0.0
2026-01-25 22:00:00,4.917e-05,,,,,,,,,0.0
2026-01-25 23:00:00,4.917e-05,,,,,,,,,0.0
2026-01-26 00:00:00,4.067e-05,,,,,,,,,0.0
2026-01-26 01:00:00,4.067e-05,,,,,,,,,0.0
2026-01-26 02:00:00,4.067e-05,,,,,,,,,0.0
2026-01-26 03:00:00,4.067e-05,,,,,,,,,0.0
2026-01-26 04:00:00,4.067e-05,,,,,,,,,0.0
2026-01-26 05:00:00,4.067e-05,,,,,,,,,0.0
2026-01-26 06:00:00,4.067e-05,,,,,,,,,0.0
2026-01-26 07:00:00,4.067e-05,,,,,,,,,0.0
2026-01-26 08:00:00,4.067e-05,,,,,,,,,0.0
2026-01-26 09:00:00,2.847e-05,,,,,,,,,0.0
2026-01-26 10:00:00,2.847e-05,,,,,,,,,0.0
2026-01-26 11:00:00,2.847e-05,,,,,,,,,0.0
2026-01-26 12:00:00,2.847e-05,,,,,,,,,0.0
2026-01-26 13:00:00,2.847e-05,,,,,,,,,0.0
2026-01-26 14:00:00,2.847e-05,,,,,,,,,0.0
2026-01-26 15:00:00,2.847e-05,,,,,,,,,0.0
2026-01-26 16:00:00,5.606e-05,,,,,,,,,0.0
2026-01-26 17:00:00,5.606e-05,,,,,,,,,0.0
2026-01-26 18:00:00,5.606e-05,,,,,,,,,0.0
2026-01-26 19:00:00,5.606e-05,,,,,,,,,0.0
2026-01-26 20:00:00,5.606e-05,,,,,,,,,0.0
2026-01-26 21:00:00,5.606e-05,,,,,,,,,0.0
2026-01-26 22:00:00,5.606e-05,,,,,,,,,0.0
2026-01-26 23:00:00,5.606e-05,,,,,,,,,0.0
2026-01-27 00:00:00,5.606e-05,,,,,,,,,0.0
2026-01-27 01:00:00,4.267e-05,,,,,,,,,0.0
2026-01-27 02:00:00,4.267e-05,,,,,,,,,0.0
2026-01-27 03:00:00,4.267e-05,,,,,,,,,0.0
2026-01-27 04:00:00,4.267e-05,,,,,,,,,0.0
2026-01-27 05:00:00,4.267e-05,,,,,,,,,0.0
2026-01-27 06:00:00,4.267e-05,,,,,,,,,0.0
2026-01-27 07:00:00,4.267e-05,,,,,,,,,0.0
2026-01-27 08:00:00,6.028e-05,,,,,,,,,0.0
2026-01-27 09:00:00,6.028e-05,,,,,,,,,0.0
2026-01-27 10:00:00,6.028e-05,,,,,,,,,0.0
2026-01-27 11:00:00,6.028e-05,,,,,,,,,0.0
2026-01-27 12:00:00,6.028e-05,,,,,,,,,0.0
2026-01-27 13:00:00,6.028e-05,,,,,,,,,0.0
2026-01-27 14:00:00,6.028e-05,,,,,,,,,0.0
2026-01-27 15:00:00,6.028e-05,,,,,,,,,0.0
2026-01-27 16:00:00,7.503e-05,,,,,,,,,0.0
2026-01-27 17:00:00,7.503e-05,,,,,,,,,0.0
2026-01-27 18:00:00,7.503e-05,,,,,,,,,0.0
2026-01-27 19:00:00,7.503e-05,,,,,,,,,0.0
2026-01-27 20:00:00,7.503e-05,,,,,,,,,0.0
2026-01-27 21:00:00,7.503e-05,,,,,,,,,0.0
2026-01-27 22:00:00,7.503e-05,,,,,,,,,0.0
2026-01-27 23:00:00,7.503e-05,,,,,,,,,0.0
2026-01-28 00:00:00,6.237e-05,,,,,,,,,0.0
2026-01-28 01:00:00,6.237e-05,,,,,,,,,0.0
2026-01-28 02:00:00,6.237e-05,,,,,,,,,0.0
2026-01-28 03:00:00,6.237e-05,,,,,,,,,0.0
2026-01-28 04:00:00,6.237e-05,,,,,,,,,0.0
2026-01-28 05:00:00,6.237e-05,,,,,,,,,0.0
2026-01-28 06:00:00,6.237e-05,,,,,,,,,0.0
2026-01-28 07:00:00,6.237e-05,,,,,,,,,0.0
2026-01-28 08:00:00,6.174e-05,,,,,,,,,0.0
2026-01-28 09:00:00,6.174e-05,,,,,,,,,0.0
2026-01-28 10:00:00,6.174e-05,,,,,,,,,0.0
2026-01-28 11:00:00,6.174e-05,,,,,,,,,0.0
2026-01-28 12:00:00,6.174e-05,,,,,,,,,0.0
2026-01-28 13:00:00,6.174e-05,,,,,,,,,0.0
2026-01-28 14:00:00,6.174e-05,,,,,,,,,0.0
2026-01-28 15:00:00,6.174e-05,,,,,,,,,0.0
2026-01-28 16:00:00,3.83e-05,,,,,,,,,0.0
2026-01-28 17:00:00,3.83e-05,,,,,,,,,0.0
2026-01-28 18:00:00,3.83e-05,,,,,,,,,0.0
2026-01-28 19:00:00,3.83e-05,,,,,,,,,0.0
2026-01-28 20:00:00,3.83e-05,,,,,,,,,0.0
2026-01-28 21:00:00,3.83e-05,,,,,,,,,0.0
2026-01-28 22:00:00,3.83e-05,,,,,,,,,0.0
2026-01-28 23:00:00,3.83e-05,,,,,,,,,0.0
2026-01-29 00:00:00,7.21e-05,,,,,,,,,0.0
2026-01-29 01:00:00,7.21e-05,,,,,,,,,0.0
2026-01-29 02:00:00,7.21e-05,,,,,,,,,0.0
2026-01-29 03:00:00,7.21e-05,,,,,,,,,0.0
2026-01-29 04:00:00,7.21e-05,,,,,,,,,0.0
2026-01-29 05:00:00,7.21e-05,,,,,,,,,0.0
2026-01-29 06:00:00,7.21e-05,,,,,,,,,0.0
2026-01-29 07:00:00,7.21e-05,,,,,,,,,0.0
2026-01-29 08:00:00,7.21e-05,,,,,,,,,0.0
2026-01-29 09:00:00,5.856e-05,,,,,,,,,0.0
2026-01-29 10:00:00,5.856e-05,,,,,,,,,0.0
2026-01-29 11:00:00,5.856e-05,,,,,,,,,0.0
2026-01-29 12:00:00,5.856e-05,,,,,,,,,0.0
2026-01-29 13:00:00,5.856e-05,,,,,,,,,0.0
2026-01-29 14:00:00,5.856e-05,,,,,,,,,0.0
2026-01-29 15:00:00,5.856e-05,,,,,,,,,0.0
2026-01-29 16:00:00,4.023e-05,,,,,,,,,0.0
2026-01-29 17:00:00,4.023e-05,,,,,,,,,0.0
2026-01-29 18:00:00,4.023e-05,,,,,,,,,0.0
2026-01-29 19:00:00,4.023e-05,,,,,,,,,0.0
2026-01-29 20:00:00,4.023e-05,,,,,,,,,0.0
2026-01-29 21:00:00,4.023e-05,,,,,,,,,0.0
2026-01-29 22:00:00,4.023e-05,,,,,,,,,0.0
2026-01-29 23:00:00,4.023e-05,,,,,,,,,0.0
2026-01-30 00:00:00,4.023e-05,,,,,,,,,0.0
2026-01-30 01:00:00,4.478e-05,,,,,,,,,0.0
2026-01-30 02:00:00,4.478e-05,,,,,,,,,0.0
2026-01-30 03:00:00,4.478e-05,,,,,,,,,0.0
2026-01-30 04:00:00,4.478e-05,,,,,,,,,0.0
2026-01-30 05:00:00,4.478e-05,,,,,,,,,0.0
2026-01-30 06:00:00,4.478e-05,,,,,,,,,0.0
2026-01-30 07:00:00,4.478e-05,,,,,,,,,0.0
2026-01-30 08:00:00,1.714e-05,,,,,,,,,0.0
2026-01-30 09:00:00,1.714e-05,,,,,,,,,0.0
2026-01-30 10:00:00,1.714e-05,,,,,,,,,0.0
2026-01-30 11:00:00,1.714e-05,,,,,,,,,0.0
2026-01-30 12:00:00,1.714e-05,,,,,,,,,0.0
2026-01-30 13:00:00,1.714e-05,,,,,,,,,0.0
2026-01-30 14:00:00,1.714e-05,,,,,,,,,0.0
2026-01-30 15:00:00,1.714e-05,,,,,,,,,0.0
2026-01-30 16:00:00,1.714e-05,,,,,,,,,0.0
2026-01-30 17:00:00,3.1e-06,,,,,,,,,0.0
2026-01-30 18:00:00,3.1e-06,,,,,,,,,0.0
2026-01-30 19:00:00,3.1e-06,,,,,,,,,0.0
2026-01-30 20:00:00,3.1e-06,,,,,,,,,0.0
2026-01-30 21:00:00,3.1e-06,,,,,,,,,0.0
2026-01-30 22:00:00,3.1e-06,,,,,,,,,0.0
2026-01-30 23:00:00,3.1e-06,,,,,,,,,0.0
2026-01-31 00:00:00,9.693e-05,,,,,,,,,0.0
2026-01-31 01:00:00,9.693e-05,,,,,,,,,0.0
2026-01-31 02:00:00,9.693e-05,,,,,,,,,0.0
2026-01-31 03:00:00,9.693e-05,,,,,,,,,0.0
2026-01-31 04:00:00,9.693e-05,,,,,,,,,0.0
2026-01-31 05:00:00,9.693e-05,,,,,,,,,0.0
2026-01-31 06:00:00,9.693e-05,,,,,,,,,0.0
2026-01-31 07:00:00,9.693e-05,,,,,,,,,0.0
2026-01-31 08:00:00,9.693e-05,,,,,,,,,0.0
2026-01-31 09:00:00,3.548e-05,,,,,,,,,0.0
2026-01-31 10:00:00,3.548e-05,,,,,,,,,0.0
2026-01-31 11:00:00,3.548e-05,,,,,,,,,0.0
2026-01-31 12:00:00,3.548e-05,,,,,,,,,0.0
2026-01-31 13:00:00,3.548e-05,,,,,,,,,0.0
2026-01-31 14:00:00,3.548e-05,,,,,,,,,0.0
2026-01-31 15:00:00,3.548e-05,,,,,,,,,0.0
2026-01-31 16:00:00,3.548e-05,,,,,,,,,0.0
2026-01-31 17:00:00,6.585e-05,,,,,,,,,0.0
2026-01-31 18:00:00,6.585e-05,,,,,,,,,0.0
2026-01-31 19:00:00,6.585e-05,,,,,,,,,0.0
2026-01-31 20:00:00,6.585e-05,,,,,,,,,0.0
2026-01-31 21:00:00,6.585e-05,,,,,,,,,0.0
2026-01-31 22:00:00,6.585e-05,,,,,,,,,0.0
2026-01-31 23:00:00,6.585e-05,,,,,,,,,0.0
2026-02-01 00:00:00,6.585e-05,,,,,,,,,0.0
2026-02-01 01:00:00,-3.267e-05,,,,,,,,,0.0
2026-02-01 02:00:00,-3.267e-05,,,,,,,,,0.0
2026-02-01 03:00:00,-3.267e-05,,,,,,,,,0.0
2026-02-01 04:00:00,-3.267e-05,,,,,,,,,0.0
2026-02-01 05:00:00,-3.267e-05,,,,,,,,,0.0
2026-02-01 06:00:00,-3.267e-05,,,,,,,,,0.0
2026-02-01 07:00:00,-3.267e-05,,,,,,,,,0.0
2026-02-01 08:00:00,-3.267e-05,,,,,,,,,0.0
2026-02-01 09:00:00,3.421e-05,,,,,,,,,0.0
2026-02-01 10:00:00,3.421e-05,,,,,,,,,0.0
2026-02-01 11:00:00,3.421e-05,,,,,,,,,0.0
2026-02-01 12:00:00,3.421e-05,,,,,,,,,0.0
2026-02-01 13:00:00,3.421e-05,,,,,,,,,0.0
2026-02-01 14:00:00,3.421e-05,,,,,,,,,0.0
2026-02-01 15:00:00,3.421e-05,,,,,,,,,0.0
2026-02-01 16:00:00,1.722e-05,,,,,,,,,0.0
2026-02-01 17:00:00,1.722e-05,,,,,,,,,0.0
2026-02-01 18:00:00,1.722e-05,,,,,,,,,0.0
2026-02-01 19:00:00,1.722e-05,,,,,,,,,0.0
2026-02-01 20:00:00,1.722e-05,,,,,,,,,0.0
2026-02-01 21:00:00,1.722e-05,,,,,,,,,0.0
2026-02-01 22:00:00,1.722e-05,,,,,,,,,0.0
2026-02-01 23:00:00,1.722e-05,,,,,,,,,0.0
2026-02-02 00:00:00,6.8e-07,,,,,,,,,0.0
2026-02-02 01:00:00,6.8e-07,,,,,,,,,0.0
2026-02-02 02:00:00,6.8e-07,,,,,,,,,0.0
2026-02-02 03:00:00,6.8e-07,,,,,,,,,0.0
2026-02-02 04:00:00,6.8e-07,,,,,,,,,0.0
2026-02-02 05:00:00,6.8e-07,,,,,,,,,0.0
2026-02-02 06:00:00,6.8e-07,,,,,,,,,0.0
2026-02-02 07:00:00,6.8e-07,,,,,,,,,0.0
2026-02-02 08:00:00,6.8e-07,,,,,,,,,0.0
2026-02-02 09:00:00,-3.043e-05,,,,,,,,,0.0
2026-02-02 10:00:00,-3.043e-05,,,,,,,,,0.0
2026-02-02 11:00:00,-3.043e-05,,,,,,,,,0.0
2026-02-02 12:00:00,-3.043e-05,,,,,,,,,0.0
2026-02-02 13:00:00,-3.043e-05,,,,,,,,,0.0
2026-02-02 14:00:00,-3.043e-05,,,,,,,,,0.0
2026-02-02 15:00:00,-3.043e-05,,,,,,,,,0.0
2026-02-02 16:00:00,-5.713e-05,,,,,,,,,0.0
2026-02-02 17:00:00,-5.713e-05,,,,,,,,,0.0
2026-02-02 18:00:00,-5.713e-05,,,,,,,,,0.0
2026-02-02 19:00:00,-5.713e-05,,,,,,,,,0.0
2026-02-02 20:00:00,-5.713e-05,,,,,,,,,0.0
2026-02-02 21:00:00,-5.713e-05,,,,,,,,,0.0
2026-02-02 22:00:00,-5.713e-05,,,,,,,,,0.0
2026-02-02 23:00:00,-5.713e-05,,,,,,,,,0.0
2026-02-03 00:00:00,-2.203e-05,,,,,,,,,0.0
2026-02-03 01:00:00,-2.203e-05,,,,,,,,,0.0
2026-02-03 02:00:00,-2.203e-05,,,,,,,,,0.0
2026-02-03 03:00:00,-2.203e-05,,,,,,,,,0.0
2026-02-03 04:00:00,-2.203e-05,,,,,,,,,0.0
2026-02-03 05:00:00,-2.203e-05,,,,,,,,,0.0
2026-02-03 06:00:00,-2.203e-05,,,,,,,,,0.0
2026-02-03 07:00:00,-2.203e-05,,,,,,,,,0.0
2026-02-03 08:00:00,-2.203e-05,,,,,,,,,0.0
2026-02-03 09:00:00,2.245e-05,,,,,,,,,0.0
2026-02-03 10:00:00,2.245e-05,,,,,,,,,0.0
2026-02-03 11:00:00,2.245e-05,,,,,,,,,0.0
2026-02-03 12:00:00,2.245e-05,,,,,,,,,0.0
2026-02-03 13:00:00,2.245e-05,,,,,,,,,0.0
2026-02-03 14:00:00,2.245e-05,,,,,,,,,0.0
2026-02-03 15:00:00,2.245e-05,,,,,,,,,0.0
2026-02-03 16:00:00,-4.65e-06,,,,,,,,,0.0
2026-02-03 17:00:00,-4.65e-06,,,,,,,,,0.0
2026-02-03 18:00:00,-4.65e-06,,,,,,,,,0.0
2026-02-03 19:00:00,-4.65e-06,,,,,,,,,0.0
2026-02-03 20:00:00,-4.65e-06,,,,,,,,,0.0
2026-02-03 21:00:00,-4.65e-06,,,,,,,,,0.0
2026-02-03 22:00:00,-4.65e-06,,,,,,,,,0.0
2026-02-03 23:00:00,-4.65e-06,,,,,,,,,0.0
2026-02-04 00:00:00,-4.65e-06,,,,,,,,,0.0
2026-02-04 01:00:00,1.19e-06,,,,,,,,,0.0
2026-02-04 02:00:00,1.19e-06,,,,,,,,,0.0
2026-02-04 03:00:00,1.19e-06,,,,,,,,,0.0
2026-02-04 04:00:00,1.19e-06,,,,,,,,,0.0
2026-02-04 05:00:00,1.19e-06,,,,,,,,,0.0
2026-02-04 06:00:00,1.19e-06,,,,,,,,,0.0
2026-02-04 07:00:00,1.19e-06,,,,,,,,,0.0
2026-02-04 08:00:00,1.19e-06,,,,,,,,,0.0
2026-02-04 09:00:00,3.551e-05,,,,,,,,,0.0
2026-02-04 10:00:00,3.551e-05,,,,,,,,,0.0
2026-02-04 11:00:00,3.551e-05,,,,,,,,,0.0
2026-02-04 12:00:00,3.551e-05,,,,,,,,,0.0
2026-02-04 13:00:00,3.551e-05,,,,,,,,,0.0
2026-02-04 14:00:00,3.551e-05,,,,,,,,,0.0
2026-02-04 15:00:00,3.551e-05,,,,,,,,,0.0
2026-02-04 16:00:00,4.618e-05,,,,,,,,,0.0
2026-02-04 17:00:00,4.618e-05,,,,,,,,,0.0
2026-02-04 18:00:00,4.618e-05,,,,,,,,,0.0
2026-02-04 19:00:00,4.618e-05,,,,,,,,,0.0
2026-02-04 20:00:00,4.618e-05,,,,,,,,,0.0
2026-02-04 21:00:00,4.618e-05,,,,,,,,,0.0
2026-02-04 22:00:00,4.618e-05,,,,,,,,,0.0
2026-02-04 23:00:00,4.618e-05,,,,,,,,,0.0
2026-02-05 00:00:00,4.618e-05,,,,,,,,,0.0
2026-02-05 01:00:00,9.173e-05,,,,,,,,,0.0
2026-02-05 02:00:00,9.173e-05,,,,,,,,,0.0
2026-02-05 03:00:00,9.173e-05,,,,,,,,,0.0
2026-02-05 04:00:00,9.173e-05,,,,,,,,,0.0
2026-02-05 05:00:00,9.173e-05,,,,,,,,,0.0
2026-02-05 06:00:00,9.173e-05,,,,,,,,,0.0
2026-02-05 07:00:00,9.173e-05,,,,,,,,,0.0
2026-02-05 08:00:00,2.98e-06,,,,,,,,,0.0
2026-02-05 09:00:00,2.98e-06,,,,,,,,,0.0
2026-02-05 10:00:00,2.98e-06,,,,,,,,,0.0
2026-02-05 11:00:00,2.98e-06,,,,,,,,,0.0
2026-02-05 12:00:00,2.98e-06,,,,,,,,,0.0
2026-02-05 13:00:00,2.98e-06,,,,,,,,,0.0
2026-02-05 14:00:00,2.98e-06,,,,,,,,,0.0
2026-02-05 15:00:00,2.98e-06,,,,,,,,,0.0
2026-02-05 16:00:00,2.98e-06,,,,,,,,,0.0
2026-02-05 17:00:00,-4.957e-05,,,,,,,,,0.0
2026-02-05 18:00:00,-4.957e-05,,,,,,,,,0.0
2026-02-05 19:00:00,-4.957e-05,,,,,,,,,0.0
2026-02-05 20:00:00,-4.957e-05,,,,,,,,,0.0
2026-02-05 21:00:00,-4.957e-05,,,,,,,,,0.0
2026-02-05 22:00:00,-4.957e-05,,,,,,,,,0.0
2026-02-05 23:00:00,-4.957e-05,,,,,,,,,0.0
2026-02-06 00:00:00,-1.597e-05,,,,,,,,,0.0
2026-02-06 01:00:00,-1.597e-05,,,,,,,,,0.0
2026-02-06 02:00:00,-1.597e-05,,,,,,,,,0.0
2026-02-06 03:00:00,-1.597e-05,,,,,,,,,0.0
2026-02-06 04:00:00,-1.597e-05,,,,,,,,,0.0
2026-02-06 05:00:00,-1.597e-05,,,,,,,,,0.0
2026-02-06 06:00:00,-1.597e-05,,,,,,,,,0.0
2026-02-06 07:00:00,-1.597e-05,,,,,,,,,0.0
2026-02-06 08:00:00,-1.597e-05,,,,,,,,,0.0
2026-02-06 09:00:00,-0.00013688,,,,,,,,,0.0
2026-02-06 10:00:00,-0.00013688,,,,,,,,,0.0
2026-02-06 11:00:00,-0.00013688,,,,,,,,,0.0
2026-02-06 12:00:00,-0.00013688,,,,,,,,,0.0
2026-02-06 13:00:00,-0.00013688,,,,,,,,,0.0
2026-02-06 14:00:00,-0.00013688,,,,,,,,,0.0
2026-02-06 15:00:00,-0.00013688,,,,,,,,,0.0
2026-02-06 16:00:00,-0.00013478,,,,,,,,,0.0
2026-02-06 17:00:00,-0.00013478,,,,,,,,,0.0
2026-02-06 18:00:00,-0.00013478,,,,,,,,,0.0
2026-02-06 19:00:00,-0.00013478,,,,,,,,,0.0
2026-02-06 20:00:00,-0.00013478,,,,,,,,,0.0
2026-02-06 21:00:00,-0.00013478,,,,,,,,,0.0
2026-02-06 22:00:00,-0.00013478,,,,,,,,,0.0
2026-02-06 23:00:00,-0.00013478,,,,,,,,,0.0
2026-02-07 00:00:00,-0.00013478,,,,,,,,,0.0
2026-02-07 01:00:00,-0.00015178,,,,,,,,,0.0
2026-02-07 02:00:00,-0.00015178,,,,,,,,,0.0
2026-02-07 03:00:00,-0.00015178,,,,,,,,,0.0
2026-02-07 04:00:00,-0.00015178,,,,,,,,,0.0
2026-02-07 05:00:00,-0.00015178,,,,,,,,,0.0
2026-02-07 06:00:00,-0.00015178,,,,,,,,,0.0
2026-02-07 07:00:00,-0.00015178,,,,,,,,,0.0
2026-02-07 08:00:00,-8.326e-05,,,,,,,,,0.0
2026-02-07 09:00:00,-8.326e-05,,,,,,,,,0.0
2026-02-07 10:00:00,-8.326e-05,,,,,,,,,0.0
2026-02-07 11:00:00,-8.326e-05,,,,,,,,,0.0
2026-02-07 12:00:00,-8.326e-05,,,,,,,,,0.0
2026-02-07 13:00:00,-8.326e-05,,,,,,,,,0.0
2026-02-07 14:00:00,-8.326e-05,,,,,,,,,0.0
2026-02-07 15:00:00,-8.326e-05,,,,,,,,,0.0
2026-02-07 16:00:00,-8.326e-05,,,,,,,,,0.0
2026-02-07 17:00:00,-2.907e-05,,,,,,,,,0.0
2026-02-07 18:00:00,-2.907e-05,,,,,,,,,0.0
2026-02-07 19:00:00,-2.907e-05,,,,,,,,,0.0
2026-02-07 20:00:00,-2.907e-05,,,,,,,,,0.0
2026-02-07 21:00:00,-2.907e-05,,,,,,,,,0.0
2026-02-07 22:00:00,-2.907e-05,,,,,,,,,0.0
2026-02-07 23:00:00,-2.907e-05,,,,,,,,,0.0
2026-02-08 00:00:00,-2.907e-05,,,,,,,,,0.0
2026-02-08 01:00:00,-3.403e-05,,,,,,,,,0.0
2026-02-08 02:00:00,-3.403e-05,,,,,,,,,0.0
2026-02-08 03:00:00,-3.403e-05,,,,,,,,,0.0
2026-02-08 04:00:00,-3.403e-05,,,,,,,,,0.0
2026-02-08 05:00:00,-3.403e-05,,,,,,,,,0.0
2026-02-08 06:00:00,-3.403e-05,,,,,,,,,0.0
2026-02-08 07:00:00,-3.403e-05,,,,,,,,,0.0
2026-02-08 08:00:00,-3.546e-05,,,,,,,,,0.0
2026-02-08 09:00:00,-3.546e-05,,,,,,,,,0.0
2026-02-08 10:00:00,-3.546e-05,,,,,,,,,0.0
2026-02-08 11:00:00,-3.546e-05,,,,,,,,,0.0
2026-02-08 12:00:00,-3.546e-05,,,,,,,,,0.0
2026-02-08 13:00:00,-3.546e-05,,,,,,,,,0.0
2026-02-08 14:00:00,-3.546e-05,,,,,,,,,0.0
2026-02-08 15:00:00,-3.546e-05,,,,,,,,,0.0
2026-02-08 16:00:00,-4.864e-05,,,,,,,,,0.0
2026-02-08 17:00:00,-4.864e-05,,,,,,,,,0.0
2026-02-08 18:00:00,-4.864e-05,,,,,,,,,0.0
2026-02-08 19:00:00,-4.864e-05,,,,,,,,,0.0
2026-02-08 20:00:00,-4.864e-05,,,,,,,,,0.0
2026-02-08 21:00:00,-4.864e-05,,,,,,,,,0.0
2026-02-08 22:00:00,-4.864e-05,,,,,,,,,0.0
2026-02-08 23:00:00,-4.864e-05,,,,,,,,,0.0
2026-02-09 00:00:00,-4.864e-05,,,,,,,,,0.0
2026-02-09 01:00:00,-3.075e-05,,,,,,,,,0.0
2026-02-09 02:00:00,-3.075e-05,,,,,,,,,0.0
2026-02-09 03:00:00,-3.075e-05,,,,,,,,,0.0
2026-02-09 04:00:00,-3.075e-05,,,,,,,,,0.0
2026-02-09 05:00:00,-3.075e-05,,,,,,,,,0.0
2026-02-09 06:00:00,-3.075e-05,,,,,,,,,0.0
2026-02-09 07:00:00,-3.075e-05,,,,,,,,,0.0
2026-02-09 08:00:00,-3.075e-05,,,,,,,,,0.0
2026-02-09 09:00:00,1.846e-05,,,,,,,,,0.0
2026-02-09 10:00:00,1.846e-05,,,,,,,,,0.0
2026-02-09 11:00:00,1.846e-05,,,,,,,,,0.0
2026-02-09 12:00:00,1.846e-05,,,,,,,,,0.0
2026-02-09 13:00:00,1.846e-05,,,,,,,,,0.0
2026-02-09 14:00:00,1.846e-05,,,,,,,,,0.0
2026-02-09 15:00:00,1.846e-05,,,,,,,,,0.0
2026-02-09 16:00:00,1.846e-05,,,,,,,,,0.0
2026-02-09 17:00:00,-4.284e-05,,,,,,,,,0.0
2026-02-09 18:00:00,-4.284e-05,,,,,,,,,0.0
2026-02-09 19:00:00,-4.284e-05,,,,,,,,,0.0
2026-02-09 20:00:00,-4.284e-05,,,,,,,,,0.0
2026-02-09 21:00:00,-4.284e-05,,,,,,,,,0.0
2026-02-09 22:00:00,-4.284e-05,,,,,,,,,0.0
2026-02-09 23:00:00,-4.284e-05,,,,,,,,,0.0
2026-02-10 00:00:00,-8.798e-05,,,,,,,,,0.0
2026-02-10 01:00:00,-8.798e-05,,,,,,,,,0.0
2026-02-10 02:00:00,-8.798e-05,,,,,,,,,0.0
2026-02-10 03:00:00,-8.798e-05,,,,,,,,,0.0
2026-02-10 04:00:00,-8.798e-05,,,,,,,,,0.0
2026-02-10 05:00:00,-8.798e-05,,,,,,,,,0.0
2026-02-10 06:00:00,-8.798e-05,,,,,,,,,0.0
2026-02-10 07:00:00,-8.798e-05,,,,,,,,,0.0
2026-02-10 08:00:00,-8.798e-05,,,,,,,,,0.0
2026-02-10 09:00:00,-4.829e-05,,,,,,,,,0.0
2026-02-10 10:00:00,-4.829e-05,,,,,,,,,0.0
2026-02-10 11:00:00,-4.829e-05,,,,,,,,,0.0
2026-02-10 12:00:00,-4.829e-05,,,,,,,,,0.0
2026-02-10 13:00:00,-4.829e-05,,,,,,,,,0.0
2026-02-10 14:00:00,-4.829e-05,,,,,,,,,0.0
2026-02-10 15:00:00,-4.829e-05,,,,,,,,,0.0
2026-02-10 16:00:00,-8.816e-05,,,,,,,,,0.0
2026-02-10 17:00:00,-8.816e-05,,,,,,,,,0.0
2026-02-10 18:00:00,-8.816e-05,,,,,,,,,0.0
2026-02-10 19:00:00,-8.816e-05,,,,,,,,,0.0
2026-02-10 20:00:00,-8.816e-05,,,,,,,,,0.0
2026-02-10 21:00:00,-8.816e-05,,,,,,,,,0.0
2026-02-10 22:00:00,-8.816e-05,,,,,,,,,0.0
2026-02-10 23:00:00,-8.816e-05,,,,,,,,,0.0
2026-02-11 00:00:00,1.4e-05,,,,,,,,,0.0
2026-02-11 01:00:00,1.4e-05,,,,,,,,,0.0
2026-02-11 02:00:00,1.4e-05,,,,,,,,,0.0
2026-02-11 03:00:00,1.4e-05,,,,,,,,,0.0
2026-02-11 04:00:00,1.4e-05,,,,,,,,,0.0
2026-02-11 05:00:00,1.4e-05,,,,,,,,,0.0
2026-02-11 06:00:00,1.4e-05,,,,,,,,,0.0
2026-02-11 07:00:00,1.4e-05,,,,,,,,,0.0
2026-02-11 08:00:00,1.4e-05,,,,,,,,,0.0
2026-02-11 09:00:00,-8.417e-05,,,,,,,,,0.0
2026-02-11 10:00:00,-8.417e-05,,,,,,,,,0.0
2026-02-11 11:00:00,-8.417e-05,,,,,,,,,0.0
2026-02-11 12:00:00,-8.417e-05,,,,,,,,,0.0
2026-02-11 13:00:00,-8.417e-05,,,,,,,,,0.0
2026-02-11 14:00:00,-8.417e-05,,,,,,,,,0.0
2026-02-11 15:00:00,-8.417e-05,,,,,,,,,0.0
2026-02-11 16:00:00,-1.169e-05,,,,,,,,,0.0
2026-02-11 17:00:00,-1.169e-05,,,,,,,,,0.0
2026-02-11 18:00:00,-1.169e-05,,,,,,,,,0.0
2026-02-11 19:00:00,-1.169e-05,,,,,,,,,0.0
2026-02-11 20:00:00,-1.169e-05,,,,,,,,,0.0
2026-02-11 21:00:00,-1.169e-05,,,,,,,,,0.0
2026-02-11 22:00:00,-1.169e-05,,,,,,,,,0.0
2026-02-11 23:00:00,-1.169e-05,,,,,,,,,0.0
2026-02-12 00:00:00,-1.381e-05,,,,,,,,,0.0
2026-02-12 01:00:00,-1.381e-05,,,,,,,,,0.0
2026-02-12 02:00:00,-1.381e-05,,,,,,,,,0.0
2026-02-12 03:00:00,-1.381e-05,,,,,,,,,0.0
2026-02-12 04:00:00,-1.381e-05,,,,,,,,,0.0
2026-02-12 05:00:00,-1.381e-05,,,,,,,,,0.0
2026-02-12 06:00:00,-1.381e-05,,,,,,,,,0.0
2026-02-12 07:00:00,-1.381e-05,,,,,,,,,0.0
2026-02-12 08:00:00,-1.381e-05,,,,,,,,,0.0
2026-02-12 09:00:00,3.499e-05,,,,,,,,,0.0
2026-02-12 10:00:00,3.499e-05,,,,,,,,,0.0
2026-02-12 11:00:00,3.499e-05,,,,,,,,,0.0
2026-02-12 12:00:00,3.499e-05,,,,,,,,,0.0
2026-02-12 13:00:00,3.499e-05,,,,,,,,,0.0
2026-02-12 14:00:00,3.499e-05,,,,,,,,,0.0
2026-02-12 15:00:00,3.499e-05,,,,,,,,,0.0
2026-02-12 16:00:00,3.499e-05,,,,,,,,,0.0
2026-02-12 17:00:00,-1.728e-05,,,,,,,,,0.0
2026-02-12 18:00:00,-1.728e-05,,,,,,,,,0.0
2026-02-12 19:00:00,-1.728e-05,,,,,,,,,0.0
2026-02-12 20:00:00,-1.728e-05,,,,,,,,,0.0
2026-02-12 21:00:00,-1.728e-05,,,,,,,,,0.0
2026-02-12 22:00:00,-1.728e-05,,,,,,,,,0.0
2026-02-12 23:00:00,-1.728e-05,,,,,,,,,0.0
2026-02-13 00:00:00,-1.728e-05,,,,,,,,,0.0
2026-02-13 01:00:00,5.834e-05,,,,,,,,,0.0
2026-02-13 02:00:00,5.834e-05,,,,,,,,,0.0
2026-02-13 03:00:00,5.834e-05,,,,,,,,,0.0
2026-02-13 04:00:00,5.834e-05,,,,,,,,,0.0
2026-02-13 05:00:00,5.834e-05,,,,,,,,,0.0
2026-02-13 06:00:00,5.834e-05,,,,,,,,,0.0
2026-02-13 07:00:00,5.834e-05,,,,,,,,,0.0
2026-02-13 08:00:00,5.834e-05,,,,,,,,,0.0
2026-02-13 09:00:00,7.16e-06,,,,,,,,,0.0
2026-02-13 10:00:00,7.16e-06,,,,,,,,,0.0
2026-02-13 11:00:00,7.16e-06,,,,,,,,,0.0
2026-02-13 12:00:00,7.16e-06,,,,,,,,,0.0
2026-02-13 13:00:00,7.16e-06,,,,,,,,,0.0
2026-02-13 14:00:00,7.16e-06,,,,,,,,,0.0
2026-02-13 15:00:00,7.16e-06,,,,,,,,,0.0
2026-02-13 16:00:00,7.16e-06,,,,,,,,,0.0
2026-02-13 17:00:00,-1.274e-05,,,,,,,,,0.0
2026-02-13 18:00:00,-1.274e-05,,,,,,,,,0.0
2026-02-13 19:00:00,-1.274e-05,,,,,,,,,0.0
2026-02-13 20:00:00,-1.274e-05,,,,,,,,,0.0
2026-02-13 21:00:00,-1.274e-05,,,,,,,,,0.0
2026-02-13 22:00:00,-1.274e-05,,,,,,,,,0.0
2026-02-13 23:00:00,-1.274e-05,,,,,,,,,0.0
2026-02-14 00:00:00,-1.274e-05,,,,,,,,,0.0
2026-02-14 01:00:00,1.291e-05,,,,,,,,,0.0
2026-02-14 02:00:00,1.291e-05,,,,,,,,,0.0
2026-02-14 03:00:00,1.291e-05,,,,,,,,,0.0
2026-02-14 04:00:00,1.291e-05,,,,,,,,,0.0
2026-02-14 05:00:00,1.291e-05,,,,,,,,,0.0
2026-02-14 06:00:00,1.291e-05,,,,,,,,,0.0
2026-02-14 07:00:00,1.291e-05,,,,,,,,,0.0
2026-02-14 08:00:00,1.291e-05,,,,,,,,,0.0
2026-02-14 09:00:00,3.174e-05,,,,,,,,,0.0
2026-02-14 10:00:00,3.174e-05,,,,,,,,,0.0
2026-02-14 11:00:00,3.174e-05,,,,,,,,,0.0
2026-02-14 12:00:00,3.174e-05,,,,,,,,,0.0
2026-02-14 13:00:00,3.174e-05,,,,,,,,,0.0
2026-02-14 14:00:00,3.174e-05,,,,,,,,,0.0
2026-02-14 15:00:00,3.174e-05,,,,,,,,,0.0
2026-02-14 16:00:00,3.174e-05,,,,,,,,,0.0
2026-02-14 17:00:00,-3.094e-05,,,,,,,,,0.0
2026-02-14 18:00:00,-3.094e-05,,,,,,,,,0.0
2026-02-14 19:00:00,-3.094e-05,,,,,,,,,0.0
2026-02-14 20:00:00,-3.094e-05,,,,,,,,,0.0
2026-02-14 21:00:00,-3.094e-05,,,,,,,,,0.0
2026-02-14 22:00:00,-3.094e-05,,,,,,,,,0.0
2026-02-14 23:00:00,-3.094e-05,,,,,,,,,0.0
2026-02-15 00:00:00,-1.068e-05,,,,,,,,,0.0
2026-02-15 01:00:00,-1.068e-05,,,,,,,,,0.0
2026-02-15 02:00:00,-1.068e-05,,,,,,,,,0.0
2026-02-15 03:00:00,-1.068e-05,,,,,,,,,0.0
2026-02-15 04:00:00,-1.068e-05,,,,,,,,,0.0
2026-02-15 05:00:00,-1.068e-05,,,,,,,,,0.0
2026-02-15 06:00:00,-1.068e-05,,,,,,,,,0.0
2026-02-15 07:00:00,-1.068e-05,,,,,,,,,0.0
2026-02-15 08:00:00,-1.068e-05,,,,,,,,,0.0
2026-02-15 09:00:00,4.664e-05,,,,,,,,,0.0
2026-02-15 10:00:00,4.664e-05,,,,,,,,,0.0
2026-02-15 11:00:00,4.664e-05,,,,,,,,,0.0
2026-02-15 12:00:00,4.664e-05,,,,,,,,,0.0
2026-02-15 13:00:00,4.664e-05,,,,,,,,,0.0
2026-02-15 14:00:00,4.664e-05,,,,,,,,,0.0
2026-02-15 15:00:00,4.664e-05,,,,,,,,,0.0
2026-02-15 16:00:00,-2.371e-05,,,,,,,,,0.0
2026-02-15 17:00:00,-2.371e-05,,,,,,,,,0.0
2026-02-15 18:00:00,-2.371e-05,,,,,,,,,0.0
2026-02-15 19:00:00,-2.371e-05,,,,,,,,,0.0
2026-02-15 20:00:00,-2.371e-05,,,,,,,,,0.0
2026-02-15 21:00:00,-2.371e-05,,,,,,,,,0.0
2026-02-15 22:00:00,-2.371e-05,,,,,,,,,0.0
2026-02-15 23:00:00,-2.371e-05,,,,,,,,,0.0
2026-02-16 00:00:00,-2.371e-05,,,,,,,,,0.0
2026-02-16 01:00:00,2.659e-05,,,,,,,,,0.0
2026-02-16 02:00:00,2.659e-05,,,,,,,,,0.0
2026-02-16 03:00:00,2.659e-05,,,,,,,,,0.0
2026-02-16 04:00:00,2.659e-05,,,,,,,,,0.0
2026-02-16 05:00:00,2.659e-05,,,,,,,,,0.0
2026-02-16 06:00:00,2.659e-05,,,,,,,,,0.0
2026-02-16 07:00:00,2.659e-05,,,,,,,,,0.0
2026-02-16 08:00:00,2.659e-05,,,,,,,,,0.0
2026-02-16 09:00:00,-3.277e-05,,,,,,,,,0.0
2026-02-16 10:00:00,-3.277e-05,,,,,,,,,0.0
2026-02-16 11:00:00,-3.277e-05,,,,,,,,,0.0
2026-02-16 12:00:00,-3.277e-05,,,,,,,,,0.0
2026-02-16 13:00:00,-3.277e-05,,,,,,,,,0.0
2026-02-16 14:00:00,-3.277e-05,,,,,,,,,0.0
2026-02-16 15:00:00,-3.277e-05,,,,,,,,,0.0
2026-02-16 16:00:00,-4.112e-05,,,,,,,,,0.0
2026-02-16 17:00:00,-4.112e-05,,,,,,,,,0.0
2026-02-16 18:00:00,-4.112e-05,,,,,,,,,0.0
2026-02-16 19:00:00,-4.112e-05,,,,,,,,,0.0
2026-02-16 20:00:00,-4.112e-05,,,,,,,,,0.0
2026-02-16 21:00:00,-4.112e-05,,,,,,,,,0.0
2026-02-16 22:00:00,-4.112e-05,,,,,,,,,0.0
2026-02-16 23:00:00,-4.112e-05,,,,,,,,,0.0
2026-02-17 00:00:00,-4.112e-05,,,,,,,,,0.0
2026-02-17 01:00:00,5.883e-05,,,,,,,,,0.0
2026-02-17 02:00:00,5.883e-05,,,,,,,,,0.0
2026-02-17 03:00:00,5.883e-05,,,,,,,,,0.0
2026-02-17 04:00:00,5.883e-05,,,,,,,,,0.0
2026-02-17 05:00:00,5.883e-05,,,,,,,,,0.0
2026-02-17 06:00:00,5.883e-05,,,,,,,,,0.0
2026-02-17 07:00:00,5.883e-05,,,,,,,,,0.0
2026-02-17 08:00:00,5.883e-05,,,,,,,,,0.0
2026-02-17 09:00:00,2.672e-05,,,,,,,,,0.0
2026-02-17 10:00:00,2.672e-05,,,,,,,,,0.0
2026-02-17 11:00:00,2.672e-05,,,,,,,,,0.0
2026-02-17 12:00:00,2.672e-05,,,,,,,,,0.0
2026-02-17 13:00:00,2.672e-05,,,,,,,,,0.0
2026-02-17 14:00:00,2.672e-05,,,,,,,,,0.0
2026-02-17 15:00:00,2.672e-05,,,,,,,,,0.0
2026-02-17 16:00:00,2.672e-05,,,,,,,,,0.0
2026-02-17 17:00:00,5.077e-05,,,,,,,,,0.0
2026-02-17 18:00:00,5.077e-05,,,,,,,,,0.0
2026-02-17 19:00:00,5.077e-05,,,,,,,,,0.0
2026-02-17 20:00:00,5.077e-05,,,,,,,,,0.0
2026-02-17 21:00:00,5.077e-05,,,,,,,,,0.0
2026-02-17 22:00:00,5.077e-05,,,,,,,,,0.0
2026-02-17 23:00:00,5.077e-05,,,,,,,,,0.0
2026-02-18 00:00:00,3.215e-05,,,,,,,,,0.0
2026-02-18 01:00:00,3.215e-05,,,,,,,,,0.0
2026-02-18 02:00:00,3.215e-05,,,,,,,,,0.0
2026-02-18 03:00:00,3.215e-05,,,,,,,,,0.0
2026-02-18 04:00:00,3.215e-05,,,,,,,,,0.0
2026-02-18 05:00:00,3.215e-05,,,,,,,,,0.0
2026-02-18 06:00:00,3.215e-05,,,,,,,,,0.0
2026-02-18 07:00:00,3.215e-05,,,,,,,,,0.0
2026-02-18 08:00:00,-1.41e-06,,,,,,,,,0.0
2026-02-18 09:00:00,-1.41e-06,,,,,,,,,0.0
2026-02-18 10:00:00,-1.41e-06,,,,,,,,,0.0
2026-02-18 11:00:00,-1.41e-06,,,,,,,,,0.0
2026-02-18 12:00:00,-1.41e-06,,,,,,,,,0.0
2026-02-18 13:00:00,-1.41e-06,,,,,,,,,0.0
2026-02-18 14:00:00,-1.41e-06,,,,,,,,,0.0
2026-02-18 15:00:00,-1.41e-06,,,,,,,,,0.0
2026-02-18 16:00:00,-1.41e-06,,,,,,,,,0.0
2026-02-18 17:00:00,3.604e-05,,,,,,,,,0.0
2026-02-18 18:00:00,3.604e-05,,,,,,,,,0.0
2026-02-18 19:00:00,3.604e-05,,,,,,,,,0.0
2026-02-18 20:00:00,3.604e-05,,,,,,,,,0.0
2026-02-18 21:00:00,3.604e-05,,,,,,,,,0.0
2026-02-18 22:00:00,3.604e-05,,,,,,,,,0.0
2026-02-18 23:00:00,3.604e-05,,,,,,,,,0.0
2026-02-19 00:00:00,3.604e-05,,,,,,,,,0.0
2026-02-19 01:00:00,-4.014e-05,,,,,,,,,0.0
2026-02-19 02:00:00,-4.014e-05,,,,,,,,,0.0
2026-02-19 03:00:00,-4.014e-05,,,,,,,,,0.0
2026-02-19 04:00:00,-4.014e-05,,,,,,,,,0.0
2026-02-19 05:00:00,-4.014e-05,,,,,,,,,0.0
2026-02-19 06:00:00,-4.014e-05,,,,,,,,,0.0
2026-02-19 07:00:00,-4.014e-05,,,,,,,,,0.0
2026-02-19 08:00:00,2.686e-05,,,,,,,,,0.0
2026-02-19 09:00:00,2.686e-05,,,,,,,,,0.0
2026-02-19 10:00:00,2.686e-05,,,,,,,,,0.0
2026-02-19 11:00:00,2.686e-05,,,,,,,,,0.0
2026-02-19 12:00:00,2.686e-05,,,,,,,,,0.0
2026-02-19 13:00:00,2.686e-05,,,,,,,,,0.0
2026-02-19 14:00:00,2.686e-05,,,,,,,,,0.0
2026-02-19 15:00:00,2.686e-05,,,,,,,,,0.0
2026-02-19 16:00:00,2.686e-05,,,,,,,,,0.0
2026-02-19 17:00:00,-3.052e-05,,,,,,,,,0.0
2026-02-19 18:00:00,-3.052e-05,,,,,,,,,0.0
2026-02-19 19:00:00,-3.052e-05,,,,,,,,,0.0
2026-02-19 20:00:00,-3.052e-05,,,,,,,,,0.0
2026-02-19 21:00:00,-3.052e-05,,,,,,,,,0.0
2026-02-19 22:00:00,-3.052e-05,,,,,,,,,0.0
2026-02-19 23:00:00,-3.052e-05,,,,,,,,,0.0
2026-02-20 00:00:00,5.365e-05,,,,,,,,,0.0
2026-02-20 01:00:00,5.365e-05,,,,,,,,,0.0
2026-02-20 02:00:00,5.365e-05,,,,,,,,,0.0
2026-02-20 03:00:00,5.365e-05,,,,,,,,,0.0
2026-02-20 04:00:00,5.365e-05,,,,,,,,,0.0
2026-02-20 05:00:00,5.365e-05,,,,,,,,,0.0
2026-02-20 06:00:00,5.365e-05,,,,,,,,,0.0
2026-02-20 07:00:00,5.365e-05,,,,,,,,,0.0
2026-02-20 08:00:00,1.302e-05,,,,,,,,,0.0
2026-02-20 09:00:00,1.302e-05,,,,,,,,,0.0
2026-02-20 10:00:00,1.302e-05,,,,,,,,,0.0
2026-02-20 11:00:00,1.302e-05,,,,,,,,,0.0
2026-02-20 12:00:00,1.302e-05,,,,,,,,,0.0
2026-02-20 13:00:00,1.302e-05,,,,,,,,,0.0
2026-02-20 14:00:00,1.302e-05,,,,,,,,,0.0
2026-02-20 15:00:00,1.302e-05,,,,,,,,,0.0
2026-02-20 16:00:00,-6.71e-06,,,,,,,,,0.0
2026-02-20 17:00:00,-6.71e-06,,,,,,,,,0.0
2026-02-20 18:00:00,-6.71e-06,,,,,,,,,0.0
2026-02-20 19:00:00,-6.71e-06,,,,,,,,,0.0
2026-02-20 20:00:00,-6.71e-06,,,,,,,,,0.0
2026-02-20 21:00:00,-6.71e-06,,,,,,,,,0.0
2026-02-20 22:00:00,-6.71e-06,,,,,,,,,0.0
2026-02-20 23:00:00,-6.71e-06,,,,,,,,,0.0
2026-02-21 00:00:00,-6.71e-06,,,,,,,,,0.0
2026-02-21 01:00:00,4.456e-05,,,,,,,,,0.0
2026-02-21 02:00:00,4.456e-05,,,,,,,,,0.0
2026-02-21 03:00:00,4.456e-05,,,,,,,,,0.0
2026-02-21 04:00:00,4.456e-05,,,,,,,,,0.0
2026-02-21 05:00:00,4.456e-05,,,,,,,,,0.0
2026-02-21 06:00:00,4.456e-05,,,,,,,,,0.0
2026-02-21 07:00:00,4.456e-05,,,,,,,,,0.0
2026-02-21 08:00:00,2.485e-05,,,,,,,,,0.0
2026-02-21 09:00:00,2.485e-05,,,,,,,,,0.0
2026-02-21 10:00:00,2.485e-05,,,,,,,,,0.0
2026-02-21 11:00:00,2.485e-05,,,,,,,,,0.0
2026-02-21 12:00:00,2.485e-05,,,,,,,,,0.0
2026-02-21 13:00:00,2.485e-05,,,,,,,,,0.0
2026-02-21 14:00:00,2.485e-05,,,,,,,,,0.0
2026-02-21 15:00:00,2.485e-05,,,,,,,,,0.0
2026-02-21 16:00:00,2.485e-05,,,,,,,,,0.0
2026-02-21 17:00:00,3.235e-05,,,,,,,,,0.0
2026-02-21 18:00:00,3.235e-05,,,,,,,,,0.0
2026-02-21 19:00:00,3.235e-05,,,,,,,,,0.0
2026-02-21 20:00:00,3.235e-05,,,,,,,,,0.0
2026-02-21 21:00:00,3.235e-05,,,,,,,,,0.0
2026-02-21 22:00:00,3.235e-05,,,,,,,,,0.0
2026-02-21 23:00:00,3.235e-05,,,,,,,,,0.0
2026-02-22 00:00:00,3.235e-05,,,,,,,,,0.0
2026-02-22 01:00:00,7.3e-06,,,,,,,,,0.0
2026-02-22 02:00:00,7.3e-06,,,,,,,,,0.0
2026-02-22 03:00:00,7.3e-06,,,,,,,,,0.0
2026-02-22 04:00:00,7.3e-06,,,,,,,,,0.0
2026-02-22 05:00:00,7.3e-06,,,,,,,,,0.0
2026-02-22 06:00:00,7.3e-06,,,,,,,,,0.0
2026-02-22 07:00:00,7.3e-06,,,,,,,,,0.0
2026-02-22 08:00:00,7.3e-06,,,,,,,,,0.0
2026-02-22 09:00:00,4.2e-07,,,,,,,,,0.0
2026-02-22 10:00:00,4.2e-07,,,,,,,,,0.0
2026-02-22 11:00:00,4.2e-07,,,,,,,,,0.0
2026-02-22 12:00:00,4.2e-07,,,,,,,,,0.0
2026-02-22 13:00:00,4.2e-07,,,,,,,,,0.0
2026-02-22 14:00:00,4.2e-07,,,,,,,,,0.0
2026-02-22 15:00:00,4.2e-07,,,,,,,,,0.0
2026-02-22 16:00:00,4.972e-05,,,,,,,,,0.0
2026-02-22 17:00:00,4.972e-05,,,,,,,,,0.0
2026-02-22 18:00:00,4.972e-05,,,,,,,,,0.0
2026-02-22 19:00:00,4.972e-05,,,,,,,,,0.0
2026-02-22 20:00:00,4.972e-05,,,,,,,,,0.0
2026-02-22 21:00:00,4.972e-05,,,,,,,,,0.0
2026-02-22 22:00:00,4.972e-05,,,,,,,,,0.0
2026-02-22 23:00:00,4.972e-05,,,,,,,,,0.0
2026-02-23 00:00:00,4.972e-05,,,,,,,,,0.0
2026-02-23 01:00:00,6.946e-05,,,,,,,,,0.0
2026-02-23 02:00:00,6.946e-05,,,,,,,,,0.0
2026-02-23 03:00:00,6.946e-05,,,,,,,,,0.0
2026-02-23 04:00:00,6.946e-05,,,,,,,,,0.0
2026-02-23 05:00:00,6.946e-05,,,,,,,,,0.0
2026-02-23 06:00:00,6.946e-05,,,,,,,,,0.0
2026-02-23 07:00:00,6.946e-05,,,,,,,,,0.0
2026-02-23 08:00:00,-9.317e-05,,,,,,,,,0.0
2026-02-23 09:00:00,-9.317e-05,,,,,,,,,0.0
2026-02-23 10:00:00,-9.317e-05,,,,,,,,,0.0
2026-02-23 11:00:00,-9.317e-05,,,,,,,,,0.0
2026-02-23 12:00:00,-9.317e-05,,,,,,,,,0.0
2026-02-23 13:00:00,-9.317e-05,,,,,,,,,0.0
2026-02-23 14:00:00,-9.317e-05,,,,,,,,,0.0
2026-02-23 15:00:00,-9.317e-05,,,,,,,,,0.0
2026-02-23 16:00:00,2.251e-05,,,,,,,,,0.0
2026-02-23 17:00:00,2.251e-05,,,,,,,,,0.0
2026-02-23 18:00:00,2.251e-05,,,,,,,,,0.0
2026-02-23 19:00:00,2.251e-05,,,,,,,,,0.0
2026-02-23 20:00:00,2.251e-05,,,,,,,,,0.0
2026-02-23 21:00:00,2.251e-05,,,,,,,,,0.0
2026-02-23 22:00:00,2.251e-05,,,,,,,,,0.0
2026-02-23 23:00:00,2.251e-05,,,,,,,,,0.0
2026-02-24 00:00:00,2.251e-05,,,,,,,,,0.0
2026-02-24 01:00:00,5.706e-05,,,,,,,,,0.0
2026-02-24 02:00:00,5.706e-05,,,,,,,,,0.0
2026-02-24 03:00:00,5.706e-05,,,,,,,,,0.0
2026-02-24 04:00:00,5.706e-05,,,,,,,,,0.0
2026-02-24 05:00:00,5.706e-05,,,,,,,,,0.0
2026-02-24 06:00:00,5.706e-05,,,,,,,,,0.0
2026-02-24 07:00:00,5.706e-05,,,,,,,,,0.0
2026-02-24 08:00:00,-1.193e-05,,,,,,,,,0.0
2026-02-24 09:00:00,-1.193e-05,,,,,,,,,0.0
2026-02-24 10:00:00,-1.193e-05,,,,,,,,,0.0
2026-02-24 11:00:00,-1.193e-05,,,,,,,,,0.0
2026-02-24 12:00:00,-1.193e-05,,,,,,,,,0.0
2026-02-24 13:00:00,-1.193e-05,,,,,,,,,0.0
2026-02-24 14:00:00,-1.193e-05,,,,,,,,,0.0
2026-02-24 15:00:00,-1.193e-05,,,,,,,,,0.0
2026-02-24 16:00:00,-1.193e-05,,,,,,,,,0.0
2026-02-24 17:00:00,-1.82e-06,,,,,,,,,0.0
2026-02-24 18:00:00,-1.82e-06,,,,,,,,,0.0
2026-02-24 19:00:00,-1.82e-06,,,,,,,,,0.0
2026-02-24 20:00:00,-1.82e-06,,,,,,,,,0.0
2026-02-24 21:00:00,-1.82e-06,,,,,,,,,0.0
2026-02-24 22:00:00,-1.82e-06,,,,,,,,,0.0
2026-02-24 23:00:00,-1.82e-06,,,,,,,,,0.0
2026-02-25 00:00:00,-1.82e-06,,,,,,,,,0.0
2026-02-25 01:00:00,2.375e-05,,,,,,,,,0.0
2026-02-25 02:00:00,2.375e-05,,,,,,,,,0.0
2026-02-25 03:00:00,2.375e-05,,,,,,,,,0.0
2026-02-25 04:00:00,2.375e-05,,,,,,,,,0.0
2026-02-25 05:00:00,2.375e-05,,,,,,,,,0.0
2026-02-25 06:00:00,2.375e-05,,,,,,,,,0.0
2026-02-25 07:00:00,2.375e-05,,,,,,,,,0.0
2026-02-25 08:00:00,2.375e-05,,,,,,,,,0.0
2026-02-25 09:00:00,3.3e-07,,,,,,,,,0.0
2026-02-25 10:00:00,3.3e-07,,,,,,,,,0.0
2026-02-25 11:00:00,3.3e-07,,,,,,,,,0.0
2026-02-25 12:00:00,3.3e-07,,,,,,,,,0.0
2026-02-25 13:00:00,3.3e-07,,,,,,,,,0.0
2026-02-25 14:00:00,3.3e-07,,,,,,,,,0.0
2026-02-25 15:00:00,3.3e-07,,,,,,,,,0.0
2026-02-25 16:00:00,-9.68e-06,,,,,,,,,0.0
2026-02-25 17:00:00,-9.68e-06,,,,,,,,,0.0
2026-02-25 18:00:00,-9.68e-06,,,,,,,,,0.0
2026-02-25 19:00:00,-9.68e-06,,,,,,,,,0.0
2026-02-25 20:00:00,-9.68e-06,,,,,,,,,0.0
2026-02-25 21:00:00,-9.68e-06,,,,,,,,,0.0
2026-02-25 22:00:00,-9.68e-06,,,,,,,,,0.0
2026-02-25 23:00:00,-9.68e-06,,,,,,,,,0.0
2026-02-26 00:00:00,-1.998e-05,,,,,,,,,0.0
2026-02-26 01:00:00,-1.998e-05,,,,,,,,,0.0
2026-02-26 02:00:00,-1.998e-05,,,,,,,,,0.0
2026-02-26 03:00:00,-1.998e-05,,,,,,,,,0.0
2026-02-26 04:00:00,-1.998e-05,,,,,,,,,0.0
2026-02-26 05:00:00,-1.998e-05,,,,,,,,,0.0
2026-02-26 06:00:00,-1.998e-05,,,,,,,,,0.0
2026-02-26 07:00:00,-1.998e-05,,,,,,,,,0.0
2026-02-26 08:00:00,-1.998e-05,,,,,,,,,0.0
2026-02-26 09:00:00,-1.128e-05,,,,,,,,,0.0
2026-02-26 10:00:00,-1.128e-05,,,,,,,,,0.0
2026-02-26 11:00:00,-1.128e-05,,,,,,,,,0.0
2026-02-26 12:00:00,-1.128e-05,,,,,,,,,0.0
2026-02-26 13:00:00,-1.128e-05,,,,,,,,,0.0
2026-02-26 14:00:00,-1.128e-05,,,,,,,,,0.0
2026-02-26 15:00:00,-1.128e-05,,,,,,,,,0.0
2026-02-26 16:00:00,-1.128e-05,,,,,,,,,0.0
2026-02-26 17:00:00,4.007e-05,,,,,,,,,0.0
2026-02-26 18:00:00,4.007e-05,,,,,,,,,0.0
2026-02-26 19:00:00,4.007e-05,,,,,,,,,0.0
2026-02-26 20:00:00,4.007e-05,,,,,,,,,0.0
2026-02-26 21:00:00,4.007e-05,,,,,,,,,0.0
2026-02-26 22:00:00,4.007e-05,,,,,,,,,0.0
2026-02-26 23:00:00,4.007e-05,,,,,,,,,0.0
2026-02-27 00:00:00,4.007e-05,,,,,,,,,0.0
2026-02-27 01:00:00,-9.91e-06,,,,,,,,,0.0
2026-02-27 02:00:00,-9.91e-06,,,,,,,,,0.0
2026-02-27 03:00:00,-9.91e-06,,,,,,,,,0.0
2026-02-27 04:00:00,-9.91e-06,,,,,,,,,0.0
2026-02-27 05:00:00,-9.91e-06,,,,,,,,,0.0
2026-02-27 06:00:00,-9.91e-06,,,,,,,,,0.0
2026-02-27 07:00:00,-9.91e-06,,,,,,,,,0.0
2026-02-27 08:00:00,-8.123e-05,,,,,,,,,0.0
2026-02-27 09:00:00,-8.123e-05,,,,,,,,,0.0
2026-02-27 10:00:00,-8.123e-05,,,,,,,,,0.0
2026-02-27 11:00:00,-8.123e-05,,,,,,,,,0.0
2026-02-27 12:00:00,-8.123e-05,,,,,,,,,0.0
2026-02-27 13:00:00,-8.123e-05,,,,,,,,,0.0
2026-02-27 14:00:00,-8.123e-05,,,,,,,,,0.0
2026-02-27 15:00:00,-8.123e-05,,,,,,,,,0.0
2026-02-27 16:00:00,-8.123e-05,,,,,,,,,0.0
2026-02-27 17:00:00,-6.56e-06,,,,,,,,,0.0
2026-02-27 18:00:00,-6.56e-06,,,,,,,,,0.0
2026-02-27 19:00:00,-6.56e-06,,,,,,,,,0.0
2026-02-27 20:00:00,-6.56e-06,,,,,,,,,0.0
2026-02-27 21:00:00,-6.56e-06,,,,,,,,,0.0
2026-02-27 22:00:00,-6.56e-06,,,,,,,,,0.0
2026-02-27 23:00:00,-6.56e-06,,,,,,,,,0.0
2026-02-28 00:00:00,4.041e-05,,,,,,,,,0.0
2026-02-28 01:00:00,4.041e-05,,,,,,,,,0.0
2026-02-28 02:00:00,4.041e-05,,,,,,,,,0.0
2026-02-28 03:00:00,4.041e-05,,,,,,,,,0.0
2026-02-28 04:00:00,4.041e-05,,,,,,,,,0.0
2026-02-28 05:00:00,4.041e-05,,,,,,,,,0.0
2026-02-28 06:00:00,4.041e-05,,,,,,,,,0.0
2026-02-28 07:00:00,4.041e-05,,,,,,,,,0.0
2026-02-28 08:00:00,-3.727e-05,,,,,,,,,0.0
2026-02-28 09:00:00,-3.727e-05,,,,,,,,,0.0
2026-02-28 10:00:00,-3.727e-05,,,,,,,,,0.0
2026-02-28 11:00:00,-3.727e-05,,,,,,,,,0.0
2026-02-28 12:00:00,-3.727e-05,,,,,,,,,0.0
2026-02-28 13:00:00,-3.727e-05,,,,,,,,,0.0
2026-02-28 14:00:00,-3.727e-05,,,,,,,,,0.0
2026-02-28 15:00:00,-3.727e-05,,,,,,,,,0.0
2026-02-28 16:00:00,-3.727e-05,,,,,,,,,0.0
2026-02-28 17:00:00,-4.305e-05,,,,,,,,,0.0
2026-02-28 18:00:00,-4.305e-05,,,,,,,,,0.0
2026-02-28 19:00:00,-4.305e-05,,,,,,,,,0.0
2026-02-28 20:00:00,-4.305e-05,,,,,,,,,0.0
2026-02-28 21:00:00,-4.305e-05,,,,,,,,,0.0
2026-02-28 22:00:00,-4.305e-05,,,,,,,,,0.0
2026-02-28 23:00:00,-4.305e-05,,,,,,,,,0.0
2026-03-01 00:00:00,-4.305e-05,,,,,,,,,0.0
2026-03-01 01:00:00,-6.88e-06,,,,,,,,,0.0
2026-03-01 02:00:00,-6.88e-06,,,,,,,,,0.0
2026-03-01 03:00:00,-6.88e-06,,,,,,,,,0.0
2026-03-01 04:00:00,-6.88e-06,,,,,,,,,0.0
2026-03-01 05:00:00,-6.88e-06,,,,,,,,,0.0
2026-03-01 06:00:00,-6.88e-06,,,,,,,,,0.0
2026-03-01 07:00:00,-6.88e-06,,,,,,,,,0.0
2026-03-01 08:00:00,4.563e-05,,,,,,,,,0.0
2026-03-01 09:00:00,4.563e-05,,,,,,,,,0.0
2026-03-01 10:00:00,4.563e-05,,,,,,,,,0.0
2026-03-01 11:00:00,4.563e-05,,,,,,,,,0.0
2026-03-01 12:00:00,4.563e-05,,,,,,,,,0.0
2026-03-01 13:00:00,4.563e-05,,,,,,,,,0.0
2026-03-01 14:00:00,4.563e-05,,,,,,,,,0.0
2026-03-01 15:00:00,4.563e-05,,,,,,,,,0.0
2026-03-01 16:00:00,4.563e-05,,,,,,,,,0.0
2026-03-01 17:00:00,2.948e-05,,,,,,,,,0.0
2026-03-01 18:00:00,2.948e-05,,,,,,,,,0.0
2026-03-01 19:00:00,2.948e-05,,,,,,,,,0.0
2026-03-01 20:00:00,2.948e-05,,,,,,,,,0.0
2026-03-01 21:00:00,2.948e-05,,,,,,,,,0.0
2026-03-01 22:00:00,2.948e-05,,,,,,,,,0.0
2026-03-01 23:00:00,2.948e-05,,,,,,,,,0.0
2026-03-02 00:00:00,2.948e-05,,,,,,,,,0.0
2026-03-02 01:00:00,-2.99e-06,,,,,,,,,0.0
2026-03-02 02:00:00,-2.99e-06,,,,,,,,,0.0
2026-03-02 03:00:00,-2.99e-06,,,,,,,,,0.0
2026-03-02 04:00:00,-2.99e-06,,,,,,,,,0.0
2026-03-02 05:00:00,-2.99e-06,,,,,,,,,0.0
2026-03-02 06:00:00,-2.99e-06,,,,,,,,,0.0
2026-03-02 07:00:00,-2.99e-06,,,,,,,,,0.0
2026-03-02 08:00:00,-2.99e-06,,,,,,,,,0.0
2026-03-02 09:00:00,-1.956e-05,,,,,,,,,0.0
2026-03-02 10:00:00,-1.956e-05,,,,,,,,,0.0
2026-03-02 11:00:00,-1.956e-05,,,,,,,,,0.0
2026-03-02 12:00:00,-1.956e-05,,,,,,,,,0.0
2026-03-02 13:00:00,-1.956e-05,,,,,,,,,0.0
2026-03-02 14:00:00,-1.956e-05,,,,,,,,,0.0
2026-03-02 15:00:00,-1.956e-05,,,,,,,,,0.0
2026-03-02 16:00:00,-1.083e-05,,,,,,,,,0.0
2026-03-02 17:00:00,-1.083e-05,,,,,,,,,0.0
2026-03-02 18:00:00,-1.083e-05,,,,,,,,,0.0
2026-03-02 19:00:00,-1.083e-05,,,,,,,,,0.0
2026-03-02 20:00:00,-1.083e-05,,,,,,,,,0.0
2026-03-02 21:00:00,-1.083e-05,,,,,,,,,0.0
2026-03-02 22:00:00,-1.083e-05,,,,,,,,,0.0
2026-03-02 23:00:00,-1.083e-05,,,,,,,,,0.0
2026-03-03 00:00:00,-1.86e-06,,,,,,,,,0.0
2026-03-03 01:00:00,-1.86e-06,,,,,,,,,0.0
2026-03-03 02:00:00,-1.86e-06,,,,,,,,,0.0
2026-03-03 03:00:00,-1.86e-06,,,,,,,,,0.0
2026-03-03 04:00:00,-1.86e-06,,,,,,,,,0.0
2026-03-03 05:00:00,-1.86e-06,,,,,,,,,0.0
2026-03-03 06:00:00,-1.86e-06,,,,,,,,,0.0
2026-03-03 07:00:00,-1.86e-06,,,,,,,,,0.0
2026-03-03 08:00:00,1.437e-05,,,,,,,,,0.0
2026-03-03 09:00:00,1.437e-05,,,,,,,,,0.0
2026-03-03 10:00:00,1.437e-05,,,,,,,,,0.0
2026-03-03 11:00:00,1.437e-05,,,,,,,,,0.0
2026-03-03 12:00:00,1.437e-05,,,,,,,,,0.0
2026-03-03 13:00:00,1.437e-05,,,,,,,,,0.0
2026-03-03 14:00:00,1.437e-05,,,,,,,,,0.0
2026-03-03 15:00:00,1.437e-05,,,,,,,,,0.0
2026-03-03 16:00:00,1.437e-05,,,,,,,,,0.0
2026-03-03 17:00:00,1.481e-05,,,,,,,,,0.0
2026-03-03 18:00:00,1.481e-05,,,,,,,,,0.0
2026-03-03 19:00:00,1.481e-05,,,,,,,,,0.0
2026-03-03 20:00:00,1.481e-05,,,,,,,,,0.0
2026-03-03 21:00:00,1.481e-05,,,,,,,,,0.0
2026-03-03 22:00:00,1.481e-05,,,,,,,,,0.0
2026-03-03 23:00:00,1.481e-05,,,,,,,,,0.0
2026-03-04 00:00:00,1.481e-05,,,,,,,,,0.0
2026-03-04 01:00:00,-5.39e-05,,,,,,,,,0.0
2026-03-04 02:00:00,-5.39e-05,,,,,,,,,0.0
2026-03-04 03:00:00,-5.39e-05,,,,,,,,,0.0
2026-03-04 04:00:00,-5.39e-05,,,,,,,,,0.0
2026-03-04 05:00:00,-5.39e-05,,,,,,,,,0.0
2026-03-04 06:00:00,-5.39e-05,,,,,,,,,0.0
2026-03-04 07:00:00,-5.39e-05,,,,,,,,,0.0
2026-03-04 08:00:00,-5.39e-05,,,,,,,,,0.0
2026-03-04 09:00:00,2.52e-05,,,,,,,,,0.0
2026-03-04 10:00:00,2.52e-05,,,,,,,,,0.0
2026-03-04 11:00:00,2.52e-05,,,,,,,,,0.0
2026-03-04 12:00:00,2.52e-05,,,,,,,,,0.0
2026-03-04 13:00:00,2.52e-05,,,,,,,,,0.0
2026-03-04 14:00:00,2.52e-05,,,,,,,,,0.0
2026-03-04 15:00:00,2.52e-05,,,,,,,,,0.0
2026-03-04 16:00:00,4.683e-05,,,,,,,,,0.0
2026-03-04 17:00:00,4.683e-05,,,,,,,,,0.0
2026-03-04 18:00:00,4.683e-05,,,,,,,,,0.0
2026-03-04 19:00:00,4.683e-05,,,,,,,,,0.0
2026-03-04 20:00:00,4.683e-05,,,,,,,,,0.0
2026-03-04 21:00:00,4.683e-05,,,,,,,,,0.0
2026-03-04 22:00:00,4.683e-05,,,,,,,,,0.0
2026-03-04 23:00:00,4.683e-05,,,,,,,,,0.0
2026-03-05 00:00:00,3.567e-05,,,,,,,,,0.0
2026-03-05 01:00:00,3.567e-05,,,,,,,,,0.0
2026-03-05 02:00:00,3.567e-05,,,,,,,,,0.0
2026-03-05 03:00:00,3.567e-05,,,,,,,,,0.0
2026-03-05 04:00:00,3.567e-05,,,,,,,,,0.0
2026-03-05 05:00:00,3.567e-05,,,,,,,,,0.0
2026-03-05 06:00:00,3.567e-05,,,,,,,,,0.0
2026-03-05 07:00:00,3.567e-05,,,,,,,,,0.0
2026-03-05 08:00:00,4.965e-05,,,,,,,,,0.0
2026-03-05 09:00:00,4.965e-05,,,,,,,,,0.0
2026-03-05 10:00:00,4.965e-05,,,,,,,,,0.0
2026-03-05 11:00:00,4.965e-05,,,,,,,,,0.0
2026-03-05 12:00:00,4.965e-05,,,,,,,,,0.0
2026-03-05 13:00:00,4.965e-05,,,,,,,,,0.0
2026-03-05 14:00:00,4.965e-05,,,,,,,,,0.0
2026-03-05 15:00:00,4.965e-05,,,,,,,,,0.0
2026-03-05 16:00:00,4.965e-05,,,,,,,,,0.0
2026-03-05 17:00:00,1.74e-06,,,,,,,,,0.0
2026-03-05 18:00:00,1.74e-06,,,,,,,,,0.0
2026-03-05 19:00:00,1.74e-06,,,,,,,,,0.0
2026-03-05 20:00:00,1.74e-06,,,,,,,,,0.0
2026-03-05 21:00:00,1.74e-06,,,,,,,,,0.0
2026-03-05 22:00:00,1.74e-06,,,,,,,,,0.0
2026-03-05 23:00:00,1.74e-06,,,,,,,,,0.0
2026-03-06 00:00:00,1.74e-06,,,,,,,,,0.0
2026-03-06 01:00:00,1.689e-05,,,,,,,,,0.0
2026-03-06 02:00:00,1.689e-05,,,,,,,,,0.0
2026-03-06 03:00:00,1.689e-05,,,,,,,,,0.0
2026-03-06 04:00:00,1.689e-05,,,,,,,,,0.0
2026-03-06 05:00:00,1.689e-05,,,,,,,,,0.0
2026-03-06 06:00:00,1.689e-05,,,,,,,,,0.0
2026-03-06 07:00:00,1.689e-05,,,,,,,,,0.0
2026-03-06 08:00:00,1.689e-05,,,,,,,,,0.0
2026-03-06 09:00:00,-3.061e-05,,,,,,,,,0.0
2026-03-06 10:00:00,-3.061e-05,,,,,,,,,0.0
2026-03-06 11:00:00,-3.061e-05,,,,,,,,,0.0
2026-03-06 12:00:00,-3.061e-05,,,,,,,,,0.0
2026-03-06 13:00:00,-3.061e-05,,,,,,,,,0.0
2026-03-06 14:00:00,-3.061e-05,,,,,,,,,0.0
2026-03-06 15:00:00,-3.061e-05,,,,,,,,,0.0
2026-03-06 16:00:00,-3.061e-05,,,,,,,,,0.0
2026-03-06 17:00:00,-2.176e-05,,,,,,,,,0.0
2026-03-06 18:00:00,-2.176e-05,,,,,,,,,0.0
2026-03-06 19:00:00,-2.176e-05,,,,,,,,,0.0
2026-03-06 20:00:00,-2.176e-05,,,,,,,,,0.0
2026-03-06 21:00:00,-2.176e-05,,,,,,,,,0.0
2026-03-06 22:00:00,-2.176e-05,,,,,,,,,0.0
2026-03-06 23:00:00,-2.176e-05,,,,,,,,,0.0
2026-03-07 00:00:00,-2.176e-05,,,,,,,,,0.0
2026-03-07 01:00:00,6.19e-06,,,,,,,,,0.0
2026-03-07 02:00:00,6.19e-06,,,,,,,,,0.0
2026-03-07 03:00:00,6.19e-06,,,,,,,,,0.0
2026-03-07 04:00:00,6.19e-06,,,,,,,,,0.0
2026-03-07 05:00:00,6.19e-06,,,,,,,,,0.0
2026-03-07 06:00:00,6.19e-06,,,,,,,,,0.0
2026-03-07 07:00:00,6.19e-06,,,,,,,,,0.0
2026-03-07 08:00:00,6.19e-06,,,,,,,,,0.0
2026-03-07 09:00:00,3.525e-05,,,,,,,,,0.0
2026-03-07 10:00:00,3.525e-05,,,,,,,,,0.0
2026-03-07 11:00:00,3.525e-05,,,,,,,,,0.0
2026-03-07 12:00:00,3.525e-05,,,,,,,,,0.0
2026-03-07 13:00:00,3.525e-05,,,,,,,,,0.0
2026-03-07 14:00:00,3.525e-05,,,,,,,,,0.0
2026-03-07 15:00:00,3.525e-05,,,,,,,,,0.0
2026-03-07 16:00:00,3.525e-05,,,,,,,,,0.0
2026-03-07 17:00:00,-4.217e-05,,,,,,,,,0.0
2026-03-07 18:00:00,-4.217e-05,,,,,,,,,0.0
2026-03-07 19:00:00,-4.217e-05,,,,,,,,,0.0
2026-03-07 20:00:00,-4.217e-05,,,,,,,,,0.0
2026-03-07 21:00:00,-4.217e-05,,,,,,,,,0.0
2026-03-07 22:00:00,-4.217e-05,,,,,,,,,0.0
2026-03-07 23:00:00,-4.217e-05,,,,,,,,,0.0
2026-03-08 00:00:00,-4.217e-05,,,,,,,,,0.0
2026-03-08 01:00:00,-4.496e-05,,,,,,,,,0.0
2026-03-08 02:00:00,-4.496e-05,,,,,,,,,0.0
2026-03-08 03:00:00,-4.496e-05,,,,,,,,,0.0
2026-03-08 04:00:00,-4.496e-05,,,,,,,,,0.0
2026-03-08 05:00:00,-4.496e-05,,,,,,,,,0.0
2026-03-08 06:00:00,-4.496e-05,,,,,,,,,0.0
2026-03-08 07:00:00,-4.496e-05,,,,,,,,,0.0
2026-03-08 08:00:00,-1.115e-05,,,,,,,,,0.0
2026-03-08 09:00:00,-1.115e-05,,,,,,,,,0.0
2026-03-08 10:00:00,-1.115e-05,,,,,,,,,0.0
2026-03-08 11:00:00,-1.115e-05,,,,,,,,,0.0
2026-03-08 12:00:00,-1.115e-05,,,,,,,,,0.0
2026-03-08 13:00:00,-1.115e-05,,,,,,,,,0.0
2026-03-08 14:00:00,-1.115e-05,,,,,,,,,0.0
2026-03-08 15:00:00,-1.115e-05,,,,,,,,,0.0
2026-03-08 16:00:00,-1.115e-05,,,,,,,,,0.0
2026-03-08 17:00:00,-2.868e-05,,,,,,,,,0.0
2026-03-08 18:00:00,-2.868e-05,,,,,,,,,0.0
2026-03-08 19:00:00,-2.868e-05,,,,,,,,,0.0
2026-03-08 20:00:00,-2.868e-05,,,,,,,,,0.0
2026-03-08 21:00:00,-2.868e-05,,,,,,,,,0.0
2026-03-08 22:00:00,-2.868e-05,,,,,,,,,0.0
2026-03-08 23:00:00,-2.868e-05,,,,,,,,,0.0
2026-03-09 00:00:00,-5.77e-05,,,,,,,,,0.0
2026-03-09 01:00:00,-5.77e-05,,,,,,,,,0.0
2026-03-09 02:00:00,-5.77e-05,,,,,,,,,0.0
2026-03-09 03:00:00,-5.77e-05,,,,,,,,,0.0
2026-03-09 04:00:00,-5.77e-05,,,,,,,,,0.0
2026-03-09 05:00:00,-5.77e-05,,,,,,,,,0.0
2026-03-09 06:00:00,-5.77e-05,,,,,,,,,0.0
2026-03-09 07:00:00,-5.77e-05,,,,,,,,,0.0
2026-03-09 08:00:00,-5.77e-05,,,,,,,,,0.0
2026-03-09 09:00:00,-4.579e-05,,,,,,,,,0.0
2026-03-09 10:00:00,-4.579e-05,,,,,,,,,0.0
2026-03-09 11:00:00,-4.579e-05,,,,,,,,,0.0
2026-03-09 12:00:00,-4.579e-05,,,,,,,,,0.0
2026-03-09 13:00:00,-4.579e-05,,,,,,,,,0.0
2026-03-09 14:00:00,-4.579e-05,,,,,,,,,0.0
2026-03-09 15:00:00,-4.579e-05,,,,,,,,,0.0
2026-03-09 16:00:00,-4.579e-05,,,,,,,,,0.0
2026-03-09 17:00:00,-3.431e-05,,,,,,,,,0.0
2026-03-09 18:00:00,-3.431e-05,,,,,,,,,0.0
2026-03-09 19:00:00,-3.431e-05,,,,,,,,,0.0
2026-03-09 20:00:00,-3.431e-05,,,,,,,,,0.0
2026-03-09 21:00:00,-3.431e-05,,,,,,,,,0.0
2026-03-09 22:00:00,-3.431e-05,,,,,,,,,0.0
2026-03-09 23:00:00,-3.431e-05,,,,,,,,,0.0
2026-03-10 00:00:00,-3.431e-05,,,,,,,,,0.0
2026-03-10 01:00:00,-2.394e-05,,,,,,,,,0.0
2026-03-10 02:00:00,-2.394e-05,,,,,,,,,0.0
2026-03-10 03:00:00,-2.394e-05,,,,,,,,,0.0
2026-03-10 04:00:00,-2.394e-05,,,,,,,,,0.0
2026-03-10 05:00:00,-2.394e-05,,,,,,,,,0.0
2026-03-10 06:00:00,-2.394e-05,,,,,,,,,0.0
2026-03-10 07:00:00,-2.394e-05,,,,,,,,,0.0
2026-03-10 08:00:00,-2.394e-05,,,,,,,,,0.0
2026-03-10 09:00:00,1.23e-05,,,,,,,,,0.0
2026-03-10 10:00:00,1.23e-05,,,,,,,,,0.0
2026-03-10 11:00:00,1.23e-05,,,,,,,,,0.0
2026-03-10 12:00:00,1.23e-05,,,,,,,,,0.0
2026-03-10 13:00:00,1.23e-05,,,,,,,,,0.0
2026-03-10 14:00:00,1.23e-05,,,,,,,,,0.0
2026-03-10 15:00:00,1.23e-05,,,,,,,,,0.0
2026-03-10 16:00:00,1.23e-05,,,,,,,,,0.0
2026-03-10 17:00:00,1.738e-05,,,,,,,,,0.0
2026-03-10 18:00:00,1.738e-05,,,,,,,,,0.0
2026-03-10 19:00:00,1.738e-05,,,,,,,,,0.0
2026-03-10 20:00:00,1.738e-05,,,,,,,,,0.0
2026-03-10 21:00:00,1.738e-05,,,,,,,,,0.0
2026-03-10 22:00:00,1.738e-05,,,,,,,,,0.0
2026-03-10 23:00:00,1.738e-05,,,,,,,,,0.0
2026-03-11 00:00:00,-0.00011052,,,,,,,,,0.0
2026-03-11 01:00:00,-0.00011052,,,,,,,,,0.0
2026-03-11 02:00:00,-0.00011052,,,,,,,,,0.0
2026-03-11 03:00:00,-0.00011052,,,,,,,,,0.0
2026-03-11 04:00:00,-0.00011052,,,,,,,,,0.0
2026-03-11 05:00:00,-0.00011052,,,,,,,,,0.0
2026-03-11 06:00:00,-0.00011052,,,,,,,,,0.0
2026-03-11 07:00:00,-0.00011052,,,,,,,,,0.0
2026-03-11 08:00:00,-0.00011052,,,,,,,,,0.0
2026-03-11 09:00:00,-5.252e-05,,,,,,,,,0.0
2026-03-11 10:00:00,-5.252e-05,,,,,,,,,0.0
2026-03-11 11:00:00,-5.252e-05,,,,,,,,,0.0
2026-03-11 12:00:00,-5.252e-05,,,,,,,,,0.0
2026-03-11 13:00:00,-5.252e-05,,,,,,,,,0.0
2026-03-11 14:00:00,-5.252e-05,,,,,,,,,0.0
2026-03-11 15:00:00,-5.252e-05,,,,,,,,,0.0
2026-03-11 16:00:00,-5.252e-05,,,,,,,,,0.0
2026-03-11 17:00:00,-5.824e-05,,,,,,,,,0.0
2026-03-11 18:00:00,-5.824e-05,,,,,,,,,0.0
2026-03-11 19:00:00,-5.824e-05,,,,,,,,,0.0
2026-03-11 20:00:00,-5.824e-05,,,,,,,,,0.0
2026-03-11 21:00:00,-5.824e-05,,,,,,,,,0.0
2026-03-11 22:00:00,-5.824e-05,,,,,,,,,0.0
2026-03-11 23:00:00,-5.824e-05,,,,,,,,,0.0
2026-03-12 00:00:00,-7.802e-05,,,,,,,,,0.0
2026-03-12 01:00:00,-7.802e-05,,,,,,,,,0.0
2026-03-12 02:00:00,-7.802e-05,,,,,,,,,0.0
2026-03-12 03:00:00,-7.802e-05,,,,,,,,,0.0
2026-03-12 04:00:00,-7.802e-05,,,,,,,,,0.0
2026-03-12 05:00:00,-7.802e-05,,,,,,,,,0.0
2026-03-12 06:00:00,-7.802e-05,,,,,,,,,0.0
2026-03-12 07:00:00,-7.802e-05,,,,,,,,,0.0
2026-03-12 08:00:00,-5.392e-05,,,,,,,,,0.0
2026-03-12 09:00:00,-5.392e-05,,,,,,,,,0.0
2026-03-12 10:00:00,-5.392e-05,,,,,,,,,0.0
2026-03-12 11:00:00,-5.392e-05,,,,,,,,,0.0
2026-03-12 12:00:00,-5.392e-05,,,,,,,,,0.0
2026-03-12 13:00:00,-5.392e-05,,,,,,,,,0.0
2026-03-12 14:00:00,-5.392e-05,,,,,,,,,0.0
2026-03-12 15:00:00,-5.392e-05,,,,,,,,,0.0
2026-03-12 16:00:00,-7.381e-05,,,,,,,,,0.0
2026-03-12 17:00:00,-7.381e-05,,,,,,,,,0.0
2026-03-12 18:00:00,-7.381e-05,,,,,,,,,0.0
2026-03-12 19:00:00,-7.381e-05,,,,,,,,,0.0
2026-03-12 20:00:00,-7.381e-05,,,,,,,,,0.0
2026-03-12 21:00:00,-7.381e-05,,,,,,,,,0.0
2026-03-12 22:00:00,-7.381e-05,,,,,,,,,0.0
2026-03-12 23:00:00,-7.381e-05,,,,,,,,,0.0
2026-03-13 00:00:00,-7.381e-05,,,,,,,,,0.0
2026-03-13 01:00:00,-2.789e-05,,,,,,,,,0.0
2026-03-13 02:00:00,-2.789e-05,,,,,,,,,0.0
2026-03-13 03:00:00,-2.789e-05,,,,,,,,,0.0
2026-03-13 04:00:00,-2.789e-05,,,,,,,,,0.0
2026-03-13 05:00:00,-2.789e-05,,,,,,,,,0.0
2026-03-13 06:00:00,-2.789e-05,,,,,,,,,0.0
2026-03-13 07:00:00,-2.789e-05,,,,,,,,,0.0
2026-03-13 08:00:00,-2.789e-05,,,,,,,,,0.0
2026-03-13 09:00:00,4.263e-05,,,,,,,,,0.0
2026-03-13 10:00:00,4.263e-05,,,,,,,,,0.0
2026-03-13 11:00:00,4.263e-05,,,,,,,,,0.0
2026-03-13 12:00:00,4.263e-05,,,,,,,,,0.0
2026-03-13 13:00:00,4.263e-05,,,,,,,,,0.0
2026-03-13 14:00:00,4.263e-05,,,,,,,,,0.0
2026-03-13 15:00:00,4.263e-05,,,,,,,,,0.0
2026-03-13 16:00:00,-6.38e-06,,,,,,,,,0.0
2026-03-13 17:00:00,-6.38e-06,,,,,,,,,0.0
2026-03-13 18:00:00,-6.38e-06,,,,,,,,,0.0
2026-03-13 19:00:00,-6.38e-06,,,,,,,,,0.0
2026-03-13 20:00:00,-6.38e-06,,,,,,,,,0.0
2026-03-13 21:00:00,-6.38e-06,,,,,,,,,0.0
2026-03-13 22:00:00,-6.38e-06,,,,,,,,,0.0
2026-03-13 23:00:00,-6.38e-06,,,,,,,,,0.0
2026-03-14 00:00:00,-6.38e-06,,,,,,,,,0.0
2026-03-14 01:00:00,-3.79e-06,,,,,,,,,0.0
2026-03-14 02:00:00,-3.79e-06,,,,,,,,,0.0
2026-03-14 03:00:00,-3.79e-06,,,,,,,,,0.0
2026-03-14 04:00:00,-3.79e-06,,,,,,,,,0.0
2026-03-14 05:00:00,-3.79e-06,,,,,,,,,0.0
2026-03-14 06:00:00,-3.79e-06,,,,,,,,,0.0
2026-03-14 07:00:00,-3.79e-06,,,,,,,,,0.0
2026-03-14 08:00:00,-3.988e-05,,,,,,,,,0.0
2026-03-14 09:00:00,-3.988e-05,,,,,,,,,0.0
2026-03-14 10:00:00,-3.988e-05,,,,,,,,,0.0
2026-03-14 11:00:00,-3.988e-05,,,,,,,,,0.0
2026-03-14 12:00:00,-3.988e-05,,,,,,,,,0.0
2026-03-14 13:00:00,-3.988e-05,,,,,,,,,0.0
2026-03-14 14:00:00,-3.988e-05,,,,,,,,,0.0
2026-03-14 15:00:00,-3.988e-05,,,,,,,,,0.0
2026-03-14 16:00:00,-3.988e-05,,,,,,,,,0.0
2026-03-14 17:00:00,-4.851e-05,,,,,,,,,0.0
2026-03-14 18:00:00,-4.851e-05,,,,,,,,,0.0
2026-03-14 19:00:00,-4.851e-05,,,,,,,,,0.0
2026-03-14 20:00:00,-4.851e-05,,,,,,,,,0.0
2026-03-14 21:00:00,-4.851e-05,,,,,,,,,0.0
2026-03-14 22:00:00,-4.851e-05,,,,,,,,,0.0
2026-03-14 23:00:00,-4.851e-05,,,,,,,,,0.0
2026-03-15 00:00:00,-1.883e-05,,,,,,,,,0.0
2026-03-15 01:00:00,-1.883e-05,,,,,,,,,0.0
2026-03-15 02:00:00,-1.883e-05,,,,,,,,,0.0
2026-03-15 03:00:00,-1.883e-05,,,,,,,,,0.0
2026-03-15 04:00:00,-1.883e-05,,,,,,,,,0.0
2026-03-15 05:00:00,-1.883e-05,,,,,,,,,0.0
2026-03-15 06:00:00,-1.883e-05,,,,,,,,,0.0
2026-03-15 07:00:00,-1.883e-05,,,,,,,,,0.0
2026-03-15 08:00:00,-6.461e-05,,,,,,,,,0.0
2026-03-15 09:00:00,-6.461e-05,,,,,,,,,0.0
2026-03-15 10:00:00,-6.461e-05,,,,,,,,,0.0
2026-03-15 11:00:00,-6.461e-05,,,,,,,,,0.0
2026-03-15 12:00:00,-6.461e-05,,,,,,,,,0.0
2026-03-15 13:00:00,-6.461e-05,,,,,,,,,0.0
2026-03-15 14:00:00,-6.461e-05,,,,,,,,,0.0
2026-03-15 15:00:00,-6.461e-05,,,,,,,,,0.0
2026-03-15 16:00:00,2.659e-05,,,,,,,,,0.0
2026-03-15 17:00:00,2.659e-05,,,,,,,,,0.0
2026-03-15 18:00:00,2.659e-05,,,,,,,,,0.0
2026-03-15 19:00:00,2.659e-05,,,,,,,,,0.0
2026-03-15 20:00:00,2.659e-05,,,,,,,,,0.0
2026-03-15 21:00:00,2.659e-05,,,,,,,,,0.0
2026-03-15 22:00:00,2.659e-05,,,,,,,,,0.0
2026-03-15 23:00:00,2.659e-05,,,,,,,,,0.0
2026-03-16 00:00:00,2.513e-05,,,,,,,,,0.0
2026-03-16 01:00:00,2.513e-05,,,,,,,,,0.0
2026-03-16 02:00:00,2.513e-05,,,,,,,,,0.0
2026-03-16 03:00:00,2.513e-05,,,,,,,,,0.0
2026-03-16 04:00:00,2.513e-05,,,,,,,,,0.0
2026-03-16 05:00:00,2.513e-05,,,,,,,,,0.0
2026-03-16 06:00:00,2.513e-05,,,,,,,,,0.0
2026-03-16 07:00:00,2.513e-05,,,,,,,,,0.0
2026-03-16 08:00:00,2.513e-05,,,,,,,,,0.0
2026-03-16 09:00:00,7.139e-05,,,,,,,,,0.0
2026-03-16 10:00:00,7.139e-05,,,,,,,,,0.0
2026-03-16 11:00:00,7.139e-05,,,,,,,,,0.0
2026-03-16 12:00:00,7.139e-05,,,,,,,,,0.0
2026-03-16 13:00:00,7.139e-05,,,,,,,,,0.0
2026-03-16 14:00:00,7.139e-05,,,,,,,,,0.0
2026-03-16 15:00:00,7.139e-05,,,,,,,,,0.0
2026-03-16 16:00:00,2.015e-05,,,,,,,,,0.0
2026-03-16 17:00:00,2.015e-05,,,,,,,,,0.0
2026-03-16 18:00:00,2.015e-05,,,,,,,,,0.0
2026-03-16 19:00:00,2.015e-05,,,,,,,,,0.0
2026-03-16 20:00:00,2.015e-05,,,,,,,,,0.0
2026-03-16 21:00:00,2.015e-05,,,,,,,,,0.0
2026-03-16 22:00:00,2.015e-05,,,,,,,,,0.0
2026-03-16 23:00:00,2.015e-05,,,,,,,,,0.0
2026-03-17 00:00:00,2.41e-06,,,,,,,,,0.0
2026-03-17 01:00:00,2.41e-06,,,,,,,,,0.0
2026-03-17 02:00:00,2.41e-06,,,,,,,,,0.0
2026-03-17 03:00:00,2.41e-06,,,,,,,,,0.0
2026-03-17 04:00:00,2.41e-06,,,,,,,,,0.0
2026-03-17 05:00:00,2.41e-06,,,,,,,,,0.0
2026-03-17 06:00:00,2.41e-06,,,,,,,,,0.0
2026-03-17 07:00:00,2.41e-06,,,,,,,,,0.0
2026-03-17 08:00:00,2.41e-06,,,,,,,,,0.0
2026-03-17 09:00:00,-2.505e-05,,,,,,,,,0.0
2026-03-17 10:00:00,-2.505e-05,,,,,,,,,0.0
2026-03-17 11:00:00,-2.505e-05,,,,,,,,,0.0
2026-03-17 12:00:00,-2.505e-05,,,,,,,,,0.0
2026-03-17 13:00:00,-2.505e-05,,,,,,,,,0.0
2026-03-17 14:00:00,-2.505e-05,,,,,,,,,0.0
2026-03-17 15:00:00,-2.505e-05,,,,,,,,,0.0
2026-03-17 16:00:00,-2.505e-05,,,,,,,,,0.0
2026-03-17 17:00:00,-1.26e-05,,,,,,,,,0.0
2026-03-17 18:00:00,-1.26e-05,,,,,,,,,0.0
2026-03-17 19:00:00,-1.26e-05,,,,,,,,,0.0
2026-03-17 20:00:00,-1.26e-05,,,,,,,,,0.0
2026-03-17 21:00:00,-1.26e-05,,,,,,,,,0.0
2026-03-17 22:00:00,-1.26e-05,,,,,,,,,0.0
2026-03-17 23:00:00,-1.26e-05,,,,,,,,,0.0
2026-03-18 00:00:00,-1.26e-05,,,,,,,,,0.0
2026-03-18 01:00:00,-6.569e-05,,,,,,,,,0.0
2026-03-18 02:00:00,-6.569e-05,,,,,,,,,0.0
2026-03-18 03:00:00,-6.569e-05,,,,,,,,,0.0
2026-03-18 04:00:00,-6.569e-05,,,,,,,,,0.0
2026-03-18 05:00:00,-6.569e-05,,,,,,,,,0.0
2026-03-18 06:00:00,-6.569e-05,,,,,,,,,0.0
2026-03-18 07:00:00,-6.569e-05,,,,,,,,,0.0
2026-03-18 08:00:00,-6.569e-05,,,,,,,,,0.0
2026-03-18 09:00:00,-4.813e-05,,,,,,,,,0.0
2026-03-18 10:00:00,-4.813e-05,,,,,,,,,0.0
2026-03-18 11:00:00,-4.813e-05,,,,,,,,,0.0
2026-03-18 12:00:00,-4.813e-05,,,,,,,,,0.0
2026-03-18 13:00:00,-4.813e-05,,,,,,,,,0.0
2026-03-18 14:00:00,-4.813e-05,,,,,,,,,0.0
2026-03-18 15:00:00,-4.813e-05,,,,,,,,,0.0
2026-03-18 16:00:00,-4.813e-05,,,,,,,,,0.0
2026-03-18 17:00:00,2.418e-05,,,,,,,,,0.0
2026-03-18 18:00:00,2.418e-05,,,,,,,,,0.0
2026-03-18 19:00:00,2.418e-05,,,,,,,,,0.0
2026-03-18 20:00:00,2.418e-05,,,,,,,,,0.0
2026-03-18 21:00:00,2.418e-05,,,,,,,,,0.0
2026-03-18 22:00:00,2.418e-05,,,,,,,,,0.0
2026-03-18 23:00:00,2.418e-05,,,,,,,,,0.0
2026-03-19 00:00:00,-9.74e-06,,,,,,,,,0.0
2026-03-19 01:00:00,-9.74e-06,,,,,,,,,0.0
2026-03-19 02:00:00,-9.74e-06,,,,,,,,,0.0
2026-03-19 03:00:00,-9.74e-06,,,,,,,,,0.0
2026-03-19 04:00:00,-9.74e-06,,,,,,,,,0.0
2026-03-19 05:00:00,-9.74e-06,,,,,,,,,0.0
2026-03-19 06:00:00,-9.74e-06,,,,,,,,,0.0
2026-03-19 07:00:00,-9.74e-06,,,,,,,,,0.0
2026-03-19 08:00:00,-9.74e-06,,,,,,,,,0.0
2026-03-19 09:00:00,-3.012e-05,,,,,,,,,0.0
2026-03-19 10:00:00,-3.012e-05,,,,,,,,,0.0
2026-03-19 11:00:00,-3.012e-05,,,,,,,,,0.0
2026-03-19 12:00:00,-3.012e-05,,,,,,,,,0.0
2026-03-19 13:00:00,-3.012e-05,,,,,,,,,0.0
2026-03-19 14:00:00,-3.012e-05,,,,,,,,,0.0
2026-03-19 15:00:00,-3.012e-05,,,,,,,,,0.0
2026-03-19 16:00:00,-3.012e-05,,,,,,,,,0.0
2026-03-19 17:00:00,1.205e-05,,,,,,,,,0.0
2026-03-19 18:00:00,1.205e-05,,,,,,,,,0.0
2026-03-19 19:00:00,1.205e-05,,,,,,,,,0.0
2026-03-19 20:00:00,1.205e-05,,,,,,,,,0.0
2026-03-19 21:00:00,1.205e-05,,,,,,,,,0.0
2026-03-19 22:00:00,1.205e-05,,,,,,,,,0.0
2026-03-19 23:00:00,1.205e-05,,,,,,,,,0.0
2026-03-20 00:00:00,1.205e-05,,,,,,,,,0.0
2026-03-20 01:00:00,6.25e-06,,,,,,,,,0.0
2026-03-20 02:00:00,6.25e-06,,,,,,,,,0.0
2026-03-20 03:00:00,6.25e-06,,,,,,,,,0.0
2026-03-20 04:00:00,6.25e-06,,,,,,,,,0.0
2026-03-20 05:00:00,6.25e-06,,,,,,,,,0.0
2026-03-20 06:00:00,6.25e-06,,,,,,,,,0.0
2026-03-20 07:00:00,6.25e-06,,,,,,,,,0.0
2026-03-20 08:00:00,7.53e-06,,,,,,,,,0.0
2026-03-20 09:00:00,7.53e-06,,,,,,,,,0.0
2026-03-20 10:00:00,7.53e-06,,,,,,,,,0.0
2026-03-20 11:00:00,7.53e-06,,,,,,,,,0.0
2026-03-20 12:00:00,7.53e-06,,,,,,,,,0.0
2026-03-20 13:00:00,7.53e-06,,,,,,,,,0.0
2026-03-20 14:00:00,7.53e-06,,,,,,,,,0.0
2026-03-20 15:00:00,7.53e-06,,,,,,,,,0.0
2026-03-20 16:00:00,-2.23e-06,,,,,,,,,0.0
2026-03-20 17:00:00,-2.23e-06,,,,,,,,,0.0
2026-03-20 18:00:00,-2.23e-06,,,,,,,,,0.0
2026-03-20 19:00:00,-2.23e-06,,,,,,,,,0.0
2026-03-20 20:00:00,-2.23e-06,,,,,,,,,0.0
2026-03-20 21:00:00,-2.23e-06,,,,,,,,,0.0
2026-03-20 22:00:00,-2.23e-06,,,,,,,,,0.0
2026-03-20 23:00:00,-2.23e-06,,,,,,,,,0.0
2026-03-21 00:00:00,-1.493e-05,,,,,,,,,0.0
2026-03-21 01:00:00,-1.493e-05,,,,,,,,,0.0
2026-03-21 02:00:00,-1.493e-05,,,,,,,,,0.0
2026-03-21 03:00:00,-1.493e-05,,,,,,,,,0.0
2026-03-21 04:00:00,-1.493e-05,,,,,,,,,0.0
2026-03-21 05:00:00,-1.493e-05,,,,,,,,,0.0
2026-03-21 06:00:00,-1.493e-05,,,,,,,,,0.0
2026-03-21 07:00:00,-1.493e-05,,,,,,,,,0.0
2026-03-21 08:00:00,-7.38e-06,,,,,,,,,0.0
2026-03-21 09:00:00,-7.38e-06,,,,,,,,,0.0
2026-03-21 10:00:00,-7.38e-06,,,,,,,,,0.0
2026-03-21 11:00:00,-7.38e-06,,,,,,,,,0.0
2026-03-21 12:00:00,-7.38e-06,,,,,,,,,0.0
2026-03-21 13:00:00,-7.38e-06,,,,,,,,,0.0
2026-03-21 14:00:00,-7.38e-06,,,,,,,,,0.0
2026-03-21 15:00:00,-7.38e-06,,,,,,,,,0.0
2026-03-21 16:00:00,-7.38e-06,,,,,,,,,0.0
2026-03-21 17:00:00,1.093e-05,,,,,,,,,0.0
2026-03-21 18:00:00,1.093e-05,,,,,,,,,0.0
2026-03-21 19:00:00,1.093e-05,,,,,,,,,0.0
2026-03-21 20:00:00,1.093e-05,,,,,,,,,0.0
2026-03-21 21:00:00,1.093e-05,,,,,,,,,0.0
2026-03-21 22:00:00,1.093e-05,,,,,,,,,0.0
2026-03-21 23:00:00,1.093e-05,,,,,,,,,0.0
2026-03-22 00:00:00,1.093e-05,,,,,,,,,0.0
2026-03-22 01:00:00,8.06e-06,,,,,,,,,0.0
2026-03-22 02:00:00,8.06e-06,,,,,,,,,0.0
2026-03-22 03:00:00,8.06e-06,,,,,,,,,0.0
2026-03-22 04:00:00,8.06e-06,,,,,,,,,0.0
2026-03-22 05:00:00,8.06e-06,,,,,,,,,0.0
2026-03-22 06:00:00,8.06e-06,,,,,,,,,0.0
2026-03-22 07:00:00,8.06e-06,,,,,,,,,0.0
2026-03-22 08:00:00,8.06e-06,,,,,,,,,0.0
2026-03-22 09:00:00,-4.425e-05,,,,,,,,,0.0
2026-03-22 10:00:00,-4.425e-05,,,,,,,,,0.0
2026-03-22 11:00:00,-4.425e-05,,,,,,,,,0.0
2026-03-22 12:00:00,-4.425e-05,,,,,,,,,0.0
2026-03-22 13:00:00,-4.425e-05,,,,,,,,,0.0
2026-03-22 14:00:00,-4.425e-05,,,,,,,,,0.0
2026-03-22 15:00:00,-4.425e-05,,,,,,,,,0.0
2026-03-22 16:00:00,-4.425e-05,,,,,,,,,0.0
2026-03-22 17:00:00,-6.837e-05,,,,,,,,,0.0
2026-03-22 18:00:00,-6.837e-05,,,,,,,,,0.0
2026-03-22 19:00:00,-6.837e-05,,,,,,,,,0.0
2026-03-22 20:00:00,-6.837e-05,,,,,,,,,0.0
2026-03-22 21:00:00,-6.837e-05,,,,,,,,,0.0
2026-03-22 22:00:00,-6.837e-05,,,,,,,,,0.0
2026-03-22 23:00:00,-6.837e-05,,,,,,,,,0.0
2026-03-23 00:00:00,-2.079e-05,,,,,,,,,0.0
2026-03-23 01:00:00,-2.079e-05,,,,,,,,,0.0
2026-03-23 02:00:00,-2.079e-05,,,,,,,,,0.0
2026-03-23 03:00:00,-2.079e-05,,,,,,,,,0.0
2026-03-23 04:00:00,-2.079e-05,,,,,,,,,0.0
2026-03-23 05:00:00,-2.079e-05,,,,,,,,,0.0
2026-03-23 06:00:00,-2.079e-05,,,,,,,,,0.0
2026-03-23 07:00:00,-2.079e-05,,,,,,,,,0.0
2026-03-23 08:00:00,-2.079e-05,,,,,,,,,0.0
2026-03-23 09:00:00,-2.863e-05,,,,,,,,,0.0
2026-03-23 10:00:00,-2.863e-05,,,,,,,,,0.0
2026-03-23 11:00:00,-2.863e-05,,,,,,,,,0.0
2026-03-23 12:00:00,-2.863e-05,,,,,,,,,0.0
2026-03-23 13:00:00,-2.863e-05,,,,,,,,,0.0
2026-03-23 14:00:00,-2.863e-05,,,,,,,,,0.0
2026-03-23 15:00:00,-2.863e-05,,,,,,,,,0.0
2026-03-23 16:00:00,-2.863e-05,,,,,,,,,0.0
2026-03-23 17:00:00,1.6e-06,,,,,,,,,0.0
2026-03-23 18:00:00,1.6e-06,,,,,,,,,0.0
2026-03-23 19:00:00,1.6e-06,,,,,,,,,0.0
2026-03-23 20:00:00,1.6e-06,,,,,,,,,0.0
2026-03-23 21:00:00,1.6e-06,,,,,,,,,0.0
2026-03-23 22:00:00,1.6e-06,,,,,,,,,0.0
2026-03-23 23:00:00,1.6e-06,,,,,,,,,0.0
2026-03-24 00:00:00,4.229e-05,,,,,,,,,0.0
2026-03-24 01:00:00,4.229e-05,,,,,,,,,0.0
2026-03-24 02:00:00,4.229e-05,,,,,,,,,0.0
2026-03-24 03:00:00,4.229e-05,,,,,,,,,0.0
2026-03-24 04:00:00,4.229e-05,,,,,,,,,0.0
2026-03-24 05:00:00,4.229e-05,,,,,,,,,0.0
2026-03-24 06:00:00,4.229e-05,,,,,,,,,0.0
2026-03-24 07:00:00,4.229e-05,,,,,,,,,0.0
2026-03-24 08:00:00,3.675e-05,,,,,,,,,0.0
2026-03-24 09:00:00,3.675e-05,,,,,,,,,0.0
2026-03-24 10:00:00,3.675e-05,,,,,,,,,0.0
2026-03-24 11:00:00,3.675e-05,,,,,,,,,0.0
2026-03-24 12:00:00,3.675e-05,,,,,,,,,0.0
2026-03-24 13:00:00,3.675e-05,,,,,,,,,0.0
2026-03-24 14:00:00,3.675e-05,,,,,,,,,0.0
2026-03-24 15:00:00,3.675e-05,,,,,,,,,0.0
2026-03-24 16:00:00,3.675e-05,,,,,,,,,0.0
2026-03-24 17:00:00,3.056e-05,,,,,,,,,0.0
2026-03-24 18:00:00,3.056e-05,,,,,,,,,0.0
2026-03-24 19:00:00,3.056e-05,,,,,,,,,0.0
2026-03-24 20:00:00,3.056e-05,,,,,,,,,0.0
2026-03-24 21:00:00,3.056e-05,,,,,,,,,0.0
2026-03-24 22:00:00,3.056e-05,,,,,,,,,0.0
2026-03-24 23:00:00,3.056e-05,,,,,,,,,0.0
2026-03-25 00:00:00,2.31e-05,,,,,,,,,0.0
2026-03-25 01:00:00,2.31e-05,,,,,,,,,0.0
2026-03-25 02:00:00,2.31e-05,,,,,,,,,0.0
2026-03-25 03:00:00,2.31e-05,,,,,,,,,0.0
2026-03-25 04:00:00,2.31e-05,,,,,,,,,0.0
2026-03-25 05:00:00,2.31e-05,,,,,,,,,0.0
2026-03-25 06:00:00,2.31e-05,,,,,,,,,0.0
2026-03-25 07:00:00,2.31e-05,,,,,,,,,0.0
2026-03-25 08:00:00,1.074e-05,,,,,,,,,0.0
2026-03-25 09:00:00,1.074e-05,,,,,,,,,0.0
2026-03-25 10:00:00,1.074e-05,,,,,,,,,0.0
2026-03-25 11:00:00,1.074e-05,,,,,,,,,0.0
2026-03-25 12:00:00,1.074e-05,,,,,,,,,0.0
2026-03-25 13:00:00,1.074e-05,,,,,,,,,0.0
2026-03-25 14:00:00,1.074e-05,,,,,,,,,0.0
2026-03-25 15:00:00,1.074e-05,,,,,,,,,0.0
2026-03-25 16:00:00,1.074e-05,,,,,,,,,0.0
2026-03-25 17:00:00,4.721e-05,,,,,,,,,0.0
2026-03-25 18:00:00,4.721e-05,,,,,,,,,0.0
2026-03-25 19:00:00,4.721e-05,,,,,,,,,0.0
2026-03-25 20:00:00,4.721e-05,,,,,,,,,0.0
2026-03-25 21:00:00,4.721e-05,,,,,,,,,0.0
2026-03-25 22:00:00,4.721e-05,,,,,,,,,0.0
2026-03-25 23:00:00,4.721e-05,,,,,,,,,0.0
2026-03-26 00:00:00,4.721e-05,,,,,,,,,0.0
2026-03-26 01:00:00,2.448e-05,,,,,,,,,0.0
2026-03-26 02:00:00,2.448e-05,,,,,,,,,0.0
2026-03-26 03:00:00,2.448e-05,,,,,,,,,0.0
2026-03-26 04:00:00,2.448e-05,,,,,,,,,0.0
2026-03-26 05:00:00,2.448e-05,,,,,,,,,0.0
2026-03-26 06:00:00,2.448e-05,,,,,,,,,0.0
2026-03-26 07:00:00,2.448e-05,,,,,,,,,0.0
2026-03-26 08:00:00,2.448e-05,,,,,,,,,0.0
2026-03-26 09:00:00,1.379e-05,,,,,,,,,0.0
2026-03-26 10:00:00,1.379e-05,,,,,,,,,0.0
2026-03-26 11:00:00,1.379e-05,,,,,,,,,0.0
2026-03-26 12:00:00,1.379e-05,,,,,,,,,0.0
2026-03-26 13:00:00,1.379e-05,,,,,,,,,0.0
2026-03-26 14:00:00,1.379e-05,,,,,,,,,0.0
2026-03-26 15:00:00,1.379e-05,,,,,,,,,0.0
2026-03-26 16:00:00,-2.103e-05,,,,,,,,,0.0
2026-03-26 17:00:00,-2.103e-05,,,,,,,,,0.0
2026-03-26 18:00:00,-2.103e-05,,,,,,,,,0.0
2026-03-26 19:00:00,-2.103e-05,,,,,,,,,0.0
2026-03-26 20:00:00,-2.103e-05,,,,,,,,,0.0
2026-03-26 21:00:00,-2.103e-05,,,,,,,,,0.0
2026-03-26 22:00:00,-2.103e-05,,,,,,,,,0.0
2026-03-26 23:00:00,-2.103e-05,,,,,,,,,0.0
2026-03-27 00:00:00,-2.103e-05,,,,,,,,,0.0
2026-03-27 01:00:00,2.925e-05,,,,,,,,,0.0
2026-03-27 02:00:00,2.925e-05,,,,,,,,,0.0
2026-03-27 03:00:00,2.925e-05,,,,,,,,,0.0
2026-03-27 04:00:00,2.925e-05,,,,,,,,,0.0
2026-03-27 05:00:00,2.925e-05,,,,,,,,,0.0
2026-03-27 06:00:00,2.925e-05,,,,,,,,,0.0
2026-03-27 07:00:00,2.925e-05,,,,,,,,,0.0
2026-03-27 08:00:00,-6.298e-05,,,,,,,,,0.0
2026-03-27 09:00:00,-6.298e-05,,,,,,,,,0.0
2026-03-27 10:00:00,-6.298e-05,,,,,,,,,0.0
2026-03-27 11:00:00,-6.298e-05,,,,,,,,,0.0
2026-03-27 12:00:00,-6.298e-05,,,,,,,,,0.0
2026-03-27 13:00:00,-6.298e-05,,,,,,,,,0.0
2026-03-27 14:00:00,-6.298e-05,,,,,,,,,0.0
2026-03-27 15:00:00,-6.298e-05,,,,,,,,,0.0
2026-03-27 16:00:00,-5.841e-05,,,,,,,,,0.0
2026-03-27 17:00:00,-5.841e-05,,,,,,,,,0.0
2026-03-27 18:00:00,-5.841e-05,,,,,,,,,0.0
2026-03-27 19:00:00,-5.841e-05,,,,,,,,,0.0
2026-03-27 20:00:00,-5.841e-05,,,,,,,,,0.0
2026-03-27 21:00:00,-5.841e-05,,,,,,,,,0.0
2026-03-27 22:00:00,-5.841e-05,,,,,,,,,0.0
2026-03-27 23:00:00,-5.841e-05,,,,,,,,,0.0
2026-03-28 00:00:00,-5.841e-05,,,,,,,,,0.0
2026-03-28 01:00:00,-8.088e-05,,,,,,,,,0.0
2026-03-28 02:00:00,-8.088e-05,,,,,,,,,0.0
2026-03-28 03:00:00,-8.088e-05,,,,,,,,,0.0
2026-03-28 04:00:00,-8.088e-05,,,,,,,,,0.0
2026-03-28 05:00:00,-8.088e-05,,,,,,,,,0.0
2026-03-28 06:00:00,-8.088e-05,,,,,,,,,0.0
2026-03-28 07:00:00,-8.088e-05,,,,,,,,,0.0
2026-03-28 08:00:00,-8.088e-05,,,,,,,,,0.0
2026-03-28 09:00:00,-7.604e-05,,,,,,,,,0.0
2026-03-28 10:00:00,-7.604e-05,,,,,,,,,0.0
2026-03-28 11:00:00,-7.604e-05,,,,,,,,,0.0
2026-03-28 12:00:00,-7.604e-05,,,,,,,,,0.0
2026-03-28 13:00:00,-7.604e-05,,,,,,,,,0.0
2026-03-28 14:00:00,-7.604e-05,,,,,,,,,0.0
2026-03-28 15:00:00,-7.604e-05,,,,,,,,,0.0
2026-03-28 16:00:00,-1.73e-06,,,,,,,,,0.0
2026-03-28 17:00:00,-1.73e-06,,,,,,,,,0.0
2026-03-28 18:00:00,-1.73e-06,,,,,,,,,0.0
2026-03-28 19:00:00,-1.73e-06,,,,,,,,,0.0
2026-03-28 20:00:00,-1.73e-06,,,,,,,,,0.0
2026-03-28 21:00:00,-1.73e-06,,,,,,,,,0.0
2026-03-28 22:00:00,-1.73e-06,,,,,,,,,0.0
2026-03-28 23:00:00,-1.73e-06,,,,,,,,,0.0
2026-03-29 00:00:00,-1.73e-06,,,,,,,,,0.0
2026-03-29 01:00:00,-3.68e-05,,,,,,,,,0.0
2026-03-29 02:00:00,-3.68e-05,,,,,,,,,0.0
2026-03-29 03:00:00,-3.68e-05,,,,,,,,,0.0
2026-03-29 04:00:00,-3.68e-05,,,,,,,,,0.0
2026-03-29 05:00:00,-3.68e-05,,,,,,,,,0.0
2026-03-29 06:00:00,-3.68e-05,,,,,,,,,0.0
2026-03-29 07:00:00,-3.68e-05,,,,,,,,,0.0
2026-03-29 08:00:00,-3.68e-05,,,,,,,,,0.0
2026-03-29 09:00:00,-1.2e-07,,,,,,,,,0.0
2026-03-29 10:00:00,-1.2e-07,,,,,,,,,0.0
2026-03-29 11:00:00,-1.2e-07,,,,,,,,,0.0
2026-03-29 12:00:00,-1.2e-07,,,,,,,,,0.0
2026-03-29 13:00:00,-1.2e-07,,,,,,,,,0.0
2026-03-29 14:00:00,-1.2e-07,,,,,,,,,0.0
2026-03-29 15:00:00,-1.2e-07,,,,,,,,,0.0
2026-03-29 16:00:00,2.677e-05,,,,,,,,,0.0
2026-03-29 17:00:00,2.677e-05,,,,,,,,,0.0
2026-03-29 18:00:00,2.677e-05,,,,,,,,,0.0
2026-03-29 19:00:00,2.677e-05,,,,,,,,,0.0
2026-03-29 20:00:00,2.677e-05,,,,,,,,,0.0
2026-03-29 21:00:00,2.677e-05,,,,,,,,,0.0
2026-03-29 22:00:00,2.677e-05,,,,,,,,,0.0
2026-03-29 23:00:00,2.677e-05,,,,,,,,,0.0
2026-03-30 00:00:00,3e-06,,,,,,,,,0.0
2026-03-30 01:00:00,3e-06,,,,,,,,,0.0
2026-03-30 02:00:00,3e-06,,,,,,,,,0.0
2026-03-30 03:00:00,3e-06,,,,,,,,,0.0
2026-03-30 04:00:00,3e-06,,,,,,,,,0.0
2026-03-30 05:00:00,3e-06,,,,,,,,,0.0
2026-03-30 06:00:00,3e-06,,,,,,,,,0.0
2026-03-30 07:00:00,3e-06,,,,,,,,,0.0
2026-03-30 08:00:00,3e-06,,,,,,,,,0.0
2026-03-30 09:00:00,4.92e-06,,,,,,,,,0.0
2026-03-30 10:00:00,4.92e-06,,,,,,,,,0.0
2026-03-30 11:00:00,4.92e-06,,,,,,,,,0.0
2026-03-30 12:00:00,4.92e-06,,,,,,,,,0.0
2026-03-30 13:00:00,4.92e-06,,,,,,,,,0.0
2026-03-30 14:00:00,4.92e-06,,,,,,,,,0.0
2026-03-30 15:00:00,4.92e-06,,,,,,,,,0.0
2026-03-30 16:00:00,7.58e-06,,,,,,,,,0.0
2026-03-30 17:00:00,7.58e-06,,,,,,,,,0.0
2026-03-30 18:00:00,7.58e-06,,,,,,,,,0.0
2026-03-30 19:00:00,7.58e-06,,,,,,,,,0.0
2026-03-30 20:00:00,7.58e-06,,,,,,,,,0.0
2026-03-30 21:00:00,7.58e-06,,,,,,,,,0.0
2026-03-30 22:00:00,7.58e-06,,,,,,,,,0.0
2026-03-30 23:00:00,7.58e-06,,,,,,,,,0.0
2026-03-31 00:00:00,1.16e-06,,,,,,,,,0.0
2026-03-31 01:00:00,1.16e-06,,,,,,,,,0.0
2026-03-31 02:00:00,1.16e-06,,,,,,,,,0.0
2026-03-31 03:00:00,1.16e-06,,,,,,,,,0.0
2026-03-31 04:00:00,1.16e-06,,,,,,,,,0.0
2026-03-31 05:00:00,1.16e-06,,,,,,,,,0.0
2026-03-31 06:00:00,1.16e-06,,,,,,,,,0.0
2026-03-31 07:00:00,1.16e-06,,,,,,,,,0.0
2026-03-31 08:00:00,-1.921e-05,,,,,,,,,0.0
2026-03-31 09:00:00,-1.921e-05,,,,,,,,,0.0
2026-03-31 10:00:00,-1.921e-05,,,,,,,,,0.0
2026-03-31 11:00:00,-1.921e-05,,,,,,,,,0.0
2026-03-31 12:00:00,-1.921e-05,,,,,,,,,0.0
2026-03-31 13:00:00,-1.921e-05,,,,,,,,,0.0
2026-03-31 14:00:00,-1.921e-05,,,,,,,,,0.0
2026-03-31 15:00:00,-1.921e-05,,,,,,,,,0.0
2026-03-31 16:00:00,-2.763e-05,,,,,,,,,0.0
2026-03-31 17:00:00,-2.763e-05,,,,,,,,,0.0
2026-03-31 18:00:00,-2.763e-05,,,,,,,,,0.0
2026-03-31 19:00:00,-2.763e-05,,,,,,,,,0.0
2026-03-31 20:00:00,-2.763e-05,,,,,,,,,0.0
2026-03-31 21:00:00,-2.763e-05,,,,,,,,,0.0
2026-03-31 22:00:00,-2.763e-05,,,,,,,,,0.0
2026-03-31 23:00:00,-2.763e-05,,,,,,,,,0.0
2026-04-01 00:00:00,-3.449e-05,,,,,,,,,0.0
2026-04-01 01:00:00,-3.449e-05,,,,,,,,,0.0
2026-04-01 02:00:00,-3.449e-05,,,,,,,,,0.0
2026-04-01 03:00:00,-3.449e-05,,,,,,,,,0.0
2026-04-01 04:00:00,-3.449e-05,,,,,,,,,0.0
2026-04-01 05:00:00,-3.449e-05,,,,,,,,,0.0
2026-04-01 06:00:00,-3.449e-05,,,,,,,,,0.0
2026-04-01 07:00:00,-3.449e-05,,,,,,,,,0.0
2026-04-01 08:00:00,-4.61e-06,,,,,,,,,0.0
2026-04-01 09:00:00,-4.61e-06,,,,,,,,,0.0
2026-04-01 10:00:00,-4.61e-06,,,,,,,,,0.0
2026-04-01 11:00:00,-4.61e-06,,,,,,,,,0.0
2026-04-01 12:00:00,-4.61e-06,,,,,,,,,0.0
2026-04-01 13:00:00,-4.61e-06,,,,,,,,,0.0
2026-04-01 14:00:00,-4.61e-06,,,,,,,,,0.0
2026-04-01 15:00:00,-4.61e-06,,,,,,,,,0.0
2026-04-01 16:00:00,5.77e-06,,,,,,,,,0.0
2026-04-01 17:00:00,5.77e-06,,,,,,,,,0.0
2026-04-01 18:00:00,5.77e-06,,,,,,,,,0.0
2026-04-01 19:00:00,5.77e-06,,,,,,,,,0.0
2026-04-01 20:00:00,5.77e-06,,,,,,,,,0.0
2026-04-01 21:00:00,5.77e-06,,,,,,,,,0.0
2026-04-01 22:00:00,5.77e-06,,,,,,,,,0.0
2026-04-01 23:00:00,5.77e-06,,,,,,,,,0.0
2026-04-02 00:00:00,5.77e-06,,,,,,,,,0.0
2026-04-02 01:00:00,3.521e-05,,,,,,,,,0.0
2026-04-02 02:00:00,3.521e-05,,,,,,,,,0.0
2026-04-02 03:00:00,3.521e-05,,,,,,,,,0.0
2026-04-02 04:00:00,3.521e-05,,,,,,,,,0.0
2026-04-02 05:00:00,3.521e-05,,,,,,,,,0.0
2026-04-02 06:00:00,3.521e-05,,,,,,,,,0.0
2026-04-02 07:00:00,3.521e-05,,,,,,,,,0.0
2026-04-02 08:00:00,3.521e-05,,,,,,,,,0.0
2026-04-02 09:00:00,8.45e-06,,,,,,,,,0.0
2026-04-02 10:00:00,8.45e-06,,,,,,,,,0.0
2026-04-02 11:00:00,8.45e-06,,,,,,,,,0.0
2026-04-02 12:00:00,8.45e-06,,,,,,,,,0.0
2026-04-02 13:00:00,8.45e-06,,,,,,,,,0.0
2026-04-02 14:00:00,8.45e-06,,,,,,,,,0.0
2026-04-02 15:00:00,8.45e-06,,,,,,,,,0.0
2026-04-02 16:00:00,8.45e-06,,,,,,,,,0.0
2026-04-02 17:00:00,-7.398e-05,,,,,,,,,0.0
2026-04-02 18:00:00,-7.398e-05,,,,,,,,,0.0
2026-04-02 19:00:00,-7.398e-05,,,,,,,,,0.0
2026-04-02 20:00:00,-7.398e-05,,,,,,,,,0.0
2026-04-02 21:00:00,-7.398e-05,,,,,,,,,0.0
2026-04-02 22:00:00,-7.398e-05,,,,,,,,,0.0
2026-04-02 23:00:00,-7.398e-05,,,,,,,,,0.0
2026-04-03 00:00:00,-8.31e-06,,,,,,,,,0.0
2026-04-03 01:00:00,-8.31e-06,,,,,,,,,0.0
2026-04-03 02:00:00,-8.31e-06,,,,,,,,,0.0
2026-04-03 03:00:00,-8.31e-06,,,,,,,,,0.0
2026-04-03 04:00:00,-8.31e-06,,,,,,,,,0.0
2026-04-03 05:00:00,-8.31e-06,,,,,,,,,0.0
2026-04-03 06:00:00,-8.31e-06,,,,,,,,,0.0
2026-04-03 07:00:00,-8.31e-06,,,,,,,,,0.0
2026-04-03 08:00:00,-8.31e-06,,,,,,,,,0.0
2026-04-03 09:00:00,-5.99e-06,,,,,,,,,0.0
2026-04-03 10:00:00,-5.99e-06,,,,,,,,,0.0
2026-04-03 11:00:00,-5.99e-06,,,,,,,,,0.0
2026-04-03 12:00:00,-5.99e-06,,,,,,,,,0.0
2026-04-03 13:00:00,-5.99e-06,,,,,,,,,0.0
2026-04-03 14:00:00,-5.99e-06,,,,,,,,,0.0
2026-04-03 15:00:00,-5.99e-06,,,,,,,,,0.0
2026-04-03 16:00:00,-5.99e-06,,,,,,,,,0.0
2026-04-03 17:00:00,3.51e-06,,,,,,,,,0.0
2026-04-03 18:00:00,3.51e-06,,,,,,,,,0.0
2026-04-03 19:00:00,3.51e-06,,,,,,,,,0.0
2026-04-03 20:00:00,3.51e-06,,,,,,,,,0.0
2026-04-03 21:00:00,3.51e-06,,,,,,,,,0.0
2026-04-03 22:00:00,3.51e-06,,,,,,,,,0.0
2026-04-03 23:00:00,3.51e-06,,,,,,,,,0.0
2026-04-04 00:00:00,3.761e-05,,,,,,,,,0.0
2026-04-04 01:00:00,3.761e-05,,,,,,,,,0.0
2026-04-04 02:00:00,3.761e-05,,,,,,,,,0.0
2026-04-04 03:00:00,3.761e-05,,,,,,,,,0.0
2026-04-04 04:00:00,3.761e-05,,,,,,,,,0.0
2026-04-04 05:00:00,3.761e-05,,,,,,,,,0.0
2026-04-04 06:00:00,3.761e-05,,,,,,,,,0.0
2026-04-04 07:00:00,3.761e-05,,,,,,,,,0.0
2026-04-04 08:00:00,3.761e-05,,,,,,,,,0.0
2026-04-04 09:00:00,4.115e-05,,,,,,,,,0.0
2026-04-04 10:00:00,4.115e-05,,,,,,,,,0.0
2026-04-04 11:00:00,4.115e-05,,,,,,,,,0.0
2026-04-04 12:00:00,4.115e-05,,,,,,,,,0.0
2026-04-04 13:00:00,4.115e-05,,,,,,,,,0.0
2026-04-04 14:00:00,4.115e-05,,,,,,,,,0.0
2026-04-04 15:00:00,4.115e-05,,,,,,,,,0.0
2026-04-04 16:00:00,1.651e-05,,,,,,,,,0.0
2026-04-04 17:00:00,1.651e-05,,,,,,,,,0.0
2026-04-04 18:00:00,1.651e-05,,,,,,,,,0.0
2026-04-04 19:00:00,1.651e-05,,,,,,,,,0.0
2026-04-04 20:00:00,1.651e-05,,,,,,,,,0.0
2026-04-04 21:00:00,1.651e-05,,,,,,,,,0.0
2026-04-04 22:00:00,1.651e-05,,,,,,,,,0.0
2026-04-04 23:00:00,1.651e-05,,,,,,,,,0.0
2026-04-05 00:00:00,1.651e-05,,,,,,,,,0.0
2026-04-05 01:00:00,2.407e-05,,,,,,,,,0.0
2026-04-05 02:00:00,2.407e-05,,,,,,,,,0.0
2026-04-05 03:00:00,2.407e-05,,,,,,,,,0.0
2026-04-05 04:00:00,2.407e-05,,,,,,,,,0.0
2026-04-05 05:00:00,2.407e-05,,,,,,,,,0.0
2026-04-05 06:00:00,2.407e-05,,,,,,,,,0.0
2026-04-05 07:00:00,2.407e-05,,,,,,,,,0.0
2026-04-05 08:00:00,3.812e-05,,,,,,,,,0.0
2026-04-05 09:00:00,3.812e-05,,,,,,,,,0.0
2026-04-05 10:00:00,3.812e-05,,,,,,,,,0.0
2026-04-05 11:00:00,3.812e-05,,,,,,,,,0.0
2026-04-05 12:00:00,3.812e-05,,,,,,,,,0.0
2026-04-05 13:00:00,3.812e-05,,,,,,,,,0.0
2026-04-05 14:00:00,3.812e-05,,,,,,,,,0.0
2026-04-05 15:00:00,3.812e-05,,,,,,,,,0.0
2026-04-05 16:00:00,3.812e-05,,,,,,,,,0.0
2026-04-05 17:00:00,1.889e-05,,,,,,,,,0.0
2026-04-05 18:00:00,1.889e-05,,,,,,,,,0.0
2026-04-05 19:00:00,1.889e-05,,,,,,,,,0.0
2026-04-05 20:00:00,1.889e-05,,,,,,,,,0.0
2026-04-05 21:00:00,1.889e-05,,,,,,,,,0.0
2026-04-05 22:00:00,1.889e-05,,,,,,,,,0.0
2026-04-05 23:00:00,1.889e-05,,,,,,,,,0.0
2026-04-06 00:00:00,1.889e-05,,,,,,,,,0.0
2026-04-06 01:00:00,7.073e-05,,,,,,,,,0.0
2026-04-06 02:00:00,7.073e-05,,,,,,,,,0.0
2026-04-06 03:00:00,7.073e-05,,,,,,,,,0.0
2026-04-06 04:00:00,7.073e-05,,,,,,,,,0.0
2026-04-06 05:00:00,7.073e-05,,,,,,,,,0.0
2026-04-06 06:00:00,7.073e-05,,,,,,,,,0.0
2026-04-06 07:00:00,7.073e-05,,,,,,,,,0.0
2026-04-06 08:00:00,7.073e-05,,,,,,,,,0.0
2026-04-06 09:00:00,5.544e-05,,,,,,,,,0.0
2026-04-06 10:00:00,5.544e-05,,,,,,,,,0.0
2026-04-06 11:00:00,5.544e-05,,,,,,,,,0.0
2026-04-06 12:00:00,5.544e-05,,,,,,,,,0.0
2026-04-06 13:00:00,5.544e-05,,,,,,,,,0.0
2026-04-06 14:00:00,5.544e-05,,,,,,,,,0.0
2026-04-06 15:00:00,5.544e-05,,,,,,,,,0.0
2026-04-06 16:00:00,5.544e-05,,,,,,,,,0.0
2026-04-06 17:00:00,4.23e-06,,,,,,,,,0.0
2026-04-06 18:00:00,4.23e-06,,,,,,,,,0.0
2026-04-06 19:00:00,4.23e-06,,,,,,,,,0.0
2026-04-06 20:00:00,4.23e-06,,,,,,,,,0.0
2026-04-06 21:00:00,4.23e-06,,,,,,,,,0.0
2026-04-06 22:00:00,4.23e-06,,,,,,,,,0.0
2026-04-06 23:00:00,4.23e-06,,,,,,,,,0.0
2026-04-07 00:00:00,-3.15e-06,,,,,,,,,0.0
2026-04-07 01:00:00,-3.15e-06,,,,,,,,,0.0
2026-04-07 02:00:00,-3.15e-06,,,,,,,,,0.0
2026-04-07 03:00:00,-3.15e-06,,,,,,,,,0.0
2026-04-07 04:00:00,-3.15e-06,,,,,,,,,0.0
2026-04-07 05:00:00,-3.15e-06,,,,,,,,,0.0
2026-04-07 06:00:00,-3.15e-06,,,,,,,,,0.0
2026-04-07 07:00:00,-3.15e-06,,,,,,,,,0.0
2026-04-07 08:00:00,3.703e-05,,,,,,,,,0.0
2026-04-07 09:00:00,3.703e-05,,,,,,,,,0.0
2026-04-07 10:00:00,3.703e-05,,,,,,,,,0.0
2026-04-07 11:00:00,3.703e-05,,,,,,,,,0.0
2026-04-07 12:00:00,3.703e-05,,,,,,,,,0.0
2026-04-07 13:00:00,3.703e-05,,,,,,,,,0.0
2026-04-07 14:00:00,3.703e-05,,,,,,,,,0.0
2026-04-07 15:00:00,3.703e-05,,,,,,,,,0.0
2026-04-07 16:00:00,7.393e-05,,,,,,,,,0.0
2026-04-07 17:00:00,7.393e-05,,,,,,,,,0.0
2026-04-07 18:00:00,7.393e-05,,,,,,,,,0.0
2026-04-07 19:00:00,7.393e-05,,,,,,,,,0.0
2026-04-07 20:00:00,7.393e-05,,,,,,,,,0.0
2026-04-07 21:00:00,7.393e-05,,,,,,,,,0.0
2026-04-07 22:00:00,7.393e-05,,,,,,,,,0.0
2026-04-07 23:00:00,7.393e-05,,,,,,,,,0.0
2026-04-08 00:00:00,6.02e-05,,,,,,,,,0.0
2026-04-08 01:00:00,6.02e-05,,,,,,,,,0.0
2026-04-08 02:00:00,6.02e-05,,,,,,,,,0.0
2026-04-08 03:00:00,6.02e-05,,,,,,,,,0.0
2026-04-08 04:00:00,6.02e-05,,,,,,,,,0.0
2026-04-08 05:00:00,6.02e-05,,,,,,,,,0.0
2026-04-08 06:00:00,6.02e-05,,,,,,,,,0.0
2026-04-08 07:00:00,6.02e-05,,,,,,,,,0.0
2026-04-08 08:00:00,1.563e-05,,,,,,,,,0.0
2026-04-08 09:00:00,1.563e-05,,,,,,,,,0.0
2026-04-08 10:00:00,1.563e-05,,,,,,,,,0.0
2026-04-08 11:00:00,1.563e-05,,,,,,,,,0.0
2026-04-08 12:00:00,1.563e-05,,,,,,,,,0.0
2026-04-08 13:00:00,1.563e-05,,,,,,,,,0.0
2026-04-08 14:00:00,1.563e-05,,,,,,,,,0.0
2026-04-08 15:00:00,1.563e-05,,,,,,,,,0.0
2026-04-08 16:00:00,1.563e-05,,,,,,,,,0.0
2026-04-08 17:00:00,4.048e-05,,,,,,,,,0.0
2026-04-08 18:00:00,4.048e-05,,,,,,,,,0.0
2026-04-08 19:00:00,4.048e-05,,,,,,,,,0.0
2026-04-08 20:00:00,4.048e-05,,,,,,,,,0.0
2026-04-08 21:00:00,4.048e-05,,,,,,,,,0.0
2026-04-08 22:00:00,4.048e-05,,,,,,,,,0.0
2026-04-08 23:00:00,4.048e-05,,,,,,,,,0.0
2026-04-09 00:00:00,-1.47e-06,,,,,,,,,0.0
2026-04-09 01:00:00,-1.47e-06,,,,,,,,,0.0
2026-04-09 02:00:00,-1.47e-06,,,,,,,,,0.0
2026-04-09 03:00:00,-1.47e-06,,,,,,,,,0.0
2026-04-09 04:00:00,-1.47e-06,,,,,,,,,0.0
2026-04-09 05:00:00,-1.47e-06,,,,,,,,,0.0
2026-04-09 06:00:00,-1.47e-06,,,,,,,,,0.0
2026-04-09 07:00:00,-1.47e-06,,,,,,,,,0.0
2026-04-09 08:00:00,-1.47e-06,,,,,,,,,0.0
2026-04-09 09:00:00,5.239e-05,,,,,,,,,0.0
2026-04-09 10:00:00,5.239e-05,,,,,,,,,0.0
2026-04-09 11:00:00,5.239e-05,,,,,,,,,0.0
2026-04-09 12:00:00,5.239e-05,,,,,,,,,0.0
2026-04-09 13:00:00,5.239e-05,,,,,,,,,0.0
2026-04-09 14:00:00,5.239e-05,,,,,,,,,0.0
2026-04-09 15:00:00,5.239e-05,,,,,,,,,0.0
2026-04-09 16:00:00,5.239e-05,,,,,,,,,0.0
2026-04-09 17:00:00,-1.986e-05,,,,,,,,,0.0
2026-04-09 18:00:00,-1.986e-05,,,,,,,,,0.0
2026-04-09 19:00:00,-1.986e-05,,,,,,,,,0.0
2026-04-09 20:00:00,-1.986e-05,,,,,,,,,0.0
2026-04-09 21:00:00,-1.986e-05,,,,,,,,,0.0
2026-04-09 22:00:00,-1.986e-05,,,,,,,,,0.0
2026-04-09 23:00:00,-1.986e-05,,,,,,,,,0.0
2026-04-10 00:00:00,4.11e-06,,,,,,,,,0.0
2026-04-10 01:00:00,4.11e-06,,,,,,,,,0.0
2026-04-10 02:00:00,4.11e-06,,,,,,,,,0.0
2026-04-10 03:00:00,4.11e-06,,,,,,,,,0.0
2026-04-10 04:00:00,4.11e-06,,,,,,,,,0.0
2026-04-10 05:00:00,4.11e-06,,,,,,,,,0.0
2026-04-10 06:00:00,4.11e-06,,,,,,,,,0.0
2026-04-10 07:00:00,4.11e-06,,,,,,,,,0.0
2026-04-10 08:00:00,4.11e-06,,,,,,,,,0.0
2026-04-10 09:00:00,2.458e-05,,,,,,,,,0.0
2026-04-10 10:00:00,2.458e-05,,,,,,,,,0.0
2026-04-10 11:00:00,2.458e-05,,,,,,,,,0.0
2026-04-10 12:00:00,2.458e-05,,,,,,,,,0.0
2026-04-10 13:00:00,2.458e-05,,,,,,,,,0.0
2026-04-10 14:00:00,2.458e-05,,,,,,,,,0.0
2026-04-10 15:00:00,2.458e-05,,,,,,,,,0.0
2026-04-10 16:00:00,-2.187e-05,,,,,,,,,0.0
2026-04-10 17:00:00,-2.187e-05,,,,,,,,,0.0
2026-04-10 18:00:00,-2.187e-05,,,,,,,,,0.0
2026-04-10 19:00:00,-2.187e-05,,,,,,,,,0.0
2026-04-10 20:00:00,-2.187e-05,,,,,,,,,0.0
2026-04-10 21:00:00,-2.187e-05,,,,,,,,,0.0
2026-04-10 22:00:00,-2.187e-05,,,,,,,,,0.0
2026-04-10 23:00:00,-2.187e-05,,,,,,,,,0.0
2026-04-11 00:00:00,-7.225e-05,,,,,,,,,0.0
2026-04-11 01:00:00,-7.225e-05,,,,,,,,,0.0
2026-04-11 02:00:00,-7.225e-05,,,,,,,,,0.0
2026-04-11 03:00:00,-7.225e-05,,,,,,,,,0.0
2026-04-11 04:00:00,-7.225e-05,,,,,,,,,0.0
2026-04-11 05:00:00,-7.225e-05,,,,,,,,,0.0
2026-04-11 06:00:00,-7.225e-05,,,,,,,,,0.0
2026-04-11 07:00:00,-7.225e-05,,,,,,,,,0.0
2026-04-11 08:00:00,-6.083e-05,,,,,,,,,0.0
2026-04-11 09:00:00,-6.083e-05,,,,,,,,,0.0
2026-04-11 10:00:00,-6.083e-05,,,,,,,,,0.0
2026-04-11 11:00:00,-6.083e-05,,,,,,,,,0.0
2026-04-11 12:00:00,-6.083e-05,,,,,,,,,0.0
2026-04-11 13:00:00,-6.083e-05,,,,,,,,,0.0
2026-04-11 14:00:00,-6.083e-05,,,,,,,,,0.0
2026-04-11 15:00:00,-6.083e-05,,,,,,,,,0.0
2026-04-11 16:00:00,-6.083e-05,,,,,,,,,0.0
2026-04-11 17:00:00,-6.755e-05,,,,,,,,,0.0
2026-04-11 18:00:00,-6.755e-05,,,,,,,,,0.0
2026-04-11 19:00:00,-6.755e-05,,,,,,,,,0.0
2026-04-11 20:00:00,-6.755e-05,,,,,,,,,0.0
2026-04-11 21:00:00,-6.755e-05,,,,,,,,,0.0
2026-04-11 22:00:00,-6.755e-05,,,,,,,,,0.0
2026-04-11 23:00:00,-6.755e-05,,,,,,,,,0.0
2026-04-12 00:00:00,-8.108e-05,,,,,,,,,0.0
2026-04-12 01:00:00,-8.108e-05,,,,,,,,,0.0
2026-04-12 02:00:00,-8.108e-05,,,,,,,,,0.0
2026-04-12 03:00:00,-8.108e-05,,,,,,,,,0.0
2026-04-12 04:00:00,-8.108e-05,,,,,,,,,0.0
2026-04-12 05:00:00,-8.108e-05,,,,,,,,,0.0
2026-04-12 06:00:00,-8.108e-05,,,,,,,,,0.0
2026-04-12 07:00:00,-8.108e-05,,,,,,,,,0.0
2026-04-12 08:00:00,-3.69e-05,,,,,,,,,0.0
2026-04-12 09:00:00,-3.69e-05,,,,,,,,,0.0
2026-04-12 10:00:00,-3.69e-05,,,,,,,,,0.0
2026-04-12 11:00:00,-3.69e-05,,,,,,,,,0.0
2026-04-12 12:00:00,-3.69e-05,,,,,,,,,0.0
2026-04-12 13:00:00,-3.69e-05,,,,,,,,,0.0
2026-04-12 14:00:00,-3.69e-05,,,,,,,,,0.0
2026-04-12 15:00:00,-3.69e-05,,,,,,,,,0.0
2026-04-12 16:00:00,-3.35e-06,,,,,,,,,0.0
2026-04-12 17:00:00,-3.35e-06,,,,,,,,,0.0
2026-04-12 18:00:00,-3.35e-06,,,,,,,,,0.0
2026-04-12 19:00:00,-3.35e-06,,,,,,,,,0.0
2026-04-12 20:00:00,-3.35e-06,,,,,,,,,0.0
2026-04-12 21:00:00,-3.35e-06,,,,,,,,,0.0
2026-04-12 22:00:00,-3.35e-06,,,,,,,,,0.0
2026-04-12 23:00:00,-3.35e-06,,,,,,,,,0.0
2026-04-13 00:00:00,-3.35e-06,,,,,,,,,0.0
2026-04-13 01:00:00,-2.34e-06,,,,,,,,,0.0
2026-04-13 02:00:00,-2.34e-06,,,,,,,,,0.0
2026-04-13 03:00:00,-2.34e-06,,,,,,,,,0.0
2026-04-13 04:00:00,-2.34e-06,,,,,,,,,0.0
2026-04-13 05:00:00,-2.34e-06,,,,,,,,,0.0
2026-04-13 06:00:00,-2.34e-06,,,,,,,,,0.0
2026-04-13 07:00:00,-2.34e-06,,,,,,,,,0.0
2026-04-13 08:00:00,-2.34e-06,,,,,,,,,0.0
2026-04-13 09:00:00,-1.83e-06,,,,,,,,,0.0
2026-04-13 10:00:00,-1.83e-06,,,,,,,,,0.0
2026-04-13 11:00:00,-1.83e-06,,,,,,,,,0.0
2026-04-13 12:00:00,-1.83e-06,,,,,,,,,0.0
2026-04-13 13:00:00,-1.83e-06,,,,,,,,,0.0
2026-04-13 14:00:00,-1.83e-06,,,,,,,,,0.0
2026-04-13 15:00:00,-1.83e-06,,,,,,,,,0.0
2026-04-13 16:00:00,-5.409e-05,,,,,,,,,0.0
2026-04-13 17:00:00,-5.409e-05,,,,,,,,,0.0
2026-04-13 18:00:00,-5.409e-05,,,,,,,,,0.0
2026-04-13 19:00:00,-5.409e-05,,,,,,,,,0.0
2026-04-13 20:00:00,-5.409e-05,,,,,,,,,0.0
2026-04-13 21:00:00,-5.409e-05,,,,,,,,,0.0
2026-04-13 22:00:00,-5.409e-05,,,,,,,,,0.0
2026-04-13 23:00:00,-5.409e-05,,,,,,,,,0.0
2026-04-14 00:00:00,-5.409e-05,,,,,,,,,0.0
2026-04-14 01:00:00,-5.854e-05,,,,,,,,,0.0
2026-04-14 02:00:00,-5.854e-05,,,,,,,,,0.0
2026-04-14 03:00:00,-5.854e-05,,,,,,,,,0.0
2026-04-14 04:00:00,-5.854e-05,,,,,,,,,0.0
2026-04-14 05:00:00,-5.854e-05,,,,,,,,,0.0
2026-04-14 06:00:00,-5.854e-05,,,,,,,,,0.0
2026-04-14 07:00:00,-5.854e-05,,,,,,,,,0.0
2026-04-14 08:00:00,-5.854e-05,,,,,,,,,0.0
2026-04-14 09:00:00,2.732e-05,,,,,,,,,0.0
2026-04-14 10:00:00,2.732e-05,,,,,,,,,0.0
2026-04-14 11:00:00,2.732e-05,,,,,,,,,0.0
2026-04-14 12:00:00,2.732e-05,,,,,,,,,0.0
2026-04-14 13:00:00,2.732e-05,,,,,,,,,0.0
2026-04-14 14:00:00,2.732e-05,,,,,,,,,0.0
2026-04-14 15:00:00,2.732e-05,,,,,,,,,0.0
2026-04-14 16:00:00,2.732e-05,,,,,,,,,0.0
2026-04-14 17:00:00,-5.234e-05,,,,,,,,,0.0
2026-04-14 18:00:00,-5.234e-05,,,,,,,,,0.0
2026-04-14 19:00:00,-5.234e-05,,,,,,,,,0.0
2026-04-14 20:00:00,-5.234e-05,,,,,,,,,0.0
2026-04-14 21:00:00,-5.234e-05,,,,,,,,,0.0
2026-04-14 22:00:00,-5.234e-05,,,,,,,,,0.0
2026-04-14 23:00:00,-5.234e-05,,,,,,,,,0.0
2026-04-15 00:00:00,-9.313e-05,,,,,,,,,0.0
2026-04-15 01:00:00,-9.313e-05,,,,,,,,,0.0
2026-04-15 02:00:00,-9.313e-05,,,,,,,,,0.0
2026-04-15 03:00:00,-9.313e-05,,,,,,,,,0.0
2026-04-15 04:00:00,-9.313e-05,,,,,,,,,0.0
2026-04-15 05:00:00,-9.313e-05,,,,,,,,,0.0
2026-04-15 06:00:00,-9.313e-05,,,,,,,,,0.0
2026-04-15 07:00:00,-9.313e-05,,,,,,,,,0.0
2026-04-15 08:00:00,-5.085e-05,,,,,,,,,0.0
2026-04-15 09:00:00,-5.085e-05,,,,,,,,,0.0
2026-04-15 10:00:00,-5.085e-05,,,,,,,,,0.0
2026-04-15 11:00:00,-5.085e-05,,,,,,,,,0.0
2026-04-15 12:00:00,-5.085e-05,,,,,,,,,0.0
2026-04-15 13:00:00,-5.085e-05,,,,,,,,,0.0
2026-04-15 14:00:00,-5.085e-05,,,,,,,,,0.0
2026-04-15 15:00:00,-5.085e-05,,,,,,,,,0.0
2026-04-15 16:00:00,-7.151e-05,,,,,,,,,0.0
2026-04-15 17:00:00,-7.151e-05,,,,,,,,,0.0
2026-04-15 18:00:00,-7.151e-05,,,,,,,,,0.0
2026-04-15 19:00:00,-7.151e-05,,,,,,,,,0.0
2026-04-15 20:00:00,-7.151e-05,,,,,,,,,0.0
2026-04-15 21:00:00,-7.151e-05,,,,,,,,,0.0
2026-04-15 22:00:00,-7.151e-05,,,,,,,,,0.0
2026-04-15 23:00:00,-7.151e-05,,,,,,,,,0.0
2026-04-16 00:00:00,-7.151e-05,,,,,,,,,0.0
2026-04-16 01:00:00,-3.418e-05,,,,,,,,,0.0
2026-04-16 02:00:00,-3.418e-05,,,,,,,,,0.0
2026-04-16 03:00:00,-3.418e-05,,,,,,,,,0.0
2026-04-16 04:00:00,-3.418e-05,,,,,,,,,0.0
2026-04-16 05:00:00,-3.418e-05,,,,,,,,,0.0
2026-04-16 06:00:00,-3.418e-05,,,,,,,,,0.0
2026-04-16 07:00:00,-3.418e-05,,,,,,,,,0.0
2026-04-16 08:00:00,-2.841e-05,,,,,,,,,0.0
2026-04-16 09:00:00,-2.841e-05,,,,,,,,,0.0
2026-04-16 10:00:00,-2.841e-05,,,,,,,,,0.0
2026-04-16 11:00:00,-2.841e-05,,,,,,,,,0.0
2026-04-16 12:00:00,-2.841e-05,,,,,,,,,0.0
2026-04-16 13:00:00,-2.841e-05,,,,,,,,,0.0
2026-04-16 14:00:00,-2.841e-05,,,,,,,,,0.0
2026-04-16 15:00:00,-2.841e-05,,,,,,,,,0.0
2026-04-16 16:00:00,-2.225e-05,,,,,,,,,0.0
2026-04-16 17:00:00,-2.225e-05,,,,,,,,,0.0
2026-04-16 18:00:00,-2.225e-05,,,,,,,,,0.0
2026-04-16 19:00:00,-2.225e-05,,,,,,,,,0.0
2026-04-16 20:00:00,-2.225e-05,,,,,,,,,0.0
2026-04-16 21:00:00,-2.225e-05,,,,,,,,,0.0
2026-04-16 22:00:00,-2.225e-05,,,,,,,,,0.0
2026-04-16 23:00:00,-2.225e-05,,,,,,,,,0.0
2026-04-17 00:00:00,-2.225e-05,,,,,,,,,0.0
2026-04-17 01:00:00,3.297e-05,,,,,,,,,0.0
2026-04-17 02:00:00,3.297e-05,,,,,,,,,0.0
2026-04-17 03:00:00,3.297e-05,,,,,,,,,0.0
2026-04-17 04:00:00,3.297e-05,,,,,,,,,0.0
2026-04-17 05:00:00,3.297e-05,,,,,,,,,0.0
2026-04-17 06:00:00,3.297e-05,,,,,,,,,0.0
2026-04-17 07:00:00,3.297e-05,,,,,,,,,0.0
2026-04-17 08:00:00,3.297e-05,,,,,,,,,0.0
2026-04-17 09:00:00,2.781e-05,,,,,,,,,0.0
2026-04-17 10:00:00,2.781e-05,,,,,,,,,0.0
2026-04-17 11:00:00,2.781e-05,,,,,,,,,0.0
2026-04-17 12:00:00,2.781e-05,,,,,,,,,0.0
2026-04-17 13:00:00,2.781e-05,,,,,,,,,0.0
2026-04-17 14:00:00,2.781e-05,,,,,,,,,0.0
2026-04-17 15:00:00,2.781e-05,,,,,,,,,0.0
2026-04-17 16:00:00,2.781e-05,,,,,,,,,0.0
2026-04-17 17:00:00,-0.00010789,,,,,,,,,0.0
2026-04-17 18:00:00,-0.00010789,,,,,,,,,0.0
2026-04-17 19:00:00,-0.00010789,,,,,,,,,0.0
2026-04-17 20:00:00,-0.00010789,,,,,,,,,0.0
2026-04-17 21:00:00,-0.00010789,,,,,,,,,0.0
2026-04-17 22:00:00,-0.00010789,,,,,,,,,0.0
2026-04-17 23:00:00,-0.00010789,,,,,,,,,0.0
2026-04-18 00:00:00,-0.00010789,,,,,,,,,0.0
2026-04-18 01:00:00,-8.098e-05,,,,,,,,,0.0
2026-04-18 02:00:00,-8.098e-05,,,,,,,,,0.0
2026-04-18 03:00:00,-8.098e-05,,,,,,,,,0.0
2026-04-18 04:00:00,-8.098e-05,,,,,,,,,0.0
2026-04-18 05:00:00,-8.098e-05,,,,,,,,,0.0
2026-04-18 06:00:00,-8.098e-05,,,,,,,,,0.0
2026-04-18 07:00:00,-8.098e-05,,,,,,,,,0.0
2026-04-18 08:00:00,-8.098e-05,,,,,,,,,0.0
2026-04-18 09:00:00,-7.082e-05,,,,,,,,,0.0
2026-04-18 10:00:00,-7.082e-05,,,,,,,,,0.0
2026-04-18 11:00:00,-7.082e-05,,,,,,,,,0.0
2026-04-18 12:00:00,-7.082e-05,,,,,,,,,0.0
2026-04-18 13:00:00,-7.082e-05,,,,,,,,,0.0
2026-04-18 14:00:00,-7.082e-05,,,,,,,,,0.0
2026-04-18 15:00:00,-7.082e-05,,,,,,,,,0.0
2026-04-18 16:00:00,-4.586e-05,,,,,,,,,0.0
2026-04-18 17:00:00,-4.586e-05,,,,,,,,,0.0
2026-04-18 18:00:00,-4.586e-05,,,,,,,,,0.0
2026-04-18 19:00:00,-4.586e-05,,,,,,,,,0.0
2026-04-18 20:00:00,-4.586e-05,,,,,,,,,0.0
2026-04-18 21:00:00,-4.586e-05,,,,,,,,,0.0
2026-04-18 22:00:00,-4.586e-05,,,,,,,,,0.0
2026-04-18 23:00:00,-4.586e-05,,,,,,,,,0.0
2026-04-19 00:00:00,-4.586e-05,,,,,,,,,0.0
2026-04-19 01:00:00,-8.395e-05,,,,,,,,,0.0
2026-04-19 02:00:00,-8.395e-05,,,,,,,,,0.0
2026-04-19 03:00:00,-8.395e-05,,,,,,,,,0.0
2026-04-19 04:00:00,-8.395e-05,,,,,,,,,0.0
2026-04-19 05:00:00,-8.395e-05,,,,,,,,,0.0
2026-04-19 06:00:00,-8.395e-05,,,,,,,,,0.0
2026-04-19 07:00:00,-8.395e-05,,,,,,,,,0.0
2026-04-19 08:00:00,-8.395e-05,,,,,,,,,0.0
2026-04-19 09:00:00,-7.219e-05,,,,,,,,,0.0
2026-04-19 10:00:00,-7.219e-05,,,,,,,,,0.0
2026-04-19 11:00:00,-7.219e-05,,,,,,,,,0.0
2026-04-19 12:00:00,-7.219e-05,,,,,,,,,0.0
2026-04-19 13:00:00,-7.219e-05,,,,,,,,,0.0
2026-04-19 14:00:00,-7.219e-05,,,,,,,,,0.0
2026-04-19 15:00:00,-7.219e-05,,,,,,,,,0.0
2026-04-19 16:00:00,-7.219e-05,,,,,,,,,0.0
2026-04-19 17:00:00,-0.00012276,,,,,,,,,0.0
2026-04-19 18:00:00,-0.00012276,,,,,,,,,0.0
2026-04-19 19:00:00,-0.00012276,,,,,,,,,0.0
2026-04-19 20:00:00,-0.00012276,,,,,,,,,0.0
2026-04-19 21:00:00,-0.00012276,,,,,,,,,0.0
2026-04-19 22:00:00,-0.00012276,,,,,,,,,0.0
2026-04-19 23:00:00,-0.00012276,,,,,,,,,0.0
2026-04-20 00:00:00,-4.615e-05,,,,,,,,,0.0
2026-04-20 01:00:00,-4.615e-05,,,,,,,,,0.0
2026-04-20 02:00:00,-4.615e-05,,,,,,,,,0.0
2026-04-20 03:00:00,-4.615e-05,,,,,,,,,0.0
2026-04-20 04:00:00,-4.615e-05,,,,,,,,,0.0
2026-04-20 05:00:00,-4.615e-05,,,,,,,,,0.0
2026-04-20 06:00:00,-4.615e-05,,,,,,,,,0.0
2026-04-20 07:00:00,-4.615e-05,,,,,,,,,0.0
2026-04-20 08:00:00,-4.778e-05,,,,,,,,,0.0
2026-04-20 09:00:00,-4.778e-05,,,,,,,,,0.0
2026-04-20 10:00:00,-4.778e-05,,,,,,,,,0.0
2026-04-20 11:00:00,-4.778e-05,,,,,,,,,0.0
2026-04-20 12:00:00,-4.778e-05,,,,,,,,,0.0
2026-04-20 13:00:00,-4.778e-05,,,,,,,,,0.0
2026-04-20 14:00:00,-4.778e-05,,,,,,,,,0.0
2026-04-20 15:00:00,-4.778e-05,,,,,,,,,0.0
2026-04-20 16:00:00,-4.778e-05,,,,,,,,,0.0
2026-04-20 17:00:00,-2.745e-05,,,,,,,,,0.0
2026-04-20 18:00:00,-2.745e-05,,,,,,,,,0.0
2026-04-20 19:00:00,-2.745e-05,,,,,,,,,0.0
2026-04-20 20:00:00,-2.745e-05,,,,,,,,,0.0
2026-04-20 21:00:00,-2.745e-05,,,,,,,,,0.0
2026-04-20 22:00:00,-2.745e-05,,,,,,,,,0.0
2026-04-20 23:00:00,-2.745e-05,,,,,,,,,0.0
2026-04-21 00:00:00,-7.937e-05,,,,,,,,,0.0
2026-04-21 01:00:00,-7.937e-05,,,,,,,,,0.0
2026-04-21 02:00:00,-7.937e-05,,,,,,,,,0.0
2026-04-21 03:00:00,-7.937e-05,,,,,,,,,0.0
2026-04-21 04:00:00,-7.937e-05,,,,,,,,,0.0
2026-04-21 05:00:00,-7.937e-05,,,,,,,,,0.0
2026-04-21 06:00:00,-7.937e-05,,,,,,,,,0.0
2026-04-21 07:00:00,-7.937e-05,,,,,,,,,0.0
2026-04-21 08:00:00,-7.937e-05,,,,,,,,,0.0
2026-04-21 09:00:00,-5.824e-05,,,,,,,,,0.0
2026-04-21 10:00:00,-5.824e-05,,,,,,,,,0.0
2026-04-21 11:00:00,-5.824e-05,,,,,,,,,0.0
2026-04-21 12:00:00,-5.824e-05,,,,,,,,,0.0
2026-04-21 13:00:00,-5.824e-05,,,,,,,,,0.0
2026-04-21 14:00:00,-5.824e-05,,,,,,,,,0.0
2026-04-21 15:00:00,-5.824e-05,,,,,,,,,0.0
2026-04-21 16:00:00,-5.824e-05,,,,,,,,,0.0
2026-04-21 17:00:00,-4.242e-05,,,,,,,,,0.0
2026-04-21 18:00:00,-4.242e-05,,,,,,,,,0.0
2026-04-21 19:00:00,-4.242e-05,,,,,,,,,0.0
2026-04-21 20:00:00,-4.242e-05,,,,,,,,,0.0
2026-04-21 21:00:00,-4.242e-05,,,,,,,,,0.0
2026-04-21 22:00:00,-4.242e-05,,,,,,,,,0.0
2026-04-21 23:00:00,-4.242e-05,,,,,,,,,0.0
2026-04-22 00:00:00,-4.242e-05,,,,,,,,,0.0
2026-04-22 01:00:00,-2.237e-05,,,,,,,,,0.0
2026-04-22 02:00:00,-2.237e-05,,,,,,,,,0.0
2026-04-22 03:00:00,-2.237e-05,,,,,,,,,0.0
2026-04-22 04:00:00,-2.237e-05,,,,,,,,,0.0
2026-04-22 05:00:00,-2.237e-05,,,,,,,,,0.0
2026-04-22 06:00:00,-2.237e-05,,,,,,,,,0.0
2026-04-22 07:00:00,-2.237e-05,,,,,,,,,0.0
2026-04-22 08:00:00,3.56e-05,,,,,,,,,0.0
2026-04-22 09:00:00,3.56e-05,,,,,,,,,0.0
2026-04-22 10:00:00,3.56e-05,,,,,,,,,0.0
2026-04-22 11:00:00,3.56e-05,,,,,,,,,0.0
2026-04-22 12:00:00,3.56e-05,,,,,,,,,0.0
2026-04-22 13:00:00,3.56e-05,,,,,,,,,0.0
2026-04-22 14:00:00,3.56e-05,,,,,,,,,0.0
2026-04-22 15:00:00,3.56e-05,,,,,,,,,0.0
2026-04-22 16:00:00,-7.49e-06,,,,,,,,,0.0
2026-04-22 17:00:00,-7.49e-06,,,,,,,,,0.0
2026-04-22 18:00:00,-7.49e-06,,,,,,,,,0.0
2026-04-22 19:00:00,-7.49e-06,,,,,,,,,0.0
2026-04-22 20:00:00,-7.49e-06,,,,,,,,,0.0
2026-04-22 21:00:00,-7.49e-06,,,,,,,,,0.0
2026-04-22 22:00:00,-7.49e-06,,,,,,,,,0.0
2026-04-22 23:00:00,-7.49e-06,,,,,,,,,0.0
2026-04-23 00:00:00,-7.87e-05,,,,,,,,,0.0
2026-04-23 01:00:00,-7.87e-05,,,,,,,,,0.0
2026-04-23 02:00:00,-7.87e-05,,,,,,,,,0.0
2026-04-23 03:00:00,-7.87e-05,,,,,,,,,0.0
2026-04-23 04:00:00,-7.87e-05,,,,,,,,,0.0
2026-04-23 05:00:00,-7.87e-05,,,,,,,,,0.0
2026-04-23 06:00:00,-7.87e-05,,,,,,,,,0.0
2026-04-23 07:00:00,-7.87e-05,,,,,,,,,0.0
2026-04-23 08:00:00,-3.553e-05,,,,,,,,,0.0
2026-04-23 09:00:00,-3.553e-05,,,,,,,,,0.0
2026-04-23 10:00:00,-3.553e-05,,,,,,,,,0.0
2026-04-23 11:00:00,-3.553e-05,,,,,,,,,0.0
2026-04-23 12:00:00,-3.553e-05,,,,,,,,,0.0
2026-04-23 13:00:00,-3.553e-05,,,,,,,,,0.0
2026-04-23 14:00:00,-3.553e-05,,,,,,,,,0.0
2026-04-23 15:00:00,-3.553e-05,,,,,,,,,0.0
2026-04-23 16:00:00,-3.553e-05,,,,,,,,,0.0
2026-04-23 17:00:00,-6.696e-05,,,,,,,,,0.0
2026-04-23 18:00:00,-6.696e-05,,,,,,,,,0.0
2026-04-23 19:00:00,-6.696e-05,,,,,,,,,0.0
2026-04-23 20:00:00,-6.696e-05,,,,,,,,,0.0
2026-04-23 21:00:00,-6.696e-05,,,,,,,,,0.0
2026-04-23 22:00:00,-6.696e-05,,,,,,,,,0.0
2026-04-23 23:00:00,-6.696e-05,,,,,,,,,0.0
2026-04-24 00:00:00,-6.696e-05,,,,,,,,,0.0
2026-04-24 01:00:00,-3.829e-05,,,,,,,,,0.0
2026-04-24 02:00:00,-3.829e-05,,,,,,,,,0.0
2026-04-24 03:00:00,-3.829e-05,,,,,,,,,0.0
2026-04-24 04:00:00,-3.829e-05,,,,,,,,,0.0
2026-04-24 05:00:00,-3.829e-05,,,,,,,,,0.0
2026-04-24 06:00:00,-3.829e-05,,,,,,,,,0.0
2026-04-24 07:00:00,-3.829e-05,,,,,,,,,0.0
2026-04-24 08:00:00,-7.865e-05,,,,,,,,,0.0
2026-04-24 09:00:00,-7.865e-05,,,,,,,,,0.0
2026-04-24 10:00:00,-7.865e-05,,,,,,,,,0.0
2026-04-24 11:00:00,-7.865e-05,,,,,,,,,0.0
2026-04-24 12:00:00,-7.865e-05,,,,,,,,,0.0
2026-04-24 13:00:00,-7.865e-05,,,,,,,,,0.0
2026-04-24 14:00:00,-7.865e-05,,,,,,,,,0.0
2026-04-24 15:00:00,-7.865e-05,,,,,,,,,0.0
2026-04-24 16:00:00,-3.152e-05,,,,,,,,,0.0
2026-04-24 17:00:00,-3.152e-05,,,,,,,,,0.0
2026-04-24 18:00:00,-3.152e-05,,,,,,,,,0.0
2026-04-24 19:00:00,-3.152e-05,,,,,,,,,0.0
2026-04-24 20:00:00,-3.152e-05,,,,,,,,,0.0
2026-04-24 21:00:00,-3.152e-05,,,,,,,,,0.0
2026-04-24 22:00:00,-3.152e-05,,,,,,,,,0.0
2026-04-24 23:00:00,-3.152e-05,,,,,,,,,0.0
2026-04-25 00:00:00,-1.077e-05,,,,,,,,,0.0
2026-04-25 01:00:00,-1.077e-05,,,,,,,,,0.0
2026-04-25 02:00:00,-1.077e-05,,,,,,,,,0.0
2026-04-25 03:00:00,-1.077e-05,,,,,,,,,0.0
2026-04-25 04:00:00,-1.077e-05,,,,,,,,,0.0
2026-04-25 05:00:00,-1.077e-05,,,,,,,,,0.0
2026-04-25 06:00:00,-1.077e-05,,,,,,,,,0.0
2026-04-25 07:00:00,-1.077e-05,,,,,,,,,0.0
2026-04-25 08:00:00,-1.077e-05,,,,,,,,,0.0
2026-04-25 09:00:00,-6.235e-05,,,,,,,,,0.0
2026-04-25 10:00:00,-6.235e-05,,,,,,,,,0.0
2026-04-25 11:00:00,-6.235e-05,,,,,,,,,0.0
2026-04-25 12:00:00,-6.235e-05,,,,,,,,,0.0
2026-04-25 13:00:00,-6.235e-05,,,,,,,,,0.0
2026-04-25 14:00:00,-6.235e-05,,,,,,,,,0.0
2026-04-25 15:00:00,-6.235e-05,,,,,,,,,0.0
2026-04-25 16:00:00,-6.235e-05,,,,,,,,,0.0
2026-04-25 17:00:00,-5.699e-05,,,,,,,,,0.0
2026-04-25 18:00:00,-5.699e-05,,,,,,,,,0.0
2026-04-25 19:00:00,-5.699e-05,,,,,,,,,0.0
2026-04-25 20:00:00,-5.699e-05,,,,,,,,,0.0
2026-04-25 21:00:00,-5.699e-05,,,,,,,,,0.0
2026-04-25 22:00:00,-5.699e-05,,,,,,,,,0.0
2026-04-25 23:00:00,-5.699e-05,,,,,,,,,0.0
2026-04-26 00:00:00,-5.699e-05,,,,,,,,,0.0
2026-04-26 01:00:00,2.41e-06,,,,,,,,,0.0
2026-04-26 02:00:00,2.41e-06,,,,,,,,,0.0
2026-04-26 03:00:00,2.41e-06,,,,,,,,,0.0
2026-04-26 04:00:00,2.41e-06,,,,,,,,,0.0
2026-04-26 05:00:00,2.41e-06,,,,,,,,,0.0
2026-04-26 06:00:00,2.41e-06,,,,,,,,,0.0
2026-04-26 07:00:00,2.41e-06,,,,,,,,,0.0
2026-04-26 08:00:00,2.41e-06,,,,,,,,,0.0
2026-04-26 09:00:00,1.53e-06,,,,,,,,,0.0
2026-04-26 10:00:00,1.53e-06,,,,,,,,,0.0
2026-04-26 11:00:00,1.53e-06,,,,,,,,,0.0
2026-04-26 12:00:00,1.53e-06,,,,,,,,,0.0
2026-04-26 13:00:00,1.53e-06,,,,,,,,,0.0
2026-04-26 14:00:00,1.53e-06,,,,,,,,,0.0
2026-04-26 15:00:00,1.53e-06,,,,,,,,,0.0
2026-04-26 16:00:00,1.53e-06,,,,,,,,,0.0
2026-04-26 17:00:00,1.95e-06,,,,,,,,,0.0
2026-04-26 18:00:00,1.95e-06,,,,,,,,,0.0
2026-04-26 19:00:00,1.95e-06,,,,,,,,,0.0
2026-04-26 20:00:00,1.95e-06,,,,,,,,,0.0
2026-04-26 21:00:00,1.95e-06,,,,,,,,,0.0
2026-04-26 22:00:00,1.95e-06,,,,,,,,,0.0
2026-04-26 23:00:00,1.95e-06,,,,,,,,,0.0
2026-04-27 00:00:00,1.95e-06,,,,,,,,,0.0
2026-04-27 01:00:00,2.49e-06,,,,,,,,,0.0
2026-04-27 02:00:00,2.49e-06,,,,,,,,,0.0
2026-04-27 03:00:00,2.49e-06,,,,,,,,,0.0
2026-04-27 04:00:00,2.49e-06,,,,,,,,,0.0
2026-04-27 05:00:00,2.49e-06,,,,,,,,,0.0
2026-04-27 06:00:00,2.49e-06,,,,,,,,,0.0
2026-04-27 07:00:00,2.49e-06,,,,,,,,,0.0
2026-04-27 08:00:00,-8.659e-05,,,,,,,,,0.0
2026-04-27 09:00:00,-8.659e-05,,,,,,,,,0.0
2026-04-27 10:00:00,-8.659e-05,,,,,,,,,0.0
2026-04-27 11:00:00,-8.659e-05,,,,,,,,,0.0
2026-04-27 12:00:00,-8.659e-05,,,,,,,,,0.0
2026-04-27 13:00:00,-8.659e-05,,,,,,,,,0.0
2026-04-27 14:00:00,-8.659e-05,,,,,,,,,0.0
2026-04-27 15:00:00,-8.659e-05,,,,,,,,,0.0
2026-04-27 16:00:00,-8.659e-05,,,,,,,,,0.0
2026-04-27 17:00:00,-5.678e-05,,,,,,,,,0.0
2026-04-27 18:00:00,-5.678e-05,,,,,,,,,0.0
2026-04-27 19:00:00,-5.678e-05,,,,,,,,,0.0
2026-04-27 20:00:00,-5.678e-05,,,,,,,,,0.0
2026-04-27 21:00:00,-5.678e-05,,,,,,,,,0.0
2026-04-27 22:00:00,-5.678e-05,,,,,,,,,0.0
2026-04-27 23:00:00,-5.678e-05,,,,,,,,,0.0
2026-04-28 00:00:00,-5.678e-05,,,,,,,,,0.0
2026-04-28 01:00:00,-3.951e-05,,,,,,,,,0.0
2026-04-28 02:00:00,-3.951e-05,,,,,,,,,0.0
2026-04-28 03:00:00,-3.951e-05,,,,,,,,,0.0
2026-04-28 04:00:00,-3.951e-05,,,,,,,,,0.0
2026-04-28 05:00:00,-3.951e-05,,,,,,,,,0.0
2026-04-28 06:00:00,-3.951e-05,,,,,,,,,0.0
2026-04-28 07:00:00,-3.951e-05,,,,,,,,,0.0
2026-04-28 08:00:00,-3.204e-05,,,,,,,,,0.0
2026-04-28 09:00:00,-3.204e-05,,,,,,,,,0.0
2026-04-28 10:00:00,-3.204e-05,,,,,,,,,0.0
2026-04-28 11:00:00,-3.204e-05,,,,,,,,,0.0
2026-04-28 12:00:00,-3.204e-05,,,,,,,,,0.0
2026-04-28 13:00:00,-3.204e-05,,,,,,,,,0.0
2026-04-28 14:00:00,-3.204e-05,,,,,,,,,0.0
2026-04-28 15:00:00,-3.204e-05,,,,,,,,,0.0
2026-04-28 16:00:00,-3.204e-05,,,,,,,,,0.0
2026-04-28 17:00:00,5.242e-05,,,,,,,,,0.0
2026-04-28 18:00:00,5.242e-05,,,,,,,,,0.0
2026-04-28 19:00:00,5.242e-05,,,,,,,,,0.0
2026-04-28 20:00:00,5.242e-05,,,,,,,,,0.0
2026-04-28 21:00:00,5.242e-05,,,,,,,,,0.0
2026-04-28 22:00:00,5.242e-05,,,,,,,,,0.0
2026-04-28 23:00:00,5.242e-05,,,,,,,,,0.0
2026-04-29 00:00:00,5.242e-05,,,,,,,,,0.0
2026-04-29 01:00:00,1.305e-05,,,,,,,,,0.0
2026-04-29 02:00:00,1.305e-05,,,,,,,,,0.0
2026-04-29 03:00:00,1.305e-05,,,,,,,,,0.0
2026-04-29 04:00:00,1.305e-05,,,,,,,,,0.0
2026-04-29 05:00:00,1.305e-05,,,,,,,,,0.0
2026-04-29 06:00:00,1.305e-05,,,,,,,,,0.0
2026-04-29 07:00:00,1.305e-05,,,,,,,,,0.0
2026-04-29 08:00:00,1.305e-05,,,,,,,,,0.0
2026-04-29 09:00:00,-2.84e-05,,,,,,,,,0.0
2026-04-29 10:00:00,-2.84e-05,,,,,,,,,0.0
2026-04-29 11:00:00,-2.84e-05,,,,,,,,,0.0
2026-04-29 12:00:00,-2.84e-05,,,,,,,,,0.0
2026-04-29 13:00:00,-2.84e-05,,,,,,,,,0.0
2026-04-29 14:00:00,-2.84e-05,,,,,,,,,0.0
2026-04-29 15:00:00,-2.84e-05,,,,,,,,,0.0
2026-04-29 16:00:00,-2.84e-05,,,,,,,,,0.0
2026-04-29 17:00:00,3.571e-05,,,,,,,,,0.0
2026-04-29 18:00:00,3.571e-05,,,,,,,,,0.0
2026-04-29 19:00:00,3.571e-05,,,,,,,,,0.0
2026-04-29 20:00:00,3.571e-05,,,,,,,,,0.0
2026-04-29 21:00:00,3.571e-05,,,,,,,,,0.0
2026-04-29 22:00:00,3.571e-05,,,,,,,,,0.0
2026-04-29 23:00:00,3.571e-05,,,,,,,,,0.0
2026-04-30 00:00:00,3.571e-05,,,,,,,,,0.0
2026-04-30 01:00:00,-4.22e-05,,,,,,,,,0.0
2026-04-30 02:00:00,-4.22e-05,,,,,,,,,0.0
2026-04-30 03:00:00,-4.22e-05,,,,,,,,,0.0
2026-04-30 04:00:00,-4.22e-05,,,,,,,,,0.0
2026-04-30 05:00:00,-4.22e-05,,,,,,,,,0.0
2026-04-30 06:00:00,-4.22e-05,,,,,,,,,0.0
2026-04-30 07:00:00,-4.22e-05,,,,,,,,,0.0
2026-04-30 08:00:00,-1.837e-05,,,,,,,,,0.0
2026-04-30 09:00:00,-1.837e-05,,,,,,,,,0.0
2026-04-30 10:00:00,-1.837e-05,,,,,,,,,0.0
2026-04-30 11:00:00,-1.837e-05,,,,,,,,,0.0
2026-04-30 12:00:00,-1.837e-05,,,,,,,,,0.0
2026-04-30 13:00:00,-1.837e-05,,,,,,,,,0.0
2026-04-30 14:00:00,-1.837e-05,,,,,,,,,0.0
2026-04-30 15:00:00,-1.837e-05,,,,,,,,,0.0
2026-04-30 16:00:00,-2.904e-05,,,,,,,,,0.0
2026-04-30 17:00:00,-2.904e-05,,,,,,,,,0.0
2026-04-30 18:00:00,-2.904e-05,,,,,,,,,0.0
2026-04-30 19:00:00,-2.904e-05,,,,,,,,,0.0
2026-04-30 20:00:00,-2.904e-05,,,,,,,,,0.0
2026-04-30 21:00:00,-2.904e-05,,,,,,,,,0.0
2026-04-30 22:00:00,-2.904e-05,,,,,,,,,0.0
2026-04-30 23:00:00,-2.904e-05,,,,,,,,,0.0
2026-05-01 00:00:00,-3.746e-05,,,,,,,,,0.0
2026-05-01 01:00:00,-3.746e-05,,,,,,,,,0.0
2026-05-01 02:00:00,-3.746e-05,,,,,,,,,0.0
2026-05-01 03:00:00,-3.746e-05,,,,,,,,,0.0
2026-05-01 04:00:00,-3.746e-05,,,,,,,,,0.0
2026-05-01 05:00:00,-3.746e-05,,,,,,,,,0.0
2026-05-01 06:00:00,-3.746e-05,,,,,,,,,0.0
2026-05-01 07:00:00,-3.746e-05,,,,,,,,,0.0
2026-05-01 08:00:00,-3.746e-05,,,,,,,,,0.0
2026-05-01 09:00:00,-1.81e-05,,,,,,,,,0.0
2026-05-01 10:00:00,-1.81e-05,,,,,,,,,0.0
2026-05-01 11:00:00,-1.81e-05,,,,,,,,,0.0
2026-05-01 12:00:00,-1.81e-05,,,,,,,,,0.0
2026-05-01 13:00:00,-1.81e-05,,,,,,,,,0.0
2026-05-01 14:00:00,-1.81e-05,,,,,,,,,0.0
2026-05-01 15:00:00,-1.81e-05,,,,,,,,,0.0
2026-05-01 16:00:00,-3.143e-05,,,,,,,,,0.0
2026-05-01 17:00:00,-3.143e-05,,,,,,,,,0.0
2026-05-01 18:00:00,-3.143e-05,,,,,,,,,0.0
2026-05-01 19:00:00,-3.143e-05,,,,,,,,,0.0
2026-05-01 20:00:00,-3.143e-05,,,,,,,,,0.0
2026-05-01 21:00:00,-3.143e-05,,,,,,,,,0.0
2026-05-01 22:00:00,-3.143e-05,,,,,,,,,0.0
2026-05-01 23:00:00,-3.143e-05,,,,,,,,,0.0
2026-05-02 00:00:00,-3.143e-05,,,,,,,,,0.0
2026-05-02 01:00:00,-8.22e-06,,,,,,,,,0.0
2026-05-02 02:00:00,-8.22e-06,,,,,,,,,0.0
2026-05-02 03:00:00,-8.22e-06,,,,,,,,,0.0
2026-05-02 04:00:00,-8.22e-06,,,,,,,,,0.0
2026-05-02 05:00:00,-8.22e-06,,,,,,,,,0.0
2026-05-02 06:00:00,-8.22e-06,,,,,,,,,0.0
2026-05-02 07:00:00,-8.22e-06,,,,,,,,,0.0
2026-05-02 08:00:00,-5.103e-05,,,,,,,,,0.0
2026-05-02 09:00:00,-5.103e-05,,,,,,,,,0.0
2026-05-02 10:00:00,-5.103e-05,,,,,,,,,0.0
2026-05-02 11:00:00,-5.103e-05,,,,,,,,,0.0
2026-05-02 12:00:00,-5.103e-05,,,,,,,,,0.0
2026-05-02 13:00:00,-5.103e-05,,,,,,,,,0.0
2026-05-02 14:00:00,-5.103e-05,,,,,,,,,0.0
2026-05-02 15:00:00,-5.103e-05,,,,,,,,,0.0
2026-05-02 16:00:00,-5.103e-05,,,,,,,,,0.0
2026-05-02 17:00:00,-2.54e-05,,,,,,,,,0.0
2026-05-02 18:00:00,-2.54e-05,,,,,,,,,0.0
2026-05-02 19:00:00,-2.54e-05,,,,,,,,,0.0
2026-05-02 20:00:00,-2.54e-05,,,,,,,,,0.0
2026-05-02 21:00:00,-2.54e-05,,,,,,,,,0.0
2026-05-02 22:00:00,-2.54e-05,,,,,,,,,0.0
2026-05-02 23:00:00,-2.54e-05,,,,,,,,,0.0
2026-05-03 00:00:00,-2.54e-05,,,,,,,,,0.0
2026-05-03 01:00:00,2.29e-05,,,,,,,,,0.0
2026-05-03 02:00:00,2.29e-05,,,,,,,,,0.0
2026-05-03 03:00:00,2.29e-05,,,,,,,,,0.0
2026-05-03 04:00:00,2.29e-05,,,,,,,,,0.0
2026-05-03 05:00:00,2.29e-05,,,,,,,,,0.0
2026-05-03 06:00:00,2.29e-05,,,,,,,,,0.0
2026-05-03 07:00:00,2.29e-05,,,,,,,,,0.0
2026-05-03 08:00:00,2.29e-05,,,,,,,,,0.0
2026-05-03 09:00:00,-1.398e-05,,,,,,,,,0.0
2026-05-03 10:00:00,-1.398e-05,,,,,,,,,0.0
2026-05-03 11:00:00,-1.398e-05,,,,,,,,,0.0
2026-05-03 12:00:00,-1.398e-05,,,,,,,,,0.0
2026-05-03 13:00:00,-1.398e-05,,,,,,,,,0.0
2026-05-03 14:00:00,-1.398e-05,,,,,,,,,0.0
2026-05-03 15:00:00,-1.398e-05,,,,,,,,,0.0
2026-05-03 16:00:00,7.03e-06,,,,,,,,,0.0
2026-05-03 17:00:00,7.03e-06,,,,,,,,,0.0
2026-05-03 18:00:00,7.03e-06,,,,,,,,,0.0
2026-05-03 19:00:00,7.03e-06,,,,,,,,,0.0
2026-05-03 20:00:00,7.03e-06,,,,,,,,,0.0
2026-05-03 21:00:00,7.03e-06,,,,,,,,,0.0
2026-05-03 22:00:00,7.03e-06,,,,,,,,,0.0
2026-05-03 23:00:00,7.03e-06,,,,,,,,,0.0
2026-05-04 00:00:00,4.304e-05,,,,,,,,,0.0
2026-05-04 01:00:00,4.304e-05,,,,,,,,,0.0
2026-05-04 02:00:00,4.304e-05,,,,,,,,,0.0
2026-05-04 03:00:00,4.304e-05,,,,,,,,,0.0
2026-05-04 04:00:00,4.304e-05,,,,,,,,,0.0
2026-05-04 05:00:00,4.304e-05,,,,,,,,,0.0
2026-05-04 06:00:00,4.304e-05,,,,,,,,,0.0
2026-05-04 07:00:00,4.304e-05,,,,,,,,,0.0
2026-05-04 08:00:00,-1.58e-06,,,,,,,,,0.0
2026-05-04 09:00:00,-1.58e-06,,,,,,,,,0.0
2026-05-04 10:00:00,-1.58e-06,,,,,,,,,0.0
2026-05-04 11:00:00,-1.58e-06,,,,,,,,,0.0
2026-05-04 12:00:00,-1.58e-06,,,,,,,,,0.0
2026-05-04 13:00:00,-1.58e-06,,,,,,,,,0.0
2026-05-04 14:00:00,-1.58e-06,,,,,,,,,0.0
2026-05-04 15:00:00,-1.58e-06,,,,,,,,,0.0
2026-05-04 16:00:00,-1.58e-06,,,,,,,,,0.0
2026-05-04 17:00:00,-3.16e-05,,,,,,,,,0.0
2026-05-04 18:00:00,-3.16e-05,,,,,,,,,0.0
2026-05-04 19:00:00,-3.16e-05,,,,,,,,,0.0
2026-05-04 20:00:00,-3.16e-05,,,,,,,,,0.0
2026-05-04 21:00:00,-3.16e-05,,,,,,,,,0.0
2026-05-04 22:00:00,-3.16e-05,,,,,,,,,0.0
2026-05-04 23:00:00,-3.16e-05,,,,,,,,,0.0
2026-05-05 00:00:00,-3.83e-06,,,,,,,,,0.0
2026-05-05 01:00:00,-3.83e-06,,,,,,,,,0.0
2026-05-05 02:00:00,-3.83e-06,,,,,,,,,0.0
2026-05-05 03:00:00,-3.83e-06,,,,,,,,,0.0
2026-05-05 04:00:00,-3.83e-06,,,,,,,,,0.0
2026-05-05 05:00:00,-3.83e-06,,,,,,,,,0.0
2026-05-05 06:00:00,-3.83e-06,,,,,,,,,0.0
2026-05-05 07:00:00,-3.83e-06,,,,,,,,,0.0
2026-05-05 08:00:00,-3.83e-06,,,,,,,,,0.0
2026-05-05 09:00:00,-4.626e-05,,,,,,,,,0.0
2026-05-05 10:00:00,-4.626e-05,,,,,,,,,0.0
2026-05-05 11:00:00,-4.626e-05,,,,,,,,,0.0
2026-05-05 12:00:00,-4.626e-05,,,,,,,,,0.0
2026-05-05 13:00:00,-4.626e-05,,,,,,,,,0.0
2026-05-05 14:00:00,-4.626e-05,,,,,,,,,0.0
2026-05-05 15:00:00,-4.626e-05,,,,,,,,,0.0
2026-05-05 16:00:00,-8.24e-05,,,,,,,,,0.0
2026-05-05 17:00:00,-8.24e-05,,,,,,,,,0.0
2026-05-05 18:00:00,-8.24e-05,,,,,,,,,0.0
2026-05-05 19:00:00,-8.24e-05,,,,,,,,,0.0
2026-05-05 20:00:00,-8.24e-05,,,,,,,,,0.0
2026-05-05 21:00:00,-8.24e-05,,,,,,,,,0.0
2026-05-05 22:00:00,-8.24e-05,,,,,,,,,0.0
2026-05-05 23:00:00,-8.24e-05,,,,,,,,,0.0
2026-05-06 00:00:00,-8.24e-05,,,,,,,,,0.0
2026-05-06 01:00:00,-9.153e-05,,,,,,,,,0.0
2026-05-06 02:00:00,-9.153e-05,,,,,,,,,0.0
2026-05-06 03:00:00,-9.153e-05,,,,,,,,,0.0
2026-05-06 04:00:00,-9.153e-05,,,,,,,,,0.0
2026-05-06 05:00:00,-9.153e-05,,,,,,,,,0.0
2026-05-06 06:00:00,-9.153e-05,,,,,,,,,0.0
2026-05-06 07:00:00,-9.153e-05,,,,,,,,,0.0
2026-05-06 08:00:00,-6.15e-05,,,,,,,,,0.0
2026-05-06 09:00:00,-6.15e-05,,,,,,,,,0.0
2026-05-06 10:00:00,-6.15e-05,,,,,,,,,0.0
2026-05-06 11:00:00,-6.15e-05,,,,,,,,,0.0
2026-05-06 12:00:00,-6.15e-05,,,,,,,,,0.0
2026-05-06 13:00:00,-6.15e-05,,,,,,,,,0.0
2026-05-06 14:00:00,-6.15e-05,,,,,,,,,0.0
2026-05-06 15:00:00,-6.15e-05,,,,,,,,,0.0
2026-05-06 16:00:00,-6.15e-05,,,,,,,,,0.0
2026-05-06 17:00:00,-3.756e-05,,,,,,,,,0.0
2026-05-06 18:00:00,-3.756e-05,,,,,,,,,0.0
2026-05-06 19:00:00,-3.756e-05,,,,,,,,,0.0
2026-05-06 20:00:00,-3.756e-05,,,,,,,,,0.0
2026-05-06 21:00:00,-3.756e-05,,,,,,,,,0.0
2026-05-06 22:00:00,-3.756e-05,,,,,,,,,0.0
2026-05-06 23:00:00,-3.756e-05,,,,,,,,,0.0
2026-05-07 00:00:00,-5.856e-05,,,,,,,,,0.0
2026-05-07 01:00:00,-5.856e-05,,,,,,,,,0.0
2026-05-07 02:00:00,-5.856e-05,,,,,,,,,0.0
2026-05-07 03:00:00,-5.856e-05,,,,,,,,,0.0
2026-05-07 04:00:00,-5.856e-05,,,,,,,,,0.0
2026-05-07 05:00:00,-5.856e-05,,,,,,,,,0.0
2026-05-07 06:00:00,-5.856e-05,,,,,,,,,0.0
2026-05-07 07:00:00,-5.856e-05,,,,,,,,,0.0
2026-05-07 08:00:00,-4.568e-05,,,,,,,,,0.0
2026-05-07 09:00:00,-4.568e-05,,,,,,,,,0.0
2026-05-07 10:00:00,-4.568e-05,,,,,,,,,0.0
2026-05-07 11:00:00,-4.568e-05,,,,,,,,,0.0
2026-05-07 12:00:00,-4.568e-05,,,,,,,,,0.0
2026-05-07 13:00:00,-4.568e-05,,,,,,,,,0.0
2026-05-07 14:00:00,-4.568e-05,,,,,,,,,0.0
2026-05-07 15:00:00,-4.568e-05,,,,,,,,,0.0
2026-05-07 16:00:00,-4.568e-05,,,,,,,,,0.0
2026-05-07 17:00:00,-3.014e-05,,,,,,,,,0.0
2026-05-07 18:00:00,-3.014e-05,,,,,,,,,0.0
2026-05-07 19:00:00,-3.014e-05,,,,,,,,,0.0
2026-05-07 20:00:00,-3.014e-05,,,,,,,,,0.0
2026-05-07 21:00:00,-3.014e-05,,,,,,,,,0.0
2026-05-07 22:00:00,-3.014e-05,,,,,,,,,0.0
2026-05-07 23:00:00,-3.014e-05,,,,,,,,,0.0
2026-05-08 00:00:00,-3.014e-05,,,,,,,,,0.0
2026-05-08 01:00:00,-7.406e-05,,,,,,,,,0.0
2026-05-08 02:00:00,-7.406e-05,,,,,,,,,0.0
2026-05-08 03:00:00,-7.406e-05,,,,,,,,,0.0
2026-05-08 04:00:00,-7.406e-05,,,,,,,,,0.0
2026-05-08 05:00:00,-7.406e-05,,,,,,,,,0.0
2026-05-08 06:00:00,-7.406e-05,,,,,,,,,0.0
2026-05-08 07:00:00,-7.406e-05,,,,,,,,,0.0
2026-05-08 08:00:00,-7.406e-05,,,,,,,,,0.0
2026-05-08 09:00:00,2.415e-05,,,,,,,,,0.0
2026-05-08 10:00:00,2.415e-05,,,,,,,,,0.0
2026-05-08 11:00:00,2.415e-05,,,,,,,,,0.0
2026-05-08 12:00:00,2.415e-05,,,,,,,,,0.0
2026-05-08 13:00:00,2.415e-05,,,,,,,,,0.0
2026-05-08 14:00:00,2.415e-05,,,,,,,,,0.0
2026-05-08 15:00:00,2.415e-05,,,,,,,,,0.0
2026-05-08 16:00:00,2.415e-05,,,,,,,,,0.0
2026-05-08 17:00:00,-1.542e-05,,,,,,,,,0.0
2026-05-08 18:00:00,-1.542e-05,,,,,,,,,0.0
2026-05-08 19:00:00,-1.542e-05,,,,,,,,,0.0
2026-05-08 20:00:00,-1.542e-05,,,,,,,,,0.0
2026-05-08 21:00:00,-1.542e-05,,,,,,,,,0.0
2026-05-08 22:00:00,-1.542e-05,,,,,,,,,0.0
2026-05-08 23:00:00,-1.542e-05,,,,,,,,,0.0
2026-05-09 00:00:00,1.841e-05,,,,,,,,,0.0
2026-05-09 01:00:00,1.841e-05,,,,,,,,,0.0
2026-05-09 02:00:00,1.841e-05,,,,,,,,,0.0
2026-05-09 03:00:00,1.841e-05,,,,,,,,,0.0
2026-05-09 04:00:00,1.841e-05,,,,,,,,,0.0
2026-05-09 05:00:00,1.841e-05,,,,,,,,,0.0
2026-05-09 06:00:00,1.841e-05,,,,,,,,,0.0
2026-05-09 07:00:00,1.841e-05,,,,,,,,,0.0
2026-05-09 08:00:00,1.841e-05,,,,,,,,,0.0
2026-05-09 09:00:00,-3.792e-05,,,,,,,,,0.0
2026-05-09 10:00:00,-3.792e-05,,,,,,,,,0.0
2026-05-09 11:00:00,-3.792e-05,,,,,,,,,0.0
2026-05-09 12:00:00,-3.792e-05,,,,,,,,,0.0
2026-05-09 13:00:00,-3.792e-05,,,,,,,,,0.0
2026-05-09 14:00:00,-3.792e-05,,,,,,,,,0.0
2026-05-09 15:00:00,-3.792e-05,,,,,,,,,0.0
2026-05-09 16:00:00,-3.792e-05,,,,,,,,,0.0
2026-05-09 17:00:00,3.645e-05,,,,,,,,,0.0
2026-05-09 18:00:00,3.645e-05,,,,,,,,,0.0
2026-05-09 19:00:00,3.645e-05,,,,,,,,,0.0
2026-05-09 20:00:00,3.645e-05,,,,,,,,,0.0
2026-05-09 21:00:00,3.645e-05,,,,,,,,,0.0
2026-05-09 22:00:00,3.645e-05,,,,,,,,,0.0
2026-05-09 23:00:00,3.645e-05,,,,,,,,,0.0
2026-05-10 00:00:00,3.645e-05,,,,,,,,,0.0
2026-05-10 01:00:00,9e-07,,,,,,,,,0.0
2026-05-10 02:00:00,9e-07,,,,,,,,,0.0
2026-05-10 03:00:00,9e-07,,,,,,,,,0.0
2026-05-10 04:00:00,9e-07,,,,,,,,,0.0
2026-05-10 05:00:00,9e-07,,,,,,,,,0.0
2026-05-10 06:00:00,9e-07,,,,,,,,,0.0
2026-05-10 07:00:00,9e-07,,,,,,,,,0.0
2026-05-10 08:00:00,4.626e-05,,,,,,,,,0.0
2026-05-10 09:00:00,4.626e-05,,,,,,,,,0.0
2026-05-10 10:00:00,4.626e-05,,,,,,,,,0.0
2026-05-10 11:00:00,4.626e-05,,,,,,,,,0.0
2026-05-10 12:00:00,4.626e-05,,,,,,,,,0.0
2026-05-10 13:00:00,4.626e-05,,,,,,,,,0.0
2026-05-10 14:00:00,4.626e-05,,,,,,,,,0.0
2026-05-10 15:00:00,4.626e-05,,,,,,,,,0.0
2026-05-10 16:00:00,5.764e-05,,,,,,,,,0.0
2026-05-10 17:00:00,5.764e-05,,,,,,,,,0.0
2026-05-10 18:00:00,5.764e-05,,,,,,,,,0.0
2026-05-10 19:00:00,5.764e-05,,,,,,,,,0.0
2026-05-10 20:00:00,5.764e-05,,,,,,,,,0.0
2026-05-10 21:00:00,5.764e-05,,,,,,,,,0.0
2026-05-10 22:00:00,5.764e-05,,,,,,,,,0.0
2026-05-10 23:00:00,5.764e-05,,,,,,,,,0.0
2026-05-11 00:00:00,5.798e-05,,,,,,,,,0.0
2026-05-11 01:00:00,5.798e-05,,,,,,,,,0.0
2026-05-11 02:00:00,5.798e-05,,,,,,,,,0.0
2026-05-11 03:00:00,5.798e-05,,,,,,,,,0.0
2026-05-11 04:00:00,5.798e-05,,,,,,,,,0.0
2026-05-11 05:00:00,5.798e-05,,,,,,,,,0.0
2026-05-11 06:00:00,5.798e-05,,,,,,,,,0.0
2026-05-11 07:00:00,5.798e-05,,,,,,,,,0.0
2026-05-11 08:00:00,2.592e-05,,,,,,,,,0.0
2026-05-11 09:00:00,2.592e-05,,,,,,,,,0.0
2026-05-11 10:00:00,2.592e-05,,,,,,,,,0.0
2026-05-11 11:00:00,2.592e-05,,,,,,,,,0.0
2026-05-11 12:00:00,2.592e-05,,,,,,,,,0.0
2026-05-11 13:00:00,2.592e-05,,,,,,,,,0.0
2026-05-11 14:00:00,2.592e-05,,,,,,,,,0.0
2026-05-11 15:00:00,2.592e-05,,,,,,,,,0.0
2026-05-11 16:00:00,4.555e-05,,,,,,,,,0.0
2026-05-11 17:00:00,4.555e-05,,,,,,,,,0.0
2026-05-11 18:00:00,4.555e-05,,,,,,,,,0.0
2026-05-11 19:00:00,4.555e-05,,,,,,,,,0.0
2026-05-11 20:00:00,4.555e-05,,,,,,,,,0.0
2026-05-11 21:00:00,4.555e-05,,,,,,,,,0.0
2026-05-11 22:00:00,4.555e-05,,,,,,,,,0.0
2026-05-11 23:00:00,4.555e-05,,,,,,,,,0.0
2026-05-12 00:00:00,4.555e-05,,,,,,,,,0.0
2026-05-12 01:00:00,-1.15e-06,,,,,,,,,0.0
2026-05-12 02:00:00,-1.15e-06,,,,,,,,,0.0
2026-05-12 03:00:00,-1.15e-06,,,,,,,,,0.0
2026-05-12 04:00:00,-1.15e-06,,,,,,,,,0.0
2026-05-12 05:00:00,-1.15e-06,,,,,,,,,0.0
2026-05-12 06:00:00,-1.15e-06,,,,,,,,,0.0
2026-05-12 07:00:00,-1.15e-06,,,,,,,,,0.0
2026-05-12 08:00:00,-1.15e-06,,,,,,,,,0.0
2026-05-12 09:00:00,3.877e-05,,,,,,,,,0.0
2026-05-12 10:00:00,3.877e-05,,,,,,,,,0.0
2026-05-12 11:00:00,3.877e-05,,,,,,,,,0.0
2026-05-12 12:00:00,3.877e-05,,,,,,,,,0.0
2026-05-12 13:00:00,3.877e-05,,,,,,,,,0.0
2026-05-12 14:00:00,3.877e-05,,,,,,,,,0.0
2026-05-12 15:00:00,3.877e-05,,,,,,,,,0.0
2026-05-12 16:00:00,5.822e-05,,,,,,,,,0.0
2026-05-12 17:00:00,5.822e-05,,,,,,,,,0.0
2026-05-12 18:00:00,5.822e-05,,,,,,,,,0.0
2026-05-12 19:00:00,5.822e-05,,,,,,,,,0.0
2026-05-12 20:00:00,5.822e-05,,,,,,,,,0.0
2026-05-12 21:00:00,5.822e-05,,,,,,,,,0.0
2026-05-12 22:00:00,5.822e-05,,,,,,,,,0.0
2026-05-12 23:00:00,5.822e-05,,,,,,,,,0.0
2026-05-13 00:00:00,5.822e-05,,,,,,,,,0.0
2026-05-13 01:00:00,5.367e-05,,,,,,,,,0.0
2026-05-13 02:00:00,5.367e-05,,,,,,,,,0.0
2026-05-13 03:00:00,5.367e-05,,,,,,,,,0.0
2026-05-13 04:00:00,5.367e-05,,,,,,,,,0.0
2026-05-13 05:00:00,5.367e-05,,,,,,,,,0.0
2026-05-13 06:00:00,5.367e-05,,,,,,,,,0.0
2026-05-13 07:00:00,5.367e-05,,,,,,,,,0.0
2026-05-13 08:00:00,5.367e-05,,,,,,,,,0.0
2026-05-13 09:00:00,5.437e-05,,,,,,,,,0.0
2026-05-13 10:00:00,5.437e-05,,,,,,,,,0.0
2026-05-13 11:00:00,5.437e-05,,,,,,,,,0.0
2026-05-13 12:00:00,5.437e-05,,,,,,,,,0.0
2026-05-13 13:00:00,5.437e-05,,,,,,,,,0.0
2026-05-13 14:00:00,5.437e-05,,,,,,,,,0.0
2026-05-13 15:00:00,5.437e-05,,,,,,,,,0.0
2026-05-13 16:00:00,5.437e-05,,,,,,,,,0.0
2026-05-13 17:00:00,1.749e-05,,,,,,,,,0.0
2026-05-13 18:00:00,1.749e-05,,,,,,,,,0.0
2026-05-13 19:00:00,1.749e-05,,,,,,,,,0.0
2026-05-13 20:00:00,1.749e-05,,,,,,,,,0.0
2026-05-13 21:00:00,1.749e-05,,,,,,,,,0.0
2026-05-13 22:00:00,1.749e-05,,,,,,,,,0.0
2026-05-13 23:00:00,1.749e-05,,,,,,,,,0.0
2026-05-14 00:00:00,1.749e-05,,,,,,,,,0.0
2026-05-14 01:00:00,3.928e-05,,,,,,,,,0.0
2026-05-14 02:00:00,3.928e-05,,,,,,,,,0.0
2026-05-14 03:00:00,3.928e-05,,,,,,,,,0.0
2026-05-14 04:00:00,3.928e-05,,,,,,,,,0.0
2026-05-14 05:00:00,3.928e-05,,,,,,,,,0.0
2026-05-14 06:00:00,3.928e-05,,,,,,,,,0.0
2026-05-14 07:00:00,3.928e-05,,,,,,,,,0.0
2026-05-14 08:00:00,2.928e-05,,,,,,,,,0.0
2026-05-14 09:00:00,2.928e-05,,,,,,,,,0.0
2026-05-14 10:00:00,2.928e-05,,,,,,,,,0.0
2026-05-14 11:00:00,2.928e-05,,,,,,,,,0.0
2026-05-14 12:00:00,2.928e-05,,,,,,,,,0.0
2026-05-14 13:00:00,2.928e-05,,,,,,,,,0.0
2026-05-14 14:00:00,2.928e-05,,,,,,,,,0.0
2026-05-14 15:00:00,2.928e-05,,,,,,,,,0.0
2026-05-14 16:00:00,4.094e-05,,,,,,,,,0.0
2026-05-14 17:00:00,4.094e-05,,,,,,,,,0.0
2026-05-14 18:00:00,4.094e-05,,,,,,,,,0.0
2026-05-14 19:00:00,4.094e-05,,,,,,,,,0.0
2026-05-14 20:00:00,4.094e-05,,,,,,,,,0.0
2026-05-14 21:00:00,4.094e-05,,,,,,,,,0.0
2026-05-14 22:00:00,4.094e-05,,,,,,,,,0.0
2026-05-14 23:00:00,4.094e-05,,,,,,,,,0.0
2026-05-15 00:00:00,-4.239e-05,,,,,,,,,0.0
2026-05-15 01:00:00,-4.239e-05,,,,,,,,,0.0
2026-05-15 02:00:00,-4.239e-05,,,,,,,,,0.0
2026-05-15 03:00:00,-4.239e-05,,,,,,,,,0.0
2026-05-15 04:00:00,-4.239e-05,,,,,,,,,0.0
2026-05-15 05:00:00,-4.239e-05,,,,,,,,,0.0
2026-05-15 06:00:00,-4.239e-05,,,,,,,,,0.0
2026-05-15 07:00:00,-4.239e-05,,,,,,,,,0.0
2026-05-15 08:00:00,-4.239e-05,,,,,,,,,0.0
2026-05-15 09:00:00,-1.893e-05,,,,,,,,,0.0
2026-05-15 10:00:00,-1.893e-05,,,,,,,,,0.0
2026-05-15 11:00:00,-1.893e-05,,,,,,,,,0.0
2026-05-15 12:00:00,-1.893e-05,,,,,,,,,0.0
2026-05-15 13:00:00,-1.893e-05,,,,,,,,,0.0
2026-05-15 14:00:00,-1.893e-05,,,,,,,,,0.0
2026-05-15 15:00:00,-1.893e-05,,,,,,,,,0.0
2026-05-15 16:00:00,-1.893e-05,,,,,,,,,0.0
2026-05-15 17:00:00,1.548e-05,,,,,,,,,0.0
2026-05-15 18:00:00,1.548e-05,,,,,,,,,0.0
2026-05-15 19:00:00,1.548e-05,,,,,,,,,0.0
2026-05-15 20:00:00,1.548e-05,,,,,,,,,0.0
2026-05-15 21:00:00,1.548e-05,,,,,,,,,0.0
2026-05-15 22:00:00,1.548e-05,,,,,,,,,0.0
2026-05-15 23:00:00,1.548e-05,,,,,,,,,0.0
2026-05-16 00:00:00,1.548e-05,,,,,,,,,0.0
2026-05-16 01:00:00,3.938e-05,,,,,,,,,0.0
2026-05-16 02:00:00,3.938e-05,,,,,,,,,0.0
2026-05-16 03:00:00,3.938e-05,,,,,,,,,0.0
2026-05-16 04:00:00,3.938e-05,,,,,,,,,0.0
2026-05-16 05:00:00,3.938e-05,,,,,,,,,0.0
2026-05-16 06:00:00,3.938e-05,,,,,,,,,0.0
2026-05-16 07:00:00,3.938e-05,,,,,,,,,0.0
2026-05-16 08:00:00,-2.1e-06,,,,,,,,,0.0
2026-05-16 09:00:00,-2.1e-06,,,,,,,,,0.0
2026-05-16 10:00:00,-2.1e-06,,,,,,,,,0.0
2026-05-16 11:00:00,-2.1e-06,,,,,,,,,0.0
2026-05-16 12:00:00,-2.1e-06,,,,,,,,,0.0
2026-05-16 13:00:00,-2.1e-06,,,,,,,,,0.0
2026-05-16 14:00:00,-2.1e-06,,,,,,,,,0.0
2026-05-16 15:00:00,-2.1e-06,,,,,,,,,0.0
2026-05-16 16:00:00,-2.1e-06,,,,,,,,,0.0
2026-05-16 17:00:00,4.955e-05,,,,,,,,,0.0
2026-05-16 18:00:00,4.955e-05,,,,,,,,,0.0
2026-05-16 19:00:00,4.955e-05,,,,,,,,,0.0
2026-05-16 20:00:00,4.955e-05,,,,,,,,,0.0
2026-05-16 21:00:00,4.955e-05,,,,,,,,,0.0
2026-05-16 22:00:00,4.955e-05,,,,,,,,,0.0
2026-05-16 23:00:00,4.955e-05,,,,,,,,,0.0
2026-05-17 00:00:00,4.037e-05,,,,,,,,,0.0
2026-05-17 01:00:00,4.037e-05,,,,,,,,,0.0
2026-05-17 02:00:00,4.037e-05,,,,,,,,,0.0
2026-05-17 03:00:00,4.037e-05,,,,,,,,,0.0
2026-05-17 04:00:00,4.037e-05,,,,,,,,,0.0
2026-05-17 05:00:00,4.037e-05,,,,,,,,,0.0
2026-05-17 06:00:00,4.037e-05,,,,,,,,,0.0
2026-05-17 07:00:00,4.037e-05,,,,,,,,,0.0
2026-05-17 08:00:00,4.037e-05,,,,,,,,,0.0
2026-05-17 09:00:00,1.176e-05,,,,,,,,,0.0
2026-05-17 10:00:00,1.176e-05,,,,,,,,,0.0
2026-05-17 11:00:00,1.176e-05,,,,,,,,,0.0
2026-05-17 12:00:00,1.176e-05,,,,,,,,,0.0
2026-05-17 13:00:00,1.176e-05,,,,,,,,,0.0
2026-05-17 14:00:00,1.176e-05,,,,,,,,,0.0
2026-05-17 15:00:00,1.176e-05,,,,,,,,,0.0
2026-05-17 16:00:00,1.176e-05,,,,,,,,,0.0
2026-05-17 17:00:00,4.8e-07,,,,,,,,,0.0
2026-05-17 18:00:00,4.8e-07,,,,,,,,,0.0
2026-05-17 19:00:00,4.8e-07,,,,,,,,,0.0
2026-05-17 20:00:00,4.8e-07,,,,,,,,,0.0
2026-05-17 21:00:00,4.8e-07,,,,,,,,,0.0
2026-05-17 22:00:00,4.8e-07,,,,,,,,,0.0
2026-05-17 23:00:00,4.8e-07,,,,,,,,,0.0
2026-05-18 00:00:00,4.8e-07,,,,,,,,,0.0
2026-05-18 01:00:00,-1.131e-05,,,,,,,,,0.0
2026-05-18 02:00:00,-1.131e-05,,,,,,,,,0.0
2026-05-18 03:00:00,-1.131e-05,,,,,,,,,0.0
2026-05-18 04:00:00,-1.131e-05,,,,,,,,,0.0
2026-05-18 05:00:00,-1.131e-05,,,,,,,,,0.0
2026-05-18 06:00:00,-1.131e-05,,,,,,,,,0.0
2026-05-18 07:00:00,-1.131e-05,,,,,,,,,0.0
2026-05-18 08:00:00,-1.131e-05,,,,,,,,,0.0
2026-05-18 09:00:00,5.778e-05,,,,,,,,,0.0
2026-05-18 10:00:00,5.778e-05,,,,,,,,,0.0
2026-05-18 11:00:00,5.778e-05,,,,,,,,,0.0
2026-05-18 12:00:00,5.778e-05,,,,,,,,,0.0
2026-05-18 13:00:00,5.778e-05,,,,,,,,,0.0
2026-05-18 14:00:00,5.778e-05,,,,,,,,,0.0
2026-05-18 15:00:00,5.778e-05,,,,,,,,,0.0
2026-05-18 16:00:00,5.778e-05,,,,,,,,,0.0
2026-05-18 17:00:00,7.178e-05,,,,,,,,,0.0
2026-05-18 18:00:00,7.178e-05,,,,,,,,,0.0
2026-05-18 19:00:00,7.178e-05,,,,,,,,,0.0
2026-05-18 20:00:00,7.178e-05,,,,,,,,,0.0
2026-05-18 21:00:00,7.178e-05,,,,,,,,,0.0
2026-05-18 22:00:00,7.178e-05,,,,,,,,,0.0
2026-05-18 23:00:00,7.178e-05,,,,,,,,,0.0
2026-05-19 00:00:00,7.178e-05,,,,,,,,,0.0
2026-05-19 01:00:00,5.164e-05,,,,,,,,,0.0
2026-05-19 02:00:00,5.164e-05,,,,,,,,,0.0
2026-05-19 03:00:00,5.164e-05,,,,,,,,,0.0
2026-05-19 04:00:00,5.164e-05,,,,,,,,,0.0
2026-05-19 05:00:00,5.164e-05,,,,,,,,,0.0
2026-05-19 06:00:00,5.164e-05,,,,,,,,,0.0
2026-05-19 07:00:00,5.164e-05,,,,,,,,,0.0
2026-05-19 08:00:00,5.164e-05,,,,,,,,,0.0
2026-05-19 09:00:00,4.809e-05,,,,,,,,,0.0
2026-05-19 10:00:00,4.809e-05,,,,,,,,,0.0
2026-05-19 11:00:00,4.809e-05,,,,,,,,,0.0
2026-05-19 12:00:00,4.809e-05,,,,,,,,,0.0
2026-05-19 13:00:00,4.809e-05,,,,,,,,,0.0
2026-05-19 14:00:00,4.809e-05,,,,,,,,,0.0
2026-05-19 15:00:00,4.809e-05,,,,,,,,,0.0
2026-05-19 16:00:00,4.809e-05,,,,,,,,,0.0
2026-05-19 17:00:00,5.563e-05,,,,,,,,,0.0
2026-05-19 18:00:00,5.563e-05,,,,,,,,,0.0
2026-05-19 19:00:00,5.563e-05,,,,,,,,,0.0
2026-05-19 20:00:00,5.563e-05,,,,,,,,,0.0
2026-05-19 21:00:00,5.563e-05,,,,,,,,,0.0
2026-05-19 22:00:00,5.563e-05,,,,,,,,,0.0
2026-05-19 23:00:00,5.563e-05,,,,,,,,,0.0
2026-05-20 00:00:00,5.563e-05,,,,,,,,,0.0
2026-05-20 01:00:00,3.254e-05,,,,,,,,,0.0
2026-05-20 02:00:00,3.254e-05,,,,,,,,,0.0
2026-05-20 03:00:00,3.254e-05,,,,,,,,,0.0
2026-05-20 04:00:00,3.254e-05,,,,,,,,,0.0
2026-05-20 05:00:00,3.254e-05,,,,,,,,,0.0
2026-05-20 06:00:00,3.254e-05,,,,,,,,,0.0
2026-05-20 07:00:00,3.254e-05,,,,,,,,,0.0
2026-05-20 08:00:00,3.254e-05,,,,,,,,,0.0
2026-05-20 09:00:00,7.983e-05,,,,,,,,,0.0
2026-05-20 10:00:00,7.983e-05,,,,,,,,,0.0
2026-05-20 11:00:00,7.983e-05,,,,,,,,,0.0
2026-05-20 12:00:00,7.983e-05,,,,,,,,,0.0
2026-05-20 13:00:00,7.983e-05,,,,,,,,,0.0
2026-05-20 14:00:00,7.983e-05,,,,,,,,,0.0
2026-05-20 15:00:00,7.983e-05,,,,,,,,,0.0
2026-05-20 16:00:00,6.858e-05,,,,,,,,,0.0
2026-05-20 17:00:00,6.858e-05,,,,,,,,,0.0
2026-05-20 18:00:00,6.858e-05,,,,,,,,,0.0
2026-05-20 19:00:00,6.858e-05,,,,,,,,,0.0
2026-05-20 20:00:00,6.858e-05,,,,,,,,,0.0
2026-05-20 21:00:00,6.858e-05,,,,,,,,,0.0
2026-05-20 22:00:00,6.858e-05,,,,,,,,,0.0
2026-05-20 23:00:00,6.858e-05,,,,,,,,,0.0
2026-05-21 00:00:00,6.858e-05,,,,,,,,,0.0
2026-05-21 01:00:00,1.925e-05,,,,,,,,,0.0
2026-05-21 02:00:00,1.925e-05,,,,,,,,,0.0
2026-05-21 03:00:00,1.925e-05,,,,,,,,,0.0
2026-05-21 04:00:00,1.925e-05,,,,,,,,,0.0
2026-05-21 05:00:00,1.925e-05,,,,,,,,,0.0
2026-05-21 06:00:00,1.925e-05,,,,,,,,,0.0
2026-05-21 07:00:00,1.925e-05,,,,,,,,,0.0
2026-05-21 08:00:00,4.003e-05,,,,,,,,,0.0
2026-05-21 09:00:00,4.003e-05,,,,,,,,,0.0
2026-05-21 10:00:00,4.003e-05,,,,,,,,,0.0
2026-05-21 11:00:00,4.003e-05,,,,,,,,,0.0
2026-05-21 12:00:00,4.003e-05,,,,,,,,,0.0
2026-05-21 13:00:00,4.003e-05,,,,,,,,,0.0
2026-05-21 14:00:00,4.003e-05,,,,,,,,,0.0
2026-05-21 15:00:00,4.003e-05,,,,,,,,,0.0
2026-05-21 16:00:00,6.13e-05,,,,,,,,,0.0
2026-05-21 17:00:00,6.13e-05,,,,,,,,,0.0
2026-05-21 18:00:00,6.13e-05,,,,,,,,,0.0
2026-05-21 19:00:00,6.13e-05,,,,,,,,,0.0
2026-05-21 20:00:00,6.13e-05,,,,,,,,,0.0
2026-05-21 21:00:00,6.13e-05,,,,,,,,,0.0
2026-05-21 22:00:00,6.13e-05,,,,,,,,,0.0
2026-05-21 23:00:00,6.13e-05,,,,,,,,,0.0
2026-05-22 00:00:00,3.564e-05,,,,,,,,,0.0
2026-05-22 01:00:00,3.564e-05,,,,,,,,,0.0
2026-05-22 02:00:00,3.564e-05,,,,,,,,,0.0
2026-05-22 03:00:00,3.564e-05,,,,,,,,,0.0
2026-05-22 04:00:00,3.564e-05,,,,,,,,,0.0
2026-05-22 05:00:00,3.564e-05,,,,,,,,,0.0
2026-05-22 06:00:00,3.564e-05,,,,,,,,,0.0
2026-05-22 07:00:00,3.564e-05,,,,,,,,,0.0
2026-05-22 08:00:00,3.564e-05,,,,,,,,,0.0
2026-05-22 09:00:00,-8.2e-06,,,,,,,,,0.0
2026-05-22 10:00:00,-8.2e-06,,,,,,,,,0.0
2026-05-22 11:00:00,-8.2e-06,,,,,,,,,0.0
2026-05-22 12:00:00,-8.2e-06,,,,,,,,,0.0
2026-05-22 13:00:00,-8.2e-06,,,,,,,,,0.0
2026-05-22 14:00:00,-8.2e-06,,,,,,,,,0.0
2026-05-22 15:00:00,-8.2e-06,,,,,,,,,0.0
2026-05-22 16:00:00,-8.2e-06,,,,,,,,,0.0
2026-05-22 17:00:00,2.891e-05,,,,,,,,,0.0
2026-05-22 18:00:00,2.891e-05,,,,,,,,,0.0
2026-05-22 19:00:00,2.891e-05,,,,,,,,,0.0
2026-05-22 20:00:00,2.891e-05,,,,,,,,,0.0
2026-05-22 21:00:00,2.891e-05,,,,,,,,,0.0
2026-05-22 22:00:00,2.891e-05,,,,,,,,,0.0
2026-05-22 23:00:00,2.891e-05,,,,,,,,,0.0
2026-05-23 00:00:00,2.891e-05,,,,,,,,,0.0
2026-05-23 01:00:00,1.783e-05,,,,,,,,,0.0
2026-05-23 02:00:00,1.783e-05,,,,,,,,,0.0
2026-05-23 03:00:00,1.783e-05,,,,,,,,,0.0
2026-05-23 04:00:00,1.783e-05,,,,,,,,,0.0
2026-05-23 05:00:00,1.783e-05,,,,,,,,,0.0
2026-05-23 06:00:00,1.783e-05,,,,,,,,,0.0
2026-05-23 07:00:00,1.783e-05,,,,,,,,,0.0
2026-05-23 08:00:00,1.783e-05,,,,,,,,,0.0
2026-05-23 09:00:00,1.025e-05,,,,,,,,,0.0
2026-05-23 10:00:00,1.025e-05,,,,,,,,,0.0
2026-05-23 11:00:00,1.025e-05,,,,,,,,,0.0
2026-05-23 12:00:00,1.025e-05,,,,,,,,,0.0
2026-05-23 13:00:00,1.025e-05,,,,,,,,,0.0
2026-05-23 14:00:00,1.025e-05,,,,,,,,,0.0
2026-05-23 15:00:00,1.025e-05,,,,,,,,,0.0
2026-05-23 16:00:00,1.025e-05,,,,,,,,,0.0
2026-05-23 17:00:00,7.441e-05,,,,,,,,,0.0
2026-05-23 18:00:00,7.441e-05,,,,,,,,,0.0
2026-05-23 19:00:00,7.441e-05,,,,,,,,,0.0
2026-05-23 20:00:00,7.441e-05,,,,,,,,,0.0
2026-05-23 21:00:00,7.441e-05,,,,,,,,,0.0
2026-05-23 22:00:00,7.441e-05,,,,,,,,,0.0
2026-05-23 23:00:00,7.441e-05,,,,,,,,,0.0
2026-05-24 00:00:00,7.441e-05,,,,,,,,,0.0
2026-05-24 01:00:00,9.044e-05,,,,,,,,,0.0
2026-05-24 02:00:00,9.044e-05,,,,,,,,,0.0
2026-05-24 03:00:00,9.044e-05,,,,,,,,,0.0
2026-05-24 04:00:00,9.044e-05,,,,,,,,,0.0
2026-05-24 05:00:00,9.044e-05,,,,,,,,,0.0
2026-05-24 06:00:00,9.044e-05,,,,,,,,,0.0
2026-05-24 07:00:00,9.044e-05,,,,,,,,,0.0
2026-05-24 08:00:00,9.044e-05,,,,,,,,,0.0
2026-05-24 09:00:00,6.29e-05,,,,,,,,,0.0
2026-05-24 10:00:00,6.29e-05,,,,,,,,,0.0
2026-05-24 11:00:00,6.29e-05,,,,,,,,,0.0
2026-05-24 12:00:00,6.29e-05,,,,,,,,,0.0
2026-05-24 13:00:00,6.29e-05,,,,,,,,,0.0
2026-05-24 14:00:00,6.29e-05,,,,,,,,,0.0
2026-05-24 15:00:00,6.29e-05,,,,,,,,,0.0
2026-05-24 16:00:00,6.265e-05,,,,,,,,,0.0
2026-05-24 17:00:00,6.265e-05,,,,,,,,,0.0
2026-05-24 18:00:00,6.265e-05,,,,,,,,,0.0
2026-05-24 19:00:00,6.265e-05,,,,,,,,,0.0
2026-05-24 20:00:00,6.265e-05,,,,,,,,,0.0
2026-05-24 21:00:00,6.265e-05,,,,,,,,,0.0
2026-05-24 22:00:00,6.265e-05,,,,,,,,,0.0
2026-05-24 23:00:00,6.265e-05,,,,,,,,,0.0
2026-05-25 00:00:00,6.265e-05,,,,,,,,,0.0
2026-05-25 01:00:00,6.549e-05,,,,,,,,,0.0
2026-05-25 02:00:00,6.549e-05,,,,,,,,,0.0
2026-05-25 03:00:00,6.549e-05,,,,,,,,,0.0
2026-05-25 04:00:00,6.549e-05,,,,,,,,,0.0
2026-05-25 05:00:00,6.549e-05,,,,,,,,,0.0
2026-05-25 06:00:00,6.549e-05,,,,,,,,,0.0
2026-05-25 07:00:00,6.549e-05,,,,,,,,,0.0
2026-05-25 08:00:00,6.549e-05,,,,,,,,,0.0
2026-05-25 09:00:00,3.527e-05,,,,,,,,,0.0
2026-05-25 10:00:00,3.527e-05,,,,,,,,,0.0
2026-05-25 11:00:00,3.527e-05,,,,,,,,,0.0
2026-05-25 12:00:00,3.527e-05,,,,,,,,,0.0
2026-05-25 13:00:00,3.527e-05,,,,,,,,,0.0
2026-05-25 14:00:00,3.527e-05,,,,,,,,,0.0
2026-05-25 15:00:00,3.527e-05,,,,,,,,,0.0
2026-05-25 16:00:00,3.527e-05,,,,,,,,,0.0
2026-05-25 17:00:00,1.426e-05,,,,,,,,,0.0
2026-05-25 18:00:00,1.426e-05,,,,,,,,,0.0
2026-05-25 19:00:00,1.426e-05,,,,,,,,,0.0
2026-05-25 20:00:00,1.426e-05,,,,,,,,,0.0
2026-05-25 21:00:00,1.426e-05,,,,,,,,,0.0
2026-05-25 22:00:00,1.426e-05,,,,,,,,,0.0
2026-05-25 23:00:00,1.426e-05,,,,,,,,,0.0
2026-05-26 00:00:00,8.058e-05,,,,,,,,,0.0
2026-05-26 01:00:00,8.058e-05,,,,,,,,,0.0
2026-05-26 02:00:00,8.058e-05,,,,,,,,,0.0
2026-05-26 03:00:00,8.058e-05,,,,,,,,,0.0
2026-05-26 04:00:00,8.058e-05,,,,,,,,,0.0
2026-05-26 05:00:00,8.058e-05,,,,,,,,,0.0
2026-05-26 06:00:00,8.058e-05,,,,,,,,,0.0
2026-05-26 07:00:00,8.058e-05,,,,,,,,,0.0
2026-05-26 08:00:00,8.058e-05,,,,,,,,,0.0
2026-05-26 09:00:00,3.852e-05,,,,,,,,,0.0
2026-05-26 10:00:00,3.852e-05,,,,,,,,,0.0
2026-05-26 11:00:00,3.852e-05,,,,,,,,,0.0
2026-05-26 12:00:00,3.852e-05,,,,,,,,,0.0
2026-05-26 13:00:00,3.852e-05,,,,,,,,,0.0
2026-05-26 14:00:00,3.852e-05,,,,,,,,,0.0
2026-05-26 15:00:00,3.852e-05,,,,,,,,,0.0
2026-05-26 16:00:00,5.776e-05,,,,,,,,,0.0
2026-05-26 17:00:00,5.776e-05,,,,,,,,,0.0
2026-05-26 18:00:00,5.776e-05,,,,,,,,,0.0
2026-05-26 19:00:00,5.776e-05,,,,,,,,,0.0
2026-05-26 20:00:00,5.776e-05,,,,,,,,,0.0
2026-05-26 21:00:00,5.776e-05,,,,,,,,,0.0
2026-05-26 22:00:00,5.776e-05,,,,,,,,,0.0
2026-05-26 23:00:00,5.776e-05,,,,,,,,,0.0
2026-05-27 00:00:00,0.0001,,,,,,,,,0.0
2026-05-27 01:00:00,0.0001,,,,,,,,,0.0
2026-05-27 02:00:00,0.0001,,,,,,,,,0.0
2026-05-27 03:00:00,0.0001,,,,,,,,,0.0
2026-05-27 04:00:00,0.0001,,,,,,,,,0.0
2026-05-27 05:00:00,0.0001,,,,,,,,,0.0
2026-05-27 06:00:00,0.0001,,,,,,,,,0.0
2026-05-27 07:00:00,0.0001,,,,,,,,,0.0
2026-05-27 08:00:00,0.0001,,,,,,,,,0.0
2026-05-27 09:00:00,8.948e-05,,,,,,,,,0.0
2026-05-27 10:00:00,8.948e-05,,,,,,,,,0.0
2026-05-27 11:00:00,8.948e-05,,,,,,,,,0.0
2026-05-27 12:00:00,8.948e-05,,,,,,,,,0.0
2026-05-27 13:00:00,8.948e-05,,,,,,,,,0.0
2026-05-27 14:00:00,8.948e-05,,,,,,,,,0.0
2026-05-27 15:00:00,8.948e-05,,,,,,,,,0.0
2026-05-27 16:00:00,8.948e-05,,,,,,,,,0.0
2026-05-27 17:00:00,9.914e-05,,,,,,,,,0.0
2026-05-27 18:00:00,9.914e-05,,,,,,,,,0.0
2026-05-27 19:00:00,9.914e-05,,,,,,,,,0.0
2026-05-27 20:00:00,9.914e-05,,,,,,,,,0.0
2026-05-27 21:00:00,9.914e-05,,,,,,,,,0.0
2026-05-27 22:00:00,9.914e-05,,,,,,,,,0.0
2026-05-27 23:00:00,9.914e-05,,,,,,,,,0.0
2026-05-28 00:00:00,9.914e-05,,,,,,,,,0.0
2026-05-28 01:00:00,0.0001,,,,,,,,,0.0
2026-05-28 02:00:00,0.0001,,,,,,,,,0.0
2026-05-28 03:00:00,0.0001,,,,,,,,,0.0
2026-05-28 04:00:00,0.0001,,,,,,,,,0.0
2026-05-28 05:00:00,0.0001,,,,,,,,,0.0
2026-05-28 06:00:00,0.0001,,,,,,,,,0.0
2026-05-28 07:00:00,0.0001,,,,,,,,,0.0
2026-05-28 08:00:00,5.011e-05,,,,,,,,,0.0
2026-05-28 09:00:00,5.011e-05,,,,,,,,,0.0
2026-05-28 10:00:00,5.011e-05,,,,,,,,,0.0
2026-05-28 11:00:00,5.011e-05,,,,,,,,,0.0
2026-05-28 12:00:00,5.011e-05,,,,,,,,,0.0
2026-05-28 13:00:00,5.011e-05,,,,,,,,,0.0
2026-05-28 14:00:00,5.011e-05,,,,,,,,,0.0
2026-05-28 15:00:00,5.011e-05,,,,,,,,,0.0
2026-05-28 16:00:00,5.011e-05,,,,,,,,,0.0
2026-05-28 17:00:00,0.0001,,,,,,,,,0.0
2026-05-28 18:00:00,0.0001,,,,,,,,,0.0
2026-05-28 19:00:00,0.0001,,,,,,,,,0.0
2026-05-28 20:00:00,0.0001,,,,,,,,,0.0
2026-05-28 21:00:00,0.0001,,,,,,,,,0.0
2026-05-28 22:00:00,0.0001,,,,,,,,,0.0
2026-05-28 23:00:00,0.0001,,,,,,,,,0.0
2026-05-29 00:00:00,0.0001,,,,,,,,,0.0
2026-05-29 01:00:00,0.0001,,,,,,,,,0.0
2026-05-29 02:00:00,0.0001,,,,,,,,,0.0
2026-05-29 03:00:00,0.0001,,,,,,,,,0.0
2026-05-29 04:00:00,0.0001,,,,,,,,,0.0
2026-05-29 05:00:00,0.0001,,,,,,,,,0.0
2026-05-29 06:00:00,0.0001,,,,,,,,,0.0
2026-05-29 07:00:00,0.0001,,,,,,,,,0.0
2026-05-29 08:00:00,0.0001,,,,,,,,,0.0
2026-05-29 09:00:00,5.391e-05,,,,,,,,,0.0
2026-05-29 10:00:00,5.391e-05,,,,,,,,,0.0
2026-05-29 11:00:00,5.391e-05,,,,,,,,,0.0
2026-05-29 12:00:00,5.391e-05,,,,,,,,,0.0
2026-05-29 13:00:00,5.391e-05,,,,,,,,,0.0
2026-05-29 14:00:00,5.391e-05,,,,,,,,,0.0
2026-05-29 15:00:00,5.391e-05,,,,,,,,,0.0
2026-05-29 16:00:00,5.391e-05,,,,,,,,,0.0
2026-05-29 17:00:00,6.702e-05,,,,,,,,,0.0
2026-05-29 18:00:00,6.702e-05,,,,,,,,,0.0
2026-05-29 19:00:00,6.702e-05,,,,,,,,,0.0
2026-05-29 20:00:00,6.702e-05,,,,,,,,,0.0
2026-05-29 21:00:00,6.702e-05,,,,,,,,,0.0
2026-05-29 22:00:00,6.702e-05,,,,,,,,,0.0
2026-05-29 23:00:00,6.702e-05,,,,,,,,,0.0
2026-05-30 00:00:00,3.464e-05,,,,,,,,,0.0
2026-05-30 01:00:00,3.464e-05,,,,,,,,,0.0
2026-05-30 02:00:00,3.464e-05,,,,,,,,,0.0
2026-05-30 03:00:00,3.464e-05,,,,,,,,,0.0
2026-05-30 04:00:00,3.464e-05,,,,,,,,,0.0
2026-05-30 05:00:00,3.464e-05,,,,,,,,,0.0
2026-05-30 06:00:00,3.464e-05,,,,,,,,,0.0
2026-05-30 07:00:00,3.464e-05,,,,,,,,,0.0
2026-05-30 08:00:00,3.464e-05,,,,,,,,,0.0
2026-05-30 09:00:00,4.732e-05,,,,,,,,,0.0
2026-05-30 10:00:00,4.732e-05,,,,,,,,,0.0
2026-05-30 11:00:00,4.732e-05,,,,,,,,,0.0
2026-05-30 12:00:00,4.732e-05,,,,,,,,,0.0
2026-05-30 13:00:00,4.732e-05,,,,,,,,,0.0
2026-05-30 14:00:00,4.732e-05,,,,,,,,,0.0
2026-05-30 15:00:00,4.732e-05,,,,,,,,,0.0
2026-05-30 16:00:00,6.214e-05,,,,,,,,,0.0
2026-05-30 17:00:00,6.214e-05,,,,,,,,,0.0
2026-05-30 18:00:00,6.214e-05,,,,,,,,,0.0
2026-05-30 19:00:00,6.214e-05,,,,,,,,,0.0
2026-05-30 20:00:00,6.214e-05,,,,,,,,,0.0
2026-05-30 21:00:00,6.214e-05,,,,,,,,,0.0
2026-05-30 22:00:00,6.214e-05,,,,,,,,,0.0
2026-05-30 23:00:00,6.214e-05,,,,,,,,,0.0
2026-05-31 00:00:00,4.432e-05,,,,,,,,,0.0
2026-05-31 01:00:00,4.432e-05,,,,,,,,,0.0
2026-05-31 02:00:00,4.432e-05,,,,,,,,,0.0
2026-05-31 03:00:00,4.432e-05,,,,,,,,,0.0
2026-05-31 04:00:00,4.432e-05,,,,,,,,,0.0
2026-05-31 05:00:00,4.432e-05,,,,,,,,,0.0
2026-05-31 06:00:00,4.432e-05,,,,,,,,,0.0
2026-05-31 07:00:00,4.432e-05,,,,,,,,,0.0
2026-05-31 08:00:00,5.663e-05,,,,,,,,,0.0
2026-05-31 09:00:00,5.663e-05,,,,,,,,,0.0
2026-05-31 10:00:00,5.663e-05,,,,,,,,,0.0
2026-05-31 11:00:00,5.663e-05,,,,,,,,,0.0
2026-05-31 12:00:00,5.663e-05,,,,,,,,,0.0
2026-05-31 13:00:00,5.663e-05,,,,,,,,,0.0
2026-05-31 14:00:00,5.663e-05,,,,,,,,,0.0
2026-05-31 15:00:00,5.663e-05,,,,,,,,,0.0
2026-05-31 16:00:00,5.663e-05,,,,,,,,,0.0
2026-05-31 17:00:00,5.988e-05,,,,,,,,,0.0
2026-05-31 18:00:00,5.988e-05,,,,,,,,,0.0
2026-05-31 19:00:00,5.988e-05,,,,,,,,,0.0
2026-05-31 20:00:00,5.988e-05,,,,,,,,,0.0
2026-05-31 21:00:00,5.988e-05,,,,,,,,,0.0
2026-05-31 22:00:00,5.988e-05,,,,,,,,,0.0
2026-05-31 23:00:00,5.988e-05,,,,,,,,,0.0
2026-06-01 00:00:00,5.988e-05,,,,,,,,,0.0
2026-06-01 01:00:00,5.703e-05,,,,,,,,,0.0
2026-06-01 02:00:00,5.703e-05,,,,,,,,,0.0
2026-06-01 03:00:00,5.703e-05,,,,,,,,,0.0
2026-06-01 04:00:00,5.703e-05,,,,,,,,,0.0
2026-06-01 05:00:00,5.703e-05,,,,,,,,,0.0
2026-06-01 06:00:00,5.703e-05,,,,,,,,,0.0
2026-06-01 07:00:00,5.703e-05,,,,,,,,,0.0
2026-06-01 08:00:00,5.703e-05,,,,,,,,,0.0
2026-06-01 09:00:00,4.438e-05,,,,,,,,,0.0
2026-06-01 10:00:00,4.438e-05,,,,,,,,,0.0
2026-06-01 11:00:00,4.438e-05,,,,,,,,,0.0
2026-06-01 12:00:00,4.438e-05,,,,,,,,,0.0
2026-06-01 13:00:00,4.438e-05,,,,,,,,,0.0
2026-06-01 14:00:00,4.438e-05,,,,,,,,,0.0
2026-06-01 15:00:00,4.438e-05,,,,,,,,,0.0
2026-06-01 16:00:00,0.0001,,,,,,,,,0.0
2026-06-01 17:00:00,0.0001,,,,,,,,,0.0
2026-06-01 18:00:00,0.0001,,,,,,,,,0.0
2026-06-01 19:00:00,0.0001,,,,,,,,,0.0
2026-06-01 20:00:00,0.0001,,,,,,,,,0.0
2026-06-01 21:00:00,0.0001,,,,,,,,,0.0
2026-06-01 22:00:00,0.0001,,,,,,,,,0.0
2026-06-01 23:00:00,0.0001,,,,,,,,,0.0
2026-06-02 00:00:00,0.0001,,,,,,,,,0.0
2026-06-02 01:00:00,0.0001,,,,,,,,,0.0
2026-06-02 02:00:00,0.0001,,,,,,,,,0.0
2026-06-02 03:00:00,0.0001,,,,,,,,,0.0
2026-06-02 04:00:00,0.0001,,,,,,,,,0.0
2026-06-02 05:00:00,0.0001,,,,,,,,,0.0
2026-06-02 06:00:00,0.0001,,,,,,,,,0.0
2026-06-02 07:00:00,0.0001,,,,,,,,,0.0
2026-06-02 08:00:00,5.99e-05,,,,,,,,,0.0
2026-06-02 09:00:00,5.99e-05,,,,,,,,,0.0
2026-06-02 10:00:00,5.99e-05,,,,,,,,,0.0
2026-06-02 11:00:00,5.99e-05,,,,,,,,,0.0
2026-06-02 12:00:00,5.99e-05,,,,,,,,,0.0
2026-06-02 13:00:00,5.99e-05,,,,,,,,,0.0
2026-06-02 14:00:00,5.99e-05,,,,,,,,,0.0
2026-06-02 15:00:00,5.99e-05,,,,,,,,,0.0
2026-06-02 16:00:00,8.345e-05,,,,,,,,,0.0
2026-06-02 17:00:00,8.345e-05,,,,,,,,,0.0
2026-06-02 18:00:00,8.345e-05,,,,,,,,,0.0
2026-06-02 19:00:00,8.345e-05,,,,,,,,,0.0
2026-06-02 20:00:00,8.345e-05,,,,,,,,,0.0
2026-06-02 21:00:00,8.345e-05,,,,,,,,,0.0
2026-06-02 22:00:00,8.345e-05,,,,,,,,,0.0
2026-06-02 23:00:00,8.345e-05,,,,,,,,,0.0
2026-06-03 00:00:00,8.345e-05,,,,,,,,,0.0
2026-06-03 01:00:00,7.165e-05,,,,,,,,,0.0
2026-06-03 02:00:00,7.165e-05,,,,,,,,,0.0
2026-06-03 03:00:00,7.165e-05,,,,,,,,,0.0
2026-06-03 04:00:00,7.165e-05,,,,,,,,,0.0
2026-06-03 05:00:00,7.165e-05,,,,,,,,,0.0
2026-06-03 06:00:00,7.165e-05,,,,,,,,,0.0
2026-06-03 07:00:00,7.165e-05,,,,,,,,,0.0
2026-06-03 08:00:00,5.229e-05,,,,,,,,,0.0
2026-06-03 09:00:00,5.229e-05,,,,,,,,,0.0
2026-06-03 10:00:00,5.229e-05,,,,,,,,,0.0
2026-06-03 11:00:00,5.229e-05,,,,,,,,,0.0
2026-06-03 12:00:00,5.229e-05,,,,,,,,,0.0
2026-06-03 13:00:00,5.229e-05,,,,,,,,,0.0
2026-06-03 14:00:00,5.229e-05,,,,,,,,,0.0
2026-06-03 15:00:00,5.229e-05,,,,,,,,,0.0
2026-06-03 16:00:00,5.229e-05,,,,,,,,,0.0
2026-06-03 17:00:00,0.0001,,,,,,,,,0.0
2026-06-03 18:00:00,0.0001,,,,,,,,,0.0
2026-06-03 19:00:00,0.0001,,,,,,,,,0.0
2026-06-03 20:00:00,0.0001,,,,,,,,,0.0
2026-06-03 21:00:00,0.0001,,,,,,,,,0.0
2026-06-03 22:00:00,0.0001,,,,,,,,,0.0
2026-06-03 23:00:00,0.0001,,,,,,,,,0.0
2026-06-04 00:00:00,0.0001,,,,,,,,,0.0
2026-06-04 01:00:00,2.705e-05,,,,,,,,,0.0
2026-06-04 02:00:00,2.705e-05,,,,,,,,,0.0
2026-06-04 03:00:00,2.705e-05,,,,,,,,,0.0
2026-06-04 04:00:00,2.705e-05,,,,,,,,,0.0
2026-06-04 05:00:00,2.705e-05,,,,,,,,,0.0
2026-06-04 06:00:00,2.705e-05,,,,,,,,,0.0
2026-06-04 07:00:00,2.705e-05,,,,,,,,,0.0
2026-06-04 08:00:00,1.519e-05,,,,,,,,,0.0
2026-06-04 09:00:00,1.519e-05,,,,,,,,,0.0
2026-06-04 10:00:00,1.519e-05,,,,,,,,,0.0
2026-06-04 11:00:00,1.519e-05,,,,,,,,,0.0
2026-06-04 12:00:00,1.519e-05,,,,,,,,,0.0
2026-06-04 13:00:00,1.519e-05,,,,,,,,,0.0
2026-06-04 14:00:00,1.519e-05,,,,,,,,,0.0
2026-06-04 15:00:00,1.519e-05,,,,,,,,,0.0
2026-06-04 16:00:00,1.519e-05,,,,,,,,,0.0
2026-06-04 17:00:00,-1.077e-05,,,,,,,,,0.0
2026-06-04 18:00:00,-1.077e-05,,,,,,,,,0.0
2026-06-04 19:00:00,-1.077e-05,,,,,,,,,0.0
2026-06-04 20:00:00,-1.077e-05,,,,,,,,,0.0
2026-06-04 21:00:00,-1.077e-05,,,,,,,,,0.0
2026-06-04 22:00:00,-1.077e-05,,,,,,,,,0.0
2026-06-04 23:00:00,-1.077e-05,,,,,,,,,0.0
2026-06-05 00:00:00,1.315e-05,,,,,,,,,0.0
2026-06-05 01:00:00,1.315e-05,,,,,,,,,0.0
2026-06-05 02:00:00,1.315e-05,,,,,,,,,0.0
2026-06-05 03:00:00,1.315e-05,,,,,,,,,0.0
2026-06-05 04:00:00,1.315e-05,,,,,,,,,0.0
2026-06-05 05:00:00,1.315e-05,,,,,,,,,0.0
2026-06-05 06:00:00,1.315e-05,,,,,,,,,0.0
2026-06-05 07:00:00,1.315e-05,,,,,,,,,0.0
2026-06-05 08:00:00,1.315e-05,,,,,,,,,0.0
2026-06-05 09:00:00,-1.431e-05,,,,,,,,,0.0
2026-06-05 10:00:00,-1.431e-05,,,,,,,,,0.0
2026-06-05 11:00:00,-1.431e-05,,,,,,,,,0.0
2026-06-05 12:00:00,-1.431e-05,,,,,,,,,0.0
2026-06-05 13:00:00,-1.431e-05,,,,,,,,,0.0
2026-06-05 14:00:00,-1.431e-05,,,,,,,,,0.0
2026-06-05 15:00:00,-1.431e-05,,,,,,,,,0.0
2026-06-05 16:00:00,-1.431e-05,,,,,,,,,0.0
2026-06-05 17:00:00,-8.63e-06,,,,,,,,,0.0
2026-06-05 18:00:00,-8.63e-06,,,,,,,,,0.0
2026-06-05 19:00:00,-8.63e-06,,,,,,,,,0.0
2026-06-05 20:00:00,-8.63e-06,,,,,,,,,0.0
2026-06-05 21:00:00,-8.63e-06,,,,,,,,,0.0
2026-06-05 22:00:00,-8.63e-06,,,,,,,,,0.0
2026-06-05 23:00:00,-8.63e-06,,,,,,,,,0.0
2026-06-06 00:00:00,-1.234e-05,,,,,,,,,0.0
2026-06-06 01:00:00,-1.234e-05,,,,,,,,,0.0
2026-06-06 02:00:00,-1.234e-05,,,,,,,,,0.0
2026-06-06 03:00:00,-1.234e-05,,,,,,,,,0.0
2026-06-06 04:00:00,-1.234e-05,,,,,,,,,0.0
2026-06-06 05:00:00,-1.234e-05,,,,,,,,,0.0
2026-06-06 06:00:00,-1.234e-05,,,,,,,,,0.0
2026-06-06 07:00:00,-1.234e-05,,,,,,,,,0.0
2026-06-06 08:00:00,2.675e-05,,,,,,,,,0.0
2026-06-06 09:00:00,2.675e-05,,,,,,,,,0.0
2026-06-06 10:00:00,2.675e-05,,,,,,,,,0.0
2026-06-06 11:00:00,2.675e-05,,,,,,,,,0.0
2026-06-06 12:00:00,2.675e-05,,,,,,,,,0.0
2026-06-06 13:00:00,2.675e-05,,,,,,,,,0.0
2026-06-06 14:00:00,2.675e-05,,,,,,,,,0.0
2026-06-06 15:00:00,2.675e-05,,,,,,,,,0.0
2026-06-06 16:00:00,-5.11e-06,,,,,,,,,0.0
2026-06-06 17:00:00,-5.11e-06,,,,,,,,,0.0
2026-06-06 18:00:00,-5.11e-06,,,,,,,,,0.0
2026-06-06 19:00:00,-5.11e-06,,,,,,,,,0.0
2026-06-06 20:00:00,-5.11e-06,,,,,,,,,0.0
2026-06-06 21:00:00,-5.11e-06,,,,,,,,,0.0
2026-06-06 22:00:00,-5.11e-06,,,,,,,,,0.0
2026-06-06 23:00:00,-5.11e-06,,,,,,,,,0.0
2026-06-07 00:00:00,-5.11e-06,,,,,,,,,0.0
2026-06-07 01:00:00,-2.828e-05,,,,,,,,,0.0
2026-06-07 02:00:00,-2.828e-05,,,,,,,,,0.0
2026-06-07 03:00:00,-2.828e-05,,,,,,,,,0.0
2026-06-07 04:00:00,-2.828e-05,,,,,,,,,0.0
2026-06-07 05:00:00,-2.828e-05,,,,,,,,,0.0
2026-06-07 06:00:00,-2.828e-05,,,,,,,,,0.0
2026-06-07 07:00:00,-2.828e-05,,,,,,,,,0.0
2026-06-07 08:00:00,4.07e-06,,,,,,,,,0.0
2026-06-07 09:00:00,4.07e-06,,,,,,,,,0.0
2026-06-07 10:00:00,4.07e-06,,,,,,,,,0.0
2026-06-07 11:00:00,4.07e-06,,,,,,,,,0.0
2026-06-07 12:00:00,4.07e-06,,,,,,,,,0.0
2026-06-07 13:00:00,4.07e-06,,,,,,,,,0.0
2026-06-07 14:00:00,4.07e-06,,,,,,,,,0.0
2026-06-07 15:00:00,4.07e-06,,,,,,,,,0.0
2026-06-07 16:00:00,2.742e-05,,,,,,,,,0.0
2026-06-07 17:00:00,2.742e-05,,,,,,,,,0.0
2026-06-07 18:00:00,2.742e-05,,,,,,,,,0.0
2026-06-07 19:00:00,2.742e-05,,,,,,,,,0.0
2026-06-07 20:00:00,2.742e-05,,,,,,,,,0.0
2026-06-07 21:00:00,2.742e-05,,,,,,,,,0.0
2026-06-07 22:00:00,2.742e-05,,,,,,,,,0.0
2026-06-07 23:00:00,2.742e-05,,,,,,,,,0.0
2026-06-08 00:00:00,3.533e-05,,,,,,,,,0.0
2026-06-08 01:00:00,3.533e-05,,,,,,,,,0.0
2026-06-08 02:00:00,3.533e-05,,,,,,,,,0.0
2026-06-08 03:00:00,3.533e-05,,,,,,,,,0.0
2026-06-08 04:00:00,3.533e-05,,,,,,,,,0.0
2026-06-08 05:00:00,3.533e-05,,,,,,,,,0.0
2026-06-08 06:00:00,3.533e-05,,,,,,,,,0.0
2026-06-08 07:00:00,3.533e-05,,,,,,,,,0.0
2026-06-08 08:00:00,3.533e-05,,,,,,,,,0.0
2026-06-08 09:00:00,3.454e-05,,,,,,,,,0.0
2026-06-08 10:00:00,3.454e-05,,,,,,,,,0.0
2026-06-08 11:00:00,3.454e-05,,,,,,,,,0.0
2026-06-08 12:00:00,3.454e-05,,,,,,,,,0.0
2026-06-08 13:00:00,3.454e-05,,,,,,,,,0.0
2026-06-08 14:00:00,3.454e-05,,,,,,,,,0.0
2026-06-08 15:00:00,3.454e-05,,,,,,,,,0.0
2026-06-08 16:00:00,3.454e-05,,,,,,,,,0.0
2026-06-08 17:00:00,1.22e-06,,,,,,,,,0.0
2026-06-08 18:00:00,1.22e-06,,,,,,,,,0.0
2026-06-08 19:00:00,1.22e-06,,,,,,,,,0.0
2026-06-08 20:00:00,1.22e-06,,,,,,,,,0.0
2026-06-08 21:00:00,1.22e-06,,,,,,,,,0.0
2026-06-08 22:00:00,1.22e-06,,,,,,,,,0.0
2026-06-08 23:00:00,1.22e-06,,,,,,,,,0.0
2026-06-09 00:00:00,-1.565e-05,,,,,,,,,0.0
2026-06-09 01:00:00,-1.565e-05,,,,,,,,,0.0
2026-06-09 02:00:00,-1.565e-05,,,,,,,,,0.0
2026-06-09 03:00:00,-1.565e-05,,,,,,,,,0.0
2026-06-09 04:00:00,-1.565e-05,,,,,,,,,0.0
2026-06-09 05:00:00,-1.565e-05,,,,,,,,,0.0
2026-06-09 06:00:00,-1.565e-05,,,,,,,,,0.0
2026-06-09 07:00:00,-1.565e-05,,,,,,,,,0.0
2026-06-09 08:00:00,3.041e-05,,,,,,,,,0.0
2026-06-09 09:00:00,3.041e-05,,,,,,,,,0.0
2026-06-09 10:00:00,3.041e-05,,,,,,,,,0.0
2026-06-09 11:00:00,3.041e-05,,,,,,,,,0.0
2026-06-09 12:00:00,3.041e-05,,,,,,,,,0.0
2026-06-09 13:00:00,3.041e-05,,,,,,,,,0.0
2026-06-09 14:00:00,3.041e-05,,,,,,,,,0.0
2026-06-09 15:00:00,3.041e-05,,,,,,,,,0.0
2026-06-09 16:00:00,3.041e-05,,,,,,,,,0.0
2026-06-09 17:00:00,3.041e-05,,,,,,1.1434,6738.993,5893.64,0.0
2026-06-09 18:00:00,3.041e-05,,,,,,0.8695,2626.883,3021.087,0.0
2026-06-09 19:00:00,3.041e-05,99938.697,6172808682.906965,2.1616,0.6837,0.3163,1.1898,3277.772,2754.932,0.0
2026-06-09 20:00:00,3.041e-05,99618.878,6183975950.4096,2.1686,0.6844,0.3156,1.1355,2500.591,2202.255,0.0
2026-06-09 21:00:00,3.041e-05,99428.553,6177753839.183422,2.1466,0.6822,0.3178,0.6581,2343.172,3560.379,0.0
2026-06-09 22:00:00,3.041e-05,99109.279,6118184720.845326,2.1056,0.678,0.322,1.129,1723.196,1526.364,0.0
2026-06-09 23:00:00,3.041e-05,99208.032,6119806186.7712,2.0931,0.6767,0.3233,0.9081,1755.538,1933.222,0.0
2026-06-10 00:00:00,3.041e-05,99232.019,6122146791.613028,2.0637,0.6736,0.3264,0.8849,2378.439,2687.705,0.0
2026-06-10 01:00:00,3.041e-05,99493.863,6158126367.09256,2.0349,0.6705,0.3295,1.0395,2167.326,2084.93,0.0
2026-06-10 02:00:00,3.041e-05,99598.973,6143657279.565318,2.0294,0.6699,0.3301,0.7781,2813.594,3616.183,0.0
2026-06-10 03:00:00,3.041e-05,99975.662,6126038875.904335,2.0331,0.6703,0.3297,1.4642,2063.414,1409.221,0.0
2026-06-10 04:00:00,3.041e-05,100153.179,6161386542.981951,2.0432,0.6714,0.3286,0.8211,1856.216,2260.627,0.0
2026-06-10 05:00:00,3.041e-05,100140.896,6135592641.5616,2.0303,0.67,0.33,1.0618,2142.368,2017.745,0.0
2026-06-10 06:00:00,3.041e-05,100292.364,6150088228.2624,2.0506,0.6722,0.3278,0.9696,2389.164,2464.142,0.0
2026-06-10 07:00:00,3.041e-05,100788.661,6192424600.537691,2.0741,0.6747,0.3253,1.0736,3268.881,3044.753,0.0
2026-06-10 08:00:00,3.041e-05,101084.549,6231802600.134699,2.0874,0.6761,0.3239,0.9582,3674.346,3834.811,0.0
2026-06-10 09:00:00,3.041e-05,100838.407,6174214654.5216,2.1037,0.6778,0.3222,0.8181,5400.237,6600.847,0.0
2026-06-10 10:00:00,3.041e-05,100765.219,6177149761.2256,2.1387,0.6814,0.3186,1.1914,2179.74,1829.623,0.0
2026-06-10 11:00:00,3.041e-05,100772.973,6182784676.2528,2.123,0.6798,0.3202,0.9154,4572.521,4994.993,0.0
2026-06-10 12:00:00,3.041e-05,100909.106,6155815101.0608015,2.1387,0.6814,0.3186,1.006,8618.819,8567.794,0.0
2026-06-10 13:00:00,3.041e-05,101045.7,6219302207.58,2.0979,0.6772,0.3228,1.2068,10220.505,8468.8,0.0
2026-06-10 14:00:00,3.041e-05,101045.7,6219302207.58,2.0979,0.6772,0.3228,1.0323,5898.847,5714.155,0.0
2026-06-10 15:00:00,3.041e-05,100469.988,6246661221.9072,2.0166,0.6685,0.3315,1.1444,10067.098,8797.187,0.0
2026-06-10 16:00:00,3.041e-05,100567.704,6296010938.6088,1.9815,0.6646,0.3354,0.8982,4586.035,5105.858,0.0
2026-06-10 17:00:00,3.041e-05,100431.54,6246299457.684,2.0211,0.669,0.331,0.9163,5337.135,5824.815,0.0
2026-06-10 18:00:00,3.041e-05,100363.704,6216969426.0576,2.0488,0.672,0.328,1.0332,3141.374,3040.508,0.0
2026-06-10 19:00:00,3.041e-05,100215.482,6197786398.0972,2.0506,0.6722,0.3278,1.0241,2299.918,2245.871,0.0
2026-06-10 20:00:00,3.041e-05,100218.325,6204356151.43,2.0479,0.6719,0.3281,0.9699,1573.232,1622.092,0.0
2026-06-10 21:00:00,3.041e-05,100110.683,6184434905.1525135,2.0525,0.6724,0.3276,0.6715,3168.698,4718.67,0.0
2026-06-10 22:00:00,3.041e-05,99548.795,6105173288.782716,2.0562,0.6728,0.3272,1.2489,4241.562,3396.332,0.0
2026-06-10 23:00:00,3.041e-05,99165.695,6084132718.474,2.0845,0.6758,0.3242,1.4006,2708.505,1933.873,0.0
2026-06-11 00:00:00,-8.11e-06,99165.695,6084132718.474,2.0845,0.6758,0.3242,1.4006,2708.505,1933.873,0.0
2026-06-11 01:00:00,-8.11e-06,99790.774,6166929348.884979,2.1017,0.6776,0.3224,1.2136,3484.812,2871.415,0.0
2026-06-11 02:00:00,-8.11e-06,100277.653,6235294546.8359,2.0414,0.6712,0.3288,0.7986,2098.468,2627.78,0.0
2026-06-11 03:00:00,-8.11e-06,100217.372,6224861757.4592,1.9824,0.6647,0.3353,1.7574,7153.406,4070.335,0.0
2026-06-11 04:00:00,-8.11e-06,99784.077,6252899336.3511,1.9257,0.6582,0.3418,0.9842,3145.527,3195.916,0.0
2026-06-11 05:00:00,-8.11e-06,100177.419,6281077594.60745,1.8629,0.6507,0.3493,0.7302,1353.089,1853.072,0.0
2026-06-11 06:00:00,-8.11e-06,100316.191,6277957770.3047,1.8169,0.645,0.355,1.2277,4305.768,3507.233,0.0
2026-06-11 07:00:00,-8.11e-06,100133.511,6282190635.246454,1.7847,0.6409,0.3591,0.8974,2207.692,2460.044,0.0
2026-06-11 08:00:00,-8.11e-06,100279.524,6286969165.990427,1.7663,0.6385,0.3615,0.9155,3194.734,3489.443,0.0
2026-06-11 09:00:00,-8.11e-06,101752.322,6402988716.9584,1.7548,0.637,0.363,1.0624,2108.818,1984.93,0.0
2026-06-11 10:00:00,-8.11e-06,101637.568,6392459901.078072,1.7189,0.6322,0.3678,2.0865,5517.566,2644.458,0.0
2026-06-11 11:00:00,-8.11e-06,101311.07,6397064441.387863,1.7159,0.6318,0.3682,1.5714,4498.884,2862.978,0.0
2026-06-11 12:00:00,-8.11e-06,101698.886,6414972500.9966,1.71,0.631,0.369,0.9884,10405.379,10527.697,0.0
2026-06-11 13:00:00,-8.11e-06,103475.014,6516913943.821052,1.6254,0.6191,0.3809,1.0191,6574.397,6451.008,0.0
2026-06-11 14:00:00,-8.11e-06,101870.145,6422179177.206,1.6008,0.6155,0.3845,0.9283,3692.075,3977.352,0.0
2026-06-11 15:00:00,-8.11e-06,101805.69,6383531209.054775,1.5867,0.6134,0.3866,0.8477,3901.844,4602.726,0.0
2026-06-11 16:00:00,2.736e-05,101805.69,6383531209.054775,1.5867,0.6134,0.3866,0.8477,3901.844,4602.726,0.0
2026-06-11 17:00:00,2.736e-05,101206.843,6330266143.180408,1.6261,0.6192,0.3808,1.3818,16403.813,11871.734,0.0
2026-06-11 18:00:00,2.736e-05,100899.193,6418769591.139524,1.6617,0.6243,0.3757,0.9723,4882.207,5021.555,0.0
2026-06-11 19:00:00,2.736e-05,100036.929,6344942258.754,1.6212,0.6185,0.3815,1.2817,5635.861,4397.125,0.0
2026-06-11 20:00:00,2.736e-05,99274.054,6312095466.319856,1.6151,0.6176,0.3824,0.9298,2377.799,2557.427,0.0
2026-06-11 21:00:00,2.736e-05,98768.687,6258195752.639224,1.6062,0.6163,0.3837,1.093,1133.562,1037.144,0.0
2026-06-11 22:00:00,2.736e-05,98827.906,6274307033.8032,1.6008,0.6155,0.3845,1.0091,1113.093,1103.002,0.0
2026-06-11 23:00:00,2.736e-05,98822.885,6272001924.5835,1.5934,0.6144,0.3856,1.4145,2502.297,1769.071,0.0
2026-06-12 00:00:00,-1.303e-05,98822.885,6272001924.5835,1.5934,0.6144,0.3856,1.4145,2502.297,1769.071,0.0
2026-06-12 01:00:00,-1.303e-05,98253.812,6250887363.880955,1.5846,0.6131,0.3869,0.9615,2188.354,2275.928,0.0
2026-06-12 02:00:00,-1.303e-05,98486.35,6244320200.415,1.572,0.6112,0.3888,1.0434,1740.152,1667.741,0.0
2026-06-12 03:00:00,-1.303e-05,98166.049,6242310339.6757,1.5575,0.609,0.391,0.9763,1001.404,1025.682,0.0
2026-06-12 04:00:00,-1.303e-05,98322.844,6242837275.320422,1.5621,0.6097,0.3903,1.2511,3279.992,2621.786,0.0
2026-06-12 05:00:00,-1.303e-05,99340.334,6325173861.57665,1.5278,0.6044,0.3956,0.8187,2722.081,3325.0,0.0
2026-06-12 06:00:00,-1.303e-05,98468.947,6235458112.458448,1.576,0.6118,0.3882,0.7796,3742.046,4799.922,0.0
2026-06-12 07:00:00,-1.303e-05,98213.113,6183104742.028,1.6021,0.6157,0.3843,1.5004,2871.389,1913.788,0.0
2026-06-12 08:00:00,2.446e-05,98213.113,6183104742.028,1.6021,0.6157,0.3843,1.5004,2871.389,1913.788,0.0
2026-06-12 09:00:00,2.446e-05,98014.628,6218415562.987745,1.5974,0.615,0.385,1.1089,4174.234,3764.446,0.0
2026-06-12 10:00:00,2.446e-05,98398.088,6270860949.196,1.5387,0.6061,0.3939,0.9852,2086.941,2118.204,0.0
2026-06-12 11:00:00,2.446e-05,98425.266,6266363759.969809,1.5075,0.6012,0.3988,0.9427,1640.658,1740.372,0.0
2026-06-12 12:00:00,2.446e-05,98744.382,6292930092.669,1.4919,0.5987,0.4013,0.9045,2658.296,2939.064,0.0
2026-06-12 13:00:00,2.446e-05,98434.235,6244047732.7195,1.5278,0.6044,0.3956,1.0116,4644.771,4591.615,0.0
2026-06-12 14:00:00,2.446e-05,98227.477,6208659859.437353,1.5893,0.6138,0.3862,1.0795,7408.532,6862.851,0.0
2026-06-12 15:00:00,2.446e-05,98408.778,6295317778.3158,1.5381,0.606,0.394,1.1177,13724.17,12279.044,0.0
2026-06-12 16:00:00,8.4e-06,98408.778,6295317778.3158,1.5381,0.606,0.394,1.1177,13724.17,12279.044,0.0
2026-06-12 17:00:00,8.4e-06,98644.762,6308466510.931181,1.5183,0.6029,0.3971,1.0165,2126.032,2091.473,0.0
2026-06-12 18:00:00,8.4e-06,98650.115,6297507661.232,1.5126,0.602,0.398,0.886,1454.143,1641.237,0.0
2026-06-12 19:00:00,8.4e-06,98375.872,6262913273.276281,1.5063,0.601,0.399,0.989,1573.32,1590.849,0.0
2026-06-12 20:00:00,8.4e-06,98193.517,6241022830.8928,1.5126,0.602,0.398,0.8656,1855.969,2144.173,0.0
2026-06-12 21:00:00,8.4e-06,97738.049,6198185436.7987,1.5394,0.6062,0.3938,1.1032,1176.13,1066.118,0.0
2026-06-12 22:00:00,8.4e-06,97657.95,6196671005.244696,1.5471,0.6074,0.3926,1.0804,1147.613,1062.202,0.0
2026-06-12 23:00:00,8.4e-06,97799.303,6208573592.4884,1.5582,0.6091,0.3909,1.133,872.038,769.657,0.0
2026-06-13 00:00:00,5.357e-05,97799.303,6208573592.4884,1.5582,0.6091,0.3909,1.133,872.038,769.657,0.0
2026-06-13 01:00:00,5.357e-05,97912.028,6224646899.228339,1.5793,0.6123,0.3877,1.4289,1570.281,1098.91,0.0
2026-06-13 02:00:00,5.357e-05,98052.44,6255853529.684,1.5833,0.6129,0.3871,0.5358,857.494,1600.383,0.0
2026-06-13 03:00:00,5.357e-05,98278.776,6252228203.829952,1.5793,0.6123,0.3877,0.6703,1214.695,1812.099,0.0
2026-06-13 04:00:00,5.357e-05,98605.89,6260921822.016,1.5867,0.6134,0.3866,0.8754,603.791,689.745,0.0
2026-06-13 05:00:00,5.357e-05,98543.025,6255038220.48,1.588,0.6136,0.3864,1.361,696.513,511.765,0.0
2026-06-13 06:00:00,5.357e-05,98596.968,6266320441.5432,1.584,0.613,0.387,1.3968,956.949,685.106,0.0
2026-06-13 07:00:00,5.357e-05,98553.966,6278296146.81676,1.592,0.6142,0.3858,0.8938,2300.313,2573.596,0.0
2026-06-13 08:00:00,5.357e-05,98149.763,6264290843.7594,1.553,0.6083,0.3917,0.8251,1564.778,1896.465,0.0
2026-06-13 09:00:00,5.357e-05,98383.454,6274360176.212325,1.5253,0.604,0.396,0.7335,600.759,819.031,0.0
2026-06-13 10:00:00,5.357e-05,98518.101,6276588214.71,1.5157,0.6025,0.3975,1.3134,1521.229,1158.242,0.0
2026-06-13 11:00:00,5.357e-05,98698.594,6298264165.677521,1.5082,0.6013,0.3987,1.2402,1336.621,1077.782,0.0
2026-06-13 12:00:00,5.357e-05,98765.157,6314658954.4677,1.5056,0.6009,0.3991,1.2626,2653.457,2101.625,0.0
2026-06-13 13:00:00,5.357e-05,98954.668,6343239864.44178,1.4944,0.5991,0.4009,1.0149,2383.846,2348.806,0.0
2026-06-13 14:00:00,5.357e-05,99454.442,6372922273.935264,1.4426,0.5906,0.4094,0.9446,1058.415,1120.5,0.0
2026-06-13 15:00:00,5.357e-05,99723.114,6400748016.7128,1.4361,0.5895,0.4105,1.2228,2507.627,2050.657,0.0
2026-06-13 16:00:00,5.357e-05,99955.904,6423666170.56,1.416,0.5861,0.4139,0.8895,3866.78,4346.991,0.0
2026-06-13 17:00:00,5.357e-05,99955.904,6423666170.56,1.416,0.5861,0.4139,1.0222,1510.558,1477.686,0.0
2026-06-13 18:00:00,5.357e-05,99921.237,6389283743.6071005,1.4295,0.5884,0.4116,1.0587,1602.532,1513.632,0.0
2026-06-13 19:00:00,5.357e-05,100084.981,6418289286.517086,1.4325,0.5889,0.4111,0.7528,1326.184,1761.604,0.0
2026-06-13 20:00:00,5.357e-05,100736.25,6473339004.380135,1.4219,0.5871,0.4129,0.8952,509.828,569.483,0.0
2026-06-13 21:00:00,5.357e-05,100709.937,6470922121.412004,1.4114,0.5853,0.4147,1.5446,4451.328,2881.787,0.0
2026-06-13 22:00:00,5.357e-05,100172.185,6454624792.1305,1.4667,0.5946,0.4054,1.1179,1504.628,1345.957,0.0
2026-06-13 23:00:00,5.357e-05,100129.203,6450359505.482358,1.46,0.5935,0.4065,1.1236,1145.153,1019.177,0.0
2026-06-14 00:00:00,5.357e-05,100142.273,6451335468.5241,1.4564,0.5929,0.4071,1.1322,1093.972,966.213,0.0
2026-06-14 01:00:00,5.357e-05,100282.049,6470527830.154529,1.4576,0.5931,0.4069,1.078,1352.169,1254.277,0.0
2026-06-14 02:00:00,5.357e-05,100634.19,6496630437.620675,1.4558,0.5928,0.4072,0.8792,956.965,1088.487,0.0
2026-06-14 03:00:00,5.357e-05,100518.877,6478619640.124648,1.4474,0.5914,0.4086,1.2359,1807.328,1462.3,0.0
2026-06-14 04:00:00,5.357e-05,100760.92,6500591490.522535,1.4426,0.5906,0.4094,0.6589,1031.09,1564.957,0.0
2026-06-14 05:00:00,5.357e-05,100565.858,6467053137.217032,1.4319,0.5888,0.4112,1.0634,1070.199,1006.368,0.0
2026-06-14 06:00:00,5.357e-05,100628.436,6474403383.7092,1.4301,0.5885,0.4115,1.0554,1725.393,1634.827,0.0
2026-06-14 07:00:00,5.357e-05,100522.542,6459377503.836,1.4331,0.589,0.411,0.9908,1230.589,1242.023,0.0
2026-06-14 08:00:00,5.357e-05,100503.456,6471690763.368673,1.4295,0.5884,0.4116,1.0322,827.462,801.618,0.0
2026-06-14 09:00:00,5.357e-05,100586.932,6480121978.9292,1.4337,0.5891,0.4109,0.9852,1538.284,1561.394,0.0
2026-06-14 10:00:00,5.357e-05,100791.036,6509569473.732067,1.429,0.5883,0.4117,0.8675,1175.876,1355.543,0.0
2026-06-14 11:00:00,5.357e-05,100910.954,6507283233.0716,1.4248,0.5876,0.4124,1.0167,940.259,924.782,0.0
2026-06-14 12:00:00,5.357e-05,100940.303,6511830545.0451,1.4178,0.5864,0.4136,0.747,1408.029,1884.918,0.0
2026-06-14 13:00:00,5.357e-05,101156.874,6504245259.523864,1.4125,0.5855,0.4145,1.0422,1500.494,1439.739,0.0
2026-06-14 14:00:00,5.357e-05,101260.489,6508437140.013587,1.4149,0.5859,0.4141,0.7168,3538.645,4936.583,0.0
2026-06-14 15:00:00,5.357e-05,100976.583,6458250197.8557,1.3969,0.5828,0.4172,1.0788,2221.71,2059.476,0.0
2026-06-14 16:00:00,-3.265e-05,100976.583,6458250197.8557,1.3969,0.5828,0.4172,1.0788,2221.71,2059.476,0.0
2026-06-14 17:00:00,-3.265e-05,100976.583,6458250197.8557,1.3969,0.5828,0.4172,0.843,2502.267,2968.191,0.0
2026-06-14 18:00:00,-3.265e-05,100989.205,6434070407.76442,1.3861,0.5809,0.4191,1.4606,1883.198,1289.335,0.0
2026-06-14 19:00:00,-3.265e-05,100702.176,6423575144.119071,1.4015,0.5836,0.4164,1.1175,716.917,641.561,0.0
2026-06-14 20:00:00,-3.265e-05,100732.391,6424449993.7634,1.4091,0.5849,0.4151,1.3359,1757.493,1315.565,0.0
2026-06-14 21:00:00,-3.265e-05,100688.837,6441880482.4697,1.4248,0.5876,0.4124,1.4638,16454.995,11240.968,0.0
2026-06-14 22:00:00,-3.265e-05,101100.468,6601102306.89,1.4746,0.5959,0.4041,0.9506,6941.928,7302.443,0.0
2026-06-14 23:00:00,-3.265e-05,101580.79,6642276435.389,1.4576,0.5931,0.4069,1.1928,5317.632,4458.277,0.0
2026-06-15 00:00:00,-3.265e-05,101679.083,6681322376.0217,1.4266,0.5879,0.4121,0.8156,4063.115,4981.744,0.0
2026-06-15 01:00:00,-3.265e-05,101884.873,6682771458.8922,1.3906,0.5817,0.4183,1.1623,3190.748,2745.196,0.0
2026-06-15 02:00:00,-3.265e-05,102025.043,6680865080.7518,1.3798,0.5798,0.4202,0.8185,1765.119,2156.435,0.0
2026-06-15 03:00:00,-3.265e-05,102073.12,6679181136.595912,1.3685,0.5778,0.4222,1.2869,5208.095,4046.979,0.0
2026-06-15 04:00:00,-3.265e-05,103222.302,6801792301.3692,1.3518,0.5748,0.4252,0.8064,1487.308,1844.353,0.0
2026-06-15 05:00:00,-3.265e-05,102960.398,6755462882.747967,1.3386,0.5724,0.4276,1.245,1700.723,1366.092,0.0
2026-06-15 06:00:00,-3.265e-05,102960.398,6755462882.747967,1.3386,0.5724,0.4276,0.7866,1792.724,2279.137,0.0
2026-06-15 07:00:00,-3.265e-05,103198.034,6787783807.293392,1.3256,0.57,0.43,1.0195,2719.246,2667.354,0.0
2026-06-15 08:00:00,-3.265e-05,103222.982,6775804273.6368,1.3261,0.5701,0.4299,0.984,1940.108,1971.703,0.0
2026-06-15 09:00:00,-3.265e-05,103224.343,6774623267.605766,1.3343,0.5716,0.4284,0.9387,1610.592,1715.8,0.0
2026-06-15 10:00:00,-3.265e-05,103178.862,6764472808.13304,1.3175,0.5685,0.4315,2.6258,5717.688,2177.491,0.0
2026-06-15 11:00:00,-3.265e-05,104082.54,6857446923.138,1.3267,0.5702,0.4298,1.1666,8320.347,7132.026,0.0
2026-06-15 12:00:00,-3.265e-05,103752.57,6867699818.250327,1.3918,0.5819,0.4181,0.8902,5729.613,6436.083,0.0
2026-06-15 13:00:00,-3.265e-05,104823.579,6973755475.5015,1.4021,0.5837,0.4163,1.012,10334.228,10211.569,0.0
2026-06-15 14:00:00,-3.265e-05,104178.462,6918585422.0358,1.3872,0.5811,0.4189,1.086,4295.961,3955.688,0.0
2026-06-15 15:00:00,-3.265e-05,104422.745,6950258835.759788,1.3906,0.5817,0.4183,1.3745,7734.958,5627.305,0.0
2026-06-15 16:00:00,-3.265e-05,104333.103,7015357845.72,1.3776,0.5794,0.4206,0.8535,3489.849,4089.003,0.0
2026-06-15 17:00:00,-3.265e-05,104601.046,7021186124.281701,1.3283,0.5705,0.4295,0.7877,3610.053,4583.162,0.0
2026-06-15 18:00:00,-3.265e-05,103907.852,6943223949.638929,1.3261,0.5701,0.4299,1.1804,1925.889,1631.562,0.0
2026-06-15 19:00:00,-3.265e-05,103729.016,6921566659.789728,1.3218,0.5693,0.4307,0.8811,2888.039,3277.844,0.0
2026-06-15 20:00:00,-3.265e-05,103707.194,6902149330.9148,1.3191,0.5688,0.4312,0.9614,1100.275,1144.396,0.0
2026-06-15 21:00:00,-3.265e-05,103722.485,6896466538.656,1.3137,0.5678,0.4322,0.7975,1306.769,1638.505,0.0
2026-06-15 22:00:00,-3.265e-05,103415.087,6860246626.319,1.3132,0.5677,0.4323,0.9401,2686.898,2858.231,0.0
2026-06-15 23:00:00,-3.265e-05,103252.889,6832407241.648456,1.3057,0.5663,0.4337,1.2338,1533.089,1242.618,0.0
2026-06-16 00:00:00,-4.28e-06,103300.779,6847516496.323953,1.3288,0.5706,0.4294,0.9505,1672.187,1759.332,0.0
2026-06-16 01:00:00,-4.28e-06,103271.879,6838333357.3672,1.3635,0.5769,0.4231,1.1659,1237.511,1061.39,0.0
2026-06-16 02:00:00,-4.28e-06,103361.966,6853921629.2634,1.3804,0.5799,0.4201,0.6492,3581.964,5517.551,0.0
2026-06-16 03:00:00,-4.28e-06,103188.996,6780961683.144,1.3348,0.5717,0.4283,1.268,3692.554,2912.139,0.0
2026-06-16 04:00:00,-4.28e-06,103268.76,6829023955.371215,1.3663,0.5774,0.4226,0.6891,2265.564,3287.637,0.0
2026-06-16 05:00:00,-4.28e-06,103696.468,6824607892.333505,1.3535,0.5751,0.4249,1.3106,1994.306,1521.686,0.0
2026-06-16 06:00:00,-4.28e-06,103638.108,6843234635.0508,1.3652,0.5772,0.4228,1.4166,3302.203,2331.047,0.0
2026-06-16 07:00:00,-4.28e-06,103571.307,6877982806.39799,1.4044,0.5841,0.4159,1.5184,2383.108,1569.493,0.0
2026-06-16 08:00:00,-1.11e-05,103588.817,6872268579.6506,1.3935,0.5822,0.4178,1.349,5222.827,3871.771,0.0
2026-06-16 09:00:00,-1.11e-05,103775.158,6937794790.4478,1.4213,0.587,0.413,0.7462,2267.009,3038.247,0.0
2026-06-16 10:00:00,-1.11e-05,104047.287,6916963917.221375,1.405,0.5842,0.4158,0.9584,1876.502,1957.89,0.0
2026-06-16 11:00:00,-1.11e-05,104308.684,6934789002.642448,1.4056,0.5843,0.4157,0.8823,1582.281,1793.355,0.0
2026-06-16 12:00:00,-1.11e-05,104029.68,6913084325.04,1.3832,0.5804,0.4196,1.0485,3383.951,3227.323,0.0
2026-06-16 13:00:00,-1.11e-05,104195.659,6918205073.919211,1.3941,0.5823,0.4177,0.8828,5135.422,5817.317,0.0
2026-06-16 14:00:00,-1.11e-05,104031.932,6868618600.097652,1.3685,0.5778,0.4222,0.8657,7233.133,8355.695,0.0
2026-06-16 15:00:00,-1.11e-05,103359.423,6783489267.4323,1.4056,0.5843,0.4157,1.2249,4217.057,3442.882,0.0
2026-06-16 16:00:00,-1.11e-05,103110.942,6789010020.9756,1.4091,0.5849,0.4151,0.8706,1530.754,1758.294,0.0
2026-06-16 17:00:00,-1.11e-05,103179.203,6782051556.5524,1.3901,0.5816,0.4184,1.2912,1897.55,1469.654,0.0
2026-06-16 18:00:00,-1.11e-05,103042.081,6795862144.654758,1.3975,0.5829,0.4171,1.0895,2861.579,2626.534,0.0
2026-06-16 19:00:00,-1.11e-05,102766.327,6764336558.9575,1.4108,0.5852,0.4148,0.8189,2235.783,2730.102,0.0
2026-06-16 20:00:00,-1.11e-05,102894.027,6755249660.997745,1.4125,0.5855,0.4145,1.0591,1295.13,1222.841,0.0
2026-06-16 21:00:00,-1.11e-05,102804.365,6766994521.76,1.4272,0.588,0.412,0.881,1224.211,1389.52,0.0
2026-06-16 22:00:00,-1.11e-05,102442.577,6734867526.365824,1.4254,0.5877,0.4123,1.4483,1522.855,1051.506,0.0
2026-06-16 23:00:00,-1.11e-05,102362.265,6729991566.259048,1.4284,0.5882,0.4118,0.899,836.209,930.192,0.0
2026-06-17 00:00:00,-1.11e-05,102414.651,6723012609.319575,1.4248,0.5876,0.4124,1.0261,1075.761,1048.347,0.0
2026-06-17 01:00:00,-1.11e-05,102539.554,6734736382.9876,1.4372,0.5897,0.4103,0.9381,2315.774,2468.588,0.0
2026-06-17 02:00:00,-1.11e-05,102661.987,6765932397.037998,1.445,0.591,0.409,1.0835,1813.693,1673.889,0.0
2026-06-17 03:00:00,-1.11e-05,102818.774,6773053310.51865,1.4552,0.5927,0.4073,0.7796,829.528,1064.109,0.0
2026-06-17 04:00:00,-1.11e-05,102683.211,6758465191.5246,1.4534,0.5924,0.4076,1.2831,1066.014,830.787,0.0
2026-06-17 05:00:00,-1.11e-05,102808.5,6770555470.43646,1.4624,0.5939,0.4061,0.9244,1033.793,1118.366,0.0
2026-06-17 06:00:00,-1.11e-05,102916.13,6771479981.093,1.4618,0.5938,0.4062,0.7536,1466.572,1946.143,0.0
2026-06-17 07:00:00,-1.11e-05,102925.711,6751103335.108712,1.4783,0.5965,0.4035,0.7951,4106.461,5164.57,0.0
2026-06-17 08:00:00,-6.685e-05,101787.487,6667860523.61571,1.4516,0.5921,0.4079,0.8148,6115.604,7505.315,0.0
2026-06-17 09:00:00,-6.685e-05,101746.901,6602336056.5098,1.4814,0.597,0.403,1.3417,3504.273,2611.766,0.0
2026-06-17 10:00:00,-6.685e-05,101904.58,6611769248.904452,1.5113,0.6018,0.3982,0.8139,1759.47,2161.712,0.0
2026-06-17 11:00:00,-6.685e-05,101927.505,6601885269.852,1.5013,0.6002,0.3998,0.9799,4043.189,4126.056,0.0
2026-06-17 12:00:00,-6.685e-05,101920.361,6601850615.6306,1.5387,0.6061,0.3939,1.1316,4234.376,3741.899,0.0
2026-06-17 13:00:00,-6.685e-05,102172.338,6642131823.419074,1.5974,0.615,0.385,1.4064,5842.883,4154.436,0.0
2026-06-17 14:00:00,-6.685e-05,102106.457,6663031593.461524,1.6035,0.6159,0.3841,0.8785,4706.41,5357.215,0.0
2026-06-17 15:00:00,-6.685e-05,101986.216,6636487842.0384,1.5674,0.6105,0.3895,1.2223,5345.144,4373.186,0.0
2026-06-17 16:00:00,-2.582e-05,101868.736,6694274574.964419,1.5556,0.6087,0.3913,1.0491,7192.929,6856.563,0.0
2026-06-17 17:00:00,-2.582e-05,101560.125,6685692872.7375,1.5227,0.6036,0.3964,1.1623,2847.926,2450.282,0.0
2026-06-17 18:00:00,-2.582e-05,101294.214,6690259164.597055,1.5151,0.6024,0.3976,0.8712,15057.934,17284.683,0.0
2026-06-17 19:00:00,-2.582e-05,99954.474,6546268388.445,1.5208,0.6033,0.3967,0.9104,13134.642,14427.645,0.0
2026-06-17 20:00:00,-2.582e-05,99851.463,6419430585.9774,1.6603,0.6241,0.3759,1.1911,3817.757,3205.273,0.0
2026-06-17 21:00:00,-2.582e-05,99470.032,6406456933.9888,1.7034,0.6301,0.3699,1.104,2171.458,1966.892,0.0
2026-06-17 22:00:00,-2.582e-05,99242.092,6374362512.219523,1.7034,0.6301,0.3699,0.9045,3564.844,3941.106,0.0
2026-06-17 23:00:00,-2.582e-05,99316.745,6382719217.496746,1.727,0.6333,0.3667,1.4971,1755.45,1172.555,0.0
2026-06-18 00:00:00,-2.582e-05,99312.692,6403522307.531024,1.7624,0.638,0.362,1.0424,1718.9,1648.914,0.0
2026-06-18 01:00:00,-2.582e-05,99383.603,6404362308.988193,1.7793,0.6402,0.3598,1.0257,1879.155,1832.137,0.0
2026-06-18 02:00:00,-2.582e-05,99540.602,6422449227.5818,1.7747,0.6396,0.3604,1.1398,1354.903,1188.746,0.0
2026-06-18 03:00:00,-2.582e-05,99596.745,6439408167.747165,1.7647,0.6383,0.3617,0.7559,2192.066,2900.08,0.0
2026-06-18 04:00:00,-2.582e-05,100066.357,6429763769.035,1.7412,0.6352,0.3648,0.7983,4335.848,5431.328,0.0
2026-06-18 05:00:00,-2.582e-05,99991.051,6385319155.583616,1.7601,0.6377,0.3623,0.9925,2969.043,2991.58,0.0
2026-06-18 06:00:00,-2.582e-05,99989.393,6396291473.3921,1.7933,0.642,0.358,1.2282,2352.348,1915.293,0.0
2026-06-18 07:00:00,-2.582e-05,100213.223,6419806668.789783,1.8345,0.6472,0.3528,1.2645,3630.01,2870.665,0.0
2026-06-18 08:00:00,1.896e-05,99736.184,6430182029.974068,1.8043,0.6434,0.3566,0.902,2723.178,3019.025,0.0
2026-06-18 09:00:00,1.896e-05,100187.525,6449060965.4975,1.7285,0.6335,0.3665,0.7276,1644.932,2260.795,0.0
2026-06-18 10:00:00,1.896e-05,100414.93,6443897178.411,1.702,0.6299,0.3701,0.762,2944.276,3863.662,0.0
2026-06-18 11:00:00,1.896e-05,100296.378,6423972981.2622,1.7632,0.6381,0.3619,1.0312,2098.127,2034.725,0.0
2026-06-18 12:00:00,1.896e-05,100539.515,6428506643.0515,1.7563,0.6372,0.3628,1.4803,3110.021,2100.99,0.0
2026-06-18 13:00:00,1.896e-05,100550.386,6470173011.862857,1.8082,0.6439,0.3561,0.8587,5579.325,6497.115,0.0
2026-06-18 14:00:00,1.896e-05,100219.197,6409484970.265612,1.7632,0.6381,0.3619,1.0134,6624.25,6536.806,0.0
2026-06-18 15:00:00,1.896e-05,100431.151,6406269675.173368,1.8058,0.6436,0.3564,0.8762,18977.299,21659.774,0.0
2026-06-18 16:00:00,1.896e-05,99162.914,6181348462.506438,1.858,0.6501,0.3499,1.1179,7499.82,6708.71,0.0
2026-06-18 17:00:00,1.896e-05,99144.499,6212810714.2358,1.9464,0.6606,0.3394,1.1792,6352.591,5387.227,0.0
2026-06-18 18:00:00,1.896e-05,98880.027,6187933487.871347,1.9472,0.6607,0.3393,0.9691,4503.174,4646.763,0.0
2026-06-18 19:00:00,1.896e-05,99537.573,6239613163.737298,1.9735,0.6637,0.3363,1.4016,2719.481,1940.248,0.0
2026-06-18 20:00:00,1.896e-05,99671.956,6271000652.4784,1.9931,0.6659,0.3341,1.0167,3102.936,3052.079,0.0
2026-06-18 21:00:00,1.896e-05,98699.789,6224324533.6648,1.9735,0.6637,0.3363,0.7195,1357.683,1887.065,0.0
2026-06-18 22:00:00,1.896e-05,98495.272,6199314788.09909,1.9446,0.6604,0.3396,0.8406,1417.715,1686.476,0.0
2026-06-18 23:00:00,1.896e-05,98492.018,6190512284.755565,1.93,0.6587,0.3413,1.0509,1295.169,1232.436,0.0
2026-06-19 00:00:00,1.896e-05,98609.797,6204932727.4077,1.936,0.6594,0.3406,1.4699,1455.779,990.408,0.0
2026-06-19 01:00:00,1.896e-05,98692.761,6216824793.0837,1.9455,0.6605,0.3395,0.9231,1230.12,1332.567,0.0
2026-06-19 02:00:00,1.896e-05,98783.171,6222796465.5595,1.936,0.6594,0.3406,0.9518,1027.943,1080.032,0.0
2026-06-19 03:00:00,1.896e-05,98879.411,6227227896.335216,1.9053,0.6558,0.3442,0.7617,5048.699,6628.525,0.0
2026-06-19 04:00:00,1.896e-05,98402.032,6174255178.2464,1.8944,0.6545,0.3455,0.9342,2681.1,2870.044,0.0
2026-06-19 05:00:00,1.896e-05,98630.987,6156289767.9738,1.8902,0.654,0.346,1.0881,1965.87,1806.77,0.0
2026-06-19 06:00:00,1.896e-05,98378.062,6169417417.74224,1.8927,0.6543,0.3457,1.1494,1421.55,1236.791,0.0
2026-06-19 07:00:00,1.896e-05,98438.76,6188530628.958199,1.8868,0.6536,0.3464,0.9684,2617.204,2702.522,0.0
2026-06-19 08:00:00,1.896e-05,98616.113,6172779760.526288,1.8877,0.6537,0.3463,0.8337,1629.645,1954.805,0.0
2026-06-19 09:00:00,1.896e-05,98726.92,6176573314.424,1.8927,0.6543,0.3457,0.8589,2826.195,3290.608,0.0
2026-06-19 10:00:00,1.896e-05,99139.584,6181721850.876007,1.9019,0.6554,0.3446,1.4265,2151.054,1507.975,0.0
2026-06-19 11:00:00,1.896e-05,99129.203,6196478980.050106,1.9121,0.6566,0.3434,1.1793,1642.791,1393.04,0.0
2026-06-19 12:00:00,1.896e-05,99089.205,6203152670.2875,1.907,0.656,0.344,1.2101,3689.958,3049.228,0.0
2026-06-19 13:00:00,1.896e-05,99145.99,6226341509.631617,1.9172,0.6572,0.3428,1.3841,8056.612,5820.944,0.0
2026-06-19 14:00:00,1.896e-05,98824.096,6244022063.816608,1.942,0.6601,0.3399,0.9889,3875.739,3919.174,0.0
2026-06-19 15:00:00,1.896e-05,98675.449,6233866830.5140085,1.9028,0.6555,0.3445,0.9911,2204.44,2224.157,0.0
2026-06-19 16:00:00,1.896e-05,98653.354,6233865977.9184,1.8703,0.6516,0.3484,0.964,3127.843,3244.551,0.0
2026-06-19 17:00:00,1.896e-05,98390.183,6192953610.5324,1.8523,0.6494,0.3506,1.085,2528.681,2330.654,0.0
2026-06-19 18:00:00,1.896e-05,98529.094,6224848380.494392,1.862,0.6506,0.3494,0.7827,951.18,1215.201,0.0
2026-06-19 19:00:00,1.896e-05,98490.735,6212716771.212,1.8506,0.6492,0.3508,1.0747,890.742,828.808,0.0
2026-06-19 20:00:00,1.896e-05,98535.917,6207457309.6573,1.8563,0.6499,0.3501,1.3917,923.663,663.698,0.0
2026-06-19 21:00:00,1.896e-05,98450.564,6224098597.715029,1.8637,0.6508,0.3492,1.0101,982.408,972.565,0.0
2026-06-19 22:00:00,1.896e-05,98361.277,6201481792.296,1.8588,0.6502,0.3498,1.5852,1842.614,1162.362,0.0
2026-06-19 23:00:00,1.896e-05,98287.035,6220360384.9695,1.8629,0.6507,0.3493,2.003,3484.205,1739.454,0.0
2026-06-20 00:00:00,1.896e-05,97664.208,6202898010.6,1.9087,0.6562,0.3438,1.1808,3043.284,2577.292,0.0
2026-06-20 01:00:00,1.896e-05,97813.535,6210856250.5415,1.8752,0.6522,0.3478,0.9327,1276.425,1368.547,0.0
2026-06-20 02:00:00,1.896e-05,97691.792,6208411073.392,1.8629,0.6507,0.3493,0.624,1046.239,1676.559,0.0
2026-06-20 03:00:00,1.896e-05,97661.745,6182887432.739558,1.8409,0.648,0.352,1.063,918.119,863.71,0.0
2026-06-20 04:00:00,1.896e-05,97652.666,6195859571.87662,1.8417,0.6481,0.3519,1.0361,1036.074,999.94,0.0
2026-06-20 05:00:00,1.896e-05,97781.27,6214410589.648068,1.8401,0.6479,0.3521,1.5497,3966.785,2559.644,0.0
2026-06-20 06:00:00,1.896e-05,97945.217,6233762514.0518,1.8506,0.6492,0.3508,1.1449,1020.81,891.605,0.0
2026-06-20 07:00:00,1.896e-05,98031.547,6245860694.250143,1.8514,0.6493,0.3507,0.7952,1564.389,1967.263,0.0
2026-06-20 08:00:00,2.633e-05,98446.477,6263130468.969947,1.8361,0.6474,0.3526,0.6516,1872.139,2872.967,0.0
2026-06-20 09:00:00,2.633e-05,98452.958,6241011769.9864,1.8217,0.6456,0.3544,1.158,1978.404,1708.435,0.0
2026-06-20 10:00:00,2.633e-05,98376.703,6266507442.0673,1.8153,0.6448,0.3552,0.9315,1046.525,1123.489,0.0
2026-06-20 11:00:00,2.633e-05,98150.391,6247233126.9936,1.7832,0.6407,0.3593,1.2033,863.388,717.519,0.0
2026-06-20 12:00:00,2.633e-05,98120.753,6245739151.78468,1.777,0.6399,0.3601,0.871,1451.769,1666.812,0.0
2026-06-20 13:00:00,2.633e-05,98037.74,6237915909.398,1.7594,0.6376,0.3624,0.7633,2640.683,3459.71,0.0
2026-06-20 14:00:00,2.633e-05,97982.919,6209412736.0356,1.7307,0.6338,0.3662,1.2586,8445.342,6710.11,0.0
2026-06-20 15:00:00,2.633e-05,97784.85,6251478851.409279,1.7435,0.6355,0.3645,1.1547,6288.807,5446.329,0.0
2026-06-20 16:00:00,2.633e-05,98394.049,6309616786.174,1.7056,0.6304,0.3696,1.213,2428.537,2002.087,0.0
2026-06-20 17:00:00,2.633e-05,98472.774,6301245708.552595,1.6874,0.6279,0.3721,0.6251,1968.035,3148.19,0.0
2026-06-20 18:00:00,2.633e-05,97675.162,6233111160.4814,1.6998,0.6296,0.3704,1.0418,842.713,808.93,0.0
2026-06-20 19:00:00,2.633e-05,97618.665,6225767026.506,1.7042,0.6302,0.3698,1.2551,1002.739,798.927,0.0
2026-06-20 20:00:00,2.633e-05,97565.617,6234979537.1935,1.7189,0.6322,0.3678,0.9413,464.538,493.495,0.0
2026-06-20 21:00:00,2.633e-05,97467.845,6228127068.0085,1.7159,0.6318,0.3682,1.3903,977.076,702.788,0.0
2026-06-20 22:00:00,2.633e-05,97191.134,6218605403.654748,1.7278,0.6334,0.3666,1.4995,1934.679,1290.259,0.0
2026-06-20 23:00:00,2.633e-05,97298.906,6251055784.9854,1.7108,0.6311,0.3689,0.9209,830.479,901.842,0.0
2026-06-21 00:00:00,7.78e-06,97540.135,6269488531.228532,1.6925,0.6286,0.3714,0.6029,906.244,1503.211,0.0
2026-06-21 01:00:00,7.78e-06,98025.956,6299637838.584972,1.6702,0.6255,0.3745,0.4417,881.29,1995.212,0.0
2026-06-21 02:00:00,7.78e-06,98966.012,6356470373.81742,1.6518,0.6229,0.3771,0.6546,572.212,874.173,0.0
2026-06-21 03:00:00,7.78e-06,99065.733,6361951840.3935,1.6399,0.6212,0.3788,1.5435,2196.414,1423.029,0.0
2026-06-21 04:00:00,7.78e-06,98830.987,6364705679.7013,1.6674,0.6251,0.3749,0.961,2167.298,2255.357,0.0
2026-06-21 05:00:00,7.78e-06,98494.922,6328554825.2972,1.6759,0.6263,0.3737,0.9198,1281.017,1392.663,0.0
2026-06-21 06:00:00,7.78e-06,98694.096,6338809977.709924,1.6596,0.624,0.376,0.8137,840.738,1033.259,0.0
2026-06-21 07:00:00,7.78e-06,98741.389,6346099196.8911,1.6483,0.6224,0.3776,0.5321,1109.764,2085.815,0.0
2026-06-21 08:00:00,3.034e-05,99251.916,6369538624.853925,1.6281,0.6195,0.3805,0.6288,1996.815,3175.542,0.0
2026-06-21 09:00:00,3.034e-05,99600.258,6373221308.904,1.6103,0.6169,0.3831,1.7982,2486.071,1382.52,0.0
2026-06-21 10:00:00,3.034e-05,100050.893,6421896633.3659,1.6316,0.62,0.38,1.3819,2325.654,1682.996,0.0
2026-06-21 11:00:00,3.034e-05,100033.985,6435976523.5315,1.6254,0.6191,0.3809,0.8721,2199.303,2521.838,0.0
2026-06-21 12:00:00,3.034e-05,99859.317,6405076451.697,1.5846,0.6131,0.3869,1.0742,2407.276,2240.899,0.0
2026-06-21 13:00:00,3.034e-05,99827.131,6405237483.190783,1.5974,0.615,0.385,0.9202,1209.866,1314.748,0.0
2026-06-21 14:00:00,3.034e-05,100039.503,6414872841.653347,1.5887,0.6137,0.3863,1.0635,922.325,867.26,0.0
2026-06-21 15:00:00,3.034e-05,100122.448,6419851365.76,1.586,0.6133,0.3867,1.5199,1767.92,1163.153,0.0
2026-06-21 16:00:00,4.189e-05,99936.261,6415937937.0783,1.5846,0.6131,0.3869,0.7652,1126.024,1471.471,0.0
2026-06-21 17:00:00,4.189e-05,100034.103,6414416762.7969,1.576,0.6118,0.3882,1.026,678.478,661.316,0.0
2026-06-21 18:00:00,4.189e-05,99978.687,6410288217.359685,1.574,0.6115,0.3885,1.1602,1353.233,1166.398,0.0
2026-06-21 19:00:00,4.189e-05,99839.364,6407690381.52,1.5714,0.6111,0.3889,1.264,673.418,532.775,0.0
2026-06-21 20:00:00,4.189e-05,99778.532,6403547285.032587,1.5687,0.6107,0.3893,0.8259,2163.382,2619.502,0.0
2026-06-21 21:00:00,4.189e-05,99608.955,6356983742.727,1.5641,0.61,0.39,1.0607,3716.427,3503.79,0.0
2026-06-21 22:00:00,4.189e-05,99929.469,6373670985.682845,1.5608,0.6095,0.3905,1.344,2876.678,2140.355,0.0
2026-06-21 23:00:00,4.189e-05,100297.184,6396483575.426898,1.5615,0.6096,0.3904,0.7615,3500.261,4596.484,0.0
2026-06-22 00:00:00,6.572e-05,100266.126,6344840299.198036,1.5833,0.6129,0.3871,1.178,4501.501,3821.209,0.0
2026-06-22 01:00:00,6.572e-05,100250.247,6402517513.543189,1.5767,0.6119,0.3881,1.276,9033.198,7079.065,0.0
2026-06-22 02:00:00,6.572e-05,100425.309,6485997265.562114,1.5714,0.6111,0.3889,0.8953,2213.445,2472.31,0.0
2026-06-22 03:00:00,6.572e-05,100411.251,6449173664.7276,1.5608,0.6095,0.3905,0.8392,4033.038,4805.599,0.0
2026-06-22 04:00:00,6.572e-05,99956.845,6390992764.735403,1.6226,0.6187,0.3813,0.9674,1960.681,2026.805,0.0
2026-06-22 05:00:00,6.572e-05,99809.792,6394174590.7712,1.6589,0.6239,0.3761,0.9936,1781.303,1792.807,0.0
2026-06-22 06:00:00,6.572e-05,99729.428,6404574001.446,1.6638,0.6246,0.3754,0.8631,1328.427,1539.217,0.0
2026-06-22 07:00:00,6.572e-05,99844.785,6386560303.242266,1.6645,0.6247,0.3753,1.1444,2299.277,2009.072,0.0
2026-06-22 08:00:00,1.514e-05,99688.37,6398787124.723,1.649,0.6225,0.3775,1.1473,1647.274,1435.79,0.0
2026-06-22 09:00:00,1.514e-05,99615.211,6389113871.10356,1.6596,0.624,0.376,0.9358,850.038,908.379,0.0
2026-06-22 10:00:00,1.514e-05,99650.457,6389505131.651132,1.6638,0.6246,0.3754,0.892,739.526,829.032,0.0
2026-06-22 11:00:00,1.514e-05,99695.318,6391659712.295675,1.6724,0.6258,0.3742,1.05,4880.74,4648.255,0.0
2026-06-22 12:00:00,1.514e-05,100019.767,6463707428.5381,1.613,0.6173,0.3827,1.3629,8479.286,6221.355,0.0
2026-06-22 13:00:00,1.514e-05,100665.921,6555364775.52,1.5452,0.6071,0.3929,1.2219,8374.742,6854.09,0.0
2026-06-22 14:00:00,1.514e-05,101274.681,6637593230.0805,1.4564,0.5929,0.4071,0.9495,7276.805,7664.169,0.0
2026-06-22 15:00:00,1.514e-05,101254.059,6575928102.006972,1.4826,0.5972,0.4028,0.865,3030.739,3503.946,0.0
2026-06-22 16:00:00,1.514e-05,101058.564,6549393309.8556,1.4913,0.5986,0.4014,0.9577,4266.348,4454.653,0.0
2026-06-22 17:00:00,1.514e-05,100688.192,6514093063.1744,1.553,0.6083,0.3917,0.8435,2424.194,2874.134,0.0
2026-06-22 18:00:00,1.514e-05,100347.838,6480513551.959,1.5793,0.6123,0.3877,0.8915,2580.272,2894.409,0.0
2026-06-22 19:00:00,1.514e-05,100072.083,6435225362.1897,1.6028,0.6158,0.3842,1.1258,2463.295,2188.086,0.0
2026-06-22 20:00:00,1.514e-05,100055.583,6450347131.549857,1.6316,0.62,0.38,0.9382,1759.114,1875.076,0.0
2026-06-22 21:00:00,1.514e-05,99830.364,6430053779.1672,1.6434,0.6217,0.3783,0.7441,1317.503,1770.513,0.0
2026-06-22 22:00:00,1.514e-05,99760.939,6413789391.8173485,1.6667,0.625,0.375,0.9467,3669.437,3875.996,0.0
2026-06-22 23:00:00,1.514e-05,99573.249,6367559913.6765,1.7042,0.6302,0.3698,0.9804,1665.701,1699.056,0.0
2026-06-23 00:00:00,1.514e-05,99597.37,6373276294.393521,1.7405,0.6351,0.3649,1.1591,2089.0,1802.302,0.0
2026-06-23 01:00:00,1.514e-05,99655.584,6389856252.7296,1.7709,0.6391,0.3609,1.115,2824.681,2533.391,0.0
2026-06-23 02:00:00,1.514e-05,99653.787,6390356152.505617,1.784,0.6408,0.3592,0.6588,1030.497,1564.264,0.0
2026-06-23 03:00:00,1.514e-05,99648.438,6394447290.952428,1.8043,0.6434,0.3566,0.9091,1475.905,1623.494,0.0
2026-06-23 04:00:00,1.514e-05,100134.359,6412432479.565969,1.798,0.6426,0.3574,0.5789,2091.749,3613.119,0.0
2026-06-23 05:00:00,1.514e-05,99702.63,6340279676.697,1.7785,0.6401,0.3599,0.8745,4058.495,4641.143,0.0
2026-06-23 06:00:00,1.514e-05,99466.16,6303608210.304,1.8297,0.6466,0.3534,1.1208,13445.891,11996.42,0.0
2026-06-23 07:00:00,1.514e-05,97465.667,6131126515.4685,1.9011,0.6553,0.3447,0.8668,2721.207,3139.268,0.0
2026-06-23 08:00:00,1.514e-05,97651.549,6137321733.4108,1.9028,0.6555,0.3445,0.852,11588.947,13602.685,0.0
2026-06-23 09:00:00,1.514e-05,97555.438,6082932758.8768,1.9542,0.6615,0.3385,0.8084,2180.375,2697.261,0.0
2026-06-23 10:00:00,1.514e-05,97908.881,6105056701.606363,1.9691,0.6632,0.3368,0.9993,2715.398,2717.363,0.0
2026-06-23 11:00:00,1.514e-05,97931.343,6100451595.082095,1.9815,0.6646,0.3354,1.4467,3526.647,2437.776,0.0
2026-06-23 12:00:00,1.514e-05,97937.15,6118997101.316071,2.0404,0.6711,0.3289,0.7526,2525.402,3355.675,0.0
2026-06-23 13:00:00,1.514e-05,97617.727,6074710655.415513,2.023,0.6692,0.3308,0.9914,7502.874,7567.664,0.0
2026-06-23 14:00:00,1.514e-05,98033.175,6121279676.8575,2.1027,0.6777,0.3223,1.0597,7289.814,6879.114,0.0
2026-06-23 15:00:00,1.514e-05,99317.286,6203308024.917,2.095,0.6769,0.3231,1.0207,3793.252,3716.341,0.0
2026-06-23 16:00:00,1.514e-05,99038.779,6185694731.6367,2.1095,0.6784,0.3216,1.2079,4739.422,3923.572,0.0
2026-06-23 17:00:00,1.514e-05,99372.683,6214051231.550336,2.0893,0.6763,0.3237,0.8386,1588.445,1894.17,0.0
2026-06-23 18:00:00,1.514e-05,99039.999,6173163137.67,2.0969,0.6771,0.3229,0.957,2048.758,2140.74,0.0
2026-06-23 19:00:00,1.514e-05,99053.471,6162928669.3722,2.095,0.6769,0.3231,1.1655,1501.914,1288.633,0.0
2026-06-23 20:00:00,1.514e-05,98884.979,6169621721.2701,2.1046,0.6779,0.3221,0.7732,967.047,1250.649,0.0
2026-06-23 21:00:00,1.514e-05,98747.879,6165850018.464716,2.1095,0.6784,0.3216,0.9485,1027.312,1083.1,0.0
2026-06-23 22:00:00,1.514e-05,98570.153,6166962262.043612,2.1056,0.678,0.322,0.9659,1379.071,1427.762,0.0
2026-06-23 23:00:00,1.514e-05,98805.008,6181322263.308309,2.0779,0.6751,0.3249,0.8519,873.294,1025.115,0.0
2026-06-24 00:00:00,1.514e-05,98871.044,6198898071.4592,2.0694,0.6742,0.3258,1.4158,2642.784,1866.693,0.0
2026-06-24 01:00:00,1.514e-05,98636.681,6211674576.9793,2.0807,0.6754,0.3246,0.9776,1867.235,1910.117,0.0
2026-06-24 02:00:00,1.514e-05,98387.46,6189013977.57,2.0665,0.6739,0.3261,0.8823,2042.574,2315.14,0.0
2026-06-24 03:00:00,1.514e-05,98373.127,6157961003.946,2.013,0.6681,0.3319,0.8688,2376.228,2735.158,0.0
2026-06-24 04:00:00,1.514e-05,97813.064,6133329052.8944,2.0193,0.6688,0.3312,0.8949,1320.071,1475.057,0.0
2026-06-24 05:00:00,1.514e-05,97793.556,6134836028.35326,2.0139,0.6682,0.3318,1.1193,2078.426,1856.872,0.0
2026-06-24 06:00:00,1.514e-05,97693.905,6141212775.485812,2.0012,0.6668,0.3332,0.9192,929.463,1011.152,0.0
2026-06-24 07:00:00,1.514e-05,97723.749,6132692032.451996,1.9886,0.6654,0.3346,0.8682,1582.787,1823.073,0.0
2026-06-24 08:00:00,1.514e-05,97925.745,6132247247.943,1.9886,0.6654,0.3346,1.1887,1492.863,1255.93,0.0
2026-06-24 09:00:00,1.514e-05,97639.494,6129133720.8114,2.0093,0.6677,0.3323,0.7902,655.295,829.321,0.0
2026-06-24 10:00:00,1.514e-05,97576.827,6114440274.969611,2.0057,0.6673,0.3327,0.7189,1811.268,2519.441,0.0
2026-06-24 11:00:00,1.514e-05,97629.51,6093728011.479652,1.986,0.6651,0.3349,1.0509,5857.163,5573.586,0.0
2026-06-24 12:00:00,1.514e-05,97054.835,6103565052.513,2.012,0.668,0.332,0.8384,2464.693,2939.803,0.0
2026-06-24 13:00:00,1.514e-05,97158.841,6081113562.8854,1.9913,0.6657,0.3343,0.8362,16154.41,19318.36,0.0
2026-06-24 14:00:00,1.514e-05,98198.777,6020746716.47942,2.1162,0.6791,0.3209,0.9641,12263.291,12720.581,0.0
2026-06-24 15:00:00,1.514e-05,99633.961,6086170397.8733,2.3501,0.7015,0.2985,0.7929,10858.704,13694.298,0.0
2026-06-24 16:00:00,1.514e-05,101293.631,6103579417.6253,2.3841,0.7045,0.2955,0.7402,16070.854,21712.71,0.0
2026-06-24 17:00:00,1.514e-05,104193.887,6233677378.885344,2.5002,0.7143,0.2857,0.7651,14542.141,19006.361,0.0
2026-06-24 18:00:00,1.514e-05,104169.075,6184830489.975,2.5088,0.715,0.285,1.2365,8970.207,7254.483,0.0
2026-06-24 19:00:00,1.514e-05,104801.278,6241859316.402,2.635,0.7249,0.2751,1.2448,4374.98,3514.589,0.0
2026-06-24 20:00:00,1.514e-05,104755.212,6278011281.7236,2.6982,0.7296,0.2704,1.2157,14788.942,12164.703,0.0
2026-06-24 21:00:00,1.514e-05,101840.003,6204769139.128249,2.6751,0.7279,0.2721,0.8877,3201.869,3606.768,0.0
2026-06-24 22:00:00,1.514e-05,101083.569,6174780291.252733,2.6298,0.7245,0.2755,0.8128,2581.019,3175.493,0.0
2026-06-24 23:00:00,1.514e-05,100783.513,6132707001.1039,2.5676,0.7197,0.2803,1.259,1606.761,1276.23,0.0
2026-06-25 00:00:00,-1.423e-05,100826.834,6155589125.2174,2.5651,0.7195,0.2805,0.8186,2435.26,2974.807,0.0
2026-06-25 01:00:00,-1.423e-05,100538.052,6111487683.647391,2.4746,0.7122,0.2878,1.1983,1964.192,1639.091,0.0
2026-06-25 02:00:00,-1.423e-05,100502.784,6120393683.071399,2.4282,0.7083,0.2917,0.7253,1813.763,2500.643,0.0
2026-06-25 03:00:00,-1.423e-05,100880.737,6130451808.256594,2.4002,0.7059,0.2941,1.0243,1542.388,1505.756,0.0
2026-06-25 04:00:00,-1.423e-05,100774.624,6132538968.896,2.3546,0.7019,0.2981,1.4709,3705.277,2518.974,0.0
2026-06-25 05:00:00,-1.423e-05,100610.79,6170333005.893086,2.3944,0.7054,0.2946,1.1554,7264.429,6287.213,0.0
2026-06-25 06:00:00,-1.423e-05,100499.733,6187477111.5843,2.3069,0.6976,0.3024,1.1937,2587.039,2167.216,0.0
2026-06-25 07:00:00,-1.423e-05,100619.087,6207856602.005948,2.2949,0.6965,0.3035,1.0009,3234.902,3232.113,0.0
2026-06-25 08:00:00,-1.803e-05,99881.274,6181322439.6558,2.2415,0.6915,0.3085,0.7757,2334.428,3009.507,0.0
2026-06-25 09:00:00,-1.803e-05,99332.587,6127191563.4732,2.127,0.6802,0.3198,1.1323,1946.894,1719.353,0.0
2026-06-25 10:00:00,-1.803e-05,99118.552,6116718887.192328,2.0798,0.6753,0.3247,0.7641,3163.739,4140.393,0.0
2026-06-25 11:00:00,-1.803e-05,98947.885,6060102795.979,2.0148,0.6683,0.3317,0.838,5367.864,6405.383,0.0
2026-06-25 12:00:00,-1.803e-05,99978.429,6124498599.3678,2.0285,0.6698,0.3302,1.0892,6539.364,6003.625,0.0
2026-06-25 13:00:00,-1.803e-05,99642.931,6099955489.160976,2.0893,0.6763,0.3237,0.8522,30167.375,35401.01,0.0
2026-06-25 14:00:00,-1.803e-05,103063.792,6003300981.9328,2.1959,0.6871,0.3129,1.0469,34844.753,33283.214,0.0
2026-06-25 15:00:00,-1.803e-05,105164.265,6251878840.7055,2.3602,0.7024,0.2976,1.1057,10966.013,9917.348,0.0
2026-06-25 16:00:00,1.58e-05,105886.547,6304066897.806946,2.3887,0.7049,0.2951,0.9389,6649.827,7082.848,0.0
2026-06-25 17:00:00,1.58e-05,105969.431,6282955755.512472,2.3738,0.7036,0.2964,1.1296,4152.102,3675.609,0.0
2026-06-25 18:00:00,1.58e-05,105871.784,6315891581.966492,2.3956,0.7055,0.2945,1.0832,3774.873,3485.01,0.0
2026-06-25 19:00:00,1.58e-05,106106.712,6310611008.26894,2.3979,0.7057,0.2943,0.8791,3326.687,3784.291,0.0
2026-06-25 20:00:00,1.58e-05,106716.004,6326476879.9332,2.4002,0.7059,0.2941,1.0388,3243.149,3122.146,0.0
2026-06-25 21:00:00,1.58e-05,106353.529,6321031135.600177,2.4014,0.706,0.294,1.2715,3507.988,2759.01,0.0
2026-06-25 22:00:00,1.58e-05,106055.225,6382827661.4,2.3898,0.705,0.295,0.7476,2608.643,3489.127,0.0
2026-06-25 23:00:00,1.58e-05,105421.672,6305818395.0144,2.406,0.7064,0.2936,0.95,2230.782,2348.119,0.0
2026-06-26 00:00:00,1.58e-05,105339.465,6295950212.013,2.3864,0.7047,0.2953,1.0801,2009.928,1860.839,0.0
2026-06-26 01:00:00,1.58e-05,105663.2,6302282344.223409,2.3256,0.6993,0.3007,1.0579,3261.186,3082.707,0.0
2026-06-26 02:00:00,1.58e-05,106198.93,6309607647.983,2.3201,0.6988,0.3012,0.9599,12234.147,12745.032,0.0
2026-06-26 03:00:00,1.58e-05,106823.117,6252225341.362013,2.3693,0.7032,0.2968,0.945,12839.111,13586.255,0.0
2026-06-26 04:00:00,1.58e-05,105849.291,6353656616.9205,2.3102,0.6979,0.3021,1.0878,4553.576,4185.983,0.0
2026-06-26 05:00:00,1.58e-05,106295.616,6367107398.4,2.126,0.6801,0.3199,1.033,2983.276,2887.933,0.0
2026-06-26 06:00:00,1.58e-05,106091.877,6357226844.4063,2.0893,0.6763,0.3237,1.4761,6421.164,4350.06,0.0
2026-06-26 07:00:00,1.58e-05,106045.257,6394412347.3173,2.1143,0.6789,0.3211,0.8911,6893.402,7736.154,0.0
2026-06-26 08:00:00,1.58e-05,106924.56,6469565477.37815,2.0534,0.6725,0.3275,0.8119,3560.153,4385.215,0.0
2026-06-26 09:00:00,1.58e-05,106716.098,6425941855.8994,1.9638,0.6626,0.3374,0.8652,4953.671,5725.351,0.0
2026-06-26 10:00:00,1.58e-05,106366.045,6351520737.921,1.9291,0.6586,0.3414,0.8949,5074.273,5670.435,0.0
2026-06-26 11:00:00,1.58e-05,106646.085,6323046379.65,1.9744,0.6638,0.3362,1.0081,3412.832,3385.48,0.0
2026-06-26 12:00:00,1.58e-05,106357.964,6316868892.077288,2.0367,0.6707,0.3293,0.9714,11811.782,12159.782,0.0
2026-06-26 13:00:00,1.58e-05,105891.89,6264579552.144856,2.1095,0.6784,0.3216,0.9177,17180.888,18722.082,0.0
2026-06-26 14:00:00,1.58e-05,103278.176,6211552289.5264,2.2573,0.693,0.307,0.9278,10148.808,10939.138,0.0
2026-06-26 15:00:00,1.58e-05,103935.394,6191675760.641025,2.1397,0.6815,0.3185,1.0748,8495.537,7904.058,0.0
2026-06-26 16:00:00,7.308e-05,104450.688,6298439156.8128,2.059,0.6731,0.3269,0.9986,6509.977,6519.289,0.0
2026-06-26 17:00:00,7.308e-05,104660.138,6282281688.228285,2.0248,0.6694,0.3306,1.1559,3725.983,3223.571,0.0
2026-06-26 18:00:00,7.308e-05,104770.816,6286248960.0,2.0285,0.6698,0.3302,0.8132,2589.677,3184.538,0.0
2026-06-26 19:00:00,7.308e-05,104494.125,6232933689.840273,2.0358,0.6706,0.3294,0.9439,3450.444,3655.615,0.0
2026-06-26 20:00:00,7.308e-05,103934.941,6215777179.0345,2.0741,0.6747,0.3253,1.0246,2460.076,2401.084,0.0
2026-06-26 21:00:00,7.308e-05,103815.04,6197207668.288,2.0845,0.6758,0.3242,1.1008,1396.41,1268.558,0.0
2026-06-26 22:00:00,7.308e-05,103684.781,6209699577.496001,2.1133,0.6788,0.3212,1.0913,1611.759,1476.906,0.0
2026-06-26 23:00:00,7.308e-05,103623.547,6218273199.552413,2.124,0.6799,0.3201,1.0374,1758.873,1695.523,0.0
2026-06-27 00:00:00,5.255e-05,103637.487,6225711119.064,2.1328,0.6808,0.3192,1.2252,1985.663,1620.682,0.0
2026-06-27 01:00:00,5.255e-05,103960.129,6240851806.785072,2.1201,0.6795,0.3205,0.7379,430.378,583.238,0.0
2026-06-27 02:00:00,5.255e-05,104036.649,6234302558.3409,2.1153,0.679,0.321,1.1197,2630.249,2348.982,0.0
2026-06-27 03:00:00,5.255e-05,104346.246,6288156616.81926,2.095,0.6769,0.3231,1.145,1742.322,1521.668,0.0
2026-06-27 04:00:00,5.255e-05,104632.912,6307433716.038662,2.0902,0.6764,0.3236,1.0257,1738.791,1695.162,0.0
2026-06-27 05:00:00,5.255e-05,104540.98,6295029197.582,2.0722,0.6745,0.3255,1.0265,985.48,960.018,0.0
2026-06-27 06:00:00,5.255e-05,104619.869,6299727324.222161,2.0722,0.6745,0.3255,0.9439,2073.983,2197.178,0.0
2026-06-27 07:00:00,5.255e-05,104660.461,6315876823.5604725,2.0516,0.6723,0.3277,1.2571,1869.445,1487.103,0.0
2026-06-27 08:00:00,4.284e-05,104724.668,6338125411.7624,2.0451,0.6716,0.3284,1.1691,1322.693,1131.347,0.0
2026-06-27 09:00:00,4.284e-05,104753.442,6329819599.053673,2.012,0.668,0.332,0.957,1128.433,1179.168,0.0
2026-06-27 10:00:00,4.284e-05,104764.314,6327877073.362931,2.003,0.667,0.333,0.8632,477.404,553.064,0.0
2026-06-27 11:00:00,4.284e-05,104818.223,6330264325.968015,1.9967,0.6663,0.3337,1.104,1638.328,1484.047,0.0
2026-06-27 12:00:00,4.284e-05,104514.642,6305573681.47722,1.986,0.6651,0.3349,1.1,937.039,851.826,0.0
2026-06-27 13:00:00,4.284e-05,104559.905,6314880853.089035,1.9895,0.6655,0.3345,1.2368,2297.405,1857.477,0.0
2026-06-27 14:00:00,4.284e-05,104673.972,6339264541.587841,1.9895,0.6655,0.3345,1.1329,1764.195,1557.301,0.0
2026-06-27 15:00:00,4.284e-05,104808.539,6350244569.471,1.9789,0.6643,0.3357,1.5333,4730.067,3084.885,0.0
2026-06-27 16:00:00,4.284e-05,104509.338,6355965311.0136,2.0193,0.6688,0.3312,1.051,1423.683,1354.643,0.0
2026-06-27 17:00:00,4.284e-05,104320.551,6341280311.582991,1.9931,0.6659,0.3341,0.8796,3011.816,3424.071,0.0
2026-06-27 18:00:00,4.284e-05,103760.734,6277067859.7704,1.9682,0.6631,0.3369,1.0512,852.137,810.663,0.0
2026-06-27 19:00:00,4.284e-05,103715.345,6278937357.8345,1.9656,0.6628,0.3372,0.6941,2417.726,3483.037,0.0
2026-06-27 20:00:00,4.284e-05,103739.888,6239985927.921044,1.9824,0.6647,0.3353,1.4295,919.713,643.372,0.0
2026-06-27 21:00:00,4.284e-05,103481.92,6236255123.264,1.9869,0.6652,0.3348,1.3593,1570.144,1155.118,0.0
2026-06-27 22:00:00,4.284e-05,102939.648,6194363945.541135,1.9886,0.6654,0.3346,0.8962,2218.096,2474.874,0.0
2026-06-27 23:00:00,4.284e-05,102994.957,6200800121.670841,2.0093,0.6677,0.3323,1.0628,1881.254,1770.082,0.0
2026-06-28 00:00:00,4.258e-05,102912.567,6174784893.7701,2.0139,0.6682,0.3318,0.9439,921.383,976.119,0.0
2026-06-28 01:00:00,4.258e-05,102913.17,6187820383.971922,2.0257,0.6695,0.3305,1.2875,1373.002,1066.436,0.0
2026-06-28 02:00:00,4.258e-05,103015.91,6200846972.221,2.0303,0.67,0.33,1.0985,1077.128,980.547,0.0
2026-06-28 03:00:00,4.258e-05,103068.324,6196887779.055475,2.0414,0.6712,0.3288,0.7818,638.333,816.537,0.0
2026-06-28 04:00:00,4.258e-05,102980.786,6196364433.47998,2.0395,0.671,0.329,0.9869,604.025,612.045,0.0
2026-06-28 05:00:00,4.258e-05,103094.512,6196557500.4672,2.0358,0.6706,0.3294,0.8626,2518.518,2919.682,0.0
2026-06-28 06:00:00,4.258e-05,102977.208,6174364006.82317,2.0111,0.6679,0.3321,1.0385,1485.137,1430.017,0.0
2026-06-28 07:00:00,4.258e-05,102919.497,6172737448.947815,2.0075,0.6675,0.3325,1.4702,2042.61,1389.384,0.0
2026-06-28 08:00:00,4.258e-05,102830.726,6189628191.6824,2.0157,0.6684,0.3316,1.1012,2573.365,2336.803,0.0
2026-06-28 09:00:00,4.258e-05,102739.794,6199762002.295444,2.0303,0.67,0.33,0.831,1252.793,1507.581,0.0
2026-06-28 10:00:00,4.258e-05,102810.257,6192922103.315972,2.0175,0.6686,0.3314,0.9498,1206.668,1270.432,0.0
2026-06-28 11:00:00,4.258e-05,102806.399,6182612345.6216,2.013,0.6681,0.3319,1.0832,1297.37,1197.72,0.0
2026-06-28 12:00:00,4.258e-05,102877.834,6205076557.71,2.023,0.6692,0.3308,1.0933,1163.455,1064.155,0.0
2026-06-28 13:00:00,4.258e-05,102925.618,6203934258.0062,2.0221,0.6691,0.3309,0.8968,2028.452,2261.866,0.0
2026-06-28 14:00:00,4.258e-05,103318.469,6204060543.1060095,2.0248,0.6694,0.3306,0.835,1336.63,1600.724,0.0
2026-06-28 15:00:00,4.258e-05,103443.783,6206795720.047685,2.0321,0.6702,0.3298,0.9497,2811.029,2959.998,0.0
2026-06-28 16:00:00,4.43e-05,103359.769,6186473952.364944,2.0618,0.6734,0.3266,0.8316,3370.917,4053.644,0.0
2026-06-28 17:00:00,4.43e-05,103151.171,6153674455.293311,2.0941,0.6768,0.3232,0.8119,3764.811,4637.107,0.0
2026-06-28 18:00:00,4.43e-05,102503.1,6104797627.32,2.1456,0.6821,0.3179,0.8101,1418.99,1751.702,0.0
2026-06-28 19:00:00,4.43e-05,102333.782,6097796835.215404,2.1676,0.6843,0.3157,0.7432,2404.963,3235.948,0.0
2026-06-28 20:00:00,4.43e-05,102275.721,6080694987.667337,2.1908,0.6866,0.3134,1.0736,2186.681,2036.681,0.0
2026-06-28 21:00:00,4.43e-05,102053.352,6085859798.5032,2.2446,0.6918,0.3082,0.6986,1912.802,2737.858,0.0
2026-06-28 22:00:00,4.43e-05,102152.429,6069703241.5649,2.2268,0.6901,0.3099,0.8358,6214.596,7435.454,0.0
2026-06-28 23:00:00,4.43e-05,102779.139,6069827949.3068285,2.3659,0.7029,0.2971,1.1495,4123.919,3587.444,0.0
2026-06-29 00:00:00,4.43e-05,102976.528,6132283135.3584,2.3102,0.6979,0.3021,1.0933,4824.984,4413.139,0.0
2026-06-29 01:00:00,4.43e-05,103311.579,6163369728.542732,2.3557,0.702,0.298,1.0739,2607.222,2427.778,0.0
2026-06-29 02:00:00,4.43e-05,103554.732,6152583205.22361,2.3602,0.7024,0.2976,0.9356,6766.189,7231.557,0.0
2026-06-29 03:00:00,4.43e-05,104244.971,6226876632.424724,2.319,0.6987,0.3013,1.1993,5442.948,4538.312,0.0
2026-06-29 04:00:00,4.43e-05,104679.296,6283552742.715664,2.2787,0.695,0.305,0.9164,1313.097,1432.873,0.0
2026-06-29 05:00:00,4.43e-05,104687.131,6260939494.0122,2.2499,0.6923,0.3077,1.2094,3814.696,3154.078,0.0
2026-06-29 06:00:00,4.43e-05,104322.666,6267309347.1492,2.2949,0.6965,0.3035,1.0001,3686.187,3685.812,0.0
2026-06-29 07:00:00,4.43e-05,104562.797,6279100522.647,2.1427,0.6818,0.3182,0.9526,1773.749,1861.937,0.0
2026-06-29 08:00:00,4.43e-05,104679.977,6280928001.4169,2.1017,0.6776,0.3224,0.9193,2344.813,2550.749,0.0
2026-06-29 09:00:00,4.43e-05,104589.033,6255566844.964728,2.1309,0.6806,0.3194,0.9555,2489.002,2604.854,0.0
2026-06-29 10:00:00,4.43e-05,104597.427,6279156349.886431,2.1427,0.6818,0.3182,0.7421,2348.016,3163.892,0.0
2026-06-29 11:00:00,4.43e-05,104745.112,6291242814.9888,2.0845,0.6758,0.3242,1.0695,3133.236,2929.572,0.0
2026-06-29 12:00:00,4.43e-05,104754.928,6278915111.230884,2.1066,0.6781,0.3219,0.9394,16935.486,18028.041,0.0
2026-06-29 13:00:00,4.43e-05,104038.314,6234329505.1476,2.1358,0.6811,0.3189,1.0455,11079.44,10596.937,0.0
2026-06-29 14:00:00,4.43e-05,104493.216,6222468405.005253,2.2637,0.6936,0.3064,0.8976,10565.467,11770.815,0.0
2026-06-29 15:00:00,4.43e-05,103944.059,6178195795.6243,2.4447,0.7097,0.2903,1.189,10015.77,8423.442,0.0
2026-06-29 16:00:00,4.43e-05,101676.523,6080599179.879261,2.3784,0.704,0.296,1.0378,3332.283,3210.936,0.0
2026-06-29 17:00:00,4.43e-05,101542.26,6079615336.34827,2.3333,0.7,0.3,1.161,9365.019,8066.174,0.0
2026-06-29 18:00:00,4.43e-05,103068.591,6224291596.7718,2.0874,0.6761,0.3239,0.7294,2920.474,4004.205,0.0
2026-06-29 19:00:00,4.43e-05,103217.867,6221487898.7851,2.0741,0.6747,0.3253,1.469,3583.288,2439.29,0.0
2026-06-29 20:00:00,4.43e-05,103363.781,6244474756.0406,2.0741,0.6747,0.3253,0.7999,2201.558,2752.411,0.0
2026-06-29 21:00:00,4.43e-05,102451.265,6174597068.539536,2.0544,0.6726,0.3274,0.8085,1261.634,1560.392,0.0
2026-06-29 22:00:00,4.43e-05,102117.645,6173512016.7105,2.0516,0.6723,0.3277,0.85,949.422,1116.974,0.0
2026-06-29 23:00:00,4.43e-05,102068.995,6157455019.968,2.0377,0.6708,0.3292,0.856,1405.466,1641.898,0.0
2026-06-30 00:00:00,6.175e-05,102060.266,6146720996.825621,2.0367,0.6707,0.3293,0.8307,4144.275,4988.952,0.0
2026-06-30 01:00:00,6.175e-05,101887.093,6093643845.368961,2.1626,0.6838,0.3162,1.0049,2346.595,2335.215,0.0
2026-06-30 02:00:00,6.175e-05,102197.532,6123451282.8696,2.1939,0.6869,0.3131,1.105,1821.689,1648.515,0.0
2026-06-30 03:00:00,6.175e-05,102188.471,6123445200.006023,2.201,0.6876,0.3124,0.7739,2430.324,3140.179,0.0
2026-06-30 04:00:00,6.175e-05,102239.502,6093409364.518188,2.2616,0.6934,0.3066,1.0257,4084.42,3982.116,0.0
2026-06-30 05:00:00,6.175e-05,102174.821,6075496747.755253,2.3956,0.7055,0.2945,0.943,3522.71,3735.826,0.0
2026-06-30 06:00:00,6.175e-05,102358.06,6103388797.576848,2.4771,0.7124,0.2876,0.9322,1802.895,1933.923,0.0
2026-06-30 07:00:00,6.175e-05,102359.877,6097798436.939597,2.4916,0.7136,0.2864,0.8989,1810.391,2014.101,0.0
2026-06-30 08:00:00,8.349e-05,102728.045,6112158338.376745,2.5039,0.7146,0.2854,0.7962,3928.179,4933.653,0.0
2026-06-30 09:00:00,8.349e-05,103307.969,6124995181.6503,2.5562,0.7188,0.2812,0.999,2082.911,2085.052,0.0
2026-06-30 10:00:00,8.349e-05,103598.664,6148435670.2704,2.6062,0.7227,0.2773,1.0015,1191.301,1189.54,0.0
2026-06-30 11:00:00,8.349e-05,103726.205,6152074477.8127775,2.6324,0.7247,0.2753,0.9305,2995.302,3218.93,0.0
2026-06-30 12:00:00,8.349e-05,103819.294,6142432366.307661,2.6311,0.7246,0.2754,0.6377,9829.242,15413.83,0.0
2026-06-30 13:00:00,8.349e-05,104362.283,6091595150.0251,2.6403,0.7253,0.2747,0.9917,12963.253,13071.306,0.0
2026-06-30 14:00:00,8.349e-05,107079.619,6286858590.728,2.8226,0.7384,0.2616,0.9594,11283.343,11760.466,0.0
2026-06-30 15:00:00,8.349e-05,106444.009,6223355430.194,2.7636,0.7343,0.2657,0.9082,8630.611,9502.613,0.0
2026-06-30 16:00:00,8.349e-05,108331.292,6321791709.0812,2.8506,0.7403,0.2597,1.0838,4063.499,3749.391,0.0
2026-06-30 17:00:00,8.349e-05,109018.289,6375313227.9177,2.885,0.7426,0.2574,1.045,2172.882,2079.304,0.0
2026-06-30 18:00:00,8.349e-05,109093.792,6370717443.2864,2.8986,0.7435,0.2565,1.0558,2409.204,2281.866,0.0
2026-06-30 19:00:00,8.349e-05,109175.548,6404645493.091272,2.9124,0.7444,0.2556,1.0184,2407.071,2363.691,0.0
2026-06-30 20:00:00,8.349e-05,108845.65,6400135104.565,2.9002,0.7436,0.2564,0.8812,1681.647,1908.459,0.0
2026-06-30 21:00:00,8.349e-05,108577.694,6374266160.734721,2.8805,0.7423,0.2577,0.6458,1234.27,1911.176,0.0
2026-06-30 22:00:00,8.349e-05,108451.214,6355714759.425372,2.8685,0.7415,0.2585,1.1025,1051.122,953.408,0.0
2026-06-30 23:00:00,8.349e-05,108436.947,6352223728.939966,2.8805,0.7423,0.2577,0.7962,687.773,863.82,0.0
2026-07-01 00:00:00,5.532e-05,108494.197,6358356662.2835,2.8506,0.7403,0.2597,0.7327,2341.332,3195.397,0.0
2026-07-01 01:00:00,5.532e-05,108999.207,6381935778.325424,2.8153,0.7379,0.2621,0.848,13262.374,15640.248,0.0
2026-07-01 02:00:00,5.532e-05,107348.89,6306264217.495,2.5842,0.721,0.279,1.3182,6833.493,5184.02,0.0
2026-07-01 03:00:00,5.532e-05,108247.257,6393440214.3681,2.4783,0.7125,0.2875,1.1951,5353.504,4479.585,0.0
2026-07-01 04:00:00,5.532e-05,108566.855,6424048905.767218,2.427,0.7082,0.2918,1.0579,3050.694,2883.786,0.0
2026-07-01 05:00:00,5.532e-05,108173.16,6415220071.116,2.399,0.7058,0.2942,0.5833,1644.238,2818.838,0.0
2026-07-01 06:00:00,5.532e-05,107837.911,6376013763.140261,2.2982,0.6968,0.3032,1.1362,7335.259,6456.187,0.0
2026-07-01 07:00:00,5.532e-05,105866.155,6217095818.53,2.406,0.7064,0.2936,0.9182,2012.791,2191.992,0.0
2026-07-01 08:00:00,1.853e-05,105592.788,6202995534.666,2.4188,0.7075,0.2925,1.2173,3483.838,2861.929,0.0
2026-07-01 09:00:00,1.853e-05,104916.327,6184345353.1785,2.4542,0.7105,0.2895,1.0971,2748.3,2505.156,0.0
2026-07-01 10:00:00,1.853e-05,105137.727,6194862067.6578,2.391,0.7051,0.2949,0.7568,1608.757,2125.653,0.0
2026-07-01 11:00:00,1.853e-05,104998.702,6156688094.254124,2.3784,0.704,0.296,1.1252,1910.476,1697.973,0.0
2026-07-01 12:00:00,1.853e-05,105020.198,6153916111.474355,2.4223,0.7078,0.2922,1.018,4363.009,4285.876,0.0
2026-07-01 13:00:00,1.853e-05,105190.98,6154094372.218672,2.4771,0.7124,0.2876,1.1198,11876.872,10606.16,0.0
2026-07-01 14:00:00,1.853e-05,106050.206,6307595314.584589,2.3156,0.6984,0.3016,1.0123,14859.077,14678.606,0.0
2026-07-01 15:00:00,1.853e-05,106314.642,6328251487.4796,2.0248,0.6694,0.3306,1.2031,12244.642,10177.73,0.0
2026-07-01 16:00:00,7.073e-05,105804.23,6361119594.368,1.8986,0.655,0.345,0.7375,3273.679,4439.124,0.0
2026-07-01 17:00:00,7.073e-05,105037.924,6291782151.3924,1.8547,0.6497,0.3503,1.1388,3710.05,3257.867,0.0
2026-07-01 18:00:00,7.073e-05,105089.064,6322952870.454383,1.8531,0.6495,0.3505,1.1367,2622.292,2306.852,0.0
2026-07-01 19:00:00,7.073e-05,104846.781,6306513156.994679,1.8313,0.6468,0.3532,0.858,2401.837,2799.226,0.0
2026-07-01 20:00:00,7.073e-05,104803.387,6287333351.8879,1.8145,0.6447,0.3553,1.0674,2171.894,2034.692,0.0
2026-07-01 21:00:00,7.073e-05,104468.649,6278597145.4947,1.8217,0.6456,0.3544,1.8189,10388.316,5711.41,0.0
2026-07-01 22:00:00,7.073e-05,105030.634,6385862547.2,1.7878,0.6413,0.3587,1.1805,12880.658,10911.183,0.0
2026-07-01 23:00:00,7.073e-05,104045.683,6290076878.634183,1.8393,0.6478,0.3522,0.9232,3972.394,4302.682,0.0
2026-07-02 00:00:00,8.001e-05,103471.249,6208233551.5004,1.8466,0.6487,0.3513,1.0143,5543.616,5465.565,0.0
2026-07-02 01:00:00,8.001e-05,103442.121,6177522089.2716,1.9533,0.6614,0.3386,1.2167,4873.336,4005.247,0.0
2026-07-02 02:00:00,8.001e-05,103411.888,6220444411.05532,1.9931,0.6659,0.3341,0.9861,2690.732,2728.738,0.0
2026-07-02 03:00:00,8.001e-05,103810.205,6269415623.9856415,1.9904,0.6656,0.3344,1.3176,7121.36,5404.983,0.0
2026-07-02 04:00:00,8.001e-05,104854.213,6399567182.029,1.8645,0.6509,0.3491,0.6242,2791.248,4471.773,0.0
2026-07-02 05:00:00,8.001e-05,104846.824,6370251878.5448,1.7886,0.6414,0.3586,0.7402,3846.067,5196.292,0.0
2026-07-02 06:00:00,8.001e-05,106032.542,6412826933.6516,1.764,0.6382,0.3618,0.7582,3651.503,4815.937,0.0
2026-07-02 07:00:00,8.001e-05,104800.285,6314059970.8225,1.8209,0.6455,0.3545,0.8604,4321.92,5022.917,0.0
2026-07-02 08:00:00,5.238e-05,105239.614,6327847510.592,1.8752,0.6522,0.3478,1.4485,3666.822,2531.382,0.0
2026-07-02 09:00:00,5.238e-05,105738.344,6396255002.925432,1.9542,0.6615,0.3385,1.3241,14587.76,11017.266,0.0
2026-07-02 10:00:00,5.238e-05,108093.674,6611045982.148764,1.8466,0.6487,0.3513,0.768,4019.327,5233.395,0.0
2026-07-02 11:00:00,5.238e-05,107031.154,6554003445.182466,1.7801,0.6403,0.3597,0.8379,5781.446,6899.63,0.0
2026-07-02 12:00:00,5.238e-05,105086.184,6446911482.967876,1.742,0.6353,0.3647,1.0202,9126.245,8945.533,0.0
2026-07-02 13:00:00,5.238e-05,105539.348,6492052467.4588,1.8106,0.6442,0.3558,1.175,13870.115,11804.065,0.0
2026-07-02 14:00:00,5.238e-05,106210.783,6574712994.6575,1.6954,0.629,0.371,0.9736,9049.09,9294.755,0.0
2026-07-02 15:00:00,5.238e-05,106595.818,6574007813.494564,1.6427,0.6216,0.3784,0.9628,3775.389,3921.439,0.0
2026-07-02 16:00:00,5.261e-05,106701.011,6570560109.200417,1.6462,0.6221,0.3779,0.8645,6435.021,7443.961,0.0
2026-07-02 17:00:00,5.261e-05,106827.349,6585922617.121816,1.6918,0.6285,0.3715,1.3025,3472.863,2666.267,0.0
2026-07-02 18:00:00,5.261e-05,107451.487,6623632013.141,1.6781,0.6266,0.3734,1.0558,1579.533,1496.049,0.0
2026-07-02 19:00:00,5.261e-05,107204.138,6618270474.138702,1.6688,0.6253,0.3747,0.787,2249.807,2858.803,0.0
2026-07-02 20:00:00,5.261e-05,107401.979,6600356398.8513,1.6709,0.6256,0.3744,1.1614,2214.592,1906.762,0.0
2026-07-02 21:00:00,5.261e-05,107446.489,6614614798.766535,1.6774,0.6265,0.3735,0.882,917.164,1039.917,0.0
2026-07-02 22:00:00,5.261e-05,107269.404,6604662858.175026,1.6802,0.6269,0.3731,0.3523,931.127,2642.867,0.0
2026-07-02 23:00:00,5.261e-05,106996.63,6574397230.687,1.6717,0.6257,0.3743,1.2681,1463.332,1153.915,0.0
2026-07-03 00:00:00,0.0001,106938.477,6581058037.6662,1.6788,0.6267,0.3733,0.9724,1773.623,1823.933,0.0
2026-07-03 01:00:00,0.0001,107296.042,6576270619.076276,1.6846,0.6275,0.3725,1.1266,2358.112,2093.126,0.0
2026-07-03 02:00:00,0.0001,107160.763,6597245213.332,1.7322,0.634,0.366,1.0784,2075.143,1924.238,0.0
2026-07-03 03:00:00,0.0001,107176.714,6582169727.366689,1.7495,0.6363,0.3637,1.1129,1583.192,1422.541,0.0
2026-07-03 04:00:00,0.0001,107252.369,6586478202.306566,1.7571,0.6373,0.3627,1.1972,1469.233,1227.183,0.0
2026-07-03 05:00:00,0.0001,107318.527,6591557587.6035,1.7617,0.6379,0.3621,1.0802,2474.722,2290.943,0.0
2026-07-03 06:00:00,0.0001,107448.037,6626836192.3676,1.767,0.6386,0.3614,1.009,1732.934,1717.528,0.0
2026-07-03 07:00:00,0.0001,107531.832,6632824321.412606,1.7518,0.6366,0.3634,0.8435,1531.918,1816.211,0.0
2026-07-03 08:00:00,0.0001,107754.627,6652081041.3672,1.7556,0.6371,0.3629,0.8733,1968.61,2254.307,0.0
2026-07-03 09:00:00,0.0001,107594.594,6622834601.2384,1.7442,0.6356,0.3644,1.1489,1770.734,1541.19,0.0
2026-07-03 10:00:00,0.0001,107648.929,6641338731.330881,1.7503,0.6364,0.3636,1.3733,3264.829,2377.374,0.0
2026-07-03 11:00:00,0.0001,107911.403,6678269832.8998,1.7579,0.6374,0.3626,1.113,3101.669,2786.752,0.0
2026-07-03 12:00:00,0.0001,108507.508,6727407041.118495,1.736,0.6345,0.3655,1.2811,4628.976,3613.202,0.0
2026-07-03 13:00:00,0.0001,109518.48,6785199837.301897,1.6932,0.6287,0.3713,1.0589,3052.913,2883.189,0.0
2026-07-03 14:00:00,0.0001,109422.288,6793693156.060092,1.7071,0.6306,0.3694,0.9414,4260.064,4525.444,0.0
2026-07-03 15:00:00,0.0001,109272.104,6790551851.680674,1.642,0.6215,0.3785,0.9642,6667.096,6914.462,0.0
2026-07-03 16:00:00,3.74e-05,109286.422,6764336698.639439,1.6745,0.6261,0.3739,1.4728,2417.693,1641.539,0.0
2026-07-03 17:00:00,3.74e-05,108687.496,6746976240.123159,1.6624,0.6244,0.3756,0.9772,2023.601,2070.841,0.0
2026-07-03 18:00:00,3.74e-05,108213.004,6727418496.5732,1.6357,0.6206,0.3794,0.963,1267.189,1315.852,0.0
2026-07-03 19:00:00,3.74e-05,108159.31,6725378343.593,1.6205,0.6184,0.3816,1.018,1894.723,1861.14,0.0
2026-07-03 20:00:00,3.74e-05,108444.459,6743804936.679999,1.6192,0.6182,0.3818,1.3707,12218.122,8914.018,0.0
2026-07-03 21:00:00,3.74e-05,106205.858,6665394683.3936,1.5887,0.6137,0.3863,1.051,3605.397,3430.32,0.0
2026-07-03 22:00:00,3.74e-05,105903.709,6641491295.138288,1.5641,0.61,0.39,0.7873,1181.594,1500.74,0.0
2026-07-03 23:00:00,3.74e-05,106096.062,6636481010.395024,1.5458,0.6072,0.3928,1.1954,1212.366,1014.188,0.0
2026-07-04 00:00:00,0.0001,106236.154,6649185983.6315775,1.5458,0.6072,0.3928,1.3957,3110.38,2228.505,0.0
2026-07-04 01:00:00,0.0001,106464.371,6679232385.989666,1.524,0.6038,0.3962,0.7191,2165.762,3011.97,0.0
2026-07-04 02:00:00,0.0001,106336.108,6641203390.038288,1.51,0.6016,0.3984,1.0655,980.494,920.257,0.0
2026-07-04 03:00:00,0.0001,106507.159,6658189838.965499,1.5094,0.6015,0.3985,1.2255,1518.443,1239.013,0.0
2026-07-04 04:00:00,0.0001,106451.151,6665040151.819284,1.5044,0.6007,0.3993,1.1262,1029.197,913.843,0.0
2026-07-04 05:00:00,0.0001,106478.322,6673225895.123329,1.5031,0.6005,0.3995,0.4927,865.127,1755.731,0.0
2026-07-04 06:00:00,0.0001,106520.542,6652016188.113444,1.4994,0.5999,0.4001,0.8792,1400.737,1593.168,0.0
2026-07-04 07:00:00,0.0001,106612.423,6660419224.5636,1.4931,0.5989,0.4011,1.3747,1233.89,897.546,0.0
2026-07-04 08:00:00,0.0001,106538.373,6663985884.9873,1.4913,0.5986,0.4014,1.0149,1365.957,1345.865,0.0
2026-07-04 09:00:00,0.0001,106454.495,6656305055.189775,1.4944,0.5991,0.4009,0.8819,904.154,1025.283,0.0
2026-07-04 10:00:00,0.0001,106437.709,6648748574.1649,1.4876,0.598,0.402,0.7617,520.332,683.125,0.0
2026-07-04 11:00:00,0.0001,106368.085,6646282149.523,1.4944,0.5991,0.4009,1.1193,823.494,735.71,0.0
2026-07-04 12:00:00,0.0001,106388.06,6644849284.316,1.4963,0.5994,0.4006,1.5114,1077.268,712.758,0.0
2026-07-04 13:00:00,0.0001,106395.47,6663973867.98,1.51,0.6016,0.3984,0.9789,1187.137,1212.752,0.0
2026-07-04 14:00:00,0.0001,106325.071,6652042021.354756,1.5031,0.6005,0.3995,1.2602,1045.421,829.538,0.0
2026-07-04 15:00:00,0.0001,106347.376,6664991938.230455,1.505,0.6008,0.3992,1.6042,5827.521,3632.657,0.0
2026-07-04 16:00:00,0.0001,106821.393,6720642028.66692,1.5214,0.6034,0.3966,1.0039,1481.293,1475.53,0.0
2026-07-04 17:00:00,0.0001,106596.617,6704415545.5384,1.5132,0.6021,0.3979,1.4392,5913.215,4108.718,0.0
2026-07-04 18:00:00,0.0001,106475.298,6734671478.751297,1.5329,0.6052,0.3948,0.802,1761.413,2196.202,0.0
2026-07-04 19:00:00,0.0001,106420.443,6719166311.04752,1.5265,0.6042,0.3958,1.0954,2196.874,2005.509,0.0
2026-07-04 20:00:00,0.0001,106401.703,6732101004.665885,1.5214,0.6034,0.3966,0.8948,1173.802,1311.851,0.0
2026-07-04 21:00:00,0.0001,106364.464,6723170132.0832,1.5013,0.6002,0.3998,1.0642,1268.731,1192.244,0.0
2026-07-04 22:00:00,0.0001,106358.283,6730150067.5023,1.4925,0.5988,0.4012,1.0627,1007.21,947.813,0.0
2026-07-04 23:00:00,0.0001,106501.961,6726533551.610717,1.4777,0.5964,0.4036,0.7971,1690.687,2120.926,0.0
2026-07-05 00:00:00,0.0001,106397.728,6715367081.1296,1.4716,0.5954,0.4046,0.6195,1358.617,2192.984,0.0
2026-07-05 01:00:00,0.0001,106124.916,6682101629.095756,1.4594,0.5934,0.4066,0.8055,1789.251,2221.353,0.0
2026-07-05 02:00:00,0.0001,106023.851,6666037434.107058,1.4528,0.5923,0.4077,0.7632,1974.856,2587.516,0.0
2026-07-05 03:00:00,0.0001,105519.454,6613305156.1052,1.4492,0.5917,0.4083,1.0335,1200.339,1161.443,0.0
2026-07-05 04:00:00,0.0001,105591.93,6624801441.0922165,1.4637,0.5941,0.4059,1.412,1707.461,1209.287,0.0
2026-07-05 05:00:00,0.0001,105619.797,6633310906.1042,1.4795,0.5967,0.4033,0.8197,963.955,1175.939,0.0
2026-07-05 06:00:00,0.0001,105531.403,6619475025.011519,1.4704,0.5952,0.4048,1.275,778.868,610.865,0.0
2026-07-05 07:00:00,0.0001,105689.36,6632794371.136799,1.4746,0.5959,0.4041,1.5582,2262.315,1451.88,0.0
2026-07-05 08:00:00,0.0001,105764.585,6662943667.636868,1.4808,0.5969,0.4031,0.8321,1245.401,1496.615,0.0
2026-07-05 09:00:00,0.0001,105853.418,6657828489.817817,1.4746,0.5959,0.4041,0.703,2700.665,3841.686,0.0
2026-07-05 10:00:00,0.0001,105421.098,6600309524.682,1.4582,0.5932,0.4068,1.2526,1252.596,999.976,0.0
2026-07-05 11:00:00,0.0001,105742.845,6634052312.472,1.4624,0.5939,0.4061,0.8534,814.745,954.666,0.0
2026-07-05 12:00:00,0.0001,105667.608,6617078617.132852,1.4486,0.5916,0.4084,1.1141,1191.449,1069.393,0.0
2026-07-05 13:00:00,0.0001,105547.731,6619774257.1773,1.4594,0.5934,0.4066,0.8935,964.351,1079.338,0.0
2026-07-05 14:00:00,0.0001,105498.873,6622153708.3227,1.4643,0.5942,0.4058,0.9492,832.255,876.814,0.0
2026-07-05 15:00:00,0.0001,105437.527,6620669809.711357,1.4594,0.5934,0.4066,1.079,2110.198,1955.709,0.0
2026-07-05 16:00:00,8.608e-05,105240.187,6599822607.144,1.4685,0.5949,0.4051,0.8738,1410.288,1613.968,0.0
2026-07-05 17:00:00,8.608e-05,104926.053,6570582552.946605,1.4558,0.5928,0.4072,1.1156,1100.824,986.747,0.0
2026-07-05 18:00:00,8.608e-05,104849.906,6563828584.813011,1.4606,0.5936,0.4064,1.3932,1108.414,795.582,0.0
2026-07-05 19:00:00,8.608e-05,104793.79,6579755916.525263,1.4612,0.5937,0.4063,0.9037,605.902,670.435,0.0
2026-07-05 20:00:00,8.608e-05,104796.153,6575665171.5216,1.4606,0.5936,0.4064,0.703,355.919,506.321,0.0
2026-07-05 21:00:00,8.608e-05,104763.863,6569197076.6424,1.4618,0.5938,0.4062,1.3724,3637.224,2650.35,0.0
2026-07-05 22:00:00,8.608e-05,104555.11,6594332609.744,1.4777,0.5964,0.4036,1.4952,12339.718,8252.667,0.0
2026-07-05 23:00:00,8.608e-05,105714.766,6736269505.779588,1.4716,0.5954,0.4046,1.0879,4448.626,4089.273,0.0
2026-07-06 00:00:00,7.7e-05,105283.12,6698811383.357488,1.4254,0.5877,0.4123,1.2659,4316.451,3409.66,0.0
2026-07-06 01:00:00,7.7e-05,104834.23,6681009895.459313,1.4343,0.5892,0.4108,0.9962,2450.322,2459.574,0.0
2026-07-06 02:00:00,7.7e-05,105102.381,6678636208.5021,1.4201,0.5868,0.4132,0.9962,2450.322,2459.574,0.0
2026-07-06 03:00:00,7.7e-05,105102.381,6678636208.5021,1.4201,0.5868,0.4132,0.9962,2450.322,2459.574,0.0
2026-07-06 04:00:00,7.7e-05,105102.381,6678636208.5021,1.4201,0.5868,0.4132,0.9962,2450.322,2459.574,0.0
2026-07-06 05:00:00,7.7e-05,105102.381,6678636208.5021,1.4201,0.5868,0.4132,0.9962,2450.322,2459.574,0.0
2026-07-06 06:00:00,7.7e-05,105102.381,6678636208.5021,1.4201,0.5868,0.4132,0.9962,2450.322,2459.574,0.0
2026-07-06 07:00:00,7.7e-05,105102.381,6678636208.5021,1.4201,0.5868,0.4132,0.9962,2450.322,2459.574,0.0
2026-07-06 08:00:00,7.7e-05,105102.381,6678636208.5021,1.4201,0.5868,0.4132,0.9962,2450.322,2459.574,0.0
2026-07-06 09:00:00,7.7e-05,105102.381,6678636208.5021,1.4201,0.5868,0.4132,0.9962,2450.322,2459.574,0.0
2026-07-06 10:00:00,7.7e-05,105102.381,6678636208.5021,1.4201,0.5868,0.4132,0.9962,2450.322,2459.574,0.0
2026-07-06 11:00:00,7.7e-05,105102.381,6678636208.5021,1.4201,0.5868,0.4132,0.9962,2450.322,2459.574,0.0
2026-07-06 12:00:00,7.7e-05,105102.381,6678636208.5021,1.4201,0.5868,0.4132,0.9962,2450.322,2459.574,0.0
2026-07-06 13:00:00,7.7e-05,105102.381,6678636208.5021,1.4201,0.5868,0.4132,0.9962,2450.322,2459.574,0.0
2026-07-06 14:00:00,7.7e-05,105102.381,6678636208.5021,1.4201,0.5868,0.4132,0.9962,2450.322,2459.574,0.0
2026-07-06 15:00:00,7.7e-05,105102.381,6678636208.5021,1.4201,0.5868,0.4132,0.9962,2450.322,2459.574,0.0
2026-07-06 16:00:00,7.7e-05,105102.381,6678636208.5021,1.4201,0.5868,0.4132,0.9962,2450.322,2459.574,0.0
2026-07-06 17:00:00,7.7e-05,105102.381,6678636208.5021,1.4201,0.5868,0.4132,0.9962,2450.322,2459.574,0.0
2026-07-06 18:00:00,7.7e-05,105102.381,6678636208.5021,1.4201,0.5868,0.4132,0.9962,2450.322,2459.574,0.0
2026-07-06 19:00:00,7.7e-05,105102.381,6678636208.5021,1.4201,0.5868,0.4132,0.9962,2450.322,2459.574,0.0
2026-07-06 20:00:00,7.7e-05,105102.381,6678636208.5021,1.4201,0.5868,0.4132,0.9962,2450.322,2459.574,0.0
2026-07-06 21:00:00,7.7e-05,105102.381,6678636208.5021,1.4201,0.5868,0.4132,0.9962,2450.322,2459.574,0.0
2026-07-06 22:00:00,7.7e-05,105102.381,6678636208.5021,1.4201,0.5868,0.4132,0.9962,2450.322,2459.574,0.0
2026-07-06 23:00:00,7.7e-05,105102.381,6678636208.5021,1.4201,0.5868,0.4132,0.9962,2450.322,2459.574,0.0
2026-07-07 00:00:00,7.7e-05,105102.381,6678636208.5021,1.4201,0.5868,0.4132,0.9962,2450.322,2459.574,0.0
2026-07-07 01:00:00,7.7e-05,105102.381,6678636208.5021,1.4201,0.5868,0.4132,0.9962,2450.322,2459.574,0.0
2026-07-07 02:00:00,7.7e-05,105102.381,6678636208.5021,1.4201,0.5868,0.4132,0.9962,2450.322,2459.574,0.0
2026-07-07 03:00:00,7.7e-05,105102.381,6678636208.5021,1.4201,0.5868,0.4132,0.9962,2450.322,2459.574,0.0
2026-07-07 04:00:00,7.7e-05,105102.381,6678636208.5021,1.4201,0.5868,0.4132,0.9962,2450.322,2459.574,0.0
2026-07-07 05:00:00,7.7e-05,105102.381,6678636208.5021,1.4201,0.5868,0.4132,0.9962,2450.322,2459.574,0.0
2026-07-07 06:00:00,7.7e-05,105102.381,6678636208.5021,1.4201,0.5868,0.4132,0.9962,2450.322,2459.574,0.0
2026-07-07 07:00:00,7.7e-05,105102.381,6678636208.5021,1.4201,0.5868,0.4132,0.9962,2450.322,2459.574,0.0
2026-07-07 08:00:00,7.7e-05,105102.381,6678636208.5021,1.4201,0.5868,0.4132,0.9962,2450.322,2459.574,0.0
2026-07-07 09:00:00,7.7e-05,105102.381,6678636208.5021,1.4201,0.5868,0.4132,0.9962,2450.322,2459.574,0.0
2026-07-07 10:00:00,7.7e-05,105102.381,6678636208.5021,1.4201,0.5868,0.4132,0.9962,2450.322,2459.574,0.0
2026-07-07 11:00:00,7.7e-05,105102.381,6678636208.5021,1.4201,0.5868,0.4132,0.9962,2450.322,2459.574,0.0
2026-07-07 12:00:00,7.7e-05,105102.381,6678636208.5021,1.4201,0.5868,0.4132,0.9962,2450.322,2459.574,0.0
2026-07-07 13:00:00,7.7e-05,105102.381,6678636208.5021,1.4201,0.5868,0.4132,0.9962,2450.322,2459.574,0.0
2026-07-07 14:00:00,7.7e-05,105102.381,6678636208.5021,1.4201,0.5868,0.4132,0.9962,2450.322,2459.574,0.0
2026-07-07 15:00:00,7.7e-05,105102.381,6678636208.5021,1.4201,0.5868,0.4132,0.9962,2450.322,2459.574,0.0
2026-07-07 16:00:00,7.7e-05,105102.381,6678636208.5021,1.4201,0.5868,0.4132,0.9962,2450.322,2459.574,0.0
2026-07-07 17:00:00,7.7e-05,105102.381,6678636208.5021,1.4201,0.5868,0.4132,0.9962,2450.322,2459.574,0.0
2026-07-07 18:00:00,7.7e-05,105102.381,6678636208.5021,1.4201,0.5868,0.4132,0.9962,2450.322,2459.574,0.0
2026-07-07 19:00:00,7.7e-05,105102.381,6678636208.5021,1.4201,0.5868,0.4132,0.9962,2450.322,2459.574,0.0
2026-07-07 20:00:00,7.7e-05,105102.381,6678636208.5021,1.4201,0.5868,0.4132,0.9962,2450.322,2459.574,0.0
2026-07-07 21:00:00,7.7e-05,105102.381,6678636208.5021,1.4201,0.5868,0.4132,0.9962,2450.322,2459.574,0.0
2026-07-07 22:00:00,7.7e-05,105102.381,6678636208.5021,1.4201,0.5868,0.4132,0.9962,2450.322,2459.574,0.0
2026-07-07 23:00:00,7.7e-05,105102.381,6678636208.5021,1.4201,0.5868,0.4132,0.9962,2450.322,2459.574,0.0
2026-07-08 00:00:00,7.7e-05,105102.381,6678636208.5021,1.4201,0.5868,0.4132,0.9962,2450.322,2459.574,0.0
2026-07-08 01:00:00,7.7e-05,105102.381,6678636208.5021,1.4201,0.5868,0.4132,0.9962,2450.322,2459.574,0.0
2026-07-08 02:00:00,7.7e-05,105102.381,6678636208.5021,1.4201,0.5868,0.4132,0.9962,2450.322,2459.574,0.0
2026-07-08 03:00:00,7.7e-05,105102.381,6678636208.5021,1.4201,0.5868,0.4132,0.9962,2450.322,2459.574,0.0
2026-07-08 04:00:00,7.7e-05,105102.381,6678636208.5021,1.4201,0.5868,0.4132,0.9962,2450.322,2459.574,0.0
2026-07-08 05:00:00,7.7e-05,105102.381,6678636208.5021,1.4201,0.5868,0.4132,0.9962,2450.322,2459.574,0.0
2026-07-08 06:00:00,7.7e-05,105102.381,6678636208.5021,1.4201,0.5868,0.4132,0.9962,2450.322,2459.574,0.0
2026-07-08 07:00:00,7.7e-05,105102.381,6678636208.5021,1.4201,0.5868,0.4132,0.9962,2450.322,2459.574,0.0
2026-07-08 08:00:00,7.7e-05,105102.381,6678636208.5021,1.4201,0.5868,0.4132,0.9962,2450.322,2459.574,0.0
2026-07-08 09:00:00,7.7e-05,105102.381,6678636208.5021,1.4201,0.5868,0.4132,0.9962,2450.322,2459.574,0.0
2026-07-08 10:00:00,7.7e-05,105102.381,6678636208.5021,1.4201,0.5868,0.4132,0.9962,2450.322,2459.574,0.0
2026-07-08 11:00:00,7.7e-05,105102.381,6678636208.5021,1.4201,0.5868,0.4132,0.9962,2450.322,2459.574,0.0
2026-07-08 12:00:00,7.7e-05,105102.381,6678636208.5021,1.4201,0.5868,0.4132,0.9962,2450.322,2459.574,0.0
2026-07-08 13:00:00,7.7e-05,105102.381,6678636208.5021,1.4201,0.5868,0.4132,0.9962,2450.322,2459.574,0.0
2026-07-08 14:00:00,7.7e-05,105102.381,6678636208.5021,1.4201,0.5868,0.4132,0.9962,2450.322,2459.574,0.0
2026-07-08 15:00:00,7.7e-05,105102.381,6678636208.5021,1.4201,0.5868,0.4132,0.9962,2450.322,2459.574,0.0
2026-07-08 16:00:00,7.7e-05,105102.381,6678636208.5021,1.4201,0.5868,0.4132,0.9962,2450.322,2459.574,0.0
2026-07-08 17:00:00,7.7e-05,105102.381,6678636208.5021,1.4201,0.5868,0.4132,0.9962,2450.322,2459.574,0.0
2026-07-08 18:00:00,7.7e-05,105102.381,6678636208.5021,1.4201,0.5868,0.4132,0.9962,2450.322,2459.574,0.0
2026-07-08 19:00:00,7.7e-05,105102.381,6678636208.5021,1.4201,0.5868,0.4132,0.9962,2450.322,2459.574,0.0
2026-07-08 20:00:00,7.7e-05,105102.381,6678636208.5021,1.4201,0.5868,0.4132,0.9962,2450.322,2459.574,0.0
2026-07-08 21:00:00,7.7e-05,105102.381,6678636208.5021,1.4201,0.5868,0.4132,0.9962,2450.322,2459.574,0.0
2026-07-08 22:00:00,7.7e-05,105102.381,6678636208.5021,1.4201,0.5868,0.4132,0.9962,2450.322,2459.574,0.0
2026-07-08 23:00:00,7.7e-05,105102.381,6678636208.5021,1.4201,0.5868,0.4132,0.9962,2450.322,2459.574,0.0
2026-07-09 00:00:00,7.7e-05,105102.381,6678636208.5021,1.4201,0.5868,0.4132,0.9962,2450.322,2459.574,0.0
2026-07-09 01:00:00,7.7e-05,105102.381,6678636208.5021,1.4201,0.5868,0.4132,0.9962,2450.322,2459.574,0.0
2026-07-09 02:00:00,7.7e-05,105102.381,6678636208.5021,1.4201,0.5868,0.4132,0.9962,2450.322,2459.574,0.0
2026-07-09 03:00:00,7.7e-05,105102.381,6678636208.5021,1.4201,0.5868,0.4132,0.9962,2450.322,2459.574,0.0
2026-07-09 04:00:00,7.7e-05,105102.381,6678636208.5021,1.4201,0.5868,0.4132,0.9962,2450.322,2459.574,0.0
2026-07-09 05:00:00,7.7e-05,105102.381,6678636208.5021,1.4201,0.5868,0.4132,0.9962,2450.322,2459.574,0.0
2026-07-09 06:00:00,7.7e-05,105102.381,6678636208.5021,1.4201,0.5868,0.4132,0.9962,2450.322,2459.574,0.0
2026-07-09 07:00:00,7.7e-05,105102.381,6678636208.5021,1.4201,0.5868,0.4132,0.9962,2450.322,2459.574,0.0
2026-07-09 08:00:00,7.7e-05,105102.381,6678636208.5021,1.4201,0.5868,0.4132,0.9962,2450.322,2459.574,0.0
2026-07-09 09:00:00,7.7e-05,105102.381,6678636208.5021,1.4201,0.5868,0.4132,0.9962,2450.322,2459.574,0.0
2026-07-09 10:00:00,7.7e-05,105102.381,6678636208.5021,1.4201,0.5868,0.4132,0.9962,2450.322,2459.574,0.0
2026-07-09 11:00:00,7.7e-05,105102.381,6678636208.5021,1.4201,0.5868,0.4132,0.9962,2450.322,2459.574,0.0
2026-07-09 12:00:00,7.7e-05,105102.381,6678636208.5021,1.4201,0.5868,0.4132,0.9962,2450.322,2459.574,0.0
2026-07-09 13:00:00,7.7e-05,105102.381,6678636208.5021,1.4201,0.5868,0.4132,0.9962,2450.322,2459.574,0.0
2026-07-09 14:00:00,7.7e-05,105102.381,6678636208.5021,1.4201,0.5868,0.4132,0.9962,2450.322,2459.574,0.0
2026-07-09 15:00:00,7.7e-05,105102.381,6678636208.5021,1.4201,0.5868,0.4132,0.9962,2450.322,2459.574,0.0
2026-07-09 16:00:00,7.7e-05,105102.381,6678636208.5021,1.4201,0.5868,0.4132,0.9962,2450.322,2459.574,0.0
2026-07-09 17:00:00,7.7e-05,105102.381,6678636208.5021,1.4201,0.5868,0.4132,0.9962,2450.322,2459.574,0.0
2026-07-09 18:00:00,7.7e-05,105102.381,6678636208.5021,1.4201,0.5868,0.4132,0.9962,2450.322,2459.574,0.0
2026-07-09 19:00:00,7.7e-05,105102.381,6678636208.5021,1.4201,0.5868,0.4132,0.9962,2450.322,2459.574,0.0
2026-07-09 20:00:00,7.7e-05,105102.381,6678636208.5021,1.4201,0.5868,0.4132,0.9962,2450.322,2459.574,0.0
2026-07-09 21:00:00,7.7e-05,105102.381,6678636208.5021,1.4201,0.5868,0.4132,0.9962,2450.322,2459.574,0.0
2026-07-09 22:00:00,7.7e-05,105102.381,6678636208.5021,1.4201,0.5868,0.4132,0.9962,2450.322,2459.574,0.0
2026-07-09 23:00:00,7.7e-05,105102.381,6678636208.5021,1.4201,0.5868,0.4132,0.9962,2450.322,2459.574,0.0
2026-07-10 00:00:00,7.7e-05,105102.381,6678636208.5021,1.4201,0.5868,0.4132,0.9962,2450.322,2459.574,0.0
2026-07-10 01:00:00,7.7e-05,105102.381,6678636208.5021,1.4201,0.5868,0.4132,0.9962,2450.322,2459.574,0.0
2026-07-10 02:00:00,7.7e-05,105102.381,6678636208.5021,1.4201,0.5868,0.4132,0.9962,2450.322,2459.574,0.0
2026-07-10 03:00:00,7.7e-05,105102.381,6678636208.5021,1.4201,0.5868,0.4132,0.9962,2450.322,2459.574,0.0
2026-07-10 04:00:00,7.7e-05,105102.381,6678636208.5021,1.4201,0.5868,0.4132,0.9962,2450.322,2459.574,0.0
2026-07-10 05:00:00,7.7e-05,105102.381,6678636208.5021,1.4201,0.5868,0.4132,0.9962,2450.322,2459.574,0.0
2026-07-10 06:00:00,7.7e-05,105102.381,6678636208.5021,1.4201,0.5868,0.4132,0.9962,2450.322,2459.574,0.0
2026-07-10 07:00:00,7.7e-05,105102.381,6678636208.5021,1.4201,0.5868,0.4132,0.9962,2450.322,2459.574,0.0
2026-07-10 08:00:00,7.7e-05,105102.381,6678636208.5021,1.4201,0.5868,0.4132,0.9962,2450.322,2459.574,0.0
2026-07-10 09:00:00,7.7e-05,105102.381,6678636208.5021,1.4201,0.5868,0.4132,0.9962,2450.322,2459.574,0.0
2026-07-10 10:00:00,7.7e-05,105102.381,6678636208.5021,1.4201,0.5868,0.4132,0.9962,2450.322,2459.574,0.0
2026-07-10 11:00:00,7.7e-05,105102.381,6678636208.5021,1.4201,0.5868,0.4132,0.9962,2450.322,2459.574,0.0
2026-07-10 12:00:00,7.7e-05,105102.381,6678636208.5021,1.4201,0.5868,0.4132,0.9962,2450.322,2459.574,0.0
2026-07-10 13:00:00,7.7e-05,105102.381,6678636208.5021,1.4201,0.5868,0.4132,0.9962,2450.322,2459.574,0.0
2026-07-10 14:00:00,7.7e-05,105102.381,6678636208.5021,1.4201,0.5868,0.4132,0.9962,2450.322,2459.574,0.0
2026-07-10 15:00:00,7.7e-05,105102.381,6678636208.5021,1.4201,0.5868,0.4132,0.9962,2450.322,2459.574,0.0
2026-07-10 16:00:00,7.7e-05,105102.381,6678636208.5021,1.4201,0.5868,0.4132,0.9962,2450.322,2459.574,0.0
2026-07-10 17:00:00,7.7e-05,105102.381,6678636208.5021,1.4201,0.5868,0.4132,0.9962,2450.322,2459.574,0.0
2026-07-10 18:00:00,7.7e-05,105102.381,6678636208.5021,1.4201,0.5868,0.4132,0.9962,2450.322,2459.574,0.0
2026-07-10 19:00:00,7.7e-05,105102.381,6678636208.5021,1.4201,0.5868,0.4132,0.9962,2450.322,2459.574,0.0
2026-07-10 20:00:00,7.7e-05,105102.381,6678636208.5021,1.4201,0.5868,0.4132,0.9962,2450.322,2459.574,0.0
2026-07-10 21:00:00,7.7e-05,105102.381,6678636208.5021,1.4201,0.5868,0.4132,0.9962,2450.322,2459.574,0.0
2026-07-10 22:00:00,7.7e-05,105102.381,6678636208.5021,1.4201,0.5868,0.4132,0.9962,2450.322,2459.574,0.0
2026-07-10 23:00:00,7.7e-05,105102.381,6678636208.5021,1.4201,0.5868,0.4132,0.9962,2450.322,2459.574,0.0
2026-07-11 00:00:00,7.7e-05,105102.381,6678636208.5021,1.4201,0.5868,0.4132,0.9962,2450.322,2459.574,0.0
2026-07-11 01:00:00,7.7e-05,105102.381,6678636208.5021,1.4201,0.5868,0.4132,0.9962,2450.322,2459.574,0.0
2026-07-11 02:00:00,7.7e-05,105102.381,6678636208.5021,1.4201,0.5868,0.4132,0.9962,2450.322,2459.574,0.0
2026-07-11 03:00:00,7.7e-05,105102.381,6678636208.5021,1.4201,0.5868,0.4132,0.9962,2450.322,2459.574,0.0
2026-07-11 04:00:00,7.7e-05,105102.381,6678636208.5021,1.4201,0.5868,0.4132,0.9962,2450.322,2459.574,0.0
2026-07-11 05:00:00,7.7e-05,105102.381,6678636208.5021,1.4201,0.5868,0.4132,0.9962,2450.322,2459.574,0.0
2026-07-11 06:00:00,7.7e-05,105102.381,6678636208.5021,1.4201,0.5868,0.4132,0.9962,2450.322,2459.574,0.0
2026-07-11 07:00:00,7.7e-05,105102.381,6678636208.5021,1.4201,0.5868,0.4132,0.9962,2450.322,2459.574,0.0
2026-07-11 08:00:00,7.7e-05,105102.381,6678636208.5021,1.4201,0.5868,0.4132,0.9962,2450.322,2459.574,0.0
2026-07-11 09:00:00,7.7e-05,105102.381,6678636208.5021,1.4201,0.5868,0.4132,0.9962,2450.322,2459.574,0.0
2026-07-11 10:00:00,7.7e-05,105102.381,6678636208.5021,1.4201,0.5868,0.4132,0.9962,2450.322,2459.574,0.0
2026-07-11 11:00:00,7.7e-05,105102.381,6678636208.5021,1.4201,0.5868,0.4132,0.9962,2450.322,2459.574,0.0
2026-07-11 12:00:00,7.7e-05,105102.381,6678636208.5021,1.4201,0.5868,0.4132,0.9962,2450.322,2459.574,0.0
2026-07-11 13:00:00,7.7e-05,105102.381,6678636208.5021,1.4201,0.5868,0.4132,0.9962,2450.322,2459.574,0.0
2026-07-11 14:00:00,7.7e-05,105102.381,6678636208.5021,1.4201,0.5868,0.4132,0.9962,2450.322,2459.574,0.0
2026-07-11 15:00:00,7.7e-05,105102.381,6678636208.5021,1.4201,0.5868,0.4132,0.9962,2450.322,2459.574,0.0
2026-07-11 16:00:00,7.7e-05,105102.381,6678636208.5021,1.4201,0.5868,0.4132,0.9962,2450.322,2459.574,0.0
2026-07-11 17:00:00,7.7e-05,105102.381,6678636208.5021,1.4201,0.5868,0.4132,0.9962,2450.322,2459.574,0.0
2026-07-11 18:00:00,7.7e-05,105102.381,6678636208.5021,1.4201,0.5868,0.4132,0.9962,2450.322,2459.574,0.0
2026-07-11 19:00:00,7.7e-05,105102.381,6678636208.5021,1.4201,0.5868,0.4132,0.9962,2450.322,2459.574,0.0
2026-07-11 20:00:00,7.7e-05,105102.381,6678636208.5021,1.4201,0.5868,0.4132,0.9962,2450.322,2459.574,0.0
2026-07-11 21:00:00,7.7e-05,105102.381,6678636208.5021,1.4201,0.5868,0.4132,0.9962,2450.322,2459.574,0.0
2026-07-11 22:00:00,7.7e-05,105102.381,6678636208.5021,1.4201,0.5868,0.4132,0.9962,2450.322,2459.574,0.0
2026-07-11 23:00:00,7.7e-05,105102.381,6678636208.5021,1.4201,0.5868,0.4132,0.9962,2450.322,2459.574,0.0
2026-07-12 00:00:00,7.7e-05,105102.381,6678636208.5021,1.4201,0.5868,0.4132,0.9962,2450.322,2459.574,0.0
2026-07-12 01:00:00,7.7e-05,105102.381,6678636208.5021,1.4201,0.5868,0.4132,0.9962,2450.322,2459.574,0.0
2026-07-12 02:00:00,7.7e-05,105102.381,6678636208.5021,1.4201,0.5868,0.4132,0.9962,2450.322,2459.574,0.0
2026-07-12 03:00:00,7.7e-05,105102.381,6678636208.5021,1.4201,0.5868,0.4132,0.9962,2450.322,2459.574,0.0
2026-07-12 04:00:00,7.7e-05,105102.381,6678636208.5021,1.4201,0.5868,0.4132,0.9962,2450.322,2459.574,0.0
2026-07-12 05:00:00,7.7e-05,105102.381,6678636208.5021,1.4201,0.5868,0.4132,0.9962,2450.322,2459.574,0.0
2026-07-12 06:00:00,7.7e-05,105102.381,6678636208.5021,1.4201,0.5868,0.4132,0.9962,2450.322,2459.574,0.0
2026-07-12 07:00:00,7.7e-05,105102.381,6678636208.5021,1.4201,0.5868,0.4132,0.9962,2450.322,2459.574,0.0
2026-07-12 08:00:00,7.7e-05,105102.381,6678636208.5021,1.4201,0.5868,0.4132,0.9962,2450.322,2459.574,0.0
2026-07-12 09:00:00,7.7e-05,105102.381,6678636208.5021,1.4201,0.5868,0.4132,0.9962,2450.322,2459.574,0.0
2026-07-12 10:00:00,7.7e-05,105102.381,6678636208.5021,1.4201,0.5868,0.4132,0.9962,2450.322,2459.574,0.0
2026-07-12 11:00:00,7.7e-05,105102.381,6678636208.5021,1.4201,0.5868,0.4132,0.9962,2450.322,2459.574,0.0
2026-07-12 12:00:00,7.7e-05,105102.381,6678636208.5021,1.4201,0.5868,0.4132,0.9962,2450.322,2459.574,0.0
2026-07-12 13:00:00,7.7e-05,105102.381,6678636208.5021,1.4201,0.5868,0.4132,0.9962,2450.322,2459.574,0.0
2026-07-12 14:00:00,7.7e-05,105102.381,6678636208.5021,1.4201,0.5868,0.4132,0.9962,2450.322,2459.574,0.0
2026-07-12 15:00:00,7.7e-05,105102.381,6678636208.5021,1.4201,0.5868,0.4132,0.9962,2450.322,2459.574,0.0
2026-07-12 16:00:00,7.7e-05,105102.381,6678636208.5021,1.4201,0.5868,0.4132,0.9962,2450.322,2459.574,0.0
2026-07-12 17:00:00,7.7e-05,105102.381,6678636208.5021,1.4201,0.5868,0.4132,0.9962,2450.322,2459.574,0.0
2026-07-12 18:00:00,7.7e-05,105102.381,6678636208.5021,1.4201,0.5868,0.4132,0.9962,2450.322,2459.574,0.0
2026-07-12 19:00:00,7.7e-05,105102.381,6678636208.5021,1.4201,0.5868,0.4132,0.9962,2450.322,2459.574,0.0
2026-07-12 20:00:00,7.7e-05,105102.381,6678636208.5021,1.4201,0.5868,0.4132,0.9962,2450.322,2459.574,0.0
2026-07-12 21:00:00,7.7e-05,105102.381,6678636208.5021,1.4201,0.5868,0.4132,0.9962,2450.322,2459.574,0.0
2026-07-12 22:00:00,7.7e-05,105102.381,6678636208.5021,1.4201,0.5868,0.4132,0.9962,2450.322,2459.574,0.0
2026-07-12 23:00:00,7.7e-05,105102.381,6678636208.5021,1.4201,0.5868,0.4132,0.9962,2450.322,2459.574,0.0
2026-07-13 00:00:00,7.7e-05,105102.381,6678636208.5021,1.4201,0.5868,0.4132,0.9962,2450.322,2459.574,0.0
2026-07-13 01:00:00,7.7e-05,105102.381,6678636208.5021,1.4201,0.5868,0.4132,0.9962,2450.322,2459.574,0.0
2026-07-13 02:00:00,7.7e-05,105102.381,6678636208.5021,1.4201,0.5868,0.4132,0.9962,2450.322,2459.574,0.0
2026-07-13 03:00:00,7.7e-05,105102.381,6678636208.5021,1.4201,0.5868,0.4132,0.9962,2450.322,2459.574,0.0
2026-07-13 04:00:00,7.7e-05,105102.381,6678636208.5021,1.4201,0.5868,0.4132,0.9962,2450.322,2459.574,0.0
2026-07-13 05:00:00,7.7e-05,105102.381,6678636208.5021,1.4201,0.5868,0.4132,0.9962,2450.322,2459.574,0.0
2026-07-13 06:00:00,7.7e-05,105102.381,6678636208.5021,1.4201,0.5868,0.4132,0.9962,2450.322,2459.574,0.0
2026-07-13 07:00:00,7.7e-05,105102.381,6678636208.5021,1.4201,0.5868,0.4132,0.9962,2450.322,2459.574,0.0
2026-07-13 08:00:00,7.7e-05,105102.381,6678636208.5021,1.4201,0.5868,0.4132,0.9962,2450.322,2459.574,0.0
2026-07-13 09:00:00,7.7e-05,105102.381,6678636208.5021,1.4201,0.5868,0.4132,0.9962,2450.322,2459.574,0.0
2026-07-13 10:00:00,7.7e-05,105102.381,6678636208.5021,1.4201,0.5868,0.4132,0.9962,2450.322,2459.574,0.0
2026-07-13 11:00:00,7.7e-05,105102.381,6678636208.5021,1.4201,0.5868,0.4132,0.9962,2450.322,2459.574,0.0
2026-07-13 12:00:00,7.7e-05,105102.381,6678636208.5021,1.4201,0.5868,0.4132,0.9962,2450.322,2459.574,0.0
2026-07-13 13:00:00,7.7e-05,105102.381,6678636208.5021,1.4201,0.5868,0.4132,0.9962,2450.322,2459.574,0.0
2026-07-13 14:00:00,7.7e-05,105102.381,6678636208.5021,1.4201,0.5868,0.4132,0.9962,2450.322,2459.574,0.0
2026-07-13 15:00:00,7.7e-05,105102.381,6678636208.5021,1.4201,0.5868,0.4132,0.9962,2450.322,2459.574,0.0
2026-07-13 16:00:00,7.7e-05,105102.381,6678636208.5021,1.4201,0.5868,0.4132,0.9962,2450.322,2459.574,0.0
2026-07-13 17:00:00,7.7e-05,105102.381,6678636208.5021,1.4201,0.5868,0.4132,0.9962,2450.322,2459.574,0.0
2026-07-13 18:00:00,7.7e-05,105102.381,6678636208.5021,1.4201,0.5868,0.4132,0.9962,2450.322,2459.574,0.0
2026-07-13 19:00:00,7.7e-05,105102.381,6678636208.5021,1.4201,0.5868,0.4132,0.9962,2450.322,2459.574,0.0
2026-07-13 20:00:00,7.7e-05,105102.381,6678636208.5021,1.4201,0.5868,0.4132,0.9962,2450.322,2459.574,0.0
2026-07-13 21:00:00,7.7e-05,105102.381,6678636208.5021,1.4201,0.5868,0.4132,0.9962,2450.322,2459.574,0.0
2026-07-13 22:00:00,7.7e-05,105102.381,6678636208.5021,1.4201,0.5868,0.4132,0.9962,2450.322,2459.574,0.0
2026-07-13 23:00:00,7.7e-05,105102.381,6678636208.5021,1.4201,0.5868,0.4132,0.9962,2450.322,2459.574,0.0
2026-07-14 00:00:00,7.7e-05,105102.381,6678636208.5021,1.4201,0.5868,0.4132,0.9962,2450.322,2459.574,0.0
2026-07-14 01:00:00,7.7e-05,105102.381,6678636208.5021,1.4201,0.5868,0.4132,0.9962,2450.322,2459.574,0.0
2026-07-14 02:00:00,7.7e-05,105102.381,6678636208.5021,1.4201,0.5868,0.4132,0.9962,2450.322,2459.574,0.0
2026-07-14 03:00:00,7.7e-05,105102.381,6678636208.5021,1.4201,0.5868,0.4132,0.9962,2450.322,2459.574,0.0
2026-07-14 04:00:00,7.7e-05,105102.381,6678636208.5021,1.4201,0.5868,0.4132,0.9962,2450.322,2459.574,0.0
2026-07-14 05:00:00,7.7e-05,105102.381,6678636208.5021,1.4201,0.5868,0.4132,0.9962,2450.322,2459.574,0.0
2026-07-14 06:00:00,7.7e-05,105102.381,6678636208.5021,1.4201,0.5868,0.4132,0.9962,2450.322,2459.574,0.0
2026-07-14 07:00:00,7.7e-05,105102.381,6678636208.5021,1.4201,0.5868,0.4132,0.9962,2450.322,2459.574,0.0
2026-07-14 08:00:00,7.7e-05,105102.381,6678636208.5021,1.4201,0.5868,0.4132,0.9962,2450.322,2459.574,0.0
2026-07-14 09:00:00,7.7e-05,105102.381,6678636208.5021,1.4201,0.5868,0.4132,0.9962,2450.322,2459.574,0.0
2026-07-14 10:00:00,7.7e-05,105102.381,6678636208.5021,1.4201,0.5868,0.4132,0.9962,2450.322,2459.574,0.0
2026-07-14 11:00:00,7.7e-05,105102.381,6678636208.5021,1.4201,0.5868,0.4132,0.9962,2450.322,2459.574,0.0
2026-07-14 12:00:00,7.7e-05,105102.381,6678636208.5021,1.4201,0.5868,0.4132,0.9962,2450.322,2459.574,0.0
2026-07-14 13:00:00,7.7e-05,105102.381,6678636208.5021,1.4201,0.5868,0.4132,0.9962,2450.322,2459.574,0.0
2026-07-14 14:00:00,7.7e-05,105102.381,6678636208.5021,1.4201,0.5868,0.4132,0.9962,2450.322,2459.574,0.0
2026-07-14 15:00:00,7.7e-05,105102.381,6678636208.5021,1.4201,0.5868,0.4132,0.9962,2450.322,2459.574,0.0
2026-07-14 16:00:00,7.7e-05,105102.381,6678636208.5021,1.4201,0.5868,0.4132,0.9962,2450.322,2459.574,0.0
2026-07-14 17:00:00,7.7e-05,105102.381,6678636208.5021,1.4201,0.5868,0.4132,0.9962,2450.322,2459.574,0.0
2026-07-14 18:00:00,7.7e-05,105102.381,6678636208.5021,1.4201,0.5868,0.4132,0.9962,2450.322,2459.574,0.0
2026-07-14 19:00:00,7.7e-05,105102.381,6678636208.5021,1.4201,0.5868,0.4132,0.9962,2450.322,2459.574,0.0
2026-07-14 20:00:00,7.7e-05,105102.381,6678636208.5021,1.4201,0.5868,0.4132,0.9962,2450.322,2459.574,0.0
2026-07-14 21:00:00,7.7e-05,105102.381,6678636208.5021,1.4201,0.5868,0.4132,0.9962,2450.322,2459.574,0.0
2026-07-14 22:00:00,7.7e-05,105102.381,6678636208.5021,1.4201,0.5868,0.4132,0.9962,2450.322,2459.574,0.0
2026-07-14 23:00:00,7.7e-05,105102.381,6678636208.5021,1.4201,0.5868,0.4132,0.9962,2450.322,2459.574,0.0
2026-07-15 00:00:00,7.7e-05,105102.381,6678636208.5021,1.4201,0.5868,0.4132,0.9962,2450.322,2459.574,0.0
2026-07-15 01:00:00,7.7e-05,105102.381,6678636208.5021,1.4201,0.5868,0.4132,0.9962,2450.322,2459.574,0.0
2026-07-15 02:00:00,7.7e-05,105102.381,6678636208.5021,1.4201,0.5868,0.4132,0.9962,2450.322,2459.574,0.0
2026-07-15 03:00:00,7.7e-05,105102.381,6678636208.5021,1.4201,0.5868,0.4132,0.9962,2450.322,2459.574,0.0
2026-07-15 04:00:00,7.7e-05,105102.381,6678636208.5021,1.4201,0.5868,0.4132,0.9962,2450.322,2459.574,0.0
2026-07-15 05:00:00,7.7e-05,105102.381,6678636208.5021,1.4201,0.5868,0.4132,0.9962,2450.322,2459.574,0.0
2026-07-15 06:00:00,7.7e-05,105102.381,6678636208.5021,1.4201,0.5868,0.4132,0.9962,2450.322,2459.574,0.0
2026-07-15 07:00:00,7.7e-05,105102.381,6678636208.5021,1.4201,0.5868,0.4132,0.9962,2450.322,2459.574,0.0
2026-07-15 08:00:00,7.7e-05,105102.381,6678636208.5021,1.4201,0.5868,0.4132,0.9962,2450.322,2459.574,0.0
2026-07-15 09:00:00,7.7e-05,105102.381,6678636208.5021,1.4201,0.5868,0.4132,0.9962,2450.322,2459.574,0.0
2026-07-15 10:00:00,7.7e-05,105102.381,6678636208.5021,1.4201,0.5868,0.4132,0.9962,2450.322,2459.574,0.0
2026-07-15 11:00:00,7.7e-05,105102.381,6678636208.5021,1.4201,0.5868,0.4132,0.9962,2450.322,2459.574,0.0
2026-07-15 12:00:00,7.7e-05,105102.381,6678636208.5021,1.4201,0.5868,0.4132,0.9962,2450.322,2459.574,0.0
2026-07-15 13:00:00,7.7e-05,105102.381,6678636208.5021,1.4201,0.5868,0.4132,0.9962,2450.322,2459.574,0.0
2026-07-15 14:00:00,7.7e-05,105102.381,6678636208.5021,1.4201,0.5868,0.4132,0.9962,2450.322,2459.574,0.0
2026-07-15 15:00:00,7.7e-05,105102.381,6678636208.5021,1.4201,0.5868,0.4132,0.9962,2450.322,2459.574,0.0
2026-07-15 16:00:00,7.7e-05,105102.381,6678636208.5021,1.4201,0.5868,0.4132,0.9962,2450.322,2459.574,0.0
2026-07-15 17:00:00,7.7e-05,105102.381,6678636208.5021,1.4201,0.5868,0.4132,0.9962,2450.322,2459.574,0.0
2026-07-15 18:00:00,7.7e-05,105102.381,6678636208.5021,1.4201,0.5868,0.4132,0.9962,2450.322,2459.574,0.0
2026-07-15 19:00:00,7.7e-05,105102.381,6678636208.5021,1.4201,0.5868,0.4132,0.9962,2450.322,2459.574,0.0
2026-07-15 20:00:00,7.7e-05,105102.381,6678636208.5021,1.4201,0.5868,0.4132,0.9962,2450.322,2459.574,0.0
2026-07-15 21:00:00,7.7e-05,105102.381,6678636208.5021,1.4201,0.5868,0.4132,0.9962,2450.322,2459.574,0.0
2026-07-15 22:00:00,7.7e-05,105102.381,6678636208.5021,1.4201,0.5868,0.4132,0.9962,2450.322,2459.574,0.0
2026-07-15 23:00:00,7.7e-05,105102.381,6678636208.5021,1.4201,0.5868,0.4132,0.9962,2450.322,2459.574,0.0
2026-07-16 00:00:00,7.7e-05,105102.381,6678636208.5021,1.4201,0.5868,0.4132,0.9962,2450.322,2459.574,0.0
2026-07-16 01:00:00,7.7e-05,105102.381,6678636208.5021,1.4201,0.5868,0.4132,0.9962,2450.322,2459.574,0.0
2026-07-16 02:00:00,7.7e-05,105102.381,6678636208.5021,1.4201,0.5868,0.4132,0.9962,2450.322,2459.574,0.0
2026-07-16 03:00:00,7.7e-05,105102.381,6678636208.5021,1.4201,0.5868,0.4132,0.9962,2450.322,2459.574,0.0
2026-07-16 04:00:00,7.7e-05,105102.381,6678636208.5021,1.4201,0.5868,0.4132,0.9962,2450.322,2459.574,0.0
2026-07-16 05:00:00,7.7e-05,105102.381,6678636208.5021,1.4201,0.5868,0.4132,0.9962,2450.322,2459.574,0.0
2026-07-16 06:00:00,7.7e-05,105102.381,6678636208.5021,1.4201,0.5868,0.4132,0.9962,2450.322,2459.574,0.0
2026-07-16 07:00:00,7.7e-05,105102.381,6678636208.5021,1.4201,0.5868,0.4132,0.9962,2450.322,2459.574,0.0
2026-07-16 08:00:00,7.7e-05,105102.381,6678636208.5021,1.4201,0.5868,0.4132,0.9962,2450.322,2459.574,0.0
2026-07-16 09:00:00,7.7e-05,105102.381,6678636208.5021,1.4201,0.5868,0.4132,0.9962,2450.322,2459.574,0.0
2026-07-16 10:00:00,7.7e-05,105102.381,6678636208.5021,1.4201,0.5868,0.4132,0.9962,2450.322,2459.574,0.0
2026-07-16 11:00:00,7.7e-05,105102.381,6678636208.5021,1.4201,0.5868,0.4132,0.9962,2450.322,2459.574,0.0
2026-07-16 12:00:00,7.7e-05,105102.381,6678636208.5021,1.4201,0.5868,0.4132,0.9962,2450.322,2459.574,0.0
2026-07-16 13:00:00,7.7e-05,105102.381,6678636208.5021,1.4201,0.5868,0.4132,0.9962,2450.322,2459.574,0.0
2026-07-16 14:00:00,7.7e-05,105102.381,6678636208.5021,1.4201,0.5868,0.4132,0.9962,2450.322,2459.574,0.0
2026-07-16 15:00:00,7.7e-05,105102.381,6678636208.5021,1.4201,0.5868,0.4132,0.9962,2450.322,2459.574,0.0
2026-07-16 16:00:00,7.7e-05,105102.381,6678636208.5021,1.4201,0.5868,0.4132,0.9962,2450.322,2459.574,0.0
2026-07-16 17:00:00,7.7e-05,105102.381,6678636208.5021,1.4201,0.5868,0.4132,0.9962,2450.322,2459.574,0.0
2026-07-16 18:00:00,7.7e-05,105102.381,6678636208.5021,1.4201,0.5868,0.4132,0.9962,2450.322,2459.574,0.0
2026-07-16 19:00:00,7.7e-05,105102.381,6678636208.5021,1.4201,0.5868,0.4132,0.9962,2450.322,2459.574,0.0
2026-07-16 20:00:00,7.7e-05,105102.381,6678636208.5021,1.4201,0.5868,0.4132,0.9962,2450.322,2459.574,0.0
2026-07-16 21:00:00,7.7e-05,105102.381,6678636208.5021,1.4201,0.5868,0.4132,0.9962,2450.322,2459.574,0.0
2026-07-16 22:00:00,7.7e-05,105102.381,6678636208.5021,1.4201,0.5868,0.4132,0.9962,2450.322,2459.574,0.0
2026-07-16 23:00:00,7.7e-05,105102.381,6678636208.5021,1.4201,0.5868,0.4132,0.9962,2450.322,2459.574,0.0
2026-07-17 00:00:00,7.7e-05,105102.381,6678636208.5021,1.4201,0.5868,0.4132,0.9962,2450.322,2459.574,0.0
2026-07-17 01:00:00,7.7e-05,105102.381,6678636208.5021,1.4201,0.5868,0.4132,0.9962,2450.322,2459.574,0.0
2026-07-17 02:00:00,7.7e-05,105102.381,6678636208.5021,1.4201,0.5868,0.4132,0.9962,2450.322,2459.574,0.0
2026-07-17 03:00:00,7.7e-05,105102.381,6678636208.5021,1.4201,0.5868,0.4132,0.9962,2450.322,2459.574,0.0
2026-07-17 04:00:00,7.7e-05,105102.381,6678636208.5021,1.4201,0.5868,0.4132,0.9962,2450.322,2459.574,0.0
2026-07-17 05:00:00,7.7e-05,105102.381,6678636208.5021,1.4201,0.5868,0.4132,0.9962,2450.322,2459.574,0.0
2026-07-17 06:00:00,7.7e-05,105102.381,6678636208.5021,1.4201,0.5868,0.4132,0.9962,2450.322,2459.574,0.0
2026-07-17 07:00:00,7.7e-05,105102.381,6678636208.5021,1.4201,0.5868,0.4132,0.9962,2450.322,2459.574,0.0
2026-07-17 08:00:00,7.7e-05,105102.381,6678636208.5021,1.4201,0.5868,0.4132,0.9962,2450.322,2459.574,0.0
2026-07-17 09:00:00,7.7e-05,105102.381,6678636208.5021,1.4201,0.5868,0.4132,0.9962,2450.322,2459.574,0.0
2026-07-17 10:00:00,7.7e-05,105102.381,6678636208.5021,1.4201,0.5868,0.4132,0.9962,2450.322,2459.574,0.0
2026-07-17 11:00:00,7.7e-05,105102.381,6678636208.5021,1.4201,0.5868,0.4132,0.9962,2450.322,2459.574,0.0
2026-07-17 12:00:00,7.7e-05,105102.381,6678636208.5021,1.4201,0.5868,0.4132,0.9962,2450.322,2459.574,0.0
2026-07-17 13:00:00,7.7e-05,105102.381,6678636208.5021,1.4201,0.5868,0.4132,0.9962,2450.322,2459.574,0.0
2026-07-17 14:00:00,7.7e-05,105102.381,6678636208.5021,1.4201,0.5868,0.4132,0.9962,2450.322,2459.574,0.0
2026-07-17 15:00:00,7.7e-05,105102.381,6678636208.5021,1.4201,0.5868,0.4132,0.9962,2450.322,2459.574,0.0
2026-07-17 16:00:00,7.7e-05,105102.381,6678636208.5021,1.4201,0.5868,0.4132,0.9962,2450.322,2459.574,0.0
2026-07-17 17:00:00,7.7e-05,105102.381,6678636208.5021,1.4201,0.5868,0.4132,0.9962,2450.322,2459.574,0.0
2026-07-17 18:00:00,7.7e-05,105102.381,6678636208.5021,1.4201,0.5868,0.4132,0.9962,2450.322,2459.574,0.0
2026-07-17 19:00:00,7.7e-05,105102.381,6678636208.5021,1.4201,0.5868,0.4132,0.9962,2450.322,2459.574,0.0
2026-07-17 20:00:00,7.7e-05,105102.381,6678636208.5021,1.4201,0.5868,0.4132,0.9962,2450.322,2459.574,0.0
2026-07-17 21:00:00,7.7e-05,105102.381,6678636208.5021,1.4201,0.5868,0.4132,0.9962,2450.322,2459.574,0.0
2026-07-17 22:00:00,7.7e-05,105102.381,6678636208.5021,1.4201,0.5868,0.4132,0.9962,2450.322,2459.574,0.0
2026-07-17 23:00:00,7.7e-05,105102.381,6678636208.5021,1.4201,0.5868,0.4132,0.9962,2450.322,2459.574,0.0
2026-07-18 00:00:00,7.7e-05,105102.381,6678636208.5021,1.4201,0.5868,0.4132,0.9962,2450.322,2459.574,0.0
2026-07-18 01:00:00,7.7e-05,105102.381,6678636208.5021,1.4201,0.5868,0.4132,0.9962,2450.322,2459.574,0.0
2026-07-18 02:00:00,7.7e-05,105102.381,6678636208.5021,1.4201,0.5868,0.4132,0.9962,2450.322,2459.574,0.0
2026-07-18 03:00:00,7.7e-05,105102.381,6678636208.5021,1.4201,0.5868,0.4132,0.9962,2450.322,2459.574,0.0
2026-07-18 04:00:00,7.7e-05,105102.381,6678636208.5021,1.4201,0.5868,0.4132,0.9962,2450.322,2459.574,0.0
2026-07-18 05:00:00,7.7e-05,105102.381,6678636208.5021,1.4201,0.5868,0.4132,0.9962,2450.322,2459.574,0.0
2026-07-18 06:00:00,7.7e-05,105102.381,6678636208.5021,1.4201,0.5868,0.4132,0.9962,2450.322,2459.574,0.0
2026-07-18 07:00:00,7.7e-05,105102.381,6678636208.5021,1.4201,0.5868,0.4132,0.9962,2450.322,2459.574,0.0
2026-07-18 08:00:00,7.7e-05,105102.381,6678636208.5021,1.4201,0.5868,0.4132,0.9962,2450.322,2459.574,0.0
2026-07-18 09:00:00,7.7e-05,105102.381,6678636208.5021,1.4201,0.5868,0.4132,0.9962,2450.322,2459.574,0.0
2026-07-18 10:00:00,7.7e-05,105102.381,6678636208.5021,1.4201,0.5868,0.4132,0.9962,2450.322,2459.574,0.0
2026-07-18 11:00:00,7.7e-05,105102.381,6678636208.5021,1.4201,0.5868,0.4132,0.9962,2450.322,2459.574,0.0
2026-07-18 12:00:00,7.7e-05,105102.381,6678636208.5021,1.4201,0.5868,0.4132,0.9962,2450.322,2459.574,0.0
2026-07-18 13:00:00,7.7e-05,105102.381,6678636208.5021,1.4201,0.5868,0.4132,0.9962,2450.322,2459.574,0.0
2026-07-18 14:00:00,7.7e-05,105102.381,6678636208.5021,1.4201,0.5868,0.4132,0.9962,2450.322,2459.574,0.0
2026-07-18 15:00:00,7.7e-05,105102.381,6678636208.5021,1.4201,0.5868,0.4132,0.9962,2450.322,2459.574,0.0
2026-07-18 16:00:00,7.7e-05,105102.381,6678636208.5021,1.4201,0.5868,0.4132,0.9962,2450.322,2459.574,0.0
2026-07-18 17:00:00,7.7e-05,105102.381,6678636208.5021,1.4201,0.5868,0.4132,0.9962,2450.322,2459.574,0.0
2026-07-18 18:00:00,7.7e-05,105102.381,6678636208.5021,1.4201,0.5868,0.4132,0.9962,2450.322,2459.574,0.0
2026-07-18 19:00:00,7.7e-05,105102.381,6678636208.5021,1.4201,0.5868,0.4132,0.9962,2450.322,2459.574,0.0
2026-07-18 20:00:00,7.7e-05,105102.381,6678636208.5021,1.4201,0.5868,0.4132,0.9962,2450.322,2459.574,0.0
2026-07-18 21:00:00,7.7e-05,105102.381,6678636208.5021,1.4201,0.5868,0.4132,0.9962,2450.322,2459.574,0.0
2026-07-18 22:00:00,7.7e-05,105102.381,6678636208.5021,1.4201,0.5868,0.4132,0.9962,2450.322,2459.574,0.0
2026-07-18 23:00:00,7.7e-05,105102.381,6678636208.5021,1.4201,0.5868,0.4132,0.9962,2450.322,2459.574,0.0
2026-07-19 00:00:00,7.7e-05,105102.381,6678636208.5021,1.4201,0.5868,0.4132,0.9962,2450.322,2459.574,0.0
2026-07-19 01:00:00,7.7e-05,105102.381,6678636208.5021,1.4201,0.5868,0.4132,0.9962,2450.322,2459.574,0.0
2026-07-19 02:00:00,7.7e-05,105102.381,6678636208.5021,1.4201,0.5868,0.4132,0.9962,2450.322,2459.574,0.0
2026-07-19 03:00:00,7.7e-05,105102.381,6678636208.5021,1.4201,0.5868,0.4132,0.9962,2450.322,2459.574,0.0
2026-07-19 04:00:00,7.7e-05,105102.381,6678636208.5021,1.4201,0.5868,0.4132,0.9962,2450.322,2459.574,0.0
2026-07-19 05:00:00,7.7e-05,105102.381,6678636208.5021,1.4201,0.5868,0.4132,0.9962,2450.322,2459.574,0.0
2026-07-19 06:00:00,7.7e-05,105102.381,6678636208.5021,1.4201,0.5868,0.4132,0.9962,2450.322,2459.574,0.0
2026-07-19 07:00:00,7.7e-05,105102.381,6678636208.5021,1.4201,0.5868,0.4132,0.9962,2450.322,2459.574,0.0
2026-07-19 08:00:00,7.7e-05,105102.381,6678636208.5021,1.4201,0.5868,0.4132,0.9962,2450.322,2459.574,0.0
2026-07-19 09:00:00,7.7e-05,105102.381,6678636208.5021,1.4201,0.5868,0.4132,0.9962,2450.322,2459.574,0.0
2026-07-19 10:00:00,7.7e-05,105102.381,6678636208.5021,1.4201,0.5868,0.4132,0.9962,2450.322,2459.574,0.0
2026-07-19 11:00:00,7.7e-05,105102.381,6678636208.5021,1.4201,0.5868,0.4132,0.9962,2450.322,2459.574,0.0
2026-07-19 12:00:00,7.7e-05,105102.381,6678636208.5021,1.4201,0.5868,0.4132,0.9962,2450.322,2459.574,0.0
2026-07-19 13:00:00,7.7e-05,105102.381,6678636208.5021,1.4201,0.5868,0.4132,0.9962,2450.322,2459.574,0.0
2026-07-19 14:00:00,7.7e-05,105102.381,6678636208.5021,1.4201,0.5868,0.4132,0.9962,2450.322,2459.574,0.0
2026-07-19 15:00:00,7.7e-05,105102.381,6678636208.5021,1.4201,0.5868,0.4132,0.9962,2450.322,2459.574,0.0
2026-07-19 16:00:00,7.7e-05,105102.381,6678636208.5021,1.4201,0.5868,0.4132,0.9962,2450.322,2459.574,0.0
2026-07-19 17:00:00,7.7e-05,105102.381,6678636208.5021,1.4201,0.5868,0.4132,0.9962,2450.322,2459.574,0.0
2026-07-19 18:00:00,7.7e-05,105102.381,6678636208.5021,1.4201,0.5868,0.4132,0.9962,2450.322,2459.574,0.0
2026-07-19 19:00:00,7.7e-05,105102.381,6678636208.5021,1.4201,0.5868,0.4132,0.9962,2450.322,2459.574,0.0
2026-07-19 20:00:00,7.7e-05,105102.381,6678636208.5021,1.4201,0.5868,0.4132,0.9962,2450.322,2459.574,0.0
2026-07-19 21:00:00,7.7e-05,105102.381,6678636208.5021,1.4201,0.5868,0.4132,0.9962,2450.322,2459.574,0.0
2026-07-19 22:00:00,7.7e-05,105102.381,6678636208.5021,1.4201,0.5868,0.4132,0.9962,2450.322,2459.574,0.0
2026-07-19 23:00:00,7.7e-05,105102.381,6678636208.5021,1.4201,0.5868,0.4132,0.9962,2450.322,2459.574,0.0
2026-07-20 00:00:00,7.7e-05,105102.381,6678636208.5021,1.4201,0.5868,0.4132,0.9962,2450.322,2459.574,0.0
2026-07-20 01:00:00,7.7e-05,105102.381,6678636208.5021,1.4201,0.5868,0.4132,0.9962,2450.322,2459.574,0.0
2026-07-20 02:00:00,7.7e-05,105102.381,6678636208.5021,1.4201,0.5868,0.4132,0.9962,2450.322,2459.574,0.0
2026-07-20 03:00:00,7.7e-05,105102.381,6678636208.5021,1.4201,0.5868,0.4132,0.9962,2450.322,2459.574,0.0
2026-07-20 04:00:00,7.7e-05,105102.381,6678636208.5021,1.4201,0.5868,0.4132,0.9962,2450.322,2459.574,0.0
2026-07-20 05:00:00,7.7e-05,105102.381,6678636208.5021,1.4201,0.5868,0.4132,0.9962,2450.322,2459.574,0.0
2026-07-20 06:00:00,7.7e-05,105102.381,6678636208.5021,1.4201,0.5868,0.4132,0.9962,2450.322,2459.574,0.0
2026-07-20 07:00:00,7.7e-05,105102.381,6678636208.5021,1.4201,0.5868,0.4132,0.9962,2450.322,2459.574,0.0
2026-07-20 08:00:00,7.7e-05,105102.381,6678636208.5021,1.4201,0.5868,0.4132,0.9962,2450.322,2459.574,0.0
2026-07-20 09:00:00,7.7e-05,105102.381,6678636208.5021,1.4201,0.5868,0.4132,0.9962,2450.322,2459.574,0.0
2026-07-20 10:00:00,7.7e-05,105102.381,6678636208.5021,1.4201,0.5868,0.4132,0.9962,2450.322,2459.574,0.0
2026-07-20 11:00:00,7.7e-05,105102.381,6678636208.5021,1.4201,0.5868,0.4132,0.9962,2450.322,2459.574,0.0
2026-07-20 12:00:00,7.7e-05,105102.381,6678636208.5021,1.4201,0.5868,0.4132,0.9962,2450.322,2459.574,0.0
2026-07-20 13:00:00,7.7e-05,105102.381,6678636208.5021,1.4201,0.5868,0.4132,0.9962,2450.322,2459.574,0.0
2026-07-20 14:00:00,7.7e-05,105102.381,6678636208.5021,1.4201,0.5868,0.4132,0.9962,2450.322,2459.574,0.0
2026-07-20 15:00:00,7.7e-05,105102.381,6678636208.5021,1.4201,0.5868,0.4132,0.9962,2450.322,2459.574,0.0
2026-07-20 16:00:00,7.7e-05,105102.381,6678636208.5021,1.4201,0.5868,0.4132,0.9962,2450.322,2459.574,0.0
2026-07-20 17:00:00,7.7e-05,105102.381,6678636208.5021,1.4201,0.5868,0.4132,0.9962,2450.322,2459.574,0.0
2026-07-20 18:00:00,7.7e-05,105102.381,6678636208.5021,1.4201,0.5868,0.4132,0.9962,2450.322,2459.574,0.0
2026-07-20 19:00:00,7.7e-05,105102.381,6678636208.5021,1.4201,0.5868,0.4132,0.9962,2450.322,2459.574,0.0
2026-07-20 20:00:00,7.7e-05,105102.381,6678636208.5021,1.4201,0.5868,0.4132,0.9962,2450.322,2459.574,0.0
2026-07-20 21:00:00,7.7e-05,105102.381,6678636208.5021,1.4201,0.5868,0.4132,0.9962,2450.322,2459.574,0.0
2026-07-20 22:00:00,7.7e-05,105102.381,6678636208.5021,1.4201,0.5868,0.4132,0.9962,2450.322,2459.574,0.0
2026-07-20 23:00:00,7.7e-05,105102.381,6678636208.5021,1.4201,0.5868,0.4132,0.9962,2450.322,2459.574,0.0
2026-07-21 00:00:00,7.7e-05,105102.381,6678636208.5021,1.4201,0.5868,0.4132,0.9962,2450.322,2459.574,0.0
2026-07-21 01:00:00,7.7e-05,105102.381,6678636208.5021,1.4201,0.5868,0.4132,0.9962,2450.322,2459.574,0.0
2026-07-21 02:00:00,7.7e-05,105102.381,6678636208.5021,1.4201,0.5868,0.4132,0.9962,2450.322,2459.574,0.0
2026-07-21 03:00:00,7.7e-05,105102.381,6678636208.5021,1.4201,0.5868,0.4132,0.9962,2450.322,2459.574,0.0
2026-07-21 04:00:00,7.7e-05,105102.381,6678636208.5021,1.4201,0.5868,0.4132,0.9962,2450.322,2459.574,0.0
2026-07-21 05:00:00,7.7e-05,105102.381,6678636208.5021,1.4201,0.5868,0.4132,0.9962,2450.322,2459.574,0.0
2026-07-21 06:00:00,7.7e-05,105102.381,6678636208.5021,1.4201,0.5868,0.4132,0.9962,2450.322,2459.574,0.0
2026-07-21 07:00:00,7.7e-05,105102.381,6678636208.5021,1.4201,0.5868,0.4132,0.9962,2450.322,2459.574,0.0
2026-07-21 08:00:00,7.7e-05,105102.381,6678636208.5021,1.4201,0.5868,0.4132,0.9962,2450.322,2459.574,0.0
2026-07-21 09:00:00,7.7e-05,105102.381,6678636208.5021,1.4201,0.5868,0.4132,0.9962,2450.322,2459.574,0.0
2026-07-21 10:00:00,7.7e-05,105102.381,6678636208.5021,1.4201,0.5868,0.4132,0.9962,2450.322,2459.574,0.0
2026-07-21 11:00:00,7.7e-05,105102.381,6678636208.5021,1.4201,0.5868,0.4132,0.9962,2450.322,2459.574,0.0
2026-07-21 12:00:00,7.7e-05,105102.381,6678636208.5021,1.4201,0.5868,0.4132,0.9962,2450.322,2459.574,0.0
2026-07-21 13:00:00,7.7e-05,105102.381,6678636208.5021,1.4201,0.5868,0.4132,0.9962,2450.322,2459.574,0.0
2026-07-21 14:00:00,7.7e-05,105102.381,6678636208.5021,1.4201,0.5868,0.4132,0.9962,2450.322,2459.574,0.0
2026-07-21 15:00:00,7.7e-05,105102.381,6678636208.5021,1.4201,0.5868,0.4132,0.9962,2450.322,2459.574,0.0
2026-07-21 16:00:00,7.7e-05,105102.381,6678636208.5021,1.4201,0.5868,0.4132,0.9962,2450.322,2459.574,0.0
2026-07-21 17:00:00,7.7e-05,105102.381,6678636208.5021,1.4201,0.5868,0.4132,0.9962,2450.322,2459.574,0.0
2026-07-21 18:00:00,7.7e-05,105102.381,6678636208.5021,1.4201,0.5868,0.4132,0.9962,2450.322,2459.574,0.0
2026-07-21 19:00:00,7.7e-05,105102.381,6678636208.5021,1.4201,0.5868,0.4132,0.9962,2450.322,2459.574,0.0
2026-07-21 20:00:00,7.7e-05,105102.381,6678636208.5021,1.4201,0.5868,0.4132,0.9962,2450.322,2459.574,0.0
2026-07-21 21:00:00,7.7e-05,105102.381,6678636208.5021,1.4201,0.5868,0.4132,0.9962,2450.322,2459.574,0.0
2026-07-21 22:00:00,7.7e-05,105102.381,6678636208.5021,1.4201,0.5868,0.4132,0.9962,2450.322,2459.574,0.0
2026-07-21 23:00:00,7.7e-05,105102.381,6678636208.5021,1.4201,0.5868,0.4132,0.9962,2450.322,2459.574,0.0
2026-07-22 00:00:00,7.7e-05,105102.381,6678636208.5021,1.4201,0.5868,0.4132,0.9962,2450.322,2459.574,0.0
2026-07-22 01:00:00,7.7e-05,105102.381,6678636208.5021,1.4201,0.5868,0.4132,0.9962,2450.322,2459.574,0.0
2026-07-22 02:00:00,7.7e-05,105102.381,6678636208.5021,1.4201,0.5868,0.4132,0.9962,2450.322,2459.574,0.0
2026-07-22 03:00:00,7.7e-05,105102.381,6678636208.5021,1.4201,0.5868,0.4132,0.9962,2450.322,2459.574,0.0
2026-07-22 04:00:00,7.7e-05,105102.381,6678636208.5021,1.4201,0.5868,0.4132,0.9962,2450.322,2459.574,0.0
2026-07-22 05:00:00,7.7e-05,105102.381,6678636208.5021,1.4201,0.5868,0.4132,0.9962,2450.322,2459.574,0.0
2026-07-22 06:00:00,7.7e-05,105102.381,6678636208.5021,1.4201,0.5868,0.4132,0.9962,2450.322,2459.574,0.0
2026-07-22 07:00:00,7.7e-05,105102.381,6678636208.5021,1.4201,0.5868,0.4132,0.9962,2450.322,2459.574,0.0
2026-07-22 08:00:00,7.7e-05,105102.381,6678636208.5021,1.4201,0.5868,0.4132,0.9962,2450.322,2459.574,0.0
2026-07-22 09:00:00,7.7e-05,105102.381,6678636208.5021,1.4201,0.5868,0.4132,0.9962,2450.322,2459.574,0.0
2026-07-22 10:00:00,7.7e-05,105102.381,6678636208.5021,1.4201,0.5868,0.4132,0.9962,2450.322,2459.574,0.0
2026-07-22 11:00:00,7.7e-05,105102.381,6678636208.5021,1.4201,0.5868,0.4132,0.9962,2450.322,2459.574,0.0
2026-07-22 12:00:00,7.7e-05,105102.381,6678636208.5021,1.4201,0.5868,0.4132,0.9962,2450.322,2459.574,0.0
2026-07-22 13:00:00,7.7e-05,105102.381,6678636208.5021,1.4201,0.5868,0.4132,0.9962,2450.322,2459.574,0.0
2026-07-22 14:00:00,7.7e-05,105102.381,6678636208.5021,1.4201,0.5868,0.4132,0.9962,2450.322,2459.574,0.0
2026-07-22 15:00:00,7.7e-05,105102.381,6678636208.5021,1.4201,0.5868,0.4132,0.9962,2450.322,2459.574,0.0
2026-07-22 16:00:00,7.7e-05,105102.381,6678636208.5021,1.4201,0.5868,0.4132,0.9962,2450.322,2459.574,0.0
2026-07-22 17:00:00,7.7e-05,105102.381,6678636208.5021,1.4201,0.5868,0.4132,0.9962,2450.322,2459.574,0.0
2026-07-22 18:00:00,7.7e-05,105102.381,6678636208.5021,1.4201,0.5868,0.4132,0.9962,2450.322,2459.574,0.0
2026-07-22 19:00:00,7.7e-05,105102.381,6678636208.5021,1.4201,0.5868,0.4132,0.9962,2450.322,2459.574,0.0
2026-07-22 20:00:00,7.7e-05,105102.381,6678636208.5021,1.4201,0.5868,0.4132,0.9962,2450.322,2459.574,0.0
2026-07-22 21:00:00,7.7e-05,105102.381,6678636208.5021,1.4201,0.5868,0.4132,0.9962,2450.322,2459.574,0.0
2026-07-22 22:00:00,7.7e-05,105102.381,6678636208.5021,1.4201,0.5868,0.4132,0.9962,2450.322,2459.574,0.0
2026-07-22 23:00:00,7.7e-05,105102.381,6678636208.5021,1.4201,0.5868,0.4132,0.9962,2450.322,2459.574,0.0
2026-07-23 00:00:00,7.7e-05,105102.381,6678636208.5021,1.4201,0.5868,0.4132,0.9962,2450.322,2459.574,0.0
2026-07-23 01:00:00,7.7e-05,105102.381,6678636208.5021,1.4201,0.5868,0.4132,0.9962,2450.322,2459.574,0.0
2026-07-23 02:00:00,7.7e-05,105102.381,6678636208.5021,1.4201,0.5868,0.4132,0.9962,2450.322,2459.574,0.0
2026-07-23 03:00:00,7.7e-05,105102.381,6678636208.5021,1.4201,0.5868,0.4132,0.9962,2450.322,2459.574,0.0
2026-07-23 04:00:00,7.7e-05,105102.381,6678636208.5021,1.4201,0.5868,0.4132,0.9962,2450.322,2459.574,0.0
2026-07-23 05:00:00,7.7e-05,105102.381,6678636208.5021,1.4201,0.5868,0.4132,0.9962,2450.322,2459.574,0.0
2026-07-23 06:00:00,7.7e-05,105102.381,6678636208.5021,1.4201,0.5868,0.4132,0.9962,2450.322,2459.574,0.0
2026-07-23 07:00:00,7.7e-05,105102.381,6678636208.5021,1.4201,0.5868,0.4132,0.9962,2450.322,2459.574,0.0
2026-07-23 08:00:00,7.7e-05,105102.381,6678636208.5021,1.4201,0.5868,0.4132,0.9962,2450.322,2459.574,0.0
2026-07-23 09:00:00,7.7e-05,105102.381,6678636208.5021,1.4201,0.5868,0.4132,0.9962,2450.322,2459.574,0.0
2026-07-23 10:00:00,7.7e-05,105102.381,6678636208.5021,1.4201,0.5868,0.4132,0.9962,2450.322,2459.574,0.0
2026-07-23 11:00:00,7.7e-05,105102.381,6678636208.5021,1.4201,0.5868,0.4132,0.9962,2450.322,2459.574,0.0
2026-07-23 12:00:00,7.7e-05,105102.381,6678636208.5021,1.4201,0.5868,0.4132,0.9962,2450.322,2459.574,0.0
2026-07-23 13:00:00,7.7e-05,105102.381,6678636208.5021,1.4201,0.5868,0.4132,0.9962,2450.322,2459.574,0.0
2026-07-23 14:00:00,7.7e-05,105102.381,6678636208.5021,1.4201,0.5868,0.4132,0.9962,2450.322,2459.574,0.0
2026-07-23 15:00:00,7.7e-05,105102.381,6678636208.5021,1.4201,0.5868,0.4132,0.9962,2450.322,2459.574,0.0
2026-07-23 16:00:00,7.7e-05,105102.381,6678636208.5021,1.4201,0.5868,0.4132,0.9962,2450.322,2459.574,0.0
2026-07-23 17:00:00,7.7e-05,105102.381,6678636208.5021,1.4201,0.5868,0.4132,0.9962,2450.322,2459.574,0.0
2026-07-23 18:00:00,7.7e-05,105102.381,6678636208.5021,1.4201,0.5868,0.4132,0.9962,2450.322,2459.574,0.0
2026-07-23 19:00:00,7.7e-05,105102.381,6678636208.5021,1.4201,0.5868,0.4132,0.9962,2450.322,2459.574,0.0
2026-07-23 20:00:00,7.7e-05,105102.381,6678636208.5021,1.4201,0.5868,0.4132,0.9962,2450.322,2459.574,0.0
2026-07-23 21:00:00,7.7e-05,105102.381,6678636208.5021,1.4201,0.5868,0.4132,0.9962,2450.322,2459.574,0.0
2026-07-23 22:00:00,7.7e-05,105102.381,6678636208.5021,1.4201,0.5868,0.4132,0.9962,2450.322,2459.574,0.0
2026-07-23 23:00:00,7.7e-05,105102.381,6678636208.5021,1.4201,0.5868,0.4132,0.9962,2450.322,2459.574,0.0
2026-07-24 00:00:00,7.7e-05,105102.381,6678636208.5021,1.4201,0.5868,0.4132,0.9962,2450.322,2459.574,0.0
2026-07-24 01:00:00,7.7e-05,105102.381,6678636208.5021,1.4201,0.5868,0.4132,0.9962,2450.322,2459.574,0.0
2026-07-24 02:00:00,7.7e-05,105102.381,6678636208.5021,1.4201,0.5868,0.4132,0.9962,2450.322,2459.574,0.0
2026-07-24 03:00:00,7.7e-05,105102.381,6678636208.5021,1.4201,0.5868,0.4132,0.9962,2450.322,2459.574,0.0
2026-07-24 04:00:00,7.7e-05,105102.381,6678636208.5021,1.4201,0.5868,0.4132,0.9962,2450.322,2459.574,0.0
2026-07-24 05:00:00,7.7e-05,105102.381,6678636208.5021,1.4201,0.5868,0.4132,0.9962,2450.322,2459.574,0.0
2026-07-24 06:00:00,7.7e-05,105102.381,6678636208.5021,1.4201,0.5868,0.4132,0.9962,2450.322,2459.574,0.0
2026-07-24 07:00:00,7.7e-05,105102.381,6678636208.5021,1.4201,0.5868,0.4132,0.9962,2450.322,2459.574,0.0
2026-07-24 08:00:00,7.7e-05,105102.381,6678636208.5021,1.4201,0.5868,0.4132,0.9962,2450.322,2459.574,0.0
2026-07-24 09:00:00,7.7e-05,105102.381,6678636208.5021,1.4201,0.5868,0.4132,0.9962,2450.322,2459.574,0.0
2026-07-24 10:00:00,7.7e-05,105102.381,6678636208.5021,1.4201,0.5868,0.4132,0.9962,2450.322,2459.574,0.0
2026-07-24 11:00:00,7.7e-05,105102.381,6678636208.5021,1.4201,0.5868,0.4132,0.9962,2450.322,2459.574,0.0
2026-07-24 12:00:00,7.7e-05,105102.381,6678636208.5021,1.4201,0.5868,0.4132,0.9962,2450.322,2459.574,0.0
2026-07-24 13:00:00,7.7e-05,105102.381,6678636208.5021,1.4201,0.5868,0.4132,0.9962,2450.322,2459.574,0.0
2026-07-24 14:00:00,7.7e-05,105102.381,6678636208.5021,1.4201,0.5868,0.4132,0.9962,2450.322,2459.574,0.0
2026-07-24 15:00:00,7.7e-05,105102.381,6678636208.5021,1.4201,0.5868,0.4132,0.9962,2450.322,2459.574,0.0
2026-07-24 16:00:00,7.7e-05,105102.381,6678636208.5021,1.4201,0.5868,0.4132,0.9962,2450.322,2459.574,0.0
2026-07-24 17:00:00,7.7e-05,105102.381,6678636208.5021,1.4201,0.5868,0.4132,0.9962,2450.322,2459.574,0.0
2026-07-24 18:00:00,7.7e-05,105102.381,6678636208.5021,1.4201,0.5868,0.4132,0.9962,2450.322,2459.574,0.0
2026-07-24 19:00:00,7.7e-05,105102.381,6678636208.5021,1.4201,0.5868,0.4132,0.9962,2450.322,2459.574,0.0
2026-07-24 20:00:00,7.7e-05,105102.381,6678636208.5021,1.4201,0.5868,0.4132,0.9962,2450.322,2459.574,0.0
2026-07-24 21:00:00,7.7e-05,105102.381,6678636208.5021,1.4201,0.5868,0.4132,0.9962,2450.322,2459.574,0.0
2026-07-24 22:00:00,7.7e-05,105102.381,6678636208.5021,1.4201,0.5868,0.4132,0.9962,2450.322,2459.574,0.0
2026-07-24 23:00:00,7.7e-05,105102.381,6678636208.5021,1.4201,0.5868,0.4132,0.9962,2450.322,2459.574,0.0
2026-07-25 00:00:00,7.7e-05,105102.381,6678636208.5021,1.4201,0.5868,0.4132,0.9962,2450.322,2459.574,0.0
2026-07-25 01:00:00,7.7e-05,105102.381,6678636208.5021,1.4201,0.5868,0.4132,0.9962,2450.322,2459.574,0.0
2026-07-25 02:00:00,7.7e-05,105102.381,6678636208.5021,1.4201,0.5868,0.4132,0.9962,2450.322,2459.574,0.0
2026-07-25 03:00:00,7.7e-05,105102.381,6678636208.5021,1.4201,0.5868,0.4132,0.9962,2450.322,2459.574,0.0
2026-07-25 04:00:00,7.7e-05,105102.381,6678636208.5021,1.4201,0.5868,0.4132,0.9962,2450.322,2459.574,0.0
2026-07-25 05:00:00,7.7e-05,105102.381,6678636208.5021,1.4201,0.5868,0.4132,0.9962,2450.322,2459.574,0.0
2026-07-25 06:00:00,7.7e-05,105102.381,6678636208.5021,1.4201,0.5868,0.4132,0.9962,2450.322,2459.574,0.0
2026-07-25 07:00:00,7.7e-05,105102.381,6678636208.5021,1.4201,0.5868,0.4132,0.9962,2450.322,2459.574,0.0
2026-07-25 08:00:00,7.7e-05,105102.381,6678636208.5021,1.4201,0.5868,0.4132,0.9962,2450.322,2459.574,0.0
2026-07-25 09:00:00,7.7e-05,105102.381,6678636208.5021,1.4201,0.5868,0.4132,0.9962,2450.322,2459.574,0.0
2026-07-25 10:00:00,7.7e-05,105102.381,6678636208.5021,1.4201,0.5868,0.4132,0.9962,2450.322,2459.574,0.0
2026-07-25 11:00:00,7.7e-05,105102.381,6678636208.5021,1.4201,0.5868,0.4132,0.9962,2450.322,2459.574,0.0
2026-07-25 12:00:00,7.7e-05,105102.381,6678636208.5021,1.4201,0.5868,0.4132,0.9962,2450.322,2459.574,0.0
2026-07-25 13:00:00,7.7e-05,105102.381,6678636208.5021,1.4201,0.5868,0.4132,0.9962,2450.322,2459.574,0.0
2026-07-25 14:00:00,7.7e-05,105102.381,6678636208.5021,1.4201,0.5868,0.4132,0.9962,2450.322,2459.574,0.0
2026-07-25 15:00:00,7.7e-05,105102.381,6678636208.5021,1.4201,0.5868,0.4132,0.9962,2450.322,2459.574,0.0
2026-07-25 16:00:00,7.7e-05,105102.381,6678636208.5021,1.4201,0.5868,0.4132,0.9962,2450.322,2459.574,0.0
2026-07-25 17:00:00,7.7e-05,105102.381,6678636208.5021,1.4201,0.5868,0.4132,0.9962,2450.322,2459.574,0.0
2026-07-25 18:00:00,7.7e-05,105102.381,6678636208.5021,1.4201,0.5868,0.4132,0.9962,2450.322,2459.574,0.0
2026-07-25 19:00:00,7.7e-05,105102.381,6678636208.5021,1.4201,0.5868,0.4132,0.9962,2450.322,2459.574,0.0
2026-07-25 20:00:00,7.7e-05,105102.381,6678636208.5021,1.4201,0.5868,0.4132,0.9962,2450.322,2459.574,0.0
2026-07-25 21:00:00,7.7e-05,105102.381,6678636208.5021,1.4201,0.5868,0.4132,0.9962,2450.322,2459.574,0.0
2026-07-25 22:00:00,7.7e-05,105102.381,6678636208.5021,1.4201,0.5868,0.4132,0.9962,2450.322,2459.574,0.0
2026-07-25 23:00:00,7.7e-05,105102.381,6678636208.5021,1.4201,0.5868,0.4132,0.9962,2450.322,2459.574,0.0
2026-07-26 00:00:00,7.7e-05,105102.381,6678636208.5021,1.4201,0.5868,0.4132,0.9962,2450.322,2459.574,0.0
2026-07-26 01:00:00,7.7e-05,105102.381,6678636208.5021,1.4201,0.5868,0.4132,0.9962,2450.322,2459.574,0.0
2026-07-26 02:00:00,7.7e-05,105102.381,6678636208.5021,1.4201,0.5868,0.4132,0.9962,2450.322,2459.574,0.0
2026-07-26 03:00:00,7.7e-05,105102.381,6678636208.5021,1.4201,0.5868,0.4132,0.9962,2450.322,2459.574,0.0
2026-07-26 04:00:00,7.7e-05,105102.381,6678636208.5021,1.4201,0.5868,0.4132,0.9962,2450.322,2459.574,0.0
2026-07-26 05:00:00,7.7e-05,105102.381,6678636208.5021,1.4201,0.5868,0.4132,0.9962,2450.322,2459.574,0.0
2026-07-26 06:00:00,7.7e-05,105102.381,6678636208.5021,1.4201,0.5868,0.4132,0.9962,2450.322,2459.574,0.0
2026-07-26 07:00:00,7.7e-05,105102.381,6678636208.5021,1.4201,0.5868,0.4132,0.9962,2450.322,2459.574,0.0
2026-07-26 08:00:00,7.7e-05,105102.381,6678636208.5021,1.4201,0.5868,0.4132,0.9962,2450.322,2459.574,0.0
2026-07-26 09:00:00,7.7e-05,105102.381,6678636208.5021,1.4201,0.5868,0.4132,0.9962,2450.322,2459.574,0.0
2026-07-26 10:00:00,7.7e-05,105102.381,6678636208.5021,1.4201,0.5868,0.4132,0.9962,2450.322,2459.574,0.0
2026-07-26 11:00:00,7.7e-05,105102.381,6678636208.5021,1.4201,0.5868,0.4132,0.9962,2450.322,2459.574,0.0
2026-07-26 12:00:00,7.7e-05,105102.381,6678636208.5021,1.4201,0.5868,0.4132,0.9962,2450.322,2459.574,0.0
2026-07-26 13:00:00,7.7e-05,105102.381,6678636208.5021,1.4201,0.5868,0.4132,0.9962,2450.322,2459.574,0.0
2026-07-26 14:00:00,7.7e-05,105102.381,6678636208.5021,1.4201,0.5868,0.4132,0.9962,2450.322,2459.574,0.0
2026-07-26 15:00:00,7.7e-05,105102.381,6678636208.5021,1.4201,0.5868,0.4132,0.9962,2450.322,2459.574,0.0
2026-07-26 16:00:00,7.7e-05,105102.381,6678636208.5021,1.4201,0.5868,0.4132,0.9962,2450.322,2459.574,0.0
2026-07-26 17:00:00,7.7e-05,105102.381,6678636208.5021,1.4201,0.5868,0.4132,0.9962,2450.322,2459.574,0.0
2026-07-26 18:00:00,7.7e-05,105102.381,6678636208.5021,1.4201,0.5868,0.4132,0.9962,2450.322,2459.574,0.0
2026-07-26 19:00:00,7.7e-05,105102.381,6678636208.5021,1.4201,0.5868,0.4132,0.9962,2450.322,2459.574,0.0
2026-07-26 20:00:00,7.7e-05,105102.381,6678636208.5021,1.4201,0.5868,0.4132,0.9962,2450.322,2459.574,0.0
2026-07-26 21:00:00,7.7e-05,105102.381,6678636208.5021,1.4201,0.5868,0.4132,0.9962,2450.322,2459.574,0.0
2026-07-26 22:00:00,7.7e-05,105102.381,6678636208.5021,1.4201,0.5868,0.4132,0.9962,2450.322,2459.574,0.0
2026-07-26 23:00:00,7.7e-05,105102.381,6678636208.5021,1.4201,0.5868,0.4132,0.9962,2450.322,2459.574,0.0
2026-07-27 00:00:00,7.7e-05,105102.381,6678636208.5021,1.4201,0.5868,0.4132,0.9962,2450.322,2459.574,0.0
2026-07-27 01:00:00,7.7e-05,105102.381,6678636208.5021,1.4201,0.5868,0.4132,0.9962,2450.322,2459.574,0.0
2026-07-27 02:00:00,7.7e-05,105102.381,6678636208.5021,1.4201,0.5868,0.4132,0.9962,2450.322,2459.574,0.0
2026-07-27 03:00:00,7.7e-05,105102.381,6678636208.5021,1.4201,0.5868,0.4132,0.9962,2450.322,2459.574,0.0
2026-07-27 04:00:00,7.7e-05,105102.381,6678636208.5021,1.4201,0.5868,0.4132,0.9962,2450.322,2459.574,0.0
2026-07-27 05:00:00,7.7e-05,105102.381,6678636208.5021,1.4201,0.5868,0.4132,0.9962,2450.322,2459.574,0.0
2026-07-27 06:00:00,7.7e-05,105102.381,6678636208.5021,1.4201,0.5868,0.4132,0.9962,2450.322,2459.574,0.0
2026-07-27 07:00:00,7.7e-05,105102.381,6678636208.5021,1.4201,0.5868,0.4132,0.9962,2450.322,2459.574,0.0
2026-07-27 08:00:00,7.7e-05,105102.381,6678636208.5021,1.4201,0.5868,0.4132,0.9962,2450.322,2459.574,0.0
2026-07-27 09:00:00,7.7e-05,105102.381,6678636208.5021,1.4201,0.5868,0.4132,0.9962,2450.322,2459.574,0.0
2026-07-27 10:00:00,7.7e-05,105102.381,6678636208.5021,1.4201,0.5868,0.4132,0.9962,2450.322,2459.574,0.0
2026-07-27 11:00:00,7.7e-05,105102.381,6678636208.5021,1.4201,0.5868,0.4132,0.9962,2450.322,2459.574,0.0
2026-07-27 12:00:00,7.7e-05,105102.381,6678636208.5021,1.4201,0.5868,0.4132,0.9962,2450.322,2459.574,0.0
2026-07-27 13:00:00,7.7e-05,105102.381,6678636208.5021,1.4201,0.5868,0.4132,0.9962,2450.322,2459.574,0.0
2026-07-27 14:00:00,7.7e-05,105102.381,6678636208.5021,1.4201,0.5868,0.4132,0.9962,2450.322,2459.574,0.0
2026-07-27 15:00:00,7.7e-05,105102.381,6678636208.5021,1.4201,0.5868,0.4132,0.9962,2450.322,2459.574,0.0
2026-07-27 16:00:00,7.7e-05,105102.381,6678636208.5021,1.4201,0.5868,0.4132,0.9962,2450.322,2459.574,0.0
2026-07-27 17:00:00,7.7e-05,105102.381,6678636208.5021,1.4201,0.5868,0.4132,0.9962,2450.322,2459.574,0.0
2026-07-27 18:00:00,7.7e-05,105102.381,6678636208.5021,1.4201,0.5868,0.4132,0.9962,2450.322,2459.574,0.0
2026-07-27 19:00:00,7.7e-05,105102.381,6678636208.5021,1.4201,0.5868,0.4132,0.9962,2450.322,2459.574,0.0
2026-07-27 20:00:00,7.7e-05,105102.381,6678636208.5021,1.4201,0.5868,0.4132,0.9962,2450.322,2459.574,0.0
2026-07-27 21:00:00,7.7e-05,105102.381,6678636208.5021,1.4201,0.5868,0.4132,0.9962,2450.322,2459.574,0.0
2026-07-27 22:00:00,7.7e-05,105102.381,6678636208.5021,1.4201,0.5868,0.4132,0.9962,2450.322,2459.574,0.0
2026-07-27 23:00:00,7.7e-05,105102.381,6678636208.5021,1.4201,0.5868,0.4132,0.9962,2450.322,2459.574,0.0
2026-07-28 00:00:00,7.7e-05,105102.381,6678636208.5021,1.4201,0.5868,0.4132,0.9962,2450.322,2459.574,0.0
2026-07-28 01:00:00,7.7e-05,105102.381,6678636208.5021,1.4201,0.5868,0.4132,0.9962,2450.322,2459.574,0.0
2026-07-28 02:00:00,7.7e-05,105102.381,6678636208.5021,1.4201,0.5868,0.4132,0.9962,2450.322,2459.574,0.0
2026-07-28 03:00:00,7.7e-05,105102.381,6678636208.5021,1.4201,0.5868,0.4132,0.9962,2450.322,2459.574,0.0
2026-07-28 04:00:00,7.7e-05,105102.381,6678636208.5021,1.4201,0.5868,0.4132,0.9962,2450.322,2459.574,0.0
2026-07-28 05:00:00,7.7e-05,105102.381,6678636208.5021,1.4201,0.5868,0.4132,0.9962,2450.322,2459.574,0.0
2026-07-28 06:00:00,7.7e-05,105102.381,6678636208.5021,1.4201,0.5868,0.4132,0.9962,2450.322,2459.574,0.0
2026-07-28 07:00:00,7.7e-05,105102.381,6678636208.5021,1.4201,0.5868,0.4132,0.9962,2450.322,2459.574,0.0
2026-07-28 08:00:00,7.7e-05,105102.381,6678636208.5021,1.4201,0.5868,0.4132,0.9962,2450.322,2459.574,0.0
2026-07-28 09:00:00,7.7e-05,105102.381,6678636208.5021,1.4201,0.5868,0.4132,0.9962,2450.322,2459.574,0.0
2026-07-28 10:00:00,7.7e-05,105102.381,6678636208.5021,1.4201,0.5868,0.4132,0.9962,2450.322,2459.574,0.0
2026-07-28 11:00:00,7.7e-05,105102.381,6678636208.5021,1.4201,0.5868,0.4132,0.9962,2450.322,2459.574,0.0
2026-07-28 12:00:00,7.7e-05,105102.381,6678636208.5021,1.4201,0.5868,0.4132,0.9962,2450.322,2459.574,0.0
2026-07-28 13:00:00,7.7e-05,105102.381,6678636208.5021,1.4201,0.5868,0.4132,0.9962,2450.322,2459.574,0.0
2026-07-28 14:00:00,7.7e-05,105102.381,6678636208.5021,1.4201,0.5868,0.4132,0.9962,2450.322,2459.574,0.0
2026-07-28 15:00:00,7.7e-05,105102.381,6678636208.5021,1.4201,0.5868,0.4132,0.9962,2450.322,2459.574,0.0
2026-07-28 16:00:00,7.7e-05,105102.381,6678636208.5021,1.4201,0.5868,0.4132,0.9962,2450.322,2459.574,0.0
2026-07-28 17:00:00,7.7e-05,105102.381,6678636208.5021,1.4201,0.5868,0.4132,0.9962,2450.322,2459.574,0.0
2026-07-28 18:00:00,7.7e-05,105102.381,6678636208.5021,1.4201,0.5868,0.4132,0.9962,2450.322,2459.574,0.0
2026-07-28 19:00:00,7.7e-05,105102.381,6678636208.5021,1.4201,0.5868,0.4132,0.9962,2450.322,2459.574,0.0
2026-07-28 20:00:00,7.7e-05,105102.381,6678636208.5021,1.4201,0.5868,0.4132,0.9962,2450.322,2459.574,0.0
2026-07-28 21:00:00,7.7e-05,105102.381,6678636208.5021,1.4201,0.5868,0.4132,0.9962,2450.322,2459.574,0.0
2026-07-28 22:00:00,7.7e-05,105102.381,6678636208.5021,1.4201,0.5868,0.4132,0.9962,2450.322,2459.574,0.0
2026-07-28 23:00:00,7.7e-05,105102.381,6678636208.5021,1.4201,0.5868,0.4132,0.9962,2450.322,2459.574,0.0
2026-07-29 00:00:00,7.7e-05,105102.381,6678636208.5021,1.4201,0.5868,0.4132,0.9962,2450.322,2459.574,0.0
2026-07-29 01:00:00,7.7e-05,105102.381,6678636208.5021,1.4201,0.5868,0.4132,0.9962,2450.322,2459.574,0.0
2026-07-29 02:00:00,7.7e-05,105102.381,6678636208.5021,1.4201,0.5868,0.4132,0.9962,2450.322,2459.574,0.0
2026-07-29 03:00:00,7.7e-05,105102.381,6678636208.5021,1.4201,0.5868,0.4132,0.9962,2450.322,2459.574,0.0
2026-07-29 04:00:00,7.7e-05,105102.381,6678636208.5021,1.4201,0.5868,0.4132,0.9962,2450.322,2459.574,0.0
2026-07-29 05:00:00,7.7e-05,105102.381,6678636208.5021,1.4201,0.5868,0.4132,0.9962,2450.322,2459.574,0.0
2026-07-29 06:00:00,7.7e-05,105102.381,6678636208.5021,1.4201,0.5868,0.4132,0.9962,2450.322,2459.574,0.0
2026-07-29 07:00:00,7.7e-05,105102.381,6678636208.5021,1.4201,0.5868,0.4132,0.9962,2450.322,2459.574,0.0
2026-07-29 08:00:00,7.7e-05,105102.381,6678636208.5021,1.4201,0.5868,0.4132,0.9962,2450.322,2459.574,0.0
2026-07-29 09:00:00,7.7e-05,105102.381,6678636208.5021,1.4201,0.5868,0.4132,0.9962,2450.322,2459.574,0.0
2026-07-29 10:00:00,7.7e-05,105102.381,6678636208.5021,1.4201,0.5868,0.4132,0.9962,2450.322,2459.574,0.0
2026-07-29 11:00:00,7.7e-05,105102.381,6678636208.5021,1.4201,0.5868,0.4132,0.9962,2450.322,2459.574,0.0
2026-07-29 12:00:00,7.7e-05,105102.381,6678636208.5021,1.4201,0.5868,0.4132,0.9962,2450.322,2459.574,0.0
2026-07-29 13:00:00,7.7e-05,105102.381,6678636208.5021,1.4201,0.5868,0.4132,0.9962,2450.322,2459.574,0.0
2026-07-29 14:00:00,7.7e-05,105102.381,6678636208.5021,1.4201,0.5868,0.4132,0.9962,2450.322,2459.574,0.0
2026-07-29 15:00:00,7.7e-05,105102.381,6678636208.5021,1.4201,0.5868,0.4132,0.9962,2450.322,2459.574,0.0
2026-07-29 16:00:00,7.7e-05,105102.381,6678636208.5021,1.4201,0.5868,0.4132,0.9962,2450.322,2459.574,0.0
2026-07-29 17:00:00,7.7e-05,105102.381,6678636208.5021,1.4201,0.5868,0.4132,0.9962,2450.322,2459.574,0.0
2026-07-29 18:00:00,7.7e-05,105102.381,6678636208.5021,1.4201,0.5868,0.4132,0.9962,2450.322,2459.574,0.0
2026-07-29 19:00:00,7.7e-05,105102.381,6678636208.5021,1.4201,0.5868,0.4132,0.9962,2450.322,2459.574,0.0
2026-07-29 20:00:00,7.7e-05,105102.381,6678636208.5021,1.4201,0.5868,0.4132,0.9962,2450.322,2459.574,0.0
2026-07-29 21:00:00,7.7e-05,105102.381,6678636208.5021,1.4201,0.5868,0.4132,0.9962,2450.322,2459.574,0.0
2026-07-29 22:00:00,7.7e-05,105102.381,6678636208.5021,1.4201,0.5868,0.4132,0.9962,2450.322,2459.574,0.0
2026-07-29 23:00:00,7.7e-05,105102.381,6678636208.5021,1.4201,0.5868,0.4132,0.9962,2450.322,2459.574,0.0
2026-07-30 00:00:00,7.7e-05,105102.381,6678636208.5021,1.4201,0.5868,0.4132,0.9962,2450.322,2459.574,0.0
2026-07-30 01:00:00,7.7e-05,105102.381,6678636208.5021,1.4201,0.5868,0.4132,0.9962,2450.322,2459.574,0.0
2026-07-30 02:00:00,7.7e-05,105102.381,6678636208.5021,1.4201,0.5868,0.4132,0.9962,2450.322,2459.574,0.0
2026-07-30 03:00:00,7.7e-05,105102.381,6678636208.5021,1.4201,0.5868,0.4132,0.9962,2450.322,2459.574,0.0
2026-07-30 04:00:00,7.7e-05,105102.381,6678636208.5021,1.4201,0.5868,0.4132,0.9962,2450.322,2459.574,0.0
2026-07-30 05:00:00,7.7e-05,105102.381,6678636208.5021,1.4201,0.5868,0.4132,0.9962,2450.322,2459.574,0.0
2026-07-30 06:00:00,7.7e-05,105102.381,6678636208.5021,1.4201,0.5868,0.4132,0.9962,2450.322,2459.574,0.0
2026-07-30 07:00:00,7.7e-05,105102.381,6678636208.5021,1.4201,0.5868,0.4132,0.9962,2450.322,2459.574,0.0
2026-07-30 08:00:00,7.7e-05,105102.381,6678636208.5021,1.4201,0.5868,0.4132,0.9962,2450.322,2459.574,0.0
2026-07-30 09:00:00,7.7e-05,105102.381,6678636208.5021,1.4201,0.5868,0.4132,0.9962,2450.322,2459.574,0.0
2026-07-30 10:00:00,7.7e-05,105102.381,6678636208.5021,1.4201,0.5868,0.4132,0.9962,2450.322,2459.574,0.0
2026-07-30 11:00:00,7.7e-05,105102.381,6678636208.5021,1.4201,0.5868,0.4132,0.9962,2450.322,2459.574,0.0
2026-07-30 12:00:00,7.7e-05,105102.381,6678636208.5021,1.4201,0.5868,0.4132,0.9962,2450.322,2459.574,0.0
2026-07-30 13:00:00,7.7e-05,105102.381,6678636208.5021,1.4201,0.5868,0.4132,0.9962,2450.322,2459.574,0.0
2026-07-30 14:00:00,7.7e-05,105102.381,6678636208.5021,1.4201,0.5868,0.4132,0.9962,2450.322,2459.574,0.0
2026-07-30 15:00:00,7.7e-05,105102.381,6678636208.5021,1.4201,0.5868,0.4132,0.9962,2450.322,2459.574,0.0
2026-07-30 16:00:00,7.7e-05,105102.381,6678636208.5021,1.4201,0.5868,0.4132,0.9962,2450.322,2459.574,0.0
2026-07-30 17:00:00,7.7e-05,105102.381,6678636208.5021,1.4201,0.5868,0.4132,0.9962,2450.322,2459.574,0.0
2026-07-30 18:00:00,7.7e-05,105102.381,6678636208.5021,1.4201,0.5868,0.4132,0.9962,2450.322,2459.574,0.0
2026-07-30 19:00:00,7.7e-05,105102.381,6678636208.5021,1.4201,0.5868,0.4132,0.9962,2450.322,2459.574,0.0
2026-07-30 20:00:00,7.7e-05,105102.381,6678636208.5021,1.4201,0.5868,0.4132,0.9962,2450.322,2459.574,0.0
2026-07-30 21:00:00,7.7e-05,105102.381,6678636208.5021,1.4201,0.5868,0.4132,0.9962,2450.322,2459.574,0.0
2026-07-30 22:00:00,7.7e-05,105102.381,6678636208.5021,1.4201,0.5868,0.4132,0.9962,2450.322,2459.574,0.0
2026-07-30 23:00:00,7.7e-05,105102.381,6678636208.5021,1.4201,0.5868,0.4132,0.9962,2450.322,2459.574,0.0
2026-07-31 00:00:00,7.7e-05,105102.381,6678636208.5021,1.4201,0.5868,0.4132,0.9962,2450.322,2459.574,0.0
2026-07-31 01:00:00,7.7e-05,105102.381,6678636208.5021,1.4201,0.5868,0.4132,0.9962,2450.322,2459.574,0.0
2026-07-31 02:00:00,7.7e-05,105102.381,6678636208.5021,1.4201,0.5868,0.4132,0.9962,2450.322,2459.574,0.0
2026-07-31 03:00:00,7.7e-05,105102.381,6678636208.5021,1.4201,0.5868,0.4132,0.9962,2450.322,2459.574,0.0
2026-07-31 04:00:00,7.7e-05,105102.381,6678636208.5021,1.4201,0.5868,0.4132,0.9962,2450.322,2459.574,0.0
2026-07-31 05:00:00,7.7e-05,105102.381,6678636208.5021,1.4201,0.5868,0.4132,0.9962,2450.322,2459.574,0.0
2026-07-31 06:00:00,7.7e-05,105102.381,6678636208.5021,1.4201,0.5868,0.4132,0.9962,2450.322,2459.574,0.0
2026-07-31 07:00:00,7.7e-05,105102.381,6678636208.5021,1.4201,0.5868,0.4132,0.9962,2450.322,2459.574,0.0
2026-07-31 08:00:00,7.7e-05,105102.381,6678636208.5021,1.4201,0.5868,0.4132,0.9962,2450.322,2459.574,0.0
2026-07-31 09:00:00,7.7e-05,105102.381,6678636208.5021,1.4201,0.5868,0.4132,0.9962,2450.322,2459.574,0.0
2026-07-31 10:00:00,7.7e-05,105102.381,6678636208.5021,1.4201,0.5868,0.4132,0.9962,2450.322,2459.574,0.0
2026-07-31 11:00:00,7.7e-05,105102.381,6678636208.5021,1.4201,0.5868,0.4132,0.9962,2450.322,2459.574,0.0
2026-07-31 12:00:00,7.7e-05,105102.381,6678636208.5021,1.4201,0.5868,0.4132,0.9962,2450.322,2459.574,0.0
2026-07-31 13:00:00,7.7e-05,105102.381,6678636208.5021,1.4201,0.5868,0.4132,0.9962,2450.322,2459.574,0.0
2026-07-31 14:00:00,7.7e-05,105102.381,6678636208.5021,1.4201,0.5868,0.4132,0.9962,2450.322,2459.574,0.0
2026-07-31 15:00:00,7.7e-05,105102.381,6678636208.5021,1.4201,0.5868,0.4132,0.9962,2450.322,2459.574,0.0
2026-07-31 16:00:00,7.7e-05,105102.381,6678636208.5021,1.4201,0.5868,0.4132,0.9962,2450.322,2459.574,0.0
2026-07-31 17:00:00,7.7e-05,105102.381,6678636208.5021,1.4201,0.5868,0.4132,0.9962,2450.322,2459.574,0.0
2026-07-31 18:00:00,7.7e-05,105102.381,6678636208.5021,1.4201,0.5868,0.4132,0.9962,2450.322,2459.574,0.0
2026-07-31 19:00:00,7.7e-05,105102.381,6678636208.5021,1.4201,0.5868,0.4132,0.9962,2450.322,2459.574,0.0
2026-07-31 20:00:00,7.7e-05,105102.381,6678636208.5021,1.4201,0.5868,0.4132,0.9962,2450.322,2459.574,0.0
2026-07-31 21:00:00,7.7e-05,105102.381,6678636208.5021,1.4201,0.5868,0.4132,0.9962,2450.322,2459.574,0.0
2026-07-31 22:00:00,7.7e-05,105102.381,6678636208.5021,1.4201,0.5868,0.4132,0.9962,2450.322,2459.574,0.0
2026-07-31 23:00:00,7.7e-05,105102.381,6678636208.5021,1.4201,0.5868,0.4132,0.9962,2450.322,2459.574,0.0
2026-08-01 00:00:00,7.7e-05,105102.381,6678636208.5021,1.4201,0.5868,0.4132,0.9962,2450.322,2459.574,0.0
2026-08-01 01:00:00,7.7e-05,105102.381,6678636208.5021,1.4201,0.5868,0.4132,0.9962,2450.322,2459.574,0.0
2026-08-01 02:00:00,7.7e-05,105102.381,6678636208.5021,1.4201,0.5868,0.4132,0.9962,2450.322,2459.574,0.0
2026-08-01 03:00:00,7.7e-05,105102.381,6678636208.5021,1.4201,0.5868,0.4132,0.9962,2450.322,2459.574,0.0
2026-08-01 04:00:00,7.7e-05,105102.381,6678636208.5021,1.4201,0.5868,0.4132,0.9962,2450.322,2459.574,0.0
2026-08-01 05:00:00,7.7e-05,105102.381,6678636208.5021,1.4201,0.5868,0.4132,0.9962,2450.322,2459.574,0.0
2026-08-01 06:00:00,7.7e-05,105102.381,6678636208.5021,1.4201,0.5868,0.4132,0.9962,2450.322,2459.574,0.0
2026-08-01 07:00:00,7.7e-05,105102.381,6678636208.5021,1.4201,0.5868,0.4132,0.9962,2450.322,2459.574,0.0
2026-08-01 08:00:00,7.7e-05,105102.381,6678636208.5021,1.4201,0.5868,0.4132,0.9962,2450.322,2459.574,0.0
2026-08-01 09:00:00,7.7e-05,105102.381,6678636208.5021,1.4201,0.5868,0.4132,0.9962,2450.322,2459.574,0.0
2026-08-01 10:00:00,7.7e-05,105102.381,6678636208.5021,1.4201,0.5868,0.4132,0.9962,2450.322,2459.574,0.0
2026-08-01 11:00:00,7.7e-05,105102.381,6678636208.5021,1.4201,0.5868,0.4132,0.9962,2450.322,2459.574,0.0
2026-08-01 12:00:00,7.7e-05,105102.381,6678636208.5021,1.4201,0.5868,0.4132,0.9962,2450.322,2459.574,0.0
2026-08-01 13:00:00,7.7e-05,105102.381,6678636208.5021,1.4201,0.5868,0.4132,0.9962,2450.322,2459.574,0.0
2026-08-01 14:00:00,7.7e-05,105102.381,6678636208.5021,1.4201,0.5868,0.4132,0.9962,2450.322,2459.574,0.0
2026-08-01 15:00:00,7.7e-05,105102.381,6678636208.5021,1.4201,0.5868,0.4132,0.9962,2450.322,2459.574,0.0
2026-08-01 16:00:00,7.7e-05,105102.381,6678636208.5021,1.4201,0.5868,0.4132,0.9962,2450.322,2459.574,0.0
2026-08-01 17:00:00,7.7e-05,105102.381,6678636208.5021,1.4201,0.5868,0.4132,0.9962,2450.322,2459.574,0.0
2026-08-01 18:00:00,7.7e-05,105102.381,6678636208.5021,1.4201,0.5868,0.4132,0.9962,2450.322,2459.574,0.0
2026-08-01 19:00:00,7.7e-05,105102.381,6678636208.5021,1.4201,0.5868,0.4132,0.9962,2450.322,2459.574,0.0
2026-08-01 20:00:00,7.7e-05,105102.381,6678636208.5021,1.4201,0.5868,0.4132,0.9962,2450.322,2459.574,0.0
2026-08-01 21:00:00,7.7e-05,105102.381,6678636208.5021,1.4201,0.5868,0.4132,0.9962,2450.322,2459.574,0.0
2026-08-01 22:00:00,7.7e-05,105102.381,6678636208.5021,1.4201,0.5868,0.4132,0.9962,2450.322,2459.574,0.0
2026-08-01 23:00:00,7.7e-05,105102.381,6678636208.5021,1.4201,0.5868,0.4132,0.9962,2450.322,2459.574,0.0
2026-08-02 00:00:00,7.7e-05,105102.381,6678636208.5021,1.4201,0.5868,0.4132,0.9962,2450.322,2459.574,0.0
2026-08-02 01:00:00,7.7e-05,105102.381,6678636208.5021,1.4201,0.5868,0.4132,0.9962,2450.322,2459.574,0.0
2026-08-02 02:00:00,7.7e-05,105102.381,6678636208.5021,1.4201,0.5868,0.4132,0.9962,2450.322,2459.574,0.0
2026-08-02 03:00:00,7.7e-05,105102.381,6678636208.5021,1.4201,0.5868,0.4132,0.9962,2450.322,2459.574,0.0
2026-08-02 04:00:00,7.7e-05,105102.381,6678636208.5021,1.4201,0.5868,0.4132,0.9962,2450.322,2459.574,0.0
2026-08-02 05:00:00,7.7e-05,105102.381,6678636208.5021,1.4201,0.5868,0.4132,0.9962,2450.322,2459.574,0.0
2026-08-02 06:00:00,7.7e-05,105102.381,6678636208.5021,1.4201,0.5868,0.4132,0.9962,2450.322,2459.574,0.0
2026-08-02 07:00:00,7.7e-05,105102.381,6678636208.5021,1.4201,0.5868,0.4132,0.9962,2450.322,2459.574,0.0
2026-08-02 08:00:00,7.7e-05,105102.381,6678636208.5021,1.4201,0.5868,0.4132,0.9962,2450.322,2459.574,0.0
2026-08-02 09:00:00,7.7e-05,105102.381,6678636208.5021,1.4201,0.5868,0.4132,0.9962,2450.322,2459.574,0.0
2026-08-02 10:00:00,7.7e-05,105102.381,6678636208.5021,1.4201,0.5868,0.4132,0.9962,2450.322,2459.574,0.0
2026-08-02 11:00:00,7.7e-05,105102.381,6678636208.5021,1.4201,0.5868,0.4132,0.9962,2450.322,2459.574,0.0
2026-08-02 12:00:00,7.7e-05,105102.381,6678636208.5021,1.4201,0.5868,0.4132,0.9962,2450.322,2459.574,0.0
2026-08-02 13:00:00,7.7e-05,105102.381,6678636208.5021,1.4201,0.5868,0.4132,0.9962,2450.322,2459.574,0.0
2026-08-02 14:00:00,7.7e-05,105102.381,6678636208.5021,1.4201,0.5868,0.4132,0.9962,2450.322,2459.574,0.0
2026-08-02 15:00:00,7.7e-05,105102.381,6678636208.5021,1.4201,0.5868,0.4132,0.9962,2450.322,2459.574,0.0
2026-08-02 16:00:00,7.7e-05,105102.381,6678636208.5021,1.4201,0.5868,0.4132,0.9962,2450.322,2459.574,0.0
2026-08-02 17:00:00,7.7e-05,105102.381,6678636208.5021,1.4201,0.5868,0.4132,0.9962,2450.322,2459.574,0.0
2026-08-02 18:00:00,7.7e-05,105102.381,6678636208.5021,1.4201,0.5868,0.4132,0.9962,2450.322,2459.574,0.0
2026-08-02 19:00:00,7.7e-05,105102.381,6678636208.5021,1.4201,0.5868,0.4132,0.9962,2450.322,2459.574,0.0
2026-08-02 20:00:00,7.7e-05,105102.381,6678636208.5021,1.4201,0.5868,0.4132,0.9962,2450.322,2459.574,0.0
2026-08-02 21:00:00,7.7e-05,105102.381,6678636208.5021,1.4201,0.5868,0.4132,0.9962,2450.322,2459.574,0.0
2026-08-02 22:00:00,7.7e-05,105102.381,6678636208.5021,1.4201,0.5868,0.4132,0.9962,2450.322,2459.574,0.0
2026-08-02 23:00:00,7.7e-05,105102.381,6678636208.5021,1.4201,0.5868,0.4132,0.9962,2450.322,2459.574,0.0
2026-08-03 00:00:00,7.7e-05,105102.381,6678636208.5021,1.4201,0.5868,0.4132,0.9962,2450.322,2459.574,0.0
2026-08-03 01:00:00,7.7e-05,105102.381,6678636208.5021,1.4201,0.5868,0.4132,0.9962,2450.322,2459.574,0.0
2026-08-03 02:00:00,7.7e-05,105102.381,6678636208.5021,1.4201,0.5868,0.4132,0.9962,2450.322,2459.574,0.0
2026-08-03 03:00:00,7.7e-05,105102.381,6678636208.5021,1.4201,0.5868,0.4132,0.9962,2450.322,2459.574,0.0
2026-08-03 04:00:00,7.7e-05,105102.381,6678636208.5021,1.4201,0.5868,0.4132,0.9962,2450.322,2459.574,0.0
2026-08-03 05:00:00,7.7e-05,105102.381,6678636208.5021,1.4201,0.5868,0.4132,0.9962,2450.322,2459.574,0.0
2026-08-03 06:00:00,7.7e-05,105102.381,6678636208.5021,1.4201,0.5868,0.4132,0.9962,2450.322,2459.574,0.0
2026-08-03 07:00:00,7.7e-05,105102.381,6678636208.5021,1.4201,0.5868,0.4132,0.9962,2450.322,2459.574,0.0
2026-08-03 08:00:00,7.7e-05,105102.381,6678636208.5021,1.4201,0.5868,0.4132,0.9962,2450.322,2459.574,0.0
2026-08-03 09:00:00,7.7e-05,105102.381,6678636208.5021,1.4201,0.5868,0.4132,0.9962,2450.322,2459.574,0.0
2026-08-03 10:00:00,7.7e-05,105102.381,6678636208.5021,1.4201,0.5868,0.4132,0.9962,2450.322,2459.574,0.0
2026-08-03 11:00:00,7.7e-05,105102.381,6678636208.5021,1.4201,0.5868,0.4132,0.9962,2450.322,2459.574,0.0
2026-08-03 12:00:00,7.7e-05,105102.381,6678636208.5021,1.4201,0.5868,0.4132,0.9962,2450.322,2459.574,0.0
2026-08-03 13:00:00,7.7e-05,105102.381,6678636208.5021,1.4201,0.5868,0.4132,0.9962,2450.322,2459.574,0.0
2026-08-03 14:00:00,7.7e-05,105102.381,6678636208.5021,1.4201,0.5868,0.4132,0.9962,2450.322,2459.574,0.0
2026-08-03 15:00:00,7.7e-05,105102.381,6678636208.5021,1.4201,0.5868,0.4132,0.9962,2450.322,2459.574,0.0
2026-08-03 16:00:00,7.7e-05,105102.381,6678636208.5021,1.4201,0.5868,0.4132,0.9962,2450.322,2459.574,0.0
2026-08-03 17:00:00,7.7e-05,105102.381,6678636208.5021,1.4201,0.5868,0.4132,0.9962,2450.322,2459.574,0.0
2026-08-03 18:00:00,7.7e-05,105102.381,6678636208.5021,1.4201,0.5868,0.4132,0.9962,2450.322,2459.574,0.0
2026-08-03 19:00:00,7.7e-05,105102.381,6678636208.5021,1.4201,0.5868,0.4132,0.9962,2450.322,2459.574,0.0
2026-08-03 20:00:00,7.7e-05,105102.381,6678636208.5021,1.4201,0.5868,0.4132,0.9962,2450.322,2459.574,0.0
2026-08-03 21:00:00,7.7e-05,105102.381,6678636208.5021,1.4201,0.5868,0.4132,0.9962,2450.322,2459.574,0.0
2026-08-03 22:00:00,7.7e-05,105102.381,6678636208.5021,1.4201,0.5868,0.4132,0.9962,2450.322,2459.574,0.0
2026-08-03 23:00:00,7.7e-05,105102.381,6678636208.5021,1.4201,0.5868,0.4132,0.9962,2450.322,2459.574,0.0
2026-08-04 00:00:00,7.7e-05,105102.381,6678636208.5021,1.4201,0.5868,0.4132,0.9962,2450.322,2459.574,0.0
2026-08-04 01:00:00,7.7e-05,105102.381,6678636208.5021,1.4201,0.5868,0.4132,0.9962,2450.322,2459.574,0.0
2026-08-04 02:00:00,7.7e-05,105102.381,6678636208.5021,1.4201,0.5868,0.4132,0.9962,2450.322,2459.574,0.0
2026-08-04 03:00:00,7.7e-05,105102.381,6678636208.5021,1.4201,0.5868,0.4132,0.9962,2450.322,2459.574,0.0
2026-08-04 04:00:00,7.7e-05,105102.381,6678636208.5021,1.4201,0.5868,0.4132,0.9962,2450.322,2459.574,0.0
2026-08-04 05:00:00,7.7e-05,105102.381,6678636208.5021,1.4201,0.5868,0.4132,0.9962,2450.322,2459.574,0.0
2026-08-04 06:00:00,7.7e-05,105102.381,6678636208.5021,1.4201,0.5868,0.4132,0.9962,2450.322,2459.574,0.0
2026-08-04 07:00:00,7.7e-05,105102.381,6678636208.5021,1.4201,0.5868,0.4132,0.9962,2450.322,2459.574,0.0
2026-08-04 08:00:00,7.7e-05,105102.381,6678636208.5021,1.4201,0.5868,0.4132,0.9962,2450.322,2459.574,0.0
2026-08-04 09:00:00,7.7e-05,105102.381,6678636208.5021,1.4201,0.5868,0.4132,0.9962,2450.322,2459.574,0.0
2026-08-04 10:00:00,7.7e-05,105102.381,6678636208.5021,1.4201,0.5868,0.4132,0.9962,2450.322,2459.574,0.0
2026-08-04 11:00:00,7.7e-05,105102.381,6678636208.5021,1.4201,0.5868,0.4132,0.9962,2450.322,2459.574,0.0
2026-08-04 12:00:00,7.7e-05,105102.381,6678636208.5021,1.4201,0.5868,0.4132,0.9962,2450.322,2459.574,0.0
2026-08-04 13:00:00,7.7e-05,105102.381,6678636208.5021,1.4201,0.5868,0.4132,0.9962,2450.322,2459.574,0.0
2026-08-04 14:00:00,7.7e-05,105102.381,6678636208.5021,1.4201,0.5868,0.4132,0.9962,2450.322,2459.574,0.0
2026-08-04 15:00:00,7.7e-05,105102.381,6678636208.5021,1.4201,0.5868,0.4132,0.9962,2450.322,2459.574,0.0
2026-08-04 16:00:00,7.7e-05,105102.381,6678636208.5021,1.4201,0.5868,0.4132,0.9962,2450.322,2459.574,0.0
2026-08-04 17:00:00,7.7e-05,105102.381,6678636208.5021,1.4201,0.5868,0.4132,0.9962,2450.322,2459.574,0.0
2026-08-04 18:00:00,7.7e-05,105102.381,6678636208.5021,1.4201,0.5868,0.4132,0.9962,2450.322,2459.574,0.0
2026-08-04 19:00:00,7.7e-05,105102.381,6678636208.5021,1.4201,0.5868,0.4132,0.9962,2450.322,2459.574,0.0
2026-08-04 20:00:00,7.7e-05,105102.381,6678636208.5021,1.4201,0.5868,0.4132,0.9962,2450.322,2459.574,0.0
2026-08-04 21:00:00,7.7e-05,105102.381,6678636208.5021,1.4201,0.5868,0.4132,0.9962,2450.322,2459.574,0.0
2026-08-04 22:00:00,7.7e-05,105102.381,6678636208.5021,1.4201,0.5868,0.4132,0.9962,2450.322,2459.574,0.0
2026-08-04 23:00:00,7.7e-05,105102.381,6678636208.5021,1.4201,0.5868,0.4132,0.9962,2450.322,2459.574,0.0
2026-08-05 00:00:00,7.7e-05,105102.381,6678636208.5021,1.4201,0.5868,0.4132,0.9962,2450.322,2459.574,0.0
2026-08-05 01:00:00,7.7e-05,105102.381,6678636208.5021,1.4201,0.5868,0.4132,0.9962,2450.322,2459.574,0.0
2026-08-05 02:00:00,7.7e-05,105102.381,6678636208.5021,1.4201,0.5868,0.4132,0.9962,2450.322,2459.574,0.0
2026-08-05 03:00:00,7.7e-05,105102.381,6678636208.5021,1.4201,0.5868,0.4132,0.9962,2450.322,2459.574,0.0
2026-08-05 04:00:00,7.7e-05,105102.381,6678636208.5021,1.4201,0.5868,0.4132,0.9962,2450.322,2459.574,0.0
2026-08-05 05:00:00,7.7e-05,105102.381,6678636208.5021,1.4201,0.5868,0.4132,0.9962,2450.322,2459.574,0.0
2026-08-05 06:00:00,7.7e-05,105102.381,6678636208.5021,1.4201,0.5868,0.4132,0.9962,2450.322,2459.574,0.0
2026-08-05 07:00:00,7.7e-05,105102.381,6678636208.5021,1.4201,0.5868,0.4132,0.9962,2450.322,2459.574,0.0
2026-08-05 08:00:00,7.7e-05,105102.381,6678636208.5021,1.4201,0.5868,0.4132,0.9962,2450.322,2459.574,0.0
2026-08-05 09:00:00,7.7e-05,105102.381,6678636208.5021,1.4201,0.5868,0.4132,0.9962,2450.322,2459.574,0.0
2026-08-05 10:00:00,7.7e-05,105102.381,6678636208.5021,1.4201,0.5868,0.4132,0.9962,2450.322,2459.574,0.0
2026-08-05 11:00:00,7.7e-05,105102.381,6678636208.5021,1.4201,0.5868,0.4132,0.9962,2450.322,2459.574,0.0
2026-08-05 12:00:00,7.7e-05,105102.381,6678636208.5021,1.4201,0.5868,0.4132,0.9962,2450.322,2459.574,0.0
2026-08-05 13:00:00,7.7e-05,105102.381,6678636208.5021,1.4201,0.5868,0.4132,0.9962,2450.322,2459.574,0.0
2026-08-05 14:00:00,7.7e-05,105102.381,6678636208.5021,1.4201,0.5868,0.4132,0.9962,2450.322,2459.574,0.0
2026-08-05 15:00:00,7.7e-05,105102.381,6678636208.5021,1.4201,0.5868,0.4132,0.9962,2450.322,2459.574,0.0
2026-08-05 16:00:00,7.7e-05,105102.381,6678636208.5021,1.4201,0.5868,0.4132,0.9962,2450.322,2459.574,0.0
2026-08-05 17:00:00,7.7e-05,105102.381,6678636208.5021,1.4201,0.5868,0.4132,0.9962,2450.322,2459.574,0.0
2026-08-05 18:00:00,7.7e-05,105102.381,6678636208.5021,1.4201,0.5868,0.4132,0.9962,2450.322,2459.574,0.0
2026-08-05 19:00:00,7.7e-05,105102.381,6678636208.5021,1.4201,0.5868,0.4132,0.9962,2450.322,2459.574,0.0
2026-08-05 20:00:00,7.7e-05,105102.381,6678636208.5021,1.4201,0.5868,0.4132,0.9962,2450.322,2459.574,0.0
2026-08-05 21:00:00,7.7e-05,105102.381,6678636208.5021,1.4201,0.5868,0.4132,0.9962,2450.322,2459.574,0.0
2026-08-05 22:00:00,7.7e-05,105102.381,6678636208.5021,1.4201,0.5868,0.4132,0.9962,2450.322,2459.574,0.0
2026-08-05 23:00:00,7.7e-05,105102.381,6678636208.5021,1.4201,0.5868,0.4132,0.9962,2450.322,2459.574,0.0
2026-08-06 00:00:00,7.7e-05,105102.381,6678636208.5021,1.4201,0.5868,0.4132,0.9962,2450.322,2459.574,0.0
2026-08-06 01:00:00,7.7e-05,105102.381,6678636208.5021,1.4201,0.5868,0.4132,0.9962,2450.322,2459.574,0.0
2026-08-06 02:00:00,7.7e-05,105102.381,6678636208.5021,1.4201,0.5868,0.4132,0.9962,2450.322,2459.574,0.0
2026-08-06 03:00:00,7.7e-05,105102.381,6678636208.5021,1.4201,0.5868,0.4132,0.9962,2450.322,2459.574,0.0
2026-08-06 04:00:00,7.7e-05,105102.381,6678636208.5021,1.4201,0.5868,0.4132,0.9962,2450.322,2459.574,0.0
2026-08-06 05:00:00,7.7e-05,105102.381,6678636208.5021,1.4201,0.5868,0.4132,0.9962,2450.322,2459.574,0.0
2026-08-06 06:00:00,7.7e-05,105102.381,6678636208.5021,1.4201,0.5868,0.4132,0.9962,2450.322,2459.574,0.0
2026-08-06 07:00:00,7.7e-05,105102.381,6678636208.5021,1.4201,0.5868,0.4132,0.9962,2450.322,2459.574,0.0
2026-08-06 08:00:00,7.7e-05,105102.381,6678636208.5021,1.4201,0.5868,0.4132,0.9962,2450.322,2459.574,0.0
2026-08-06 09:00:00,7.7e-05,105102.381,6678636208.5021,1.4201,0.5868,0.4132,0.9962,2450.322,2459.574,0.0
2026-08-06 10:00:00,7.7e-05,105102.381,6678636208.5021,1.4201,0.5868,0.4132,0.9962,2450.322,2459.574,0.0
2026-08-06 11:00:00,7.7e-05,105102.381,6678636208.5021,1.4201,0.5868,0.4132,0.9962,2450.322,2459.574,0.0
2026-08-06 12:00:00,7.7e-05,105102.381,6678636208.5021,1.4201,0.5868,0.4132,0.9962,2450.322,2459.574,0.0
2026-08-06 13:00:00,7.7e-05,105102.381,6678636208.5021,1.4201,0.5868,0.4132,0.9962,2450.322,2459.574,0.0
2026-08-06 14:00:00,7.7e-05,105102.381,6678636208.5021,1.4201,0.5868,0.4132,0.9962,2450.322,2459.574,0.0
2026-08-06 15:00:00,7.7e-05,105102.381,6678636208.5021,1.4201,0.5868,0.4132,0.9962,2450.322,2459.574,0.0
2026-08-06 16:00:00,7.7e-05,105102.381,6678636208.5021,1.4201,0.5868,0.4132,0.9962,2450.322,2459.574,0.0
2026-08-06 17:00:00,7.7e-05,105102.381,6678636208.5021,1.4201,0.5868,0.4132,0.9962,2450.322,2459.574,0.0
2026-08-06 18:00:00,7.7e-05,105102.381,6678636208.5021,1.4201,0.5868,0.4132,0.9962,2450.322,2459.574,0.0
2026-08-06 19:00:00,7.7e-05,105102.381,6678636208.5021,1.4201,0.5868,0.4132,0.9962,2450.322,2459.574,0.0
2026-08-06 20:00:00,7.7e-05,105102.381,6678636208.5021,1.4201,0.5868,0.4132,0.9962,2450.322,2459.574,0.0
2026-08-06 21:00:00,7.7e-05,105102.381,6678636208.5021,1.4201,0.5868,0.4132,0.9962,2450.322,2459.574,0.0
2026-08-06 22:00:00,7.7e-05,105102.381,6678636208.5021,1.4201,0.5868,0.4132,0.9962,2450.322,2459.574,0.0
2026-08-06 23:00:00,7.7e-05,105102.381,6678636208.5021,1.4201,0.5868,0.4132,0.9962,2450.322,2459.574,0.0
2026-08-07 00:00:00,7.7e-05,105102.381,6678636208.5021,1.4201,0.5868,0.4132,0.9962,2450.322,2459.574,0.0
2026-08-07 01:00:00,7.7e-05,105102.381,6678636208.5021,1.4201,0.5868,0.4132,0.9962,2450.322,2459.574,0.0
2026-08-07 02:00:00,7.7e-05,105102.381,6678636208.5021,1.4201,0.5868,0.4132,0.9962,2450.322,2459.574,0.0
2026-08-07 03:00:00,7.7e-05,105102.381,6678636208.5021,1.4201,0.5868,0.4132,0.9962,2450.322,2459.574,0.0
2026-08-07 04:00:00,7.7e-05,105102.381,6678636208.5021,1.4201,0.5868,0.4132,0.9962,2450.322,2459.574,0.0
2026-08-07 05:00:00,7.7e-05,105102.381,6678636208.5021,1.4201,0.5868,0.4132,0.9962,2450.322,2459.574,0.0
2026-08-07 06:00:00,7.7e-05,105102.381,6678636208.5021,1.4201,0.5868,0.4132,0.9962,2450.322,2459.574,0.0
2026-08-07 07:00:00,7.7e-05,105102.381,6678636208.5021,1.4201,0.5868,0.4132,0.9962,2450.322,2459.574,0.0
2026-08-07 08:00:00,7.7e-05,105102.381,6678636208.5021,1.4201,0.5868,0.4132,0.9962,2450.322,2459.574,0.0
2026-08-07 09:00:00,7.7e-05,105102.381,6678636208.5021,1.4201,0.5868,0.4132,0.9962,2450.322,2459.574,0.0
2026-08-07 10:00:00,7.7e-05,105102.381,6678636208.5021,1.4201,0.5868,0.4132,0.9962,2450.322,2459.574,0.0
2026-08-07 11:00:00,7.7e-05,105102.381,6678636208.5021,1.4201,0.5868,0.4132,0.9962,2450.322,2459.574,0.0
2026-08-07 12:00:00,7.7e-05,105102.381,6678636208.5021,1.4201,0.5868,0.4132,0.9962,2450.322,2459.574,0.0
2026-08-07 13:00:00,7.7e-05,105102.381,6678636208.5021,1.4201,0.5868,0.4132,0.9962,2450.322,2459.574,0.0
2026-08-07 14:00:00,7.7e-05,105102.381,6678636208.5021,1.4201,0.5868,0.4132,0.9962,2450.322,2459.574,0.0
2026-08-07 15:00:00,7.7e-05,105102.381,6678636208.5021,1.4201,0.5868,0.4132,0.9962,2450.322,2459.574,0.0
2026-08-07 16:00:00,7.7e-05,105102.381,6678636208.5021,1.4201,0.5868,0.4132,0.9962,2450.322,2459.574,0.0
2026-08-07 17:00:00,7.7e-05,105102.381,6678636208.5021,1.4201,0.5868,0.4132,0.9962,2450.322,2459.574,0.0
2026-08-07 18:00:00,7.7e-05,105102.381,6678636208.5021,1.4201,0.5868,0.4132,0.9962,2450.322,2459.574,0.0
2026-08-07 19:00:00,7.7e-05,105102.381,6678636208.5021,1.4201,0.5868,0.4132,0.9962,2450.322,2459.574,0.0
2026-08-07 20:00:00,7.7e-05,105102.381,6678636208.5021,1.4201,0.5868,0.4132,0.9962,2450.322,2459.574,0.0
2026-08-07 21:00:00,7.7e-05,105102.381,6678636208.5021,1.4201,0.5868,0.4132,0.9962,2450.322,2459.574,0.0
2026-08-07 22:00:00,7.7e-05,105102.381,6678636208.5021,1.4201,0.5868,0.4132,0.9962,2450.322,2459.574,0.0
2026-08-07 23:00:00,7.7e-05,105102.381,6678636208.5021,1.4201,0.5868,0.4132,0.9962,2450.322,2459.574,0.0
2026-08-08 00:00:00,7.7e-05,105102.381,6678636208.5021,1.4201,0.5868,0.4132,0.9962,2450.322,2459.574,0.0
2026-08-08 01:00:00,7.7e-05,105102.381,6678636208.5021,1.4201,0.5868,0.4132,0.9962,2450.322,2459.574,0.0
2026-08-08 02:00:00,7.7e-05,105102.381,6678636208.5021,1.4201,0.5868,0.4132,0.9962,2450.322,2459.574,0.0
2026-08-08 03:00:00,7.7e-05,105102.381,6678636208.5021,1.4201,0.5868,0.4132,0.9962,2450.322,2459.574,0.0
2026-08-08 04:00:00,7.7e-05,105102.381,6678636208.5021,1.4201,0.5868,0.4132,0.9962,2450.322,2459.574,0.0
2026-08-08 05:00:00,7.7e-05,105102.381,6678636208.5021,1.4201,0.5868,0.4132,0.9962,2450.322,2459.574,0.0
2026-08-08 06:00:00,7.7e-05,105102.381,6678636208.5021,1.4201,0.5868,0.4132,0.9962,2450.322,2459.574,0.0
2026-08-08 07:00:00,7.7e-05,105102.381,6678636208.5021,1.4201,0.5868,0.4132,0.9962,2450.322,2459.574,0.0
2026-08-08 08:00:00,7.7e-05,105102.381,6678636208.5021,1.4201,0.5868,0.4132,0.9962,2450.322,2459.574,0.0
2026-08-08 09:00:00,7.7e-05,105102.381,6678636208.5021,1.4201,0.5868,0.4132,0.9962,2450.322,2459.574,0.0
2026-08-08 10:00:00,7.7e-05,105102.381,6678636208.5021,1.4201,0.5868,0.4132,0.9962,2450.322,2459.574,0.0
2026-08-08 11:00:00,7.7e-05,105102.381,6678636208.5021,1.4201,0.5868,0.4132,0.9962,2450.322,2459.574,0.0
2026-08-08 12:00:00,7.7e-05,105102.381,6678636208.5021,1.4201,0.5868,0.4132,0.9962,2450.322,2459.574,0.0
2026-08-08 13:00:00,7.7e-05,105102.381,6678636208.5021,1.4201,0.5868,0.4132,0.9962,2450.322,2459.574,0.0
2026-08-08 14:00:00,7.7e-05,105102.381,6678636208.5021,1.4201,0.5868,0.4132,0.9962,2450.322,2459.574,0.0
2026-08-08 15:00:00,7.7e-05,105102.381,6678636208.5021,1.4201,0.5868,0.4132,0.9962,2450.322,2459.574,0.0
2026-08-08 16:00:00,7.7e-05,105102.381,6678636208.5021,1.4201,0.5868,0.4132,0.9962,2450.322,2459.574,0.0
2026-08-08 17:00:00,7.7e-05,105102.381,6678636208.5021,1.4201,0.5868,0.4132,0.9962,2450.322,2459.574,0.0
2026-08-08 18:00:00,7.7e-05,105102.381,6678636208.5021,1.4201,0.5868,0.4132,0.9962,2450.322,2459.574,0.0
2026-08-08 19:00:00,7.7e-05,105102.381,6678636208.5021,1.4201,0.5868,0.4132,0.9962,2450.322,2459.574,0.0
2026-08-08 20:00:00,7.7e-05,105102.381,6678636208.5021,1.4201,0.5868,0.4132,0.9962,2450.322,2459.574,0.0
2026-08-08 21:00:00,7.7e-05,105102.381,6678636208.5021,1.4201,0.5868,0.4132,0.9962,2450.322,2459.574,0.0
2026-08-08 22:00:00,7.7e-05,105102.381,6678636208.5021,1.4201,0.5868,0.4132,0.9962,2450.322,2459.574,0.0
2026-08-08 23:00:00,7.7e-05,105102.381,6678636208.5021,1.4201,0.5868,0.4132,0.9962,2450.322,2459.574,0.0
2026-08-09 00:00:00,7.7e-05,105102.381,6678636208.5021,1.4201,0.5868,0.4132,0.9962,2450.322,2459.574,0.0
2026-08-09 01:00:00,7.7e-05,105102.381,6678636208.5021,1.4201,0.5868,0.4132,0.9962,2450.322,2459.574,0.0
2026-08-09 02:00:00,7.7e-05,105102.381,6678636208.5021,1.4201,0.5868,0.4132,0.9962,2450.322,2459.574,0.0
2026-08-09 03:00:00,7.7e-05,105102.381,6678636208.5021,1.4201,0.5868,0.4132,0.9962,2450.322,2459.574,0.0
2026-08-09 04:00:00,7.7e-05,105102.381,6678636208.5021,1.4201,0.5868,0.4132,0.9962,2450.322,2459.574,0.0
2026-08-09 05:00:00,7.7e-05,105102.381,6678636208.5021,1.4201,0.5868,0.4132,0.9962,2450.322,2459.574,0.0
2026-08-09 06:00:00,7.7e-05,105102.381,6678636208.5021,1.4201,0.5868,0.4132,0.9962,2450.322,2459.574,0.0
2026-08-09 07:00:00,7.7e-05,105102.381,6678636208.5021,1.4201,0.5868,0.4132,0.9962,2450.322,2459.574,0.0
2026-08-09 08:00:00,7.7e-05,105102.381,6678636208.5021,1.4201,0.5868,0.4132,0.9962,2450.322,2459.574,0.0
2026-08-09 09:00:00,7.7e-05,105102.381,6678636208.5021,1.4201,0.5868,0.4132,0.9962,2450.322,2459.574,0.0
2026-08-09 10:00:00,7.7e-05,105102.381,6678636208.5021,1.4201,0.5868,0.4132,0.9962,2450.322,2459.574,0.0
2026-08-09 11:00:00,7.7e-05,105102.381,6678636208.5021,1.4201,0.5868,0.4132,0.9962,2450.322,2459.574,0.0
2026-08-09 12:00:00,7.7e-05,105102.381,6678636208.5021,1.4201,0.5868,0.4132,0.9962,2450.322,2459.574,0.0
2026-08-09 13:00:00,7.7e-05,105102.381,6678636208.5021,1.4201,0.5868,0.4132,0.9962,2450.322,2459.574,0.0
2026-08-09 14:00:00,7.7e-05,105102.381,6678636208.5021,1.4201,0.5868,0.4132,0.9962,2450.322,2459.574,0.0
2026-08-09 15:00:00,7.7e-05,105102.381,6678636208.5021,1.4201,0.5868,0.4132,0.9962,2450.322,2459.574,0.0
2026-08-09 16:00:00,7.7e-05,105102.381,6678636208.5021,1.4201,0.5868,0.4132,0.9962,2450.322,2459.574,0.0
2026-08-09 17:00:00,7.7e-05,105102.381,6678636208.5021,1.4201,0.5868,0.4132,0.9962,2450.322,2459.574,0.0
2026-08-09 18:00:00,7.7e-05,105102.381,6678636208.5021,1.4201,0.5868,0.4132,0.9962,2450.322,2459.574,0.0
2026-08-09 19:00:00,7.7e-05,105102.381,6678636208.5021,1.4201,0.5868,0.4132,0.9962,2450.322,2459.574,0.0
2026-08-09 20:00:00,7.7e-05,105102.381,6678636208.5021,1.4201,0.5868,0.4132,0.9962,2450.322,2459.574,0.0
2026-08-09 21:00:00,7.7e-05,105102.381,6678636208.5021,1.4201,0.5868,0.4132,0.9962,2450.322,2459.574,0.0
2026-08-09 22:00:00,7.7e-05,105102.381,6678636208.5021,1.4201,0.5868,0.4132,0.9962,2450.322,2459.574,0.0
2026-08-09 23:00:00,7.7e-05,105102.381,6678636208.5021,1.4201,0.5868,0.4132,0.9962,2450.322,2459.574,0.0
2026-08-10 00:00:00,7.7e-05,105102.381,6678636208.5021,1.4201,0.5868,0.4132,0.9962,2450.322,2459.574,0.0
2026-08-10 01:00:00,7.7e-05,105102.381,6678636208.5021,1.4201,0.5868,0.4132,0.9962,2450.322,2459.574,0.0
2026-08-10 02:00:00,7.7e-05,105102.381,6678636208.5021,1.4201,0.5868,0.4132,0.9962,2450.322,2459.574,0.0
2026-08-10 03:00:00,7.7e-05,105102.381,6678636208.5021,1.4201,0.5868,0.4132,0.9962,2450.322,2459.574,0.0
2026-08-10 04:00:00,7.7e-05,105102.381,6678636208.5021,1.4201,0.5868,0.4132,0.9962,2450.322,2459.574,0.0
2026-08-10 05:00:00,7.7e-05,105102.381,6678636208.5021,1.4201,0.5868,0.4132,0.9962,2450.322,2459.574,0.0
2026-08-10 06:00:00,7.7e-05,105102.381,6678636208.5021,1.4201,0.5868,0.4132,0.9962,2450.322,2459.574,0.0
2026-08-10 07:00:00,7.7e-05,105102.381,6678636208.5021,1.4201,0.5868,0.4132,0.9962,2450.322,2459.574,0.0
2026-08-10 08:00:00,7.7e-05,105102.381,6678636208.5021,1.4201,0.5868,0.4132,0.9962,2450.322,2459.574,0.0
2026-08-10 09:00:00,7.7e-05,105102.381,6678636208.5021,1.4201,0.5868,0.4132,0.9962,2450.322,2459.574,0.0
2026-08-10 10:00:00,7.7e-05,105102.381,6678636208.5021,1.4201,0.5868,0.4132,0.9962,2450.322,2459.574,0.0
2026-08-10 11:00:00,7.7e-05,105102.381,6678636208.5021,1.4201,0.5868,0.4132,0.9962,2450.322,2459.574,0.0
2026-08-10 12:00:00,7.7e-05,105102.381,6678636208.5021,1.4201,0.5868,0.4132,0.9962,2450.322,2459.574,0.0
2026-08-10 13:00:00,7.7e-05,105102.381,6678636208.5021,1.4201,0.5868,0.4132,0.9962,2450.322,2459.574,0.0
2026-08-10 14:00:00,7.7e-05,105102.381,6678636208.5021,1.4201,0.5868,0.4132,0.9962,2450.322,2459.574,0.0
2026-08-10 15:00:00,7.7e-05,105102.381,6678636208.5021,1.4201,0.5868,0.4132,0.9962,2450.322,2459.574,0.0
2026-08-10 16:00:00,7.7e-05,105102.381,6678636208.5021,1.4201,0.5868,0.4132,0.9962,2450.322,2459.574,0.0
2026-08-10 17:00:00,7.7e-05,105102.381,6678636208.5021,1.4201,0.5868,0.4132,0.9962,2450.322,2459.574,0.0
2026-08-10 18:00:00,7.7e-05,105102.381,6678636208.5021,1.4201,0.5868,0.4132,0.9962,2450.322,2459.574,0.0
2026-08-10 19:00:00,7.7e-05,105102.381,6678636208.5021,1.4201,0.5868,0.4132,0.9962,2450.322,2459.574,0.0
2026-08-10 20:00:00,7.7e-05,105102.381,6678636208.5021,1.4201,0.5868,0.4132,0.9962,2450.322,2459.574,0.0
2026-08-10 21:00:00,7.7e-05,105102.381,6678636208.5021,1.4201,0.5868,0.4132,0.9962,2450.322,2459.574,0.0
2026-08-10 22:00:00,7.7e-05,105102.381,6678636208.5021,1.4201,0.5868,0.4132,0.9962,2450.322,2459.574,0.0
2026-08-10 23:00:00,7.7e-05,105102.381,6678636208.5021,1.4201,0.5868,0.4132,0.9962,2450.322,2459.574,0.0
2026-08-11 00:00:00,7.7e-05,105102.381,6678636208.5021,1.4201,0.5868,0.4132,0.9962,2450.322,2459.574,0.0
2026-08-11 01:00:00,7.7e-05,105102.381,6678636208.5021,1.4201,0.5868,0.4132,0.9962,2450.322,2459.574,0.0
2026-08-11 02:00:00,7.7e-05,105102.381,6678636208.5021,1.4201,0.5868,0.4132,0.9962,2450.322,2459.574,0.0
2026-08-11 03:00:00,7.7e-05,105102.381,6678636208.5021,1.4201,0.5868,0.4132,0.9962,2450.322,2459.574,0.0
2026-08-11 04:00:00,7.7e-05,105102.381,6678636208.5021,1.4201,0.5868,0.4132,0.9962,2450.322,2459.574,0.0
2026-08-11 05:00:00,7.7e-05,105102.381,6678636208.5021,1.4201,0.5868,0.4132,0.9962,2450.322,2459.574,0.0
2026-08-11 06:00:00,7.7e-05,105102.381,6678636208.5021,1.4201,0.5868,0.4132,0.9962,2450.322,2459.574,0.0
2026-08-11 07:00:00,7.7e-05,105102.381,6678636208.5021,1.4201,0.5868,0.4132,0.9962,2450.322,2459.574,0.0
2026-08-11 08:00:00,7.7e-05,105102.381,6678636208.5021,1.4201,0.5868,0.4132,0.9962,2450.322,2459.574,0.0
2026-08-11 09:00:00,7.7e-05,105102.381,6678636208.5021,1.4201,0.5868,0.4132,0.9962,2450.322,2459.574,0.0
2026-08-11 10:00:00,7.7e-05,105102.381,6678636208.5021,1.4201,0.5868,0.4132,0.9962,2450.322,2459.574,0.0
2026-08-11 11:00:00,7.7e-05,105102.381,6678636208.5021,1.4201,0.5868,0.4132,0.9962,2450.322,2459.574,0.0
2026-08-11 12:00:00,7.7e-05,105102.381,6678636208.5021,1.4201,0.5868,0.4132,0.9962,2450.322,2459.574,0.0
2026-08-11 13:00:00,7.7e-05,105102.381,6678636208.5021,1.4201,0.5868,0.4132,0.9962,2450.322,2459.574,0.0
2026-08-11 14:00:00,7.7e-05,105102.381,6678636208.5021,1.4201,0.5868,0.4132,0.9962,2450.322,2459.574,0.0
2026-08-11 15:00:00,7.7e-05,105102.381,6678636208.5021,1.4201,0.5868,0.4132,0.9962,2450.322,2459.574,0.0
2026-08-11 16:00:00,7.7e-05,105102.381,6678636208.5021,1.4201,0.5868,0.4132,0.9962,2450.322,2459.574,0.0
2026-08-11 17:00:00,7.7e-05,105102.381,6678636208.5021,1.4201,0.5868,0.4132,0.9962,2450.322,2459.574,0.0
2026-08-11 18:00:00,7.7e-05,105102.381,6678636208.5021,1.4201,0.5868,0.4132,0.9962,2450.322,2459.574,0.0
2026-08-11 19:00:00,7.7e-05,105102.381,6678636208.5021,1.4201,0.5868,0.4132,0.9962,2450.322,2459.574,0.0
2026-08-11 20:00:00,7.7e-05,105102.381,6678636208.5021,1.4201,0.5868,0.4132,0.9962,2450.322,2459.574,0.0
2026-08-11 21:00:00,7.7e-05,105102.381,6678636208.5021,1.4201,0.5868,0.4132,0.9962,2450.322,2459.574,0.0
2026-08-11 22:00:00,7.7e-05,105102.381,6678636208.5021,1.4201,0.5868,0.4132,0.9962,2450.322,2459.574,0.0
2026-08-11 23:00:00,7.7e-05,105102.381,6678636208.5021,1.4201,0.5868,0.4132,0.9962,2450.322,2459.574,0.0
2026-08-12 00:00:00,7.7e-05,105102.381,6678636208.5021,1.4201,0.5868,0.4132,0.9962,2450.322,2459.574,0.0
2026-08-12 01:00:00,7.7e-05,105102.381,6678636208.5021,1.4201,0.5868,0.4132,0.9962,2450.322,2459.574,0.0
2026-08-12 02:00:00,7.7e-05,105102.381,6678636208.5021,1.4201,0.5868,0.4132,0.9962,2450.322,2459.574,0.0
2026-08-12 03:00:00,7.7e-05,105102.381,6678636208.5021,1.4201,0.5868,0.4132,0.9962,2450.322,2459.574,0.0
2026-08-12 04:00:00,7.7e-05,105102.381,6678636208.5021,1.4201,0.5868,0.4132,0.9962,2450.322,2459.574,0.0
2026-08-12 05:00:00,7.7e-05,105102.381,6678636208.5021,1.4201,0.5868,0.4132,0.9962,2450.322,2459.574,0.0
2026-08-12 06:00:00,7.7e-05,105102.381,6678636208.5021,1.4201,0.5868,0.4132,0.9962,2450.322,2459.574,0.0
2026-08-12 07:00:00,7.7e-05,105102.381,6678636208.5021,1.4201,0.5868,0.4132,0.9962,2450.322,2459.574,0.0
2026-08-12 08:00:00,7.7e-05,105102.381,6678636208.5021,1.4201,0.5868,0.4132,0.9962,2450.322,2459.574,0.0
2026-08-12 09:00:00,7.7e-05,105102.381,6678636208.5021,1.4201,0.5868,0.4132,0.9962,2450.322,2459.574,0.0
2026-08-12 10:00:00,7.7e-05,105102.381,6678636208.5021,1.4201,0.5868,0.4132,0.9962,2450.322,2459.574,0.0
2026-08-12 11:00:00,7.7e-05,105102.381,6678636208.5021,1.4201,0.5868,0.4132,0.9962,2450.322,2459.574,0.0
2026-08-12 12:00:00,7.7e-05,105102.381,6678636208.5021,1.4201,0.5868,0.4132,0.9962,2450.322,2459.574,0.0
2026-08-12 13:00:00,7.7e-05,105102.381,6678636208.5021,1.4201,0.5868,0.4132,0.9962,2450.322,2459.574,0.0
2026-08-12 14:00:00,7.7e-05,105102.381,6678636208.5021,1.4201,0.5868,0.4132,0.9962,2450.322,2459.574,0.0
2026-08-12 15:00:00,7.7e-05,105102.381,6678636208.5021,1.4201,0.5868,0.4132,0.9962,2450.322,2459.574,0.0
2026-08-12 16:00:00,7.7e-05,105102.381,6678636208.5021,1.4201,0.5868,0.4132,0.9962,2450.322,2459.574,0.0
2026-08-12 17:00:00,7.7e-05,105102.381,6678636208.5021,1.4201,0.5868,0.4132,0.9962,2450.322,2459.574,0.0
2026-08-12 18:00:00,7.7e-05,105102.381,6678636208.5021,1.4201,0.5868,0.4132,0.9962,2450.322,2459.574,0.0
2026-08-12 19:00:00,7.7e-05,105102.381,6678636208.5021,1.4201,0.5868,0.4132,0.9962,2450.322,2459.574,0.0
2026-08-12 20:00:00,7.7e-05,105102.381,6678636208.5021,1.4201,0.5868,0.4132,0.9962,2450.322,2459.574,0.0
2026-08-12 21:00:00,7.7e-05,105102.381,6678636208.5021,1.4201,0.5868,0.4132,0.9962,2450.322,2459.574,0.0
2026-08-12 22:00:00,7.7e-05,105102.381,6678636208.5021,1.4201,0.5868,0.4132,0.9962,2450.322,2459.574,0.0
2026-08-12 23:00:00,7.7e-05,105102.381,6678636208.5021,1.4201,0.5868,0.4132,0.9962,2450.322,2459.574,0.0
2026-08-13 00:00:00,7.7e-05,105102.381,6678636208.5021,1.4201,0.5868,0.4132,0.9962,2450.322,2459.574,0.0
2026-08-13 01:00:00,7.7e-05,105102.381,6678636208.5021,1.4201,0.5868,0.4132,0.9962,2450.322,2459.574,0.0
2026-08-13 02:00:00,7.7e-05,105102.381,6678636208.5021,1.4201,0.5868,0.4132,0.9962,2450.322,2459.574,0.0
2026-08-13 03:00:00,7.7e-05,105102.381,6678636208.5021,1.4201,0.5868,0.4132,0.9962,2450.322,2459.574,0.0
2026-08-13 04:00:00,7.7e-05,105102.381,6678636208.5021,1.4201,0.5868,0.4132,0.9962,2450.322,2459.574,0.0
2026-08-13 05:00:00,7.7e-05,105102.381,6678636208.5021,1.4201,0.5868,0.4132,0.9962,2450.322,2459.574,0.0
2026-08-13 06:00:00,7.7e-05,105102.381,6678636208.5021,1.4201,0.5868,0.4132,0.9962,2450.322,2459.574,0.0
2026-08-13 07:00:00,7.7e-05,105102.381,6678636208.5021,1.4201,0.5868,0.4132,0.9962,2450.322,2459.574,0.0
2026-08-13 08:00:00,7.7e-05,105102.381,6678636208.5021,1.4201,0.5868,0.4132,0.9962,2450.322,2459.574,0.0
2026-08-13 09:00:00,7.7e-05,105102.381,6678636208.5021,1.4201,0.5868,0.4132,0.9962,2450.322,2459.574,0.0
2026-08-13 10:00:00,7.7e-05,105102.381,6678636208.5021,1.4201,0.5868,0.4132,0.9962,2450.322,2459.574,0.0
2026-08-13 11:00:00,7.7e-05,105102.381,6678636208.5021,1.4201,0.5868,0.4132,0.9962,2450.322,2459.574,0.0
2026-08-13 12:00:00,7.7e-05,105102.381,6678636208.5021,1.4201,0.5868,0.4132,0.9962,2450.322,2459.574,0.0
2026-08-13 13:00:00,7.7e-05,105102.381,6678636208.5021,1.4201,0.5868,0.4132,0.9962,2450.322,2459.574,0.0
2026-08-13 14:00:00,7.7e-05,105102.381,6678636208.5021,1.4201,0.5868,0.4132,0.9962,2450.322,2459.574,0.0
2026-08-13 15:00:00,7.7e-05,105102.381,6678636208.5021,1.4201,0.5868,0.4132,0.9962,2450.322,2459.574,0.0
2026-08-13 16:00:00,7.7e-05,105102.381,6678636208.5021,1.4201,0.5868,0.4132,0.9962,2450.322,2459.574,0.0
2026-08-13 17:00:00,7.7e-05,105102.381,6678636208.5021,1.4201,0.5868,0.4132,0.9962,2450.322,2459.574,0.0
2026-08-13 18:00:00,7.7e-05,105102.381,6678636208.5021,1.4201,0.5868,0.4132,0.9962,2450.322,2459.574,0.0
2026-08-13 19:00:00,7.7e-05,105102.381,6678636208.5021,1.4201,0.5868,0.4132,0.9962,2450.322,2459.574,0.0
2026-08-13 20:00:00,7.7e-05,105102.381,6678636208.5021,1.4201,0.5868,0.4132,0.9962,2450.322,2459.574,0.0
2026-08-13 21:00:00,7.7e-05,105102.381,6678636208.5021,1.4201,0.5868,0.4132,0.9962,2450.322,2459.574,0.0
2026-08-13 22:00:00,7.7e-05,105102.381,6678636208.5021,1.4201,0.5868,0.4132,0.9962,2450.322,2459.574,0.0
2026-08-13 23:00:00,7.7e-05,105102.381,6678636208.5021,1.4201,0.5868,0.4132,0.9962,2450.322,2459.574,0.0
2026-08-14 00:00:00,7.7e-05,105102.381,6678636208.5021,1.4201,0.5868,0.4132,0.9962,2450.322,2459.574,0.0
2026-08-14 01:00:00,7.7e-05,105102.381,6678636208.5021,1.4201,0.5868,0.4132,0.9962,2450.322,2459.574,0.0
2026-08-14 02:00:00,7.7e-05,105102.381,6678636208.5021,1.4201,0.5868,0.4132,0.9962,2450.322,2459.574,0.0
2026-08-14 03:00:00,7.7e-05,105102.381,6678636208.5021,1.4201,0.5868,0.4132,0.9962,2450.322,2459.574,0.0
2026-08-14 04:00:00,7.7e-05,105102.381,6678636208.5021,1.4201,0.5868,0.4132,0.9962,2450.322,2459.574,0.0
2026-08-14 05:00:00,7.7e-05,105102.381,6678636208.5021,1.4201,0.5868,0.4132,0.9962,2450.322,2459.574,0.0
2026-08-14 06:00:00,7.7e-05,105102.381,6678636208.5021,1.4201,0.5868,0.4132,0.9962,2450.322,2459.574,0.0
2026-08-14 07:00:00,7.7e-05,105102.381,6678636208.5021,1.4201,0.5868,0.4132,0.9962,2450.322,2459.574,0.0
2026-08-14 08:00:00,7.7e-05,105102.381,6678636208.5021,1.4201,0.5868,0.4132,0.9962,2450.322,2459.574,0.0
2026-08-14 09:00:00,7.7e-05,105102.381,6678636208.5021,1.4201,0.5868,0.4132,0.9962,2450.322,2459.574,0.0
2026-08-14 10:00:00,7.7e-05,105102.381,6678636208.5021,1.4201,0.5868,0.4132,0.9962,2450.322,2459.574,0.0
2026-08-14 11:00:00,7.7e-05,105102.381,6678636208.5021,1.4201,0.5868,0.4132,0.9962,2450.322,2459.574,0.0
2026-08-14 12:00:00,7.7e-05,105102.381,6678636208.5021,1.4201,0.5868,0.4132,0.9962,2450.322,2459.574,0.0
2026-08-14 13:00:00,7.7e-05,105102.381,6678636208.5021,1.4201,0.5868,0.4132,0.9962,2450.322,2459.574,0.0
2026-08-14 14:00:00,7.7e-05,105102.381,6678636208.5021,1.4201,0.5868,0.4132,0.9962,2450.322,2459.574,0.0
2026-08-14 15:00:00,7.7e-05,105102.381,6678636208.5021,1.4201,0.5868,0.4132,0.9962,2450.322,2459.574,0.0
2026-08-14 16:00:00,7.7e-05,105102.381,6678636208.5021,1.4201,0.5868,0.4132,0.9962,2450.322,2459.574,0.0
2026-08-14 17:00:00,7.7e-05,105102.381,6678636208.5021,1.4201,0.5868,0.4132,0.9962,2450.322,2459.574,0.0
2026-08-14 18:00:00,7.7e-05,105102.381,6678636208.5021,1.4201,0.5868,0.4132,0.9962,2450.322,2459.574,0.0
2026-08-14 19:00:00,7.7e-05,105102.381,6678636208.5021,1.4201,0.5868,0.4132,0.9962,2450.322,2459.574,0.0
2026-08-14 20:00:00,7.7e-05,105102.381,6678636208.5021,1.4201,0.5868,0.4132,0.9962,2450.322,2459.574,0.0
2026-08-14 21:00:00,7.7e-05,105102.381,6678636208.5021,1.4201,0.5868,0.4132,0.9962,2450.322,2459.574,0.0
2026-08-14 22:00:00,7.7e-05,105102.381,6678636208.5021,1.4201,0.5868,0.4132,0.9962,2450.322,2459.574,0.0
2026-08-14 23:00:00,7.7e-05,105102.381,6678636208.5021,1.4201,0.5868,0.4132,0.9962,2450.322,2459.574,0.0
2026-08-15 00:00:00,7.7e-05,105102.381,6678636208.5021,1.4201,0.5868,0.4132,0.9962,2450.322,2459.574,0.0
2026-08-15 01:00:00,7.7e-05,105102.381,6678636208.5021,1.4201,0.5868,0.4132,0.9962,2450.322,2459.574,0.0
2026-08-15 02:00:00,7.7e-05,105102.381,6678636208.5021,1.4201,0.5868,0.4132,0.9962,2450.322,2459.574,0.0
2026-08-15 03:00:00,7.7e-05,105102.381,6678636208.5021,1.4201,0.5868,0.4132,0.9962,2450.322,2459.574,0.0
2026-08-15 04:00:00,7.7e-05,105102.381,6678636208.5021,1.4201,0.5868,0.4132,0.9962,2450.322,2459.574,0.0
2026-08-15 05:00:00,7.7e-05,105102.381,6678636208.5021,1.4201,0.5868,0.4132,0.9962,2450.322,2459.574,0.0
2026-08-15 06:00:00,7.7e-05,105102.381,6678636208.5021,1.4201,0.5868,0.4132,0.9962,2450.322,2459.574,0.0
2026-08-15 07:00:00,7.7e-05,105102.381,6678636208.5021,1.4201,0.5868,0.4132,0.9962,2450.322,2459.574,0.0
2026-08-15 08:00:00,7.7e-05,105102.381,6678636208.5021,1.4201,0.5868,0.4132,0.9962,2450.322,2459.574,0.0
2026-08-15 09:00:00,7.7e-05,105102.381,6678636208.5021,1.4201,0.5868,0.4132,0.9962,2450.322,2459.574,0.0
2026-08-15 10:00:00,7.7e-05,105102.381,6678636208.5021,1.4201,0.5868,0.4132,0.9962,2450.322,2459.574,0.0
2026-08-15 11:00:00,7.7e-05,105102.381,6678636208.5021,1.4201,0.5868,0.4132,0.9962,2450.322,2459.574,0.0
2026-08-15 12:00:00,7.7e-05,105102.381,6678636208.5021,1.4201,0.5868,0.4132,0.9962,2450.322,2459.574,0.0
2026-08-15 13:00:00,7.7e-05,105102.381,6678636208.5021,1.4201,0.5868,0.4132,0.9962,2450.322,2459.574,0.0
2026-08-15 14:00:00,7.7e-05,105102.381,6678636208.5021,1.4201,0.5868,0.4132,0.9962,2450.322,2459.574,0.0
2026-08-15 15:00:00,7.7e-05,105102.381,6678636208.5021,1.4201,0.5868,0.4132,0.9962,2450.322,2459.574,0.0
2026-08-15 16:00:00,7.7e-05,105102.381,6678636208.5021,1.4201,0.5868,0.4132,0.9962,2450.322,2459.574,0.0
2026-08-15 17:00:00,7.7e-05,105102.381,6678636208.5021,1.4201,0.5868,0.4132,0.9962,2450.322,2459.574,0.0
2026-08-15 18:00:00,7.7e-05,105102.381,6678636208.5021,1.4201,0.5868,0.4132,0.9962,2450.322,2459.574,0.0
2026-08-15 19:00:00,7.7e-05,105102.381,6678636208.5021,1.4201,0.5868,0.4132,0.9962,2450.322,2459.574,0.0
2026-08-15 20:00:00,7.7e-05,105102.381,6678636208.5021,1.4201,0.5868,0.4132,0.9962,2450.322,2459.574,0.0
2026-08-15 21:00:00,7.7e-05,105102.381,6678636208.5021,1.4201,0.5868,0.4132,0.9962,2450.322,2459.574,0.0
2026-08-15 22:00:00,7.7e-05,105102.381,6678636208.5021,1.4201,0.5868,0.4132,0.9962,2450.322,2459.574,0.0
2026-08-15 23:00:00,7.7e-05,105102.381,6678636208.5021,1.4201,0.5868,0.4132,0.9962,2450.322,2459.574,0.0
2026-08-16 00:00:00,7.7e-05,105102.381,6678636208.5021,1.4201,0.5868,0.4132,0.9962,2450.322,2459.574,0.0
2026-08-16 01:00:00,7.7e-05,105102.381,6678636208.5021,1.4201,0.5868,0.4132,0.9962,2450.322,2459.574,0.0
2026-08-16 02:00:00,7.7e-05,105102.381,6678636208.5021,1.4201,0.5868,0.4132,0.9962,2450.322,2459.574,0.0
2026-08-16 03:00:00,7.7e-05,105102.381,6678636208.5021,1.4201,0.5868,0.4132,0.9962,2450.322,2459.574,0.0
2026-08-16 04:00:00,7.7e-05,105102.381,6678636208.5021,1.4201,0.5868,0.4132,0.9962,2450.322,2459.574,0.0
2026-08-16 05:00:00,7.7e-05,105102.381,6678636208.5021,1.4201,0.5868,0.4132,0.9962,2450.322,2459.574,0.0
2026-08-16 06:00:00,7.7e-05,105102.381,6678636208.5021,1.4201,0.5868,0.4132,0.9962,2450.322,2459.574,0.0
2026-08-16 07:00:00,7.7e-05,105102.381,6678636208.5021,1.4201,0.5868,0.4132,0.9962,2450.322,2459.574,0.0
2026-08-16 08:00:00,7.7e-05,105102.381,6678636208.5021,1.4201,0.5868,0.4132,0.9962,2450.322,2459.574,0.0
2026-08-16 09:00:00,7.7e-05,105102.381,6678636208.5021,1.4201,0.5868,0.4132,0.9962,2450.322,2459.574,0.0
2026-08-16 10:00:00,7.7e-05,105102.381,6678636208.5021,1.4201,0.5868,0.4132,0.9962,2450.322,2459.574,0.0
2026-08-16 11:00:00,7.7e-05,105102.381,6678636208.5021,1.4201,0.5868,0.4132,0.9962,2450.322,2459.574,0.0
2026-08-16 12:00:00,7.7e-05,105102.381,6678636208.5021,1.4201,0.5868,0.4132,0.9962,2450.322,2459.574,0.0
2026-08-16 13:00:00,7.7e-05,105102.381,6678636208.5021,1.4201,0.5868,0.4132,0.9962,2450.322,2459.574,0.0
2026-08-16 14:00:00,7.7e-05,105102.381,6678636208.5021,1.4201,0.5868,0.4132,0.9962,2450.322,2459.574,0.0
2026-08-16 15:00:00,7.7e-05,105102.381,6678636208.5021,1.4201,0.5868,0.4132,0.9962,2450.322,2459.574,0.0
2026-08-16 16:00:00,7.7e-05,105102.381,6678636208.5021,1.4201,0.5868,0.4132,0.9962,2450.322,2459.574,0.0
2026-08-16 17:00:00,7.7e-05,105102.381,6678636208.5021,1.4201,0.5868,0.4132,0.9962,2450.322,2459.574,0.0
2026-08-16 18:00:00,7.7e-05,105102.381,6678636208.5021,1.4201,0.5868,0.4132,0.9962,2450.322,2459.574,0.0
2026-08-16 19:00:00,7.7e-05,105102.381,6678636208.5021,1.4201,0.5868,0.4132,0.9962,2450.322,2459.574,0.0
2026-08-16 20:00:00,7.7e-05,105102.381,6678636208.5021,1.4201,0.5868,0.4132,0.9962,2450.322,2459.574,0.0
2026-08-16 21:00:00,7.7e-05,105102.381,6678636208.5021,1.4201,0.5868,0.4132,0.9962,2450.322,2459.574,0.0
2026-08-16 22:00:00,7.7e-05,105102.381,6678636208.5021,1.4201,0.5868,0.4132,0.9962,2450.322,2459.574,0.0
2026-08-16 23:00:00,7.7e-05,105102.381,6678636208.5021,1.4201,0.5868,0.4132,0.9962,2450.322,2459.574,0.0
2026-08-17 00:00:00,7.7e-05,105102.381,6678636208.5021,1.4201,0.5868,0.4132,0.9962,2450.322,2459.574,0.0
2026-08-17 01:00:00,7.7e-05,105102.381,6678636208.5021,1.4201,0.5868,0.4132,0.9962,2450.322,2459.574,0.0
2026-08-17 02:00:00,7.7e-05,105102.381,6678636208.5021,1.4201,0.5868,0.4132,0.9962,2450.322,2459.574,0.0
2026-08-17 03:00:00,7.7e-05,105102.381,6678636208.5021,1.4201,0.5868,0.4132,0.9962,2450.322,2459.574,0.0
2026-08-17 04:00:00,7.7e-05,105102.381,6678636208.5021,1.4201,0.5868,0.4132,0.9962,2450.322,2459.574,0.0
2026-08-17 05:00:00,7.7e-05,105102.381,6678636208.5021,1.4201,0.5868,0.4132,0.9962,2450.322,2459.574,0.0
2026-08-17 06:00:00,7.7e-05,105102.381,6678636208.5021,1.4201,0.5868,0.4132,0.9962,2450.322,2459.574,0.0
2026-08-17 07:00:00,7.7e-05,105102.381,6678636208.5021,1.4201,0.5868,0.4132,0.9962,2450.322,2459.574,0.0
2026-08-17 08:00:00,7.7e-05,105102.381,6678636208.5021,1.4201,0.5868,0.4132,0.9962,2450.322,2459.574,0.0
2026-08-17 09:00:00,7.7e-05,105102.381,6678636208.5021,1.4201,0.5868,0.4132,0.9962,2450.322,2459.574,0.0
2026-08-17 10:00:00,7.7e-05,105102.381,6678636208.5021,1.4201,0.5868,0.4132,0.9962,2450.322,2459.574,0.0
2026-08-17 11:00:00,7.7e-05,105102.381,6678636208.5021,1.4201,0.5868,0.4132,0.9962,2450.322,2459.574,0.0
2026-08-17 12:00:00,7.7e-05,105102.381,6678636208.5021,1.4201,0.5868,0.4132,0.9962,2450.322,2459.574,0.0
2026-08-17 13:00:00,7.7e-05,105102.381,6678636208.5021,1.4201,0.5868,0.4132,0.9962,2450.322,2459.574,0.0
2026-08-17 14:00:00,7.7e-05,105102.381,6678636208.5021,1.4201,0.5868,0.4132,0.9962,2450.322,2459.574,0.0
2026-08-17 15:00:00,7.7e-05,105102.381,6678636208.5021,1.4201,0.5868,0.4132,0.9962,2450.322,2459.574,0.0
2026-08-17 16:00:00,7.7e-05,105102.381,6678636208.5021,1.4201,0.5868,0.4132,0.9962,2450.322,2459.574,0.0
2026-08-17 17:00:00,7.7e-05,105102.381,6678636208.5021,1.4201,0.5868,0.4132,0.9962,2450.322,2459.574,0.0
2026-08-17 18:00:00,7.7e-05,105102.381,6678636208.5021,1.4201,0.5868,0.4132,0.9962,2450.322,2459.574,0.0
2026-08-17 19:00:00,7.7e-05,105102.381,6678636208.5021,1.4201,0.5868,0.4132,0.9962,2450.322,2459.574,0.0
2026-08-17 20:00:00,7.7e-05,105102.381,6678636208.5021,1.4201,0.5868,0.4132,0.9962,2450.322,2459.574,0.0
2026-08-17 21:00:00,7.7e-05,105102.381,6678636208.5021,1.4201,0.5868,0.4132,0.9962,2450.322,2459.574,0.0
2026-08-17 22:00:00,7.7e-05,105102.381,6678636208.5021,1.4201,0.5868,0.4132,0.9962,2450.322,2459.574,0.0
2026-08-17 23:00:00,7.7e-05,105102.381,6678636208.5021,1.4201,0.5868,0.4132,0.9962,2450.322,2459.574,0.0
2026-08-18 00:00:00,7.7e-05,105102.381,6678636208.5021,1.4201,0.5868,0.4132,0.9962,2450.322,2459.574,0.0
2026-08-18 01:00:00,7.7e-05,105102.381,6678636208.5021,1.4201,0.5868,0.4132,0.9962,2450.322,2459.574,0.0
2026-08-18 02:00:00,7.7e-05,105102.381,6678636208.5021,1.4201,0.5868,0.4132,0.9962,2450.322,2459.574,0.0
2026-08-18 03:00:00,7.7e-05,105102.381,6678636208.5021,1.4201,0.5868,0.4132,0.9962,2450.322,2459.574,0.0
2026-08-18 04:00:00,7.7e-05,105102.381,6678636208.5021,1.4201,0.5868,0.4132,0.9962,2450.322,2459.574,0.0
2026-08-18 05:00:00,7.7e-05,105102.381,6678636208.5021,1.4201,0.5868,0.4132,0.9962,2450.322,2459.574,0.0
2026-08-18 06:00:00,7.7e-05,105102.381,6678636208.5021,1.4201,0.5868,0.4132,0.9962,2450.322,2459.574,0.0
2026-08-18 07:00:00,7.7e-05,105102.381,6678636208.5021,1.4201,0.5868,0.4132,0.9962,2450.322,2459.574,0.0
2026-08-18 08:00:00,7.7e-05,105102.381,6678636208.5021,1.4201,0.5868,0.4132,0.9962,2450.322,2459.574,0.0
2026-08-18 09:00:00,7.7e-05,105102.381,6678636208.5021,1.4201,0.5868,0.4132,0.9962,2450.322,2459.574,0.0
2026-08-18 10:00:00,7.7e-05,105102.381,6678636208.5021,1.4201,0.5868,0.4132,0.9962,2450.322,2459.574,0.0
2026-08-18 11:00:00,7.7e-05,105102.381,6678636208.5021,1.4201,0.5868,0.4132,0.9962,2450.322,2459.574,0.0
2026-08-18 12:00:00,7.7e-05,105102.381,6678636208.5021,1.4201,0.5868,0.4132,0.9962,2450.322,2459.574,0.0
2026-08-18 13:00:00,7.7e-05,105102.381,6678636208.5021,1.4201,0.5868,0.4132,0.9962,2450.322,2459.574,0.0
2026-08-18 14:00:00,7.7e-05,105102.381,6678636208.5021,1.4201,0.5868,0.4132,0.9962,2450.322,2459.574,0.0
2026-08-18 15:00:00,7.7e-05,105102.381,6678636208.5021,1.4201,0.5868,0.4132,0.9962,2450.322,2459.574,0.0
2026-08-18 16:00:00,7.7e-05,105102.381,6678636208.5021,1.4201,0.5868,0.4132,0.9962,2450.322,2459.574,0.0
2026-08-18 17:00:00,7.7e-05,105102.381,6678636208.5021,1.4201,0.5868,0.4132,0.9962,2450.322,2459.574,0.0
2026-08-18 18:00:00,7.7e-05,105102.381,6678636208.5021,1.4201,0.5868,0.4132,0.9962,2450.322,2459.574,0.0
2026-08-18 19:00:00,7.7e-05,105102.381,6678636208.5021,1.4201,0.5868,0.4132,0.9962,2450.322,2459.574,0.0
2026-08-18 20:00:00,7.7e-05,105102.381,6678636208.5021,1.4201,0.5868,0.4132,0.9962,2450.322,2459.574,0.0
2026-08-18 21:00:00,7.7e-05,105102.381,6678636208.5021,1.4201,0.5868,0.4132,0.9962,2450.322,2459.574,0.0
2026-08-18 22:00:00,7.7e-05,105102.381,6678636208.5021,1.4201,0.5868,0.4132,0.9962,2450.322,2459.574,0.0
2026-08-18 23:00:00,7.7e-05,105102.381,6678636208.5021,1.4201,0.5868,0.4132,0.9962,2450.322,2459.574,0.0
2026-08-19 00:00:00,7.7e-05,105102.381,6678636208.5021,1.4201,0.5868,0.4132,0.9962,2450.322,2459.574,0.0
2026-08-19 01:00:00,7.7e-05,105102.381,6678636208.5021,1.4201,0.5868,0.4132,0.9962,2450.322,2459.574,0.0
2026-08-19 02:00:00,7.7e-05,105102.381,6678636208.5021,1.4201,0.5868,0.4132,0.9962,2450.322,2459.574,0.0
2026-08-19 03:00:00,7.7e-05,105102.381,6678636208.5021,1.4201,0.5868,0.4132,0.9962,2450.322,2459.574,0.0
2026-08-19 04:00:00,7.7e-05,105102.381,6678636208.5021,1.4201,0.5868,0.4132,0.9962,2450.322,2459.574,0.0
2026-08-19 05:00:00,7.7e-05,105102.381,6678636208.5021,1.4201,0.5868,0.4132,0.9962,2450.322,2459.574,0.0
2026-08-19 06:00:00,7.7e-05,105102.381,6678636208.5021,1.4201,0.5868,0.4132,0.9962,2450.322,2459.574,0.0
2026-08-19 07:00:00,7.7e-05,105102.381,6678636208.5021,1.4201,0.5868,0.4132,0.9962,2450.322,2459.574,0.0
2026-08-19 08:00:00,7.7e-05,105102.381,6678636208.5021,1.4201,0.5868,0.4132,0.9962,2450.322,2459.574,0.0
2026-08-19 09:00:00,7.7e-05,105102.381,6678636208.5021,1.4201,0.5868,0.4132,0.9962,2450.322,2459.574,0.0
2026-08-19 10:00:00,7.7e-05,105102.381,6678636208.5021,1.4201,0.5868,0.4132,0.9962,2450.322,2459.574,0.0
2026-08-19 11:00:00,7.7e-05,105102.381,6678636208.5021,1.4201,0.5868,0.4132,0.9962,2450.322,2459.574,0.0
2026-08-19 12:00:00,7.7e-05,105102.381,6678636208.5021,1.4201,0.5868,0.4132,0.9962,2450.322,2459.574,0.0
2026-08-19 13:00:00,7.7e-05,105102.381,6678636208.5021,1.4201,0.5868,0.4132,0.9962,2450.322,2459.574,0.0
2026-08-19 14:00:00,7.7e-05,105102.381,6678636208.5021,1.4201,0.5868,0.4132,0.9962,2450.322,2459.574,0.0
2026-08-19 15:00:00,7.7e-05,105102.381,6678636208.5021,1.4201,0.5868,0.4132,0.9962,2450.322,2459.574,0.0
2026-08-19 16:00:00,7.7e-05,105102.381,6678636208.5021,1.4201,0.5868,0.4132,0.9962,2450.322,2459.574,0.0
2026-08-19 17:00:00,7.7e-05,105102.381,6678636208.5021,1.4201,0.5868,0.4132,0.9962,2450.322,2459.574,0.0
2026-08-19 18:00:00,7.7e-05,105102.381,6678636208.5021,1.4201,0.5868,0.4132,0.9962,2450.322,2459.574,0.0
2026-08-19 19:00:00,7.7e-05,105102.381,6678636208.5021,1.4201,0.5868,0.4132,0.9962,2450.322,2459.574,0.0
2026-08-19 20:00:00,7.7e-05,105102.381,6678636208.5021,1.4201,0.5868,0.4132,0.9962,2450.322,2459.574,0.0
2026-08-19 21:00:00,7.7e-05,105102.381,6678636208.5021,1.4201,0.5868,0.4132,0.9962,2450.322,2459.574,0.0
2026-08-19 22:00:00,7.7e-05,105102.381,6678636208.5021,1.4201,0.5868,0.4132,0.9962,2450.322,2459.574,0.0
2026-08-19 23:00:00,7.7e-05,105102.381,6678636208.5021,1.4201,0.5868,0.4132,0.9962,2450.322,2459.574,0.0
2026-08-20 00:00:00,7.7e-05,105102.381,6678636208.5021,1.4201,0.5868,0.4132,0.9962,2450.322,2459.574,0.0
2026-08-20 01:00:00,7.7e-05,105102.381,6678636208.5021,1.4201,0.5868,0.4132,0.9962,2450.322,2459.574,0.0
2026-08-20 02:00:00,7.7e-05,105102.381,6678636208.5021,1.4201,0.5868,0.4132,0.9962,2450.322,2459.574,0.0
2026-08-20 03:00:00,7.7e-05,105102.381,6678636208.5021,1.4201,0.5868,0.4132,0.9962,2450.322,2459.574,0.0
2026-08-20 04:00:00,7.7e-05,105102.381,6678636208.5021,1.4201,0.5868,0.4132,0.9962,2450.322,2459.574,0.0
2026-08-20 05:00:00,7.7e-05,105102.381,6678636208.5021,1.4201,0.5868,0.4132,0.9962,2450.322,2459.574,0.0
2026-08-20 06:00:00,7.7e-05,105102.381,6678636208.5021,1.4201,0.5868,0.4132,0.9962,2450.322,2459.574,0.0
2026-08-20 07:00:00,7.7e-05,105102.381,6678636208.5021,1.4201,0.5868,0.4132,0.9962,2450.322,2459.574,0.0
2026-08-20 08:00:00,7.7e-05,105102.381,6678636208.5021,1.4201,0.5868,0.4132,0.9962,2450.322,2459.574,0.0
2026-08-20 09:00:00,7.7e-05,105102.381,6678636208.5021,1.4201,0.5868,0.4132,0.9962,2450.322,2459.574,0.0
2026-08-20 10:00:00,7.7e-05,105102.381,6678636208.5021,1.4201,0.5868,0.4132,0.9962,2450.322,2459.574,0.0
2026-08-20 11:00:00,7.7e-05,105102.381,6678636208.5021,1.4201,0.5868,0.4132,0.9962,2450.322,2459.574,0.0
2026-08-20 12:00:00,7.7e-05,105102.381,6678636208.5021,1.4201,0.5868,0.4132,0.9962,2450.322,2459.574,0.0
2026-08-20 13:00:00,7.7e-05,105102.381,6678636208.5021,1.4201,0.5868,0.4132,0.9962,2450.322,2459.574,0.0
2026-08-20 14:00:00,7.7e-05,105102.381,6678636208.5021,1.4201,0.5868,0.4132,0.9962,2450.322,2459.574,0.0
2026-08-20 15:00:00,7.7e-05,105102.381,6678636208.5021,1.4201,0.5868,0.4132,0.9962,2450.322,2459.574,0.0
2026-08-20 16:00:00,7.7e-05,105102.381,6678636208.5021,1.4201,0.5868,0.4132,0.9962,2450.322,2459.574,0.0
2026-08-20 17:00:00,7.7e-05,105102.381,6678636208.5021,1.4201,0.5868,0.4132,0.9962,2450.322,2459.574,0.0
2026-08-20 18:00:00,7.7e-05,105102.381,6678636208.5021,1.4201,0.5868,0.4132,0.9962,2450.322,2459.574,0.0
2026-08-20 19:00:00,7.7e-05,105102.381,6678636208.5021,1.4201,0.5868,0.4132,0.9962,2450.322,2459.574,0.0
2026-08-20 20:00:00,7.7e-05,105102.381,6678636208.5021,1.4201,0.5868,0.4132,0.9962,2450.322,2459.574,0.0
2026-08-20 21:00:00,7.7e-05,105102.381,6678636208.5021,1.4201,0.5868,0.4132,0.9962,2450.322,2459.574,0.0
2026-08-20 22:00:00,7.7e-05,105102.381,6678636208.5021,1.4201,0.5868,0.4132,0.9962,2450.322,2459.574,0.0
2026-08-20 23:00:00,7.7e-05,105102.381,6678636208.5021,1.4201,0.5868,0.4132,0.9962,2450.322,2459.574,0.0
2026-08-21 00:00:00,7.7e-05,105102.381,6678636208.5021,1.4201,0.5868,0.4132,0.9962,2450.322,2459.574,0.0
2026-08-21 01:00:00,7.7e-05,105102.381,6678636208.5021,1.4201,0.5868,0.4132,0.9962,2450.322,2459.574,0.0
2026-08-21 02:00:00,7.7e-05,105102.381,6678636208.5021,1.4201,0.5868,0.4132,0.9962,2450.322,2459.574,0.0
2026-08-21 03:00:00,7.7e-05,105102.381,6678636208.5021,1.4201,0.5868,0.4132,0.9962,2450.322,2459.574,0.0
2026-08-21 04:00:00,7.7e-05,105102.381,6678636208.5021,1.4201,0.5868,0.4132,0.9962,2450.322,2459.574,0.0
2026-08-21 05:00:00,7.7e-05,105102.381,6678636208.5021,1.4201,0.5868,0.4132,0.9962,2450.322,2459.574,0.0
2026-08-21 06:00:00,7.7e-05,105102.381,6678636208.5021,1.4201,0.5868,0.4132,0.9962,2450.322,2459.574,0.0
2026-08-21 07:00:00,7.7e-05,105102.381,6678636208.5021,1.4201,0.5868,0.4132,0.9962,2450.322,2459.574,0.0
2026-08-21 08:00:00,7.7e-05,105102.381,6678636208.5021,1.4201,0.5868,0.4132,0.9962,2450.322,2459.574,0.0
2026-08-21 09:00:00,7.7e-05,105102.381,6678636208.5021,1.4201,0.5868,0.4132,0.9962,2450.322,2459.574,0.0
2026-08-21 10:00:00,7.7e-05,105102.381,6678636208.5021,1.4201,0.5868,0.4132,0.9962,2450.322,2459.574,0.0
2026-08-21 11:00:00,7.7e-05,105102.381,6678636208.5021,1.4201,0.5868,0.4132,0.9962,2450.322,2459.574,0.0
2026-08-21 12:00:00,7.7e-05,105102.381,6678636208.5021,1.4201,0.5868,0.4132,0.9962,2450.322,2459.574,0.0
2026-08-21 13:00:00,7.7e-05,105102.381,6678636208.5021,1.4201,0.5868,0.4132,0.9962,2450.322,2459.574,0.0
2026-08-21 14:00:00,7.7e-05,105102.381,6678636208.5021,1.4201,0.5868,0.4132,0.9962,2450.322,2459.574,0.0
2026-08-21 15:00:00,7.7e-05,105102.381,6678636208.5021,1.4201,0.5868,0.4132,0.9962,2450.322,2459.574,0.0
2026-08-21 16:00:00,7.7e-05,105102.381,6678636208.5021,1.4201,0.5868,0.4132,0.9962,2450.322,2459.574,0.0
2026-08-21 17:00:00,7.7e-05,105102.381,6678636208.5021,1.4201,0.5868,0.4132,0.9962,2450.322,2459.574,0.0
2026-08-21 18:00:00,7.7e-05,105102.381,6678636208.5021,1.4201,0.5868,0.4132,0.9962,2450.322,2459.574,0.0
2026-08-21 19:00:00,7.7e-05,105102.381,6678636208.5021,1.4201,0.5868,0.4132,0.9962,2450.322,2459.574,0.0
2026-08-21 20:00:00,7.7e-05,105102.381,6678636208.5021,1.4201,0.5868,0.4132,0.9962,2450.322,2459.574,0.0
2026-08-21 21:00:00,7.7e-05,105102.381,6678636208.5021,1.4201,0.5868,0.4132,0.9962,2450.322,2459.574,0.0
2026-08-21 22:00:00,7.7e-05,105102.381,6678636208.5021,1.4201,0.5868,0.4132,0.9962,2450.322,2459.574,0.0
2026-08-21 23:00:00,7.7e-05,105102.381,6678636208.5021,1.4201,0.5868,0.4132,0.9962,2450.322,2459.574,0.0
2026-08-22 00:00:00,7.7e-05,105102.381,6678636208.5021,1.4201,0.5868,0.4132,0.9962,2450.322,2459.574,0.0
2026-08-22 01:00:00,7.7e-05,105102.381,6678636208.5021,1.4201,0.5868,0.4132,0.9962,2450.322,2459.574,0.0
2026-08-22 02:00:00,7.7e-05,105102.381,6678636208.5021,1.4201,0.5868,0.4132,0.9962,2450.322,2459.574,0.0
2026-08-22 03:00:00,7.7e-05,105102.381,6678636208.5021,1.4201,0.5868,0.4132,0.9962,2450.322,2459.574,0.0
2026-08-22 04:00:00,7.7e-05,105102.381,6678636208.5021,1.4201,0.5868,0.4132,0.9962,2450.322,2459.574,0.0
2026-08-22 05:00:00,7.7e-05,105102.381,6678636208.5021,1.4201,0.5868,0.4132,0.9962,2450.322,2459.574,0.0
2026-08-22 06:00:00,7.7e-05,105102.381,6678636208.5021,1.4201,0.5868,0.4132,0.9962,2450.322,2459.574,0.0
2026-08-22 07:00:00,7.7e-05,105102.381,6678636208.5021,1.4201,0.5868,0.4132,0.9962,2450.322,2459.574,0.0
2026-08-22 08:00:00,7.7e-05,105102.381,6678636208.5021,1.4201,0.5868,0.4132,0.9962,2450.322,2459.574,0.0
2026-08-22 09:00:00,7.7e-05,105102.381,6678636208.5021,1.4201,0.5868,0.4132,0.9962,2450.322,2459.574,0.0
2026-08-22 10:00:00,7.7e-05,105102.381,6678636208.5021,1.4201,0.5868,0.4132,0.9962,2450.322,2459.574,0.0
2026-08-22 11:00:00,7.7e-05,105102.381,6678636208.5021,1.4201,0.5868,0.4132,0.9962,2450.322,2459.574,0.0
2026-08-22 12:00:00,7.7e-05,105102.381,6678636208.5021,1.4201,0.5868,0.4132,0.9962,2450.322,2459.574,0.0
2026-08-22 13:00:00,7.7e-05,105102.381,6678636208.5021,1.4201,0.5868,0.4132,0.9962,2450.322,2459.574,0.0
2026-08-22 14:00:00,7.7e-05,105102.381,6678636208.5021,1.4201,0.5868,0.4132,0.9962,2450.322,2459.574,0.0
2026-08-22 15:00:00,7.7e-05,105102.381,6678636208.5021,1.4201,0.5868,0.4132,0.9962,2450.322,2459.574,0.0
2026-08-22 16:00:00,7.7e-05,105102.381,6678636208.5021,1.4201,0.5868,0.4132,0.9962,2450.322,2459.574,0.0
2026-08-22 17:00:00,7.7e-05,105102.381,6678636208.5021,1.4201,0.5868,0.4132,0.9962,2450.322,2459.574,0.0
2026-08-22 18:00:00,7.7e-05,105102.381,6678636208.5021,1.4201,0.5868,0.4132,0.9962,2450.322,2459.574,0.0
2026-08-22 19:00:00,7.7e-05,105102.381,6678636208.5021,1.4201,0.5868,0.4132,0.9962,2450.322,2459.574,0.0
2026-08-22 20:00:00,7.7e-05,105102.381,6678636208.5021,1.4201,0.5868,0.4132,0.9962,2450.322,2459.574,0.0
2026-08-22 21:00:00,7.7e-05,105102.381,6678636208.5021,1.4201,0.5868,0.4132,0.9962,2450.322,2459.574,0.0
2026-08-22 22:00:00,7.7e-05,105102.381,6678636208.5021,1.4201,0.5868,0.4132,0.9962,2450.322,2459.574,0.0
2026-08-22 23:00:00,7.7e-05,105102.381,6678636208.5021,1.4201,0.5868,0.4132,0.9962,2450.322,2459.574,0.0
2026-08-23 00:00:00,7.7e-05,105102.381,6678636208.5021,1.4201,0.5868,0.4132,0.9962,2450.322,2459.574,0.0
2026-08-23 01:00:00,7.7e-05,105102.381,6678636208.5021,1.4201,0.5868,0.4132,0.9962,2450.322,2459.574,0.0
2026-08-23 02:00:00,7.7e-05,105102.381,6678636208.5021,1.4201,0.5868,0.4132,0.9962,2450.322,2459.574,0.0
2026-08-23 03:00:00,7.7e-05,105102.381,6678636208.5021,1.4201,0.5868,0.4132,0.9962,2450.322,2459.574,0.0
2026-08-23 04:00:00,7.7e-05,105102.381,6678636208.5021,1.4201,0.5868,0.4132,0.9962,2450.322,2459.574,0.0
2026-08-23 05:00:00,7.7e-05,105102.381,6678636208.5021,1.4201,0.5868,0.4132,0.9962,2450.322,2459.574,0.0
2026-08-23 06:00:00,7.7e-05,105102.381,6678636208.5021,1.4201,0.5868,0.4132,0.9962,2450.322,2459.574,0.0
2026-08-23 07:00:00,7.7e-05,105102.381,6678636208.5021,1.4201,0.5868,0.4132,0.9962,2450.322,2459.574,0.0
2026-08-23 08:00:00,7.7e-05,105102.381,6678636208.5021,1.4201,0.5868,0.4132,0.9962,2450.322,2459.574,0.0
2026-08-23 09:00:00,7.7e-05,105102.381,6678636208.5021,1.4201,0.5868,0.4132,0.9962,2450.322,2459.574,0.0
2026-08-23 10:00:00,7.7e-05,105102.381,6678636208.5021,1.4201,0.5868,0.4132,0.9962,2450.322,2459.574,0.0
2026-08-23 11:00:00,7.7e-05,105102.381,6678636208.5021,1.4201,0.5868,0.4132,0.9962,2450.322,2459.574,0.0
2026-08-23 12:00:00,7.7e-05,105102.381,6678636208.5021,1.4201,0.5868,0.4132,0.9962,2450.322,2459.574,0.0
2026-08-23 13:00:00,7.7e-05,105102.381,6678636208.5021,1.4201,0.5868,0.4132,0.9962,2450.322,2459.574,0.0
2026-08-23 14:00:00,7.7e-05,105102.381,6678636208.5021,1.4201,0.5868,0.4132,0.9962,2450.322,2459.574,0.0
2026-08-23 15:00:00,7.7e-05,105102.381,6678636208.5021,1.4201,0.5868,0.4132,0.9962,2450.322,2459.574,0.0
2026-08-23 16:00:00,7.7e-05,105102.381,6678636208.5021,1.4201,0.5868,0.4132,0.9962,2450.322,2459.574,0.0
2026-08-23 17:00:00,7.7e-05,105102.381,6678636208.5021,1.4201,0.5868,0.4132,0.9962,2450.322,2459.574,0.0
2026-08-23 18:00:00,7.7e-05,105102.381,6678636208.5021,1.4201,0.5868,0.4132,0.9962,2450.322,2459.574,0.0
2026-08-23 19:00:00,7.7e-05,105102.381,6678636208.5021,1.4201,0.5868,0.4132,0.9962,2450.322,2459.574,0.0
2026-08-23 20:00:00,7.7e-05,105102.381,6678636208.5021,1.4201,0.5868,0.4132,0.9962,2450.322,2459.574,0.0
2026-08-23 21:00:00,7.7e-05,105102.381,6678636208.5021,1.4201,0.5868,0.4132,0.9962,2450.322,2459.574,0.0
2026-08-23 22:00:00,7.7e-05,105102.381,6678636208.5021,1.4201,0.5868,0.4132,0.9962,2450.322,2459.574,0.0
2026-08-23 23:00:00,7.7e-05,105102.381,6678636208.5021,1.4201,0.5868,0.4132,0.9962,2450.322,2459.574,0.0
2026-08-24 00:00:00,7.7e-05,105102.381,6678636208.5021,1.4201,0.5868,0.4132,0.9962,2450.322,2459.574,0.0
2026-08-24 01:00:00,7.7e-05,105102.381,6678636208.5021,1.4201,0.5868,0.4132,0.9962,2450.322,2459.574,0.0
2026-08-24 02:00:00,7.7e-05,105102.381,6678636208.5021,1.4201,0.5868,0.4132,0.9962,2450.322,2459.574,0.0
2026-08-24 03:00:00,7.7e-05,105102.381,6678636208.5021,1.4201,0.5868,0.4132,0.9962,2450.322,2459.574,0.0
2026-08-24 04:00:00,7.7e-05,105102.381,6678636208.5021,1.4201,0.5868,0.4132,0.9962,2450.322,2459.574,0.0
2026-08-24 05:00:00,7.7e-05,105102.381,6678636208.5021,1.4201,0.5868,0.4132,0.9962,2450.322,2459.574,0.0
2026-08-24 06:00:00,7.7e-05,105102.381,6678636208.5021,1.4201,0.5868,0.4132,0.9962,2450.322,2459.574,0.0
2026-08-24 07:00:00,7.7e-05,105102.381,6678636208.5021,1.4201,0.5868,0.4132,0.9962,2450.322,2459.574,0.0
2026-08-24 08:00:00,7.7e-05,105102.381,6678636208.5021,1.4201,0.5868,0.4132,0.9962,2450.322,2459.574,0.0
2026-08-24 09:00:00,7.7e-05,105102.381,6678636208.5021,1.4201,0.5868,0.4132,0.9962,2450.322,2459.574,0.0
2026-08-24 10:00:00,7.7e-05,105102.381,6678636208.5021,1.4201,0.5868,0.4132,0.9962,2450.322,2459.574,0.0
2026-08-24 11:00:00,7.7e-05,105102.381,6678636208.5021,1.4201,0.5868,0.4132,0.9962,2450.322,2459.574,0.0
2026-08-24 12:00:00,7.7e-05,105102.381,6678636208.5021,1.4201,0.5868,0.4132,0.9962,2450.322,2459.574,0.0
2026-08-24 13:00:00,7.7e-05,105102.381,6678636208.5021,1.4201,0.5868,0.4132,0.9962,2450.322,2459.574,0.0
2026-08-24 14:00:00,7.7e-05,105102.381,6678636208.5021,1.4201,0.5868,0.4132,0.9962,2450.322,2459.574,0.0
2026-08-24 15:00:00,7.7e-05,105102.381,6678636208.5021,1.4201,0.5868,0.4132,0.9962,2450.322,2459.574,0.0
2026-08-24 16:00:00,7.7e-05,105102.381,6678636208.5021,1.4201,0.5868,0.4132,0.9962,2450.322,2459.574,0.0
2026-08-24 17:00:00,7.7e-05,105102.381,6678636208.5021,1.4201,0.5868,0.4132,0.9962,2450.322,2459.574,0.0
2026-08-24 18:00:00,7.7e-05,105102.381,6678636208.5021,1.4201,0.5868,0.4132,0.9962,2450.322,2459.574,0.0
2026-08-24 19:00:00,7.7e-05,105102.381,6678636208.5021,1.4201,0.5868,0.4132,0.9962,2450.322,2459.574,0.0
2026-08-24 20:00:00,7.7e-05,105102.381,6678636208.5021,1.4201,0.5868,0.4132,0.9962,2450.322,2459.574,0.0
2026-08-24 21:00:00,7.7e-05,105102.381,6678636208.5021,1.4201,0.5868,0.4132,0.9962,2450.322,2459.574,0.0
2026-08-24 22:00:00,7.7e-05,105102.381,6678636208.5021,1.4201,0.5868,0.4132,0.9962,2450.322,2459.574,0.0
2026-08-24 23:00:00,7.7e-05,105102.381,6678636208.5021,1.4201,0.5868,0.4132,0.9962,2450.322,2459.574,0.0
2026-08-25 00:00:00,7.7e-05,105102.381,6678636208.5021,1.4201,0.5868,0.4132,0.9962,2450.322,2459.574,0.0
2026-08-25 01:00:00,7.7e-05,105102.381,6678636208.5021,1.4201,0.5868,0.4132,0.9962,2450.322,2459.574,0.0
2026-08-25 02:00:00,7.7e-05,105102.381,6678636208.5021,1.4201,0.5868,0.4132,0.9962,2450.322,2459.574,0.0
2026-08-25 03:00:00,7.7e-05,105102.381,6678636208.5021,1.4201,0.5868,0.4132,0.9962,2450.322,2459.574,0.0
2026-08-25 04:00:00,7.7e-05,105102.381,6678636208.5021,1.4201,0.5868,0.4132,0.9962,2450.322,2459.574,0.0
2026-08-25 05:00:00,7.7e-05,105102.381,6678636208.5021,1.4201,0.5868,0.4132,0.9962,2450.322,2459.574,0.0
2026-08-25 06:00:00,7.7e-05,105102.381,6678636208.5021,1.4201,0.5868,0.4132,0.9962,2450.322,2459.574,0.0
2026-08-25 07:00:00,7.7e-05,105102.381,6678636208.5021,1.4201,0.5868,0.4132,0.9962,2450.322,2459.574,0.0
2026-08-25 08:00:00,7.7e-05,105102.381,6678636208.5021,1.4201,0.5868,0.4132,0.9962,2450.322,2459.574,0.0
2026-08-25 09:00:00,7.7e-05,105102.381,6678636208.5021,1.4201,0.5868,0.4132,0.9962,2450.322,2459.574,0.0
2026-08-25 10:00:00,7.7e-05,105102.381,6678636208.5021,1.4201,0.5868,0.4132,0.9962,2450.322,2459.574,0.0
2026-08-25 11:00:00,7.7e-05,105102.381,6678636208.5021,1.4201,0.5868,0.4132,0.9962,2450.322,2459.574,0.0
2026-08-25 12:00:00,7.7e-05,105102.381,6678636208.5021,1.4201,0.5868,0.4132,0.9962,2450.322,2459.574,0.0
2026-08-25 13:00:00,7.7e-05,105102.381,6678636208.5021,1.4201,0.5868,0.4132,0.9962,2450.322,2459.574,0.0
2026-08-25 14:00:00,7.7e-05,105102.381,6678636208.5021,1.4201,0.5868,0.4132,0.9962,2450.322,2459.574,0.0
2026-08-25 15:00:00,7.7e-05,105102.381,6678636208.5021,1.4201,0.5868,0.4132,0.9962,2450.322,2459.574,0.0
2026-08-25 16:00:00,7.7e-05,105102.381,6678636208.5021,1.4201,0.5868,0.4132,0.9962,2450.322,2459.574,0.0
2026-08-25 17:00:00,7.7e-05,105102.381,6678636208.5021,1.4201,0.5868,0.4132,0.9962,2450.322,2459.574,0.0
2026-08-25 18:00:00,7.7e-05,105102.381,6678636208.5021,1.4201,0.5868,0.4132,0.9962,2450.322,2459.574,0.0
2026-08-25 19:00:00,7.7e-05,105102.381,6678636208.5021,1.4201,0.5868,0.4132,0.9962,2450.322,2459.574,0.0
2026-08-25 20:00:00,7.7e-05,105102.381,6678636208.5021,1.4201,0.5868,0.4132,0.9962,2450.322,2459.574,0.0
2026-08-25 21:00:00,7.7e-05,105102.381,6678636208.5021,1.4201,0.5868,0.4132,0.9962,2450.322,2459.574,0.0
2026-08-25 22:00:00,7.7e-05,105102.381,6678636208.5021,1.4201,0.5868,0.4132,0.9962,2450.322,2459.574,0.0
2026-08-25 23:00:00,7.7e-05,105102.381,6678636208.5021,1.4201,0.5868,0.4132,0.9962,2450.322,2459.574,0.0
2026-08-26 00:00:00,7.7e-05,105102.381,6678636208.5021,1.4201,0.5868,0.4132,0.9962,2450.322,2459.574,0.0
2026-08-26 01:00:00,7.7e-05,105102.381,6678636208.5021,1.4201,0.5868,0.4132,0.9962,2450.322,2459.574,0.0
2026-08-26 02:00:00,7.7e-05,105102.381,6678636208.5021,1.4201,0.5868,0.4132,0.9962,2450.322,2459.574,0.0
2026-08-26 03:00:00,7.7e-05,105102.381,6678636208.5021,1.4201,0.5868,0.4132,0.9962,2450.322,2459.574,0.0
2026-08-26 04:00:00,7.7e-05,105102.381,6678636208.5021,1.4201,0.5868,0.4132,0.9962,2450.322,2459.574,0.0
2026-08-26 05:00:00,7.7e-05,105102.381,6678636208.5021,1.4201,0.5868,0.4132,0.9962,2450.322,2459.574,0.0
2026-08-26 06:00:00,7.7e-05,105102.381,6678636208.5021,1.4201,0.5868,0.4132,0.9962,2450.322,2459.574,0.0
2026-08-26 07:00:00,7.7e-05,105102.381,6678636208.5021,1.4201,0.5868,0.4132,0.9962,2450.322,2459.574,0.0
2026-08-26 08:00:00,7.7e-05,105102.381,6678636208.5021,1.4201,0.5868,0.4132,0.9962,2450.322,2459.574,0.0
2026-08-26 09:00:00,7.7e-05,105102.381,6678636208.5021,1.4201,0.5868,0.4132,0.9962,2450.322,2459.574,0.0
2026-08-26 10:00:00,7.7e-05,105102.381,6678636208.5021,1.4201,0.5868,0.4132,0.9962,2450.322,2459.574,0.0
2026-08-26 11:00:00,7.7e-05,105102.381,6678636208.5021,1.4201,0.5868,0.4132,0.9962,2450.322,2459.574,0.0
2026-08-26 12:00:00,7.7e-05,105102.381,6678636208.5021,1.4201,0.5868,0.4132,0.9962,2450.322,2459.574,0.0
2026-08-26 13:00:00,7.7e-05,105102.381,6678636208.5021,1.4201,0.5868,0.4132,0.9962,2450.322,2459.574,0.0
2026-08-26 14:00:00,7.7e-05,105102.381,6678636208.5021,1.4201,0.5868,0.4132,0.9962,2450.322,2459.574,0.0
2026-08-26 15:00:00,7.7e-05,105102.381,6678636208.5021,1.4201,0.5868,0.4132,0.9962,2450.322,2459.574,0.0
2026-08-26 16:00:00,7.7e-05,105102.381,6678636208.5021,1.4201,0.5868,0.4132,0.9962,2450.322,2459.574,0.0
2026-08-26 17:00:00,7.7e-05,105102.381,6678636208.5021,1.4201,0.5868,0.4132,0.9962,2450.322,2459.574,0.0
2026-08-26 18:00:00,7.7e-05,105102.381,6678636208.5021,1.4201,0.5868,0.4132,0.9962,2450.322,2459.574,0.0
2026-08-26 19:00:00,7.7e-05,105102.381,6678636208.5021,1.4201,0.5868,0.4132,0.9962,2450.322,2459.574,0.0
2026-08-26 20:00:00,7.7e-05,105102.381,6678636208.5021,1.4201,0.5868,0.4132,0.9962,2450.322,2459.574,0.0
2026-08-26 21:00:00,7.7e-05,105102.381,6678636208.5021,1.4201,0.5868,0.4132,0.9962,2450.322,2459.574,0.0
2026-08-26 22:00:00,7.7e-05,105102.381,6678636208.5021,1.4201,0.5868,0.4132,0.9962,2450.322,2459.574,0.0
2026-08-26 23:00:00,7.7e-05,105102.381,6678636208.5021,1.4201,0.5868,0.4132,0.9962,2450.322,2459.574,0.0
2026-08-27 00:00:00,7.7e-05,105102.381,6678636208.5021,1.4201,0.5868,0.4132,0.9962,2450.322,2459.574,0.0
2026-08-27 01:00:00,7.7e-05,105102.381,6678636208.5021,1.4201,0.5868,0.4132,0.9962,2450.322,2459.574,0.0
2026-08-27 02:00:00,7.7e-05,105102.381,6678636208.5021,1.4201,0.5868,0.4132,0.9962,2450.322,2459.574,0.0
2026-08-27 03:00:00,7.7e-05,105102.381,6678636208.5021,1.4201,0.5868,0.4132,0.9962,2450.322,2459.574,0.0
2026-08-27 04:00:00,7.7e-05,105102.381,6678636208.5021,1.4201,0.5868,0.4132,0.9962,2450.322,2459.574,0.0
2026-08-27 05:00:00,7.7e-05,105102.381,6678636208.5021,1.4201,0.5868,0.4132,0.9962,2450.322,2459.574,0.0
2026-08-27 06:00:00,7.7e-05,105102.381,6678636208.5021,1.4201,0.5868,0.4132,0.9962,2450.322,2459.574,0.0
2026-08-27 07:00:00,7.7e-05,105102.381,6678636208.5021,1.4201,0.5868,0.4132,0.9962,2450.322,2459.574,0.0
2026-08-27 08:00:00,7.7e-05,105102.381,6678636208.5021,1.4201,0.5868,0.4132,0.9962,2450.322,2459.574,0.0
2026-08-27 09:00:00,7.7e-05,105102.381,6678636208.5021,1.4201,0.5868,0.4132,0.9962,2450.322,2459.574,0.0
2026-08-27 10:00:00,7.7e-05,105102.381,6678636208.5021,1.4201,0.5868,0.4132,0.9962,2450.322,2459.574,0.0
2026-08-27 11:00:00,7.7e-05,105102.381,6678636208.5021,1.4201,0.5868,0.4132,0.9962,2450.322,2459.574,0.0
2026-08-27 12:00:00,7.7e-05,105102.381,6678636208.5021,1.4201,0.5868,0.4132,0.9962,2450.322,2459.574,0.0
2026-08-27 13:00:00,7.7e-05,105102.381,6678636208.5021,1.4201,0.5868,0.4132,0.9962,2450.322,2459.574,0.0
2026-08-27 14:00:00,7.7e-05,105102.381,6678636208.5021,1.4201,0.5868,0.4132,0.9962,2450.322,2459.574,0.0
2026-08-27 15:00:00,7.7e-05,105102.381,6678636208.5021,1.4201,0.5868,0.4132,0.9962,2450.322,2459.574,0.0
2026-08-27 16:00:00,7.7e-05,105102.381,6678636208.5021,1.4201,0.5868,0.4132,0.9962,2450.322,2459.574,0.0
2026-08-27 17:00:00,7.7e-05,105102.381,6678636208.5021,1.4201,0.5868,0.4132,0.9962,2450.322,2459.574,0.0
2026-08-27 18:00:00,7.7e-05,105102.381,6678636208.5021,1.4201,0.5868,0.4132,0.9962,2450.322,2459.574,0.0
2026-08-27 19:00:00,7.7e-05,105102.381,6678636208.5021,1.4201,0.5868,0.4132,0.9962,2450.322,2459.574,0.0
2026-08-27 20:00:00,7.7e-05,105102.381,6678636208.5021,1.4201,0.5868,0.4132,0.9962,2450.322,2459.574,0.0
2026-08-27 21:00:00,7.7e-05,105102.381,6678636208.5021,1.4201,0.5868,0.4132,0.9962,2450.322,2459.574,0.0
2026-08-27 22:00:00,7.7e-05,105102.381,6678636208.5021,1.4201,0.5868,0.4132,0.9962,2450.322,2459.574,0.0
2026-08-27 23:00:00,7.7e-05,105102.381,6678636208.5021,1.4201,0.5868,0.4132,0.9962,2450.322,2459.574,0.0
2026-08-28 00:00:00,7.7e-05,105102.381,6678636208.5021,1.4201,0.5868,0.4132,0.9962,2450.322,2459.574,0.0
2026-08-28 01:00:00,7.7e-05,105102.381,6678636208.5021,1.4201,0.5868,0.4132,0.9962,2450.322,2459.574,0.0
2026-08-28 02:00:00,7.7e-05,105102.381,6678636208.5021,1.4201,0.5868,0.4132,0.9962,2450.322,2459.574,0.0
2026-08-28 03:00:00,7.7e-05,105102.381,6678636208.5021,1.4201,0.5868,0.4132,0.9962,2450.322,2459.574,0.0
2026-08-28 04:00:00,7.7e-05,105102.381,6678636208.5021,1.4201,0.5868,0.4132,0.9962,2450.322,2459.574,0.0
2026-08-28 05:00:00,7.7e-05,105102.381,6678636208.5021,1.4201,0.5868,0.4132,0.9962,2450.322,2459.574,0.0
2026-08-28 06:00:00,7.7e-05,105102.381,6678636208.5021,1.4201,0.5868,0.4132,0.9962,2450.322,2459.574,0.0
2026-08-28 07:00:00,7.7e-05,105102.381,6678636208.5021,1.4201,0.5868,0.4132,0.9962,2450.322,2459.574,0.0
2026-08-28 08:00:00,7.7e-05,105102.381,6678636208.5021,1.4201,0.5868,0.4132,0.9962,2450.322,2459.574,0.0
2026-08-28 09:00:00,7.7e-05,105102.381,6678636208.5021,1.4201,0.5868,0.4132,0.9962,2450.322,2459.574,0.0
2026-08-28 10:00:00,7.7e-05,105102.381,6678636208.5021,1.4201,0.5868,0.4132,0.9962,2450.322,2459.574,0.0
2026-08-28 11:00:00,7.7e-05,105102.381,6678636208.5021,1.4201,0.5868,0.4132,0.9962,2450.322,2459.574,0.0
2026-08-28 12:00:00,7.7e-05,105102.381,6678636208.5021,1.4201,0.5868,0.4132,0.9962,2450.322,2459.574,0.0
2026-08-28 13:00:00,7.7e-05,105102.381,6678636208.5021,1.4201,0.5868,0.4132,0.9962,2450.322,2459.574,0.0
2026-08-28 14:00:00,7.7e-05,105102.381,6678636208.5021,1.4201,0.5868,0.4132,0.9962,2450.322,2459.574,0.0
2026-08-28 15:00:00,7.7e-05,105102.381,6678636208.5021,1.4201,0.5868,0.4132,0.9962,2450.322,2459.574,0.0
2026-08-28 16:00:00,7.7e-05,105102.381,6678636208.5021,1.4201,0.5868,0.4132,0.9962,2450.322,2459.574,0.0
2026-08-28 17:00:00,7.7e-05,105102.381,6678636208.5021,1.4201,0.5868,0.4132,0.9962,2450.322,2459.574,0.0
2026-08-28 18:00:00,7.7e-05,105102.381,6678636208.5021,1.4201,0.5868,0.4132,0.9962,2450.322,2459.574,0.0
2026-08-28 19:00:00,7.7e-05,105102.381,6678636208.5021,1.4201,0.5868,0.4132,0.9962,2450.322,2459.574,0.0
2026-08-28 20:00:00,7.7e-05,105102.381,6678636208.5021,1.4201,0.5868,0.4132,0.9962,2450.322,2459.574,0.0
2026-08-28 21:00:00,7.7e-05,105102.381,6678636208.5021,1.4201,0.5868,0.4132,0.9962,2450.322,2459.574,0.0
2026-08-28 22:00:00,7.7e-05,105102.381,6678636208.5021,1.4201,0.5868,0.4132,0.9962,2450.322,2459.574,0.0
2026-08-28 23:00:00,7.7e-05,105102.381,6678636208.5021,1.4201,0.5868,0.4132,0.9962,2450.322,2459.574,0.0
2026-08-29 00:00:00,7.7e-05,105102.381,6678636208.5021,1.4201,0.5868,0.4132,0.9962,2450.322,2459.574,0.0
2026-08-29 01:00:00,7.7e-05,105102.381,6678636208.5021,1.4201,0.5868,0.4132,0.9962,2450.322,2459.574,0.0
2026-08-29 02:00:00,7.7e-05,105102.381,6678636208.5021,1.4201,0.5868,0.4132,0.9962,2450.322,2459.574,0.0
2026-08-29 03:00:00,7.7e-05,105102.381,6678636208.5021,1.4201,0.5868,0.4132,0.9962,2450.322,2459.574,0.0
2026-08-29 04:00:00,7.7e-05,105102.381,6678636208.5021,1.4201,0.5868,0.4132,0.9962,2450.322,2459.574,0.0
2026-08-29 05:00:00,7.7e-05,105102.381,6678636208.5021,1.4201,0.5868,0.4132,0.9962,2450.322,2459.574,0.0
2026-08-29 06:00:00,7.7e-05,105102.381,6678636208.5021,1.4201,0.5868,0.4132,0.9962,2450.322,2459.574,0.0
2026-08-29 07:00:00,7.7e-05,105102.381,6678636208.5021,1.4201,0.5868,0.4132,0.9962,2450.322,2459.574,0.0
2026-08-29 08:00:00,7.7e-05,105102.381,6678636208.5021,1.4201,0.5868,0.4132,0.9962,2450.322,2459.574,0.0
2026-08-29 09:00:00,7.7e-05,105102.381,6678636208.5021,1.4201,0.5868,0.4132,0.9962,2450.322,2459.574,0.0
2026-08-29 10:00:00,7.7e-05,105102.381,6678636208.5021,1.4201,0.5868,0.4132,0.9962,2450.322,2459.574,0.0
2026-08-29 11:00:00,7.7e-05,105102.381,6678636208.5021,1.4201,0.5868,0.4132,0.9962,2450.322,2459.574,0.0
2026-08-29 12:00:00,7.7e-05,105102.381,6678636208.5021,1.4201,0.5868,0.4132,0.9962,2450.322,2459.574,0.0
2026-08-29 13:00:00,7.7e-05,105102.381,6678636208.5021,1.4201,0.5868,0.4132,0.9962,2450.322,2459.574,0.0
2026-08-29 14:00:00,7.7e-05,105102.381,6678636208.5021,1.4201,0.5868,0.4132,0.9962,2450.322,2459.574,0.0
2026-08-29 15:00:00,7.7e-05,105102.381,6678636208.5021,1.4201,0.5868,0.4132,0.9962,2450.322,2459.574,0.0
2026-08-29 16:00:00,7.7e-05,105102.381,6678636208.5021,1.4201,0.5868,0.4132,0.9962,2450.322,2459.574,0.0
2026-08-29 17:00:00,7.7e-05,105102.381,6678636208.5021,1.4201,0.5868,0.4132,0.9962,2450.322,2459.574,0.0
2026-08-29 18:00:00,7.7e-05,105102.381,6678636208.5021,1.4201,0.5868,0.4132,0.9962,2450.322,2459.574,0.0
2026-08-29 19:00:00,7.7e-05,105102.381,6678636208.5021,1.4201,0.5868,0.4132,0.9962,2450.322,2459.574,0.0
2026-08-29 20:00:00,7.7e-05,105102.381,6678636208.5021,1.4201,0.5868,0.4132,0.9962,2450.322,2459.574,0.0
2026-08-29 21:00:00,7.7e-05,105102.381,6678636208.5021,1.4201,0.5868,0.4132,0.9962,2450.322,2459.574,0.0
2026-08-29 22:00:00,7.7e-05,105102.381,6678636208.5021,1.4201,0.5868,0.4132,0.9962,2450.322,2459.574,0.0
2026-08-29 23:00:00,7.7e-05,105102.381,6678636208.5021,1.4201,0.5868,0.4132,0.9962,2450.322,2459.574,0.0
2026-08-30 00:00:00,7.7e-05,105102.381,6678636208.5021,1.4201,0.5868,0.4132,0.9962,2450.322,2459.574,0.0
2026-08-30 01:00:00,7.7e-05,105102.381,6678636208.5021,1.4201,0.5868,0.4132,0.9962,2450.322,2459.574,0.0
2026-08-30 02:00:00,7.7e-05,105102.381,6678636208.5021,1.4201,0.5868,0.4132,0.9962,2450.322,2459.574,0.0
2026-08-30 03:00:00,7.7e-05,105102.381,6678636208.5021,1.4201,0.5868,0.4132,0.9962,2450.322,2459.574,0.0
2026-08-30 04:00:00,7.7e-05,105102.381,6678636208.5021,1.4201,0.5868,0.4132,0.9962,2450.322,2459.574,0.0
2026-08-30 05:00:00,7.7e-05,105102.381,6678636208.5021,1.4201,0.5868,0.4132,0.9962,2450.322,2459.574,0.0
2026-08-30 06:00:00,7.7e-05,105102.381,6678636208.5021,1.4201,0.5868,0.4132,0.9962,2450.322,2459.574,0.0
2026-08-30 07:00:00,7.7e-05,105102.381,6678636208.5021,1.4201,0.5868,0.4132,0.9962,2450.322,2459.574,0.0
2026-08-30 08:00:00,7.7e-05,105102.381,6678636208.5021,1.4201,0.5868,0.4132,0.9962,2450.322,2459.574,0.0
2026-08-30 09:00:00,7.7e-05,105102.381,6678636208.5021,1.4201,0.5868,0.4132,0.9962,2450.322,2459.574,0.0
2026-08-30 10:00:00,7.7e-05,105102.381,6678636208.5021,1.4201,0.5868,0.4132,0.9962,2450.322,2459.574,0.0
2026-08-30 11:00:00,7.7e-05,105102.381,6678636208.5021,1.4201,0.5868,0.4132,0.9962,2450.322,2459.574,0.0
2026-08-30 12:00:00,7.7e-05,105102.381,6678636208.5021,1.4201,0.5868,0.4132,0.9962,2450.322,2459.574,0.0
2026-08-30 13:00:00,7.7e-05,105102.381,6678636208.5021,1.4201,0.5868,0.4132,0.9962,2450.322,2459.574,0.0
2026-08-30 14:00:00,7.7e-05,105102.381,6678636208.5021,1.4201,0.5868,0.4132,0.9962,2450.322,2459.574,0.0
2026-08-30 15:00:00,7.7e-05,105102.381,6678636208.5021,1.4201,0.5868,0.4132,0.9962,2450.322,2459.574,0.0
2026-08-30 16:00:00,7.7e-05,105102.381,6678636208.5021,1.4201,0.5868,0.4132,0.9962,2450.322,2459.574,0.0
2026-08-30 17:00:00,7.7e-05,105102.381,6678636208.5021,1.4201,0.5868,0.4132,0.9962,2450.322,2459.574,0.0
2026-08-30 18:00:00,7.7e-05,105102.381,6678636208.5021,1.4201,0.5868,0.4132,0.9962,2450.322,2459.574,0.0
2026-08-30 19:00:00,7.7e-05,105102.381,6678636208.5021,1.4201,0.5868,0.4132,0.9962,2450.322,2459.574,0.0
2026-08-30 20:00:00,7.7e-05,105102.381,6678636208.5021,1.4201,0.5868,0.4132,0.9962,2450.322,2459.574,0.0
2026-08-30 21:00:00,7.7e-05,105102.381,6678636208.5021,1.4201,0.5868,0.4132,0.9962,2450.322,2459.574,0.0
2026-08-30 22:00:00,7.7e-05,105102.381,6678636208.5021,1.4201,0.5868,0.4132,0.9962,2450.322,2459.574,0.0
2026-08-30 23:00:00,7.7e-05,105102.381,6678636208.5021,1.4201,0.5868,0.4132,0.9962,2450.322,2459.574,0.0
2026-08-31 00:00:00,7.7e-05,105102.381,6678636208.5021,1.4201,0.5868,0.4132,0.9962,2450.322,2459.574,0.0
2026-08-31 01:00:00,7.7e-05,105102.381,6678636208.5021,1.4201,0.5868,0.4132,0.9962,2450.322,2459.574,0.0
2026-08-31 02:00:00,7.7e-05,105102.381,6678636208.5021,1.4201,0.5868,0.4132,0.9962,2450.322,2459.574,0.0
2026-08-31 03:00:00,7.7e-05,105102.381,6678636208.5021,1.4201,0.5868,0.4132,0.9962,2450.322,2459.574,0.0
2026-08-31 04:00:00,7.7e-05,105102.381,6678636208.5021,1.4201,0.5868,0.4132,0.9962,2450.322,2459.574,0.0
2026-08-31 05:00:00,7.7e-05,105102.381,6678636208.5021,1.4201,0.5868,0.4132,0.9962,2450.322,2459.574,0.0
2026-08-31 06:00:00,7.7e-05,105102.381,6678636208.5021,1.4201,0.5868,0.4132,0.9962,2450.322,2459.574,0.0
2026-08-31 07:00:00,7.7e-05,105102.381,6678636208.5021,1.4201,0.5868,0.4132,0.9962,2450.322,2459.574,0.0
2026-08-31 08:00:00,7.7e-05,105102.381,6678636208.5021,1.4201,0.5868,0.4132,0.9962,2450.322,2459.574,0.0
2026-08-31 09:00:00,7.7e-05,105102.381,6678636208.5021,1.4201,0.5868,0.4132,0.9962,2450.322,2459.574,0.0
2026-08-31 10:00:00,7.7e-05,105102.381,6678636208.5021,1.4201,0.5868,0.4132,0.9962,2450.322,2459.574,0.0
2026-08-31 11:00:00,7.7e-05,105102.381,6678636208.5021,1.4201,0.5868,0.4132,0.9962,2450.322,2459.574,0.0
2026-08-31 12:00:00,7.7e-05,105102.381,6678636208.5021,1.4201,0.5868,0.4132,0.9962,2450.322,2459.574,0.0
2026-08-31 13:00:00,7.7e-05,105102.381,6678636208.5021,1.4201,0.5868,0.4132,0.9962,2450.322,2459.574,0.0
2026-08-31 14:00:00,7.7e-05,105102.381,6678636208.5021,1.4201,0.5868,0.4132,0.9962,2450.322,2459.574,0.0
2026-08-31 15:00:00,7.7e-05,105102.381,6678636208.5021,1.4201,0.5868,0.4132,0.9962,2450.322,2459.574,0.0
2026-08-31 16:00:00,7.7e-05,105102.381,6678636208.5021,1.4201,0.5868,0.4132,0.9962,2450.322,2459.574,0.0
2026-08-31 17:00:00,7.7e-05,105102.381,6678636208.5021,1.4201,0.5868,0.4132,0.9962,2450.322,2459.574,0.0
2026-08-31 18:00:00,7.7e-05,105102.381,6678636208.5021,1.4201,0.5868,0.4132,0.9962,2450.322,2459.574,0.0
2026-08-31 19:00:00,7.7e-05,105102.381,6678636208.5021,1.4201,0.5868,0.4132,0.9962,2450.322,2459.574,0.0
2026-08-31 20:00:00,7.7e-05,105102.381,6678636208.5021,1.4201,0.5868,0.4132,0.9962,2450.322,2459.574,0.0
2026-08-31 21:00:00,7.7e-05,105102.381,6678636208.5021,1.4201,0.5868,0.4132,0.9962,2450.322,2459.574,0.0
2026-08-31 22:00:00,7.7e-05,105102.381,6678636208.5021,1.4201,0.5868,0.4132,0.9962,2450.322,2459.574,0.0
2026-08-31 23:00:00,7.7e-05,105102.381,6678636208.5021,1.4201,0.5868,0.4132,0.9962,2450.322,2459.574,0.0
2026-09-01 00:00:00,7.7e-05,105102.381,6678636208.5021,1.4201,0.5868,0.4132,0.9962,2450.322,2459.574,0.0
2026-09-01 01:00:00,7.7e-05,105102.381,6678636208.5021,1.4201,0.5868,0.4132,0.9962,2450.322,2459.574,0.0
2026-09-01 02:00:00,7.7e-05,105102.381,6678636208.5021,1.4201,0.5868,0.4132,0.9962,2450.322,2459.574,0.0
2026-09-01 03:00:00,7.7e-05,105102.381,6678636208.5021,1.4201,0.5868,0.4132,0.9962,2450.322,2459.574,0.0
2026-09-01 04:00:00,7.7e-05,105102.381,6678636208.5021,1.4201,0.5868,0.4132,0.9962,2450.322,2459.574,0.0
2026-09-01 05:00:00,7.7e-05,105102.381,6678636208.5021,1.4201,0.5868,0.4132,0.9962,2450.322,2459.574,0.0
2026-09-01 06:00:00,7.7e-05,105102.381,6678636208.5021,1.4201,0.5868,0.4132,0.9962,2450.322,2459.574,0.0
2026-09-01 07:00:00,7.7e-05,105102.381,6678636208.5021,1.4201,0.5868,0.4132,0.9962,2450.322,2459.574,0.0
2026-09-01 08:00:00,7.7e-05,105102.381,6678636208.5021,1.4201,0.5868,0.4132,0.9962,2450.322,2459.574,0.0
2026-09-01 09:00:00,7.7e-05,105102.381,6678636208.5021,1.4201,0.5868,0.4132,0.9962,2450.322,2459.574,0.0
2026-09-01 10:00:00,7.7e-05,105102.381,6678636208.5021,1.4201,0.5868,0.4132,0.9962,2450.322,2459.574,0.0
2026-09-01 11:00:00,7.7e-05,105102.381,6678636208.5021,1.4201,0.5868,0.4132,0.9962,2450.322,2459.574,0.0
2026-09-01 12:00:00,7.7e-05,105102.381,6678636208.5021,1.4201,0.5868,0.4132,0.9962,2450.322,2459.574,0.0
2026-09-01 13:00:00,7.7e-05,105102.381,6678636208.5021,1.4201,0.5868,0.4132,0.9962,2450.322,2459.574,0.0
2026-09-01 14:00:00,7.7e-05,105102.381,6678636208.5021,1.4201,0.5868,0.4132,0.9962,2450.322,2459.574,0.0
2026-09-01 15:00:00,7.7e-05,105102.381,6678636208.5021,1.4201,0.5868,0.4132,0.9962,2450.322,2459.574,0.0
2026-09-01 16:00:00,7.7e-05,105102.381,6678636208.5021,1.4201,0.5868,0.4132,0.9962,2450.322,2459.574,0.0
2026-09-01 17:00:00,7.7e-05,105102.381,6678636208.5021,1.4201,0.5868,0.4132,0.9962,2450.322,2459.574,0.0
2026-09-01 18:00:00,7.7e-05,105102.381,6678636208.5021,1.4201,0.5868,0.4132,0.9962,2450.322,2459.574,0.0
2026-09-01 19:00:00,7.7e-05,105102.381,6678636208.5021,1.4201,0.5868,0.4132,0.9962,2450.322,2459.574,0.0
2026-09-01 20:00:00,7.7e-05,105102.381,6678636208.5021,1.4201,0.5868,0.4132,0.9962,2450.322,2459.574,0.0
2026-09-01 21:00:00,7.7e-05,105102.381,6678636208.5021,1.4201,0.5868,0.4132,0.9962,2450.322,2459.574,0.0
2026-09-01 22:00:00,7.7e-05,105102.381,6678636208.5021,1.4201,0.5868,0.4132,0.9962,2450.322,2459.574,0.0
2026-09-01 23:00:00,7.7e-05,105102.381,6678636208.5021,1.4201,0.5868,0.4132,0.9962,2450.322,2459.574,0.0
2026-09-02 00:00:00,7.7e-05,105102.381,6678636208.5021,1.4201,0.5868,0.4132,0.9962,2450.322,2459.574,0.0
2026-09-02 01:00:00,7.7e-05,105102.381,6678636208.5021,1.4201,0.5868,0.4132,0.9962,2450.322,2459.574,0.0
2026-09-02 02:00:00,7.7e-05,105102.381,6678636208.5021,1.4201,0.5868,0.4132,0.9962,2450.322,2459.574,0.0
2026-09-02 03:00:00,7.7e-05,105102.381,6678636208.5021,1.4201,0.5868,0.4132,0.9962,2450.322,2459.574,0.0
2026-09-02 04:00:00,7.7e-05,105102.381,6678636208.5021,1.4201,0.5868,0.4132,0.9962,2450.322,2459.574,0.0
2026-09-02 05:00:00,7.7e-05,105102.381,6678636208.5021,1.4201,0.5868,0.4132,0.9962,2450.322,2459.574,0.0
2026-09-02 06:00:00,7.7e-05,105102.381,6678636208.5021,1.4201,0.5868,0.4132,0.9962,2450.322,2459.574,0.0
2026-09-02 07:00:00,7.7e-05,105102.381,6678636208.5021,1.4201,0.5868,0.4132,0.9962,2450.322,2459.574,0.0
2026-09-02 08:00:00,7.7e-05,105102.381,6678636208.5021,1.4201,0.5868,0.4132,0.9962,2450.322,2459.574,0.0
2026-09-02 09:00:00,7.7e-05,105102.381,6678636208.5021,1.4201,0.5868,0.4132,0.9962,2450.322,2459.574,0.0
2026-09-02 10:00:00,7.7e-05,105102.381,6678636208.5021,1.4201,0.5868,0.4132,0.9962,2450.322,2459.574,0.0
2026-09-02 11:00:00,7.7e-05,105102.381,6678636208.5021,1.4201,0.5868,0.4132,0.9962,2450.322,2459.574,0.0
2026-09-02 12:00:00,7.7e-05,105102.381,6678636208.5021,1.4201,0.5868,0.4132,0.9962,2450.322,2459.574,0.0
2026-09-02 13:00:00,7.7e-05,105102.381,6678636208.5021,1.4201,0.5868,0.4132,0.9962,2450.322,2459.574,0.0
2026-09-02 14:00:00,7.7e-05,105102.381,6678636208.5021,1.4201,0.5868,0.4132,0.9962,2450.322,2459.574,0.0
2026-09-02 15:00:00,7.7e-05,105102.381,6678636208.5021,1.4201,0.5868,0.4132,0.9962,2450.322,2459.574,0.0
2026-09-02 16:00:00,7.7e-05,105102.381,6678636208.5021,1.4201,0.5868,0.4132,0.9962,2450.322,2459.574,0.0
2026-09-02 17:00:00,7.7e-05,105102.381,6678636208.5021,1.4201,0.5868,0.4132,0.9962,2450.322,2459.574,0.0
2026-09-02 18:00:00,7.7e-05,105102.381,6678636208.5021,1.4201,0.5868,0.4132,0.9962,2450.322,2459.574,0.0
2026-09-02 19:00:00,7.7e-05,105102.381,6678636208.5021,1.4201,0.5868,0.4132,0.9962,2450.322,2459.574,0.0
2026-09-02 20:00:00,7.7e-05,105102.381,6678636208.5021,1.4201,0.5868,0.4132,0.9962,2450.322,2459.574,0.0
2026-09-02 21:00:00,7.7e-05,105102.381,6678636208.5021,1.4201,0.5868,0.4132,0.9962,2450.322,2459.574,0.0
2026-09-02 22:00:00,7.7e-05,105102.381,6678636208.5021,1.4201,0.5868,0.4132,0.9962,2450.322,2459.574,0.0
2026-09-02 23:00:00,7.7e-05,105102.381,6678636208.5021,1.4201,0.5868,0.4132,0.9962,2450.322,2459.574,0.0
2026-09-03 00:00:00,7.7e-05,105102.381,6678636208.5021,1.4201,0.5868,0.4132,0.9962,2450.322,2459.574,0.0
2026-09-03 01:00:00,7.7e-05,105102.381,6678636208.5021,1.4201,0.5868,0.4132,0.9962,2450.322,2459.574,0.0
2026-09-03 02:00:00,7.7e-05,105102.381,6678636208.5021,1.4201,0.5868,0.4132,0.9962,2450.322,2459.574,0.0
2026-09-03 03:00:00,7.7e-05,105102.381,6678636208.5021,1.4201,0.5868,0.4132,0.9962,2450.322,2459.574,0.0
2026-09-03 04:00:00,7.7e-05,105102.381,6678636208.5021,1.4201,0.5868,0.4132,0.9962,2450.322,2459.574,0.0
2026-09-03 05:00:00,7.7e-05,105102.381,6678636208.5021,1.4201,0.5868,0.4132,0.9962,2450.322,2459.574,0.0
2026-09-03 06:00:00,7.7e-05,105102.381,6678636208.5021,1.4201,0.5868,0.4132,0.9962,2450.322,2459.574,0.0
2026-09-03 07:00:00,7.7e-05,105102.381,6678636208.5021,1.4201,0.5868,0.4132,0.9962,2450.322,2459.574,0.0
2026-09-03 08:00:00,7.7e-05,105102.381,6678636208.5021,1.4201,0.5868,0.4132,0.9962,2450.322,2459.574,0.0
2026-09-03 09:00:00,7.7e-05,105102.381,6678636208.5021,1.4201,0.5868,0.4132,0.9962,2450.322,2459.574,0.0
2026-09-03 10:00:00,7.7e-05,105102.381,6678636208.5021,1.4201,0.5868,0.4132,0.9962,2450.322,2459.574,0.0
2026-09-03 11:00:00,7.7e-05,105102.381,6678636208.5021,1.4201,0.5868,0.4132,0.9962,2450.322,2459.574,0.0
2026-09-03 12:00:00,7.7e-05,105102.381,6678636208.5021,1.4201,0.5868,0.4132,0.9962,2450.322,2459.574,0.0
2026-09-03 13:00:00,7.7e-05,105102.381,6678636208.5021,1.4201,0.5868,0.4132,0.9962,2450.322,2459.574,0.0
2026-09-03 14:00:00,7.7e-05,105102.381,6678636208.5021,1.4201,0.5868,0.4132,0.9962,2450.322,2459.574,0.0
2026-09-03 15:00:00,7.7e-05,105102.381,6678636208.5021,1.4201,0.5868,0.4132,0.9962,2450.322,2459.574,0.0
2026-09-03 16:00:00,7.7e-05,105102.381,6678636208.5021,1.4201,0.5868,0.4132,0.9962,2450.322,2459.574,0.0
2026-09-03 17:00:00,7.7e-05,105102.381,6678636208.5021,1.4201,0.5868,0.4132,0.9962,2450.322,2459.574,0.0
2026-09-03 18:00:00,7.7e-05,105102.381,6678636208.5021,1.4201,0.5868,0.4132,0.9962,2450.322,2459.574,0.0
2026-09-03 19:00:00,7.7e-05,105102.381,6678636208.5021,1.4201,0.5868,0.4132,0.9962,2450.322,2459.574,0.0
2026-09-03 20:00:00,7.7e-05,105102.381,6678636208.5021,1.4201,0.5868,0.4132,0.9962,2450.322,2459.574,0.0
2026-09-03 21:00:00,7.7e-05,105102.381,6678636208.5021,1.4201,0.5868,0.4132,0.9962,2450.322,2459.574,0.0
2026-09-03 22:00:00,7.7e-05,105102.381,6678636208.5021,1.4201,0.5868,0.4132,0.9962,2450.322,2459.574,0.0
2026-09-03 23:00:00,7.7e-05,105102.381,6678636208.5021,1.4201,0.5868,0.4132,0.9962,2450.322,2459.574,0.0
2026-09-04 00:00:00,7.7e-05,105102.381,6678636208.5021,1.4201,0.5868,0.4132,0.9962,2450.322,2459.574,0.0
2026-09-04 01:00:00,7.7e-05,105102.381,6678636208.5021,1.4201,0.5868,0.4132,0.9962,2450.322,2459.574,0.0
2026-09-04 02:00:00,7.7e-05,105102.381,6678636208.5021,1.4201,0.5868,0.4132,0.9962,2450.322,2459.574,0.0
2026-09-04 03:00:00,7.7e-05,105102.381,6678636208.5021,1.4201,0.5868,0.4132,0.9962,2450.322,2459.574,0.0
2026-09-04 04:00:00,7.7e-05,105102.381,6678636208.5021,1.4201,0.5868,0.4132,0.9962,2450.322,2459.574,0.0
2026-09-04 05:00:00,7.7e-05,105102.381,6678636208.5021,1.4201,0.5868,0.4132,0.9962,2450.322,2459.574,0.0
2026-09-04 06:00:00,7.7e-05,105102.381,6678636208.5021,1.4201,0.5868,0.4132,0.9962,2450.322,2459.574,0.0
2026-09-04 07:00:00,7.7e-05,105102.381,6678636208.5021,1.4201,0.5868,0.4132,0.9962,2450.322,2459.574,0.0
2026-09-04 08:00:00,7.7e-05,105102.381,6678636208.5021,1.4201,0.5868,0.4132,0.9962,2450.322,2459.574,0.0
2026-09-04 09:00:00,7.7e-05,105102.381,6678636208.5021,1.4201,0.5868,0.4132,0.9962,2450.322,2459.574,0.0
2026-09-04 10:00:00,7.7e-05,105102.381,6678636208.5021,1.4201,0.5868,0.4132,0.9962,2450.322,2459.574,0.0
2026-09-04 11:00:00,7.7e-05,105102.381,6678636208.5021,1.4201,0.5868,0.4132,0.9962,2450.322,2459.574,0.0
2026-09-04 12:00:00,7.7e-05,105102.381,6678636208.5021,1.4201,0.5868,0.4132,0.9962,2450.322,2459.574,0.0
2026-09-04 13:00:00,7.7e-05,105102.381,6678636208.5021,1.4201,0.5868,0.4132,0.9962,2450.322,2459.574,0.0
2026-09-04 14:00:00,7.7e-05,105102.381,6678636208.5021,1.4201,0.5868,0.4132,0.9962,2450.322,2459.574,0.0
2026-09-04 15:00:00,7.7e-05,105102.381,6678636208.5021,1.4201,0.5868,0.4132,0.9962,2450.322,2459.574,0.0
2026-09-04 16:00:00,7.7e-05,105102.381,6678636208.5021,1.4201,0.5868,0.4132,0.9962,2450.322,2459.574,0.0
2026-09-04 17:00:00,7.7e-05,105102.381,6678636208.5021,1.4201,0.5868,0.4132,0.9962,2450.322,2459.574,0.0
2026-09-04 18:00:00,7.7e-05,105102.381,6678636208.5021,1.4201,0.5868,0.4132,0.9962,2450.322,2459.574,0.0
2026-09-04 19:00:00,7.7e-05,105102.381,6678636208.5021,1.4201,0.5868,0.4132,0.9962,2450.322,2459.574,0.0
2026-09-04 20:00:00,7.7e-05,105102.381,6678636208.5021,1.4201,0.5868,0.4132,0.9962,2450.322,2459.574,0.0
2026-09-04 21:00:00,7.7e-05,105102.381,6678636208.5021,1.4201,0.5868,0.4132,0.9962,2450.322,2459.574,0.0
2026-09-04 22:00:00,7.7e-05,105102.381,6678636208.5021,1.4201,0.5868,0.4132,0.9962,2450.322,2459.574,0.0
2026-09-04 23:00:00,7.7e-05,105102.381,6678636208.5021,1.4201,0.5868,0.4132,0.9962,2450.322,2459.574,0.0
2026-09-05 00:00:00,7.7e-05,105102.381,6678636208.5021,1.4201,0.5868,0.4132,0.9962,2450.322,2459.574,0.0
2026-09-05 01:00:00,7.7e-05,105102.381,6678636208.5021,1.4201,0.5868,0.4132,0.9962,2450.322,2459.574,0.0
2026-09-05 02:00:00,7.7e-05,105102.381,6678636208.5021,1.4201,0.5868,0.4132,0.9962,2450.322,2459.574,0.0
2026-09-05 03:00:00,7.7e-05,105102.381,6678636208.5021,1.4201,0.5868,0.4132,0.9962,2450.322,2459.574,0.0
2026-09-05 04:00:00,7.7e-05,105102.381,6678636208.5021,1.4201,0.5868,0.4132,0.9962,2450.322,2459.574,0.0
2026-09-05 05:00:00,7.7e-05,105102.381,6678636208.5021,1.4201,0.5868,0.4132,1.0861,846.239,779.17,0.0
2026-09-05 06:00:00,7.7e-05,107537.907,8553575876.570701,1.0157,0.5039,0.4961,1.5246,1099.385,721.108,0.0
2026-09-05 07:00:00,7.7e-05,107647.337,8569438497.6242,1.0247,0.5061,0.4939,1.2548,810.493,645.926,0.0
2026-09-05 08:00:00,-1.5e-06,107459.972,8561669095.1532,1.0333,0.5082,0.4918,1.1211,755.375,673.776,0.0
2026-09-05 09:00:00,-1.5e-06,107416.583,8552239797.0025,1.0325,0.508,0.492,1.3878,806.738,581.323,0.0
2026-09-05 10:00:00,-1.5e-06,107278.443,8538784759.2078,1.035,0.5086,0.4914,1.084,866.225,799.099,0.0
2026-09-05 11:00:00,-1.5e-06,107239.641,8534398187.429007,1.0338,0.5083,0.4917,1.1554,773.007,669.025,0.0
2026-09-05 12:00:00,-1.5e-06,107263.649,8535777109.78339,1.0383,0.5094,0.4906,1.0883,1037.205,953.029,0.0
2026-09-05 13:00:00,-1.5e-06,106976.691,8522405065.206,1.05,0.5122,0.4878,0.9524,924.5,970.665,0.0
2026-09-05 14:00:00,-1.5e-06,106834.408,8501376584.7937565,1.0547,0.5133,0.4867,1.4514,757.324,521.787,0.0
2026-09-05 15:00:00,-1.5e-06,106793.825,8509226493.107648,1.0433,0.5106,0.4894,1.333,964.603,723.622,0.0
2026-09-05 16:00:00,-1.5e-06,106828.748,8520938116.182007,1.0437,0.5107,0.4893,1.5147,3584.755,2366.66,0.0
2026-09-05 17:00:00,-1.5e-06,106684.283,8534891997.9962,1.0803,0.5193,0.4807,0.8869,1907.968,2151.189,0.0
2026-09-05 18:00:00,-1.5e-06,106522.058,8525129841.098141,1.0751,0.5181,0.4819,0.9196,964.837,1049.238,0.0
2026-09-05 19:00:00,-1.5e-06,106538.002,8518688122.549808,1.0623,0.5151,0.4849,0.4905,819.703,1671.112,0.0
2026-09-05 20:00:00,-1.5e-06,106335.573,8477061246.002701,1.0517,0.5126,0.4874,1.0577,1301.474,1230.484,0.0
2026-09-05 21:00:00,-1.5e-06,106368.789,8477815857.756899,1.0509,0.5124,0.4876,1.5006,869.975,579.735,0.0
2026-09-05 22:00:00,-1.5e-06,106198.399,8482331624.127501,1.0517,0.5126,0.4874,0.9279,948.927,1022.671,0.0
2026-09-05 23:00:00,-1.5e-06,106372.316,8484161244.319822,1.0509,0.5124,0.4876,0.9066,1031.697,1137.995,0.0
2026-09-06 00:00:00,3.589e-05,106255.013,8479150037.4,1.0475,0.5116,0.4884,0.9629,700.262,727.264,0.0
2026-09-06 01:00:00,3.589e-05,106398.327,8494076359.7256,1.0504,0.5123,0.4877,1.0285,1287.701,1252.051,0.0
2026-09-06 02:00:00,3.589e-05,106389.654,8502189973.9019375,1.0606,0.5147,0.4853,0.9712,788.429,811.808,0.0
2026-09-06 03:00:00,3.589e-05,106368.546,8495899531.041714,1.0534,0.513,0.487,1.4404,1039.18,721.468,0.0
2026-09-06 04:00:00,3.589e-05,106506.602,8519569600.582,1.061,0.5148,0.4852,0.6237,645.415,1034.818,0.0
2026-09-06 05:00:00,3.589e-05,106452.654,8497487298.1614,1.0657,0.5159,0.4841,1.0495,1319.134,1256.893,0.0
2026-09-06 06:00:00,3.589e-05,106264.838,8496171339.6464,1.0695,0.5168,0.4832,0.5485,1140.226,2078.838,0.0
2026-09-06 07:00:00,3.589e-05,106901.024,8523775105.955323,1.0738,0.5178,0.4822,0.8167,1662.377,2035.4,0.0
2026-09-06 08:00:00,2.295e-05,106494.917,8496341434.226814,1.067,0.5162,0.4838,1.0849,971.109,895.091,0.0
2026-09-06 09:00:00,2.295e-05,106449.98,8495730323.808,1.0602,0.5146,0.4854,1.22,1236.339,1013.41,0.0
2026-09-06 10:00:00,2.295e-05,106565.31,8509479526.795465,1.0627,0.5152,0.4848,1.0956,578.426,527.944,0.0
2026-09-06 11:00:00,2.295e-05,106600.483,8524233002.756899,1.0623,0.5151,0.4849,0.728,604.539,830.433,0.0
2026-09-06 12:00:00,2.295e-05,106740.154,8526471605.605448,1.0602,0.5146,0.4854,0.9421,800.665,849.834,0.0
2026-09-06 13:00:00,2.295e-05,106684.355,8522148977.6744995,1.0597,0.5145,0.4855,0.8209,1129.788,1376.286,0.0
2026-09-06 14:00:00,2.295e-05,106711.715,8515375589.169987,1.0563,0.5137,0.4863,0.8137,3387.941,4163.474,0.0
2026-09-06 15:00:00,2.295e-05,106519.125,8469058679.025,1.0475,0.5116,0.4884,1.313,1607.702,1224.486,0.0
2026-09-06 16:00:00,2.295e-05,106402.009,8477888632.901101,1.0517,0.5126,0.4874,1.0698,1061.776,992.498,0.0
2026-09-06 17:00:00,2.295e-05,106303.3,8467057845.0,1.0542,0.5132,0.4868,0.9425,749.533,795.233,0.0
2026-09-06 18:00:00,2.295e-05,106391.61,8480262449.88,1.0542,0.5132,0.4868,1.3564,1061.323,782.479,0.0
2026-09-06 19:00:00,2.295e-05,106228.527,8489432170.582803,1.0538,0.5131,0.4869,0.7215,511.777,709.371,0.0
2026-09-06 20:00:00,2.295e-05,106240.836,8478507420.6456,1.0513,0.5125,0.4875,0.9802,610.709,623.019,0.0
2026-09-06 21:00:00,2.295e-05,106169.755,8479101374.258408,1.0525,0.5128,0.4872,0.9871,908.657,920.495,0.0
2026-09-06 22:00:00,2.295e-05,106023.58,8471559703.308,1.0576,0.514,0.486,1.0468,2066.352,1973.913,0.0
2026-09-06 23:00:00,2.295e-05,105990.668,8480135448.256474,1.0559,0.5136,0.4864,1.2264,4321.351,3523.555,0.0
2026-09-07 00:00:00,2.295e-05,105543.713,8475632589.396382,1.0602,0.5146,0.4854,0.9741,2232.704,2292.082,0.0
2026-09-07 01:00:00,2.295e-05,105722.512,8470699106.464,1.0538,0.5131,0.4869,0.7884,1899.92,2409.906,0.0
2026-09-07 02:00:00,2.295e-05,105656.903,8441479396.5656,1.0371,0.5091,0.4909,0.9192,2701.136,2938.539,0.0
2026-09-07 03:00:00,2.295e-05,105563.599,8428503878.597101,1.045,0.511,0.489,0.777,2318.881,2984.285,0.0
2026-09-07 04:00:00,2.295e-05,105731.626,8412252291.223122,1.0517,0.5126,0.4874,0.9072,1826.918,2013.768,0.0
2026-09-07 05:00:00,2.295e-05,105904.865,8439199949.863861,1.0687,0.5166,0.4834,1.0335,1941.622,1878.599,0.0
2026-09-07 06:00:00,2.295e-05,106230.592,8468995226.275762,1.0648,0.5157,0.4843,0.6764,774.165,1144.602,0.0
2026-09-07 07:00:00,2.295e-05,106338.433,8466357654.004301,1.0585,0.5142,0.4858,0.7607,3862.244,5077.457,0.0
2026-09-07 08:00:00,3.113e-05,106702.712,8467415051.3024,1.0734,0.5177,0.4823,0.9672,1732.664,1791.41,0.0
2026-09-07 09:00:00,3.113e-05,106798.621,8479276514.295,1.0794,0.5191,0.4809,0.7472,1233.441,1650.78,0.0
2026-09-07 10:00:00,3.113e-05,107082.285,8489333639.601,1.076,0.5183,0.4817,0.9432,893.549,947.361,0.0
2026-09-07 11:00:00,3.113e-05,107073.708,8493734582.1776705,1.0829,0.5199,0.4801,0.8773,917.009,1045.286,0.0
2026-09-07 12:00:00,3.113e-05,107244.192,8512969235.715456,1.0938,0.5224,0.4776,1.4318,1315.836,918.983,0.0
2026-09-07 13:00:00,3.113e-05,107251.215,8533988694.151939,1.1119,0.5265,0.4735,0.6742,1667.106,2472.601,0.0
2026-09-07 14:00:00,3.113e-05,107470.844,8523985509.3536,1.1066,0.5253,0.4747,0.9718,4403.338,4531.014,0.0
2026-09-07 15:00:00,3.113e-05,108040.384,8551698906.6752,1.1441,0.5336,0.4664,0.814,4419.918,5429.832,0.0
2026-09-07 16:00:00,3.113e-05,107779.817,8490031565.872016,1.158,0.5366,0.4634,1.3317,2308.168,1733.251,0.0
2026-09-07 17:00:00,3.113e-05,107848.683,8518996578.373161,1.1782,0.5409,0.4591,1.3099,1754.249,1339.207,0.0
2026-09-07 18:00:00,3.113e-05,107827.653,8535177317.192184,1.1768,0.5406,0.4594,0.6674,863.721,1294.162,0.0
2026-09-07 19:00:00,3.113e-05,107735.615,8528200453.539,1.1659,0.5383,0.4617,1.5309,1473.386,962.436,0.0
2026-09-07 20:00:00,3.113e-05,107225.474,8507011766.0224,1.1636,0.5378,0.4622,1.0021,804.509,802.845,0.0
2026-09-07 21:00:00,3.113e-05,107088.82,8482202733.234392,1.1561,0.5362,0.4638,0.8572,605.7,706.589,0.0
2026-09-07 22:00:00,3.113e-05,106965.716,8464111534.5072,1.1538,0.5357,0.4643,0.9571,1877.593,1961.841,0.0
2026-09-07 23:00:00,3.113e-05,107100.284,8452471718.35859,1.1524,0.5354,0.4646,1.3651,1450.763,1062.746,0.0
2026-09-08 00:00:00,3.113e-05,106876.11,8451324586.749,1.1608,0.5372,0.4628,1.1528,1687.921,1464.155,0.0
2026-09-08 01:00:00,3.113e-05,106780.928,8466328760.2432,1.1636,0.5378,0.4622,1.3517,1509.719,1116.878,0.0
2026-09-08 02:00:00,3.113e-05,106670.827,8470634368.325699,1.1654,0.5382,0.4618,0.8502,1783.098,2097.341,0.0
2026-09-08 03:00:00,3.113e-05,106651.691,8415372772.978032,1.1608,0.5372,0.4628,0.8687,2556.292,2942.714,0.0
2026-09-08 04:00:00,3.113e-05,107116.487,8449348494.56,1.1844,0.5422,0.4578,0.8681,1625.62,1872.628,0.0
2026-09-08 05:00:00,3.113e-05,107272.27,8437081160.495217,1.1997,0.5454,0.4546,1.0444,3322.424,3181.239,0.0
2026-09-08 06:00:00,3.113e-05,107549.279,8448307758.3591,1.2119,0.5479,0.4521,0.7131,3912.212,5486.072,0.0
2026-09-08 07:00:00,3.113e-05,108260.568,8475665738.436,1.2198,0.5495,0.4505,1.157,3467.94,2997.393,0.0
2026-09-08 08:00:00,3.113e-05,108487.675,8510311238.850036,1.2553,0.5566,0.4434,1.0765,2438.297,2265.102,0.0
2026-09-08 09:00:00,3.113e-05,109077.319,8549927480.2279005,1.2717,0.5598,0.4402,1.1878,3106.133,2615.136,0.0
2026-09-08 10:00:00,3.113e-05,108581.073,8549021794.79604,1.2857,0.5625,0.4375,0.8599,2526.871,2938.563,0.0
2026-09-08 11:00:00,3.113e-05,108415.304,8513788773.9376,1.2722,0.5599,0.4401,0.9941,2777.139,2793.605,0.0
2026-09-08 12:00:00,3.113e-05,108594.919,8513852509.091901,1.2758,0.5606,0.4394,0.9082,2223.654,2448.538,0.0
2026-09-08 13:00:00,3.113e-05,109175.635,8561203934.668,1.2883,0.563,0.437,0.7598,7543.325,9928.524,0.0
2026-09-08 14:00:00,3.113e-05,108987.866,8494132818.509,1.3337,0.5715,0.4285,1.1426,5719.639,5005.691,0.0
2026-09-08 15:00:00,3.113e-05,108443.7,8516533351.292106,1.3213,0.5692,0.4308,1.0622,4415.169,4156.702,0.0
2026-09-08 16:00:00,3.113e-05,107910.875,8510941502.337501,1.3148,0.568,0.432,0.8714,2491.337,2858.847,0.0
2026-09-08 17:00:00,3.113e-05,107579.811,8466520367.718899,1.2941,0.5641,0.4359,0.9251,1514.914,1637.577,0.0
2026-09-08 18:00:00,3.113e-05,107305.531,8420039675.954899,1.2847,0.5623,0.4377,0.9997,2043.516,2044.159,0.0
2026-09-08 19:00:00,3.113e-05,107361.559,8417061319.722411,1.2889,0.5631,0.4369,0.9507,2170.186,2282.842,0.0
2026-09-08 20:00:00,3.113e-05,106915.575,8382961563.697501,1.2899,0.5633,0.4367,0.9511,1439.355,1513.296,0.0
2026-09-08 21:00:00,3.113e-05,106748.863,8374234804.624,1.2957,0.5644,0.4356,0.9066,885.246,976.452,0.0
2026-09-08 22:00:00,3.113e-05,106556.22,8360392821.004125,1.2978,0.5648,0.4352,1.2666,1383.444,1092.271,0.0
2026-09-08 23:00:00,3.113e-05,106422.356,8356943211.7272,1.2973,0.5647,0.4353,0.9725,787.9,810.217,0.0
2026-09-09 00:00:00,3.113e-05,106627.347,8362393359.55277,1.2952,0.5643,0.4357,1.1648,1128.212,968.604,0.0
2026-09-09 01:00:00,3.113e-05,106528.861,8388721688.306,1.3047,0.5661,0.4339,0.7798,1685.265,2161.121,0.0
2026-09-09 02:00:00,3.113e-05,106661.369,8410376368.885931,1.3084,0.5668,0.4332,1.0308,1181.967,1146.607,0.0
2026-09-09 03:00:00,3.113e-05,106353.533,8369944116.594698,1.2994,0.5651,0.4349,1.2506,1552.73,1241.6,0.0
2026-09-09 04:00:00,3.113e-05,106946.295,8405411452.404752,1.301,0.5654,0.4346,1.3244,3589.123,2710.026,0.0
2026-09-09 05:00:00,3.113e-05,106607.26,8436461466.634,1.3234,0.5696,0.4304,1.1177,4840.507,4330.802,0.0
2026-09-09 06:00:00,3.113e-05,105856.025,8352728436.662499,1.2962,0.5645,0.4355,0.8977,1690.89,1883.608,0.0
2026-09-09 07:00:00,3.113e-05,105864.264,8376561657.3926115,1.281,0.5616,0.4384,0.9664,1635.355,1692.201,0.0
2026-09-09 08:00:00,3.113e-05,105623.302,8370281363.114352,1.2774,0.5609,0.4391,1.2506,4535.467,3626.671,0.0
2026-09-09 09:00:00,3.113e-05,105538.133,8407230997.6598,1.2416,0.5539,0.4461,0.6019,2923.135,4856.817,0.0
2026-09-09 10:00:00,3.113e-05,105470.653,8323850635.904304,1.2158,0.5487,0.4513,1.0138,2664.005,2627.808,0.0
2026-09-09 11:00:00,3.113e-05,105594.704,8329574238.28,1.2326,0.5521,0.4479,1.2403,3785.763,3052.404,0.0
2026-09-09 12:00:00,3.113e-05,105446.802,8362133470.585704,1.2432,0.5542,0.4458,0.992,3338.321,3365.206,0.0
2026-09-09 13:00:00,3.113e-05,105218.574,8371755398.681755,1.2227,0.5501,0.4499,0.7403,4048.049,5467.781,0.0
2026-09-09 14:00:00,3.113e-05,104721.575,8284817018.66,1.1825,0.5418,0.4582,0.8415,5929.879,7046.431,0.0
2026-09-09 15:00:00,3.113e-05,105979.863,8365223742.2886,1.1209,0.5285,0.4715,0.9301,11673.766,12551.593,0.0
2026-09-09 16:00:00,3.113e-05,105487.135,8288124196.95,1.1631,0.5377,0.4623,1.3418,3814.293,2842.587,0.0
2026-09-09 17:00:00,3.113e-05,104726.798,8249410486.22086,1.2306,0.5517,0.4483,0.71,1919.529,2703.75,0.0
2026-09-09 18:00:00,3.113e-05,104956.674,8264515698.607905,1.1589,0.5368,0.4632,0.665,1424.789,2142.574,0.0
2026-09-09 19:00:00,3.113e-05,105082.789,8236809332.976,1.1422,0.5332,0.4668,1.0828,2456.778,2268.897,0.0
2026-09-09 20:00:00,3.113e-05,105016.529,8212282066.1471,1.1538,0.5357,0.4643,1.0304,2666.017,2587.359,0.0
2026-09-09 21:00:00,3.113e-05,104898.16,8212198314.083229,1.1777,0.5408,0.4592,0.9194,1258.202,1368.439,0.0
2026-09-09 22:00:00,3.113e-05,105150.772,8213547855.588879,1.1988,0.5452,0.4548,1.0576,3555.962,3362.397,0.0
2026-09-09 23:00:00,3.113e-05,105235.548,8196934610.692447,1.2391,0.5534,0.4466,1.9064,2179.105,1143.022,0.0
2026-09-10 00:00:00,3.562e-05,105105.968,8227209024.903028,1.2707,0.5596,0.4404,1.1555,2537.111,2195.694,0.0
2026-09-10 01:00:00,3.562e-05,105223.859,8222572815.722229,1.2696,0.5594,0.4406,1.3455,3595.705,2672.402,0.0
2026-09-10 02:00:00,3.562e-05,104939.535,8191843690.702611,1.3474,0.574,0.426,0.8453,1663.511,1967.839,0.0
2026-09-10 03:00:00,3.562e-05,104897.428,8215954681.4436,1.3685,0.5778,0.4222,1.3107,2836.006,2163.729,0.0
2026-09-10 04:00:00,3.562e-05,105486.826,8259833772.883362,1.4588,0.5933,0.4067,0.8684,897.568,1033.577,0.0
2026-09-10 05:00:00,3.562e-05,105271.497,8250874076.916657,1.4691,0.595,0.405,1.1314,2148.575,1899.071,0.0
2026-09-10 06:00:00,3.562e-05,104923.475,8236555741.585,1.4777,0.5964,0.4036,0.7384,1998.86,2706.84,0.0
2026-09-10 07:00:00,3.562e-05,104755.062,8211613128.5994,1.4759,0.5961,0.4039,1.1424,3765.857,3296.511,0.0
2026-09-10 08:00:00,3.562e-05,105099.162,8205209107.90519,1.4944,0.5991,0.4009,1.0824,1450.732,1340.25,0.0
2026-09-10 09:00:00,3.562e-05,105222.278,8215008388.0662,1.495,0.5992,0.4008,1.0554,1691.04,1602.215,0.0
2026-09-10 10:00:00,3.562e-05,105416.163,8216715533.116499,1.5,0.6,0.4,0.6042,1214.115,2009.381,0.0
2026-09-10 11:00:00,3.562e-05,105920.906,8244565560.322,1.5056,0.6009,0.3991,0.9275,2510.497,2706.73,0.0
2026-09-10 12:00:00,3.562e-05,106196.243,8263972046.441597,1.5214,0.6034,0.3966,0.6851,12594.564,18383.235,0.0
2026-09-10 13:00:00,3.562e-05,106917.376,8217195183.52091,1.5094,0.6015,0.3985,1.0412,7800.296,7491.972,0.0
2026-09-10 14:00:00,3.562e-05,107995.55,8330554432.651168,1.59,0.6139,0.3861,1.0347,4296.396,4152.37,0.0
2026-09-10 15:00:00,3.562e-05,107645.864,8329336729.665083,1.5846,0.6131,0.3869,0.8118,1987.671,2448.323,0.0
2026-09-10 16:00:00,3.562e-05,107634.86,8311402436.91,1.5602,0.6094,0.3906,0.9767,2946.004,3016.152,0.0
2026-09-10 17:00:00,3.562e-05,107635.499,8306457492.377901,1.5747,0.6116,0.3884,1.0911,2812.172,2577.307,0.0
2026-09-10 18:00:00,3.562e-05,107334.652,8297075934.252,1.588,0.6136,0.3864,1.0842,1874.347,1728.803,0.0
2026-09-10 19:00:00,3.562e-05,107263.023,8283392888.727145,1.6028,0.6158,0.3842,1.0731,1140.901,1063.184,0.0
2026-09-10 20:00:00,3.562e-05,107170.024,8266634820.2568,1.5961,0.6148,0.3852,1.013,829.346,818.731,0.0
2026-09-10 21:00:00,3.562e-05,107109.975,8272456832.1675005,1.5988,0.6152,0.3848,0.546,620.919,1137.293,0.0
2026-09-10 22:00:00,3.562e-05,107244.497,8269998519.409501,1.5954,0.6147,0.3853,0.598,1255.883,2100.176,0.0
2026-09-10 23:00:00,3.562e-05,107335.463,8242741172.832276,1.594,0.6145,0.3855,0.7029,3177.79,4520.781,0.0
2026-09-11 00:00:00,3.562e-05,106858.934,8178512629.0504,1.6008,0.6155,0.3845,1.6532,2917.765,1764.96,0.0
2026-09-11 01:00:00,3.562e-05,106872.735,8216482739.535,1.6302,0.6198,0.3802,0.9158,1739.218,1899.075,0.0
2026-09-11 02:00:00,3.562e-05,106766.95,8215398392.507632,1.6357,0.6206,0.3794,0.7708,892.262,1157.584,0.0
2026-09-11 03:00:00,3.562e-05,106919.831,8212875746.5354,1.6371,0.6208,0.3792,0.9278,2005.357,2161.388,0.0
2026-09-11 04:00:00,3.562e-05,107053.513,8228122303.828701,1.6337,0.6203,0.3797,1.7285,2080.272,1203.519,0.0
2026-09-11 05:00:00,3.562e-05,106941.549,8242808038.127933,1.6483,0.6224,0.3776,1.1884,1120.731,943.062,0.0
2026-09-11 06:00:00,3.562e-05,106990.838,8261853908.5276,1.6575,0.6237,0.3763,1.2277,1593.108,1297.643,0.0
2026-09-11 07:00:00,3.562e-05,106808.246,8252432318.944,1.6371,0.6208,0.3792,0.7703,1189.734,1544.519,0.0
2026-09-11 08:00:00,6.122e-05,106493.345,8220018963.194499,1.6178,0.618,0.382,1.1076,1888.384,1704.934,0.0
2026-09-11 09:00:00,6.122e-05,106635.571,8245510219.1182,1.6042,0.616,0.384,0.7306,1773.506,2427.463,0.0
2026-09-11 10:00:00,6.122e-05,106567.856,8207099637.3424,1.6048,0.6161,0.3839,1.0548,1414.321,1340.897,0.0
2026-09-11 11:00:00,6.122e-05,106523.562,8198802466.055307,1.6015,0.6156,0.3844,0.8769,2188.566,2495.769,0.0
2026-09-11 12:00:00,6.122e-05,106607.188,8210235315.9132,1.6082,0.6166,0.3834,1.0333,23180.985,22434.481,0.0
2026-09-11 13:00:00,6.122e-05,106097.843,8274867849.5304,1.5432,0.6068,0.3932,1.1551,16103.727,13941.229,0.0
2026-09-11 14:00:00,6.122e-05,105424.114,8351049690.746209,1.4857,0.5977,0.4023,0.8925,13174.431,14761.712,0.0
2026-09-11 15:00:00,6.122e-05,104458.941,8226956383.4898,1.3753,0.579,0.421,0.7417,7280.048,9815.187,0.0
2026-09-11 16:00:00,3.593e-05,104001.399,8080742753.748982,1.419,0.5866,0.4134,0.9536,6643.976,6966.958,0.0
2026-09-11 17:00:00,3.593e-05,103468.656,8058730026.165464,1.4789,0.5966,0.4034,0.8521,1666.124,1955.279,0.0
2026-09-11 18:00:00,3.593e-05,103534.1,8023379391.610367,1.4752,0.596,0.404,0.767,4031.849,5256.677,0.0
2026-09-11 19:00:00,3.593e-05,103676.189,7984099717.777233,1.4894,0.5983,0.4017,1.0865,1777.183,1635.645,0.0
2026-09-11 20:00:00,3.593e-05,103536.778,7999250749.524581,1.5126,0.602,0.398,0.9929,1894.832,1908.378,0.0
2026-09-11 21:00:00,3.593e-05,103120.935,7972136996.299798,1.5069,0.6011,0.3989,0.9085,878.086,966.509,0.0
2026-09-11 22:00:00,3.593e-05,103087.835,7946030939.367,1.5088,0.6014,0.3986,1.176,3075.282,2615.108,0.0
2026-09-11 23:00:00,3.593e-05,103824.359,8005896322.49,1.5278,0.6044,0.3956,1.052,2354.061,2237.708,0.0
2026-09-12 00:00:00,3.593e-05,103385.135,7980502326.269425,1.5471,0.6074,0.3926,1.2723,1489.662,1170.797,0.0
2026-09-12 01:00:00,3.593e-05,103364.385,7985271086.729437,1.594,0.6145,0.3855,0.8846,764.244,863.989,0.0
2026-09-12 02:00:00,3.593e-05,103482.135,7992577223.500499,1.6048,0.6161,0.3839,0.814,656.566,806.565,0.0
2026-09-12 03:00:00,3.593e-05,103441.97,7991877506.992173,1.6021,0.6157,0.3843,0.8667,451.102,520.49,0.0
2026-09-12 04:00:00,3.593e-05,103411.297,7987157664.1296,1.6035,0.6159,0.3841,0.7203,560.171,777.693,0.0
2026-09-12 05:00:00,3.593e-05,103492.804,7988236966.6656,1.6076,0.6165,0.3835,1.0435,1288.305,1234.627,0.0
2026-09-12 06:00:00,3.593e-05,103448.795,7983950410.751,1.6021,0.6157,0.3843,1.4023,630.837,449.869,0.0
2026-09-12 07:00:00,3.593e-05,103528.297,7998627172.177982,1.6103,0.6169,0.3831,0.9273,696.49,751.08,0.0
2026-09-12 08:00:00,3.593e-05,103577.385,8000008261.821917,1.6171,0.6179,0.3821,1.0223,1006.784,984.833,0.0
2026-09-12 09:00:00,3.593e-05,103708.752,8019294025.394421,1.6316,0.62,0.38,1.125,784.946,697.715,0.0
2026-09-12 10:00:00,3.593e-05,103709.921,8019176391.803015,1.6364,0.6207,0.3793,0.7703,452.018,586.793,0.0
2026-09-12 11:00:00,3.593e-05,103806.153,8024091058.01225,1.6427,0.6216,0.3784,0.9788,405.175,413.962,0.0
2026-09-12 12:00:00,3.593e-05,103787.91,8025483171.078,1.642,0.6215,0.3785,0.8625,691.136,801.292,0.0
2026-09-12 13:00:00,3.593e-05,103826.911,8025950333.943242,1.6337,0.6203,0.3797,1.0162,1533.679,1509.293,0.0
2026-09-12 14:00:00,3.593e-05,103695.297,8018663991.242701,1.6267,0.6193,0.3807,1.2515,1097.506,876.931,0.0
2026-09-12 15:00:00,3.593e-05,103663.057,8026246950.1991005,1.6302,0.6198,0.3802,0.9146,861.954,942.477,0.0
2026-09-12 16:00:00,5.169e-05,103859.823,8032913378.1474,1.6233,0.6188,0.3812,1.001,634.108,633.446,0.0
2026-09-12 17:00:00,5.169e-05,103669.141,8016398619.207123,1.6199,0.6183,0.3817,0.4924,726.576,1475.551,0.0
2026-09-12 18:00:00,5.169e-05,103410.825,7980762794.456373,1.6192,0.6182,0.3818,0.6833,750.656,1098.599,0.0
2026-09-12 19:00:00,5.169e-05,103473.146,7978359006.2176,1.6323,0.6201,0.3799,0.7629,1175.13,1540.246,0.0
2026-09-12 20:00:00,5.169e-05,103510.921,7979046185.4560995,1.6295,0.6197,0.3803,1.4737,1148.62,779.417,0.0
2026-09-12 21:00:00,5.169e-05,103236.243,7962528833.5956,1.6434,0.6217,0.3783,1.0261,856.511,834.731,0.0
2026-09-12 22:00:00,5.169e-05,103188.754,7968223593.795656,1.6448,0.6219,0.3781,1.0435,629.72,603.45,0.0
2026-09-12 23:00:00,5.169e-05,103241.022,7969721665.5966,1.649,0.6225,0.3775,0.9203,517.524,562.338,0.0
2026-09-13 00:00:00,5.169e-05,103299.613,7980003593.623161,1.6539,0.6232,0.3768,1.1532,544.721,472.348,0.0
2026-09-13 01:00:00,5.169e-05,103307.14,7979402170.744,1.6567,0.6236,0.3764,1.3385,1062.218,793.588,0.0
2026-09-13 02:00:00,5.169e-05,103376.413,7989504121.564017,1.6596,0.624,0.376,1.1334,633.668,559.082,0.0
2026-09-13 03:00:00,5.169e-05,103404.967,7989471029.791299,1.6582,0.6238,0.3762,0.5814,578.249,994.582,0.0
2026-09-13 04:00:00,5.169e-05,103563.438,7991182715.6436,1.6688,0.6253,0.3747,0.824,401.639,487.425,0.0
2026-09-13 05:00:00,5.169e-05,103646.974,7999520501.535936,1.6695,0.6254,0.3746,1.3806,489.489,354.543,0.0
2026-09-13 06:00:00,5.169e-05,103581.02,8004969864.188765,1.6624,0.6244,0.3756,0.8445,1079.7,1278.438,0.0
2026-09-13 07:00:00,5.169e-05,103708.51,7994245865.030042,1.6546,0.6233,0.3767,0.8559,862.166,1007.312,0.0
2026-09-13 08:00:00,5.39e-05,103969.591,8014910451.254616,1.6546,0.6233,0.3767,0.6685,2476.884,3705.17,0.0
2026-09-13 09:00:00,5.39e-05,103976.29,7982369945.945309,1.6399,0.6212,0.3788,0.6685,2476.884,3705.17,0.0
2026-09-13 10:00:00,5.39e-05,104608.552,8031452653.557245,1.6518,0.6229,0.3771,0.9773,1023.587,1047.317,0.0
2026-09-13 11:00:00,5.39e-05,104633.883,8017832869.5824995,1.6518,0.6229,0.3771,0.9652,1614.755,1673.018,0.0
2026-09-13 12:00:00,5.39e-05,104855.818,8047977627.7904,1.6738,0.626,0.374,0.8474,1238.928,1462.111,0.0
2026-09-13 13:00:00,5.39e-05,105016.04,8058140753.642557,1.6745,0.6261,0.3739,1.3662,1809.884,1324.741,0.0
2026-09-13 14:00:00,5.39e-05,105012.821,8066423328.4477,1.694,0.6288,0.3712,1.3143,3276.076,2492.558,0.0
2026-09-13 15:00:00,5.39e-05,104898.754,8096506173.669256,1.681,0.627,0.373,0.717,1292.781,1802.956,0.0
2026-09-13 16:00:00,6.45e-05,104952.705,8091654410.023934,1.6518,0.6229,0.3771,1.4176,2116.396,1492.969,0.0
2026-09-13 17:00:00,6.45e-05,104819.945,8097602801.112499,1.661,0.6242,0.3758,0.8002,855.415,1069.032,0.0
2026-09-13 18:00:00,6.45e-05,104727.435,8094990870.273,1.6575,0.6237,0.3763,0.8046,561.044,697.303,0.0
2026-09-13 19:00:00,6.45e-05,104824.783,8104451598.341269,1.6532,0.6231,0.3769,0.9627,741.277,769.959,0.0
2026-09-13 20:00:00,6.45e-05,104916.532,8105242746.4344,1.6385,0.621,0.379,1.1692,603.564,516.222,0.0
2026-09-13 21:00:00,6.45e-05,104963.324,8114546637.1216,1.6399,0.6212,0.3788,1.1467,754.899,658.332,0.0
2026-09-13 22:00:00,6.45e-05,104679.061,8089319987.785555,1.6378,0.6209,0.3791,0.8357,4143.071,4957.406,0.0
2026-09-13 23:00:00,6.45e-05,104811.291,8037904538.886301,1.6469,0.6222,0.3778,0.78,1890.284,2423.488,0.0
2026-09-14 00:00:00,7.157e-05,104897.336,8057025797.376803,1.6631,0.6245,0.3755,0.8871,3445.901,3884.536,0.0
2026-09-14 01:00:00,7.157e-05,104640.565,8033879930.481579,1.6267,0.6193,0.3807,1.0745,2588.448,2409.004,0.0
2026-09-14 02:00:00,7.157e-05,104919.896,8088531831.063663,1.6171,0.6179,0.3821,1.2147,6332.687,5213.47,0.0
2026-09-14 03:00:00,7.157e-05,105762.77,8205467018.849,1.6015,0.6156,0.3844,0.9697,4102.354,4230.444,0.0
2026-09-14 04:00:00,7.157e-05,106189.108,8236096529.947405,1.5556,0.6087,0.3913,1.0487,2526.867,2409.516,0.0
2026-09-14 05:00:00,7.157e-05,106264.524,8251289379.115838,1.551,0.608,0.392,0.9034,1546.239,1711.621,0.0
2026-09-14 06:00:00,7.157e-05,106679.528,8275643048.6944,1.5349,0.6055,0.3945,1.0254,2473.753,2412.374,0.0
2026-09-14 07:00:00,7.157e-05,106607.273,8267841771.6966,1.5336,0.6053,0.3947,1.1829,1520.271,1285.209,0.0
2026-09-14 08:00:00,8.037e-05,106621.111,8300890637.905101,1.5265,0.6042,0.3958,1.063,1952.765,1837.017,0.0
2026-09-14 09:00:00,8.037e-05,106388.399,8266420351.266387,1.495,0.5992,0.4008,1.2463,4911.718,3941.181,0.0
2026-09-14 10:00:00,8.037e-05,106201.87,8294047441.39,1.51,0.6016,0.3984,0.7076,1508.45,2131.649,0.0
2026-09-14 11:00:00,8.037e-05,105974.719,8251774153.407258,1.4894,0.5983,0.4017,1.0516,1886.154,1793.594,0.0
2026-09-14 12:00:00,8.037e-05,105981.582,8239070340.573803,1.4938,0.599,0.401,0.8583,2490.396,2901.51,0.0
2026-09-14 13:00:00,8.037e-05,106124.487,8242163250.710975,1.4802,0.5968,0.4032,0.9827,7440.309,7571.223,0.0
2026-09-14 14:00:00,8.037e-05,105508.148,8245154152.607011,1.439,0.59,0.41,0.9654,7022.368,7274.155,0.0
2026-09-14 15:00:00,8.037e-05,105880.33,8309931577.910738,1.324,0.5697,0.4303,0.9047,3900.068,4310.75,0.0
2026-09-14 16:00:00,4.22e-05,105770.813,8307567542.5403,1.2619,0.5579,0.4421,0.9942,3592.857,3613.721,0.0
2026-09-14 17:00:00,4.22e-05,105579.513,8312365056.60909,1.2573,0.557,0.443,1.0782,3659.946,3394.396,0.0
2026-09-14 18:00:00,4.22e-05,105250.399,8305424760.528899,1.2416,0.5539,0.4461,1.3781,5226.66,3792.633,0.0
2026-09-14 19:00:00,4.22e-05,104907.016,8307053461.786686,1.2124,0.548,0.452,0.6269,1989.168,3173.046,0.0
2026-09-14 20:00:00,4.22e-05,104656.658,8262246974.355138,1.1858,0.5425,0.4575,1.1914,4250.455,3567.551,0.0
2026-09-14 21:00:00,4.22e-05,104171.595,8236379244.472499,1.1645,0.538,0.462,0.8528,2832.277,3321.176,0.0
2026-09-14 22:00:00,4.22e-05,104415.119,8220414371.6558,1.1422,0.5332,0.4668,0.9587,2774.841,2894.408,0.0
2026-09-14 23:00:00,4.22e-05,104048.242,8169649460.5318,1.1413,0.533,0.467,0.7148,2703.723,3782.245,0.0
2026-09-15 00:00:00,3.563e-05,103517.289,8092805674.628701,1.1631,0.5377,0.4623,0.8975,2423.907,2700.856,0.0
2026-09-15 01:00:00,3.563e-05,103223.521,8044054156.248499,1.192,0.5438,0.4562,1.2145,4362.799,3592.403,0.0
2026-09-15 02:00:00,3.563e-05,103257.54,8042543927.028,1.2523,0.556,0.444,1.1898,2150.012,1807.067,0.0
2026-09-15 03:00:00,3.563e-05,102965.417,8019121735.075616,1.2717,0.5598,0.4402,1.2023,2705.773,2250.424,0.0
2026-09-15 04:00:00,3.563e-05,103250.535,8015297731.836,1.3004,0.5653,0.4347,0.8158,2559.476,3137.507,0.0
2026-09-15 05:00:00,3.563e-05,104091.102,8070911775.774,1.3272,0.5703,0.4297,1.061,3816.19,3596.672,0.0
2026-09-15 06:00:00,3.563e-05,104278.227,8091010199.8662,1.3849,0.5807,0.4193,0.9074,2948.433,3249.164,0.0
2026-09-15 07:00:00,3.563e-05,104642.75,8083003652.45,1.4021,0.5837,0.4163,0.8156,4305.48,5279.023,0.0
2026-09-15 08:00:00,3.563e-05,104593.65,8043948152.136042,1.4319,0.5888,0.4112,1.0458,4746.465,4538.708,0.0
2026-09-15 09:00:00,3.563e-05,104628.181,8052768237.726314,1.5278,0.6044,0.3956,0.8361,2413.044,2886.127,0.0
2026-09-15 10:00:00,3.563e-05,104869.566,8069388008.0454,1.5767,0.6119,0.3881,1.2797,2907.73,2272.12,0.0
2026-09-15 11:00:00,3.563e-05,105450.208,8122165185.9296,1.6344,0.6204,0.3796,0.9582,2271.655,2370.645,0.0
2026-09-15 12:00:00,3.563e-05,105594.034,8120595913.7435055,1.6427,0.6216,0.3784,1.0136,2276.469,2245.967,0.0
2026-09-15 13:00:00,3.563e-05,106032.455,8156335939.742456,1.6717,0.6257,0.3743,0.9264,9701.389,10472.593,0.0
2026-09-15 14:00:00,3.563e-05,107291.565,8217762015.707044,1.7473,0.636,0.364,0.8144,11061.376,13581.818,0.0
2026-09-15 15:00:00,3.563e-05,107775.103,8181006214.586245,1.7241,0.6329,0.3671,1.2109,7504.428,6197.614,0.0
2026-09-15 16:00:00,3.563e-05,108240.27,8278075137.249,1.7878,0.6413,0.3587,0.7526,1904.71,2530.675,0.0
2026-09-15 17:00:00,3.563e-05,108191.424,8260891264.6656,1.7571,0.6373,0.3627,1.1194,7502.716,6702.493,0.0
2026-09-15 18:00:00,3.563e-05,107284.825,8253539600.557501,1.7495,0.6363,0.3637,0.8819,22264.302,25246.863,0.0
2026-09-15 19:00:00,3.563e-05,108353.006,8232720268.465125,1.7473,0.636,0.364,0.9272,5717.582,6166.411,0.0
2026-09-15 20:00:00,3.563e-05,108107.52,8231284951.296,1.7548,0.637,0.363,0.9325,2437.802,2614.269,0.0
2026-09-15 21:00:00,3.563e-05,108104.736,8205506652.1987295,1.7503,0.6364,0.3636,0.8917,2229.622,2500.539,0.0
2026-09-15 22:00:00,3.563e-05,108078.021,8153680408.316723,1.8011,0.643,0.357,0.9656,3912.396,4051.656,0.0
2026-09-15 23:00:00,3.563e-05,107565.1,8135363643.2,1.8193,0.6453,0.3547,0.9001,1945.284,2161.296,0.0
2026-09-16 00:00:00,3.563e-05,107491.942,8126390815.2,1.8177,0.6451,0.3549,1.2823,1756.044,1369.45,0.0
2026-09-16 01:00:00,3.563e-05,107507.247,8142564049.468546,1.8321,0.6469,0.3531,0.8548,1984.231,2321.303,0.0
2026-09-16 02:00:00,3.563e-05,107802.512,8135316568.08,1.8209,0.6455,0.3545,1.2366,2522.665,2040.072,0.0
2026-09-16 03:00:00,3.563e-05,107926.27,8186760406.792131,1.8209,0.6455,0.3545,0.9961,1599.337,1605.637,0.0
2026-09-16 04:00:00,3.563e-05,108053.503,8190058437.040338,1.8265,0.6462,0.3538,1.1244,1340.999,1192.632,0.0
2026-09-16 05:00:00,3.563e-05,107752.868,8170734638.349149,1.8345,0.6472,0.3528,0.8566,1240.146,1447.691,0.0
2026-09-16 06:00:00,3.563e-05,107598.837,8169721456.2012,1.8313,0.6468,0.3532,0.9394,1143.464,1217.173,0.0
2026-09-16 07:00:00,3.563e-05,107573.257,8175959192.976788,1.8217,0.6456,0.3544,0.756,1721.879,2277.525,0.0
2026-09-16 08:00:00,3.563e-05,107416.549,8134254318.05269,1.8169,0.645,0.355,0.7563,2914.207,3853.365,0.0
2026-09-16 09:00:00,3.563e-05,107332.752,8125062272.324416,1.8289,0.6465,0.3535,1.054,2152.989,2042.638,0.0
2026-09-16 10:00:00,3.563e-05,107028.953,8129986358.420126,1.8177,0.6451,0.3549,1.2135,1525.106,1256.745,0.0
2026-09-16 11:00:00,3.563e-05,107132.06,8133294583.904,1.7801,0.6403,0.3597,1.3641,3100.624,2273.101,0.0
2026-09-16 12:00:00,3.563e-05,106614.115,8125415943.452766,1.8161,0.6449,0.3551,0.7556,2185.212,2892.176,0.0
2026-09-16 13:00:00,3.563e-05,106427.018,8081375971.303,1.7917,0.6418,0.3582,0.8296,3461.582,4172.455,0.0
2026-09-16 14:00:00,3.563e-05,106901.079,8083367849.0166,1.8098,0.6441,0.3559,0.9387,3154.546,3360.426,0.0
2026-09-16 15:00:00,3.563e-05,107349.76,8121835937.152,1.8177,0.6451,0.3549,1.0627,2529.711,2380.369,0.0
2026-09-16 16:00:00,3.563e-05,107316.807,8129645202.435901,1.8169,0.645,0.355,0.7904,1298.571,1642.909,0.0
2026-09-16 17:00:00,3.563e-05,107321.809,8128206324.306793,1.8114,0.6443,0.3557,0.9255,3881.894,4194.296,0.0
2026-09-16 18:00:00,3.563e-05,107550.232,8142550160.942835,1.6164,0.6178,0.3822,0.9719,22082.408,22721.689,0.0
2026-09-16 19:00:00,3.563e-05,108737.368,8220088323.8544,1.5793,0.6123,0.3877,1.0218,7925.227,7755.883,0.0
2026-09-16 20:00:00,3.563e-05,108166.188,8226871477.0476,1.5031,0.6005,0.3995,0.9623,2609.631,2711.908,0.0
2026-09-16 21:00:00,3.563e-05,108107.937,8232042683.208957,1.5164,0.6026,0.3974,0.5747,718.774,1250.695,0.0
2026-09-16 22:00:00,3.563e-05,107896.646,8193477083.2772,1.5088,0.6014,0.3986,0.8995,1613.833,1794.216,0.0
2026-09-16 23:00:00,3.563e-05,107932.702,8164785108.194,1.5208,0.6033,0.3967,1.4146,2366.33,1672.815,0.0
2026-09-17 00:00:00,9.351e-05,107918.184,8220613707.108,1.5253,0.604,0.396,1.0482,2399.499,2289.245,0.0
2026-09-17 01:00:00,9.351e-05,108127.47,8250516800.276614,1.5138,0.6022,0.3978,1.0394,3962.835,3812.547,0.0
2026-09-17 02:00:00,9.351e-05,108398.962,8274613084.4776,1.5126,0.602,0.398,0.978,2895.487,2960.726,0.0
2026-09-17 03:00:00,9.351e-05,108250.105,8264159416.036,1.5164,0.6026,0.3974,0.8471,941.615,1111.558,0.0
2026-09-17 04:00:00,9.351e-05,108245.026,8270154598.080867,1.5094,0.6015,0.3985,1.1272,1558.898,1383.026,0.0
2026-09-17 05:00:00,9.351e-05,108445.41,8297095080.495207,1.5056,0.6009,0.3991,0.7227,1174.149,1624.758,0.0
2026-09-17 06:00:00,9.351e-05,108393.441,8269897109.194463,1.4931,0.5989,0.4011,1.0633,1375.954,1294.088,0.0
2026-09-17 07:00:00,9.351e-05,108508.816,8295326549.324174,1.4888,0.5982,0.4018,0.8339,1569.905,1882.693,0.0
2026-09-17 08:00:00,9.351e-05,108358.776,8280983543.5944,1.4869,0.5979,0.4021,0.9599,1361.966,1418.935,0.0
2026-09-17 09:00:00,9.351e-05,108025.507,8268650395.0545,1.4832,0.5973,0.4027,1.2998,3193.625,2456.924,0.0
2026-09-17 10:00:00,9.351e-05,108116.228,8264220670.7324,1.4704,0.5952,0.4048,0.7614,1577.753,2072.17,0.0
2026-09-17 11:00:00,9.351e-05,108472.952,8284600014.4096,1.4716,0.5954,0.4046,0.9044,1757.665,1943.512,0.0
2026-09-17 12:00:00,9.351e-05,108505.145,8295229185.7645,1.4679,0.5948,0.4052,1.0507,7204.547,6857.125,0.0
2026-09-17 13:00:00,9.351e-05,108562.139,8326602889.990375,1.4231,0.5873,0.4127,1.013,7142.657,7050.704,0.0
2026-09-17 14:00:00,9.351e-05,109504.839,8396491589.519101,1.4814,0.597,0.403,0.9172,5959.897,6498.061,0.0
2026-09-17 15:00:00,9.351e-05,108748.599,8315961866.0904,1.4295,0.5884,0.4116,1.1659,4280.813,3671.552,0.0
2026-09-17 16:00:00,8.505e-05,108490.399,8324700501.232844,1.4558,0.5928,0.4072,0.9906,2007.989,2027.112,0.0
2026-09-17 17:00:00,8.505e-05,108333.983,8312759017.344099,1.4432,0.5907,0.4093,0.8926,2750.365,3081.256,0.0
2026-09-17 18:00:00,8.505e-05,108485.281,8314474663.7615,1.4313,0.5887,0.4113,0.9443,1125.215,1191.588,0.0
2026-09-17 19:00:00,8.505e-05,108293.531,8288773235.804378,1.4284,0.5882,0.4118,1.2069,1201.613,995.606,0.0
2026-09-17 20:00:00,8.505e-05,108199.421,8285619112.467088,1.4349,0.5893,0.4107,1.0139,927.884,915.153,0.0
2026-09-17 21:00:00,8.505e-05,108176.172,8278733260.7772,1.4372,0.5897,0.4103,0.6467,647.031,1000.562,0.0
2026-09-17 22:00:00,8.505e-05,108212.954,8265205153.887364,1.4337,0.5891,0.4109,1.0584,1460.977,1380.367,0.0
2026-09-17 23:00:00,8.505e-05,108171.555,8262962940.5245695,1.4396,0.5901,0.4099,1.0098,843.245,835.067,0.0
2026-09-18 00:00:00,8.505e-05,108245.178,8268414305.280621,1.445,0.591,0.409,1.197,1590.043,1328.357,0.0
2026-09-18 01:00:00,8.505e-05,108438.918,8301411240.7884,1.445,0.591,0.409,0.9242,1638.271,1772.619,0.0
2026-09-18 02:00:00,8.505e-05,108428.661,8317608595.204789,1.4444,0.5909,0.4091,1.2482,3102.859,2485.954,0.0
2026-09-18 03:00:00,8.505e-05,109272.982,8408566417.097851,1.4067,0.5845,0.4155,1.1782,6710.562,5695.843,0.0
2026-09-18 04:00:00,8.505e-05,108297.363,8376692730.687,1.4444,0.5909,0.4091,0.8014,2113.9,2637.922,0.0
2026-09-18 05:00:00,8.505e-05,108217.33,8390023361.973327,1.4313,0.5887,0.4113,0.999,3733.625,3737.244,0.0
2026-09-18 06:00:00,8.505e-05,108737.746,8422586582.1188,1.4096,0.585,0.415,0.6596,1711.704,2595.102,0.0
2026-09-18 07:00:00,8.505e-05,108419.828,8409949050.805553,1.3579,0.5759,0.4241,1.2417,4095.015,3297.988,0.0
2026-09-18 08:00:00,8.505e-05,108445.738,8434486563.2618,1.3436,0.5733,0.4267,1.3059,5858.526,4486.12,0.0
2026-09-18 09:00:00,8.505e-05,107944.176,8445692657.6688,1.3557,0.5755,0.4245,0.8703,4588.158,5271.817,0.0
2026-09-18 10:00:00,8.505e-05,107551.545,8407185965.9505,1.3154,0.5681,0.4319,0.8617,1812.083,2103.024,0.0
2026-09-18 11:00:00,8.505e-05,107481.027,8410347553.368642,1.3047,0.5661,0.4339,0.8417,2679.864,3183.773,0.0
2026-09-18 12:00:00,8.505e-05,107764.634,8409220924.599172,1.2584,0.5572,0.4428,0.9159,1794.792,1959.532,0.0
2026-09-18 13:00:00,8.505e-05,107685.781,8400096345.4087715,1.2432,0.5542,0.4458,1.2763,22152.491,17356.212,0.0
2026-09-18 14:00:00,8.505e-05,107851.512,8633146840.4592,1.1182,0.5279,0.4721,1.0196,16902.337,16577.211,0.0
2026-09-18 15:00:00,8.505e-05,110236.595,8918063369.883501,1.0309,0.5076,0.4924,1.0628,8615.271,8106.52,0.0
2026-09-18 16:00:00,6.853e-05,109613.163,8844554586.6744,0.9685,0.492,0.508,0.9482,7038.05,7422.721,0.0
2026-09-18 17:00:00,6.853e-05,110223.543,8907432759.589108,0.9505,0.4873,0.5127,1.0243,3978.857,3884.378,0.0
2026-09-18 18:00:00,6.853e-05,109980.836,8906589039.8716,0.9414,0.4849,0.5151,0.9487,2422.712,2553.728,0.0
2026-09-18 19:00:00,6.853e-05,109197.729,8834204253.663404,0.9294,0.4817,0.5183,1.3126,4689.992,3573.084,0.0
2026-09-18 20:00:00,6.853e-05,108899.883,8838597643.9758,0.9391,0.4843,0.5157,1.0201,2207.714,2164.28,0.0
2026-09-18 21:00:00,6.853e-05,108665.871,8810672287.0284,0.9212,0.4795,0.5205,0.9736,1547.938,1589.87,0.0
2026-09-18 22:00:00,6.853e-05,108350.424,8798384623.576061,0.9172,0.4784,0.5216,1.011,1550.337,1533.398,0.0
2026-09-18 23:00:00,6.853e-05,108066.486,8764332501.0318,0.9131,0.4773,0.5227,0.7119,1234.96,1734.751,0.0
2026-09-19 00:00:00,6.643e-05,107938.52,8728232542.76,0.9015,0.4741,0.5259,1.6397,4061.612,2477.031,0.0
2026-09-19 01:00:00,6.643e-05,108234.264,8836310253.5184,0.9249,0.4805,0.5195,0.8163,2738.627,3355.074,0.0
2026-09-19 02:00:00,6.643e-05,107917.067,8768585444.951,0.9406,0.4847,0.5153,0.7649,821.84,1074.405,0.0
2026-09-19 03:00:00,6.643e-05,108052.777,8779872807.175415,0.9402,0.4846,0.5154,0.7711,976.674,1266.519,0.0
2026-09-19 04:00:00,6.643e-05,108229.423,8777417028.2423,0.9387,0.4842,0.5158,0.8273,1406.875,1700.535,0.0
2026-09-19 05:00:00,6.643e-05,107999.33,8747589332.211,0.9354,0.4833,0.5167,1.4876,934.96,628.507,0.0
2026-09-19 06:00:00,6.643e-05,108102.91,8758121001.357843,0.9376,0.4839,0.5161,0.9936,848.707,854.152,0.0
2026-09-19 07:00:00,6.643e-05,108324.452,8776447101.04,0.9346,0.4831,0.5169,1.2127,1209.212,997.11,0.0
2026-09-19 08:00:00,6.643e-05,108157.337,8768247118.95622,0.9376,0.4839,0.5161,1.2956,1677.5,1294.81,0.0
2026-09-19 09:00:00,6.643e-05,108224.487,8797352099.256,0.9421,0.4851,0.5149,0.9753,1874.284,1921.759,0.0
2026-09-19 10:00:00,6.643e-05,108845.916,8849697930.709381,0.944,0.4856,0.5144,0.6762,1211.783,1792.02,0.0
2026-09-19 11:00:00,6.643e-05,108212.243,8785535584.684,0.9459,0.4861,0.5139,1.1132,746.89,670.95,0.0
2026-09-19 12:00:00,6.643e-05,108181.472,8792863378.550714,0.947,0.4864,0.5136,0.9978,896.692,898.67,0.0
2026-09-19 13:00:00,6.643e-05,108098.972,8789159876.8152,0.9486,0.4868,0.5132,0.9884,994.333,1005.956,0.0
2026-09-19 14:00:00,6.643e-05,108029.279,8785439725.370884,0.9417,0.485,0.515,1.1296,2567.78,2273.116,0.0
2026-09-19 15:00:00,6.643e-05,108109.39,8816410324.021517,0.9395,0.4844,0.5156,1.1696,4059.708,3471.071,0.0
2026-09-19 16:00:00,0.0001,107866.497,8802887740.3227,0.9535,0.4881,0.5119,0.8268,1816.818,2197.361,0.0
2026-09-19 17:00:00,0.0001,108035.046,8836737391.0746,0.9501,0.4872,0.5128,0.7128,1510.607,2119.267,0.0
2026-09-19 18:00:00,0.0001,107920.918,8787568669.068,0.9433,0.4854,0.5146,1.024,1197.373,1169.295,0.0
2026-09-19 19:00:00,0.0001,107782.64,8773346987.957241,0.941,0.4848,0.5152,0.8936,664.806,743.958,0.0
2026-09-19 20:00:00,0.0001,107799.464,8767395086.7984,0.9455,0.486,0.514,0.6998,942.057,1346.181,0.0
2026-09-19 21:00:00,0.0001,107653.881,8734149846.591038,0.9361,0.4835,0.5165,0.8959,1982.833,2213.203,0.0
2026-09-19 22:00:00,0.0001,107426.428,8709071260.6028,0.9301,0.4819,0.5181,0.9255,1125.073,1215.649,0.0
2026-09-19 23:00:00,0.0001,107463.237,8729381772.742197,0.938,0.484,0.516,1.1016,1139.486,1034.416,0.0
2026-09-20 00:00:00,0.0001,107646.325,8743637335.92,0.9421,0.4851,0.5149,1.0308,949.597,921.234,0.0
2026-09-20 01:00:00,0.0001,107485.364,8734790060.978046,0.9414,0.4849,0.5151,0.5785,860.164,1486.964,0.0
2026-09-20 02:00:00,0.0001,107546.875,8718394968.75,0.9342,0.483,0.517,0.7107,5373.202,7560.778,0.0
2026-09-20 03:00:00,0.0001,108975.056,8751110189.149462,0.8918,0.4714,0.5286,1.1574,3831.753,3310.525,0.0
2026-09-20 04:00:00,0.0001,109166.725,8784462898.948784,0.9128,0.4772,0.5228,0.929,1102.254,1186.528,0.0
2026-09-20 05:00:00,0.0001,109228.911,8782703509.4304,0.9172,0.4784,0.5216,0.9216,1663.468,1805.031,0.0
2026-09-20 06:00:00,0.0001,109034.88,8772946444.8,0.9253,0.4806,0.5194,0.8047,2225.744,2766.0,0.0
2026-09-20 07:00:00,0.0001,109424.118,8785003567.817814,0.9249,0.4805,0.5195,0.9988,1537.776,1539.678,0.0
2026-09-20 08:00:00,0.0001,109283.332,8773966946.354403,0.926,0.4808,0.5192,1.0567,1350.673,1278.197,0.0
2026-09-20 09:00:00,0.0001,109270.155,8767554861.740774,0.9305,0.482,0.518,1.4307,1529.161,1068.784,0.0
2026-09-20 10:00:00,0.0001,109172.197,8781516761.748098,0.9444,0.4857,0.5143,0.8751,930.68,1063.548,0.0
2026-09-20 11:00:00,0.0001,108990.63,8750552038.222908,0.9493,0.487,0.513,0.8191,1036.607,1265.573,0.0
2026-09-20 12:00:00,0.0001,108940.755,8764109434.542,0.9581,0.4893,0.5107,1.4241,1230.584,864.133,0.0
2026-09-20 13:00:00,0.0001,108759.751,8750805702.91291,0.9596,0.4897,0.5103,1.4247,1768.98,1241.629,0.0
2026-09-20 14:00:00,0.0001,109102.389,8786371190.406412,0.965,0.4911,0.5089,1.2849,2096.134,1631.403,0.0
2026-09-20 15:00:00,0.0001,109025.257,8792559901.279,0.9798,0.4949,0.5051,1.2937,2853.951,2205.991,0.0
2026-09-20 16:00:00,7.524e-05,108755.326,8795369132.84143,0.9932,0.4983,0.5017,1.2992,6314.838,4860.646,0.0
2026-09-20 17:00:00,7.524e-05,107044.671,8702496254.0238,1.0056,0.5014,0.4986,0.897,2558.313,2852.186,0.0
2026-09-20 18:00:00,7.524e-05,107112.486,8688482858.133,0.9818,0.4954,0.5046,0.6016,1304.087,2167.559,0.0
2026-09-20 19:00:00,7.524e-05,107289.985,8690306392.025501,0.9743,0.4935,0.5065,0.8174,845.123,1033.882,0.0
2026-09-20 20:00:00,7.524e-05,107319.792,8708357202.048,0.972,0.4929,0.5071,0.8583,633.205,737.779,0.0
2026-09-20 21:00:00,7.524e-05,107369.019,8702258989.95,0.9697,0.4923,0.5077,0.5846,1804.357,3086.686,0.0
2026-09-20 22:00:00,7.524e-05,107415.645,8689657141.3875,0.9639,0.4908,0.5092,1.3601,2114.974,1554.973,0.0
2026-09-20 23:00:00,7.524e-05,107440.863,8722988323.698763,0.967,0.4916,0.5084,1.0767,1712.446,1590.39,0.0
2026-09-21 00:00:00,7.524e-05,107777.74,8745506156.786,0.9608,0.49,0.51,1.3674,6879.365,5030.935,0.0
2026-09-21 01:00:00,7.524e-05,107795.938,8795204885.00437,0.9639,0.4908,0.5092,0.8984,7236.246,8054.66,0.0
2026-09-21 02:00:00,7.524e-05,107481.687,8702738455.5465,0.932,0.4824,0.5176,0.9662,3456.783,3577.724,0.0
2026-09-21 03:00:00,7.524e-05,107982.043,8776780455.04,0.9335,0.4828,0.5172,1.1283,1342.007,1189.412,0.0
2026-09-21 04:00:00,7.524e-05,108224.538,8809867001.5368,0.9339,0.4829,0.5171,0.7874,1047.679,1330.555,0.0
2026-09-21 05:00:00,7.524e-05,108166.008,8801870253.340424,0.9316,0.4823,0.5177,1.1442,2166.831,1893.701,0.0
2026-09-21 06:00:00,7.524e-05,108931.408,8880088380.16,0.926,0.4808,0.5192,0.7043,2306.251,3274.556,0.0
2026-09-21 07:00:00,7.524e-05,109452.686,8932482325.246504,0.8734,0.4662,0.5338,1.0882,1739.102,1598.194,0.0
2026-09-21 08:00:00,7.524e-05,109752.972,8966598306.456,0.8657,0.464,0.536,1.4458,24135.659,16694.167,0.0
2026-09-21 09:00:00,7.524e-05,110314.84,9239118910.58791,0.8907,0.4711,0.5289,1.2268,19785.514,16127.828,0.0
2026-09-21 10:00:00,7.524e-05,110234.141,9328663392.8519,0.915,0.4778,0.5222,0.9646,6710.416,6956.343,0.0
2026-09-21 11:00:00,7.524e-05,109938.354,9279148105.654388,0.912,0.477,0.523,1.1404,4421.378,3877.091,0.0
2026-09-21 12:00:00,7.524e-05,110196.805,9349664005.32424,0.9164,0.4782,0.5218,1.0806,7668.336,7096.219,0.0
2026-09-21 13:00:00,7.524e-05,111704.039,9527639620.8504,0.9051,0.4751,0.5249,1.0144,10616.45,10465.332,0.0
2026-09-21 14:00:00,7.524e-05,111403.866,9515717179.8024,0.904,0.4748,0.5252,0.9599,11948.728,12447.784,0.0
2026-09-21 15:00:00,7.524e-05,111363.465,9555965295.492,0.9015,0.4741,0.5259,1.0283,8863.932,8619.699,0.0
2026-09-21 16:00:00,7.524e-05,110573.409,9495840526.046032,0.8829,0.4689,0.5311,0.8349,4203.75,5035.223,0.0
2026-09-21 17:00:00,7.524e-05,110567.62,9499792204.99998,0.8653,0.4639,0.5361,0.8826,3270.901,3705.96,0.0
2026-09-21 18:00:00,7.524e-05,110244.611,9464962881.7162,0.8508,0.4597,0.5403,0.7715,2213.481,2869.171,0.0
2026-09-21 19:00:00,7.524e-05,110645.963,9517931706.204498,0.8498,0.4594,0.5406,1.4364,8630.765,6008.545,0.0
2026-09-21 20:00:00,7.524e-05,110231.019,9530759586.891506,0.8793,0.4679,0.5321,1.3211,7608.443,5759.25,0.0
2026-09-21 21:00:00,7.524e-05,109029.467,9482953589.425816,0.9106,0.4766,0.5234,0.9317,2090.313,2243.653,0.0
2026-09-21 22:00:00,7.524e-05,108849.848,9420410231.616346,0.9037,0.4747,0.5253,0.7523,2076.706,2760.554,0.0
2026-09-21 23:00:00,7.524e-05,108950.196,9415388778.1632,0.89,0.4709,0.5291,1.0898,1912.56,1755.024,0.0
2026-09-22 00:00:00,7.663e-05,109189.231,9454075224.884014,0.8925,0.4716,0.5284,0.5258,3356.375,6383.795,0.0
2026-09-22 01:00:00,7.663e-05,108782.999,9342694819.624807,0.8681,0.4647,0.5353,0.8374,3950.59,4717.7,0.0
2026-09-22 02:00:00,7.663e-05,109088.844,9336728706.9252,0.846,0.4583,0.5417,1.1324,3724.243,3288.78,0.0
2026-09-22 03:00:00,7.663e-05,109090.404,9347659521.008032,0.8629,0.4632,0.5368,0.8749,2813.333,3215.534,0.0
2026-09-22 04:00:00,7.663e-05,109917.995,9416520781.503254,0.8678,0.4646,0.5354,0.6681,2276.357,3406.979,0.0
2026-09-22 05:00:00,7.663e-05,110662.843,9453340164.4221,0.8692,0.465,0.535,0.7841,3932.339,5014.858,0.0
2026-09-22 06:00:00,7.663e-05,110459.732,9430311837.9556,0.8893,0.4707,0.5293,1.215,2300.742,1893.653,0.0
2026-09-22 07:00:00,7.663e-05,110324.412,9416592251.616068,0.8979,0.4731,0.5269,0.7304,2824.034,3866.274,0.0
2026-09-22 08:00:00,7.663e-05,110210.93,9403714538.971,0.908,0.4759,0.5241,1.4706,8492.024,5774.588,0.0
2026-09-22 09:00:00,7.663e-05,110080.74,9487156201.22539,0.947,0.4864,0.5136,0.8616,4501.366,5224.34,0.0
2026-09-22 10:00:00,7.663e-05,109840.138,9468900904.4556,0.9482,0.4867,0.5133,0.6881,2424.909,3523.917,0.0
2026-09-22 11:00:00,7.663e-05,109627.615,9413021683.314,0.9474,0.4865,0.5135,0.8799,1748.922,1987.552,0.0
2026-09-22 12:00:00,7.663e-05,109357.2,9399262275.72,0.9505,0.4873,0.5127,1.1721,2503.694,2136.054,0.0
2026-09-22 13:00:00,7.663e-05,109567.794,9422118093.339,0.9433,0.4854,0.5146,1.043,5747.506,5510.689,0.0
2026-09-22 14:00:00,7.663e-05,109709.704,9469782097.98524,0.944,0.4856,0.5144,0.8571,5641.883,6582.89,0.0
2026-09-22 15:00:00,7.663e-05,109119.316,9408005539.1616,0.9339,0.4829,0.5171,0.9838,4281.298,4351.835,0.0
2026-09-22 16:00:00,2.784e-05,109548.024,9461388962.82,0.9186,0.4788,0.5212,0.8121,3901.594,4804.188,0.0
2026-09-22 17:00:00,2.784e-05,109310.131,9444226854.60846,0.915,0.4778,0.5222,0.7289,3717.422,5099.909,0.0
2026-09-22 18:00:00,2.784e-05,109077.632,9437691230.2464,0.9142,0.4776,0.5224,0.56,2417.983,4317.926,0.0
2026-09-22 19:00:00,2.784e-05,108135.726,9343613653.329962,0.9142,0.4776,0.5224,0.6524,2250.296,3449.248,0.0
2026-09-22 20:00:00,2.784e-05,107279.236,9243752665.96011,0.9095,0.4763,0.5237,1.0829,1300.996,1201.391,0.0
2026-09-22 21:00:00,2.784e-05,106991.027,9224209994.5996,0.9048,0.475,0.525,0.7889,715.489,906.95,0.0
2026-09-22 22:00:00,2.784e-05,106972.746,9214974653.2272,0.9015,0.4741,0.5259,0.96,1613.039,1680.242,0.0
2026-09-22 23:00:00,2.784e-05,107082.742,9218118760.943018,0.8947,0.4722,0.5278,1.0976,2447.8,2230.092,0.0
2026-09-23 00:00:00,1.021e-05,106719.998,9195153419.490429,0.9037,0.4747,0.5253,1.2885,2528.827,1962.543,0.0
2026-09-23 01:00:00,1.021e-05,106861.987,9235354874.8984,0.9004,0.4738,0.5262,0.9654,3255.619,3372.452,0.0
2026-09-23 02:00:00,1.021e-05,106601.901,9203408977.713535,0.899,0.4734,0.5266,1.0106,1391.105,1376.496,0.0
2026-09-23 03:00:00,1.021e-05,106771.184,9236906960.851728,0.8965,0.4727,0.5273,1.1589,2550.836,2201.016,0.0
2026-09-23 04:00:00,1.021e-05,106548.06,9233870417.034,0.8932,0.4718,0.5282,1.2642,5129.174,4057.176,0.0
2026-09-23 05:00:00,1.021e-05,106454.161,9273764880.9311,0.8939,0.472,0.528,0.6114,2771.65,4533.517,0.0
2026-09-23 06:00:00,1.021e-05,106082.672,9170706409.49205,0.8907,0.4711,0.5289,0.8424,1855.519,2202.564,0.0
2026-09-23 07:00:00,1.021e-05,105992.888,9160779608.764387,0.899,0.4734,0.5266,0.7846,3031.645,3863.733,0.0
2026-09-23 08:00:00,1.021e-05,105987.95,9125573093.795,0.8921,0.4715,0.5285,0.8142,3652.347,4485.818,0.0
2026-09-23 09:00:00,1.021e-05,105923.183,9096481701.9923,0.8857,0.4697,0.5303,1.0363,2587.761,2497.108,0.0
2026-09-23 10:00:00,1.021e-05,106365.36,9128622089.636024,0.8847,0.4694,0.5306,1.1761,3042.349,2586.822,0.0
2026-09-23 11:00:00,1.021e-05,106503.258,9146588535.091276,0.8961,0.4726,0.5274,0.8565,3145.807,3672.714,0.0
2026-09-23 12:00:00,1.021e-05,106267.456,9098917131.5968,0.9183,0.4787,0.5213,0.6895,3555.05,5155.776,0.0
2026-09-23 13:00:00,1.021e-05,105847.452,9047401413.251104,0.9365,0.4836,0.5164,1.0994,5532.761,5032.656,0.0
2026-09-23 14:00:00,1.021e-05,105773.152,9070587227.0752,0.9751,0.4937,0.5063,0.9245,25524.203,27609.059,0.0
2026-09-23 15:00:00,1.021e-05,101769.747,8597762650.927502,1.07,0.5169,0.4831,0.955,9120.99,9550.563,0.0
2026-09-23 16:00:00,1.021e-05,100520.506,8440274650.6442,1.0614,0.5149,0.4851,0.9002,9208.816,10229.826,0.0
2026-09-23 17:00:00,1.021e-05,99241.338,8336709053.8872,1.0912,0.5218,0.4782,1.0425,4940.54,4739.148,0.0
2026-09-23 18:00:00,1.021e-05,99277.68,8367341620.854456,1.1317,0.5309,0.4691,1.0587,1837.327,1735.491,0.0
2026-09-23 19:00:00,1.021e-05,99192.255,8360151002.567655,1.1418,0.5331,0.4669,1.0185,2181.488,2141.796,0.0
2026-09-23 20:00:00,1.021e-05,98852.025,8349496750.815,1.1538,0.5357,0.4643,0.8198,1110.077,1354.002,0.0
2026-09-23 21:00:00,1.021e-05,98621.028,8303476349.2824,1.1464,0.5341,0.4659,1.4219,1097.154,771.603,0.0
2026-09-23 22:00:00,1.021e-05,98493.696,8310277553.764954,1.1515,0.5352,0.4648,1.3245,1596.994,1205.751,0.0
2026-09-23 23:00:00,1.021e-05,98338.692,8311989436.4772,1.1622,0.5375,0.4625,0.5595,725.393,1296.406,0.0
2026-09-24 00:00:00,1.021e-05,98503.139,8309251990.9728,1.1608,0.5372,0.4628,0.7795,1242.155,1593.544,0.0
2026-09-24 01:00:00,1.021e-05,98208.914,8277688402.483275,1.1468,0.5342,0.4658,0.8746,1786.677,2042.808,0.0
2026-09-24 02:00:00,1.021e-05,98324.65,8266212320.29,1.1395,0.5326,0.4674,0.9937,3296.863,3317.77,0.0
2026-09-24 03:00:00,1.021e-05,98640.993,8318211194.392915,1.1631,0.5377,0.4623,0.7823,1730.235,2211.76,0.0
2026-09-24 04:00:00,1.021e-05,98377.56,8254113390.144,1.1668,0.5385,0.4615,1.1631,2516.821,2163.828,0.0
2026-09-24 05:00:00,1.021e-05,98018.623,8234173801.143188,1.1867,0.5427,0.4573,1.3855,2373.681,1713.207,0.0
2026-09-24 06:00:00,1.021e-05,97532.517,8187759679.432295,1.1858,0.5425,0.4575,1.4376,1599.362,1112.504,0.0
2026-09-24 07:00:00,1.021e-05,97780.62,8220636111.886018,1.1896,0.5433,0.4567,1.4912,3929.145,2634.856,0.0
2026-09-24 08:00:00,4.796e-05,97525.592,8238555092.987998,1.1844,0.5422,0.4578,0.6697,6526.413,9744.843,0.0
2026-09-24 09:00:00,4.796e-05,97029.588,8112692367.474,1.2202,0.5496,0.4504,0.8899,7087.912,7965.205,0.0
2026-09-24 10:00:00,4.796e-05,97380.83,8104614265.4937725,1.2326,0.5521,0.4479,1.3345,3866.284,2897.124,0.0
2026-09-24 11:00:00,4.796e-05,96621.112,8065564579.520537,1.2645,0.5584,0.4416,0.6391,1453.114,2273.692,0.0
2026-09-24 12:00:00,4.796e-05,96290.772,8035880203.171731,1.2558,0.5567,0.4433,1.1119,2055.667,1848.792,0.0
2026-09-24 13:00:00,4.796e-05,96496.017,8063618315.785597,1.2594,0.5574,0.4426,1.1598,6530.52,5630.798,0.0
2026-09-24 14:00:00,4.796e-05,96127.008,8095528232.736,1.2748,0.5604,0.4396,0.9875,10399.783,10531.714,0.0
2026-09-24 15:00:00,4.796e-05,96206.215,8047394455.855147,1.2609,0.5577,0.4423,1.1487,5082.28,4424.331,0.0
2026-09-24 16:00:00,4.796e-05,96002.509,8100154095.3696,1.2701,0.5595,0.4405,0.9684,5628.114,5811.519,0.0
2026-09-24 17:00:00,4.796e-05,95992.665,8106647754.1155,1.2311,0.5518,0.4482,0.8074,2091.14,2589.814,0.0
2026-09-24 18:00:00,4.796e-05,95653.023,8041980082.213501,1.2232,0.5502,0.4498,1.2457,2678.634,2150.232,0.0
2026-09-24 19:00:00,4.796e-05,95197.007,8038197278.562499,1.2311,0.5518,0.4482,0.7669,2026.947,2642.957,0.0
2026-09-24 20:00:00,4.796e-05,96012.487,8101188008.1068,1.2282,0.5512,0.4488,1.0186,1591.825,1562.766,0.0
2026-09-24 21:00:00,4.796e-05,95956.134,8091253224.124282,1.2282,0.5512,0.4488,1.1325,811.662,716.722,0.0
2026-09-24 22:00:00,4.796e-05,95973.204,8091395961.128125,1.2272,0.551,0.449,0.7489,1483.145,1980.378,0.0
2026-09-24 23:00:00,4.796e-05,95789.142,8068836692.0268,1.2193,0.5494,0.4506,0.7762,751.905,968.699,0.0
2026-09-25 00:00:00,4.796e-05,95872.91,8088797416.7,1.2193,0.5494,0.4506,1.1932,1992.975,1670.236,0.0
2026-09-25 01:00:00,4.796e-05,96205.398,8135186178.1188,1.2217,0.5499,0.4501,0.9953,1989.568,1999.032,0.0
2026-09-25 02:00:00,4.796e-05,95972.015,8116977126.647501,1.2178,0.5491,0.4509,0.8678,2851.036,3285.461,0.0
2026-09-25 03:00:00,4.796e-05,96414.918,8116140306.7974,1.2153,0.5486,0.4514,1.1096,1902.398,1714.421,0.0
2026-09-25 04:00:00,4.796e-05,96586.49,8132771724.12602,1.2292,0.5514,0.4486,0.9104,1124.643,1235.283,0.0
2026-09-25 05:00:00,4.796e-05,96677.557,8137494989.025501,1.2346,0.5525,0.4475,1.2144,1040.654,856.928,0.0
2026-09-25 06:00:00,4.796e-05,96564.343,8126082592.136,1.2341,0.5524,0.4476,0.8021,2128.26,2653.461,0.0
2026-09-25 07:00:00,4.796e-05,97157.712,8161179797.6016,1.2311,0.5518,0.4482,0.7251,3441.651,4746.391,0.0
2026-09-25 08:00:00,3.512e-05,96440.679,8100496256.3334,1.2341,0.5524,0.4476,1.0028,2306.275,2299.768,0.0
2026-09-25 09:00:00,3.512e-05,96271.248,8123002075.4976,1.2462,0.5548,0.4452,1.0461,3312.926,3167.076,0.0
2026-09-25 10:00:00,3.512e-05,96293.729,8140017052.3028,1.2134,0.5482,0.4518,0.9975,2571.118,2577.471,0.0
2026-09-25 11:00:00,3.512e-05,96165.285,8143118348.077814,1.2095,0.5474,0.4526,0.9135,5512.899,6035.034,0.0
2026-09-25 12:00:00,3.512e-05,95758.736,8095104842.790768,1.1973,0.5449,0.4551,0.8739,5381.239,6157.661,0.0
2026-09-25 13:00:00,3.512e-05,95707.024,8079960223.4736,1.2302,0.5516,0.4484,0.9764,6454.982,6611.311,0.0
2026-09-25 14:00:00,3.512e-05,95555.827,8015977659.7933,1.2826,0.5619,0.4381,0.9516,7036.916,7394.663,0.0
2026-09-25 15:00:00,3.512e-05,95683.79,8035602245.618916,1.3202,0.569,0.431,0.8901,4179.484,4695.286,0.0
2026-09-25 16:00:00,3.512e-05,95832.295,8026884279.5115,1.3305,0.5709,0.4291,1.0862,3627.992,3340.023,0.0
2026-09-25 17:00:00,3.512e-05,95370.898,7984051022.7884,1.301,0.5654,0.4346,0.7946,1314.437,1654.286,0.0
2026-09-25 18:00:00,3.512e-05,95323.186,7983382036.848528,1.3052,0.5662,0.4338,1.268,1409.76,1111.811,0.0
2026-09-25 19:00:00,3.512e-05,95356.395,8003424338.2215,1.3041,0.566,0.434,1.23,1134.719,922.567,0.0
2026-09-25 20:00:00,3.512e-05,95344.844,8007562340.703286,1.3031,0.5658,0.4342,1.031,1765.896,1712.867,0.0
2026-09-25 21:00:00,3.512e-05,95067.585,7971059860.200205,1.3084,0.5668,0.4332,0.5915,921.855,1558.568,0.0
2026-09-25 22:00:00,3.512e-05,95236.352,7975895190.117413,1.3132,0.5677,0.4323,1.0807,1058.543,979.457,0.0
2026-09-25 23:00:00,3.512e-05,95254.638,8004933064.5336,1.3132,0.5677,0.4323,0.773,516.855,668.61,0.0
2026-09-26 00:00:00,7.69e-06,95211.408,8003090110.848,1.3004,0.5653,0.4347,0.8446,1174.561,1390.641,0.0
2026-09-26 01:00:00,7.69e-06,95058.658,7972474587.802,1.3026,0.5657,0.4343,1.0216,781.122,764.602,0.0
2026-09-26 02:00:00,7.69e-06,94994.814,7983497161.2996,1.3052,0.5662,0.4338,0.8914,703.082,788.728,0.0
2026-09-26 03:00:00,7.69e-06,94921.988,7971671950.8244,1.3015,0.5655,0.4345,0.8631,457.936,530.577,0.0
2026-09-26 04:00:00,7.69e-06,94881.554,7961402937.661718,1.3036,0.5659,0.4341,1.0227,752.573,735.847,0.0
2026-09-26 05:00:00,7.69e-06,94991.494,7974307941.7144,1.3036,0.5659,0.4341,1.0314,537.705,521.343,0.0
2026-09-26 06:00:00,7.69e-06,94976.914,7968040711.573,1.2967,0.5646,0.4354,0.9128,400.477,438.729,0.0
2026-09-26 07:00:00,7.69e-06,94933.395,7961237918.113501,1.2967,0.5646,0.4354,1.7299,1097.471,634.403,0.0
2026-09-26 08:00:00,7.69e-06,94793.864,7969869415.100164,1.2978,0.5648,0.4352,1.2257,1506.647,1229.249,0.0
2026-09-26 09:00:00,7.69e-06,94799.163,7978999071.8862,1.292,0.5637,0.4363,0.7915,867.989,1096.58,0.0
2026-09-26 10:00:00,7.69e-06,94707.943,7952550207.3556,1.2962,0.5645,0.4355,1.4048,717.601,510.831,0.0
2026-09-26 11:00:00,7.69e-06,94689.823,7966756665.051901,1.3036,0.5659,0.4341,0.9181,320.959,349.578,0.0
2026-09-26 12:00:00,7.69e-06,94714.983,7968778794.216899,1.3036,0.5659,0.4341,0.6367,406.44,638.336,0.0
2026-09-26 13:00:00,7.69e-06,94739.775,7960059924.389872,1.2967,0.5646,0.4354,0.767,1104.877,1440.555,0.0
2026-09-26 14:00:00,7.69e-06,94904.862,7963314606.141968,1.3047,0.5661,0.4339,1.0501,509.158,484.848,0.0
2026-09-26 15:00:00,7.69e-06,94907.527,7970277172.9438,1.3111,0.5673,0.4327,0.7647,659.312,862.148,0.0
2026-09-26 16:00:00,7.69e-06,94905.502,7982748527.5252,1.3079,0.5667,0.4333,0.646,363.341,562.421,0.0
2026-09-26 17:00:00,7.69e-06,94843.499,7973540921.500593,1.2994,0.5651,0.4349,0.9017,470.27,521.551,0.0
2026-09-26 18:00:00,7.69e-06,94749.036,7968113634.5474,1.2941,0.5641,0.4359,1.1165,499.157,447.062,0.0
2026-09-26 19:00:00,7.69e-06,94544.597,7938994900.227299,1.2915,0.5636,0.4364,1.2704,358.75,282.383,0.0
2026-09-26 20:00:00,7.69e-06,94512.333,7937641656.206683,1.2878,0.5629,0.4371,1.2279,985.167,802.298,0.0
2026-09-26 21:00:00,7.69e-06,94302.038,7920952470.45096,1.2894,0.5632,0.4368,1.2087,879.728,727.856,0.0
2026-09-26 22:00:00,7.69e-06,94282.883,7930953550.212099,1.2852,0.5624,0.4376,1.2354,1198.034,969.719,0.0
2026-09-26 23:00:00,7.69e-06,94577.457,7968107111.606677,1.2889,0.5631,0.4369,1.6396,1774.034,1081.977,0.0
2026-09-27 00:00:00,4.703e-05,94517.662,7978624399.200542,1.2883,0.563,0.437,0.6603,551.049,834.499,0.0
2026-09-27 01:00:00,4.703e-05,94408.181,7955475306.6908,1.2831,0.562,0.438,1.7991,1127.211,626.541,0.0
2026-09-27 02:00:00,4.703e-05,94291.039,7963520192.6589985,1.2779,0.561,0.439,1.1199,557.919,498.181,0.0
2026-09-27 03:00:00,4.703e-05,94298.809,7960186812.3305,1.2732,0.5601,0.4399,0.6957,429.052,616.71,0.0
2026-09-27 04:00:00,4.703e-05,94134.015,7940787796.143,1.2732,0.5601,0.4399,0.7845,560.282,714.172,0.0
2026-09-27 05:00:00,4.703e-05,94105.149,7932593534.955,1.266,0.5587,0.4413,1.3624,1119.886,821.969,0.0
2026-09-27 06:00:00,4.703e-05,94055.482,7943615525.076756,1.2758,0.5606,0.4394,0.9016,678.431,752.511,0.0
2026-09-27 07:00:00,4.703e-05,94132.379,7952153923.362947,1.2748,0.5604,0.4396,1.8741,2004.867,1069.781,0.0
2026-09-27 08:00:00,4.703e-05,94701.056,8026846790.980903,1.2779,0.561,0.439,0.9831,1864.266,1896.395,0.0
2026-09-27 09:00:00,4.703e-05,94801.118,8034919791.37885,1.2635,0.5582,0.4418,1.2241,1663.002,1358.506,0.0
2026-09-27 10:00:00,4.703e-05,94875.189,8055890248.0656,1.263,0.5581,0.4419,0.9754,2120.627,2174.153,0.0
2026-09-27 11:00:00,4.703e-05,94609.178,8026608480.869244,1.2336,0.5523,0.4477,0.9952,1060.097,1065.239,0.0
2026-09-27 12:00:00,4.703e-05,94565.256,8024571211.02,1.2326,0.5521,0.4479,0.7808,708.54,907.425,0.0
2026-09-27 13:00:00,4.703e-05,94651.644,8022143296.2336,1.2247,0.5505,0.4495,1.0706,3227.529,3014.721,0.0
2026-09-27 14:00:00,4.703e-05,95004.228,8074592244.361047,1.207,0.5469,0.4531,0.7052,2377.604,3371.739,0.0
2026-09-27 15:00:00,4.703e-05,94609.658,7993664115.66297,1.2168,0.5489,0.4511,0.7933,2366.849,2983.417,0.0
2026-09-27 16:00:00,1.051e-05,94511.043,7979283827.361,1.2326,0.5521,0.4479,0.9619,1447.532,1504.89,0.0
2026-09-27 17:00:00,1.051e-05,94393.03,7966299766.85,1.2391,0.5534,0.4466,1.0853,1013.06,933.429,0.0
2026-09-27 18:00:00,1.051e-05,94350.085,7975875000.466499,1.2502,0.5556,0.4444,1.2969,1356.422,1045.932,0.0
2026-09-27 19:00:00,1.051e-05,94156.108,7982902943.652058,1.2558,0.5567,0.4433,0.5756,806.218,1400.661,0.0
2026-09-27 20:00:00,1.051e-05,94711.258,8021758942.524031,1.1901,0.5434,0.4566,0.561,590.867,1053.287,0.0
2026-09-27 21:00:00,1.051e-05,94736.375,8005972104.862499,1.1863,0.5426,0.4574,0.9836,979.429,995.787,0.0
2026-09-27 22:00:00,1.051e-05,94677.579,8013672688.416274,1.1697,0.5391,0.4609,0.9869,2264.244,2294.359,0.0
2026-09-27 23:00:00,1.051e-05,94512.546,7953788369.9214,1.1631,0.5377,0.4623,1.0121,1900.668,1877.869,0.0
2026-09-28 00:00:00,1.987e-05,94143.007,7948776510.031,1.1678,0.5387,0.4613,0.9539,4444.36,4659.093,0.0
2026-09-28 01:00:00,1.987e-05,94626.201,7957938084.613229,1.164,0.5379,0.4621,0.834,4097.091,4912.613,0.0
2026-09-28 02:00:00,1.987e-05,95128.035,7957912199.609964,1.1697,0.5391,0.4609,0.8937,3256.014,3643.494,0.0
2026-09-28 03:00:00,1.987e-05,95265.097,7943051363.7048,1.192,0.5438,0.4562,0.7627,3069.548,4024.82,0.0
2026-09-28 04:00:00,1.987e-05,95878.962,7986957232.005,1.2158,0.5487,0.4513,1.2138,1720.598,1417.486,0.0
2026-09-28 05:00:00,1.987e-05,95841.605,7997706433.611746,1.2437,0.5543,0.4457,0.7869,5616.88,7138.411,0.0
2026-09-28 06:00:00,1.987e-05,95611.76,7949863807.710878,1.2676,0.559,0.441,1.2586,2467.39,1960.35,0.0
2026-09-28 07:00:00,1.987e-05,95582.478,7945424490.498453,1.2805,0.5615,0.4385,1.1703,2596.335,2218.47,0.0
2026-09-28 08:00:00,1.987e-05,95957.058,7957378479.533047,1.2883,0.563,0.437,0.8442,2676.042,3170.042,0.0
2026-09-28 09:00:00,1.987e-05,95568.874,7925673828.827542,1.3031,0.5658,0.4342,1.0286,3614.628,3514.113,0.0
2026-09-28 10:00:00,1.987e-05,95961.038,7930220180.32,1.3026,0.5657,0.4343,1.4843,2895.195,1950.523,0.0
2026-09-28 11:00:00,1.987e-05,96341.633,7989656535.948238,1.3326,0.5713,0.4287,1.1623,1877.012,1614.943,0.0
2026-09-28 12:00:00,1.987e-05,96244.199,7993504201.4256,1.3602,0.5763,0.4237,1.0016,5134.5,5126.389,0.0
2026-09-28 13:00:00,1.987e-05,95252.548,7956483435.4592,1.3849,0.5807,0.4193,0.9837,4192.067,4261.404,0.0
2026-09-28 14:00:00,1.987e-05,95190.571,7958797969.7961,1.3452,0.5736,0.4264,0.7215,5653.926,7836.109,0.0
2026-09-28 15:00:00,1.987e-05,95100.669,7892204808.905101,1.3419,0.573,0.427,0.7769,3435.903,4422.81,0.0
2026-09-28 16:00:00,1.987e-05,94892.447,7910292897.553358,1.3574,0.5758,0.4242,1.1825,7453.957,6303.65,0.0
2026-09-28 17:00:00,1.987e-05,94067.876,7870790879.9464,1.343,0.5732,0.4268,1.2642,4610.725,3647.044,0.0
2026-09-28 18:00:00,1.987e-05,93253.927,7818026068.754568,1.3552,0.5754,0.4246,0.8817,1100.034,1247.687,0.0
2026-09-28 19:00:00,1.987e-05,93118.543,7822418980.874651,1.3485,0.5742,0.4258,0.7578,2571.641,3393.338,0.0
2026-09-28 20:00:00,1.987e-05,92905.981,7744086102.995505,1.3607,0.5764,0.4236,0.9204,1016.939,1104.902,0.0
2026-09-28 21:00:00,1.987e-05,93015.012,7767009014.237965,1.3646,0.5771,0.4229,0.9837,1146.833,1165.846,0.0
2026-09-28 22:00:00,1.987e-05,92718.998,7711995377.648,1.3618,0.5766,0.4234,1.2673,1213.988,957.945,0.0
2026-09-28 23:00:00,1.987e-05,92716.085,7743118937.515501,1.3725,0.5785,0.4215,0.6566,747.213,1138.043,0.0
2026-09-29 00:00:00,3.836e-05,92799.765,7745170466.6415,1.3607,0.5764,0.4236,1.0043,1496.662,1490.226,0.0
2026-09-29 01:00:00,3.836e-05,92837.852,7719354278.950519,1.3691,0.5779,0.4221,1.0514,3384.452,3218.866,0.0
2026-09-29 02:00:00,3.836e-05,93041.492,7725229124.08179,1.3866,0.581,0.419,0.9003,1285.085,1427.403,0.0
2026-09-29 03:00:00,3.836e-05,93043.92,7717301016.347445,1.3929,0.5821,0.4179,0.8813,1407.627,1597.203,0.0
2026-09-29 04:00:00,3.836e-05,92977.008,7720748378.981224,1.3952,0.5825,0.4175,1.1033,930.701,843.524,0.0
2026-09-29 05:00:00,3.836e-05,92957.178,7730858074.1124,1.4015,0.5836,0.4164,1.2998,1684.598,1296.065,0.0
2026-09-29 06:00:00,3.836e-05,92939.44,7751019180.784,1.4166,0.5862,0.4138,1.2865,4161.196,3234.544,0.0
2026-09-29 07:00:00,3.836e-05,92955.195,7804973652.6555,1.3321,0.5712,0.4288,0.856,2636.128,3079.594,0.0
2026-09-29 08:00:00,6.798e-05,92770.696,7787812340.0424,1.2952,0.5643,0.4357,0.7916,2691.233,3399.765,0.0
2026-09-29 09:00:00,6.798e-05,93039.683,7800716837.800701,1.2584,0.5572,0.4428,1.3765,3148.009,2286.94,0.0
2026-09-29 10:00:00,6.798e-05,93533.893,7876872618.4913,1.2381,0.5532,0.4468,0.7183,1552.682,2161.664,0.0
2026-09-29 11:00:00,6.798e-05,93332.197,7839027383.606941,1.2202,0.5496,0.4504,1.2682,2939.068,2317.547,0.0
2026-09-29 12:00:00,6.798e-05,93171.78,7855561303.472041,1.2401,0.5536,0.4464,1.009,2484.162,2462.072,0.0
2026-09-29 13:00:00,6.798e-05,93117.601,7848985461.600437,1.2297,0.5515,0.4485,0.8102,3378.422,4169.897,0.0
2026-09-29 14:00:00,6.798e-05,93142.83,7840204572.42,1.2207,0.5497,0.4503,0.982,3820.29,3890.493,0.0
2026-09-29 15:00:00,6.798e-05,93051.883,7789205015.217659,1.2406,0.5537,0.4463,0.9965,9832.969,9867.248,0.0
2026-09-29 16:00:00,1.399e-05,93116.388,7731556123.6668,1.3838,0.5805,0.4195,0.8975,3528.99,3931.994,0.0
2026-09-29 17:00:00,1.399e-05,93392.624,7753969579.748982,1.4172,0.5863,0.4137,1.2532,2154.823,1719.495,0.0
2026-09-29 18:00:00,1.399e-05,93306.342,7748401236.1692,1.4319,0.5888,0.4112,1.3452,3310.667,2461.076,0.0
2026-09-29 19:00:00,1.399e-05,93141.785,7787957210.99,1.4096,0.585,0.415,0.6705,1584.332,2363.065,0.0
2026-09-29 20:00:00,1.399e-05,92548.14,7732024239.992006,1.3901,0.5816,0.4184,1.1872,600.648,505.949,0.0
2026-09-29 21:00:00,1.399e-05,92581.406,7737981687.9018,1.3929,0.5821,0.4179,0.6422,961.554,1497.363,0.0
2026-09-29 22:00:00,1.399e-05,92695.527,7737336224.599653,1.3935,0.5822,0.4178,1.4329,1253.42,874.732,0.0
2026-09-29 23:00:00,1.399e-05,92755.575,7752047180.625,1.3872,0.5811,0.4189,1.5024,1630.137,1085.014,0.0
2026-09-30 00:00:00,7.697e-05,92473.81,7733076124.345,1.3832,0.5804,0.4196,0.8621,1145.132,1328.251,0.0
2026-09-30 01:00:00,7.697e-05,92688.149,7731798746.693576,1.3714,0.5783,0.4217,1.1821,952.519,805.769,0.0
2026-09-30 02:00:00,7.697e-05,92815.344,7742041277.812379,1.3725,0.5785,0.4215,0.8513,1252.223,1470.909,0.0
2026-09-30 03:00:00,7.697e-05,92996.287,7751128925.9056,1.381,0.58,0.42,0.7835,1028.363,1312.511,0.0
2026-09-30 04:00:00,7.697e-05,92897.624,7735675698.736094,1.3849,0.5807,0.4193,0.7631,688.988,902.848,0.0
2026-09-30 05:00:00,7.697e-05,93050.769,7739123473.518694,1.3935,0.5822,0.4178,1.3171,1357.352,1030.582,0.0
2026-09-30 06:00:00,7.697e-05,92920.092,7744638783.9516,1.3935,0.5822,0.4178,0.7981,1981.805,2483.231,0.0
2026-09-30 07:00:00,7.697e-05,93218.752,7737529291.008,1.4166,0.5862,0.4138,0.7931,2197.823,2771.106,0.0
2026-09-30 08:00:00,-2.44e-06,93361.323,7773228123.4581585,1.416,0.5861,0.4139,0.6661,1778.623,2670.333,0.0
2026-09-30 09:00:00,-2.44e-06,93935.451,7798885375.370128,1.4378,0.5898,0.4102,1.3041,4057.25,3111.07,0.0
2026-09-30 10:00:00,-2.44e-06,93554.333,7820739955.168099,1.416,0.5861,0.4139,1.3521,3544.062,2621.181,0.0
2026-09-30 11:00:00,-2.44e-06,94369.844,7915820866.308783,1.3804,0.5799,0.4201,0.701,2482.007,3540.767,0.0
2026-09-30 12:00:00,-2.44e-06,93886.43,7875796413.558535,1.343,0.5732,0.4268,1.3277,17970.973,13535.516,0.0
2026-09-30 13:00:00,-2.44e-06,96209.484,8203046907.278158,1.1777,0.5408,0.4592,0.9078,16322.089,17979.978,0.0
2026-09-30 14:00:00,-2.44e-06,93441.576,7904064063.1608,1.1801,0.5413,0.4587,0.9985,12334.334,12353.047,0.0
2026-09-30 15:00:00,-2.44e-06,93521.778,7833608577.5472,1.3057,0.5663,0.4337,0.9438,5314.771,5631.257,0.0
2026-09-30 16:00:00,-2.44e-06,94891.695,7980856518.805501,1.2868,0.5627,0.4373,0.8594,2729.374,3176.015,0.0
2026-09-30 17:00:00,-2.44e-06,94519.762,7969745648.2446,1.2738,0.5602,0.4398,0.7457,2032.971,2726.437,0.0
2026-09-30 18:00:00,-2.44e-06,94869.019,7970714725.243901,1.2609,0.5577,0.4423,1.0161,1570.057,1545.249,0.0
2026-09-30 19:00:00,-2.44e-06,94843.526,7958699640.764,1.264,0.5583,0.4417,1.0346,3132.72,3027.821,0.0
2026-09-30 20:00:00,-2.44e-06,95618.302,7991161554.930586,1.3041,0.566,0.434,1.2349,1462.505,1184.282,0.0
2026-09-30 21:00:00,-2.44e-06,95484.62,7986162176.097399,1.3175,0.5685,0.4315,1.3272,732.007,551.562,0.0
2026-09-30 22:00:00,-2.44e-06,95389.732,7986018824.0668,1.3267,0.5702,0.4298,0.8274,746.788,902.561,0.0
2026-09-30 23:00:00,-2.44e-06,95424.913,7982303595.153573,1.3321,0.5712,0.4288,1.0454,1719.031,1644.353,0.0
2026-10-01 00:00:00,-2.44e-06,95419.199,7975450876.830795,1.3474,0.574,0.426,0.8736,1456.661,1667.33,0.0
2026-10-01 01:00:00,-2.44e-06,95588.283,7978622205.249526,1.348,0.5741,0.4259,1.01,1204.697,1192.766,0.0
2026-10-01 02:00:00,-2.44e-06,95582.599,7978584166.50691,1.3674,0.5776,0.4224,0.8568,1257.306,1467.466,0.0
2026-10-01 03:00:00,-2.44e-06,95640.573,7981808352.459901,1.3804,0.5799,0.4201,1.1066,1470.213,1328.576,0.0
2026-10-01 04:00:00,-2.44e-06,95730.667,8014475710.573,1.3952,0.5825,0.4175,1.4407,3372.373,2340.715,0.0
2026-10-01 05:00:00,-2.44e-06,95740.333,8048889795.31,1.4079,0.5847,0.4153,0.8767,2144.431,2445.998,0.0
2026-10-01 06:00:00,-2.44e-06,95870.729,8078067625.54,1.377,0.5793,0.4207,0.5981,1232.066,2059.883,0.0
2026-10-01 07:00:00,-2.44e-06,95774.575,8053043784.395204,1.3596,0.5762,0.4238,1.1086,6066.332,5472.124,0.0
2026-10-01 08:00:00,-2.44e-06,96159.977,8017972738.2232,1.4248,0.5876,0.4124,0.8587,3867.277,4503.511,0.0
2026-10-01 09:00:00,-2.44e-06,96148.266,8030793532.4766,1.4673,0.5947,0.4053,1.0318,2394.174,2320.468,0.0
2026-10-01 10:00:00,-2.44e-06,95654.084,8010455610.496,1.4402,0.5902,0.4098,0.9591,3100.219,3232.526,0.0
2026-10-01 11:00:00,-2.44e-06,95453.11,8011614080.333506,1.4295,0.5884,0.4116,0.9058,1577.137,1741.238,0.0
2026-10-01 12:00:00,-2.44e-06,95344.476,7997323026.8232,1.4201,0.5868,0.4132,0.7867,1858.014,2361.634,0.0
2026-10-01 13:00:00,-2.44e-06,95676.733,8009011178.27973,1.3964,0.5827,0.4173,0.8677,5466.558,6299.8,0.0
2026-10-01 14:00:00,-2.44e-06,96454.036,8094596318.3848,1.3381,0.5723,0.4277,1.0663,6143.65,5761.586,0.0
2026-10-01 15:00:00,-2.44e-06,96705.399,8124404310.248099,1.2899,0.5633,0.4367,1.0528,4975.156,4725.538,0.0
2026-10-01 16:00:00,-2.44e-06,97239.703,8180428404.588314,1.2614,0.5578,0.4422,1.0435,4750.651,4552.473,0.0
2026-10-01 17:00:00,-2.44e-06,98166.93,8262268746.915,1.1829,0.5419,0.4581,1.1166,7982.238,7148.735,0.0
2026-10-01 18:00:00,-2.44e-06,98636.111,8371764254.939629,1.0751,0.5181,0.4819,0.8817,4592.791,5208.826,0.0
2026-10-01 19:00:00,-2.44e-06,97706.346,8282068648.0554,1.0509,0.5124,0.4876,0.8701,1966.011,2259.537,0.0
2026-10-01 20:00:00,-2.44e-06,97257.596,8229065637.170699,1.0454,0.5111,0.4889,0.8591,1270.933,1479.415,0.0
2026-10-01 21:00:00,-2.44e-06,97206.13,8222369688.197358,1.0454,0.5111,0.4889,0.9194,740.608,805.501,0.0
2026-10-01 22:00:00,-2.44e-06,97021.651,8200166649.61457,1.0379,0.5093,0.4907,0.9976,1006.182,1008.612,0.0
2026-10-01 23:00:00,-2.44e-06,96981.033,8215515645.158989,1.0383,0.5094,0.4906,1.3343,1073.134,804.28,0.0
2026-10-02 00:00:00,-2.44e-06,96930.762,8222597768.1552,1.0392,0.5096,0.4904,0.9996,1645.185,1645.826,0.0
2026-10-02 01:00:00,-2.44e-06,96688.796,8194472149.796,1.0362,0.5089,0.4911,0.8832,1270.023,1438.025,0.0
2026-10-02 02:00:00,-2.44e-06,96810.225,8216729926.730992,1.0239,0.5059,0.4941,1.3149,2399.619,1825.01,0.0
2026-10-02 03:00:00,-2.44e-06,97104.974,8269915979.2178,1.0153,0.5038,0.4962,1.3557,5445.444,4016.643,0.0
2026-10-02 04:00:00,-2.44e-06,98623.836,8430293600.930414,0.9689,0.4921,0.5079,1.4457,17605.722,12177.958,0.0
2026-10-02 05:00:00,-2.44e-06,100171.73,8677626540.575,0.9257,0.4807,0.5193,0.594,3879.645,6531.862,0.0
2026-10-02 06:00:00,-2.44e-06,99495.538,8553409529.694635,0.8957,0.4725,0.5275,1.0489,3133.695,2987.572,0.0
2026-10-02 07:00:00,-2.44e-06,99410.299,8544494137.5882,0.9146,0.4777,0.5223,0.8369,3357.626,4011.884,0.0
2026-10-02 08:00:00,0.0001,99669.326,8577970773.6618,0.9294,0.4817,0.5183,1.1356,4527.73,3987.043,0.0
2026-10-02 09:00:00,0.0001,99945.344,8615808368.5888,0.9131,0.4773,0.5227,1.1919,2699.212,2264.707,0.0
2026-10-02 10:00:00,0.0001,99707.082,8607394295.065859,0.9106,0.4766,0.5234,1.3634,2461.533,1805.454,0.0
2026-10-02 11:00:00,0.0001,99531.716,8584783400.24597,0.9011,0.474,0.526,1.0832,1704.32,1573.457,0.0
2026-10-02 12:00:00,0.0001,99213.957,8570070929.854385,0.8972,0.4729,0.5271,1.1808,11020.797,9333.616,0.0
2026-10-02 13:00:00,0.0001,99776.806,8657513724.4528,0.8875,0.4702,0.5298,0.8759,5710.396,6519.537,0.0
2026-10-02 14:00:00,0.0001,99721.257,8628364322.266706,0.8678,0.4646,0.5354,0.6609,10096.488,15277.894,0.0
2026-10-02 15:00:00,0.0001,96767.959,8286908028.087101,0.8744,0.4665,0.5335,1.2183,8952.238,7347.903,0.0
2026-10-02 16:00:00,1.214e-05,96446.315,8226619909.081,0.9539,0.4882,0.5118,1.0813,4474.231,4137.76,0.0
2026-10-02 17:00:00,1.214e-05,95662.99,8143828603.896,1.019,0.5047,0.4953,0.8193,7007.123,8552.362,0.0
2026-10-02 18:00:00,1.214e-05,95282.555,8076686394.302656,1.073,0.5176,0.4824,0.9403,7081.457,7531.108,0.0
2026-10-02 19:00:00,1.214e-05,95343.506,8029810383.384045,1.1066,0.5253,0.4747,1.1414,3168.164,2775.755,0.0
2026-10-02 20:00:00,1.214e-05,95638.545,8059521505.318238,1.1377,0.5322,0.4678,1.0465,5777.069,5520.221,0.0
2026-10-02 21:00:00,1.214e-05,98937.295,8352554049.925893,1.1519,0.5353,0.4647,0.9594,1461.464,1523.259,0.0
2026-10-02 22:00:00,1.214e-05,98586.874,8329933460.722203,1.164,0.5379,0.4621,1.015,1469.813,1448.108,0.0
2026-10-02 23:00:00,1.214e-05,98335.902,8310917632.280823,1.1768,0.5406,0.4594,0.8982,707.869,788.093,0.0
2026-10-03 00:00:00,1.214e-05,98184.174,8294868181.472237,1.1882,0.543,0.457,1.0028,1409.719,1405.774,0.0
2026-10-03 01:00:00,1.214e-05,98078.659,8298445145.855901,1.2163,0.5488,0.4512,0.9469,866.416,915.012,0.0
2026-10-03 02:00:00,1.214e-05,97895.498,8281953621.695608,1.2247,0.5505,0.4495,1.137,685.263,602.668,0.0
2026-10-03 03:00:00,1.214e-05,97756.945,8266331360.1160145,1.2104,0.5476,0.4524,0.8983,543.17,604.662,0.0
2026-10-03 04:00:00,1.214e-05,97618.764,8264043370.8132,1.2104,0.5476,0.4524,0.6854,662.235,966.152,0.0
2026-10-03 05:00:00,1.214e-05,97487.299,8241333256.238408,1.209,0.5473,0.4527,1.1003,403.574,366.773,0.0
2026-10-03 06:00:00,1.214e-05,97496.025,8248153965.397501,1.2095,0.5474,0.4526,0.7826,891.783,1139.455,0.0
2026-10-03 07:00:00,1.214e-05,97973.113,8281275349.438,1.2129,0.5481,0.4519,0.6751,795.665,1178.514,0.0
2026-10-03 08:00:00,3.61e-06,97724.857,8259852235.277962,1.2119,0.5479,0.4521,1.1415,471.613,413.152,0.0
2026-10-03 09:00:00,3.61e-06,97707.278,8264690296.17425,1.2109,0.5477,0.4523,0.9362,350.6,374.473,0.0
2026-10-03 10:00:00,3.61e-06,97745.007,8264493625.144787,1.2129,0.5481,0.4519,0.9693,448.768,462.964,0.0
2026-10-03 11:00:00,3.61e-06,97616.444,8257706893.8696,1.2143,0.5484,0.4516,1.4067,683.675,486.023,0.0
2026-10-03 12:00:00,3.61e-06,97532.728,8254606435.789362,1.2212,0.5498,0.4502,1.6433,2717.274,1653.518,0.0
2026-10-03 13:00:00,3.61e-06,97600.866,8281091877.069,1.2287,0.5513,0.4487,1.0886,1094.259,1005.161,0.0
2026-10-03 14:00:00,3.61e-06,97744.159,8291118963.9272995,1.2257,0.5507,0.4493,0.802,597.519,745.07,0.0
2026-10-03 15:00:00,3.61e-06,97588.261,8277288056.501864,1.2212,0.5498,0.4502,1.0711,1112.124,1038.333,0.0
2026-10-03 16:00:00,3.61e-06,97637.699,8283113722.2048,1.2217,0.5499,0.4501,0.7274,662.048,910.189,0.0
2026-10-03 17:00:00,3.61e-06,97266.197,8250705035.288574,1.2222,0.55,0.45,1.1862,1079.818,910.343,0.0
2026-10-03 18:00:00,3.61e-06,97100.457,8250780999.227272,1.2346,0.5525,0.4475,0.8877,559.866,630.661,0.0
2026-10-03 19:00:00,3.61e-06,97118.362,8245466286.772721,1.2272,0.551,0.449,0.6086,798.983,1312.837,0.0
2026-10-03 20:00:00,3.61e-06,96744.273,8203391931.3258,1.2173,0.549,0.451,0.8153,800.593,981.966,0.0
2026-10-03 21:00:00,3.61e-06,97186.197,8231670885.9,1.2222,0.55,0.45,0.6236,1220.633,1957.505,0.0
2026-10-03 22:00:00,3.61e-06,97412.187,8248121500.411992,1.2153,0.5486,0.4514,1.2651,647.781,512.045,0.0
2026-10-03 23:00:00,3.61e-06,97306.017,8244466363.5624,1.2173,0.549,0.451,0.7478,1313.558,1756.648,0.0
2026-10-04 00:00:00,-1.346e-05,97927.845,8295530161.920557,1.2188,0.5493,0.4507,1.2141,1260.927,1038.553,0.0
2026-10-04 01:00:00,-1.346e-05,97065.875,8227012367.375,1.2202,0.5496,0.4504,1.1013,346.161,314.316,0.0
2026-10-04 02:00:00,-1.346e-05,97028.087,8224576091.746301,1.2207,0.5497,0.4503,0.692,302.056,436.482,0.0
2026-10-04 03:00:00,-1.346e-05,97102.589,8230891246.326099,1.2212,0.5498,0.4502,1.0775,294.264,273.091,0.0
2026-10-04 04:00:00,-1.346e-05,97176.65,8240575930.82855,1.2237,0.5503,0.4497,0.9162,114.868,125.379,0.0
2026-10-04 05:00:00,-1.346e-05,97224.756,8241995350.4856,1.2257,0.5507,0.4493,1.4364,625.578,435.511,0.0
2026-10-04 06:00:00,-1.346e-05,97469.297,8272810120.447658,1.2297,0.5515,0.4485,1.4364,625.578,435.511,0.0
2026-10-04 07:00:00,-1.346e-05,97469.297,8272810120.447658,1.2297,0.5515,0.4485,1.4364,625.578,435.511,0.0
2026-10-04 08:00:00,-1.346e-05,97469.297,8272810120.447658,1.2297,0.5515,0.4485,1.4364,625.578,435.511,0.0
2026-10-04 09:00:00,-1.346e-05,97469.297,8272810120.447658,1.2297,0.5515,0.4485,1.4364,625.578,435.511,0.0
2026-10-04 10:00:00,-1.346e-05,97469.297,8272810120.447658,1.2297,0.5515,0.4485,1.4364,625.578,435.511,0.0
2026-10-04 11:00:00,-1.346e-05,97469.297,8272810120.447658,1.2297,0.5515,0.4485,1.4364,625.578,435.511,0.0
2026-10-04 12:00:00,-1.346e-05,97469.297,8272810120.447658,1.2297,0.5515,0.4485,1.4364,625.578,435.511,0.0
2026-10-04 13:00:00,-1.346e-05,97469.297,8272810120.447658,1.2297,0.5515,0.4485,1.4364,625.578,435.511,0.0
2026-10-04 14:00:00,-1.346e-05,97469.297,8272810120.447658,1.2297,0.5515,0.4485,1.4364,625.578,435.511,0.0
2026-10-04 15:00:00,-1.346e-05,97469.297,8272810120.447658,1.2297,0.5515,0.4485,1.4364,625.578,435.511,0.0
2026-10-04 16:00:00,-1.346e-05,97469.297,8272810120.447658,1.2297,0.5515,0.4485,1.4364,625.578,435.511,0.0
2026-10-04 17:00:00,-1.346e-05,97469.297,8272810120.447658,1.2297,0.5515,0.4485,1.4364,625.578,435.511,0.0
2026-10-04 18:00:00,-1.346e-05,97469.297,8272810120.447658,1.2297,0.5515,0.4485,1.4364,625.578,435.511,0.0
2026-10-04 19:00:00,-1.346e-05,97469.297,8272810120.447658,1.2297,0.5515,0.4485,1.4364,625.578,435.511,0.0
2026-10-04 20:00:00,-1.346e-05,97469.297,8272810120.447658,1.2297,0.5515,0.4485,1.4364,625.578,435.511,0.0
2026-10-04 21:00:00,-1.346e-05,97469.297,8272810120.447658,1.2297,0.5515,0.4485,1.4364,625.578,435.511,0.0
2026-10-04 22:00:00,-1.346e-05,97469.297,8272810120.447658,1.2297,0.5515,0.4485,1.4364,625.578,435.511,0.0
2026-10-04 23:00:00,-1.346e-05,97469.297,8272810120.447658,1.2297,0.5515,0.4485,1.4364,625.578,435.511,0.0
2026-10-05 00:00:00,-1.346e-05,97469.297,8272810120.447658,1.2297,0.5515,0.4485,1.4364,625.578,435.511,0.0
2026-10-05 01:00:00,-1.346e-05,97469.297,8272810120.447658,1.2297,0.5515,0.4485,1.4364,625.578,435.511,0.0
2026-10-05 02:00:00,-1.346e-05,97469.297,8272810120.447658,1.2297,0.5515,0.4485,1.4364,625.578,435.511,0.0
2026-10-05 03:00:00,-1.346e-05,97469.297,8272810120.447658,1.2297,0.5515,0.4485,1.4364,625.578,435.511,0.0
2026-10-05 04:00:00,-1.346e-05,97469.297,8272810120.447658,1.2297,0.5515,0.4485,1.4364,625.578,435.511,0.0
2026-10-05 05:00:00,-1.346e-05,97469.297,8272810120.447658,1.2297,0.5515,0.4485,1.4364,625.578,435.511,0.0
2026-10-05 06:00:00,-1.346e-05,97469.297,8272810120.447658,1.2297,0.5515,0.4485,1.4364,625.578,435.511,0.0
2026-10-05 07:00:00,-1.346e-05,97469.297,8272810120.447658,1.2297,0.5515,0.4485,1.4364,625.578,435.511,0.0
2026-10-05 08:00:00,-1.346e-05,97469.297,8272810120.447658,1.2297,0.5515,0.4485,1.4364,625.578,435.511,0.0
2026-10-05 09:00:00,-1.346e-05,97469.297,8272810120.447658,1.2297,0.5515,0.4485,1.4364,625.578,435.511,0.0
2026-10-05 10:00:00,-1.346e-05,97469.297,8272810120.447658,1.2297,0.5515,0.4485,1.4364,625.578,435.511,0.0
2026-10-05 11:00:00,-1.346e-05,97469.297,8272810120.447658,1.2297,0.5515,0.4485,1.4364,625.578,435.511,0.0
2026-10-05 12:00:00,-1.346e-05,97469.297,8272810120.447658,1.2297,0.5515,0.4485,1.4364,625.578,435.511,0.0
2026-10-05 13:00:00,-1.346e-05,97469.297,8272810120.447658,1.2297,0.5515,0.4485,1.4364,625.578,435.511,0.0
2026-10-05 14:00:00,-1.346e-05,97469.297,8272810120.447658,1.2297,0.5515,0.4485,1.4364,625.578,435.511,0.0
2026-10-05 15:00:00,-1.346e-05,97469.297,8272810120.447658,1.2297,0.5515,0.4485,1.4364,625.578,435.511,0.0
2026-10-05 16:00:00,-1.346e-05,97469.297,8272810120.447658,1.2297,0.5515,0.4485,1.4364,625.578,435.511,0.0
2026-10-05 17:00:00,-1.346e-05,97469.297,8272810120.447658,1.2297,0.5515,0.4485,1.4364,625.578,435.511,0.0
2026-10-05 18:00:00,-1.346e-05,97469.297,8272810120.447658,1.2297,0.5515,0.4485,1.4364,625.578,435.511,0.0
2026-10-05 19:00:00,-1.346e-05,97469.297,8272810120.447658,1.2297,0.5515,0.4485,1.4364,625.578,435.511,0.0
2026-10-05 20:00:00,-1.346e-05,97469.297,8272810120.447658,1.2297,0.5515,0.4485,1.4364,625.578,435.511,0.0
2026-10-05 21:00:00,-1.346e-05,97469.297,8272810120.447658,1.2297,0.5515,0.4485,1.4364,625.578,435.511,0.0
2026-10-05 22:00:00,-1.346e-05,97469.297,8272810120.447658,1.2297,0.5515,0.4485,1.4364,625.578,435.511,0.0
2026-10-05 23:00:00,-1.346e-05,97469.297,8272810120.447658,1.2297,0.5515,0.4485,1.4364,625.578,435.511,0.0
2026-10-06 00:00:00,-1.346e-05,97469.297,8272810120.447658,1.2297,0.5515,0.4485,1.4364,625.578,435.511,0.0
2026-10-06 01:00:00,-1.346e-05,97469.297,8272810120.447658,1.2297,0.5515,0.4485,1.4364,625.578,435.511,0.0
2026-10-06 02:00:00,-1.346e-05,97469.297,8272810120.447658,1.2297,0.5515,0.4485,1.4364,625.578,435.511,0.0
2026-10-06 03:00:00,-1.346e-05,97469.297,8272810120.447658,1.2297,0.5515,0.4485,1.4364,625.578,435.511,0.0
2026-10-06 04:00:00,-1.346e-05,97469.297,8272810120.447658,1.2297,0.5515,0.4485,1.4364,625.578,435.511,0.0
2026-10-06 05:00:00,-1.346e-05,97469.297,8272810120.447658,1.2297,0.5515,0.4485,1.4364,625.578,435.511,0.0
2026-10-06 06:00:00,-1.346e-05,97469.297,8272810120.447658,1.2297,0.5515,0.4485,1.4364,625.578,435.511,0.0
2026-10-06 07:00:00,-1.346e-05,97469.297,8272810120.447658,1.2297,0.5515,0.4485,1.4364,625.578,435.511,0.0
2026-10-06 08:00:00,-1.346e-05,97469.297,8272810120.447658,1.2297,0.5515,0.4485,1.4364,625.578,435.511,0.0
2026-10-06 09:00:00,-1.346e-05,97469.297,8272810120.447658,1.2297,0.5515,0.4485,1.4364,625.578,435.511,0.0
2026-10-06 10:00:00,-1.346e-05,97469.297,8272810120.447658,1.2297,0.5515,0.4485,1.4364,625.578,435.511,0.0
2026-10-06 11:00:00,-1.346e-05,97469.297,8272810120.447658,1.2297,0.5515,0.4485,1.4364,625.578,435.511,0.0
2026-10-06 12:00:00,-1.346e-05,97469.297,8272810120.447658,1.2297,0.5515,0.4485,1.4364,625.578,435.511,0.0
2026-10-06 13:00:00,-1.346e-05,97469.297,8272810120.447658,1.2297,0.5515,0.4485,1.4364,625.578,435.511,0.0
2026-10-06 14:00:00,-1.346e-05,97469.297,8272810120.447658,1.2297,0.5515,0.4485,1.4364,625.578,435.511,0.0
2026-10-06 15:00:00,-1.346e-05,97469.297,8272810120.447658,1.2297,0.5515,0.4485,1.4364,625.578,435.511,0.0
2026-10-06 16:00:00,-1.346e-05,97469.297,8272810120.447658,1.2297,0.5515,0.4485,1.4364,625.578,435.511,0.0
2026-10-06 17:00:00,-1.346e-05,97469.297,8272810120.447658,1.2297,0.5515,0.4485,1.4364,625.578,435.511,0.0
2026-10-06 18:00:00,-1.346e-05,97469.297,8272810120.447658,1.2297,0.5515,0.4485,1.4364,625.578,435.511,0.0
2026-10-06 19:00:00,-1.346e-05,97469.297,8272810120.447658,1.2297,0.5515,0.4485,1.4364,625.578,435.511,0.0
2026-10-06 20:00:00,-1.346e-05,97469.297,8272810120.447658,1.2297,0.5515,0.4485,1.4364,625.578,435.511,0.0
2026-10-06 21:00:00,-1.346e-05,97469.297,8272810120.447658,1.2297,0.5515,0.4485,1.4364,625.578,435.511,0.0
2026-10-06 22:00:00,-1.346e-05,97469.297,8272810120.447658,1.2297,0.5515,0.4485,1.4364,625.578,435.511,0.0
2026-10-06 23:00:00,-1.346e-05,97469.297,8272810120.447658,1.2297,0.5515,0.4485,1.4364,625.578,435.511,0.0
2026-10-07 00:00:00,-1.346e-05,97469.297,8272810120.447658,1.2297,0.5515,0.4485,1.4364,625.578,435.511,0.0
2026-10-07 01:00:00,-1.346e-05,97469.297,8272810120.447658,1.2297,0.5515,0.4485,1.4364,625.578,435.511,0.0
2026-10-07 02:00:00,-1.346e-05,97469.297,8272810120.447658,1.2297,0.5515,0.4485,1.4364,625.578,435.511,0.0
2026-10-07 03:00:00,-1.346e-05,97469.297,8272810120.447658,1.2297,0.5515,0.4485,1.4364,625.578,435.511,0.0
2026-10-07 04:00:00,-1.346e-05,97469.297,8272810120.447658,1.2297,0.5515,0.4485,1.4364,625.578,435.511,0.0
2026-10-07 05:00:00,-1.346e-05,97469.297,8272810120.447658,1.2297,0.5515,0.4485,1.4364,625.578,435.511,0.0
2026-10-07 06:00:00,-1.346e-05,97469.297,8272810120.447658,1.2297,0.5515,0.4485,1.4364,625.578,435.511,0.0
2026-10-07 07:00:00,-1.346e-05,97469.297,8272810120.447658,1.2297,0.5515,0.4485,1.4364,625.578,435.511,0.0
2026-10-07 08:00:00,-1.346e-05,97469.297,8272810120.447658,1.2297,0.5515,0.4485,1.4364,625.578,435.511,0.0
2026-10-07 09:00:00,-1.346e-05,97469.297,8272810120.447658,1.2297,0.5515,0.4485,1.4364,625.578,435.511,0.0
2026-10-07 10:00:00,-1.346e-05,97469.297,8272810120.447658,1.2297,0.5515,0.4485,1.4364,625.578,435.511,0.0
2026-10-07 11:00:00,-1.346e-05,97469.297,8272810120.447658,1.2297,0.5515,0.4485,1.4364,625.578,435.511,0.0
2026-10-07 12:00:00,-1.346e-05,97469.297,8272810120.447658,1.2297,0.5515,0.4485,1.4364,625.578,435.511,0.0
2026-10-07 13:00:00,-1.346e-05,97469.297,8272810120.447658,1.2297,0.5515,0.4485,1.4364,625.578,435.511,0.0
2026-10-07 14:00:00,-1.346e-05,97469.297,8272810120.447658,1.2297,0.5515,0.4485,1.4364,625.578,435.511,0.0
2026-10-07 15:00:00,-1.346e-05,97469.297,8272810120.447658,1.2297,0.5515,0.4485,1.4364,625.578,435.511,0.0
2026-10-07 16:00:00,-1.346e-05,97469.297,8272810120.447658,1.2297,0.5515,0.4485,1.4364,625.578,435.511,0.0
2026-10-07 17:00:00,-1.346e-05,97469.297,8272810120.447658,1.2297,0.5515,0.4485,1.4364,625.578,435.511,0.0
2026-10-07 18:00:00,-1.346e-05,97469.297,8272810120.447658,1.2297,0.5515,0.4485,1.4364,625.578,435.511,0.0
2026-10-07 19:00:00,-1.346e-05,97469.297,8272810120.447658,1.2297,0.5515,0.4485,1.4364,625.578,435.511,0.0
2026-10-07 20:00:00,-1.346e-05,97469.297,8272810120.447658,1.2297,0.5515,0.4485,1.4364,625.578,435.511,0.0
2026-10-07 21:00:00,-1.346e-05,97469.297,8272810120.447658,1.2297,0.5515,0.4485,1.4364,625.578,435.511,0.0
2026-10-07 22:00:00,-1.346e-05,97469.297,8272810120.447658,1.2297,0.5515,0.4485,1.4364,625.578,435.511,0.0
2026-10-07 23:00:00,-1.346e-05,97469.297,8272810120.447658,1.2297,0.5515,0.4485,1.4364,625.578,435.511,0.0
2026-10-08 00:00:00,-1.346e-05,97469.297,8272810120.447658,1.2297,0.5515,0.4485,1.4364,625.578,435.511,0.0
2026-10-08 01:00:00,-1.346e-05,97469.297,8272810120.447658,1.2297,0.5515,0.4485,1.4364,625.578,435.511,0.0
2026-10-08 02:00:00,-1.346e-05,97469.297,8272810120.447658,1.2297,0.5515,0.4485,1.4364,625.578,435.511,0.0
2026-10-08 03:00:00,-1.346e-05,97469.297,8272810120.447658,1.2297,0.5515,0.4485,1.4364,625.578,435.511,0.0
2026-10-08 04:00:00,-1.346e-05,97469.297,8272810120.447658,1.2297,0.5515,0.4485,1.4364,625.578,435.511,0.0
2026-10-08 05:00:00,-1.346e-05,97469.297,8272810120.447658,1.2297,0.5515,0.4485,1.4364,625.578,435.511,0.0
2026-10-08 06:00:00,-1.346e-05,97469.297,8272810120.447658,1.2297,0.5515,0.4485,1.4364,625.578,435.511,0.0
2026-10-08 07:00:00,-1.346e-05,97469.297,8272810120.447658,1.2297,0.5515,0.4485,1.4364,625.578,435.511,0.0
2026-10-08 08:00:00,-1.346e-05,97469.297,8272810120.447658,1.2297,0.5515,0.4485,1.4364,625.578,435.511,0.0
2026-10-08 09:00:00,-1.346e-05,97469.297,8272810120.447658,1.2297,0.5515,0.4485,1.4364,625.578,435.511,0.0
2026-10-08 10:00:00,-1.346e-05,97469.297,8272810120.447658,1.2297,0.5515,0.4485,1.4364,625.578,435.511,0.0
2026-10-08 11:00:00,-1.346e-05,97469.297,8272810120.447658,1.2297,0.5515,0.4485,1.4364,625.578,435.511,0.0
2026-10-08 12:00:00,-1.346e-05,97469.297,8272810120.447658,1.2297,0.5515,0.4485,1.4364,625.578,435.511,0.0
2026-10-08 13:00:00,-1.346e-05,97469.297,8272810120.447658,1.2297,0.5515,0.4485,1.4364,625.578,435.511,0.0
2026-10-08 14:00:00,-1.346e-05,97469.297,8272810120.447658,1.2297,0.5515,0.4485,1.4364,625.578,435.511,0.0
2026-10-08 15:00:00,-1.346e-05,97469.297,8272810120.447658,1.2297,0.5515,0.4485,1.4364,625.578,435.511,0.0
2026-10-08 16:00:00,-1.346e-05,97469.297,8272810120.447658,1.2297,0.5515,0.4485,1.4364,625.578,435.511,0.0
2026-10-08 17:00:00,-1.346e-05,97469.297,8272810120.447658,1.2297,0.5515,0.4485,1.4364,625.578,435.511,0.0
2026-10-08 18:00:00,-1.346e-05,97469.297,8272810120.447658,1.2297,0.5515,0.4485,1.4364,625.578,435.511,0.0
2026-10-08 19:00:00,-1.346e-05,97469.297,8272810120.447658,1.2297,0.5515,0.4485,1.4364,625.578,435.511,0.0
2026-10-08 20:00:00,-1.346e-05,97469.297,8272810120.447658,1.2297,0.5515,0.4485,1.4364,625.578,435.511,1.0
2026-10-08 21:00:00,-1.346e-05,97469.297,8272810120.447658,1.2297,0.5515,0.4485,1.4364,625.578,435.511,2.0
2026-10-08 22:00:00,-1.346e-05,97469.297,8272810120.447658,1.2297,0.5515,0.4485,1.4364,625.578,435.511,3.0
2026-10-08 23:00:00,-1.346e-05,97469.297,8272810120.447658,1.2297,0.5515,0.4485,1.4364,625.578,435.511,4.0
2026-10-09 00:00:00,-1.346e-05,97469.297,8272810120.447658,1.2297,0.5515,0.4485,1.4364,625.578,435.511,5.0
2026-10-09 01:00:00,-1.346e-05,97469.297,8272810120.447658,1.2297,0.5515,0.4485,1.4364,625.578,435.511,6.0
2026-10-09 02:00:00,-1.346e-05,97469.297,8272810120.447658,1.2297,0.5515,0.4485,1.4364,625.578,435.511,7.0
2026-10-09 03:00:00,-1.346e-05,97469.297,8272810120.447658,1.2297,0.5515,0.4485,1.4364,625.578,435.511,8.0
2026-10-09 04:00:00,-1.346e-05,97469.297,8272810120.447658,1.2297,0.5515,0.4485,1.4364,625.578,435.511,9.0
2026-10-09 05:00:00,-1.346e-05,97469.297,8272810120.447658,1.2297,0.5515,0.4485,1.4364,625.578,435.511,10.0
2026-10-09 06:00:00,-1.346e-05,97469.297,8272810120.447658,1.2297,0.5515,0.4485,1.4364,625.578,435.511,11.0
2026-10-09 07:00:00,-1.346e-05,97469.297,8272810120.447658,1.2297,0.5515,0.4485,1.4364,625.578,435.511,12.0
